"Index","KernelName","gpu-id","queue-id","queue-index","pid","tid","grd","wgr","lds","scr","arch_vgpr","accum_vgpr","sgpr","wave_size","sig","obj","DispatchNs","BeginNs","EndNs","CompleteNs","DurationNs"
0,"__amd_rocclr_fillBufferAligned.kd",6,4,0,1277591,1278605,77824,256,0,0,12,4,48,64,"0x0","0x7f669bb0b580",4181338801269409,4181338801392252,4181338801403108,4181338801508635,10856
1,"__amd_rocclr_fillBufferAligned.kd",7,7,0,1277591,1278608,77824,256,0,0,12,4,48,64,"0x0","0x7f669baeb580",4181338913018007,4181338913053660,4181338913064156,4181338913130093,10496
2,"__amd_rocclr_fillBufferAligned.kd",8,5,0,1277591,1278606,77824,256,0,0,12,4,48,64,"0x0","0x7f669ba9b580",4181339030683966,4181339030722504,4181339030732118,4181339030793689,9614
3,"__amd_rocclr_fillBufferAligned.kd",2,2,0,1277591,1278603,77824,256,0,0,12,4,48,64,"0x0","0x7f669ba7b580",4181339148369613,4181339148406809,4181339148418306,4181339148483433,11497
4,"__amd_rocclr_fillBufferAligned.kd",5,1,0,1277591,1278604,77824,256,0,0,12,4,48,64,"0x0","0x7f669ba5b580",4181339266682935,4181339266720742,4181339266732599,4181339266787070,11857
5,"__amd_rocclr_fillBufferAligned.kd",3,3,0,1277591,1278607,77824,256,0,0,12,4,48,64,"0x0","0x7f669ba3b580",4181339384869378,4181339384907795,4181339384918491,4181339384969256,10696
6,"__amd_rocclr_fillBufferAligned.kd",4,6,0,1277591,1278610,77824,256,0,0,12,4,48,64,"0x0","0x7f669ba1b580",4181339393806049,4181339393845368,4181339393855904,4181339393869023,10536
7,"__amd_rocclr_fillBufferAligned.kd",9,0,0,1277591,1278609,77824,256,0,0,12,4,48,64,"0x0","0x7f5e9b9f3580",4181339399923708,4181339399972871,4181339399982085,4181339399997157,9214
8,"__amd_rocclr_fillBufferAligned.kd",2,2,1,1277591,1277591,77824,256,0,0,12,4,48,64,"0x0","0x7f669ba7b580",4181340015762614,4181340015807061,4181340015818638,4181340015837635,11577
9,"__amd_rocclr_copyBuffer.kd",2,9,2,1277591,1279025,512,512,0,0,16,0,32,64,"0x0","0x7f669ba7b600",4181340991212411,4181340991283717,4181340991289927,4181340991305048,6210
10,"__amd_rocclr_copyBuffer.kd",2,8,2,1277591,1277591,512,512,0,0,16,0,32,64,"0x0","0x7f669ba7b600",4181341078593378,4181341078637024,4181341078640829,4181341078655460,3805
11,"input_concatenate_fusion.kd",2,8,5,1277591,1277591,1,1,0,0,4,4,16,64,"0x0","0x7f5e9b85c5c0",4181341211343400,4181341211395138,4181341211400105,4181341211414536,4967
12,"input_concatenate_fusion.kd",2,8,8,1277591,1277591,5,5,0,0,4,4,16,64,"0x0","0x7f5e9b8045c0",4181341431268163,4181341431322585,4181341431327632,4181341431341562,5047
13,"wrapped_slice_4.kd",2,8,11,1277591,1277591,2,2,0,0,4,4,16,64,"0x0","0x7f569b685040",4181341567266657,4181341567318875,4181341567322961,4181341567339325,4086
14,"wrapped_slice_3.kd",2,8,12,1277591,1277591,2,2,0,0,4,4,16,64,"0x0","0x7f569b685080",4181341567313056,4181341567329451,4181341567331334,4181341567407156,1883
15,"wrapped_slice_2.kd",2,8,13,1277591,1277591,2,2,0,0,4,4,16,64,"0x0","0x7f569b6850c0",4181341567328429,4181341567337943,4181341567339866,4181341567430461,1923
16,"wrapped_slice_1.kd",2,8,14,1277591,1277591,2,2,0,0,4,4,16,64,"0x0","0x7f569b685100",4181341567337252,4181341567345915,4181341567347837,4181341567424291,1922
17,"wrapped_slice.kd",2,8,15,1277591,1277591,2,2,0,0,4,4,16,64,"0x0","0x7f569b685140",4181341567345154,4181341567396990,4181341567398913,4181341567415148,1923
18,"__amd_rocclr_copyBuffer.kd",2,9,19,1277591,1278921,512,512,0,0,16,0,32,64,"0x0","0x7f669ba7b600",4181341739677204,4181341818799550,4181341818804597,4181341818822954,5047
19,"__amd_rocclr_copyBuffer.kd",2,9,22,1277591,1278906,512,512,0,0,16,0,32,64,"0x0","0x7f669ba7b600",4181341739787458,4181341818818298,4181341818821703,4181341818882532,3405
20,"loop_xor_fusion.kd",2,8,22,1277591,1277591,1,1,0,0,4,4,16,64,"0x0","0x7f569b674980",4181341819014348,4181341819074318,4181341819078764,4181341819083011,4446
21,"loop_maximum_fusion.kd",2,8,23,1277591,1277591,2048000,256,0,0,12,4,32,64,"0x0","0x7f569b6749c0",4181341819339933,4181341819380573,4181341819407623,4181341819410337,27050
22,"__amd_rocclr_copyBuffer.kd",2,9,30,1277591,1278905,512,512,0,0,16,0,32,64,"0x0","0x7f669ba7b600",4181341987310717,4181342063329486,4181342063335816,4181342063362845,6330
23,"__amd_rocclr_copyBuffer.kd",2,9,31,1277591,1279003,512,512,0,0,16,0,32,64,"0x0","0x7f669ba7b600",4181341987403465,4181342063335816,4181342063341664,4181342063404718,5848
24,"loop_xor_fusion.kd",2,8,30,1277591,1277591,1,1,0,0,4,4,16,64,"0x0","0x7f569b664d00",4181342063568992,4181342063623282,4181342063629011,4181342063629452,5729
25,"loop_convert_subtract_fusion.kd",2,8,31,1277591,1277591,1,1,0,0,4,4,16,64,"0x0","0x7f569b664d40",4181342063617554,4181342063629011,4181342063633257,4181342063930490,4246
26,"loop_maximum_fusion.kd",2,8,32,1277591,1277591,12288000,256,0,0,12,4,32,64,"0x0","0x7f569b664d80",4181342063896179,4181342063937710,4181342064073061,4181342064081314,135351
27,"__amd_rocclr_copyBuffer.kd",2,9,41,1277591,1279003,512,512,0,0,16,0,32,64,"0x0","0x7f669ba7b600",4181342064482360,4181342064549169,4181342064553456,4181342064561128,4287
28,"__amd_rocclr_copyBuffer.kd",2,9,42,1277591,1278905,512,512,0,0,16,0,32,64,"0x0","0x7f669ba7b600",4181342064579895,4181342064639223,4181342064643469,4181342064649659,4246
29,"loop_xor_fusion.kd",2,8,37,1277591,1277591,1,1,0,0,4,4,16,64,"0x0","0x7f569b664d00",4181342064711711,4181342064741575,4181342064745581,4181342064749217,4006
30,"loop_convert_subtract_fusion.kd",2,8,38,1277591,1277591,1,1,0,0,4,4,16,64,"0x0","0x7f569b664d40",4181342064735527,4181342064745581,4181342064749788,4181342064765411,4207
31,"loop_maximum_fusion.kd",2,8,39,1277591,1277591,12288000,256,0,0,12,4,32,64,"0x0","0x7f569b664d80",4181342064744831,4181342064756157,4181342064918028,4181342064918719,161871
32,"__amd_rocclr_copyBuffer.kd",2,9,51,1277591,1278905,512,512,0,0,16,0,32,64,"0x0","0x7f669ba7b600",4181342064996044,4181342065016855,4181342065021742,4181342065023615,4887
33,"__amd_rocclr_copyBuffer.kd",2,8,44,1277591,1277591,512,512,0,0,16,0,32,64,"0x0","0x7f669ba7b600",4181342065054061,4181342065067851,4181342065070935,4181342065078968,3084
34,"wrapped_broadcast.kd",2,8,47,1277591,1277591,4096,256,0,0,4,4,16,64,"0x0","0x7f569b658580",4181342203068462,4181342203135493,4181342203140981,4181342203162022,5488
35,"__amd_rocclr_copyBuffer.kd",2,9,61,1277591,1278905,512,512,0,0,16,0,32,64,"0x0","0x7f669ba7b600",4181342203869153,4181342203941611,4181342203946899,4181342203949763,5288
36,"__amd_rocclr_copyBuffer.kd",2,8,51,1277591,1277591,512,512,0,0,16,0,32,64,"0x0","0x7f669ba7b600",4181342204036983,4181342204073487,4181342204076532,4181342204077593,3045
37,"wrapped_broadcast.kd",2,8,54,1277591,1277591,4096,256,0,0,4,4,16,64,"0x0","0x7f569b658580",4181342204284160,4181342204313604,4181342204318612,4181342204322888,5008
38,"__amd_rocclr_copyBuffer.kd",2,9,71,1277591,1278905,512,512,0,0,16,0,32,64,"0x0","0x7f669ba7b600",4181342204569064,4181342204598468,4181342204603075,4181342204604998,4607
39,"__amd_rocclr_copyBuffer.kd",2,8,58,1277591,1277591,512,512,0,0,16,0,32,64,"0x0","0x7f669ba7b600",4181342204648492,4181342204670976,4181342204673660,4181342204674070,2684
40,"wrapped_broadcast.kd",2,8,61,1277591,1277591,4096,256,0,0,4,4,16,64,"0x0","0x7f569b658580",4181342204848029,4181342204878124,4181342204883291,4181342204886566,5167
41,"__amd_rocclr_copyBuffer.kd",2,9,81,1277591,1278905,512,512,0,0,16,0,32,64,"0x0","0x7f669ba7b600",4181342205107415,4181342205127054,4181342205132302,4181342205134475,5248
42,"__amd_rocclr_copyBuffer.kd",2,8,65,1277591,1277591,512,512,0,0,16,0,32,64,"0x0","0x7f669ba7b600",4181342205167644,4181342205194795,4181342205196958,4181342205199121,2163
43,"wrapped_broadcast.kd",2,8,68,1277591,1277591,4096,256,0,0,4,4,16,64,"0x0","0x7f569b658580",4181342205365849,4181342205389845,4181342205395092,4181342205399279,5247
44,"wrapped_iota.kd",2,8,71,1277591,1277591,4096,256,0,0,4,4,16,64,"0x0","0x7f569b650540",4181342347101395,4181342347161946,4181342347166793,4181342347184549,4847
45,"__amd_rocclr_copyBuffer.kd",2,8,74,1277591,1277591,1024,512,0,0,16,0,32,64,"0x0","0x7f669ba7b600",4181342474982506,4181342475040814,4181342475044620,4181342475059791,3806
46,"__amd_rocclr_copyBuffer.kd",2,9,97,1277591,1278905,512,512,0,0,16,0,32,64,"0x0","0x7f669ba7b600",4181342475794123,4181342475868484,4181342475873491,4181342475877137,5007
47,"__amd_rocclr_copyBuffer.kd",2,8,78,1277591,1277591,512,512,0,0,16,0,32,64,"0x0","0x7f669ba7b600",4181342475975193,4181342476014061,4181342476016945,4181342476023915,2884
48,"wrapped_broadcast.kd",2,8,81,1277591,1277591,4096,256,0,0,4,4,16,64,"0x0","0x7f569b658580",4181342476274949,4181342476307938,4181342476313666,4181342476317041,5728
49,"wrapped_concatenate.kd",2,8,84,1277591,1277591,4096,256,0,0,4,4,16,64,"0x0","0x7f569b640600",4181342623170879,4181342623239482,4181342623244810,4181342623256337,5328
50,"__amd_rocclr_copyBuffer.kd",2,9,119,1277591,1279003,512,512,0,0,16,0,32,64,"0x0","0x7f669ba7b600",4181342752283943,4181342834853625,4181342834860876,4181342834881175,7251
51,"loop_select_fusion.kd",2,8,92,1277591,1277591,24064,256,0,0,4,4,16,64,"0x0","0x7f569b638640",4181342835092750,4181342835147421,4181342835153550,4181342835157376,6129
52,"__amd_rocclr_copyBuffer.kd",2,8,95,1277591,1277591,512,512,0,0,16,0,32,64,"0x0","0x7f669ba7b600",4181343179170860,4181343179219973,4181343179225622,4181343179240594,5649
53,"__amd_rocclr_copyBuffer.kd",2,8,96,1277591,1277591,512,512,0,0,16,0,32,64,"0x0","0x7f669ba7b600",4181343179221195,4181343179238401,4181343179242686,4181343179287113,4285
54,"__amd_rocclr_copyBuffer.kd",2,8,97,1277591,1277591,512,512,0,0,16,0,32,64,"0x0","0x7f669ba7b600",4181343179241265,4181343179294243,4181343179298249,4181343179304789,4006
55,"loop_broadcast_maximum_fusion.kd",2,8,99,1277591,1277591,24064,256,0,0,4,4,16,64,"0x0","0x7f569b62abc0",4181343179623854,4181343179647729,4181343179654659,4181343179659096,6930
56,"__amd_rocclr_copyBuffer.kd",2,8,100,1277591,1277591,6144,512,0,0,16,0,32,64,"0x0","0x7f669ba7b600",4181343179644514,4181343179654659,4181343179660428,4181343179668841,5769
57,"input_scatter_fusion_2.kd",2,8,101,1277591,1277591,24064,256,0,0,4,4,16,64,"0x0","0x7f569b62ac00",4181343179651945,4181343179660428,4181343179664714,4181343179679266,4286
58,"loop_transpose_fusion.kd",2,8,102,1277591,1277591,20224,256,0,0,4,4,16,64,"0x0","0x7f569b62ac40",4181343179659206,4181343179684864,4181343179687828,4181343179700598,2964
59,"loop_broadcast_fusion.kd",2,8,103,1277591,1277591,24064,256,0,0,4,4,16,64,"0x0","0x7f569b62ac80",4181343179685626,4181343179716711,4181343179719636,4181343179721759,2925
60,"input_scatter_fusion_1.kd",2,8,104,1277591,1277591,20224,256,0,0,4,4,16,64,"0x0","0x7f569b62acc0",4181343179716341,4181343179725244,4181343179728409,4181343179729731,3165
61,"wrapped_transpose.kd",2,8,105,1277591,1277591,24064,256,0,0,4,4,16,64,"0x0","0x7f569b62ad00",4181343179724624,4181343179733376,4181343179736340,4181343179736942,2964
62,"input_concatenate_fusion.kd",2,8,106,1277591,1277591,20224,256,0,0,8,0,16,64,"0x0","0x7f569b62ad40",4181343179732906,4181343179743431,4181343179746435,4181343179764052,3004
63,"loop_maximum_select_fusion.kd",2,8,107,1277591,1277591,24064,256,0,0,8,0,32,64,"0x0","0x7f569b62ad80",4181343179755449,4181343179779965,4181343179783771,4181343179784963,3806
64,"__amd_rocclr_copyBuffer.kd",2,8,108,1277591,1277591,6144,512,0,0,16,0,32,64,"0x0","0x7f669ba7b600",4181343179778804,4181343179788017,4181343179789700,4181343179803821,1683
65,"input_scatter_fusion_2.kd",2,8,109,1277591,1277591,24064,256,0,0,4,4,16,64,"0x0","0x7f569b62ac00",4181343179785895,4181343179818222,4181343179821988,4181343179823611,3766
66,"loop_select_fusion.kd",2,8,110,1277591,1277591,24064,256,0,0,12,4,16,64,"0x0","0x7f569b62adc0",4181343179817281,4181343179826034,4181343179829319,4181343179833045,3285
67,"wrapped_transpose_1.kd",2,8,111,1277591,1277591,24064,256,0,0,4,4,16,64,"0x0","0x7f569b62ae00",4181343179824061,4181343179838893,4181343179841857,4181343179844071,2964
68,"wrapped_broadcast.kd",2,8,112,1277591,1277591,28160,256,0,0,4,4,16,64,"0x0","0x7f569b62ae40",4181343179840876,4181343179849389,4181343179852313,4181343179860646,2924
69,"input_scatter_fusion.kd",2,8,113,1277591,1277591,24064,256,0,0,4,4,16,64,"0x0","0x7f569b62ae80",4181343179851012,4181343179865613,4181343179868938,4181343179871692,3325
70,"wrapped_transpose_2.kd",2,8,114,1277591,1277591,28160,256,0,0,4,4,16,64,"0x0","0x7f569b62aec0",4181343179864592,4181343179875147,4181343179878271,4181343179879654,3124
71,"loop_not_fusion.kd",2,8,117,1277591,1277591,24064,256,0,0,8,0,32,64,"0x0","0x7f569b624680",4181343322892159,4181343322953120,4181343322958849,4181343322972789,5729
72,"__amd_rocclr_copyBuffer.kd",2,9,132,1277591,1278905,512,512,0,0,16,0,32,64,"0x0","0x7f669ba7b600",4181343356012267,4181343438969646,4181343438974614,4181343438997046,4968
73,"__amd_rocclr_copyBuffer.kd",2,8,122,1277591,1277591,512,512,0,0,16,0,32,64,"0x0","0x7f669ba7b600",4181343439138277,4181343439187169,4181343439190253,4181343439195552,3084
74,"__amd_rocclr_copyBuffer.kd",2,9,142,1277591,1278905,512,512,0,0,16,0,32,64,"0x0","0x7f669ba7b600",4181343559810877,4181343559879479,4181343559885729,4181343559900921,6250
75,"__amd_rocclr_copyBuffer.kd",2,8,128,1277591,1277591,512,512,0,0,16,0,32,64,"0x0","0x7f669ba7b600",4181343559947800,4181343559990523,4181343559993888,4181343559994450,3365
76,"__amd_rocclr_copyBuffer.kd",2,9,152,1277591,1278905,512,512,0,0,16,0,32,64,"0x0","0x7f669ba7b600",4181343560447233,4181343560478169,4181343560482695,4181343560484599,4526
77,"__amd_rocclr_copyBuffer.kd",2,8,134,1277591,1277591,512,512,0,0,16,0,32,64,"0x0","0x7f669ba7b600",4181343560530938,4181343560556165,4181343560558568,4181343560559119,2403
78,"__amd_rocclr_copyBuffer.kd",2,9,162,1277591,1278905,512,512,0,0,16,0,32,64,"0x0","0x7f669ba7b600",4181343560898264,4181343560918023,4181343560922069,4181343560925765,4046
79,"__amd_rocclr_copyBuffer.kd",2,8,140,1277591,1277591,512,512,0,0,16,0,32,64,"0x0","0x7f669ba7b600",4181343560960907,4181343560985403,4181343560987646,4181343560990110,2243
80,"__amd_rocclr_copyBuffer.kd",2,8,145,1277591,1278905,1024,512,0,0,16,0,32,64,"0x0","0x7f669ba7b600",4181343691783152,4181343691843372,4181343691847178,4181343691858834,3806
81,"input_reduce_reduce_window_fusion_3.kd",2,8,161,1277591,1277591,9728,256,0,0,28,4,48,64,"0x0","0x7f3e25f69000",4181345523336668,4181345523393663,4181345523407764,4181345523429396,14101
82,"loop_reduce_window_fusion_11.kd",2,8,162,1277591,1277591,1536,256,0,0,8,0,16,64,"0x0","0x7f3e25f69040",4181345523385801,4181345523407764,4181345523413212,4181345523489556,5448
83,"loop_slice_fusion_5.kd",2,8,163,1277591,1277591,6,6,0,0,20,4,16,64,"0x0","0x7f3e25f69080",4181345523399001,4181345523413212,4181345523417458,4181345523480502,4246
84,"loop_broadcast_fusion_2.kd",2,8,164,1277591,1277591,24064,256,0,0,4,4,16,64,"0x0","0x7f3e25f690c0",4181345523408655,4181345523423307,4181345523426352,4181345523499861,3045
85,"input_scatter_fusion_2.kd",2,8,165,1277591,1277591,24064,256,0,0,12,4,32,64,"0x0","0x7f3e25f69100",4181345523424489,4181345523434122,4181345523442455,4181345523506321,8333
86,"loop_reduce_window_fusion_10.kd",2,8,166,1277591,1277591,24064,256,0,0,8,0,16,64,"0x0","0x7f3e25f69140",4181345523433663,4181345523487361,4181345523491888,4181345523520341,4527
87,"loop_reduce_window_fusion_11.kd",2,8,167,1277591,1277591,1536,256,0,0,8,0,16,64,"0x0","0x7f3e25f69040",4181345523485540,4181345523495774,4181345523501222,4181345523513632,5448
88,"loop_slice_fusion_4.kd",2,8,168,1277591,1277591,94,94,0,0,24,0,16,64,"0x0","0x7f3e25f69180",4181345523494072,4181345523505869,4181345523512319,4181345523530036,6450
89,"input_reduce_fusion_1.kd",2,8,169,1277591,1277591,64,64,0,0,8,0,16,64,"0x0","0x7f3e25f691c0",4181345523504328,4181345523536675,4181345523539799,4181345523551918,3124
90,"loop_select_fusion_5.kd",2,8,170,1277591,1277591,24064,256,0,0,8,0,32,64,"0x0","0x7f3e25f69200",4181345523545709,4181345523585748,4181345523589513,4181345523594912,3765
91,"loop_select_fusion_2.kd",2,8,171,1277591,1277591,24064,256,0,0,4,4,16,64,"0x0","0x7f3e25f69240",4181345523584467,4181345523594401,4181345523597605,4181345523604987,3204
92,"loop_reduce_window_fusion_10.kd",2,8,172,1277591,1277591,24064,256,0,0,8,0,16,64,"0x0","0x7f3e25f69140",4181345523592589,4181345523610705,4181345523614991,4181345523614922,4286
93,"loop_reduce_window_fusion_11.kd",2,8,173,1277591,1277591,1536,256,0,0,8,0,16,64,"0x0","0x7f3e25f69040",4181345523608583,4181345523618837,4181345523624245,4181345523624466,5408
94,"loop_slice_fusion_5.kd",2,8,174,1277591,1277591,6,6,0,0,20,4,16,64,"0x0","0x7f3e25f69080",4181345523617826,4181345523628171,4181345523628892,4181345523630475,721
95,"input_concatenate_fusion.kd",2,8,175,1277591,1277591,24064,256,0,0,12,4,32,64,"0x0","0x7f3e25f69280",4181345523625768,4181345523635782,4181345523642432,4181345523650535,6650
96,"input_reduce_reduce_window_fusion.kd",2,8,176,1277591,1277591,11264,256,0,0,36,4,48,64,"0x0","0x7f3e25f692c0",4181345523634662,4181345523646839,4181345523657014,4181345523657706,10175
97,"loop_reduce_window_fusion_2.kd",2,8,177,1277591,1277591,1792,256,0,0,8,0,16,64,"0x0","0x7f3e25f69300",4181345523643384,4181345523657014,4181345523662542,4181345523666168,5528
98,"loop_slice_fusion_7.kd",2,8,178,1277591,1277591,7,7,0,0,20,4,16,64,"0x0","0x7f3e25f69340",4181345523651507,4181345523671956,4181345523673919,4181345523674831,1963
99,"loop_broadcast_fusion.kd",2,8,179,1277591,1277591,28160,256,0,0,4,4,16,64,"0x0","0x7f3e25f69380",4181345523670315,4181345523680008,4181345523682932,4181345523688001,2924
100,"input_scatter_fusion.kd",2,8,180,1277591,1277591,28160,256,0,0,12,4,32,64,"0x0","0x7f3e25f693c0",4181345523685407,4181345523694149,4181345523705005,4181345523708501,10856
101,"loop_reduce_window_fusion_1.kd",2,8,181,1277591,1277591,28160,256,0,0,8,0,16,64,"0x0","0x7f3e25f69400",4181345523693759,4181345523705005,4181345523711335,4181345523715792,6330
102,"loop_reduce_window_fusion_2.kd",2,8,182,1277591,1277591,1792,256,0,0,8,0,16,64,"0x0","0x7f3e25f69300",4181345523702723,4181345523711335,4181345523717103,4181345523731195,5768
103,"loop_slice_fusion_7.kd",2,8,183,1277591,1277591,7,7,0,0,20,4,16,64,"0x0","0x7f3e25f69340",4181345523708541,4181345523723833,4181345523725956,4181345523737474,2123
104,"loop_slice_fusion_3.kd",2,8,184,1277591,1277591,110,110,0,0,8,0,16,64,"0x0","0x7f3e25f69440",4181345523722432,4181345523738455,4181345523742821,4181345523746728,4366
105,"input_reduce_fusion_2.kd",2,8,185,1277591,1277591,64,64,0,0,8,0,16,64,"0x0","0x7f3e25f69480",4181345523736723,4181345523752836,4181345523755640,4181345523759447,2804
106,"loop_select_fusion_4.kd",2,8,186,1277591,1277591,28160,256,0,0,8,0,32,64,"0x0","0x7f3e25f694c0",4181345523756863,4181345523766176,4181345523769982,4181345523771074,3806
107,"loop_select_fusion.kd",2,8,187,1277591,1277591,28160,256,0,0,8,0,16,64,"0x0","0x7f3e25f69500",4181345523764795,4181345523774268,4181345523777273,4181345523777935,3005
108,"loop_compare_fusion_1.kd",2,8,188,1277591,1277591,4096,256,0,0,4,4,16,64,"0x0","0x7f3e25f69540",4181345523771986,4181345523792656,4181345523795339,4181345523797273,2683
109,"input_reduce_reduce_window_fusion_2.kd",2,8,189,1277591,1277591,256,256,512,0,20,4,32,64,"0x0","0x7f3e25f69580",4181345523791375,4181345523800467,4181345523817052,4181345523821519,16585
110,"loop_slice_fusion_1.kd",2,8,190,1277591,1277591,16,16,0,0,20,4,16,64,"0x0","0x7f3e25f695c0",4181345523800027,4181345523817052,4181345523821979,4181345523831695,4927
111,"loop_broadcast_fusion_3.kd",2,8,191,1277591,1277591,4096,256,0,0,4,4,16,64,"0x0","0x7f3e25f69600",4181345523810673,4181345523821979,4181345523826546,4181345523839997,4567
112,"input_scatter_fusion_3.kd",2,8,192,1277591,1277591,4096,256,0,0,8,0,32,64,"0x0","0x7f3e25f69640",4181345523818815,4181345523831113,4181345523838924,4181345523846987,7811
113,"loop_reduce_window_fusion_13.kd",2,8,193,1277591,1277591,4096,256,0,0,8,0,16,64,"0x0","0x7f3e25f69680",4181345523829541,4181345523845093,4181345523849380,4181345523855390,4287
114,"loop_slice_fusion_1.kd",2,8,194,1277591,1277591,16,16,0,0,20,4,16,64,"0x0","0x7f3e25f695c0",4181345523843883,4181345523860957,4181345523863321,4181345523863382,2364
115,"loop_remainder_fusion.kd",2,8,195,1277591,1277591,4096,256,0,0,12,4,16,64,"0x0","0x7f3e25f696c0",4181345523861409,4181345523878864,4181345523886114,4181345523893036,7250
116,"loop_select_fusion_3.kd",2,8,196,1277591,1277591,4096,256,0,0,8,0,32,64,"0x0","0x7f3e25f69700",4181345523883662,4181345523893325,4181345523896410,4181345523903061,3085
117,"loop_reduce_window_fusion_13.kd",2,8,197,1277591,1277591,4096,256,0,0,8,0,16,64,"0x0","0x7f3e25f69680",4181345523891473,4181345523907466,4181345523911632,4181345523912985,4166
118,"loop_slice_fusion_1.kd",2,8,198,1277591,1277591,16,16,0,0,20,4,16,64,"0x0","0x7f3e25f695c0",4181345523905775,4181345523915518,4181345523916800,4181345523919625,1282
119,"input_concatenate_fusion_1.kd",2,8,199,1277591,1277591,4096,256,0,0,8,0,32,64,"0x0","0x7f3e25f69740",4181345523914388,4181345523933465,4181345523940916,4181345523941398,7451
120,"loop_compare_fusion.kd",2,8,200,1277591,1277591,8192,256,0,0,4,4,16,64,"0x0","0x7f3e25f69780",4181345523931934,4181345523945002,4181345523946725,4181345523950792,1723
121,"input_reduce_reduce_window_fusion_1.kd",2,8,201,1277591,1277591,512,512,512,0,20,4,48,64,"0x0","0x7f3e25f697c0",4181345523943521,4181345523954616,4181345523972603,4181345523972694,17987
122,"loop_reduce_window_fusion_6.kd",2,8,202,1277591,1277591,32,32,0,0,32,0,16,64,"0x0","0x7f3e25f69800",4181345523953656,4181345523972603,4181345523981937,4181345523982188,9334
123,"loop_broadcast_fusion_1.kd",2,8,203,1277591,1277591,8192,256,0,0,4,4,16,64,"0x0","0x7f3e25f69840",4181345523963210,4181345523981937,4181345523988266,4181345523989730,6329
124,"input_scatter_fusion_1.kd",2,8,204,1277591,1277591,8192,256,0,0,8,0,32,64,"0x0","0x7f3e25f69880",4181345523970721,4181345523988266,4181345523997280,4181345523997371,9014
125,"loop_reduce_window_fusion_5.kd",2,8,205,1277591,1277591,8192,256,0,0,8,0,16,64,"0x0","0x7f3e25f698c0",4181345523986345,4181345523997280,4181345524001927,4181345524005994,4647
126,"loop_reduce_window_fusion_4.kd",2,8,206,1277591,1277591,512,256,0,0,8,0,16,64,"0x0","0x7f3e25f69900",4181345523995759,4181345524010940,4181345524017149,4181345524025723,6209
127,"loop_reduce_window_fusion_3.kd",2,8,207,1277591,1277591,32,32,0,0,8,0,16,64,"0x0","0x7f3e25f69940",4181345524009759,4181345524021195,4181345524024881,4181345524031762,3686
128,"loop_select_fusion_6.kd",2,8,208,1277591,1277591,8192,256,0,0,8,0,32,64,"0x0","0x7f3e25f69980",4181345524020165,4181345524031090,4181345524034936,4181345524041226,3846
129,"loop_select_fusion_1.kd",2,8,209,1277591,1277591,8192,256,0,0,8,0,16,64,"0x0","0x7f3e25f699c0",4181345524029579,4181345524046553,4181345524049718,4181345524049849,3165
130,"loop_broadcast_fusion_4.kd",2,8,210,1277591,1277591,16,16,0,0,4,4,16,64,"0x0","0x7f3e25f69a00",4181345524045963,4181345524055446,4181345524057489,4181345524065552,2043
131,"__amd_rocclr_fillBufferAligned.kd",2,8,211,1277591,1277591,77824,256,0,0,12,4,48,64,"0x0","0x7f669ba7b580",4181345524102427,4181345524112812,4181345524121785,4181345524122667,8973
132,"__amd_rocclr_fillBufferAligned.kd",2,8,212,1277591,1277591,16128,256,0,0,12,4,48,64,"0x0","0x7f669ba7b580",4181345524109237,4181345524121785,4181345524126312,4181345524129327,4527
133,"transformer_engine::fused_attn_rocm::populate_rng_state_kernel(long*, long const*, long) [clone .kd]",2,8,213,1277591,1277591,1,1,0,0,8,0,16,64,"0x0","0x7f3e25f8d380",4181345529859900,4181345529880750,4181345529884836,4181345529892488,4086
134,"__amd_rocclr_fillBufferAligned.kd",2,8,214,1277591,1277591,256,256,0,0,12,4,48,64,"0x0","0x7f669ba7b580",4181345529884556,4181345529894370,4181345529896493,4181345529908582,2123
135,"ck_fused_attn::get_runtime_max_seqlen_kernel(unsigned long, int const*, int const*, unsigned long*) [clone .kd]",2,8,215,1277591,1277591,4096,128,0,0,4,4,32,64,"0x0","0x7f3e25f58940",4181345534043872,4181345534062729,4181345534070421,4181345534072916,7692
136,"__amd_rocclr_copyBuffer.kd",2,8,216,1277591,1277591,512,512,0,0,16,0,32,64,"0x7f7ea91e9a00","0x7f669ba7b600",4181345534078995,4181345534097701,4181345534104632,4181345534107607,6931
137,"__amd_rocclr_fillBufferAligned.kd",2,8,218,1277591,1277591,256,256,0,0,12,4,48,64,"0x0","0x7f669ba7b580",4181345534132735,4181345534142127,4181345534144171,4181345534214787,2044
138,"ck_fused_attn::get_runtime_max_seqlen_kernel(unsigned long, int const*, int const*, unsigned long*) [clone .kd]",2,8,219,1277591,1277591,4096,128,0,0,4,4,32,64,"0x0","0x7f3e25f58940",4181345534144101,4181345534151902,4181345534157871,4181345534226955,5969
139,"__amd_rocclr_copyBuffer.kd",2,8,220,1277591,1277591,512,512,0,0,16,0,32,64,"0x7f7ea91e9200","0x7f669ba7b600",4181345534153866,4181345534162758,4181345534168767,4181345534221637,6009
140,"void transformer_engine::fused_attn_rocm::compute_scores_kernel<__half, transformer_engine::fused_attn_rocm::SmallSeqConfig<6, 128, 256, false, (transformer_engine::fused_attn_rocm::CausalMaskType)0>, 1>(__half const*, __half const*, __half*, float, int const*, int const*, int, int) [clone .kd]",2,8,222,1277591,1277591,64000,64,0,0,92,4,48,64,"0x0","0x7f3e240cea80",4181345550739353,4181345550766011,4181345550798259,4181345550805171,32248
141,"void transformer_engine::fused_attn_rocm::apply_mask_and_softmax_kernel<__half, transformer_engine::fused_attn_rocm::SmallSeqConfig<6, 128, 256, false, (transformer_engine::fused_attn_rocm::CausalMaskType)0> >(__half*, __half const*, float, int const*, int, int) [clone .kd]",2,8,223,1277591,1277591,390144,256,1024,0,12,4,16,64,"0x0","0x7f3e240ceac0",4181345550761636,4181345550798259,4181345550803386,4181345550839131,5127
142,"void transformer_engine::fused_attn_rocm::compute_output_kernel<__half, transformer_engine::fused_attn_rocm::SmallSeqConfig<6, 128, 256, false, (transformer_engine::fused_attn_rocm::CausalMaskType)0>, 2, 8>(__half const*, __half const*, __half*, int const*, int const*, int, int) [clone .kd]",2,8,224,1277591,1277591,512000,64,12288,0,20,4,32,64,"0x0","0x7f3e240ceb00",4181345550769037,4181345550803386,4181345550844688,4181345550845611,41302
143,"loop_broadcast_fusion_5.kd",2,8,225,1277591,1277591,2048000,256,0,0,4,4,16,64,"0x0","0x7f3e25f69a40",4181345550786923,4181345550844688,4181345550851899,4181345550852070,7211
144,"__amd_rocclr_fillBufferAligned.kd",2,8,226,1277591,1277591,77824,256,0,0,12,4,48,64,"0x0","0x7f669ba7b580",4181345550856837,4181345550867802,4181345550874933,4181345550880342,7131
145,"__amd_rocclr_fillBufferAligned.kd",2,8,227,1277591,1277591,77824,256,0,0,12,4,48,64,"0x0","0x7f669ba7b580",4181345550865240,4181345550874933,4181345550893841,4181345550901764,18908
146,"__amd_rocclr_fillBufferAligned.kd",2,8,228,1277591,1277591,77824,256,0,0,12,4,48,64,"0x0","0x7f669ba7b580",4181345550871970,4181345550893841,4181345550913030,4181345550928764,19189
147,"__amd_rocclr_fillBufferAligned.kd",2,8,229,1277591,1277591,256,256,0,0,12,4,48,64,"0x0","0x7f669ba7b580",4181345550881043,4181345550913030,4181345550917797,4181345550918709,4767
148,"ck_fused_attn::get_runtime_max_seqlen_kernel(unsigned long, int const*, int const*, unsigned long*) [clone .kd]",2,8,230,1277591,1277591,4096,128,0,0,4,4,32,64,"0x0","0x7f3e25f58940",4181345550896757,4181345550917797,4181345550923886,4181345550923627,6089
149,"__amd_rocclr_copyBuffer.kd",2,8,231,1277591,1277591,512,512,0,0,16,0,32,64,"0x7f7ea91e9100","0x7f669ba7b600",4181345550910397,4181345550923886,4181345550929294,4181345550942144,5408
150,"__amd_rocclr_fillBufferAligned.kd",2,8,233,1277591,1277591,256,256,0,0,12,4,48,64,"0x0","0x7f669ba7b580",4181345550969245,4181345550985577,4181345550987620,4181345550992499,2043
151,"ck_fused_attn::get_runtime_max_seqlen_kernel(unsigned long, int const*, int const*, unsigned long*) [clone .kd]",2,8,234,1277591,1277591,4096,128,0,0,4,4,32,64,"0x0","0x7f3e25f58940",4181345550990076,4181345551007690,4181345551016103,4181345551015794,8413
152,"__amd_rocclr_copyBuffer.kd",2,8,235,1277591,1277591,512,512,0,0,16,0,32,64,"0x7f7ea91e9000","0x7f669ba7b600",4181345551006210,4181345551016103,4181345551022352,4181345551022985,6249
153,"void transformer_engine::fused_attn_rocm::compute_grad_v_kernel<__half, transformer_engine::fused_attn_rocm::SmallSeqConfig<6, 128, 256, false, (transformer_engine::fused_attn_rocm::CausalMaskType)0>, 16, 16>(__half const*, __half const*, __half*, int const*, int const*, int, int) [clone .kd]",2,8,237,1277591,1277591,256000,64,12288,0,28,4,32,64,"0x0","0x7f3e240d0200",4181345551050155,4181345551060369,4181345551129592,4181345551134851,69223
154,"void transformer_engine::fused_attn_rocm::compute_grad_attn_kernel<__half, transformer_engine::fused_attn_rocm::SmallSeqConfig<6, 128, 256, false, (transformer_engine::fused_attn_rocm::CausalMaskType)0>, 16>(__half const*, __half const*, __half*, int const*, int const*, int, int) [clone .kd]",2,8,238,1277591,1277591,8000,64,0,0,104,0,64,64,"0x0","0x7f3e240d0240",4181345551059689,4181345551129592,4181345551352283,4181345551356130,222691
155,"void transformer_engine::fused_attn_rocm::softmax_backward_kernel<__half, transformer_engine::fused_attn_rocm::SmallSeqConfig<6, 128, 256, false, (transformer_engine::fused_attn_rocm::CausalMaskType)0> >(__half const*, __half const*, __half*, float, int const*, int, int) [clone .kd]",2,8,239,1277591,1277591,390144,256,1024,0,16,0,16,64,"0x0","0x7f3e240d0280",4181345551068072,4181345551352283,4181345551358372,4181345551362700,6089
156,"void transformer_engine::fused_attn_rocm::compute_grad_qk_kernel<__half, transformer_engine::fused_attn_rocm::SmallSeqConfig<6, 128, 256, false, (transformer_engine::fused_attn_rocm::CausalMaskType)0>, 4, 16>(__half const*, __half const*, __half const*, __half*, __half*, float, int const*, int const*, int, int) [clone .kd]",2,8,240,1277591,1277591,1024000,64,12288,0,36,4,64,64,"0x0","0x7f3e240d02c0",4181345551075372,4181345551358372,4181345551511159,4181345551516098,152787
157,"input_reduce_fusion.kd",2,8,241,1277591,1277591,524288,256,512,0,16,0,16,64,"0x0","0x7f3e25f69a80",4181345551085187,4181345551511159,4181345551520333,4181345551523849,9174
158,"input_reduce_fusion_3.kd",2,8,242,1277591,1277591,128,128,512,0,24,0,16,64,"0x0","0x7f3e25f69ac0",4181345551093750,4181345551520333,4181345551526141,4181345551531851,5808
159,"loop_convert_fusion.kd",2,8,243,1277591,1277591,1,1,0,0,4,4,16,64,"0x0","0x7f3e25f69b00",4181345551101421,4181345551526141,4181345551530548,4181345551540304,4407
160,"input_reduce_reduce_window_fusion_3.kd",2,8,246,1277591,1277591,9728,256,0,0,28,4,48,64,"0x0","0x7f3e25f69000",4181345551446134,4181345551543728,4181345551553983,4181345551555507,10255
161,"loop_reduce_window_fusion_11.kd",2,8,247,1277591,1277591,1536,256,0,0,8,0,16,64,"0x0","0x7f3e25f69040",4181345551457781,4181345551553983,4181345551560593,4181345551561746,6610
162,"loop_slice_fusion_5.kd",2,8,248,1277591,1277591,6,6,0,0,20,4,16,64,"0x0","0x7f3e25f69080",4181345551465603,4181345551560593,4181345551565640,4181345551586422,5047
163,"loop_broadcast_fusion_2.kd",2,8,249,1277591,1277591,24064,256,0,0,4,4,16,64,"0x0","0x7f3e25f690c0",4181345551472323,4181345551565640,4181345551571369,4181345551591630,5729
164,"input_scatter_fusion_2.kd",2,8,250,1277591,1277591,24064,256,0,0,12,4,32,64,"0x0","0x7f3e25f69100",4181345551482808,4181345551571369,4181345551579941,4181345551579783,8572
165,"loop_reduce_window_fusion_10.kd",2,8,251,1277591,1277591,24064,256,0,0,8,0,16,64,"0x0","0x7f3e25f69140",4181345551495317,4181345551579941,4181345551585029,4181345551613633,5088
166,"loop_reduce_window_fusion_11.kd",2,8,252,1277591,1277591,1536,256,0,0,8,0,16,64,"0x0","0x7f3e25f69040",4181345551506233,4181345551585029,4181345551589956,4181345551600243,4927
167,"loop_slice_fusion_4.kd",2,8,253,1277591,1277591,94,94,0,0,24,0,16,64,"0x0","0x7f3e25f69180",4181345551546884,4181345551589956,4181345551595244,4181345551607694,5288
168,"input_reduce_fusion_1.kd",2,8,254,1277591,1277591,64,64,0,0,8,0,16,64,"0x0","0x7f3e25f691c0",4181345551555747,4181345551595244,4181345551599370,4181345551619131,4126
169,"loop_select_fusion_5.kd",2,8,255,1277591,1277591,24064,256,0,0,8,0,32,64,"0x0","0x7f3e25f69200",4181345551579362,4181345551606140,4181345551609626,4181345551627634,3486
170,"loop_select_fusion_2.kd",2,8,256,1277591,1277591,24064,256,0,0,4,4,16,64,"0x0","0x7f3e25f69240",4181345551605481,4181345551637988,4181345551640952,4181345551641935,2964
171,"loop_reduce_window_fusion_10.kd",2,8,257,1277591,1277591,24064,256,0,0,8,0,16,64,"0x0","0x7f3e25f69140",4181345551635495,4181345551645599,4181345551649845,4181345551651369,4246
172,"loop_reduce_window_fusion_11.kd",2,8,258,1277591,1277591,1536,256,0,0,8,0,16,64,"0x0","0x7f3e25f69040",4181345551644449,4181345551665869,4181345551671998,4181345551673622,6129
173,"loop_slice_fusion_5.kd",2,8,259,1277591,1277591,6,6,0,0,20,4,16,64,"0x0","0x7f3e25f69080",4181345551666552,4181345551676004,4181345551677486,4181345551680182,1482
174,"input_concatenate_fusion.kd",2,8,260,1277591,1277591,24064,256,0,0,12,4,32,64,"0x0","0x7f3e25f69280",4181345551674053,4181345551694592,4181345551700561,4181345551702075,5969
175,"input_reduce_reduce_window_fusion.kd",2,8,261,1277591,1277591,11264,256,0,0,36,4,48,64,"0x0","0x7f3e25f692c0",4181345551695094,4181345551704487,4181345551715503,4181345551721904,11016
176,"loop_reduce_window_fusion_2.kd",2,8,262,1277591,1277591,1792,256,0,0,8,0,16,64,"0x0","0x7f3e25f69300",4181345551703156,4181345551715503,4181345551723074,4181345551728454,7571
177,"loop_slice_fusion_7.kd",2,8,263,1277591,1277591,7,7,0,0,20,4,16,64,"0x0","0x7f3e25f69340",4181345551712280,4181345551723074,4181345551727240,4181345551736566,4166
178,"loop_broadcast_fusion.kd",2,8,264,1277591,1277591,28160,256,0,0,4,4,16,64,"0x0","0x7f3e25f69380",4181345551720302,4181345551743705,4181345551746469,4181345551750466,2764
179,"input_scatter_fusion.kd",2,8,265,1277591,1277591,28160,256,0,0,12,4,32,64,"0x0","0x7f3e25f693c0",4181345551748013,4181345551765497,4181345551775873,4181345551781593,10376
180,"loop_reduce_window_fusion_1.kd",2,8,266,1277591,1277591,28160,256,0,0,8,0,16,64,"0x0","0x7f3e25f69400",4181345551764888,4181345551775873,4181345551781081,4181345551786720,5208
181,"loop_reduce_window_fusion_2.kd",2,8,267,1277591,1277591,1792,256,0,0,8,0,16,64,"0x0","0x7f3e25f69300",4181345551771868,4181345551781081,4181345551788932,4181345551795834,7851
182,"loop_slice_fusion_7.kd",2,8,268,1277591,1277591,7,7,0,0,20,4,16,64,"0x0","0x7f3e25f69340",4181345551778448,4181345551788932,4181345551793058,4181345551800992,4126
183,"loop_slice_fusion_3.kd",2,8,269,1277591,1277591,110,110,0,0,8,0,16,64,"0x0","0x7f3e25f69440",4181345551785759,4181345551801791,4181345551806518,4181345551811367,4727
184,"input_reduce_fusion_2.kd",2,8,270,1277591,1277591,64,64,0,0,8,0,16,64,"0x0","0x7f3e25f69480",4181345551800160,4181345551817815,4181345551820018,4181345551823034,2203
185,"loop_select_fusion_4.kd",2,8,271,1277591,1277591,28160,256,0,0,8,0,32,64,"0x0","0x7f3e25f694c0",4181345551820270,4181345551838446,4181345551841731,4181345551843184,3285
186,"loop_select_fusion.kd",2,8,272,1277591,1277591,28160,256,0,0,8,0,16,64,"0x0","0x7f3e25f69500",4181345551837656,4181345551847259,4181345551850063,4181345551850996,2804
187,"loop_compare_fusion_1.kd",2,8,273,1277591,1277591,4096,256,0,0,4,4,16,64,"0x0","0x7f3e25f69540",4181345551845708,4181345551854990,4181345551857755,4181345551859018,2765
188,"input_reduce_reduce_window_fusion_2.kd",2,8,274,1277591,1277591,256,256,512,0,20,4,32,64,"0x0","0x7f3e25f69580",4181345551854962,4181345551865206,4181345551881430,4181345551881171,16224
189,"loop_slice_fusion_1.kd",2,8,275,1277591,1277591,16,16,0,0,20,4,16,64,"0x0","0x7f3e25f695c0",4181345551864156,4181345551881430,4181345551886117,4181345551887430,4687
190,"loop_broadcast_fusion_3.kd",2,8,276,1277591,1277591,4096,256,0,0,4,4,16,64,"0x0","0x7f3e25f69600",4181345551872608,4181345551886117,4181345551890483,4181345551895222,4366
191,"input_scatter_fusion_3.kd",2,8,277,1277591,1277591,4096,256,0,0,8,0,32,64,"0x0","0x7f3e25f69640",4181345551880991,4181345551902020,4181345551909111,4181345551913178,7091
192,"loop_reduce_window_fusion_13.kd",2,8,278,1277591,1277591,4096,256,0,0,8,0,16,64,"0x0","0x7f3e25f69680",4181345551902032,4181345551912997,4181345551915721,4181345551921040,2724
193,"loop_slice_fusion_1.kd",2,8,279,1277591,1277591,16,16,0,0,20,4,16,64,"0x0","0x7f3e25f695c0",4181345551910374,4181345551919486,4181345551920688,4181345551925857,1202
194,"loop_remainder_fusion.kd",2,8,280,1277591,1277591,4096,256,0,0,12,4,16,64,"0x0","0x7f3e25f696c0",4181345551917154,4181345551926537,4181345551932986,4181345551933238,6449
195,"loop_select_fusion_3.kd",2,8,281,1277591,1277591,4096,256,0,0,8,0,32,64,"0x0","0x7f3e25f69700",4181345551928161,4181345551937353,4181345551940157,4181345551940930,2804
196,"loop_reduce_window_fusion_13.kd",2,8,282,1277591,1277591,4096,256,0,0,8,0,16,64,"0x0","0x7f3e25f69680",4181345551935932,4181345551945605,4181345551949491,4181345551949132,3886
197,"loop_slice_fusion_1.kd",2,8,283,1277591,1277591,16,16,0,0,20,4,16,64,"0x0","0x7f3e25f695c0",4181345551943924,4181345551962951,4181345551964954,4181345551968040,2003
198,"input_concatenate_fusion_1.kd",2,8,284,1277591,1277591,4096,256,0,0,8,0,32,64,"0x0","0x7f3e25f69740",4181345551963033,4181345551972445,4181345551978935,4181345551978456,6490
199,"loop_compare_fusion.kd",2,8,285,1277591,1277591,8192,256,0,0,4,4,16,64,"0x0","0x7f3e25f69780",4181345551971045,4181345551982861,4181345551984463,4181345551984244,1602
200,"input_reduce_reduce_window_fusion_1.kd",2,8,286,1277591,1277591,512,512,512,0,20,4,48,64,"0x0","0x7f3e25f697c0",4181345551980569,4181345551990792,4181345552008298,4181345552016102,17506
201,"loop_reduce_window_fusion_6.kd",2,8,287,1277591,1277591,32,32,0,0,32,0,16,64,"0x0","0x7f3e25f69800",4181345551990103,4181345552008298,4181345552019074,4181345552021600,10776
202,"loop_broadcast_fusion_1.kd",2,8,288,1277591,1277591,8192,256,0,0,4,4,16,64,"0x0","0x7f3e25f69840",4181345551999016,4181345552019074,4181345552024042,4181345552030853,4968
203,"input_scatter_fusion_1.kd",2,8,289,1277591,1277591,8192,256,0,0,8,0,32,64,"0x0","0x7f3e25f69880",4181345552006397,4181345552024042,4181345552029450,4181345552036542,5408
204,"loop_reduce_window_fusion_5.kd",2,8,290,1277591,1277591,8192,256,0,0,8,0,16,64,"0x0","0x7f3e25f698c0",4181345552013037,4181345552029450,4181345552033856,4181345552042491,4406
205,"loop_reduce_window_fusion_4.kd",2,8,291,1277591,1277591,512,256,0,0,8,0,16,64,"0x0","0x7f3e25f69900",4181345552020648,4181345552037862,4181345552041908,4181345552051134,4046
206,"loop_reduce_window_fusion_3.kd",2,8,292,1277591,1277591,32,32,0,0,8,0,16,64,"0x0","0x7f3e25f69940",4181345552035010,4181345552056971,4181345552061498,4181345552063612,4527
207,"loop_select_fusion_6.kd",2,8,293,1277591,1277591,8192,256,0,0,8,0,32,64,"0x0","0x7f3e25f69980",4181345552060768,4181345552070992,4181345552074357,4181345552075480,3365
208,"loop_select_fusion_1.kd",2,8,294,1277591,1277591,8192,256,0,0,8,0,16,64,"0x0","0x7f3e25f699c0",4181345552070813,4181345552079805,4181345552082649,4181345552083492,2844
209,"loop_broadcast_fusion_4.kd",2,8,295,1277591,1277591,16,16,0,0,4,4,16,64,"0x0","0x7f3e25f69a00",4181345552078454,4181345552088057,4181345552089900,4181345552094568,1843
210,"__amd_rocclr_fillBufferAligned.kd",2,8,296,1277591,1277591,77824,256,0,0,12,4,48,64,"0x0","0x7f669ba7b580",4181345552096081,4181345552110691,4181345552125353,4181345552125965,14662
211,"__amd_rocclr_fillBufferAligned.kd",2,8,297,1277591,1277591,16128,256,0,0,12,4,48,64,"0x0","0x7f669ba7b580",4181345552108860,4181345552125353,4181345552130360,4181345552131493,5007
212,"transformer_engine::fused_attn_rocm::populate_rng_state_kernel(long*, long const*, long) [clone .kd]",2,8,298,1277591,1277591,1,1,0,0,8,0,16,64,"0x0","0x7f3e25f8d380",4181345552119575,4181345552130360,4181345552134486,4181345552140897,4126
213,"__amd_rocclr_fillBufferAligned.kd",2,8,299,1277591,1277591,256,256,0,0,12,4,48,64,"0x0","0x7f669ba7b580",4181345552130271,4181345552146624,4181345552148467,4181345552149039,1843
214,"ck_fused_attn::get_runtime_max_seqlen_kernel(unsigned long, int const*, int const*, unsigned long*) [clone .kd]",2,8,300,1277591,1277591,4096,128,0,0,4,4,32,64,"0x0","0x7f3e25f58940",4181345552145123,4181345552155758,4181345552161326,4181345552165193,5568
215,"__amd_rocclr_copyBuffer.kd",2,8,301,1277591,1277591,512,512,0,0,16,0,32,64,"0x7f7ea91e8e00","0x7f669ba7b600",4181345552157552,4181345552167255,4181345552173785,4181345552181728,6530
216,"__amd_rocclr_fillBufferAligned.kd",2,8,303,1277591,1277591,256,256,0,0,12,4,48,64,"0x0","0x7f669ba7b580",4181345552200736,4181345552210800,4181345552212722,4181345552256609,1922
217,"ck_fused_attn::get_runtime_max_seqlen_kernel(unsigned long, int const*, int const*, unsigned long*) [clone .kd]",2,8,304,1277591,1277591,4096,128,0,0,4,4,32,64,"0x0","0x7f3e25f58940",4181345552216409,4181345552225542,4181345552231190,4181345552267325,5648
218,"__amd_rocclr_copyBuffer.kd",2,8,305,1277591,1277591,512,512,0,0,16,0,32,64,"0x7f7ea91e8d00","0x7f669ba7b600",4181345552227145,4181345552235997,4181345552241966,4181345552262198,5969
219,"void transformer_engine::fused_attn_rocm::compute_scores_kernel<__half, transformer_engine::fused_attn_rocm::SmallSeqConfig<6, 128, 256, false, (transformer_engine::fused_attn_rocm::CausalMaskType)0>, 1>(__half const*, __half const*, __half*, float, int const*, int const*, int, int) [clone .kd]",2,8,307,1277591,1277591,64000,64,0,0,92,4,48,64,"0x0","0x7f3e240cea80",4181345552280915,4181345552290839,4181345552321925,4181345552325952,31086
220,"void transformer_engine::fused_attn_rocm::apply_mask_and_softmax_kernel<__half, transformer_engine::fused_attn_rocm::SmallSeqConfig<6, 128, 256, false, (transformer_engine::fused_attn_rocm::CausalMaskType)0> >(__half*, __half const*, float, int const*, int, int) [clone .kd]",2,8,308,1277591,1277591,390144,256,1024,0,12,4,16,64,"0x0","0x7f3e240ceac0",4181345552288577,4181345552321925,4181345552327053,4181345552335336,5128
221,"void transformer_engine::fused_attn_rocm::compute_output_kernel<__half, transformer_engine::fused_attn_rocm::SmallSeqConfig<6, 128, 256, false, (transformer_engine::fused_attn_rocm::CausalMaskType)0>, 2, 8>(__half const*, __half const*, __half*, int const*, int const*, int, int) [clone .kd]",2,8,309,1277591,1277591,512000,64,12288,0,20,4,32,64,"0x0","0x7f3e240ceb00",4181345552301506,4181345552327053,4181345552371278,4181345552371981,44225
222,"loop_broadcast_fusion_5.kd",2,8,310,1277591,1277591,2048000,256,0,0,4,4,16,64,"0x0","0x7f3e25f69a40",4181345552310920,4181345552371278,4181345552379611,4181345552381104,8333
223,"__amd_rocclr_fillBufferAligned.kd",2,8,311,1277591,1277591,77824,256,0,0,12,4,48,64,"0x0","0x7f669ba7b580",4181345552328266,4181345552379611,4181345552386421,4181345552386242,6810
224,"__amd_rocclr_fillBufferAligned.kd",2,8,312,1277591,1277591,77824,256,0,0,12,4,48,64,"0x0","0x7f669ba7b580",4181345552348506,4181345552386421,4181345552403967,4181345552406342,17546
225,"__amd_rocclr_fillBufferAligned.kd",2,8,313,1277591,1277591,77824,256,0,0,12,4,48,64,"0x0","0x7f669ba7b580",4181345552354295,4181345552403967,4181345552421433,4181345552421605,17466
226,"__amd_rocclr_fillBufferAligned.kd",2,8,314,1277591,1277591,256,256,0,0,12,4,48,64,"0x0","0x7f669ba7b580",4181345552363328,4181345552421433,4181345552426200,4181345552428144,4767
227,"ck_fused_attn::get_runtime_max_seqlen_kernel(unsigned long, int const*, int const*, unsigned long*) [clone .kd]",2,8,315,1277591,1277591,4096,128,0,0,4,4,32,64,"0x0","0x7f3e25f58940",4181345552370018,4181345552426200,4181345552432209,4181345552434734,6009
228,"__amd_rocclr_copyBuffer.kd",2,8,316,1277591,1277591,512,512,0,0,16,0,32,64,"0x7f7ea91e8c00","0x7f669ba7b600",4181345552387143,4181345552432209,4181345552437937,4181345552439311,5728
229,"__amd_rocclr_fillBufferAligned.kd",2,8,318,1277591,1277591,256,256,0,0,12,4,48,64,"0x0","0x7f669ba7b580",4181345552456717,4181345552465859,4181345552467982,4181345552468675,2123
230,"ck_fused_attn::get_runtime_max_seqlen_kernel(unsigned long, int const*, int const*, unsigned long*) [clone .kd]",2,8,319,1277591,1277591,4096,128,0,0,4,4,32,64,"0x0","0x7f3e25f58940",4181345552465079,4181345552486730,4181345552492659,4181345552492540,5929
231,"__amd_rocclr_copyBuffer.kd",2,8,320,1277591,1277591,512,512,0,0,16,0,32,64,"0x7f7ea91e8b00","0x7f669ba7b600",4181345552486101,4181345552497466,4181345552501913,4181345552508213,4447
232,"void transformer_engine::fused_attn_rocm::compute_grad_v_kernel<__half, transformer_engine::fused_attn_rocm::SmallSeqConfig<6, 128, 256, false, (transformer_engine::fused_attn_rocm::CausalMaskType)0>, 16, 16>(__half const*, __half const*, __half*, int const*, int const*, int, int) [clone .kd]",2,8,322,1277591,1277591,256000,64,12288,0,28,4,32,64,"0x0","0x7f3e240d0200",4181345552523887,4181345552533720,4181345552599017,4181345552601011,65297
233,"void transformer_engine::fused_attn_rocm::compute_grad_attn_kernel<__half, transformer_engine::fused_attn_rocm::SmallSeqConfig<6, 128, 256, false, (transformer_engine::fused_attn_rocm::CausalMaskType)0>, 16>(__half const*, __half const*, __half*, int const*, int const*, int, int) [clone .kd]",2,8,323,1277591,1277591,8000,64,0,0,104,0,64,64,"0x0","0x7f3e240d0240",4181345552532780,4181345552599017,4181345552831202,4181345552831574,232185
234,"void transformer_engine::fused_attn_rocm::softmax_backward_kernel<__half, transformer_engine::fused_attn_rocm::SmallSeqConfig<6, 128, 256, false, (transformer_engine::fused_attn_rocm::CausalMaskType)0> >(__half const*, __half const*, __half*, float, int const*, int, int) [clone .kd]",2,8,324,1277591,1277591,390144,256,1024,0,16,0,16,64,"0x0","0x7f3e240d0280",4181345552539820,4181345552831202,4181345552836971,4181345552839106,5769
235,"void transformer_engine::fused_attn_rocm::compute_grad_qk_kernel<__half, transformer_engine::fused_attn_rocm::SmallSeqConfig<6, 128, 256, false, (transformer_engine::fused_attn_rocm::CausalMaskType)0>, 4, 16>(__half const*, __half const*, __half const*, __half*, __half*, float, int const*, int const*, int, int) [clone .kd]",2,8,325,1277591,1277591,1024000,64,12288,0,36,4,64,64,"0x0","0x7f3e240d02c0",4181345552547672,4181345552836971,4181345552983309,4181345552988227,146338
236,"input_reduce_fusion.kd",2,8,326,1277591,1277591,524288,256,512,0,16,0,16,64,"0x0","0x7f3e25f69a80",4181345552557286,4181345552983309,4181345552992642,4181345552996780,9333
237,"input_reduce_fusion_3.kd",2,8,327,1277591,1277591,128,128,512,0,24,0,16,64,"0x0","0x7f3e25f69ac0",4181345552564367,4181345552992642,4181345552998090,4181345553002929,5448
238,"loop_convert_fusion.kd",2,8,328,1277591,1277591,1,1,0,0,4,4,16,64,"0x0","0x7f3e25f69b00",4181345552572249,4181345552998090,4181345553003619,4181345553011722,5529
239,"input_reduce_reduce_window_fusion_3.kd",2,8,331,1277591,1277591,9728,256,0,0,28,4,48,64,"0x0","0x7f3e25f69000",4181345552675953,4181345553016318,4181345553026933,4181345553028377,10615
240,"loop_reduce_window_fusion_11.kd",2,8,332,1277591,1277591,1536,256,0,0,8,0,16,64,"0x0","0x7f3e25f69040",4181345552686248,4181345553026933,4181345553034665,4181345553035007,7732
241,"loop_slice_fusion_5.kd",2,8,333,1277591,1277591,6,6,0,0,20,4,16,64,"0x0","0x7f3e25f69080",4181345552693559,4181345553034665,4181345553040954,4181345553041717,6289
242,"loop_broadcast_fusion_2.kd",2,8,334,1277591,1277591,24064,256,0,0,4,4,16,64,"0x0","0x7f3e25f690c0",4181345552700479,4181345553040954,4181345553046563,4181345553047345,5609
243,"input_scatter_fusion_2.kd",2,8,335,1277591,1277591,24064,256,0,0,12,4,32,64,"0x0","0x7f3e25f69100",4181345552707640,4181345553046563,4181345553054735,4181345553062338,8172
244,"loop_reduce_window_fusion_10.kd",2,8,336,1277591,1277591,24064,256,0,0,8,0,16,64,"0x0","0x7f3e25f69140",4181345552714120,4181345553054735,4181345553060583,4181345553068306,5848
245,"loop_reduce_window_fusion_11.kd",2,8,337,1277591,1277591,1536,256,0,0,8,0,16,64,"0x0","0x7f3e25f69040",4181345552723984,4181345553060583,4181345553066512,4181345553073815,5929
246,"loop_slice_fusion_4.kd",2,8,338,1277591,1277591,94,94,0,0,24,0,16,64,"0x0","0x7f3e25f69180",4181345552738436,4181345553066512,4181345553072441,4181345553079253,5929
247,"input_reduce_fusion_1.kd",2,8,339,1277591,1277591,64,64,0,0,8,0,16,64,"0x0","0x7f3e25f691c0",4181345552750033,4181345553072441,4181345553077088,4181345553085182,4647
248,"loop_select_fusion_5.kd",2,8,340,1277591,1277591,24064,256,0,0,8,0,32,64,"0x0","0x7f3e25f69200",4181345552766227,4181345553077088,4181345553082015,4181345553090730,4927
249,"loop_select_fusion_2.kd",2,8,341,1277591,1277591,24064,256,0,0,4,4,16,64,"0x0","0x7f3e25f69240",4181345552778215,4181345553082015,4181345553086782,4181345553096178,4767
250,"loop_reduce_window_fusion_10.kd",2,8,342,1277591,1277591,24064,256,0,0,8,0,16,64,"0x0","0x7f3e25f69140",4181345552785626,4181345553086782,4181345553091469,4181345553119022,4687
251,"loop_reduce_window_fusion_11.kd",2,8,343,1277591,1277591,1536,256,0,0,8,0,16,64,"0x0","0x7f3e25f69040",4181345552792246,4181345553091469,4181345553096357,4181345553104991,4888
252,"loop_slice_fusion_5.kd",2,8,344,1277591,1277591,6,6,0,0,20,4,16,64,"0x0","0x7f3e25f69080",4181345552807449,4181345553096357,4181345553101004,4181345553129287,4647
253,"input_concatenate_fusion.kd",2,8,345,1277591,1277591,24064,256,0,0,12,4,32,64,"0x0","0x7f3e25f69280",4181345552824684,4181345553101004,4181345553106732,4181345553135386,5728
254,"input_reduce_reduce_window_fusion.kd",2,8,346,1277591,1277591,11264,256,0,0,36,4,48,64,"0x0","0x7f3e25f692c0",4181345552853327,4181345553106732,4181345553117428,4181345553141265,10696
255,"loop_reduce_window_fusion_2.kd",2,8,347,1277591,1277591,1792,256,0,0,8,0,16,64,"0x0","0x7f3e25f69300",4181345552860758,4181345553117428,4181345553122596,4181345553147705,5168
256,"loop_slice_fusion_7.kd",2,8,348,1277591,1277591,7,7,0,0,20,4,16,64,"0x0","0x7f3e25f69340",4181345552868469,4181345553122596,4181345553127323,4181345553153834,4727
257,"loop_broadcast_fusion.kd",2,8,349,1277591,1277591,28160,256,0,0,4,4,16,64,"0x0","0x7f3e25f69380",4181345552885855,4181345553127323,4181345553132330,4181345553165471,5007
258,"input_scatter_fusion.kd",2,8,350,1277591,1277591,28160,256,0,0,12,4,32,64,"0x0","0x7f3e25f693c0",4181345552897362,4181345553132330,4181345553139541,4181345553170999,7211
259,"loop_reduce_window_fusion_1.kd",2,8,351,1277591,1277591,28160,256,0,0,8,0,16,64,"0x0","0x7f3e25f69400",4181345552914337,4181345553139541,4181345553144428,4181345553176858,4887
260,"loop_reduce_window_fusion_2.kd",2,8,352,1277591,1277591,1792,256,0,0,8,0,16,64,"0x0","0x7f3e25f69300",4181345552925674,4181345553144428,4181345553149556,4181345553183368,5128
261,"loop_slice_fusion_7.kd",2,8,353,1277591,1277591,7,7,0,0,20,4,16,64,"0x0","0x7f3e25f69340",4181345552933276,4181345553149556,4181345553154243,4181345553190238,4687
262,"loop_slice_fusion_3.kd",2,8,354,1277591,1277591,110,110,0,0,8,0,16,64,"0x0","0x7f3e25f69440",4181345552943871,4181345553154243,4181345553158970,4181345553159352,4727
263,"input_reduce_fusion_2.kd",2,8,355,1277591,1277591,64,64,0,0,8,0,16,64,"0x0","0x7f3e25f69480",4181345552952274,4181345553158970,4181345553163737,4181345553243237,4767
264,"loop_select_fusion_4.kd",2,8,356,1277591,1277591,28160,256,0,0,8,0,32,64,"0x0","0x7f3e25f694c0",4181345552963370,4181345553163737,4181345553168824,4181345553204639,5087
265,"loop_select_fusion.kd",2,8,357,1277591,1277591,28160,256,0,0,8,0,16,64,"0x0","0x7f3e25f69500",4181345552981017,4181345553168824,4181345553173832,4181345553214724,5008
266,"loop_compare_fusion_1.kd",2,8,358,1277591,1277591,4096,256,0,0,4,4,16,64,"0x0","0x7f3e25f69540",4181345553016820,4181345553173832,4181345553178679,4181345553249035,4847
267,"input_reduce_reduce_window_fusion_2.kd",2,8,359,1277591,1277591,256,256,512,0,20,4,32,64,"0x0","0x7f3e25f69580",4181345553033575,4181345553178679,4181345553195184,4181345553237829,16505
268,"loop_slice_fusion_1.kd",2,8,360,1277591,1277591,16,16,0,0,20,4,16,64,"0x0","0x7f3e25f695c0",4181345553061677,4181345553195184,4181345553199310,4181345553220062,4126
269,"loop_broadcast_fusion_3.kd",2,8,361,1277591,1277591,4096,256,0,0,4,4,16,64,"0x0","0x7f3e25f69600",4181345553120374,4181345553203316,4181345553205799,4181345553232160,2483
270,"input_scatter_fusion_3.kd",2,8,362,1277591,1277591,4096,256,0,0,8,0,32,64,"0x0","0x7f3e25f69640",4181345553201324,4181345553211167,4181345553218018,4181345553226332,6851
271,"loop_reduce_window_fusion_13.kd",2,8,363,1277591,1277591,4096,256,0,0,8,0,16,64,"0x0","0x7f3e25f69680",4181345553209897,4181345553221943,4181345553224667,4181345553257408,2724
272,"loop_slice_fusion_1.kd",2,8,364,1277591,1277591,16,16,0,0,20,4,16,64,"0x0","0x7f3e25f695c0",4181345553218790,4181345553266369,4181345553268573,4181345553268354,2204
273,"loop_remainder_fusion.kd",2,8,365,1277591,1277591,4096,256,0,0,12,4,16,64,"0x0","0x7f3e25f696c0",4181345553265069,4181345553274462,4181345553280791,4181345553296926,6329
274,"loop_select_fusion_3.kd",2,8,366,1277591,1277591,4096,256,0,0,8,0,32,64,"0x0","0x7f3e25f69700",4181345553291989,4181345553300821,4181345553303665,4181345553305129,2844
275,"loop_reduce_window_fusion_13.kd",2,8,367,1277591,1277591,4096,256,0,0,8,0,16,64,"0x0","0x7f3e25f69680",4181345553299450,4181345553308312,4181345553312198,4181345553312309,3886
276,"loop_slice_fusion_1.kd",2,8,368,1277591,1277591,16,16,0,0,20,4,16,64,"0x0","0x7f3e25f695c0",4181345553307112,4181345553316083,4181345553318006,4181345553319780,1923
277,"input_concatenate_fusion_1.kd",2,8,369,1277591,1277591,4096,256,0,0,8,0,32,64,"0x0","0x7f3e25f69740",4181345553315164,4181345553324135,4181345553330665,4181345553332039,6530
278,"loop_compare_fusion.kd",2,8,370,1277591,1277591,8192,256,0,0,4,4,16,64,"0x0","0x7f3e25f69780",4181345553323206,4181345553345808,4181345553348932,4181345553352069,3124
279,"input_reduce_reduce_window_fusion_1.kd",2,8,371,1277591,1277591,512,512,512,0,20,4,48,64,"0x0","0x7f3e25f697c0",4181345553344908,4181345553354701,4181345553372688,4181345553373280,17987
280,"loop_reduce_window_fusion_6.kd",2,8,372,1277591,1277591,32,32,0,0,32,0,16,64,"0x0","0x7f3e25f69800",4181345553352860,4181345553372688,4181345553381461,4181345553382203,8773
281,"loop_broadcast_fusion_1.kd",2,8,373,1277591,1277591,8192,256,0,0,4,4,16,64,"0x0","0x7f3e25f69840",4181345553364647,4181345553381461,4181345553388151,4181345553392919,6690
282,"input_scatter_fusion_1.kd",2,8,374,1277591,1277591,8192,256,0,0,8,0,32,64,"0x0","0x7f3e25f69880",4181345553372569,4181345553388151,4181345553393438,4181345553401432,5287
283,"loop_reduce_window_fusion_5.kd",2,8,375,1277591,1277591,8192,256,0,0,8,0,16,64,"0x0","0x7f3e25f698c0",4181345553387611,4181345553407139,4181345553411105,4181345553411857,3966
284,"loop_reduce_window_fusion_4.kd",2,8,376,1277591,1277591,512,256,0,0,8,0,16,64,"0x0","0x7f3e25f69900",4181345553405879,4181345553417234,4181345553422402,4181345553422053,5168
285,"loop_reduce_window_fusion_3.kd",2,8,377,1277591,1277591,32,32,0,0,8,0,16,64,"0x0","0x7f3e25f69940",4181345553415343,4181345553426327,4181345553429252,4181345553429684,2925
286,"loop_select_fusion_6.kd",2,8,378,1277591,1277591,8192,256,0,0,8,0,32,64,"0x0","0x7f3e25f69980",4181345553425868,4181345553435341,4181345553438706,4181345553439649,3365
287,"loop_select_fusion_1.kd",2,8,379,1277591,1277591,8192,256,0,0,8,0,16,64,"0x0","0x7f3e25f699c0",4181345553434541,4181345553443393,4181345553446157,4181345553447741,2764
288,"loop_broadcast_fusion_4.kd",2,8,380,1277591,1277591,16,16,0,0,4,4,16,64,"0x0","0x7f3e25f69a00",4181345553441972,4181345553451765,4181345553453608,4181345553453309,1843
289,"__amd_rocclr_fillBufferAligned.kd",2,8,381,1277591,1277591,77824,256,0,0,12,4,48,64,"0x0","0x7f669ba7b580",4181345553457195,4181345553466147,4181345553479967,4181345553484816,13820
290,"__amd_rocclr_fillBufferAligned.kd",2,8,382,1277591,1277591,16128,256,0,0,12,4,48,64,"0x0","0x7f669ba7b580",4181345553464486,4181345553479967,4181345553485015,4181345553492537,5048
291,"transformer_engine::fused_attn_rocm::populate_rng_state_kernel(long*, long const*, long) [clone .kd]",2,8,383,1277591,1277591,1,1,0,0,8,0,16,64,"0x0","0x7f3e25f8d380",4181345553473349,4181345553485015,4181345553489141,4181345553501060,4126
292,"__amd_rocclr_fillBufferAligned.kd",2,8,384,1277591,1277591,256,256,0,0,12,4,48,64,"0x0","0x7f669ba7b580",4181345553483594,4181345553506967,4181345553508970,4181345553509463,2003
293,"ck_fused_attn::get_runtime_max_seqlen_kernel(unsigned long, int const*, int const*, unsigned long*) [clone .kd]",2,8,385,1277591,1277591,4096,128,0,0,4,4,32,64,"0x0","0x7f3e25f58940",4181345553505687,4181345553514939,4181345553520708,4181345553525717,5769
294,"__amd_rocclr_copyBuffer.kd",2,8,386,1277591,1277591,512,512,0,0,16,0,32,64,"0x7f7ea91e8900","0x7f669ba7b600",4181345553516042,4181345553525755,4181345553531804,4181345553533488,6049
295,"__amd_rocclr_fillBufferAligned.kd",2,8,388,1277591,1277591,256,256,0,0,12,4,48,64,"0x0","0x7f669ba7b580",4181345553552687,4181345553561609,4181345553563571,4181345553593818,1962
296,"ck_fused_attn::get_runtime_max_seqlen_kernel(unsigned long, int const*, int const*, unsigned long*) [clone .kd]",2,8,389,1277591,1277591,4096,128,0,0,4,4,32,64,"0x0","0x7f3e25f58940",4181345553560769,4181345553571343,4181345553580517,4181345553604664,9174
297,"__amd_rocclr_copyBuffer.kd",2,8,390,1277591,1277591,512,512,0,0,16,0,32,64,"0x7f7ea91e8800","0x7f669ba7b600",4181345553570373,4181345553580517,4181345553585925,4181345553599366,5408
298,"void transformer_engine::fused_attn_rocm::compute_scores_kernel<__half, transformer_engine::fused_attn_rocm::SmallSeqConfig<6, 128, 256, false, (transformer_engine::fused_attn_rocm::CausalMaskType)0>, 1>(__half const*, __half const*, __half*, float, int const*, int const*, int, int) [clone .kd]",2,8,392,1277591,1277591,64000,64,0,0,92,4,48,64,"0x0","0x7f3e240cea80",4181345553616412,4181345553626064,4181345553658032,4181345553664944,31968
299,"void transformer_engine::fused_attn_rocm::apply_mask_and_softmax_kernel<__half, transformer_engine::fused_attn_rocm::SmallSeqConfig<6, 128, 256, false, (transformer_engine::fused_attn_rocm::CausalMaskType)0> >(__half*, __half const*, float, int const*, int, int) [clone .kd]",2,8,393,1277591,1277591,390144,256,1024,0,12,4,16,64,"0x0","0x7f3e240ceac0",4181345553623813,4181345553658032,4181345553663160,4181345553672715,5128
300,"void transformer_engine::fused_attn_rocm::compute_output_kernel<__half, transformer_engine::fused_attn_rocm::SmallSeqConfig<6, 128, 256, false, (transformer_engine::fused_attn_rocm::CausalMaskType)0>, 2, 8>(__half const*, __half const*, __half*, int const*, int const*, int, int) [clone .kd]",2,8,394,1277591,1277591,512000,64,12288,0,20,4,32,64,"0x0","0x7f3e240ceb00",4181345553636992,4181345553663160,4181345553705583,4181345553706205,42423
301,"loop_broadcast_fusion_5.kd",2,8,395,1277591,1277591,2048000,256,0,0,4,4,16,64,"0x0","0x7f3e25f69a40",4181345553645134,4181345553705583,4181345553713675,4181345553715219,8092
302,"__amd_rocclr_fillBufferAligned.kd",2,8,396,1277591,1277591,77824,256,0,0,12,4,48,64,"0x0","0x7f669ba7b580",4181345553659976,4181345553713675,4181345553720525,4181345553720797,6850
303,"__amd_rocclr_fillBufferAligned.kd",2,8,397,1277591,1277591,77824,256,0,0,12,4,48,64,"0x0","0x7f669ba7b580",4181345553665705,4181345553720525,4181345553738351,4181345553745934,17826
304,"__amd_rocclr_fillBufferAligned.kd",2,8,398,1277591,1277591,77824,256,0,0,12,4,48,64,"0x0","0x7f669ba7b580",4181345553687748,4181345553738351,4181345553756178,4181345553761347,17827
305,"__amd_rocclr_fillBufferAligned.kd",2,8,399,1277591,1277591,256,256,0,0,12,4,48,64,"0x0","0x7f669ba7b580",4181345553697192,4181345553756178,4181345553760905,4181345553765984,4727
306,"ck_fused_attn::get_runtime_max_seqlen_kernel(unsigned long, int const*, int const*, unsigned long*) [clone .kd]",2,8,400,1277591,1277591,4096,128,0,0,4,4,32,64,"0x0","0x7f3e25f58940",4181345553703711,4181345553760905,4181345553766834,4181345553771032,5929
307,"__amd_rocclr_copyBuffer.kd",2,8,401,1277591,1277591,512,512,0,0,16,0,32,64,"0x7f7ea91e8700","0x7f669ba7b600",4181345553710401,4181345553766834,4181345553772322,4181345553777421,5488
308,"__amd_rocclr_fillBufferAligned.kd",2,8,403,1277591,1277591,256,256,0,0,12,4,48,64,"0x0","0x7f669ba7b580",4181345553797160,4181345553812702,4181345553814745,4181345553817551,2043
309,"ck_fused_attn::get_runtime_max_seqlen_kernel(unsigned long, int const*, int const*, unsigned long*) [clone .kd]",2,8,404,1277591,1277591,4096,128,0,0,4,4,32,64,"0x0","0x7f3e25f58940",4181345553810310,4181345553818831,4181345553824840,4181345553827255,6009
310,"__amd_rocclr_copyBuffer.kd",2,8,405,1277591,1277591,512,512,0,0,16,0,32,64,"0x7f7ea91e8600","0x7f669ba7b600",4181345553818532,4181345553834414,4181345553841064,4181345553843089,6650
311,"void transformer_engine::fused_attn_rocm::compute_grad_v_kernel<__half, transformer_engine::fused_attn_rocm::SmallSeqConfig<6, 128, 256, false, (transformer_engine::fused_attn_rocm::CausalMaskType)0>, 16, 16>(__half const*, __half const*, __half*, int const*, int const*, int, int) [clone .kd]",2,8,407,1277591,1277591,256000,64,12288,0,28,4,32,64,"0x0","0x7f3e240d0200",4181345553858351,4181345553869026,4181345553932600,4181345553939712,63574
312,"void transformer_engine::fused_attn_rocm::compute_grad_attn_kernel<__half, transformer_engine::fused_attn_rocm::SmallSeqConfig<6, 128, 256, false, (transformer_engine::fused_attn_rocm::CausalMaskType)0>, 16>(__half const*, __half const*, __half*, int const*, int const*, int, int) [clone .kd]",2,8,408,1277591,1277591,8000,64,0,0,104,0,64,64,"0x0","0x7f3e240d0240",4181345553867155,4181345553932600,4181345554157895,4181345554166089,225295
313,"void transformer_engine::fused_attn_rocm::softmax_backward_kernel<__half, transformer_engine::fused_attn_rocm::SmallSeqConfig<6, 128, 256, false, (transformer_engine::fused_attn_rocm::CausalMaskType)0> >(__half const*, __half const*, __half*, float, int const*, int, int) [clone .kd]",2,8,409,1277591,1277591,390144,256,1024,0,16,0,16,64,"0x0","0x7f3e240d0280",4181345553878371,4181345554157895,4181345554163664,4181345554173851,5769
314,"void transformer_engine::fused_attn_rocm::compute_grad_qk_kernel<__half, transformer_engine::fused_attn_rocm::SmallSeqConfig<6, 128, 256, false, (transformer_engine::fused_attn_rocm::CausalMaskType)0>, 4, 16>(__half const*, __half const*, __half const*, __half*, __half*, float, int const*, int const*, int, int) [clone .kd]",2,8,410,1277591,1277591,1024000,64,12288,0,36,4,64,64,"0x0","0x7f3e240d02c0",4181345553885552,4181345554163664,4181345554328389,4181345554333047,164725
315,"input_reduce_fusion.kd",2,8,411,1277591,1277591,524288,256,512,0,16,0,16,64,"0x0","0x7f3e25f69a80",4181345553893814,4181345554328389,4181345554337963,4181345554340969,9574
316,"input_reduce_fusion_3.kd",2,8,412,1277591,1277591,128,128,512,0,24,0,16,64,"0x0","0x7f3e25f69ac0",4181345553901776,4181345554337963,4181345554342530,4181345554346748,4567
317,"loop_convert_fusion.kd",2,8,413,1277591,1277591,1,1,0,0,4,4,16,64,"0x0","0x7f3e25f69b00",4181345553909678,4181345554342530,4181345554346616,4181345554355571,4086
318,"input_reduce_reduce_window_fusion_3.kd",2,8,416,1277591,1277591,9728,256,0,0,28,4,48,64,"0x0","0x7f3e25f69000",4181345553998520,4181345554359876,4181345554369891,4181345554372416,10015
319,"loop_reduce_window_fusion_11.kd",2,8,417,1277591,1277591,1536,256,0,0,8,0,16,64,"0x0","0x7f3e25f69040",4181345554008274,4181345554369891,4181345554376460,4181345554378605,6569
320,"loop_slice_fusion_5.kd",2,8,418,1277591,1277591,6,6,0,0,20,4,16,64,"0x0","0x7f3e25f69080",4181345554015475,4181345554376460,4181345554381348,4181345554386016,4888
321,"loop_broadcast_fusion_2.kd",2,8,419,1277591,1277591,24064,256,0,0,4,4,16,64,"0x0","0x7f3e25f690c0",4181345554022946,4181345554381348,4181345554386956,4181345554391605,5608
322,"input_scatter_fusion_2.kd",2,8,420,1277591,1277591,24064,256,0,0,12,4,32,64,"0x0","0x7f3e25f69100",4181345554030548,4181345554386956,4181345554395088,4181345554397904,8132
323,"loop_reduce_window_fusion_10.kd",2,8,421,1277591,1277591,24064,256,0,0,8,0,16,64,"0x0","0x7f3e25f69140",4181345554037889,4181345554395088,4181345554400737,4181345554403502,5649
324,"loop_reduce_window_fusion_11.kd",2,8,422,1277591,1277591,1536,256,0,0,8,0,16,64,"0x0","0x7f3e25f69040",4181345554044598,4181345554400737,4181345554406385,4181345554409491,5648
325,"loop_slice_fusion_4.kd",2,8,423,1277591,1277591,94,94,0,0,24,0,16,64,"0x0","0x7f3e25f69180",4181345554052380,4181345554406385,4181345554411993,4181345554415069,5608
326,"input_reduce_fusion_1.kd",2,8,424,1277591,1277591,64,64,0,0,8,0,16,64,"0x0","0x7f3e25f691c0",4181345554059661,4181345554411993,4181345554417842,4181345554420317,5849
327,"loop_select_fusion_5.kd",2,8,425,1277591,1277591,24064,256,0,0,8,0,32,64,"0x0","0x7f3e25f69200",4181345554067543,4181345554417842,4181345554423570,4181345554425976,5728
328,"loop_select_fusion_2.kd",2,8,426,1277591,1277591,24064,256,0,0,4,4,16,64,"0x0","0x7f3e25f69240",4181345554074914,4181345554423570,4181345554429139,4181345554431384,5569
329,"loop_reduce_window_fusion_10.kd",2,8,427,1277591,1277591,24064,256,0,0,8,0,16,64,"0x0","0x7f3e25f69140",4181345554082495,4181345554429139,4181345554434747,4181345554437102,5608
330,"loop_reduce_window_fusion_11.kd",2,8,428,1277591,1277591,1536,256,0,0,8,0,16,64,"0x0","0x7f3e25f69040",4181345554088934,4181345554434747,4181345554440355,4181345554442540,5608
331,"loop_slice_fusion_5.kd",2,8,429,1277591,1277591,6,6,0,0,20,4,16,64,"0x0","0x7f3e25f69080",4181345554095815,4181345554440355,4181345554445924,4181345554448479,5569
332,"input_concatenate_fusion.kd",2,8,430,1277591,1277591,24064,256,0,0,12,4,32,64,"0x0","0x7f3e25f69280",4181345554102735,4181345554445924,4181345554451853,4181345554454057,5929
333,"input_reduce_reduce_window_fusion.kd",2,8,431,1277591,1277591,11264,256,0,0,36,4,48,64,"0x0","0x7f3e25f692c0",4181345554109645,4181345554451853,4181345554462989,4181345554481078,11136
334,"loop_reduce_window_fusion_2.kd",2,8,432,1277591,1277591,1792,256,0,0,8,0,16,64,"0x0","0x7f3e25f69300",4181345554116505,4181345554462989,4181345554468838,4181345554469641,5849
335,"loop_slice_fusion_7.kd",2,8,433,1277591,1277591,7,7,0,0,20,4,16,64,"0x0","0x7f3e25f69340",4181345554123906,4181345554468838,4181345554473525,4181345554505153,4687
336,"loop_broadcast_fusion.kd",2,8,434,1277591,1277591,28160,256,0,0,4,4,16,64,"0x0","0x7f3e25f69380",4181345554131728,4181345554473525,4181345554479213,4181345554528538,5688
337,"input_scatter_fusion.kd",2,8,435,1277591,1277591,28160,256,0,0,12,4,32,64,"0x0","0x7f3e25f693c0",4181345554138869,4181345554479213,4181345554485903,4181345554497272,6690
338,"loop_reduce_window_fusion_1.kd",2,8,436,1277591,1277591,28160,256,0,0,8,0,16,64,"0x0","0x7f3e25f69400",4181345554146260,4181345554485903,4181345554490790,4181345554490802,4887
339,"loop_reduce_window_fusion_2.kd",2,8,437,1277591,1277591,1792,256,0,0,8,0,16,64,"0x0","0x7f3e25f69300",4181345554152649,4181345554490790,4181345554495838,4181345554535208,5048
340,"loop_slice_fusion_7.kd",2,8,438,1277591,1277591,7,7,0,0,20,4,16,64,"0x0","0x7f3e25f69340",4181345554158828,4181345554495838,4181345554500525,4181345554540786,4687
341,"loop_slice_fusion_3.kd",2,8,439,1277591,1277591,110,110,0,0,8,0,16,64,"0x0","0x7f3e25f69440",4181345554165939,4181345554500525,4181345554505212,4181345554546345,4687
342,"input_reduce_fusion_2.kd",2,8,440,1277591,1277591,64,64,0,0,8,0,16,64,"0x0","0x7f3e25f69480",4181345554187411,4181345554505212,4181345554509899,4181345554551703,4687
343,"loop_select_fusion_4.kd",2,8,441,1277591,1277591,28160,256,0,0,8,0,32,64,"0x0","0x7f3e25f694c0",4181345554196164,4181345554509899,4181345554514906,4181345554557181,5007
344,"loop_select_fusion.kd",2,8,442,1277591,1277591,28160,256,0,0,8,0,16,64,"0x0","0x7f3e25f69500",4181345554203655,4181345554514906,4181345554519874,4181345554562419,4968
345,"loop_compare_fusion_1.kd",2,8,443,1277591,1277591,4096,256,0,0,4,4,16,64,"0x0","0x7f3e25f69540",4181345554220510,4181345554519874,4181345554524721,4181345554569960,4847
346,"input_reduce_reduce_window_fusion_2.kd",2,8,444,1277591,1277591,256,256,512,0,20,4,32,64,"0x0","0x7f3e25f69580",4181345554233790,4181345554524721,4181345554540104,4181345554575829,15383
347,"loop_slice_fusion_1.kd",2,8,445,1277591,1277591,16,16,0,0,20,4,16,64,"0x0","0x7f3e25f695c0",4181345554252057,4181345554540104,4181345554544831,4181345554581467,4727
348,"loop_broadcast_fusion_3.kd",2,8,446,1277591,1277591,4096,256,0,0,4,4,16,64,"0x0","0x7f3e25f69600",4181345554265387,4181345554544831,4181345554549838,4181345554625793,5007
349,"input_scatter_fusion_3.kd",2,8,447,1277591,1277591,4096,256,0,0,8,0,32,64,"0x0","0x7f3e25f69640",4181345554272928,4181345554549838,4181345554556088,4181345554631541,6250
350,"loop_reduce_window_fusion_13.kd",2,8,448,1277591,1277591,4096,256,0,0,8,0,16,64,"0x0","0x7f3e25f69680",4181345554286749,4181345554556088,4181345554560975,4181345554637510,4887
351,"loop_slice_fusion_1.kd",2,8,449,1277591,1277591,16,16,0,0,20,4,16,64,"0x0","0x7f3e25f695c0",4181345554305597,4181345554560975,4181345554565702,4181345554643299,4727
352,"loop_remainder_fusion.kd",2,8,450,1277591,1277591,4096,256,0,0,12,4,16,64,"0x0","0x7f3e25f696c0",4181345554319778,4181345554565702,4181345554571711,4181345554595498,6009
353,"loop_select_fusion_3.kd",2,8,451,1277591,1277591,4096,256,0,0,8,0,32,64,"0x0","0x7f3e25f69700",4181345554365285,4181345554571711,4181345554576598,4181345554586875,4887
354,"loop_reduce_window_fusion_13.kd",2,8,452,1277591,1277591,4096,256,0,0,8,0,16,64,"0x0","0x7f3e25f69680",4181345554373277,4181345554576598,4181345554581485,4181345554620315,4887
355,"loop_slice_fusion_1.kd",2,8,453,1277591,1277591,16,16,0,0,20,4,16,64,"0x0","0x7f3e25f695c0",4181345554477202,4181345554581485,4181345554586212,4181345554649057,4727
356,"input_concatenate_fusion_1.kd",2,8,454,1277591,1277591,4096,256,0,0,8,0,32,64,"0x0","0x7f3e25f69740",4181345554486566,4181345554586212,4181345554591861,4181345554608798,5649
357,"loop_compare_fusion.kd",2,8,455,1277591,1277591,8192,256,0,0,4,4,16,64,"0x0","0x7f3e25f69780",4181345554496280,4181345554591861,4181345554596187,4181345554614286,4326
358,"input_reduce_reduce_window_fusion_1.kd",2,8,456,1277591,1277591,512,512,512,0,20,4,48,64,"0x0","0x7f3e25f697c0",4181345554514958,4181345554606402,4181345554624229,4181345554659092,17827
359,"loop_reduce_window_fusion_6.kd",2,8,457,1277591,1277591,32,32,0,0,32,0,16,64,"0x0","0x7f3e25f69800",4181345554605403,4181345554624229,4181345554634324,4181345554675647,10095
360,"loop_broadcast_fusion_1.kd",2,8,458,1277591,1277591,8192,256,0,0,4,4,16,64,"0x0","0x7f3e25f69840",4181345554613094,4181345554665130,4181345554667694,4181345554670219,2564
361,"input_scatter_fusion_1.kd",2,8,459,1277591,1277591,8192,256,0,0,8,0,32,64,"0x0","0x7f3e25f69880",4181345554667255,4181345554676667,4181345554682275,4181345554688917,5608
362,"loop_reduce_window_fusion_5.kd",2,8,460,1277591,1277591,8192,256,0,0,8,0,16,64,"0x0","0x7f3e25f698c0",4181345554677059,4181345554695415,4181345554699301,4181345554699342,3886
363,"loop_reduce_window_fusion_4.kd",2,8,461,1277591,1277591,512,256,0,0,8,0,16,64,"0x0","0x7f3e25f69900",4181345554694385,4181345554704388,4181345554710037,4181345554718130,5649
364,"loop_reduce_window_fusion_3.kd",2,8,462,1277591,1277591,32,32,0,0,8,0,16,64,"0x0","0x7f3e25f69940",4181345554703088,4181345554713882,4181345554716446,4181345554734875,2564
365,"loop_select_fusion_6.kd",2,8,463,1277591,1277591,8192,256,0,0,8,0,32,64,"0x0","0x7f3e25f69980",4181345554733613,4181345554749776,4181345554753020,4181345554754915,3244
366,"loop_select_fusion_1.kd",2,8,464,1277591,1277591,8192,256,0,0,8,0,16,64,"0x0","0x7f3e25f699c0",4181345554749367,4181345554758228,4181345554760952,4181345554762666,2724
367,"loop_broadcast_fusion_4.kd",2,8,465,1277591,1277591,16,16,0,0,4,4,16,64,"0x0","0x7f3e25f69a00",4181345554756347,4181345554765399,4181345554767202,4181345554768064,1803
368,"__amd_rocclr_fillBufferAligned.kd",2,8,466,1277591,1277591,77824,256,0,0,12,4,48,64,"0x0","0x7f669ba7b580",4181345554770438,4181345554778939,4181345554792599,4181345554800182,13660
369,"__amd_rocclr_fillBufferAligned.kd",2,8,467,1277591,1277591,16128,256,0,0,12,4,48,64,"0x0","0x7f669ba7b580",4181345554777468,4181345554792599,4181345554797607,4181345554815355,5008
370,"transformer_engine::fused_attn_rocm::populate_rng_state_kernel(long*, long const*, long) [clone .kd]",2,8,468,1277591,1277591,1,1,0,0,8,0,16,64,"0x0","0x7f3e25f8d380",4181345554785931,4181345554797607,4181345554801653,4181345554807443,4046
371,"__amd_rocclr_fillBufferAligned.kd",2,8,469,1277591,1277591,256,256,0,0,12,4,48,64,"0x0","0x7f669ba7b580",4181345554795605,4181345554805779,4181345554806740,4181345554823807,961
372,"ck_fused_attn::get_runtime_max_seqlen_kernel(unsigned long, int const*, int const*, unsigned long*) [clone .kd]",2,8,470,1277591,1277591,4096,128,0,0,4,4,32,64,"0x0","0x7f3e25f58940",4181345554803988,4181345554829534,4181345554835463,4181345554840522,5929
373,"__amd_rocclr_copyBuffer.kd",2,8,471,1277591,1277591,512,512,0,0,16,0,32,64,"0x7f7ea91e8400","0x7f669ba7b600",4181345554829756,4181345554841792,4181345554848242,4181345554848584,6450
374,"__amd_rocclr_fillBufferAligned.kd",2,8,473,1277591,1277591,256,256,0,0,12,4,48,64,"0x0","0x7f669ba7b580",4181345554869585,4181345554878167,4181345554880170,4181345554915434,2003
375,"ck_fused_attn::get_runtime_max_seqlen_kernel(unsigned long, int const*, int const*, unsigned long*) [clone .kd]",2,8,474,1277591,1277591,4096,128,0,0,4,4,32,64,"0x0","0x7f3e25f58940",4181345554877337,4181345554886339,4181345554892187,4181345554925328,5848
376,"__amd_rocclr_copyBuffer.kd",2,8,475,1277591,1277591,512,512,0,0,16,0,32,64,"0x7f7ea91e8300","0x7f669ba7b600",4181345554887943,4181345554896914,4181345554902002,4181345554920561,5088
377,"void transformer_engine::fused_attn_rocm::compute_scores_kernel<__half, transformer_engine::fused_attn_rocm::SmallSeqConfig<6, 128, 256, false, (transformer_engine::fused_attn_rocm::CausalMaskType)0>, 1>(__half const*, __half const*, __half*, float, int const*, int const*, int, int) [clone .kd]",2,8,477,1277591,1277591,64000,64,0,0,92,4,48,64,"0x0","0x7f3e240cea80",4181345554936695,4181345554946308,4181345554977715,4181345554987030,31407
378,"void transformer_engine::fused_attn_rocm::apply_mask_and_softmax_kernel<__half, transformer_engine::fused_attn_rocm::SmallSeqConfig<6, 128, 256, false, (transformer_engine::fused_attn_rocm::CausalMaskType)0> >(__half*, __half const*, float, int const*, int, int) [clone .kd]",2,8,478,1277591,1277591,390144,256,1024,0,12,4,16,64,"0x0","0x7f3e240ceac0",4181345554944016,4181345554977715,4181345554982802,4181345554994822,5087
379,"void transformer_engine::fused_attn_rocm::compute_output_kernel<__half, transformer_engine::fused_attn_rocm::SmallSeqConfig<6, 128, 256, false, (transformer_engine::fused_attn_rocm::CausalMaskType)0>, 2, 8>(__half const*, __half const*, __half*, int const*, int const*, int, int) [clone .kd]",2,8,479,1277591,1277591,512000,64,12288,0,20,4,32,64,"0x0","0x7f3e240ceb00",4181345554952008,4181345554982802,4181345555025666,4181345555027661,42864
380,"loop_broadcast_fusion_5.kd",2,8,480,1277591,1277591,2048000,256,0,0,4,4,16,64,"0x0","0x7f3e25f69a40",4181345554967080,4181345555025666,4181345555033798,4181345555039618,8132
381,"__amd_rocclr_fillBufferAligned.kd",2,8,481,1277591,1277591,77824,256,0,0,12,4,48,64,"0x0","0x7f669ba7b580",4181345554980520,4181345555033798,4181345555040768,4181345555045107,6970
382,"__amd_rocclr_fillBufferAligned.kd",2,8,482,1277591,1277591,77824,256,0,0,12,4,48,64,"0x0","0x7f669ba7b580",4181345554986299,4181345555040768,4181345555058435,4181345555060399,17667
383,"__amd_rocclr_fillBufferAligned.kd",2,8,483,1277591,1277591,77824,256,0,0,12,4,48,64,"0x0","0x7f669ba7b580",4181345555007921,4181345555058435,4181345555076141,4181345555083303,17706
384,"__amd_rocclr_fillBufferAligned.kd",2,8,484,1277591,1277591,256,256,0,0,12,4,48,64,"0x0","0x7f669ba7b580",4181345555016153,4181345555076141,4181345555080988,4181345555088281,4847
385,"ck_fused_attn::get_runtime_max_seqlen_kernel(unsigned long, int const*, int const*, unsigned long*) [clone .kd]",2,8,485,1277591,1277591,4096,128,0,0,4,4,32,64,"0x0","0x7f3e25f58940",4181345555022222,4181345555080988,4181345555086877,4181345555092687,5889
386,"__amd_rocclr_copyBuffer.kd",2,8,486,1277591,1277591,512,512,0,0,16,0,32,64,"0x7f7ea91e8200","0x7f669ba7b600",4181345555030825,4181345555086877,4181345555092485,4181345555099387,5608
387,"__amd_rocclr_fillBufferAligned.kd",2,8,488,1277591,1277591,256,256,0,0,12,4,48,64,"0x0","0x7f669ba7b580",4181345555118015,4181345555131664,4181345555133707,4181345555134900,2043
388,"ck_fused_attn::get_runtime_max_seqlen_kernel(unsigned long, int const*, int const*, unsigned long*) [clone .kd]",2,8,489,1277591,1277591,4096,128,0,0,4,4,32,64,"0x0","0x7f3e25f58940",4181345555129492,4181345555139275,4181345555145084,4181345555147579,5809
389,"__amd_rocclr_copyBuffer.kd",2,8,490,1277591,1277591,512,512,0,0,16,0,32,64,"0x7f7ea9073600","0x7f669ba7b600",4181345555141710,4181345555163791,4181345555170161,4181345555174219,6370
390,"void transformer_engine::fused_attn_rocm::compute_grad_v_kernel<__half, transformer_engine::fused_attn_rocm::SmallSeqConfig<6, 128, 256, false, (transformer_engine::fused_attn_rocm::CausalMaskType)0>, 16, 16>(__half const*, __half const*, __half*, int const*, int const*, int, int) [clone .kd]",2,8,492,1277591,1277591,256000,64,12288,0,28,4,32,64,"0x0","0x7f3e240d0200",4181345555189251,4181345555200406,4181345555261737,4181345555264633,61331
391,"void transformer_engine::fused_attn_rocm::compute_grad_attn_kernel<__half, transformer_engine::fused_attn_rocm::SmallSeqConfig<6, 128, 256, false, (transformer_engine::fused_attn_rocm::CausalMaskType)0>, 16>(__half const*, __half const*, __half*, int const*, int const*, int, int) [clone .kd]",2,8,493,1277591,1277591,8000,64,0,0,104,0,64,64,"0x0","0x7f3e240d0240",4181345555198144,4181345555261737,4181345555486431,4181345555494916,224694
392,"void transformer_engine::fused_attn_rocm::softmax_backward_kernel<__half, transformer_engine::fused_attn_rocm::SmallSeqConfig<6, 128, 256, false, (transformer_engine::fused_attn_rocm::CausalMaskType)0> >(__half const*, __half const*, __half*, float, int const*, int, int) [clone .kd]",2,8,494,1277591,1277591,390144,256,1024,0,16,0,16,64,"0x0","0x7f3e240d0280",4181345555206927,4181345555486431,4181345555492240,4181345555503078,5809
393,"void transformer_engine::fused_attn_rocm::compute_grad_qk_kernel<__half, transformer_engine::fused_attn_rocm::SmallSeqConfig<6, 128, 256, false, (transformer_engine::fused_attn_rocm::CausalMaskType)0>, 4, 16>(__half const*, __half const*, __half const*, __half*, __half*, float, int const*, int const*, int, int) [clone .kd]",2,8,495,1277591,1277591,1024000,64,12288,0,36,4,64,64,"0x0","0x7f3e240d02c0",4181345555214148,4181345555492240,4181345555649794,4181345555650447,157554
394,"input_reduce_fusion.kd",2,8,496,1277591,1277591,524288,256,512,0,16,0,16,64,"0x0","0x7f3e25f69a80",4181345555222570,4181345555649794,4181345555659288,4181345555660983,9494
395,"input_reduce_fusion_3.kd",2,8,497,1277591,1277591,128,128,512,0,24,0,16,64,"0x0","0x7f3e25f69ac0",4181345555229371,4181345555659288,4181345555664857,4181345555666591,5569
396,"loop_convert_fusion.kd",2,8,498,1277591,1277591,1,1,0,0,4,4,16,64,"0x0","0x7f3e25f69b00",4181345555237172,4181345555664857,4181345555669143,4181345555672480,4286
397,"input_reduce_reduce_window_fusion_3.kd",2,8,501,1277591,1277591,9728,256,0,0,28,4,48,64,"0x0","0x7f3e25f69000",4181345555327497,4181345555682403,4181345555692978,4181345555706270,10575
398,"loop_reduce_window_fusion_11.kd",2,8,502,1277591,1277591,1536,256,0,0,8,0,16,64,"0x0","0x7f3e25f69040",4181345555336680,4181345555692978,4181345555701191,4181345555719359,8213
399,"loop_slice_fusion_5.kd",2,8,503,1277591,1277591,6,6,0,0,20,4,16,64,"0x0","0x7f3e25f69080",4181345555343530,4181345555701191,4181345555706519,4181345555725769,5328
400,"loop_broadcast_fusion_2.kd",2,8,504,1277591,1277591,24064,256,0,0,4,4,16,64,"0x0","0x7f3e25f690c0",4181345555350911,4181345555706519,4181345555711205,4181345555731658,4686
401,"input_scatter_fusion_2.kd",2,8,505,1277591,1277591,24064,256,0,0,12,4,32,64,"0x0","0x7f3e25f69100",4181345555358593,4181345555711205,4181345555718016,4181345555741833,6811
402,"loop_reduce_window_fusion_10.kd",2,8,506,1277591,1277591,24064,256,0,0,8,0,16,64,"0x0","0x7f3e25f69140",4181345555366074,4181345555718016,4181345555722903,4181345555748242,4887
403,"loop_reduce_window_fusion_11.kd",2,8,507,1277591,1277591,1536,256,0,0,8,0,16,64,"0x0","0x7f3e25f69040",4181345555374516,4181345555722903,4181345555728151,4181345555754181,5248
404,"loop_slice_fusion_4.kd",2,8,508,1277591,1277591,94,94,0,0,24,0,16,64,"0x0","0x7f3e25f69180",4181345555381287,4181345555728151,4181345555733559,4181345555759599,5408
405,"input_reduce_fusion_1.kd",2,8,509,1277591,1277591,64,64,0,0,8,0,16,64,"0x0","0x7f3e25f691c0",4181345555388417,4181345555733559,4181345555738206,4181345555765328,4647
406,"loop_select_fusion_5.kd",2,8,510,1277591,1277591,24064,256,0,0,8,0,32,64,"0x0","0x7f3e25f69200",4181345555395277,4181345555738206,4181345555743253,4181345555771116,5047
407,"loop_select_fusion_2.kd",2,8,511,1277591,1277591,24064,256,0,0,4,4,16,64,"0x0","0x7f3e25f69240",4181345555403109,4181345555743253,4181345555748140,4181345555776645,4887
408,"loop_reduce_window_fusion_10.kd",2,8,512,1277591,1277591,24064,256,0,0,8,0,16,64,"0x0","0x7f3e25f69140",4181345555410370,4181345555748140,4181345555752908,4181345555782153,4768
409,"loop_reduce_window_fusion_11.kd",2,8,513,1277591,1277591,1536,256,0,0,8,0,16,64,"0x0","0x7f3e25f69040",4181345555417190,4181345555752908,4181345555757755,4181345555787811,4847
410,"loop_slice_fusion_5.kd",2,8,514,1277591,1277591,6,6,0,0,20,4,16,64,"0x0","0x7f3e25f69080",4181345555424521,4181345555757755,4181345555762362,4181345555824806,4607
411,"input_concatenate_fusion.kd",2,8,515,1277591,1277591,24064,256,0,0,12,4,32,64,"0x0","0x7f3e25f69280",4181345555431812,4181345555762362,4181345555768050,4181345555819238,5688
412,"input_reduce_reduce_window_fusion.kd",2,8,516,1277591,1277591,11264,256,0,0,36,4,48,64,"0x0","0x7f3e25f692c0",4181345555438922,4181345555768050,4181345555778786,4181345555811076,10736
413,"loop_reduce_window_fusion_2.kd",2,8,517,1277591,1277591,1792,256,0,0,8,0,16,64,"0x0","0x7f3e25f69300",4181345555445662,4181345555778786,4181345555783834,4181345555805678,5048
414,"loop_slice_fusion_7.kd",2,8,518,1277591,1277591,7,7,0,0,20,4,16,64,"0x0","0x7f3e25f69340",4181345555453163,4181345555783834,4181345555788440,4181345555799889,4606
415,"loop_broadcast_fusion.kd",2,8,519,1277591,1277591,28160,256,0,0,4,4,16,64,"0x0","0x7f3e25f69380",4181345555460234,4181345555788440,4181345555793368,4181345555793720,4928
416,"input_scatter_fusion.kd",2,8,520,1277591,1277591,28160,256,0,0,12,4,32,64,"0x0","0x7f3e25f693c0",4181345555467174,4181345555793368,4181345555800618,4181345555850384,7250
417,"loop_reduce_window_fusion_1.kd",2,8,521,1277591,1277591,28160,256,0,0,8,0,16,64,"0x0","0x7f3e25f69400",4181345555474245,4181345555800618,4181345555805466,4181345555832778,4848
418,"loop_reduce_window_fusion_2.kd",2,8,522,1277591,1277591,1792,256,0,0,8,0,16,64,"0x0","0x7f3e25f69300",4181345555481005,4181345555805466,4181345555810713,4181345555870654,5247
419,"loop_slice_fusion_7.kd",2,8,523,1277591,1277591,7,7,0,0,20,4,16,64,"0x0","0x7f3e25f69340",4181345555488806,4181345555810713,4181345555815400,4181345555876663,4687
420,"loop_slice_fusion_3.kd",2,8,524,1277591,1277591,110,110,0,0,8,0,16,64,"0x0","0x7f3e25f69440",4181345555496017,4181345555815400,4181345555820007,4181345555882061,4607
421,"input_reduce_fusion_2.kd",2,8,525,1277591,1277591,64,64,0,0,8,0,16,64,"0x0","0x7f3e25f69480",4181345555517449,4181345555820007,4181345555824694,4181345555887549,4687
422,"loop_select_fusion_4.kd",2,8,526,1277591,1277591,28160,256,0,0,8,0,32,64,"0x0","0x7f3e25f694c0",4181345555525761,4181345555824694,4181345555829662,4181345555893088,4968
423,"loop_select_fusion.kd",2,8,527,1277591,1277591,28160,256,0,0,8,0,16,64,"0x0","0x7f3e25f69500",4181345555532732,4181345555829662,4181345555834549,4181345555898336,4887
424,"loop_compare_fusion_1.kd",2,8,528,1277591,1277591,4096,256,0,0,4,4,16,64,"0x0","0x7f3e25f69540",4181345555539973,4181345555834549,4181345555839316,4181345555864575,4767
425,"input_reduce_reduce_window_fusion_2.kd",2,8,529,1277591,1277591,256,256,512,0,20,4,32,64,"0x0","0x7f3e25f69580",4181345555546883,4181345555839316,4181345555854659,4181345555858106,15343
426,"loop_slice_fusion_1.kd",2,8,530,1277591,1277591,16,16,0,0,20,4,16,64,"0x0","0x7f3e25f695c0",4181345555553743,4181345555854659,4181345555859346,4181345555938335,4687
427,"loop_broadcast_fusion_3.kd",2,8,531,1277591,1277591,4096,256,0,0,4,4,16,64,"0x0","0x7f3e25f69600",4181345555560223,4181345555859346,4181345555864393,4181345555944134,5047
428,"input_scatter_fusion_3.kd",2,8,532,1277591,1277591,4096,256,0,0,8,0,32,64,"0x0","0x7f3e25f69640",4181345555567233,4181345555864393,4181345555870562,4181345555949792,6169
429,"loop_reduce_window_fusion_13.kd",2,8,533,1277591,1277591,4096,256,0,0,8,0,16,64,"0x0","0x7f3e25f69680",4181345555573993,4181345555870562,4181345555875450,4181345555954990,4888
430,"loop_slice_fusion_1.kd",2,8,534,1277591,1277591,16,16,0,0,20,4,16,64,"0x0","0x7f3e25f695c0",4181345555580713,4181345555875450,4181345555880177,4181345555965736,4727
431,"loop_remainder_fusion.kd",2,8,535,1277591,1277591,4096,256,0,0,12,4,16,64,"0x0","0x7f3e25f696c0",4181345555588074,4181345555880177,4181345555886066,4181345555971394,5889
432,"loop_select_fusion_3.kd",2,8,536,1277591,1277591,4096,256,0,0,8,0,32,64,"0x0","0x7f3e25f69700",4181345555602656,4181345555886066,4181345555890913,4181345555976642,4847
433,"loop_reduce_window_fusion_13.kd",2,8,537,1277591,1277591,4096,256,0,0,8,0,16,64,"0x0","0x7f3e25f69680",4181345555621854,4181345555890913,4181345555895760,4181345555920438,4847
434,"loop_slice_fusion_1.kd",2,8,538,1277591,1277591,16,16,0,0,20,4,16,64,"0x0","0x7f3e25f695c0",4181345555636085,4181345555895760,4181345555900487,4181345555926517,4727
435,"input_concatenate_fusion_1.kd",2,8,539,1277591,1277591,4096,256,0,0,8,0,32,64,"0x0","0x7f3e25f69740",4181345555665219,4181345555900487,4181345555906776,4181345555908090,6289
436,"loop_compare_fusion.kd",2,8,540,1277591,1277591,8192,256,0,0,4,4,16,64,"0x0","0x7f3e25f69780",4181345555686360,4181345555906776,4181345555911704,4181345555932596,4928
437,"input_reduce_reduce_window_fusion_1.kd",2,8,541,1277591,1277591,512,512,512,0,20,4,48,64,"0x0","0x7f3e25f697c0",4181345555693901,4181345555911704,4181345555928689,4181345555959977,16985
438,"loop_reduce_window_fusion_6.kd",2,8,542,1277591,1277591,32,32,0,0,32,0,16,64,"0x0","0x7f3e25f69800",4181345555701323,4181345555928689,4181345555938904,4181345556036080,10215
439,"loop_broadcast_fusion_1.kd",2,8,543,1277591,1277591,8192,256,0,0,4,4,16,64,"0x0","0x7f3e25f69840",4181345555710126,4181345555938904,4181345555944032,4181345556041158,5128
440,"input_scatter_fusion_1.kd",2,8,544,1277591,1277591,8192,256,0,0,8,0,32,64,"0x0","0x7f3e25f69880",4181345555849283,4181345555944032,4181345555949440,4181345556030592,5408
441,"loop_reduce_window_fusion_5.kd",2,8,545,1277591,1277591,8192,256,0,0,8,0,16,64,"0x0","0x7f3e25f698c0",4181345555863674,4181345555949440,4181345555954487,4181345555984524,5047
442,"loop_reduce_window_fusion_4.kd",2,8,546,1277591,1277591,512,256,0,0,8,0,16,64,"0x0","0x7f3e25f69900",4181345555915451,4181345555954487,4181345555959455,4181345556025014,4968
443,"loop_reduce_window_fusion_3.kd",2,8,547,1277591,1277591,32,32,0,0,8,0,16,64,"0x0","0x7f3e25f69940",4181345555925566,4181345555990621,4181345555995148,4181345556018775,4527
444,"loop_select_fusion_6.kd",2,8,548,1277591,1277591,8192,256,0,0,8,0,32,64,"0x0","0x7f3e25f69980",4181345556016491,4181345556055718,4181345556058802,4181345556060967,3084
445,"loop_select_fusion_1.kd",2,8,549,1277591,1277591,8192,256,0,0,8,0,16,64,"0x0","0x7f3e25f699c0",4181345556056080,4181345556065412,4181345556068216,4181345556068759,2804
446,"loop_broadcast_fusion_4.kd",2,8,550,1277591,1277591,16,16,0,0,4,4,16,64,"0x0","0x7f3e25f69a00",4181345556064523,4181345556074346,4181345556076148,4181345556075880,1802
447,"__amd_rocclr_fillBufferAligned.kd",2,8,551,1277591,1277591,77824,256,0,0,12,4,48,64,"0x0","0x7f669ba7b580",4181345556079184,4181345556096338,4181345556110519,4181345556113095,14181
448,"__amd_rocclr_fillBufferAligned.kd",2,8,552,1277591,1277591,16128,256,0,0,12,4,48,64,"0x0","0x7f669ba7b580",4181345556094517,4181345556110519,4181345556115447,4181345556120055,4928
449,"transformer_engine::fused_attn_rocm::populate_rng_state_kernel(long*, long const*, long) [clone .kd]",2,8,553,1277591,1277591,1,1,0,0,8,0,16,64,"0x0","0x7f3e25f8d380",4181345556104162,4181345556115447,4181345556119573,4181345556128568,4126
450,"__amd_rocclr_fillBufferAligned.kd",2,8,554,1277591,1277591,256,256,0,0,12,4,48,64,"0x0","0x7f669ba7b580",4181345556114237,4181345556134315,4181345556136157,4181345556137061,1842
451,"ck_fused_attn::get_runtime_max_seqlen_kernel(unsigned long, int const*, int const*, unsigned long*) [clone .kd]",2,8,555,1277591,1277591,4096,128,0,0,4,4,32,64,"0x0","0x7f3e25f58940",4181345556133345,4181345556143248,4181345556148816,4181345556148528,5568
452,"__amd_rocclr_copyBuffer.kd",2,8,556,1277591,1277591,512,512,0,0,16,0,32,64,"0x7f7ea91e9f00","0x7f669ba7b600",4181345556143470,4181345556153744,4181345556159713,4181345556164091,5969
453,"__amd_rocclr_fillBufferAligned.kd",2,8,558,1277591,1277591,256,256,0,0,12,4,48,64,"0x0","0x7f669ba7b580",4181345556186394,4181345556196407,4181345556198330,4181345556240915,1923
454,"ck_fused_attn::get_runtime_max_seqlen_kernel(unsigned long, int const*, int const*, unsigned long*) [clone .kd]",2,8,559,1277591,1277591,4096,128,0,0,4,4,32,64,"0x0","0x7f3e25f58940",4181345556198502,4181345556208625,4181345556214394,4181345556251681,5769
455,"__amd_rocclr_copyBuffer.kd",2,8,560,1277591,1277591,512,512,0,0,16,0,32,64,"0x7f7ea91e9e00","0x7f669ba7b600",4181345556215527,4181345556224329,4181345556230458,4181345556246614,6129
456,"void transformer_engine::fused_attn_rocm::compute_scores_kernel<__half, transformer_engine::fused_attn_rocm::SmallSeqConfig<6, 128, 256, false, (transformer_engine::fused_attn_rocm::CausalMaskType)0>, 1>(__half const*, __half const*, __half*, float, int const*, int const*, int, int) [clone .kd]",2,8,562,1277591,1277591,64000,64,0,0,92,4,48,64,"0x0","0x7f3e240cea80",4181345556263519,4181345556272761,4181345556303607,4181345556311280,30846
457,"void transformer_engine::fused_attn_rocm::apply_mask_and_softmax_kernel<__half, transformer_engine::fused_attn_rocm::SmallSeqConfig<6, 128, 256, false, (transformer_engine::fused_attn_rocm::CausalMaskType)0> >(__half*, __half const*, float, int const*, int, int) [clone .kd]",2,8,563,1277591,1277591,390144,256,1024,0,12,4,16,64,"0x0","0x7f3e240ceac0",4181345556271310,4181345556303607,4181345556308654,4181345556318881,5047
458,"void transformer_engine::fused_attn_rocm::compute_output_kernel<__half, transformer_engine::fused_attn_rocm::SmallSeqConfig<6, 128, 256, false, (transformer_engine::fused_attn_rocm::CausalMaskType)0>, 2, 8>(__half const*, __half const*, __half*, int const*, int const*, int, int) [clone .kd]",2,8,564,1277591,1277591,512000,64,12288,0,20,4,32,64,"0x0","0x7f3e240ceb00",4181345556279312,4181345556308654,4181345556352399,4181345556353492,43745
459,"loop_broadcast_fusion_5.kd",2,8,565,1277591,1277591,2048000,256,0,0,4,4,16,64,"0x0","0x7f3e25f69a40",4181345556294775,4181345556352399,4181345556360611,4181345556364409,8212
460,"__amd_rocclr_fillBufferAligned.kd",2,8,566,1277591,1277591,77824,256,0,0,12,4,48,64,"0x0","0x7f669ba7b580",4181345556310098,4181345556360611,4181345556367421,4181345556372240,6810
461,"__amd_rocclr_fillBufferAligned.kd",2,8,567,1277591,1277591,77824,256,0,0,12,4,48,64,"0x0","0x7f669ba7b580",4181345556331249,4181345556367421,4181345556385208,4181345556386131,17787
462,"__amd_rocclr_fillBufferAligned.kd",2,8,568,1277591,1277591,77824,256,0,0,12,4,48,64,"0x0","0x7f669ba7b580",4181345556339532,4181345556385208,4181345556402874,4181345556416566,17666
463,"__amd_rocclr_fillBufferAligned.kd",2,8,569,1277591,1277591,256,256,0,0,12,4,48,64,"0x0","0x7f669ba7b580",4181345556347644,4181345556402874,4181345556407882,4181345556410898,5008
464,"ck_fused_attn::get_runtime_max_seqlen_kernel(unsigned long, int const*, int const*, unsigned long*) [clone .kd]",2,8,570,1277591,1277591,4096,128,0,0,4,4,32,64,"0x0","0x7f3e25f58940",4181345556355145,4181345556407882,4181345556413891,4181345556422615,6009
465,"__amd_rocclr_copyBuffer.kd",2,8,571,1277591,1277591,512,512,0,0,16,0,32,64,"0x7f7ea9072980","0x7f669ba7b600",4181345556371029,4181345556413891,4181345556419218,4181345556426982,5327
466,"__amd_rocclr_fillBufferAligned.kd",2,8,573,1277591,1277591,256,256,0,0,12,4,48,64,"0x0","0x7f669ba7b580",4181345556442935,4181345556456594,4181345556458717,4181345556472459,2123
467,"ck_fused_attn::get_runtime_max_seqlen_kernel(unsigned long, int const*, int const*, unsigned long*) [clone .kd]",2,8,574,1277591,1277591,4096,128,0,0,4,4,32,64,"0x0","0x7f3e25f58940",4181345556457137,4181345556470455,4181345556476343,4181345556478248,5888
468,"__amd_rocclr_copyBuffer.kd",2,8,575,1277591,1277591,512,512,0,0,16,0,32,64,"0x7f7ea91e9c00","0x7f669ba7b600",4181345556469575,4181345556481111,4181345556485597,4181345556486430,4486
469,"void transformer_engine::fused_attn_rocm::compute_grad_v_kernel<__half, transformer_engine::fused_attn_rocm::SmallSeqConfig<6, 128, 256, false, (transformer_engine::fused_attn_rocm::CausalMaskType)0>, 16, 16>(__half const*, __half const*, __half*, int const*, int const*, int, int) [clone .kd]",2,8,577,1277591,1277591,256000,64,12288,0,28,4,32,64,"0x0","0x7f3e240d0200",4181345556506680,4181345556516243,4181345556575932,4181345556577486,59689
470,"void transformer_engine::fused_attn_rocm::compute_grad_attn_kernel<__half, transformer_engine::fused_attn_rocm::SmallSeqConfig<6, 128, 256, false, (transformer_engine::fused_attn_rocm::CausalMaskType)0>, 16>(__half const*, __half const*, __half*, int const*, int const*, int, int) [clone .kd]",2,8,578,1277591,1277591,8000,64,0,0,104,0,64,64,"0x0","0x7f3e240d0240",4181345556514302,4181345556575932,4181345556801908,4181345556808639,225976
471,"void transformer_engine::fused_attn_rocm::softmax_backward_kernel<__half, transformer_engine::fused_attn_rocm::SmallSeqConfig<6, 128, 256, false, (transformer_engine::fused_attn_rocm::CausalMaskType)0> >(__half const*, __half const*, __half*, float, int const*, int, int) [clone .kd]",2,8,579,1277591,1277591,390144,256,1024,0,16,0,16,64,"0x0","0x7f3e240d0280",4181345556521552,4181345556801908,4181345556807596,4181345556820807,5688
472,"void transformer_engine::fused_attn_rocm::compute_grad_qk_kernel<__half, transformer_engine::fused_attn_rocm::SmallSeqConfig<6, 128, 256, false, (transformer_engine::fused_attn_rocm::CausalMaskType)0>, 4, 16>(__half const*, __half const*, __half const*, __half*, __half*, float, int const*, int const*, int, int) [clone .kd]",2,8,580,1277591,1277591,1024000,64,12288,0,36,4,64,64,"0x0","0x7f3e240d02c0",4181345556529314,4181345556807596,4181345556965591,4181345556976469,157995
473,"input_reduce_fusion.kd",2,8,581,1277591,1277591,524288,256,512,0,16,0,16,64,"0x0","0x7f3e25f69a80",4181345556538598,4181345556965591,4181345556974685,4181345556984431,9094
474,"input_reduce_fusion_3.kd",2,8,582,1277591,1277591,128,128,512,0,24,0,16,64,"0x0","0x7f3e25f69ac0",4181345556545999,4181345556974685,4181345556980213,4181345556990620,5528
475,"loop_convert_fusion.kd",2,8,583,1277591,1277591,1,1,0,0,4,4,16,64,"0x0","0x7f3e25f69b00",4181345556553330,4181345556980213,4181345556984539,4181345557000715,4326
476,"input_reduce_reduce_window_fusion_3.kd",2,8,586,1277591,1277591,9728,256,0,0,28,4,48,64,"0x0","0x7f3e25f69000",4181345556644525,4181345556997519,4181345557007734,4181345557008737,10215
477,"loop_reduce_window_fusion_11.kd",2,8,587,1277591,1277591,1536,256,0,0,8,0,16,64,"0x0","0x7f3e25f69040",4181345556654049,4181345557007734,4181345557014344,4181345557015096,6610
478,"loop_slice_fusion_5.kd",2,8,588,1277591,1277591,6,6,0,0,20,4,16,64,"0x0","0x7f3e25f69080",4181345556662051,4181345557014344,4181345557019071,4181345557020855,4727
479,"loop_broadcast_fusion_2.kd",2,8,589,1277591,1277591,24064,256,0,0,4,4,16,64,"0x0","0x7f3e25f690c0",4181345556669102,4181345557019071,4181345557024759,4181345557026584,5688
480,"input_scatter_fusion_2.kd",2,8,590,1277591,1277591,24064,256,0,0,12,4,32,64,"0x0","0x7f3e25f69100",4181345556677755,4181345557024759,4181345557033011,4181345557032472,8252
481,"loop_reduce_window_fusion_10.kd",2,8,591,1277591,1277591,24064,256,0,0,8,0,16,64,"0x0","0x7f3e25f69140",4181345556685546,4181345557033011,4181345557038940,4181345557046824,5929
482,"loop_reduce_window_fusion_11.kd",2,8,592,1277591,1277591,1536,256,0,0,8,0,16,64,"0x0","0x7f3e25f69040",4181345556692867,4181345557038940,4181345557045991,4181345557057640,7051
483,"loop_slice_fusion_4.kd",2,8,593,1277591,1277591,94,94,0,0,24,0,16,64,"0x0","0x7f3e25f69180",4181345556699988,4181345557045991,4181345557051799,4181345557063368,5808
484,"input_reduce_fusion_1.kd",2,8,594,1277591,1277591,64,64,0,0,8,0,16,64,"0x0","0x7f3e25f691c0",4181345556707128,4181345557051799,4181345557056847,4181345557069467,5048
485,"loop_select_fusion_5.kd",2,8,595,1277591,1277591,24064,256,0,0,8,0,32,64,"0x0","0x7f3e25f69200",4181345556714479,4181345557056847,4181345557061814,4181345557074875,4967
486,"loop_select_fusion_2.kd",2,8,596,1277591,1277591,24064,256,0,0,4,4,16,64,"0x0","0x7f3e25f69240",4181345556720909,4181345557061814,4181345557066701,4181345557080574,4887
487,"loop_reduce_window_fusion_10.kd",2,8,597,1277591,1277591,24064,256,0,0,8,0,16,64,"0x0","0x7f3e25f69140",4181345556727709,4181345557066701,4181345557071469,4181345557086693,4768
488,"loop_reduce_window_fusion_11.kd",2,8,598,1277591,1277591,1536,256,0,0,8,0,16,64,"0x0","0x7f3e25f69040",4181345556733628,4181345557071469,4181345557076276,4181345557092992,4807
489,"loop_slice_fusion_5.kd",2,8,599,1277591,1277591,6,6,0,0,20,4,16,64,"0x0","0x7f3e25f69080",4181345556740728,4181345557076276,4181345557080842,4181345557098801,4566
490,"input_concatenate_fusion.kd",2,8,600,1277591,1277591,24064,256,0,0,12,4,32,64,"0x0","0x7f3e25f69280",4181345556747288,4181345557080842,4181345557086731,4181345557104580,5889
491,"input_reduce_reduce_window_fusion.kd",2,8,601,1277591,1277591,11264,256,0,0,36,4,48,64,"0x0","0x7f3e25f692c0",4181345556754449,4181345557086731,4181345557096946,4181345557110418,10215
492,"loop_reduce_window_fusion_2.kd",2,8,602,1277591,1277591,1792,256,0,0,8,0,16,64,"0x0","0x7f3e25f69300",4181345556761219,4181345557096946,4181345557101994,4181345557115936,5048
493,"loop_slice_fusion_7.kd",2,8,603,1277591,1277591,7,7,0,0,20,4,16,64,"0x0","0x7f3e25f69340",4181345556768730,4181345557101994,4181345557106561,4181345557127464,4567
494,"loop_broadcast_fusion.kd",2,8,604,1277591,1277591,28160,256,0,0,4,4,16,64,"0x0","0x7f3e25f69380",4181345556775981,4181345557106561,4181345557111488,4181345557121765,4927
495,"input_scatter_fusion.kd",2,8,605,1277591,1277591,28160,256,0,0,12,4,32,64,"0x0","0x7f3e25f693c0",4181345556783492,4181345557111488,4181345557118779,4181345557160413,7291
496,"loop_reduce_window_fusion_1.kd",2,8,606,1277591,1277591,28160,256,0,0,8,0,16,64,"0x0","0x7f3e25f69400",4181345556790843,4181345557118779,4181345557123586,4181345557137408,4807
497,"loop_reduce_window_fusion_2.kd",2,8,607,1277591,1277591,1792,256,0,0,8,0,16,64,"0x0","0x7f3e25f69300",4181345556797783,4181345557123586,4181345557128553,4181345557167293,4967
498,"loop_slice_fusion_7.kd",2,8,608,1277591,1277591,7,7,0,0,20,4,16,64,"0x0","0x7f3e25f69340",4181345556803602,4181345557128553,4181345557133160,4181345557173041,4607
499,"loop_slice_fusion_3.kd",2,8,609,1277591,1277591,110,110,0,0,8,0,16,64,"0x0","0x7f3e25f69440",4181345556810642,4181345557133160,4181345557137847,4181345557178660,4687
500,"input_reduce_fusion_2.kd",2,8,610,1277591,1277591,64,64,0,0,8,0,16,64,"0x0","0x7f3e25f69480",4181345556835479,4181345557137847,4181345557142494,4181345557184649,4647
501,"loop_select_fusion_4.kd",2,8,611,1277591,1277591,28160,256,0,0,8,0,32,64,"0x0","0x7f3e25f694c0",4181345556844693,4181345557142494,4181345557147462,4181345557190127,4968
502,"loop_select_fusion.kd",2,8,612,1277591,1277591,28160,256,0,0,8,0,16,64,"0x0","0x7f3e25f69500",4181345556852194,4181345557147462,4181345557152309,4181345557195314,4847
503,"loop_compare_fusion_1.kd",2,8,613,1277591,1277591,4096,256,0,0,4,4,16,64,"0x0","0x7f3e25f69540",4181345556859405,4181345557152309,4181345557157076,4181345557200482,4767
504,"input_reduce_reduce_window_fusion_2.kd",2,8,614,1277591,1277591,256,256,512,0,20,4,32,64,"0x0","0x7f3e25f69580",4181345556866265,4181345557157076,4181345557173340,4181345557206261,16264
505,"loop_slice_fusion_1.kd",2,8,615,1277591,1277591,16,16,0,0,20,4,16,64,"0x0","0x7f3e25f695c0",4181345556873406,4181345557173340,4181345557178027,4181345557211899,4687
506,"loop_broadcast_fusion_3.kd",2,8,616,1277591,1277591,4096,256,0,0,4,4,16,64,"0x0","0x7f3e25f69600",4181345556879935,4181345557178027,4181345557182994,4181345557217047,4967
507,"input_scatter_fusion_3.kd",2,8,617,1277591,1277591,4096,256,0,0,8,0,32,64,"0x0","0x7f3e25f69640",4181345556886846,4181345557182994,4181345557189364,4181345557224358,6370
508,"loop_reduce_window_fusion_13.kd",2,8,618,1277591,1277591,4096,256,0,0,8,0,16,64,"0x0","0x7f3e25f69680",4181345556893676,4181345557189364,4181345557194251,4181345557229956,4887
509,"loop_slice_fusion_1.kd",2,8,619,1277591,1277591,16,16,0,0,20,4,16,64,"0x0","0x7f3e25f695c0",4181345556900626,4181345557194251,4181345557198978,4181345557235354,4727
510,"loop_remainder_fusion.kd",2,8,620,1277591,1277591,4096,256,0,0,12,4,16,64,"0x0","0x7f3e25f696c0",4181345556907837,4181345557198978,4181345557205067,4181345557240952,6089
511,"loop_select_fusion_3.kd",2,8,621,1277591,1277591,4096,256,0,0,8,0,32,64,"0x0","0x7f3e25f69700",4181345556915919,4181345557205067,4181345557209995,4181345557246471,4928
512,"loop_reduce_window_fusion_13.kd",2,8,622,1277591,1277591,4096,256,0,0,8,0,16,64,"0x0","0x7f3e25f69680",4181345556923270,4181345557209995,4181345557214842,4181345557252139,4847
513,"loop_slice_fusion_1.kd",2,8,623,1277591,1277591,16,16,0,0,20,4,16,64,"0x0","0x7f3e25f695c0",4181345556931452,4181345557214842,4181345557219529,4181345557285378,4687
514,"input_concatenate_fusion_1.kd",2,8,624,1277591,1277591,4096,256,0,0,8,0,32,64,"0x0","0x7f3e25f69740",4181345556937962,4181345557219529,4181345557225177,4181345557290256,5648
515,"loop_compare_fusion.kd",2,8,625,1277591,1277591,8192,256,0,0,4,4,16,64,"0x0","0x7f3e25f69780",4181345556947816,4181345557225177,4181345557230185,4181345557258238,5008
516,"input_reduce_reduce_window_fusion_1.kd",2,8,626,1277591,1277591,512,512,512,0,20,4,48,64,"0x0","0x7f3e25f697c0",4181345556959654,4181345557230185,4181345557247610,4181345557279179,17425
517,"loop_reduce_window_fusion_6.kd",2,8,627,1277591,1277591,32,32,0,0,32,0,16,64,"0x0","0x7f3e25f69800",4181345556968627,4181345557247610,4181345557258026,4181345557298338,10416
518,"loop_broadcast_fusion_1.kd",2,8,628,1277591,1277591,8192,256,0,0,4,4,16,64,"0x0","0x7f3e25f69840",4181345557006454,4181345557258026,4181345557263033,4181345557317697,5007
519,"input_scatter_fusion_1.kd",2,8,629,1277591,1277591,8192,256,0,0,8,0,32,64,"0x0","0x7f3e25f69880",4181345557047124,4181345557263033,4181345557268281,4181345557304827,5248
520,"loop_reduce_window_fusion_5.kd",2,8,630,1277591,1277591,8192,256,0,0,8,0,16,64,"0x0","0x7f3e25f698c0",4181345557150488,4181345557272247,4181345557275732,4181345557310856,3485
521,"loop_reduce_window_fusion_4.kd",2,8,631,1277591,1277591,512,256,0,0,8,0,16,64,"0x0","0x7f3e25f69900",4181345557272830,4181345557305176,4181345557310584,4181345557326159,5408
522,"loop_reduce_window_fusion_3.kd",2,8,632,1277591,1277591,32,32,0,0,8,0,16,64,"0x0","0x7f3e25f69940",4181345557305248,4181345557335701,4181345557340308,4181345557366419,4607
523,"loop_select_fusion_6.kd",2,8,633,1277591,1277591,8192,256,0,0,8,0,32,64,"0x0","0x7f3e25f69980",4181345557363725,4181345557374559,4181345557377764,4181345557378867,3205
524,"loop_select_fusion_1.kd",2,8,634,1277591,1277591,8192,256,0,0,8,0,16,64,"0x0","0x7f3e25f699c0",4181345557373520,4181345557382491,4181345557385255,4181345557386439,2764
525,"loop_broadcast_fusion_4.kd",2,8,635,1277591,1277591,16,16,0,0,4,4,16,64,"0x0","0x7f3e25f69a00",4181345557381582,4181345557390503,4181345557392266,4181345557391827,1763
526,"__amd_rocclr_fillBufferAligned.kd",2,8,636,1277591,1277591,77824,256,0,0,12,4,48,64,"0x0","0x7f669ba7b580",4181345557397095,4181345557411174,4181345557425675,4181345557428521,14501
527,"__amd_rocclr_fillBufferAligned.kd",2,8,637,1277591,1277591,16128,256,0,0,12,4,48,64,"0x0","0x7f669ba7b580",4181345557408782,4181345557425675,4181345557431123,4181345557433969,5448
528,"transformer_engine::fused_attn_rocm::populate_rng_state_kernel(long*, long const*, long) [clone .kd]",2,8,638,1277591,1277591,1,1,0,0,8,0,16,64,"0x0","0x7f3e25f8d380",4181345557420319,4181345557431123,4181345557435250,4181345557441691,4127
529,"__amd_rocclr_fillBufferAligned.kd",2,8,639,1277591,1277591,256,256,0,0,12,4,48,64,"0x0","0x7f669ba7b580",4181345557431065,4181345557439736,4181345557441539,4181345557447800,1803
530,"ck_fused_attn::get_runtime_max_seqlen_kernel(unsigned long, int const*, int const*, unsigned long*) [clone .kd]",2,8,640,1277591,1277591,4096,128,0,0,4,4,32,64,"0x0","0x7f3e25f58940",4181345557438436,4181345557461969,4181345557467698,4181345557473038,5729
531,"__amd_rocclr_copyBuffer.kd",2,8,641,1277591,1277591,512,512,0,0,16,0,32,64,"0x7f7ea91e9300","0x7f669ba7b600",4181345557463333,4181345557472825,4181345557479275,4181345557481090,6450
532,"__amd_rocclr_fillBufferAligned.kd",2,8,643,1277591,1277591,256,256,0,0,12,4,48,64,"0x0","0x7f669ba7b580",4181345557501229,4181345557511363,4181345557513366,4181345557546006,2003
533,"ck_fused_attn::get_runtime_max_seqlen_kernel(unsigned long, int const*, int const*, unsigned long*) [clone .kd]",2,8,644,1277591,1277591,4096,128,0,0,4,4,32,64,"0x0","0x7f3e25f58940",4181345557512056,4181345557520056,4181345557525904,4181345557556992,5848
534,"__amd_rocclr_copyBuffer.kd",2,8,645,1277591,1277591,512,512,0,0,16,0,32,64,"0x7f7ea9072480","0x7f669ba7b600",4181345557523202,4181345557531152,4181345557537401,4181345557551685,6249
535,"void transformer_engine::fused_attn_rocm::compute_scores_kernel<__half, transformer_engine::fused_attn_rocm::SmallSeqConfig<6, 128, 256, false, (transformer_engine::fused_attn_rocm::CausalMaskType)0>, 1>(__half const*, __half const*, __half*, float, int const*, int const*, int, int) [clone .kd]",2,8,647,1277591,1277591,64000,64,0,0,92,4,48,64,"0x0","0x7f3e240cea80",4181345557568990,4181345557578222,4181345557609108,4181345557616321,30886
536,"void transformer_engine::fused_attn_rocm::apply_mask_and_softmax_kernel<__half, transformer_engine::fused_attn_rocm::SmallSeqConfig<6, 128, 256, false, (transformer_engine::fused_attn_rocm::CausalMaskType)0> >(__half*, __half const*, float, int const*, int, int) [clone .kd]",2,8,648,1277591,1277591,390144,256,1024,0,12,4,16,64,"0x0","0x7f3e240ceac0",4181345557576952,4181345557609108,4181345557614276,4181345557623121,5168
537,"void transformer_engine::fused_attn_rocm::compute_output_kernel<__half, transformer_engine::fused_attn_rocm::SmallSeqConfig<6, 128, 256, false, (transformer_engine::fused_attn_rocm::CausalMaskType)0>, 2, 8>(__half const*, __half const*, __half*, int const*, int const*, int, int) [clone .kd]",2,8,649,1277591,1277591,512000,64,12288,0,20,4,32,64,"0x0","0x7f3e240ceb00",4181345557585014,4181345557614276,4181345557655737,4181345557662900,41461
538,"loop_broadcast_fusion_5.kd",2,8,650,1277591,1277591,2048000,256,0,0,4,4,16,64,"0x0","0x7f3e25f69a40",4181345557593186,4181345557655737,4181345557663910,4181345557671653,8173
539,"__amd_rocclr_fillBufferAligned.kd",2,8,651,1277591,1277591,77824,256,0,0,12,4,48,64,"0x0","0x7f669ba7b580",4181345557613276,4181345557663910,4181345557670720,4181345557676270,6810
540,"__amd_rocclr_fillBufferAligned.kd",2,8,652,1277591,1277591,77824,256,0,0,12,4,48,64,"0x0","0x7f669ba7b580",4181345557620277,4181345557670720,4181345557688426,4181345557691903,17706
541,"__amd_rocclr_fillBufferAligned.kd",2,8,653,1277591,1277591,77824,256,0,0,12,4,48,64,"0x0","0x7f669ba7b580",4181345557629100,4181345557688426,4181345557706132,4181345557707016,17706
542,"__amd_rocclr_fillBufferAligned.kd",2,8,654,1277591,1277591,256,256,0,0,12,4,48,64,"0x0","0x7f669ba7b580",4181345557643511,4181345557706132,4181345557710859,4181345557720335,4727
543,"ck_fused_attn::get_runtime_max_seqlen_kernel(unsigned long, int const*, int const*, unsigned long*) [clone .kd]",2,8,655,1277591,1277591,4096,128,0,0,4,4,32,64,"0x0","0x7f3e25f58940",4181345557650321,4181345557710859,4181345557716788,4181345557724912,5929
544,"__amd_rocclr_copyBuffer.kd",2,8,656,1277591,1277591,512,512,0,0,16,0,32,64,"0x7f7ea91e9800","0x7f669ba7b600",4181345557659395,4181345557716788,4181345557722477,4181345557731752,5689
545,"__amd_rocclr_fillBufferAligned.kd",2,8,658,1277591,1277591,256,256,0,0,12,4,48,64,"0x0","0x7f669ba7b580",4181345557752543,4181345557762376,4181345557764419,4181345557770099,2043
546,"ck_fused_attn::get_runtime_max_seqlen_kernel(unsigned long, int const*, int const*, unsigned long*) [clone .kd]",2,8,659,1277591,1277591,4096,128,0,0,4,4,32,64,"0x0","0x7f3e25f58940",4181345557760565,4181345557770108,4181345557776157,4181345557779453,6049
547,"__amd_rocclr_copyBuffer.kd",2,8,660,1277591,1277591,512,512,0,0,16,0,32,64,"0x7f7ea91e9780","0x7f669ba7b600",4181345557769358,4181345557785811,4181345557792180,4181345557794786,6369
548,"void transformer_engine::fused_attn_rocm::compute_grad_v_kernel<__half, transformer_engine::fused_attn_rocm::SmallSeqConfig<6, 128, 256, false, (transformer_engine::fused_attn_rocm::CausalMaskType)0>, 16, 16>(__half const*, __half const*, __half*, int const*, int const*, int, int) [clone .kd]",2,8,662,1277591,1277591,256000,64,12288,0,28,4,32,64,"0x0","0x7f3e240d0200",4181345557814606,4181345557823948,4181345557885319,4181345557887834,61371
549,"void transformer_engine::fused_attn_rocm::compute_grad_attn_kernel<__half, transformer_engine::fused_attn_rocm::SmallSeqConfig<6, 128, 256, false, (transformer_engine::fused_attn_rocm::CausalMaskType)0>, 16>(__half const*, __half const*, __half*, int const*, int const*, int, int) [clone .kd]",2,8,663,1277591,1277591,8000,64,0,0,104,0,64,64,"0x0","0x7f3e240d0240",4181345557822097,4181345557885319,4181345558109933,4181345558117736,224614
550,"void transformer_engine::fused_attn_rocm::softmax_backward_kernel<__half, transformer_engine::fused_attn_rocm::SmallSeqConfig<6, 128, 256, false, (transformer_engine::fused_attn_rocm::CausalMaskType)0> >(__half const*, __half const*, __half*, float, int const*, int, int) [clone .kd]",2,8,664,1277591,1277591,390144,256,1024,0,16,0,16,64,"0x0","0x7f3e240d0280",4181345557829337,4181345558109933,4181345558115661,4181345558125448,5728
551,"void transformer_engine::fused_attn_rocm::compute_grad_qk_kernel<__half, transformer_engine::fused_attn_rocm::SmallSeqConfig<6, 128, 256, false, (transformer_engine::fused_attn_rocm::CausalMaskType)0>, 4, 16>(__half const*, __half const*, __half const*, __half*, __half*, float, int const*, int const*, int, int) [clone .kd]",2,8,665,1277591,1277591,1024000,64,12288,0,36,4,64,64,"0x0","0x7f3e240d02c0",4181345557838090,4181345558115661,4181345558268128,4181345558273899,152467
552,"input_reduce_fusion.kd",2,8,666,1277591,1277591,524288,256,512,0,16,0,16,64,"0x0","0x7f3e25f69a80",4181345557845802,4181345558268128,4181345558277502,4181345558282211,9374
553,"input_reduce_fusion_3.kd",2,8,667,1277591,1277591,128,128,512,0,24,0,16,64,"0x0","0x7f3e25f69ac0",4181345557853163,4181345558277502,4181345558283030,4181345558287909,5528
554,"loop_convert_fusion.kd",2,8,668,1277591,1277591,1,1,0,0,4,4,16,64,"0x0","0x7f3e25f69b00",4181345557860744,4181345558283030,4181345558287197,4181345558293538,4167
555,"input_reduce_reduce_window_fusion_3.kd",2,8,671,1277591,1277591,9728,256,0,0,28,4,48,64,"0x0","0x7f3e25f69000",4181345557954564,4181345558299535,4181345558309790,4181345558327599,10255
556,"loop_reduce_window_fusion_11.kd",2,8,672,1277591,1277591,1536,256,0,0,8,0,16,64,"0x0","0x7f3e25f69040",4181345557964789,4181345558309790,4181345558316560,4181345558340217,6770
557,"loop_slice_fusion_5.kd",2,8,673,1277591,1277591,6,6,0,0,20,4,16,64,"0x0","0x7f3e25f69080",4181345557973051,4181345558316560,4181345558321608,4181345558346196,5048
558,"loop_broadcast_fusion_2.kd",2,8,674,1277591,1277591,24064,256,0,0,4,4,16,64,"0x0","0x7f3e25f690c0",4181345557980402,4181345558321608,4181345558327296,4181345558351774,5688
559,"input_scatter_fusion_2.kd",2,8,675,1277591,1277591,24064,256,0,0,12,4,32,64,"0x0","0x7f3e25f69100",4181345557987713,4181345558327296,4181345558333545,4181345558357633,6249
560,"loop_reduce_window_fusion_10.kd",2,8,676,1277591,1277591,24064,256,0,0,8,0,16,64,"0x0","0x7f3e25f69140",4181345557994964,4181345558333545,4181345558338393,4181345558363542,4848
561,"loop_reduce_window_fusion_11.kd",2,8,677,1277591,1277591,1536,256,0,0,8,0,16,64,"0x0","0x7f3e25f69040",4181345558002815,4181345558338393,4181345558343360,4181345558370542,4967
562,"loop_slice_fusion_4.kd",2,8,678,1277591,1277591,94,94,0,0,24,0,16,64,"0x0","0x7f3e25f69180",4181345558009746,4181345558343360,4181345558348888,4181345558376371,5528
563,"input_reduce_fusion_1.kd",2,8,679,1277591,1277591,64,64,0,0,8,0,16,64,"0x0","0x7f3e25f691c0",4181345558016636,4181345558348888,4181345558353575,4181345558383762,4687
564,"loop_select_fusion_5.kd",2,8,680,1277591,1277591,24064,256,0,0,8,0,32,64,"0x0","0x7f3e25f69200",4181345558023987,4181345558353575,4181345558358583,4181345558389751,5008
565,"loop_select_fusion_2.kd",2,8,681,1277591,1277591,24064,256,0,0,4,4,16,64,"0x0","0x7f3e25f69240",4181345558031078,4181345558358583,4181345558363470,4181345558395640,4887
566,"loop_reduce_window_fusion_10.kd",2,8,682,1277591,1277591,24064,256,0,0,8,0,16,64,"0x0","0x7f3e25f69140",4181345558038118,4181345558363470,4181345558368197,4181345558401168,4727
567,"loop_reduce_window_fusion_11.kd",2,8,683,1277591,1277591,1536,256,0,0,8,0,16,64,"0x0","0x7f3e25f69040",4181345558044558,4181345558368197,4181345558373044,4181345558406846,4847
568,"loop_slice_fusion_5.kd",2,8,684,1277591,1277591,6,6,0,0,20,4,16,64,"0x0","0x7f3e25f69080",4181345558051878,4181345558373044,4181345558377691,4181345558412365,4647
569,"input_concatenate_fusion.kd",2,8,685,1277591,1277591,24064,256,0,0,12,4,32,64,"0x0","0x7f3e25f69280",4181345558058588,4181345558377691,4181345558383299,4181345558417422,5608
570,"input_reduce_reduce_window_fusion.kd",2,8,686,1277591,1277591,11264,256,0,0,36,4,48,64,"0x0","0x7f3e25f692c0",4181345558065729,4181345558383299,4181345558393675,4181345558440326,10376
571,"loop_reduce_window_fusion_2.kd",2,8,687,1277591,1277591,1792,256,0,0,8,0,16,64,"0x0","0x7f3e25f69300",4181345558072770,4181345558393675,4181345558398883,4181345558435128,5208
572,"loop_slice_fusion_7.kd",2,8,688,1277591,1277591,7,7,0,0,20,4,16,64,"0x0","0x7f3e25f69340",4181345558080371,4181345558398883,4181345558403490,4181345558428889,4607
573,"loop_broadcast_fusion.kd",2,8,689,1277591,1277591,28160,256,0,0,4,4,16,64,"0x0","0x7f3e25f69380",4181345558087652,4181345558403490,4181345558408417,4181345558472634,4927
574,"input_scatter_fusion.kd",2,8,690,1277591,1277591,28160,256,0,0,12,4,32,64,"0x0","0x7f3e25f693c0",4181345558095433,4181345558408417,4181345558415547,4181345558448428,7130
575,"loop_reduce_window_fusion_1.kd",2,8,691,1277591,1277591,28160,256,0,0,8,0,16,64,"0x0","0x7f3e25f69400",4181345558103125,4181345558415547,4181345558420395,4181345558422850,4848
576,"loop_reduce_window_fusion_2.kd",2,8,692,1277591,1277591,1792,256,0,0,8,0,16,64,"0x0","0x7f3e25f69300",4181345558110175,4181345558420395,4181345558425522,4181345558505954,5127
577,"loop_slice_fusion_7.kd",2,8,693,1277591,1277591,7,7,0,0,20,4,16,64,"0x0","0x7f3e25f69340",4181345558116825,4181345558425522,4181345558430129,4181345558511332,4607
578,"loop_slice_fusion_3.kd",2,8,694,1277591,1277591,110,110,0,0,8,0,16,64,"0x0","0x7f3e25f69440",4181345558141672,4181345558430129,4181345558434776,4181345558516519,4647
579,"input_reduce_fusion_2.kd",2,8,695,1277591,1277591,64,64,0,0,8,0,16,64,"0x0","0x7f3e25f69480",4181345558149193,4181345558434776,4181345558439423,4181345558522558,4647
580,"loop_select_fusion_4.kd",2,8,696,1277591,1277591,28160,256,0,0,8,0,32,64,"0x0","0x7f3e25f694c0",4181345558157536,4181345558439423,4181345558444390,4181345558528187,4967
581,"loop_select_fusion.kd",2,8,697,1277591,1277591,28160,256,0,0,8,0,16,64,"0x0","0x7f3e25f69500",4181345558164676,4181345558444390,4181345558449278,4181345558533945,4888
582,"loop_compare_fusion_1.kd",2,8,698,1277591,1277591,4096,256,0,0,4,4,16,64,"0x0","0x7f3e25f69540",4181345558171987,4181345558449278,4181345558454045,4181345558539554,4767
583,"input_reduce_reduce_window_fusion_2.kd",2,8,699,1277591,1277591,256,256,512,0,20,4,32,64,"0x0","0x7f3e25f69580",4181345558178637,4181345558454045,4181345558469508,4181345558545322,15463
584,"loop_slice_fusion_1.kd",2,8,700,1277591,1277591,16,16,0,0,20,4,16,64,"0x0","0x7f3e25f695c0",4181345558185878,4181345558469508,4181345558474155,4181345558499654,4647
585,"loop_broadcast_fusion_3.kd",2,8,701,1277591,1277591,4096,256,0,0,4,4,16,64,"0x0","0x7f3e25f69600",4181345558193149,4181345558474155,4181345558479122,4181345558482899,4967
586,"input_scatter_fusion_3.kd",2,8,702,1277591,1277591,4096,256,0,0,8,0,32,64,"0x0","0x7f3e25f69640",4181345558199698,4181345558479122,4181345558485291,4181345558607194,6169
587,"loop_reduce_window_fusion_13.kd",2,8,703,1277591,1277591,4096,256,0,0,8,0,16,64,"0x0","0x7f3e25f69680",4181345558207300,4181345558485291,4181345558490178,4181345558612973,4887
588,"loop_slice_fusion_1.kd",2,8,704,1277591,1277591,16,16,0,0,20,4,16,64,"0x0","0x7f3e25f695c0",4181345558214370,4181345558490178,4181345558494825,4181345558618581,4647
589,"loop_remainder_fusion.kd",2,8,705,1277591,1277591,4096,256,0,0,12,4,16,64,"0x0","0x7f3e25f696c0",4181345558221531,4181345558494825,4181345558500674,4181345558623879,5849
590,"loop_select_fusion_3.kd",2,8,706,1277591,1277591,4096,256,0,0,8,0,32,64,"0x0","0x7f3e25f69700",4181345558229783,4181345558500674,4181345558505521,4181345558640824,4847
591,"loop_reduce_window_fusion_13.kd",2,8,707,1277591,1277591,4096,256,0,0,8,0,16,64,"0x0","0x7f3e25f69680",4181345558236273,4181345558505521,4181345558510368,4181345558646323,4847
592,"loop_slice_fusion_1.kd",2,8,708,1277591,1277591,16,16,0,0,20,4,16,64,"0x0","0x7f3e25f695c0",4181345558244184,4181345558510368,4181345558515096,4181345558651711,4728
593,"input_concatenate_fusion_1.kd",2,8,709,1277591,1277591,4096,256,0,0,8,0,32,64,"0x0","0x7f3e25f69740",4181345558251515,4181345558515096,4181345558520864,4181345558657099,5768
594,"loop_compare_fusion.kd",2,8,710,1277591,1277591,8192,256,0,0,4,4,16,64,"0x0","0x7f3e25f69780",4181345558259027,4181345558520864,4181345558525992,4181345558635196,5128
595,"input_reduce_reduce_window_fusion_1.kd",2,8,711,1277591,1277591,512,512,512,0,20,4,48,64,"0x0","0x7f3e25f697c0",4181345558266628,4181345558525992,4181345558543418,4181345558553424,17426
596,"loop_reduce_window_fusion_6.kd",2,8,712,1277591,1277591,32,32,0,0,32,0,16,64,"0x0","0x7f3e25f69800",4181345558308941,4181345558543418,4181345558552231,4181345558601937,8813
597,"loop_broadcast_fusion_1.kd",2,8,713,1277591,1277591,8192,256,0,0,4,4,16,64,"0x0","0x7f3e25f69840",4181345558317744,4181345558552231,4181345558557158,4181345558629508,4927
598,"input_scatter_fusion_1.kd",2,8,714,1277591,1277591,8192,256,0,0,8,0,32,64,"0x0","0x7f3e25f69880",4181345558324434,4181345558557158,4181345558562847,4181345558662497,5689
599,"loop_reduce_window_fusion_5.kd",2,8,715,1277591,1277591,8192,256,0,0,8,0,16,64,"0x0","0x7f3e25f698c0",4181345558331434,4181345558562847,4181345558567814,4181345558669447,4967
600,"loop_reduce_window_fusion_4.kd",2,8,716,1277591,1277591,512,256,0,0,8,0,16,64,"0x0","0x7f3e25f69900",4181345558463411,4181345558567814,4181345558572942,4181345558595857,5128
601,"loop_reduce_window_fusion_3.kd",2,8,717,1277591,1277591,32,32,0,0,8,0,16,64,"0x0","0x7f3e25f69940",4181345558489810,4181345558572942,4181345558577068,4181345558585392,4126
602,"loop_select_fusion_6.kd",2,8,718,1277591,1277591,8192,256,0,0,8,0,32,64,"0x0","0x7f3e25f69980",4181345558582928,4181345558689835,4181345558691959,4181345558698140,2124
603,"loop_select_fusion_1.kd",2,8,719,1277591,1277591,8192,256,0,0,8,0,16,64,"0x0","0x7f3e25f699c0",4181345558686993,4181345558696405,4181345558699169,4181345558706091,2764
604,"loop_broadcast_fusion_4.kd",2,8,720,1277591,1277591,16,16,0,0,4,4,16,64,"0x0","0x7f3e25f69a00",4181345558694614,4181345558704217,4181345558706140,4181345558711189,1923
605,"__amd_rocclr_fillBufferAligned.kd",2,8,721,1277591,1277591,77824,256,0,0,12,4,48,64,"0x0","0x7f669ba7b580",4181345558709286,4181345558725649,4181345558740230,4181345558741614,14581
606,"__amd_rocclr_fillBufferAligned.kd",2,8,722,1277591,1277591,16128,256,0,0,12,4,48,64,"0x0","0x7f669ba7b580",4181345558723057,4181345558740230,4181345558745158,4181345558746522,4928
607,"transformer_engine::fused_attn_rocm::populate_rng_state_kernel(long*, long const*, long) [clone .kd]",2,8,723,1277591,1277591,1,1,0,0,8,0,16,64,"0x0","0x7f3e25f8d380",4181345558734143,4181345558745158,4181345558749324,4181345558755345,4166
608,"__amd_rocclr_fillBufferAligned.kd",2,8,724,1277591,1277591,256,256,0,0,12,4,48,64,"0x0","0x7f669ba7b580",4181345558747012,4181345558760981,4181345558762984,4181345558763717,2003
609,"ck_fused_attn::get_runtime_max_seqlen_kernel(unsigned long, int const*, int const*, unsigned long*) [clone .kd]",2,8,725,1277591,1277591,4096,128,0,0,4,4,32,64,"0x0","0x7f3e25f58940",4181345558760202,4181345558769834,4181345558775603,4181345558780071,5769
610,"__amd_rocclr_copyBuffer.kd",2,8,726,1277591,1277591,512,512,0,0,16,0,32,64,"0x7f7ea9072600","0x7f669ba7b600",4181345558770277,4181345558780771,4181345558786259,4181345558787823,5488
611,"__amd_rocclr_fillBufferAligned.kd",2,8,728,1277591,1277591,256,256,0,0,12,4,48,64,"0x0","0x7f669ba7b580",4181345558806651,4181345558816824,4181345558818747,4181345558851147,1923
612,"ck_fused_attn::get_runtime_max_seqlen_kernel(unsigned long, int const*, int const*, unsigned long*) [clone .kd]",2,8,729,1277591,1277591,4096,128,0,0,4,4,32,64,"0x0","0x7f3e25f58940",4181345558816796,4181345558824876,4181345558830765,4181345558864287,5889
613,"__amd_rocclr_copyBuffer.kd",2,8,730,1277591,1277591,512,512,0,0,16,0,32,64,"0x7f7ea9073180","0x7f669ba7b600",4181345558827833,4181345558836053,4181345558842302,4181345558856435,6249
614,"void transformer_engine::fused_attn_rocm::compute_scores_kernel<__half, transformer_engine::fused_attn_rocm::SmallSeqConfig<6, 128, 256, false, (transformer_engine::fused_attn_rocm::CausalMaskType)0>, 1>(__half const*, __half const*, __half*, float, int const*, int const*, int, int) [clone .kd]",2,8,732,1277591,1277591,64000,64,0,0,92,4,48,64,"0x0","0x7f3e240cea80",4181345558872419,4181345558881841,4181345558912647,4181345558915303,30806
615,"void transformer_engine::fused_attn_rocm::apply_mask_and_softmax_kernel<__half, transformer_engine::fused_attn_rocm::SmallSeqConfig<6, 128, 256, false, (transformer_engine::fused_attn_rocm::CausalMaskType)0> >(__half*, __half const*, float, int const*, int, int) [clone .kd]",2,8,733,1277591,1277591,390144,256,1024,0,12,4,16,64,"0x0","0x7f3e240ceac0",4181345558880531,4181345558912647,4181345558917734,4181345558923755,5087
616,"void transformer_engine::fused_attn_rocm::compute_output_kernel<__half, transformer_engine::fused_attn_rocm::SmallSeqConfig<6, 128, 256, false, (transformer_engine::fused_attn_rocm::CausalMaskType)0>, 2, 8>(__half const*, __half const*, __half*, int const*, int const*, int, int) [clone .kd]",2,8,734,1277591,1277591,512000,64,12288,0,20,4,32,64,"0x0","0x7f3e240ceb00",4181345558889164,4181345558917734,4181345558960197,4181345558960380,42463
617,"loop_broadcast_fusion_5.kd",2,8,735,1277591,1277591,2048000,256,0,0,4,4,16,64,"0x0","0x7f3e25f69a40",4181345558898047,4181345558960197,4181345558968410,4181345558970665,8213
618,"__amd_rocclr_fillBufferAligned.kd",2,8,736,1277591,1277591,77824,256,0,0,12,4,48,64,"0x0","0x7f669ba7b580",4181345558917977,4181345558968410,4181345558975260,4181345558976093,6850
619,"__amd_rocclr_fillBufferAligned.kd",2,8,737,1277591,1277591,77824,256,0,0,12,4,48,64,"0x0","0x7f669ba7b580",4181345558936634,4181345558975260,4181345558992846,4181345558996704,17586
620,"__amd_rocclr_fillBufferAligned.kd",2,8,738,1277591,1277591,77824,256,0,0,12,4,48,64,"0x0","0x7f669ba7b580",4181345558942844,4181345558992846,4181345559010472,4181345559012597,17626
621,"__amd_rocclr_fillBufferAligned.kd",2,8,739,1277591,1277591,256,256,0,0,12,4,48,64,"0x0","0x7f669ba7b580",4181345558951587,4181345559010472,4181345559015199,4181345559019287,4727
622,"ck_fused_attn::get_runtime_max_seqlen_kernel(unsigned long, int const*, int const*, unsigned long*) [clone .kd]",2,8,740,1277591,1277591,4096,128,0,0,4,4,32,64,"0x0","0x7f3e25f58940",4181345558957636,4181345559015199,4181345559021128,4181345559026218,5929
623,"__amd_rocclr_copyBuffer.kd",2,8,741,1277591,1277591,512,512,0,0,16,0,32,64,"0x7f7ea91e9a00","0x7f669ba7b600",4181345558978096,4181345559021128,4181345559026776,4181345559033018,5648
624,"__amd_rocclr_fillBufferAligned.kd",2,8,743,1277591,1277591,256,256,0,0,12,4,48,64,"0x0","0x7f669ba7b580",4181345559049883,4181345559059065,4181345559061108,4181345559061460,2043
625,"ck_fused_attn::get_runtime_max_seqlen_kernel(unsigned long, int const*, int const*, unsigned long*) [clone .kd]",2,8,744,1277591,1277591,4096,128,0,0,4,4,32,64,"0x0","0x7f3e25f58940",4181345559056593,4181345559065754,4181345559075289,4181345559079567,9535
626,"__amd_rocclr_copyBuffer.kd",2,8,745,1277591,1277591,512,512,0,0,16,0,32,64,"0x7f7ea91e9200","0x7f669ba7b600",4181345559064324,4181345559075289,4181345559081017,4181345559084154,5728
627,"void transformer_engine::fused_attn_rocm::compute_grad_v_kernel<__half, transformer_engine::fused_attn_rocm::SmallSeqConfig<6, 128, 256, false, (transformer_engine::fused_attn_rocm::CausalMaskType)0>, 16, 16>(__half const*, __half const*, __half*, int const*, int const*, int, int) [clone .kd]",2,8,747,1277591,1277591,256000,64,12288,0,28,4,32,64,"0x0","0x7f3e240d0200",4181345559099216,4181345559109900,4181345559168307,4181345559168559,58407
628,"void transformer_engine::fused_attn_rocm::compute_grad_attn_kernel<__half, transformer_engine::fused_attn_rocm::SmallSeqConfig<6, 128, 256, false, (transformer_engine::fused_attn_rocm::CausalMaskType)0>, 16>(__half const*, __half const*, __half*, int const*, int const*, int, int) [clone .kd]",2,8,748,1277591,1277591,8000,64,0,0,104,0,64,64,"0x0","0x7f3e240d0240",4181345559109241,4181345559168307,4181345559392040,4181345559398842,223733
629,"void transformer_engine::fused_attn_rocm::softmax_backward_kernel<__half, transformer_engine::fused_attn_rocm::SmallSeqConfig<6, 128, 256, false, (transformer_engine::fused_attn_rocm::CausalMaskType)0> >(__half const*, __half const*, __half*, float, int const*, int, int) [clone .kd]",2,8,749,1277591,1277591,390144,256,1024,0,16,0,16,64,"0x0","0x7f3e240d0280",4181345559117293,4181345559392040,4181345559398850,4181345559407264,6810
630,"void transformer_engine::fused_attn_rocm::compute_grad_qk_kernel<__half, transformer_engine::fused_attn_rocm::SmallSeqConfig<6, 128, 256, false, (transformer_engine::fused_attn_rocm::CausalMaskType)0>, 4, 16>(__half const*, __half const*, __half const*, __half*, __half*, float, int const*, int const*, int, int) [clone .kd]",2,8,750,1277591,1277591,1024000,64,12288,0,36,4,64,64,"0x0","0x7f3e240d02c0",4181345559126837,4181345559398850,4181345559560290,4181345559560993,161440
631,"input_reduce_fusion.kd",2,8,751,1277591,1277591,524288,256,512,0,16,0,16,64,"0x0","0x7f3e25f69a80",4181345559135831,4181345559560290,4181345559569744,4181345559576706,9454
632,"input_reduce_fusion_3.kd",2,8,752,1277591,1277591,128,128,512,0,24,0,16,64,"0x0","0x7f3e25f69ac0",4181345559142430,4181345559569744,4181345559575232,4181345559582515,5488
633,"loop_convert_fusion.kd",2,8,753,1277591,1277591,1,1,0,0,4,4,16,64,"0x0","0x7f3e25f69b00",4181345559149831,4181345559575232,4181345559580760,4181345559591388,5528
634,"input_reduce_reduce_window_fusion_3.kd",2,8,756,1277591,1277591,9728,256,0,0,28,4,48,64,"0x0","0x7f3e25f69000",4181345559249339,4181345559593179,4181345559604596,4181345559605239,11417
635,"loop_reduce_window_fusion_11.kd",2,8,757,1277591,1277591,1536,256,0,0,8,0,16,64,"0x0","0x7f3e25f69040",4181345559258904,4181345559604596,4181345559611085,4181345559618809,6489
636,"loop_slice_fusion_5.kd",2,8,758,1277591,1277591,6,6,0,0,20,4,16,64,"0x0","0x7f3e25f69080",4181345559265924,4181345559611085,4181345559615973,4181345559624928,4888
637,"loop_broadcast_fusion_2.kd",2,8,759,1277591,1277591,24064,256,0,0,4,4,16,64,"0x0","0x7f3e25f690c0",4181345559272504,4181345559615973,4181345559621902,4181345559630927,5929
638,"input_scatter_fusion_2.kd",2,8,760,1277591,1277591,24064,256,0,0,12,4,32,64,"0x0","0x7f3e25f69100",4181345559279975,4181345559621902,4181345559629232,4181345559636245,7330
639,"loop_reduce_window_fusion_10.kd",2,8,761,1277591,1277591,24064,256,0,0,8,0,16,64,"0x0","0x7f3e25f69140",4181345559287116,4181345559629232,4181345559634000,4181345559642124,4768
640,"loop_reduce_window_fusion_11.kd",2,8,762,1277591,1277591,1536,256,0,0,8,0,16,64,"0x0","0x7f3e25f69040",4181345559294136,4181345559634000,4181345559638847,4181345559647722,4847
641,"loop_slice_fusion_4.kd",2,8,763,1277591,1277591,94,94,0,0,24,0,16,64,"0x0","0x7f3e25f69180",4181345559300866,4181345559638847,4181345559644535,4181345559653470,5688
642,"input_reduce_fusion_1.kd",2,8,764,1277591,1277591,64,64,0,0,8,0,16,64,"0x0","0x7f3e25f691c0",4181345559308197,4181345559644535,4181345559649182,4181345559660050,4647
643,"loop_select_fusion_5.kd",2,8,765,1277591,1277591,24064,256,0,0,8,0,32,64,"0x0","0x7f3e25f69200",4181345559316049,4181345559649182,4181345559654190,4181345559665749,5008
644,"loop_select_fusion_2.kd",2,8,766,1277591,1277591,24064,256,0,0,4,4,16,64,"0x0","0x7f3e25f69240",4181345559323319,4181345559654190,4181345559659037,4181345559673150,4847
645,"loop_reduce_window_fusion_10.kd",2,8,767,1277591,1277591,24064,256,0,0,8,0,16,64,"0x0","0x7f3e25f69140",4181345559330630,4181345559659037,4181345559663804,4181345559679139,4767
646,"loop_reduce_window_fusion_11.kd",2,8,768,1277591,1277591,1536,256,0,0,8,0,16,64,"0x0","0x7f3e25f69040",4181345559337701,4181345559663804,4181345559668531,4181345559684907,4727
647,"loop_slice_fusion_5.kd",2,8,769,1277591,1277591,6,6,0,0,20,4,16,64,"0x0","0x7f3e25f69080",4181345559344110,4181345559668531,4181345559673138,4181345559690385,4607
648,"input_concatenate_fusion.kd",2,8,770,1277591,1277591,24064,256,0,0,12,4,32,64,"0x0","0x7f3e25f69280",4181345559350540,4181345559673138,4181345559678866,4181345559695864,5728
649,"input_reduce_reduce_window_fusion.kd",2,8,771,1277591,1277591,11264,256,0,0,36,4,48,64,"0x0","0x7f3e25f692c0",4181345559357090,4181345559678866,4181345559689242,4181345559701422,10376
650,"loop_reduce_window_fusion_2.kd",2,8,772,1277591,1277591,1792,256,0,0,8,0,16,64,"0x0","0x7f3e25f69300",4181345559364851,4181345559689242,4181345559694409,4181345559707070,5167
651,"loop_slice_fusion_7.kd",2,8,773,1277591,1277591,7,7,0,0,20,4,16,64,"0x0","0x7f3e25f69340",4181345559371521,4181345559694409,4181345559699096,4181345559748782,4687
652,"loop_broadcast_fusion.kd",2,8,774,1277591,1277591,28160,256,0,0,4,4,16,64,"0x0","0x7f3e25f69380",4181345559378842,4181345559699096,4181345559704064,4181345559726659,4968
653,"input_scatter_fusion.kd",2,8,775,1277591,1277591,28160,256,0,0,12,4,32,64,"0x0","0x7f3e25f693c0",4181345559385772,4181345559704064,4181345559711234,4181345559712498,7170
654,"loop_reduce_window_fusion_1.kd",2,8,776,1277591,1277591,28160,256,0,0,8,0,16,64,"0x0","0x7f3e25f69400",4181345559393754,4181345559711234,4181345559716122,4181345559718387,4888
655,"loop_reduce_window_fusion_2.kd",2,8,777,1277591,1277591,1792,256,0,0,8,0,16,64,"0x0","0x7f3e25f69300",4181345559401275,4181345559716122,4181345559721329,4181345559756033,5207
656,"loop_slice_fusion_7.kd",2,8,778,1277591,1277591,7,7,0,0,20,4,16,64,"0x0","0x7f3e25f69340",4181345559421986,4181345559721329,4181345559725936,4181345559780820,4607
657,"loop_slice_fusion_3.kd",2,8,779,1277591,1277591,110,110,0,0,8,0,16,64,"0x0","0x7f3e25f69440",4181345559430228,4181345559725936,4181345559730583,4181345559790855,4647
658,"input_reduce_fusion_2.kd",2,8,780,1277591,1277591,64,64,0,0,8,0,16,64,"0x0","0x7f3e25f69480",4181345559437980,4181345559730583,4181345559735190,4181345559796934,4607
659,"loop_select_fusion_4.kd",2,8,781,1277591,1277591,28160,256,0,0,8,0,32,64,"0x0","0x7f3e25f694c0",4181345559446433,4181345559735190,4181345559740157,4181345559802813,4967
660,"loop_select_fusion.kd",2,8,782,1277591,1277591,28160,256,0,0,8,0,16,64,"0x0","0x7f3e25f69500",4181345559454565,4181345559740157,4181345559745085,4181345559808842,4928
661,"loop_compare_fusion_1.kd",2,8,783,1277591,1277591,4096,256,0,0,4,4,16,64,"0x0","0x7f3e25f69540",4181345559461365,4181345559745085,4181345559749892,4181345559814881,4807
662,"input_reduce_reduce_window_fusion_2.kd",2,8,784,1277591,1277591,256,256,512,0,20,4,32,64,"0x0","0x7f3e25f69580",4181345559467824,4181345559749892,4181345559765435,4181345559820739,15543
663,"loop_slice_fusion_1.kd",2,8,785,1277591,1277591,16,16,0,0,20,4,16,64,"0x0","0x7f3e25f695c0",4181345559475976,4181345559765435,4181345559770122,4181345559826207,4687
664,"loop_broadcast_fusion_3.kd",2,8,786,1277591,1277591,4096,256,0,0,4,4,16,64,"0x0","0x7f3e25f69600",4181345559483007,4181345559770122,4181345559775049,4181345559831495,4927
665,"input_scatter_fusion_3.kd",2,8,787,1277591,1277591,4096,256,0,0,8,0,32,64,"0x0","0x7f3e25f69640",4181345559490107,4181345559775049,4181345559781379,4181345559837023,6330
666,"loop_reduce_window_fusion_13.kd",2,8,788,1277591,1277591,4096,256,0,0,8,0,16,64,"0x0","0x7f3e25f69680",4181345559497058,4181345559781379,4181345559786226,4181345559842512,4847
667,"loop_slice_fusion_1.kd",2,8,789,1277591,1277591,16,16,0,0,20,4,16,64,"0x0","0x7f3e25f695c0",4181345559504709,4181345559786226,4181345559790953,4181345559848190,4727
668,"loop_remainder_fusion.kd",2,8,790,1277591,1277591,4096,256,0,0,12,4,16,64,"0x0","0x7f3e25f696c0",4181345559511940,4181345559790953,4181345559796802,4181345559853638,5849
669,"loop_select_fusion_3.kd",2,8,791,1277591,1277591,4096,256,0,0,8,0,32,64,"0x0","0x7f3e25f69700",4181345559519892,4181345559796802,4181345559801689,4181345559860899,4887
670,"loop_reduce_window_fusion_13.kd",2,8,792,1277591,1277591,4096,256,0,0,8,0,16,64,"0x0","0x7f3e25f69680",4181345559527193,4181345559801689,4181345559806536,4181345559866658,4847
671,"loop_slice_fusion_1.kd",2,8,793,1277591,1277591,16,16,0,0,20,4,16,64,"0x0","0x7f3e25f695c0",4181345559534724,4181345559806536,4181345559811263,4181345559928550,4727
672,"input_concatenate_fusion_1.kd",2,8,794,1277591,1277591,4096,256,0,0,8,0,32,64,"0x0","0x7f3e25f69740",4181345559541714,4181345559811263,4181345559816952,4181345559933948,5689
673,"loop_compare_fusion.kd",2,8,795,1277591,1277591,8192,256,0,0,4,4,16,64,"0x0","0x7f3e25f69780",4181345559548955,4181345559816952,4181345559821959,4181345559939205,5007
674,"input_reduce_reduce_window_fusion_1.kd",2,8,796,1277591,1277591,512,512,512,0,20,4,48,64,"0x0","0x7f3e25f697c0",4181345559556767,4181345559821959,4181345559839425,4181345559922691,17466
675,"loop_reduce_window_fusion_6.kd",2,8,797,1277591,1277591,32,32,0,0,32,0,16,64,"0x0","0x7f3e25f69800",4181345559569496,4181345559839425,4181345559848839,4181345559881570,9414
676,"loop_broadcast_fusion_1.kd",2,8,798,1277591,1277591,8192,256,0,0,4,4,16,64,"0x0","0x7f3e25f69840",4181345559597667,4181345559848839,4181345559853847,4181345559872386,5008
677,"input_scatter_fusion_1.kd",2,8,799,1277591,1277591,8192,256,0,0,8,0,32,64,"0x0","0x7f3e25f69880",4181345559607482,4181345559853847,4181345559859415,4181345559917163,5568
678,"loop_reduce_window_fusion_5.kd",2,8,800,1277591,1277591,8192,256,0,0,8,0,16,64,"0x0","0x7f3e25f698c0",4181345559616245,4181345559859415,4181345559864422,4181345559946366,5007
679,"loop_reduce_window_fusion_4.kd",2,8,801,1277591,1277591,512,256,0,0,8,0,16,64,"0x0","0x7f3e25f69900",4181345559623506,4181345559864422,4181345559869470,4181345559951604,5048
680,"loop_reduce_window_fusion_3.kd",2,8,802,1277591,1277591,32,32,0,0,8,0,16,64,"0x0","0x7f3e25f69940",4181345559740330,4181345559869470,4181345559874197,4181345559911494,4727
681,"loop_select_fusion_6.kd",2,8,803,1277591,1277591,8192,256,0,0,8,0,32,64,"0x0","0x7f3e25f69980",4181345559778366,4181345559874197,4181345559879204,4181345559905666,5007
682,"loop_select_fusion_1.kd",2,8,804,1277591,1277591,8192,256,0,0,8,0,16,64,"0x0","0x7f3e25f699c0",4181345559787971,4181345559879204,4181345559883451,4181345559900137,4247
683,"loop_broadcast_fusion_4.kd",2,8,805,1277591,1277591,16,16,0,0,4,4,16,64,"0x0","0x7f3e25f69a00",4181345559795792,4181345559892224,4181345559894026,4181345559894239,1802
684,"__amd_rocclr_fillBufferAligned.kd",2,8,806,1277591,1277591,77824,256,0,0,12,4,48,64,"0x0","0x7f669ba7b580",4181345559896051,4181345559907366,4181345559920345,4181345559959526,12979
685,"__amd_rocclr_fillBufferAligned.kd",2,8,807,1277591,1277591,16128,256,0,0,12,4,48,64,"0x0","0x7f669ba7b580",4181345559904484,4181345559966013,4181345559968737,4181345559973156,2724
686,"transformer_engine::fused_attn_rocm::populate_rng_state_kernel(long*, long const*, long) [clone .kd]",2,8,808,1277591,1277591,1,1,0,0,8,0,16,64,"0x0","0x7f3e25f8d380",4181345559971453,4181345559987806,4181345559989849,4181345559993326,2043
687,"__amd_rocclr_fillBufferAligned.kd",2,8,809,1277591,1277591,256,256,0,0,12,4,48,64,"0x0","0x7f669ba7b580",4181345559989851,4181345559999543,4181345560001386,4181345560002289,1843
688,"ck_fused_attn::get_runtime_max_seqlen_kernel(unsigned long, int const*, int const*, unsigned long*) [clone .kd]",2,8,810,1277591,1277591,4096,128,0,0,4,4,32,64,"0x0","0x7f3e25f58940",4181345559998804,4181345560017209,4181345560022858,4181345560030551,5649
689,"__amd_rocclr_copyBuffer.kd",2,8,811,1277591,1277591,512,512,0,0,16,0,32,64,"0x7f7ea91e9000","0x7f669ba7b600",4181345560016661,4181345560027905,4181345560033313,4181345560035929,5408
690,"__amd_rocclr_fillBufferAligned.kd",2,8,813,1277591,1277591,256,256,0,0,12,4,48,64,"0x0","0x7f669ba7b580",4181345560058142,4181345560067404,4181345560069247,4181345560100946,1843
691,"ck_fused_attn::get_runtime_max_seqlen_kernel(unsigned long, int const*, int const*, unsigned long*) [clone .kd]",2,8,814,1277591,1277591,4096,128,0,0,4,4,32,64,"0x0","0x7f3e25f58940",4181345560067436,4181345560075416,4181345560081064,4181345560111722,5648
692,"__amd_rocclr_copyBuffer.kd",2,8,815,1277591,1277591,512,512,0,0,16,0,32,64,"0x7f7ea9073980","0x7f669ba7b600",4181345560082819,4181345560091440,4181345560097609,4181345560106384,6169
693,"void transformer_engine::fused_attn_rocm::compute_scores_kernel<__half, transformer_engine::fused_attn_rocm::SmallSeqConfig<6, 128, 256, false, (transformer_engine::fused_attn_rocm::CausalMaskType)0>, 1>(__half const*, __half const*, __half*, float, int const*, int const*, int, int) [clone .kd]",2,8,817,1277591,1277591,64000,64,0,0,92,4,48,64,"0x0","0x7f3e240cea80",4181345560122819,4181345560132221,4181345560164108,4181345560173284,31887
694,"void transformer_engine::fused_attn_rocm::apply_mask_and_softmax_kernel<__half, transformer_engine::fused_attn_rocm::SmallSeqConfig<6, 128, 256, false, (transformer_engine::fused_attn_rocm::CausalMaskType)0> >(__half*, __half const*, float, int const*, int, int) [clone .kd]",2,8,818,1277591,1277591,390144,256,1024,0,12,4,16,64,"0x0","0x7f3e240ceac0",4181345560130109,4181345560164108,4181345560169236,4181345560183028,5128
695,"void transformer_engine::fused_attn_rocm::compute_output_kernel<__half, transformer_engine::fused_attn_rocm::SmallSeqConfig<6, 128, 256, false, (transformer_engine::fused_attn_rocm::CausalMaskType)0>, 2, 8>(__half const*, __half const*, __half*, int const*, int const*, int, int) [clone .kd]",2,8,819,1277591,1277591,512000,64,12288,0,20,4,32,64,"0x0","0x7f3e240ceb00",4181345560137540,4181345560169236,4181345560211579,4181345560232111,42343
696,"loop_broadcast_fusion_5.kd",2,8,820,1277591,1277591,2048000,256,0,0,4,4,16,64,"0x0","0x7f3e25f69a40",4181345560147265,4181345560211579,4181345560219751,4181345560224850,8172
697,"__amd_rocclr_fillBufferAligned.kd",2,8,821,1277591,1277591,77824,256,0,0,12,4,48,64,"0x0","0x7f669ba7b580",4181345560166574,4181345560219751,4181345560226561,4181345560238731,6810
698,"__amd_rocclr_fillBufferAligned.kd",2,8,822,1277591,1277591,77824,256,0,0,12,4,48,64,"0x0","0x7f669ba7b580",4181345560172913,4181345560226561,4181345560244347,4181345560246593,17786
699,"__amd_rocclr_fillBufferAligned.kd",2,8,823,1277591,1277591,77824,256,0,0,12,4,48,64,"0x0","0x7f669ba7b580",4181345560195477,4181345560244347,4181345560262174,4181345560267153,17827
700,"__amd_rocclr_fillBufferAligned.kd",2,8,824,1277591,1277591,256,256,0,0,12,4,48,64,"0x0","0x7f669ba7b580",4181345560205121,4181345560262174,4181345560266981,4181345560278240,4807
701,"ck_fused_attn::get_runtime_max_seqlen_kernel(unsigned long, int const*, int const*, unsigned long*) [clone .kd]",2,8,825,1277591,1277591,4096,128,0,0,4,4,32,64,"0x0","0x7f3e25f58940",4181345560217880,4181345560266981,4181345560272870,4181345560273142,5889
702,"__amd_rocclr_copyBuffer.kd",2,8,826,1277591,1277591,512,512,0,0,16,0,32,64,"0x7f7ea91e8e00","0x7f669ba7b600",4181345560225441,4181345560272870,4181345560278198,4181345560282947,5328
703,"__amd_rocclr_fillBufferAligned.kd",2,8,828,1277591,1277591,256,256,0,0,12,4,48,64,"0x0","0x7f669ba7b580",4181345560301384,4181345560317296,4181345560319339,4181345560322215,2043
704,"ck_fused_attn::get_runtime_max_seqlen_kernel(unsigned long, int const*, int const*, unsigned long*) [clone .kd]",2,8,829,1277591,1277591,4096,128,0,0,4,4,32,64,"0x0","0x7f3e25f58940",4181345560314884,4181345560324587,4181345560330395,4181345560331289,5808
705,"__amd_rocclr_copyBuffer.kd",2,8,830,1277591,1277591,512,512,0,0,16,0,32,64,"0x7f7ea91e8d00","0x7f669ba7b600",4181345560323357,4181345560337566,4181345560343815,4181345560346992,6249
706,"void transformer_engine::fused_attn_rocm::compute_grad_v_kernel<__half, transformer_engine::fused_attn_rocm::SmallSeqConfig<6, 128, 256, false, (transformer_engine::fused_attn_rocm::CausalMaskType)0>, 16, 16>(__half const*, __half const*, __half*, int const*, int const*, int, int) [clone .kd]",2,8,832,1277591,1277591,256000,64,12288,0,28,4,32,64,"0x0","0x7f3e240d0200",4181345560362074,4181345560373379,4181345560433709,4181345560433701,60330
707,"void transformer_engine::fused_attn_rocm::compute_grad_attn_kernel<__half, transformer_engine::fused_attn_rocm::SmallSeqConfig<6, 128, 256, false, (transformer_engine::fused_attn_rocm::CausalMaskType)0>, 16>(__half const*, __half const*, __half*, int const*, int const*, int, int) [clone .kd]",2,8,833,1277591,1277591,8000,64,0,0,104,0,64,64,"0x0","0x7f3e240d0240",4181345560371088,4181345560433709,4181345560657201,4181345560665816,223492
708,"void transformer_engine::fused_attn_rocm::softmax_backward_kernel<__half, transformer_engine::fused_attn_rocm::SmallSeqConfig<6, 128, 256, false, (transformer_engine::fused_attn_rocm::CausalMaskType)0> >(__half const*, __half const*, __half*, float, int const*, int, int) [clone .kd]",2,8,834,1277591,1277591,390144,256,1024,0,16,0,16,64,"0x0","0x7f3e240d0280",4181345560379751,4181345560657201,4181345560662890,4181345560674319,5689
709,"void transformer_engine::fused_attn_rocm::compute_grad_qk_kernel<__half, transformer_engine::fused_attn_rocm::SmallSeqConfig<6, 128, 256, false, (transformer_engine::fused_attn_rocm::CausalMaskType)0>, 4, 16>(__half const*, __half const*, __half const*, __half*, __half*, float, int const*, int const*, int, int) [clone .kd]",2,8,835,1277591,1277591,1024000,64,12288,0,36,4,64,64,"0x0","0x7f3e240d02c0",4181345560386541,4181345560662890,4181345560816238,4181345560823250,153348
710,"input_reduce_fusion.kd",2,8,836,1277591,1277591,524288,256,512,0,16,0,16,64,"0x0","0x7f3e25f69a80",4181345560398098,4181345560816238,4181345560825732,4181345560831462,9494
711,"input_reduce_fusion_3.kd",2,8,837,1277591,1277591,128,128,512,0,24,0,16,64,"0x0","0x7f3e25f69ac0",4181345560405709,4181345560825732,4181345560831220,4181345560837311,5488
712,"loop_convert_fusion.kd",2,8,838,1277591,1277591,1,1,0,0,4,4,16,64,"0x0","0x7f3e25f69b00",4181345560413391,4181345560831220,4181345560835386,4181345560848207,4166
713,"input_reduce_reduce_window_fusion_3.kd",2,8,841,1277591,1277591,9728,256,0,0,28,4,48,64,"0x0","0x7f3e25f69000",4181345560515192,4181345560848045,4181345560858621,4181345560859063,10576
714,"loop_reduce_window_fusion_11.kd",2,8,842,1277591,1277591,1536,256,0,0,8,0,16,64,"0x0","0x7f3e25f69040",4181345560524947,4181345560858621,4181345560866232,4181345560872764,7611
715,"loop_slice_fusion_5.kd",2,8,843,1277591,1277591,6,6,0,0,20,4,16,64,"0x0","0x7f3e25f69080",4181345560532127,4181345560866232,4181345560871280,4181345560879243,5048
716,"loop_broadcast_fusion_2.kd",2,8,844,1277591,1277591,24064,256,0,0,4,4,16,64,"0x0","0x7f3e25f690c0",4181345560539308,4181345560871280,4181345560876047,4181345560891392,4767
717,"input_scatter_fusion_2.kd",2,8,845,1277591,1277591,24064,256,0,0,12,4,32,64,"0x0","0x7f3e25f69100",4181345560546328,4181345560876047,4181345560883578,4181345560898742,7531
718,"loop_reduce_window_fusion_10.kd",2,8,846,1277591,1277591,24064,256,0,0,8,0,16,64,"0x0","0x7f3e25f69140",4181345560553739,4181345560883578,4181345560888425,4181345560904821,4847
719,"loop_reduce_window_fusion_11.kd",2,8,847,1277591,1277591,1536,256,0,0,8,0,16,64,"0x0","0x7f3e25f69040",4181345560560890,4181345560888425,4181345560893553,4181345560910310,5128
720,"loop_slice_fusion_4.kd",2,8,848,1277591,1277591,94,94,0,0,24,0,16,64,"0x0","0x7f3e25f69180",4181345560568051,4181345560893553,4181345560899201,4181345560916198,5648
721,"input_reduce_fusion_1.kd",2,8,849,1277591,1277591,64,64,0,0,8,0,16,64,"0x0","0x7f3e25f691c0",4181345560574981,4181345560899201,4181345560903888,4181345560921837,4687
722,"loop_select_fusion_5.kd",2,8,850,1277591,1277591,24064,256,0,0,8,0,32,64,"0x0","0x7f3e25f69200",4181345560582793,4181345560903888,4181345560908896,4181345560927415,5008
723,"loop_select_fusion_2.kd",2,8,851,1277591,1277591,24064,256,0,0,4,4,16,64,"0x0","0x7f3e25f69240",4181345560590093,4181345560908896,4181345560913823,4181345560932983,4927
724,"loop_reduce_window_fusion_10.kd",2,8,852,1277591,1277591,24064,256,0,0,8,0,16,64,"0x0","0x7f3e25f69140",4181345560597014,4181345560913823,4181345560918590,4181345560938822,4767
725,"loop_reduce_window_fusion_11.kd",2,8,853,1277591,1277591,1536,256,0,0,8,0,16,64,"0x0","0x7f3e25f69040",4181345560603343,4181345560918590,4181345560923718,4181345560947154,5128
726,"loop_slice_fusion_5.kd",2,8,854,1277591,1277591,6,6,0,0,20,4,16,64,"0x0","0x7f3e25f69080",4181345560610103,4181345560923718,4181345560928365,4181345560952733,4647
727,"input_concatenate_fusion.kd",2,8,855,1277591,1277591,24064,256,0,0,12,4,32,64,"0x0","0x7f3e25f69280",4181345560617013,4181345560928365,4181345560934133,4181345560958481,5768
728,"input_reduce_reduce_window_fusion.kd",2,8,856,1277591,1277591,11264,256,0,0,36,4,48,64,"0x0","0x7f3e25f692c0",4181345560623523,4181345560934133,4181345560944709,4181345560963849,10576
729,"loop_reduce_window_fusion_2.kd",2,8,857,1277591,1277591,1792,256,0,0,8,0,16,64,"0x0","0x7f3e25f69300",4181345560630894,4181345560944709,4181345560949997,4181345560969538,5288
730,"loop_slice_fusion_7.kd",2,8,858,1277591,1277591,7,7,0,0,20,4,16,64,"0x0","0x7f3e25f69340",4181345560638025,4181345560949997,4181345560954604,4181345561012081,4607
731,"loop_broadcast_fusion.kd",2,8,859,1277591,1277591,28160,256,0,0,4,4,16,64,"0x0","0x7f3e25f69380",4181345560645656,4181345560954604,4181345560959611,4181345560988907,5007
732,"input_scatter_fusion.kd",2,8,860,1277591,1277591,28160,256,0,0,12,4,32,64,"0x0","0x7f3e25f693c0",4181345560652546,4181345560959611,4181345560966782,4181345560974695,7171
733,"loop_reduce_window_fusion_1.kd",2,8,861,1277591,1277591,28160,256,0,0,8,0,16,64,"0x0","0x7f3e25f69400",4181345560660588,4181345560966782,4181345560971629,4181345560980594,4847
734,"loop_reduce_window_fusion_2.kd",2,8,862,1277591,1277591,1792,256,0,0,8,0,16,64,"0x0","0x7f3e25f69300",4181345560666637,4181345560971629,4181345560976636,4181345561019121,5007
735,"loop_slice_fusion_7.kd",2,8,863,1277591,1277591,7,7,0,0,20,4,16,64,"0x0","0x7f3e25f69340",4181345560688249,4181345560976636,4181345560981403,4181345561042566,4767
736,"loop_slice_fusion_3.kd",2,8,864,1277591,1277591,110,110,0,0,8,0,16,64,"0x0","0x7f3e25f69440",4181345560696051,4181345560981403,4181345560986130,4181345561049026,4727
737,"input_reduce_fusion_2.kd",2,8,865,1277591,1277591,64,64,0,0,8,0,16,64,"0x0","0x7f3e25f69480",4181345560703422,4181345560986130,4181345560990777,4181345561056407,4647
738,"loop_select_fusion_4.kd",2,8,866,1277591,1277591,28160,256,0,0,8,0,32,64,"0x0","0x7f3e25f694c0",4181345560711945,4181345560990777,4181345560995705,4181345561062526,4928
739,"loop_select_fusion.kd",2,8,867,1277591,1277591,28160,256,0,0,8,0,16,64,"0x0","0x7f3e25f69500",4181345560718995,4181345560995705,4181345561000632,4181345561068275,4927
740,"loop_compare_fusion_1.kd",2,8,868,1277591,1277591,4096,256,0,0,4,4,16,64,"0x0","0x7f3e25f69540",4181345560726116,4181345561000632,4181345561005359,4181345561073893,4727
741,"input_reduce_reduce_window_fusion_2.kd",2,8,869,1277591,1277591,256,256,512,0,20,4,32,64,"0x0","0x7f3e25f69580",4181345560732946,4181345561005359,4181345561022785,4181345561079982,17426
742,"loop_slice_fusion_1.kd",2,8,870,1277591,1277591,16,16,0,0,20,4,16,64,"0x0","0x7f3e25f695c0",4181345560739996,4181345561022785,4181345561027432,4181345561085741,4647
743,"loop_broadcast_fusion_3.kd",2,8,871,1277591,1277591,4096,256,0,0,4,4,16,64,"0x0","0x7f3e25f69600",4181345560746837,4181345561027432,4181345561032319,4181345561091289,4887
744,"input_scatter_fusion_3.kd",2,8,872,1277591,1277591,4096,256,0,0,8,0,32,64,"0x0","0x7f3e25f69640",4181345560753757,4181345561032319,4181345561038488,4181345561096406,6169
745,"loop_reduce_window_fusion_13.kd",2,8,873,1277591,1277591,4096,256,0,0,8,0,16,64,"0x0","0x7f3e25f69680",4181345560760297,4181345561038488,4181345561043376,4181345561101844,4888
746,"loop_slice_fusion_1.kd",2,8,874,1277591,1277591,16,16,0,0,20,4,16,64,"0x0","0x7f3e25f695c0",4181345560766856,4181345561043376,4181345561048103,4181345561107273,4727
747,"loop_remainder_fusion.kd",2,8,875,1277591,1277591,4096,256,0,0,12,4,16,64,"0x0","0x7f3e25f696c0",4181345560775129,4181345561048103,4181345561054192,4181345561112661,6089
748,"loop_select_fusion_3.kd",2,8,876,1277591,1277591,4096,256,0,0,8,0,32,64,"0x0","0x7f3e25f69700",4181345560783020,4181345561054192,4181345561059079,4181345561118049,4887
749,"loop_reduce_window_fusion_13.kd",2,8,877,1277591,1277591,4096,256,0,0,8,0,16,64,"0x0","0x7f3e25f69680",4181345560789650,4181345561059079,4181345561063926,4181345561189044,4847
750,"loop_slice_fusion_1.kd",2,8,878,1277591,1277591,16,16,0,0,20,4,16,64,"0x0","0x7f3e25f695c0",4181345560796771,4181345561063926,4181345561068653,4181345561194402,4727
751,"input_concatenate_fusion_1.kd",2,8,879,1277591,1277591,4096,256,0,0,8,0,32,64,"0x0","0x7f3e25f69740",4181345560803110,4181345561068653,4181345561074262,4181345561199820,5609
752,"loop_compare_fusion.kd",2,8,880,1277591,1277591,8192,256,0,0,4,4,16,64,"0x0","0x7f3e25f69780",4181345560809870,4181345561074262,4181345561079269,4181345561123427,5007
753,"input_reduce_reduce_window_fusion_1.kd",2,8,881,1277591,1277591,512,512,512,0,20,4,48,64,"0x0","0x7f3e25f697c0",4181345560817341,4181345561079269,4181345561095733,4181345561133321,16464
754,"loop_reduce_window_fusion_6.kd",2,8,882,1277591,1277591,32,32,0,0,32,0,16,64,"0x0","0x7f3e25f69800",4181345560824873,4181345561095733,4181345561104947,4181345561141824,9214
755,"loop_broadcast_fusion_1.kd",2,8,883,1277591,1277591,8192,256,0,0,4,4,16,64,"0x0","0x7f3e25f69840",4181345560853595,4181345561104947,4181345561109995,4181345561183356,5048
756,"input_scatter_fusion_1.kd",2,8,884,1277591,1277591,8192,256,0,0,8,0,32,64,"0x0","0x7f3e25f69880",4181345560861377,4181345561109995,4181345561115403,4181345561176886,5408
757,"loop_reduce_window_fusion_5.kd",2,8,885,1277591,1277591,8192,256,0,0,8,0,16,64,"0x0","0x7f3e25f698c0",4181345560869769,4181345561115403,4181345561120450,4181345561204988,5047
758,"loop_reduce_window_fusion_4.kd",2,8,886,1277591,1277591,512,256,0,0,8,0,16,64,"0x0","0x7f3e25f69900",4181345560877331,4181345561120450,4181345561125578,4181345561155194,5128
759,"loop_reduce_window_fusion_3.kd",2,8,887,1277591,1277591,32,32,0,0,8,0,16,64,"0x0","0x7f3e25f69940",4181345561001926,4181345561125578,4181345561129664,4181345561165099,4086
760,"loop_select_fusion_6.kd",2,8,888,1277591,1277591,8192,256,0,0,8,0,32,64,"0x0","0x7f3e25f69980",4181345561040233,4181345561153780,4181345561156784,4181345561213260,3004
761,"loop_select_fusion_1.kd",2,8,889,1277591,1277591,8192,256,0,0,8,0,16,64,"0x0","0x7f3e25f699c0",4181345561152550,4181345561163354,4181345561166118,4181345561224667,2764
762,"loop_broadcast_fusion_4.kd",2,8,890,1277591,1277591,16,16,0,0,4,4,16,64,"0x0","0x7f3e25f69a00",4181345561161613,4181345561171847,4181345561173649,4181345561230125,1802
763,"__amd_rocclr_fillBufferAligned.kd",2,8,891,1277591,1277591,77824,256,0,0,12,4,48,64,"0x0","0x7f669ba7b580",4181345561178158,4181345561222202,4181345561236062,4181345561241773,13860
764,"__amd_rocclr_fillBufferAligned.kd",2,8,892,1277591,1277591,16128,256,0,0,12,4,48,64,"0x0","0x7f669ba7b580",4181345561219550,4181345561247840,4181345561250484,4181345561252959,2644
765,"transformer_engine::fused_attn_rocm::populate_rng_state_kernel(long*, long const*, long) [clone .kd]",2,8,893,1277591,1277591,1,1,0,0,8,0,16,64,"0x0","0x7f3e25f8d380",4181345561250345,4181345561260058,4181345561261941,4181345561261953,1883
766,"__amd_rocclr_fillBufferAligned.kd",2,8,894,1277591,1277591,256,256,0,0,12,4,48,64,"0x0","0x7f669ba7b580",4181345561262634,4181345561276923,4181345561278766,4181345561281602,1843
767,"ck_fused_attn::get_runtime_max_seqlen_kernel(unsigned long, int const*, int const*, unsigned long*) [clone .kd]",2,8,895,1277591,1277591,4096,128,0,0,4,4,32,64,"0x0","0x7f3e25f58940",4181345561276244,4181345561286898,4181345561292466,4181345561292548,5568
768,"__amd_rocclr_copyBuffer.kd",2,8,896,1277591,1277591,512,512,0,0,16,0,32,64,"0x7f7ea91e8b00","0x7f669ba7b600",4181345561286229,4181345561297474,4181345561303603,4181345561308502,6129
769,"__amd_rocclr_fillBufferAligned.kd",2,8,898,1277591,1277591,256,256,0,0,12,4,48,64,"0x0","0x7f669ba7b580",4181345561328211,4181345561337173,4181345561339135,4181345561369893,1962
770,"ck_fused_attn::get_runtime_max_seqlen_kernel(unsigned long, int const*, int const*, unsigned long*) [clone .kd]",2,8,899,1277591,1277591,4096,128,0,0,4,4,32,64,"0x0","0x7f3e25f58940",4181345561337715,4181345561345345,4181345561351274,4181345561381370,5929
771,"__amd_rocclr_copyBuffer.kd",2,8,900,1277591,1277591,512,512,0,0,16,0,32,64,"0x7f7ea9073d00","0x7f669ba7b600",4181345561346699,4181345561356161,4181345561362170,4181345561375812,6009
772,"void transformer_engine::fused_attn_rocm::compute_scores_kernel<__half, transformer_engine::fused_attn_rocm::SmallSeqConfig<6, 128, 256, false, (transformer_engine::fused_attn_rocm::CausalMaskType)0>, 1>(__half const*, __half const*, __half*, float, int const*, int const*, int, int) [clone .kd]",2,8,902,1277591,1277591,64000,64,0,0,92,4,48,64,"0x0","0x7f3e240cea80",4181345561392216,4181345561401829,4181345561432755,4181345561440098,30926
773,"void transformer_engine::fused_attn_rocm::apply_mask_and_softmax_kernel<__half, transformer_engine::fused_attn_rocm::SmallSeqConfig<6, 128, 256, false, (transformer_engine::fused_attn_rocm::CausalMaskType)0> >(__half*, __half const*, float, int const*, int, int) [clone .kd]",2,8,903,1277591,1277591,390144,256,1024,0,12,4,16,64,"0x0","0x7f3e240ceac0",4181345561399467,4181345561432755,4181345561437882,4181345561448149,5127
774,"void transformer_engine::fused_attn_rocm::compute_output_kernel<__half, transformer_engine::fused_attn_rocm::SmallSeqConfig<6, 128, 256, false, (transformer_engine::fused_attn_rocm::CausalMaskType)0>, 2, 8>(__half const*, __half const*, __half*, int const*, int const*, int, int) [clone .kd]",2,8,904,1277591,1277591,512000,64,12288,0,20,4,32,64,"0x0","0x7f3e240ceb00",4181345561408170,4181345561437882,4181345561479544,4181345561482851,41662
775,"loop_broadcast_fusion_5.kd",2,8,905,1277591,1277591,2048000,256,0,0,4,4,16,64,"0x0","0x7f3e25f69a40",4181345561417544,4181345561479544,4181345561487596,4181345561492836,8052
776,"__amd_rocclr_fillBufferAligned.kd",2,8,906,1277591,1277591,77824,256,0,0,12,4,48,64,"0x0","0x7f669ba7b580",4181345561437113,4181345561487596,4181345561494446,4181345561497923,6850
777,"__amd_rocclr_fillBufferAligned.kd",2,8,907,1277591,1277591,77824,256,0,0,12,4,48,64,"0x0","0x7f669ba7b580",4181345561443272,4181345561494446,4181345561512033,4181345561513427,17587
778,"__amd_rocclr_fillBufferAligned.kd",2,8,908,1277591,1277591,77824,256,0,0,12,4,48,64,"0x0","0x7f669ba7b580",4181345561464664,4181345561512033,4181345561529619,4181345561536591,17586
779,"__amd_rocclr_fillBufferAligned.kd",2,8,909,1277591,1277591,256,256,0,0,12,4,48,64,"0x0","0x7f669ba7b580",4181345561473527,4181345561529619,4181345561534426,4181345561542279,4807
780,"ck_fused_attn::get_runtime_max_seqlen_kernel(unsigned long, int const*, int const*, unsigned long*) [clone .kd]",2,8,910,1277591,1277591,4096,128,0,0,4,4,32,64,"0x0","0x7f3e25f58940",4181345561479766,4181345561534426,4181345561540355,4181345561547587,5929
781,"__amd_rocclr_copyBuffer.kd",2,8,911,1277591,1277591,512,512,0,0,16,0,32,64,"0x7f7ea91e8900","0x7f669ba7b600",4181345561486947,4181345561540355,4181345561545683,4181345561554317,5328
782,"__amd_rocclr_fillBufferAligned.kd",2,8,913,1277591,1277591,256,256,0,0,12,4,48,64,"0x0","0x7f669ba7b580",4181345561575809,4181345561586423,4181345561588546,4181345561588709,2123
783,"ck_fused_attn::get_runtime_max_seqlen_kernel(unsigned long, int const*, int const*, unsigned long*) [clone .kd]",2,8,914,1277591,1277591,4096,128,0,0,4,4,32,64,"0x0","0x7f3e25f58940",4181345561584592,4181345561594115,4181345561603248,4181345561607466,9133
784,"__amd_rocclr_copyBuffer.kd",2,8,915,1277591,1277591,512,512,0,0,16,0,32,64,"0x7f7ea91e8800","0x7f669ba7b600",4181345561592474,4181345561603248,4181345561608857,4181345561615128,5609
785,"void transformer_engine::fused_attn_rocm::compute_grad_v_kernel<__half, transformer_engine::fused_attn_rocm::SmallSeqConfig<6, 128, 256, false, (transformer_engine::fused_attn_rocm::CausalMaskType)0>, 16, 16>(__half const*, __half const*, __half*, int const*, int const*, int, int) [clone .kd]",2,8,917,1277591,1277591,256000,64,12288,0,28,4,32,64,"0x0","0x7f3e240d0200",4181345561630090,4181345561640984,4181345561701394,4181345561710099,60410
786,"void transformer_engine::fused_attn_rocm::compute_grad_attn_kernel<__half, transformer_engine::fused_attn_rocm::SmallSeqConfig<6, 128, 256, false, (transformer_engine::fused_attn_rocm::CausalMaskType)0>, 16>(__half const*, __half const*, __half*, int const*, int const*, int, int) [clone .kd]",2,8,918,1277591,1277591,8000,64,0,0,104,0,64,64,"0x0","0x7f3e240d0240",4181345561639103,4181345561701394,4181345561924726,4181345561927232,223332
787,"void transformer_engine::fused_attn_rocm::softmax_backward_kernel<__half, transformer_engine::fused_attn_rocm::SmallSeqConfig<6, 128, 256, false, (transformer_engine::fused_attn_rocm::CausalMaskType)0> >(__half const*, __half const*, __half*, float, int const*, int, int) [clone .kd]",2,8,919,1277591,1277591,390144,256,1024,0,16,0,16,64,"0x0","0x7f3e240d0280",4181345561647286,4181345561924726,4181345561930735,4181345561935624,6009
788,"void transformer_engine::fused_attn_rocm::compute_grad_qk_kernel<__half, transformer_engine::fused_attn_rocm::SmallSeqConfig<6, 128, 256, false, (transformer_engine::fused_attn_rocm::CausalMaskType)0>, 4, 16>(__half const*, __half const*, __half const*, __half*, __half*, float, int const*, int const*, int, int) [clone .kd]",2,8,920,1277591,1277591,1024000,64,12288,0,36,4,64,64,"0x0","0x7f3e240d02c0",4181345561658072,4181345561930735,4181345562088490,4181345562101191,157755
789,"input_reduce_fusion.kd",2,8,921,1277591,1277591,524288,256,512,0,16,0,16,64,"0x0","0x7f3e25f69a80",4181345561666534,4181345562088490,4181345562098905,4181345562108481,10415
790,"input_reduce_fusion_3.kd",2,8,922,1277591,1277591,128,128,512,0,24,0,16,64,"0x0","0x7f3e25f69ac0",4181345561673154,4181345562098905,4181345562104594,4181345562114280,5689
791,"loop_convert_fusion.kd",2,8,923,1277591,1277591,1,1,0,0,4,4,16,64,"0x0","0x7f3e25f69b00",4181345561681326,4181345562104594,4181345562108560,4181345562124095,3966
792,"input_reduce_reduce_window_fusion_3.kd",2,8,926,1277591,1277591,9728,256,0,0,28,4,48,64,"0x0","0x7f3e25f69000",4181345561782477,4181345562120938,4181345562131634,4181345562132147,10696
793,"loop_reduce_window_fusion_11.kd",2,8,927,1277591,1277591,1536,256,0,0,8,0,16,64,"0x0","0x7f3e25f69040",4181345561792251,4181345562131634,4181345562139125,4181345562140459,7491
794,"loop_slice_fusion_5.kd",2,8,928,1277591,1277591,6,6,0,0,20,4,16,64,"0x0","0x7f3e25f69080",4181345561800073,4181345562139125,4181345562145375,4181345562146608,6250
795,"loop_broadcast_fusion_2.kd",2,8,929,1277591,1277591,24064,256,0,0,4,4,16,64,"0x0","0x7f3e25f690c0",4181345561806943,4181345562145375,4181345562150943,4181345562152247,5568
796,"input_scatter_fusion_2.kd",2,8,930,1277591,1277591,24064,256,0,0,12,4,32,64,"0x0","0x7f3e25f69100",4181345561815245,4181345562150943,4181345562159035,4181345562166498,8092
797,"loop_reduce_window_fusion_10.kd",2,8,931,1277591,1277591,24064,256,0,0,8,0,16,64,"0x0","0x7f3e25f69140",4181345561822226,4181345562159035,4181345562164884,4181345562173188,5849
798,"loop_reduce_window_fusion_11.kd",2,8,932,1277591,1277591,1536,256,0,0,8,0,16,64,"0x0","0x7f3e25f69040",4181345561828715,4181345562164884,4181345562170772,4181345562188571,5888
799,"loop_slice_fusion_4.kd",2,8,933,1277591,1277591,94,94,0,0,24,0,16,64,"0x0","0x7f3e25f69180",4181345561835405,4181345562170772,4181345562176901,4181345562194660,6129
800,"input_reduce_fusion_1.kd",2,8,934,1277591,1277591,64,64,0,0,8,0,16,64,"0x0","0x7f3e25f691c0",4181345561842626,4181345562176901,4181345562181548,4181345562200679,4647
801,"loop_select_fusion_5.kd",2,8,935,1277591,1277591,24064,256,0,0,8,0,32,64,"0x0","0x7f3e25f69200",4181345561849927,4181345562181548,4181345562186516,4181345562206217,4968
802,"loop_select_fusion_2.kd",2,8,936,1277591,1277591,24064,256,0,0,4,4,16,64,"0x0","0x7f3e25f69240",4181345561857548,4181345562186516,4181345562191403,4181345562212236,4887
803,"loop_reduce_window_fusion_10.kd",2,8,937,1277591,1277591,24064,256,0,0,8,0,16,64,"0x0","0x7f3e25f69140",4181345561864368,4181345562191403,4181345562196170,4181345562218084,4767
804,"loop_reduce_window_fusion_11.kd",2,8,938,1277591,1277591,1536,256,0,0,8,0,16,64,"0x0","0x7f3e25f69040",4181345561871349,4181345562196170,4181345562201017,4181345562223442,4847
805,"loop_slice_fusion_5.kd",2,8,939,1277591,1277591,6,6,0,0,20,4,16,64,"0x0","0x7f3e25f69080",4181345561878259,4181345562201017,4181345562205664,4181345562228931,4647
806,"input_concatenate_fusion.kd",2,8,940,1277591,1277591,24064,256,0,0,12,4,32,64,"0x0","0x7f3e25f69280",4181345561885159,4181345562205664,4181345562211513,4181345562236332,5849
807,"input_reduce_reduce_window_fusion.kd",2,8,941,1277591,1277591,11264,256,0,0,36,4,48,64,"0x0","0x7f3e25f692c0",4181345561891719,4181345562211513,4181345562221848,4181345562242190,10335
808,"loop_reduce_window_fusion_2.kd",2,8,942,1277591,1277591,1792,256,0,0,8,0,16,64,"0x0","0x7f3e25f69300",4181345561898920,4181345562221848,4181345562226856,4181345562293827,5008
809,"loop_slice_fusion_7.kd",2,8,943,1277591,1277591,7,7,0,0,20,4,16,64,"0x0","0x7f3e25f69340",4181345561906221,4181345562226856,4181345562231583,4181345562273637,4727
810,"loop_broadcast_fusion.kd",2,8,944,1277591,1277591,28160,256,0,0,4,4,16,64,"0x0","0x7f3e25f69380",4181345561913331,4181345562231583,4181345562236510,4181345562247839,4927
811,"input_scatter_fusion.kd",2,8,945,1277591,1277591,28160,256,0,0,12,4,32,64,"0x0","0x7f3e25f693c0",4181345561920983,4181345562236510,4181345562243801,4181345562265024,7291
812,"loop_reduce_window_fusion_1.kd",2,8,946,1277591,1277591,28160,256,0,0,8,0,16,64,"0x0","0x7f3e25f69400",4181345561928824,4181345562243801,4181345562248728,4181345562259456,4927
813,"loop_reduce_window_fusion_2.kd",2,8,947,1277591,1277591,1792,256,0,0,8,0,16,64,"0x0","0x7f3e25f69300",4181345561950446,4181345562248728,4181345562253776,4181345562253567,5048
814,"loop_slice_fusion_7.kd",2,8,948,1277591,1277591,7,7,0,0,20,4,16,64,"0x0","0x7f3e25f69340",4181345561957106,4181345562253776,4181345562258343,4181345562299435,4567
815,"loop_slice_fusion_3.kd",2,8,949,1277591,1277591,110,110,0,0,8,0,16,64,"0x0","0x7f3e25f69440",4181345561964207,4181345562258343,4181345562262989,4181345562305164,4646
816,"input_reduce_fusion_2.kd",2,8,950,1277591,1277591,64,64,0,0,8,0,16,64,"0x0","0x7f3e25f69480",4181345561971438,4181345562262989,4181345562267636,4181345562310822,4647
817,"loop_select_fusion_4.kd",2,8,951,1277591,1277591,28160,256,0,0,8,0,32,64,"0x0","0x7f3e25f694c0",4181345561979299,4181345562267636,4181345562272644,4181345562316841,5008
818,"loop_select_fusion.kd",2,8,952,1277591,1277591,28160,256,0,0,8,0,16,64,"0x0","0x7f3e25f69500",4181345561986500,4181345562272644,4181345562277531,4181345562324272,4887
819,"loop_compare_fusion_1.kd",2,8,953,1277591,1277591,4096,256,0,0,4,4,16,64,"0x0","0x7f3e25f69540",4181345561993641,4181345562277531,4181345562282298,4181345562329801,4767
820,"input_reduce_reduce_window_fusion_2.kd",2,8,954,1277591,1277591,256,256,512,0,20,4,32,64,"0x0","0x7f3e25f69580",4181345562001272,4181345562282298,4181345562298042,4181345562335289,15744
821,"loop_slice_fusion_1.kd",2,8,955,1277591,1277591,16,16,0,0,20,4,16,64,"0x0","0x7f3e25f695c0",4181345562007802,4181345562298042,4181345562302729,4181345562340627,4687
822,"loop_broadcast_fusion_3.kd",2,8,956,1277591,1277591,4096,256,0,0,4,4,16,64,"0x0","0x7f3e25f69600",4181345562015563,4181345562302729,4181345562307696,4181345562346305,4967
823,"input_scatter_fusion_3.kd",2,8,957,1277591,1277591,4096,256,0,0,8,0,32,64,"0x0","0x7f3e25f69640",4181345562022353,4181345562307696,4181345562313985,4181345562351823,6289
824,"loop_reduce_window_fusion_13.kd",2,8,958,1277591,1277591,4096,256,0,0,8,0,16,64,"0x0","0x7f3e25f69680",4181345562028943,4181345562313985,4181345562319113,4181345562357251,5128
825,"loop_slice_fusion_1.kd",2,8,959,1277591,1277591,16,16,0,0,20,4,16,64,"0x0","0x7f3e25f695c0",4181345562035393,4181345562319113,4181345562323880,4181345562362339,4767
826,"loop_remainder_fusion.kd",2,8,960,1277591,1277591,4096,256,0,0,12,4,16,64,"0x0","0x7f3e25f696c0",4181345562042203,4181345562323880,4181345562329849,4181345562367707,5969
827,"loop_select_fusion_3.kd",2,8,961,1277591,1277591,4096,256,0,0,8,0,32,64,"0x0","0x7f3e25f69700",4181345562050265,4181345562329849,4181345562334776,4181345562372684,4927
828,"loop_reduce_window_fusion_13.kd",2,8,962,1277591,1277591,4096,256,0,0,8,0,16,64,"0x0","0x7f3e25f69680",4181345562057215,4181345562334776,4181345562339623,4181345562378263,4847
829,"loop_slice_fusion_1.kd",2,8,963,1277591,1277591,16,16,0,0,20,4,16,64,"0x0","0x7f3e25f695c0",4181345562063905,4181345562339623,4181345562344270,4181345562445332,4647
830,"input_concatenate_fusion_1.kd",2,8,964,1277591,1277591,4096,256,0,0,8,0,32,64,"0x0","0x7f3e25f69740",4181345562071707,4181345562344270,4181345562350319,4181345562452253,6049
831,"loop_compare_fusion.kd",2,8,965,1277591,1277591,8192,256,0,0,4,4,16,64,"0x0","0x7f3e25f69780",4181345562079108,4181345562350319,4181345562355247,4181345562390531,4928
832,"input_reduce_reduce_window_fusion_1.kd",2,8,966,1277591,1277591,512,512,512,0,20,4,48,64,"0x0","0x7f3e25f697c0",4181345562086909,4181345562355247,4181345562373193,4181345562383531,17946
833,"loop_reduce_window_fusion_6.kd",2,8,967,1277591,1277591,32,32,0,0,32,0,16,64,"0x0","0x7f3e25f69800",4181345562094521,4181345562373193,4181345562382888,4181345562412644,9695
834,"loop_broadcast_fusion_1.kd",2,8,968,1277591,1277591,8192,256,0,0,4,4,16,64,"0x0","0x7f3e25f69840",4181345562099999,4181345562382888,4181345562387935,4181345562460084,5047
835,"input_scatter_fusion_1.kd",2,8,969,1277591,1277591,8192,256,0,0,8,0,32,64,"0x0","0x7f3e25f69880",4181345562129002,4181345562387935,4181345562393463,4181345562483720,5528
836,"loop_reduce_window_fusion_5.kd",2,8,970,1277591,1277591,8192,256,0,0,8,0,16,64,"0x0","0x7f3e25f698c0",4181345562167940,4181345562393463,4181345562397910,4181345562466133,4447
837,"loop_reduce_window_fusion_4.kd",2,8,971,1277591,1277591,512,256,0,0,8,0,16,64,"0x0","0x7f3e25f69900",4181345562285955,4181345562401836,4181345562405321,4181345562478382,3485
838,"loop_reduce_window_fusion_3.kd",2,8,972,1277591,1277591,32,32,0,0,8,0,16,64,"0x0","0x7f3e25f69940",4181345562406845,4181345562419542,4181345562424109,4181345562472212,4567
839,"loop_select_fusion_6.kd",2,8,973,1277591,1277591,8192,256,0,0,8,0,32,64,"0x0","0x7f3e25f69980",4181345562443580,4181345562466652,4181345562470057,4181345562492252,3405
840,"loop_select_fusion_1.kd",2,8,974,1277591,1277591,8192,256,0,0,8,0,16,64,"0x0","0x7f3e25f699c0",4181345562466013,4181345562498259,4181345562501104,4181345562503128,2845
841,"loop_broadcast_fusion_4.kd",2,8,975,1277591,1277591,16,16,0,0,4,4,16,64,"0x0","0x7f3e25f69a00",4181345562500284,4181345562509837,4181345562511799,4181345562512853,1962
842,"__amd_rocclr_fillBufferAligned.kd",2,8,976,1277591,1277591,77824,256,0,0,12,4,48,64,"0x0","0x7f669ba7b580",4181345562514465,4181345562527984,4181345562542325,4181345562545021,14341
843,"__amd_rocclr_fillBufferAligned.kd",2,8,977,1277591,1277591,16128,256,0,0,12,4,48,64,"0x0","0x7f669ba7b580",4181345562526613,4181345562542325,4181345562547372,4181345562551981,5047
844,"transformer_engine::fused_attn_rocm::populate_rng_state_kernel(long*, long const*, long) [clone .kd]",2,8,978,1277591,1277591,1,1,0,0,8,0,16,64,"0x0","0x7f3e25f8d380",4181345562536438,4181345562547372,4181345562551499,4181345562562246,4127
845,"__amd_rocclr_fillBufferAligned.kd",2,8,979,1277591,1277591,256,256,0,0,12,4,48,64,"0x0","0x7f669ba7b580",4181345562546192,4181345562567963,4181345562570006,4181345562578821,2043
846,"ck_fused_attn::get_runtime_max_seqlen_kernel(unsigned long, int const*, int const*, unsigned long*) [clone .kd]",2,8,980,1277591,1277591,4096,128,0,0,4,4,32,64,"0x0","0x7f3e25f58940",4181345562568385,4181345562578819,4181345562584588,4181345562587985,5769
847,"__amd_rocclr_copyBuffer.kd",2,8,981,1277591,1277591,512,512,0,0,16,0,32,64,"0x7f7ea91e8600","0x7f669ba7b600",4181345562578190,4181345562593641,4181345562600171,4181345562603227,6530
848,"__amd_rocclr_fillBufferAligned.kd",2,8,983,1277591,1277591,256,256,0,0,12,4,48,64,"0x0","0x7f669ba7b580",4181345562623307,4181345562632138,4181345562634181,4181345562660002,2043
849,"ck_fused_attn::get_runtime_max_seqlen_kernel(unsigned long, int const*, int const*, unsigned long*) [clone .kd]",2,8,984,1277591,1277591,4096,128,0,0,4,4,32,64,"0x0","0x7f3e25f58940",4181345562632190,4181345562639990,4181345562649725,4181345562670387,9735
850,"__amd_rocclr_copyBuffer.kd",2,8,985,1277591,1277591,512,512,0,0,16,0,32,64,"0x7f7ea91e8500","0x7f669ba7b600",4181345562639391,4181345562649725,4181345562655133,4181345562665400,5408
851,"void transformer_engine::fused_attn_rocm::compute_scores_kernel<__half, transformer_engine::fused_attn_rocm::SmallSeqConfig<6, 128, 256, false, (transformer_engine::fused_attn_rocm::CausalMaskType)0>, 1>(__half const*, __half const*, __half*, float, int const*, int const*, int, int) [clone .kd]",2,8,987,1277591,1277591,64000,64,0,0,92,4,48,64,"0x0","0x7f3e240cea80",4181345562683617,4181345562693430,4181345562724436,4181345562728694,31006
852,"void transformer_engine::fused_attn_rocm::apply_mask_and_softmax_kernel<__half, transformer_engine::fused_attn_rocm::SmallSeqConfig<6, 128, 256, false, (transformer_engine::fused_attn_rocm::CausalMaskType)0> >(__half*, __half const*, float, int const*, int, int) [clone .kd]",2,8,988,1277591,1277591,390144,256,1024,0,12,4,16,64,"0x0","0x7f3e240ceac0",4181345562691418,4181345562724436,4181345562729523,4181345562743326,5087
853,"void transformer_engine::fused_attn_rocm::compute_output_kernel<__half, transformer_engine::fused_attn_rocm::SmallSeqConfig<6, 128, 256, false, (transformer_engine::fused_attn_rocm::CausalMaskType)0>, 2, 8>(__half const*, __half const*, __half*, int const*, int const*, int, int) [clone .kd]",2,8,989,1277591,1277591,512000,64,12288,0,20,4,32,64,"0x0","0x7f3e240ceb00",4181345562699981,4181345562729523,4181345562773268,4181345562776305,43745
854,"loop_broadcast_fusion_5.kd",2,8,990,1277591,1277591,2048000,256,0,0,4,4,16,64,"0x0","0x7f3e25f69a40",4181345562709395,4181345562773268,4181345562781481,4181345562788262,8213
855,"__amd_rocclr_fillBufferAligned.kd",2,8,991,1277591,1277591,77824,256,0,0,12,4,48,64,"0x0","0x7f669ba7b580",4181345562723406,4181345562781481,4181345562788411,4181345562793250,6930
856,"__amd_rocclr_fillBufferAligned.kd",2,8,992,1277591,1277591,77824,256,0,0,12,4,48,64,"0x0","0x7f669ba7b580",4181345562736976,4181345562788411,4181345562806237,4181345562809103,17826
857,"__amd_rocclr_fillBufferAligned.kd",2,8,993,1277591,1277591,77824,256,0,0,12,4,48,64,"0x0","0x7f669ba7b580",4181345562755994,4181345562806237,4181345562823864,4181345562824146,17627
858,"__amd_rocclr_fillBufferAligned.kd",2,8,994,1277591,1277591,256,256,0,0,12,4,48,64,"0x0","0x7f669ba7b580",4181345562765659,4181345562823864,4181345562828631,4181345562828582,4767
859,"ck_fused_attn::get_runtime_max_seqlen_kernel(unsigned long, int const*, int const*, unsigned long*) [clone .kd]",2,8,995,1277591,1277591,4096,128,0,0,4,4,32,64,"0x0","0x7f3e25f58940",4181345562772128,4181345562828631,4181345562834640,4181345562834992,6009
860,"__amd_rocclr_copyBuffer.kd",2,8,996,1277591,1277591,512,512,0,0,16,0,32,64,"0x7f7ea91e8400","0x7f669ba7b600",4181345562779579,4181345562834640,4181345562840088,4181345562841111,5448
861,"__amd_rocclr_fillBufferAligned.kd",2,8,998,1277591,1277591,256,256,0,0,12,4,48,64,"0x0","0x7f669ba7b580",4181345562857455,4181345562872856,4181345562874980,4181345562875863,2124
862,"ck_fused_attn::get_runtime_max_seqlen_kernel(unsigned long, int const*, int const*, unsigned long*) [clone .kd]",2,8,999,1277591,1277591,4096,128,0,0,4,4,32,64,"0x0","0x7f3e25f58940",4181345562870415,4181345562878785,4181345562884233,4181345562885026,5448
863,"__amd_rocclr_copyBuffer.kd",2,8,1000,1277591,1277591,512,512,0,0,16,0,32,64,"0x7f7ea91e8300","0x7f669ba7b600",4181345562876504,4181345562891204,4181345562897453,4181345562900529,6249
864,"void transformer_engine::fused_attn_rocm::compute_grad_v_kernel<__half, transformer_engine::fused_attn_rocm::SmallSeqConfig<6, 128, 256, false, (transformer_engine::fused_attn_rocm::CausalMaskType)0>, 16, 16>(__half const*, __half const*, __half*, int const*, int const*, int, int) [clone .kd]",2,8,1002,1277591,1277591,256000,64,12288,0,28,4,32,64,"0x0","0x7f3e240d0200",4181345562915171,4181345562926176,4181345562984983,4181345562985486,58807
865,"void transformer_engine::fused_attn_rocm::compute_grad_attn_kernel<__half, transformer_engine::fused_attn_rocm::SmallSeqConfig<6, 128, 256, false, (transformer_engine::fused_attn_rocm::CausalMaskType)0>, 16>(__half const*, __half const*, __half*, int const*, int const*, int, int) [clone .kd]",2,8,1003,1277591,1277591,8000,64,0,0,104,0,64,64,"0x0","0x7f3e240d0240",4181345562924064,4181345562984983,4181345563208596,4181345563213815,223613
866,"void transformer_engine::fused_attn_rocm::softmax_backward_kernel<__half, transformer_engine::fused_attn_rocm::SmallSeqConfig<6, 128, 256, false, (transformer_engine::fused_attn_rocm::CausalMaskType)0> >(__half const*, __half const*, __half*, float, int const*, int, int) [clone .kd]",2,8,1004,1277591,1277591,390144,256,1024,0,16,0,16,64,"0x0","0x7f3e240d0280",4181345562931956,4181345563208596,4181345563214404,4181345563221477,5808
867,"void transformer_engine::fused_attn_rocm::compute_grad_qk_kernel<__half, transformer_engine::fused_attn_rocm::SmallSeqConfig<6, 128, 256, false, (transformer_engine::fused_attn_rocm::CausalMaskType)0>, 4, 16>(__half const*, __half const*, __half const*, __half*, __half*, float, int const*, int const*, int, int) [clone .kd]",2,8,1005,1277591,1277591,1024000,64,12288,0,36,4,64,64,"0x0","0x7f3e240d02c0",4181345562938646,4181345563214404,4181345563370517,4181345563371970,156113
868,"input_reduce_fusion.kd",2,8,1006,1277591,1277591,524288,256,512,0,16,0,16,64,"0x0","0x7f3e25f69a80",4181345562949512,4181345563370517,4181345563380011,4181345563379742,9494
869,"input_reduce_fusion_3.kd",2,8,1007,1277591,1277591,128,128,512,0,24,0,16,64,"0x0","0x7f3e25f69ac0",4181345562956953,4181345563380011,4181345563385659,4181345563385120,5648
870,"loop_convert_fusion.kd",2,8,1008,1277591,1277591,1,1,0,0,4,4,16,64,"0x0","0x7f3e25f69b00",4181345562964925,4181345563385659,4181345563389585,4181345563393953,3926
871,"input_reduce_reduce_window_fusion_3.kd",2,8,1011,1277591,1277591,9728,256,0,0,28,4,48,64,"0x0","0x7f3e25f69000",4181345563054538,4181345563400802,4181345563411417,4181345563428134,10615
872,"loop_reduce_window_fusion_11.kd",2,8,1012,1277591,1277591,1536,256,0,0,8,0,16,64,"0x0","0x7f3e25f69040",4181345563063802,4181345563411417,4181345563418708,4181345563433622,7291
873,"loop_slice_fusion_5.kd",2,8,1013,1277591,1277591,6,6,0,0,20,4,16,64,"0x0","0x7f3e25f69080",4181345563072084,4181345563418708,4181345563423876,4181345563444568,5168
874,"loop_broadcast_fusion_2.kd",2,8,1014,1277591,1277591,24064,256,0,0,4,4,16,64,"0x0","0x7f3e25f690c0",4181345563078634,4181345563423876,4181345563429685,4181345563453261,5809
875,"input_scatter_fusion_2.kd",2,8,1015,1277591,1277591,24064,256,0,0,12,4,32,64,"0x0","0x7f3e25f69100",4181345563086336,4181345563429685,4181345563438137,4181345563458880,8452
876,"loop_reduce_window_fusion_10.kd",2,8,1016,1277591,1277591,24064,256,0,0,8,0,16,64,"0x0","0x7f3e25f69140",4181345563092936,4181345563438137,4181345563442904,4181345563464348,4767
877,"loop_reduce_window_fusion_11.kd",2,8,1017,1277591,1277591,1536,256,0,0,8,0,16,64,"0x0","0x7f3e25f69040",4181345563099936,4181345563442904,4181345563447912,4181345563469946,5008
878,"loop_slice_fusion_4.kd",2,8,1018,1277591,1277591,94,94,0,0,24,0,16,64,"0x0","0x7f3e25f69180",4181345563106656,4181345563447912,4181345563453160,4181345563475404,5248
879,"input_reduce_fusion_1.kd",2,8,1019,1277591,1277591,64,64,0,0,8,0,16,64,"0x0","0x7f3e25f691c0",4181345563113917,4181345563453160,4181345563457846,4181345563480983,4686
880,"loop_select_fusion_5.kd",2,8,1020,1277591,1277591,24064,256,0,0,8,0,32,64,"0x0","0x7f3e25f69200",4181345563120777,4181345563457846,4181345563462854,4181345563486691,5008
881,"loop_select_fusion_2.kd",2,8,1021,1277591,1277591,24064,256,0,0,4,4,16,64,"0x0","0x7f3e25f69240",4181345563127837,4181345563462854,4181345563467701,4181345563493091,4847
882,"loop_reduce_window_fusion_10.kd",2,8,1022,1277591,1277591,24064,256,0,0,8,0,16,64,"0x0","0x7f3e25f69140",4181345563135429,4181345563467701,4181345563472468,4181345563499350,4767
883,"loop_reduce_window_fusion_11.kd",2,8,1023,1277591,1277591,1536,256,0,0,8,0,16,64,"0x0","0x7f3e25f69040",4181345563142579,4181345563472468,4181345563477436,4181345563505689,4968
884,"loop_slice_fusion_5.kd",2,8,1024,1277591,1277591,6,6,0,0,20,4,16,64,"0x0","0x7f3e25f69080",4181345563149399,4181345563477436,4181345563482083,4181345563511838,4647
885,"input_concatenate_fusion.kd",2,8,1025,1277591,1277591,24064,256,0,0,12,4,32,64,"0x0","0x7f3e25f69280",4181345563156190,4181345563482083,4181345563487651,4181345563517397,5568
886,"input_reduce_reduce_window_fusion.kd",2,8,1026,1277591,1277591,11264,256,0,0,36,4,48,64,"0x0","0x7f3e25f692c0",4181345563163020,4181345563487651,4181345563498026,4181345563522985,10375
887,"loop_reduce_window_fusion_2.kd",2,8,1027,1277591,1277591,1792,256,0,0,8,0,16,64,"0x0","0x7f3e25f69300",4181345563169569,4181345563498026,4181345563503194,4181345563530737,5168
888,"loop_slice_fusion_7.kd",2,8,1028,1277591,1277591,7,7,0,0,20,4,16,64,"0x0","0x7f3e25f69340",4181345563176440,4181345563503194,4181345563507841,4181345563547942,4647
889,"loop_broadcast_fusion.kd",2,8,1029,1277591,1277591,28160,256,0,0,4,4,16,64,"0x0","0x7f3e25f69380",4181345563183420,4181345563507841,4181345563512768,4181345563572719,4927
890,"input_scatter_fusion.kd",2,8,1030,1277591,1277591,28160,256,0,0,12,4,32,64,"0x0","0x7f3e25f693c0",4181345563190831,4181345563512768,4181345563520019,4181345563556715,7251
891,"loop_reduce_window_fusion_1.kd",2,8,1031,1277591,1277591,28160,256,0,0,8,0,16,64,"0x0","0x7f3e25f69400",4181345563198893,4181345563520019,4181345563524826,4181345563542574,4807
892,"loop_reduce_window_fusion_2.kd",2,8,1032,1277591,1277591,1792,256,0,0,8,0,16,64,"0x0","0x7f3e25f69300",4181345563205753,4181345563524826,4181345563529874,4181345563536725,5048
893,"loop_slice_fusion_7.kd",2,8,1033,1277591,1277591,7,7,0,0,20,4,16,64,"0x0","0x7f3e25f69340",4181345563212333,4181345563529874,4181345563534521,4181345563602023,4647
894,"loop_slice_fusion_3.kd",2,8,1034,1277591,1277591,110,110,0,0,8,0,16,64,"0x0","0x7f3e25f69440",4181345563236389,4181345563534521,4181345563539167,4181345563608632,4646
895,"input_reduce_fusion_2.kd",2,8,1035,1277591,1277591,64,64,0,0,8,0,16,64,"0x0","0x7f3e25f69480",4181345563243970,4181345563539167,4181345563543854,4181345563614601,4687
896,"loop_select_fusion_4.kd",2,8,1036,1277591,1277591,28160,256,0,0,8,0,32,64,"0x0","0x7f3e25f694c0",4181345563252383,4181345563543854,4181345563548822,4181345563621221,4968
897,"loop_select_fusion.kd",2,8,1037,1277591,1277591,28160,256,0,0,8,0,16,64,"0x0","0x7f3e25f69500",4181345563259693,4181345563548822,4181345563553549,4181345563626399,4727
898,"loop_compare_fusion_1.kd",2,8,1038,1277591,1277591,4096,256,0,0,4,4,16,64,"0x0","0x7f3e25f69540",4181345563267385,4181345563553549,4181345563558356,4181345563596144,4807
899,"input_reduce_reduce_window_fusion_2.kd",2,8,1039,1277591,1277591,256,256,512,0,20,4,32,64,"0x0","0x7f3e25f69580",4181345563274606,4181345563558356,4181345563573699,4181345563591407,15343
900,"loop_slice_fusion_1.kd",2,8,1040,1277591,1277591,16,16,0,0,20,4,16,64,"0x0","0x7f3e25f695c0",4181345563281276,4181345563573699,4181345563578426,4181345563581111,4727
901,"loop_broadcast_fusion_3.kd",2,8,1041,1277591,1277591,4096,256,0,0,4,4,16,64,"0x0","0x7f3e25f69600",4181345563287865,4181345563578426,4181345563583353,4181345563673028,4927
902,"input_scatter_fusion_3.kd",2,8,1042,1277591,1277591,4096,256,0,0,8,0,32,64,"0x0","0x7f3e25f69640",4181345563294585,4181345563583353,4181345563589402,4181345563678977,6049
903,"loop_reduce_window_fusion_13.kd",2,8,1043,1277591,1277591,4096,256,0,0,8,0,16,64,"0x0","0x7f3e25f69680",4181345563302237,4181345563589402,4181345563594289,4181345563684345,4887
904,"loop_slice_fusion_1.kd",2,8,1044,1277591,1277591,16,16,0,0,20,4,16,64,"0x0","0x7f3e25f695c0",4181345563308797,4181345563594289,4181345563598936,4181345563689563,4647
905,"loop_remainder_fusion.kd",2,8,1045,1277591,1277591,4096,256,0,0,12,4,16,64,"0x0","0x7f3e25f696c0",4181345563315767,4181345563598936,4181345563604905,4181345563694710,5969
906,"loop_select_fusion_3.kd",2,8,1046,1277591,1277591,4096,256,0,0,8,0,32,64,"0x0","0x7f3e25f69700",4181345563323578,4181345563604905,4181345563609752,4181345563667570,4847
907,"loop_reduce_window_fusion_13.kd",2,8,1047,1277591,1277591,4096,256,0,0,8,0,16,64,"0x0","0x7f3e25f69680",4181345563330929,4181345563609752,4181345563614560,4181345563662372,4808
908,"loop_slice_fusion_1.kd",2,8,1048,1277591,1277591,16,16,0,0,20,4,16,64,"0x0","0x7f3e25f695c0",4181345563337219,4181345563614560,4181345563619287,4181345563656373,4727
909,"input_concatenate_fusion_1.kd",2,8,1049,1277591,1277591,4096,256,0,0,8,0,32,64,"0x0","0x7f3e25f69740",4181345563344700,4181345563619287,4181345563625135,4181345563646809,5848
910,"loop_compare_fusion.kd",2,8,1050,1277591,1277591,8192,256,0,0,4,4,16,64,"0x0","0x7f3e25f69780",4181345563351690,4181345563625135,4181345563630063,4181345563634851,4928
911,"input_reduce_reduce_window_fusion_1.kd",2,8,1051,1277591,1277591,512,512,512,0,20,4,48,64,"0x0","0x7f3e25f697c0",4181345563359462,4181345563630063,4181345563647408,4181345563768130,17345
912,"loop_reduce_window_fusion_6.kd",2,8,1052,1277591,1277591,32,32,0,0,32,0,16,64,"0x0","0x7f3e25f69800",4181345563366793,4181345563647408,4181345563656422,4181345563773247,9014
913,"loop_broadcast_fusion_1.kd",2,8,1053,1277591,1277591,8192,256,0,0,4,4,16,64,"0x0","0x7f3e25f69840",4181345563374444,4181345563656422,4181345563661429,4181345563702883,5007
914,"input_scatter_fusion_1.kd",2,8,1054,1277591,1277591,8192,256,0,0,8,0,32,64,"0x0","0x7f3e25f69880",4181345563400283,4181345563661429,4181345563666917,4181345563757113,5488
915,"loop_reduce_window_fusion_5.kd",2,8,1055,1277591,1277591,8192,256,0,0,8,0,16,64,"0x0","0x7f3e25f698c0",4181345563408294,4181345563666917,4181345563671965,4181345563739777,5048
916,"loop_reduce_window_fusion_4.kd",2,8,1056,1277591,1277591,512,256,0,0,8,0,16,64,"0x0","0x7f3e25f69900",4181345563415756,4181345563671965,4181345563677293,4181345563733829,5328
917,"loop_reduce_window_fusion_3.kd",2,8,1057,1277591,1277591,32,32,0,0,8,0,16,64,"0x0","0x7f3e25f69940",4181345563422145,4181345563677293,4181345563682060,4181345563745736,4767
918,"loop_select_fusion_6.kd",2,8,1058,1277591,1277591,8192,256,0,0,8,0,32,64,"0x0","0x7f3e25f69980",4181345563429806,4181345563682060,4181345563687067,4181345563778695,5007
919,"loop_select_fusion_1.kd",2,8,1059,1277591,1277591,8192,256,0,0,8,0,16,64,"0x0","0x7f3e25f699c0",4181345563444238,4181345563687067,4181345563691955,4181345563784193,4888
920,"loop_broadcast_fusion_4.kd",2,8,1060,1277591,1277591,16,16,0,0,4,4,16,64,"0x0","0x7f3e25f69a00",4181345563569104,4181345563691955,4181345563697042,4181345563751345,5087
921,"__amd_rocclr_fillBufferAligned.kd",2,8,1061,1277591,1277591,77824,256,0,0,12,4,48,64,"0x0","0x7f669ba7b580",4181345563594672,4181345563697042,4181345563709341,4181345563762571,12299
922,"__amd_rocclr_fillBufferAligned.kd",2,8,1062,1277591,1277591,16128,256,0,0,12,4,48,64,"0x0","0x7f669ba7b580",4181345563641511,4181345563709341,4181345563714348,4181345563728110,5007
923,"transformer_engine::fused_attn_rocm::populate_rng_state_kernel(long*, long const*, long) [clone .kd]",2,8,1063,1277591,1277591,1,1,0,0,8,0,16,64,"0x0","0x7f3e25f8d380",4181345563655933,4181345563714348,4181345563718474,4181345563721650,4126
924,"__amd_rocclr_fillBufferAligned.kd",2,8,1064,1277591,1277591,256,256,0,0,12,4,48,64,"0x0","0x7f669ba7b580",4181345563715301,4181345563805283,4181345563807126,4181345563814378,1843
925,"ck_fused_attn::get_runtime_max_seqlen_kernel(unsigned long, int const*, int const*, unsigned long*) [clone .kd]",2,8,1065,1277591,1277591,4096,128,0,0,4,4,32,64,"0x0","0x7f3e25f58940",4181345563803282,4181345563812814,4181345563818503,4181345563823592,5689
926,"__amd_rocclr_copyBuffer.kd",2,8,1066,1277591,1277591,512,512,0,0,16,0,32,64,"0x7f7ea9073600","0x7f669ba7b600",4181345563812536,4181345563823510,4181345563829399,4181345563830763,5889
927,"__amd_rocclr_fillBufferAligned.kd",2,8,1068,1277591,1277591,256,256,0,0,12,4,48,64,"0x0","0x7f669ba7b580",4181345563849330,4181345563858883,4181345563860726,4181345563892905,1843
928,"ck_fused_attn::get_runtime_max_seqlen_kernel(unsigned long, int const*, int const*, unsigned long*) [clone .kd]",2,8,1069,1277591,1277591,4096,128,0,0,4,4,32,64,"0x0","0x7f3e25f58940",4181345563859746,4181345563869258,4181345563874987,4181345563902740,5729
929,"__amd_rocclr_copyBuffer.kd",2,8,1070,1277591,1277591,512,512,0,0,16,0,32,64,"0x7f7ea91ea000","0x7f669ba7b600",4181345563868259,4181345563879874,4181345563885482,4181345563897973,5608
930,"void transformer_engine::fused_attn_rocm::compute_scores_kernel<__half, transformer_engine::fused_attn_rocm::SmallSeqConfig<6, 128, 256, false, (transformer_engine::fused_attn_rocm::CausalMaskType)0>, 1>(__half const*, __half const*, __half*, float, int const*, int const*, int, int) [clone .kd]",2,8,1072,1277591,1277591,64000,64,0,0,92,4,48,64,"0x0","0x7f3e240cea80",4181345563913866,4181345563923739,4181345563954385,4181345563954387,30646
931,"void transformer_engine::fused_attn_rocm::apply_mask_and_softmax_kernel<__half, transformer_engine::fused_attn_rocm::SmallSeqConfig<6, 128, 256, false, (transformer_engine::fused_attn_rocm::CausalMaskType)0> >(__half*, __half const*, float, int const*, int, int) [clone .kd]",2,8,1073,1277591,1277591,390144,256,1024,0,12,4,16,64,"0x0","0x7f3e240ceac0",4181345563920877,4181345563954385,4181345563959553,4181345563969519,5168
932,"void transformer_engine::fused_attn_rocm::compute_output_kernel<__half, transformer_engine::fused_attn_rocm::SmallSeqConfig<6, 128, 256, false, (transformer_engine::fused_attn_rocm::CausalMaskType)0>, 2, 8>(__half const*, __half const*, __half*, int const*, int const*, int, int) [clone .kd]",2,8,1074,1277591,1277591,512000,64,12288,0,20,4,32,64,"0x0","0x7f3e240ceb00",4181345563929059,4181345563959553,4181345564004059,4181345564004992,44506
933,"loop_broadcast_fusion_5.kd",2,8,1075,1277591,1277591,2048000,256,0,0,4,4,16,64,"0x0","0x7f3e25f69a40",4181345563937051,4181345564004059,4181345564012271,4181345564013565,8212
934,"__amd_rocclr_fillBufferAligned.kd",2,8,1076,1277591,1277591,77824,256,0,0,12,4,48,64,"0x0","0x7f669ba7b580",4181345563951482,4181345564012271,4181345564019121,4181345564020695,6850
935,"__amd_rocclr_fillBufferAligned.kd",2,8,1077,1277591,1277591,77824,256,0,0,12,4,48,64,"0x0","0x7f669ba7b580",4181345563965924,4181345564019121,4181345564036787,4181345564044731,17666
936,"__amd_rocclr_fillBufferAligned.kd",2,8,1078,1277591,1277591,77824,256,0,0,12,4,48,64,"0x0","0x7f669ba7b580",4181345563973445,4181345564036787,4181345564054494,4181345564065702,17707
937,"__amd_rocclr_fillBufferAligned.kd",2,8,1079,1277591,1277591,256,256,0,0,12,4,48,64,"0x0","0x7f669ba7b580",4181345563981667,4181345564054494,4181345564059261,4181345564060464,4767
938,"ck_fused_attn::get_runtime_max_seqlen_kernel(unsigned long, int const*, int const*, unsigned long*) [clone .kd]",2,8,1080,1277591,1277591,4096,128,0,0,4,4,32,64,"0x0","0x7f3e25f58940",4181345563988317,4181345564059261,4181345564065190,4181345564077229,5929
939,"__amd_rocclr_copyBuffer.kd",2,8,1081,1277591,1277591,512,512,0,0,16,0,32,64,"0x7f7ea91e9f00","0x7f669ba7b600",4181345563996970,4181345564065190,4181345564070998,4181345564072382,5808
940,"__amd_rocclr_fillBufferAligned.kd",2,8,1083,1277591,1277591,256,256,0,0,12,4,48,64,"0x0","0x7f669ba7b580",4181345564092061,4181345564107052,4181345564109095,4181345564112612,2043
941,"ck_fused_attn::get_runtime_max_seqlen_kernel(unsigned long, int const*, int const*, unsigned long*) [clone .kd]",2,8,1084,1277591,1277591,4096,128,0,0,4,4,32,64,"0x0","0x7f3e25f58940",4181345564105842,4181345564114864,4181345564120672,4181345564122336,5808
942,"__amd_rocclr_copyBuffer.kd",2,8,1085,1277591,1277591,512,512,0,0,16,0,32,64,"0x7f7ea91e9e00","0x7f669ba7b600",4181345564113293,4181345564128444,4181345564134813,4181345564137409,6369
943,"void transformer_engine::fused_attn_rocm::compute_grad_v_kernel<__half, transformer_engine::fused_attn_rocm::SmallSeqConfig<6, 128, 256, false, (transformer_engine::fused_attn_rocm::CausalMaskType)0>, 16, 16>(__half const*, __half const*, __half*, int const*, int const*, int, int) [clone .kd]",2,8,1087,1277591,1277591,256000,64,12288,0,28,4,32,64,"0x0","0x7f3e240d0200",4181345564153322,4181345564165098,4181345564225188,4181345564228304,60090
944,"void transformer_engine::fused_attn_rocm::compute_grad_attn_kernel<__half, transformer_engine::fused_attn_rocm::SmallSeqConfig<6, 128, 256, false, (transformer_engine::fused_attn_rocm::CausalMaskType)0>, 16>(__half const*, __half const*, __half*, int const*, int const*, int, int) [clone .kd]",2,8,1088,1277591,1277591,8000,64,0,0,104,0,64,64,"0x0","0x7f3e240d0240",4181345564164078,4181345564225188,4181345564449321,4181345564457575,224133
945,"void transformer_engine::fused_attn_rocm::softmax_backward_kernel<__half, transformer_engine::fused_attn_rocm::SmallSeqConfig<6, 128, 256, false, (transformer_engine::fused_attn_rocm::CausalMaskType)0> >(__half const*, __half const*, __half*, float, int const*, int, int) [clone .kd]",2,8,1089,1277591,1277591,390144,256,1024,0,16,0,16,64,"0x0","0x7f3e240d0280",4181345564171349,4181345564449321,4181345564455250,4181345564475782,5929
946,"void transformer_engine::fused_attn_rocm::compute_grad_qk_kernel<__half, transformer_engine::fused_attn_rocm::SmallSeqConfig<6, 128, 256, false, (transformer_engine::fused_attn_rocm::CausalMaskType)0>, 4, 16>(__half const*, __half const*, __half const*, __half*, __half*, float, int const*, int const*, int, int) [clone .kd]",2,8,1090,1277591,1277591,1024000,64,12288,0,36,4,64,64,"0x0","0x7f3e240d02c0",4181345564180773,4181345564455250,4181345564614286,4181345564623942,159036
947,"input_reduce_fusion.kd",2,8,1091,1277591,1277591,524288,256,512,0,16,0,16,64,"0x0","0x7f3e25f69a80",4181345564188805,4181345564614286,4181345564625383,4181345564632355,11097
948,"input_reduce_fusion_3.kd",2,8,1092,1277591,1277591,128,128,512,0,24,0,16,64,"0x0","0x7f3e25f69ac0",4181345564196246,4181345564625383,4181345564630070,4181345564638414,4687
949,"loop_convert_fusion.kd",2,8,1093,1277591,1277591,1,1,0,0,4,4,16,64,"0x0","0x7f3e25f69b00",4181345564203898,4181345564630070,4181345564634236,4181345564646786,4166
950,"input_reduce_reduce_window_fusion_3.kd",2,8,1096,1277591,1277591,9728,256,0,0,28,4,48,64,"0x0","0x7f3e25f69000",4181345564330075,4181345564646134,4181345564656790,4181345564658674,10656
951,"loop_reduce_window_fusion_11.kd",2,8,1097,1277591,1277591,1536,256,0,0,8,0,16,64,"0x0","0x7f3e25f69040",4181345564339630,4181345564656790,4181345564664120,4181345564669861,7330
952,"loop_slice_fusion_5.kd",2,8,1098,1277591,1277591,6,6,0,0,20,4,16,64,"0x0","0x7f3e25f69080",4181345564347431,4181345564664120,4181345564669248,4181345564675499,5128
953,"loop_broadcast_fusion_2.kd",2,8,1099,1277591,1277591,24064,256,0,0,4,4,16,64,"0x0","0x7f3e25f690c0",4181345564354131,4181345564669248,4181345564674816,4181345564681308,5568
954,"input_scatter_fusion_2.kd",2,8,1100,1277591,1277591,24064,256,0,0,12,4,32,64,"0x0","0x7f3e25f69100",4181345564361352,4181345564674816,4181345564682868,4181345564687026,8052
955,"loop_reduce_window_fusion_10.kd",2,8,1101,1277591,1277591,24064,256,0,0,8,0,16,64,"0x0","0x7f3e25f69140",4181345564368573,4181345564682868,4181345564688397,4181345564693716,5529
956,"loop_reduce_window_fusion_11.kd",2,8,1102,1277591,1277591,1536,256,0,0,8,0,16,64,"0x0","0x7f3e25f69040",4181345564376294,4181345564688397,4181345564693965,4181345564699475,5568
957,"loop_slice_fusion_4.kd",2,8,1103,1277591,1277591,94,94,0,0,24,0,16,64,"0x0","0x7f3e25f69180",4181345564383154,4181345564693965,4181345564700895,4181345564705253,6930
958,"input_reduce_fusion_1.kd",2,8,1104,1277591,1277591,64,64,0,0,8,0,16,64,"0x0","0x7f3e25f691c0",4181345564390185,4181345564700895,4181345564706423,4181345564711122,5528
959,"loop_select_fusion_5.kd",2,8,1105,1277591,1277591,24064,256,0,0,8,0,32,64,"0x0","0x7f3e25f69200",4181345564397936,4181345564706423,4181345564712392,4181345564717171,5969
960,"loop_select_fusion_2.kd",2,8,1106,1277591,1277591,24064,256,0,0,4,4,16,64,"0x0","0x7f3e25f69240",4181345564405457,4181345564712392,4181345564717961,4181345564723080,5569
961,"loop_reduce_window_fusion_10.kd",2,8,1107,1277591,1277591,24064,256,0,0,8,0,16,64,"0x0","0x7f3e25f69140",4181345564412478,4181345564717961,4181345564723489,4181345564729189,5528
962,"loop_reduce_window_fusion_11.kd",2,8,1108,1277591,1277591,1536,256,0,0,8,0,16,64,"0x0","0x7f3e25f69040",4181345564418827,4181345564723489,4181345564730459,4181345564735588,6970
963,"loop_slice_fusion_5.kd",2,8,1109,1277591,1277591,6,6,0,0,20,4,16,64,"0x0","0x7f3e25f69080",4181345564426158,4181345564730459,4181345564736027,4181345564741257,5568
964,"input_concatenate_fusion.kd",2,8,1110,1277591,1277591,24064,256,0,0,12,4,32,64,"0x0","0x7f3e25f69280",4181345564432738,4181345564736027,4181345564742677,4181345564749719,6650
965,"input_reduce_reduce_window_fusion.kd",2,8,1111,1277591,1277591,11264,256,0,0,36,4,48,64,"0x0","0x7f3e25f692c0",4181345564440009,4181345564742677,4181345564753814,4181345564789809,11137
966,"loop_reduce_window_fusion_2.kd",2,8,1112,1277591,1277591,1792,256,0,0,8,0,16,64,"0x0","0x7f3e25f69300",4181345564446989,4181345564753814,4181345564759382,4181345564767165,5568
967,"loop_slice_fusion_7.kd",2,8,1113,1277591,1277591,7,7,0,0,20,4,16,64,"0x0","0x7f3e25f69340",4181345564454781,4181345564759382,4181345564763869,4181345564773505,4487
968,"loop_broadcast_fusion.kd",2,8,1114,1277591,1277591,28160,256,0,0,4,4,16,64,"0x0","0x7f3e25f69380",4181345564461691,4181345564763869,4181345564769517,4181345564781276,5648
969,"input_scatter_fusion.kd",2,8,1115,1277591,1277591,28160,256,0,0,12,4,32,64,"0x0","0x7f3e25f693c0",4181345564491375,4181345564769517,4181345564776688,4181345564805172,7171
970,"loop_reduce_window_fusion_1.kd",2,8,1116,1277591,1277591,28160,256,0,0,8,0,16,64,"0x0","0x7f3e25f69400",4181345564499237,4181345564776688,4181345564781655,4181345564797220,4967
971,"loop_reduce_window_fusion_2.kd",2,8,1117,1277591,1277591,1792,256,0,0,8,0,16,64,"0x0","0x7f3e25f69300",4181345564505686,4181345564781655,4181345564786663,4181345564810600,5008
972,"loop_slice_fusion_7.kd",2,8,1118,1277591,1277591,7,7,0,0,20,4,16,64,"0x0","0x7f3e25f69340",4181345564512667,4181345564786663,4181345564791310,4181345564822908,4647
973,"loop_slice_fusion_3.kd",2,8,1119,1277591,1277591,110,110,0,0,8,0,16,64,"0x0","0x7f3e25f69440",4181345564519747,4181345564791310,4181345564795876,4181345564829098,4566
974,"input_reduce_fusion_2.kd",2,8,1120,1277591,1277591,64,64,0,0,8,0,16,64,"0x0","0x7f3e25f69480",4181345564527279,4181345564795876,4181345564800523,4181345564835157,4647
975,"loop_select_fusion_4.kd",2,8,1121,1277591,1277591,28160,256,0,0,8,0,32,64,"0x0","0x7f3e25f694c0",4181345564534589,4181345564800523,4181345564805531,4181345564841135,5008
976,"loop_select_fusion.kd",2,8,1122,1277591,1277591,28160,256,0,0,8,0,16,64,"0x0","0x7f3e25f69500",4181345564542251,4181345564805531,4181345564810418,4181345564847214,4887
977,"loop_compare_fusion_1.kd",2,8,1123,1277591,1277591,4096,256,0,0,4,4,16,64,"0x0","0x7f3e25f69540",4181345564549161,4181345564810418,4181345564815185,4181345564853464,4767
978,"input_reduce_reduce_window_fusion_2.kd",2,8,1124,1277591,1277591,256,256,512,0,20,4,32,64,"0x0","0x7f3e25f69580",4181345564556632,4181345564815185,4181345564830568,4181345564859593,15383
979,"loop_slice_fusion_1.kd",2,8,1125,1277591,1277591,16,16,0,0,20,4,16,64,"0x0","0x7f3e25f695c0",4181345564563573,4181345564830568,4181345564835255,4181345564865762,4687
980,"loop_broadcast_fusion_3.kd",2,8,1126,1277591,1277591,4096,256,0,0,4,4,16,64,"0x0","0x7f3e25f69600",4181345564570473,4181345564835255,4181345564840142,4181345564873013,4887
981,"input_scatter_fusion_3.kd",2,8,1127,1277591,1277591,4096,256,0,0,8,0,32,64,"0x0","0x7f3e25f69640",4181345564578024,4181345564840142,4181345564846271,4181345564878601,6129
982,"loop_reduce_window_fusion_13.kd",2,8,1128,1277591,1277591,4096,256,0,0,8,0,16,64,"0x0","0x7f3e25f69680",4181345564584564,4181345564846271,4181345564851199,4181345564884019,4928
983,"loop_slice_fusion_1.kd",2,8,1129,1277591,1277591,16,16,0,0,20,4,16,64,"0x0","0x7f3e25f695c0",4181345564591624,4181345564851199,4181345564855926,4181345564943327,4727
984,"loop_remainder_fusion.kd",2,8,1130,1277591,1277591,4096,256,0,0,12,4,16,64,"0x0","0x7f3e25f696c0",4181345564597854,4181345564855926,4181345564861935,4181345564948515,6009
985,"loop_select_fusion_3.kd",2,8,1131,1277591,1277591,4096,256,0,0,8,0,32,64,"0x0","0x7f3e25f69700",4181345564604463,4181345564861935,4181345564866862,4181345564921094,4927
986,"loop_reduce_window_fusion_13.kd",2,8,1132,1277591,1277591,4096,256,0,0,8,0,16,64,"0x0","0x7f3e25f69680",4181345564611524,4181345564866862,4181345564871709,4181345564889197,4847
987,"loop_slice_fusion_1.kd",2,8,1133,1277591,1277591,16,16,0,0,20,4,16,64,"0x0","0x7f3e25f695c0",4181345564619255,4181345564871709,4181345564876516,4181345564938130,4807
988,"input_concatenate_fusion_1.kd",2,8,1134,1277591,1277591,4096,256,0,0,8,0,32,64,"0x0","0x7f3e25f69740",4181345564625835,4181345564876516,4181345564882125,4181345564903688,5609
989,"loop_compare_fusion.kd",2,8,1135,1277591,1277591,8192,256,0,0,4,4,16,64,"0x0","0x7f3e25f69780",4181345564653206,4181345564882125,4181345564887252,4181345564894965,5127
990,"input_reduce_reduce_window_fusion_1.kd",2,8,1136,1277591,1277591,512,512,512,0,20,4,48,64,"0x0","0x7f3e25f697c0",4181345564664893,4181345564887252,4181345564903757,4181345564915416,16505
991,"loop_reduce_window_fusion_6.kd",2,8,1137,1277591,1277591,32,32,0,0,32,0,16,64,"0x0","0x7f3e25f69800",4181345564761006,4181345564903757,4181345564914333,4181345564932832,10576
992,"loop_broadcast_fusion_1.kd",2,8,1138,1277591,1277591,8192,256,0,0,4,4,16,64,"0x0","0x7f3e25f69840",4181345564772203,4181345564914333,4181345564919340,4181345565006231,5007
993,"input_scatter_fusion_1.kd",2,8,1139,1277591,1277591,8192,256,0,0,8,0,32,64,"0x0","0x7f3e25f69880",4181345564798792,4181345564919340,4181345564924828,4181345564927023,5488
994,"loop_reduce_window_fusion_5.kd",2,8,1140,1277591,1277591,8192,256,0,0,8,0,16,64,"0x0","0x7f3e25f698c0",4181345564819433,4181345564924828,4181345564929836,4181345565001284,5008
995,"loop_reduce_window_fusion_4.kd",2,8,1141,1277591,1277591,512,256,0,0,8,0,16,64,"0x0","0x7f3e25f69900",4181345564827886,4181345564929836,4181345564934963,4181345564958260,5127
996,"loop_reduce_window_fusion_3.kd",2,8,1142,1277591,1277591,32,32,0,0,8,0,16,64,"0x0","0x7f3e25f69940",4181345564913653,4181345564967732,4181345564972419,4181345564993923,4687
997,"loop_select_fusion_6.kd",2,8,1143,1277591,1277591,8192,256,0,0,8,0,32,64,"0x0","0x7f3e25f69980",4181345564991810,4181345565021372,4181345565024657,4181345565026391,3285
998,"loop_select_fusion_1.kd",2,8,1144,1277591,1277591,8192,256,0,0,8,0,16,64,"0x0","0x7f3e25f699c0",4181345565022495,4181345565032148,4181345565034912,4181345565034583,2764
999,"loop_broadcast_fusion_4.kd",2,8,1145,1277591,1277591,16,16,0,0,4,4,16,64,"0x0","0x7f3e25f69a00",4181345565030547,4181345565039959,4181345565041722,4181345565042245,1763
1000,"__amd_rocclr_fillBufferAligned.kd",2,8,1146,1277591,1277591,77824,256,0,0,12,4,48,64,"0x0","0x7f669ba7b580",4181345565046661,4181345565055543,4181345565069924,4181345565073771,14381
1001,"__amd_rocclr_fillBufferAligned.kd",2,8,1147,1277591,1277591,16128,256,0,0,12,4,48,64,"0x0","0x7f669ba7b580",4181345565053862,4181345565069924,4181345565074931,4181345565080391,5007
1002,"transformer_engine::fused_attn_rocm::populate_rng_state_kernel(long*, long const*, long) [clone .kd]",2,8,1148,1277591,1277591,1,1,0,0,8,0,16,64,"0x0","0x7f3e25f8d380",4181345565063126,4181345565074931,4181345565079058,4181345565089064,4127
1003,"__amd_rocclr_fillBufferAligned.kd",2,8,1149,1277591,1277591,256,256,0,0,12,4,48,64,"0x0","0x7f669ba7b580",4181345565073441,4181345565095162,4181345565097084,4181345565097056,1922
1004,"ck_fused_attn::get_runtime_max_seqlen_kernel(unsigned long, int const*, int const*, unsigned long*) [clone .kd]",2,8,1150,1277591,1277591,4096,128,0,0,4,4,32,64,"0x0","0x7f3e25f58940",4181345565093971,4181345565103254,4181345565108822,4181345565113120,5568
1005,"__amd_rocclr_copyBuffer.kd",2,8,1151,1277591,1277591,512,512,0,0,16,0,32,64,"0x7f7ea91e9c00","0x7f669ba7b600",4181345565104647,4181345565114510,4181345565120960,4181345565122744,6450
1006,"__amd_rocclr_fillBufferAligned.kd",2,8,1153,1277591,1277591,256,256,0,0,12,4,48,64,"0x0","0x7f669ba7b580",4181345565144527,4181345565153408,4181345565155411,4181345565195302,2003
1007,"ck_fused_attn::get_runtime_max_seqlen_kernel(unsigned long, int const*, int const*, unsigned long*) [clone .kd]",2,8,1154,1277591,1277591,4096,128,0,0,4,4,32,64,"0x0","0x7f3e25f58940",4181345565153570,4181345565163063,4181345565169031,4181345565206148,5968
1008,"__amd_rocclr_copyBuffer.kd",2,8,1155,1277591,1277591,512,512,0,0,16,0,32,64,"0x7f7ea91e9b00","0x7f669ba7b600",4181345565164356,4181345565175040,4181345565181009,4181345565200941,5969
1009,"void transformer_engine::fused_attn_rocm::compute_scores_kernel<__half, transformer_engine::fused_attn_rocm::SmallSeqConfig<6, 128, 256, false, (transformer_engine::fused_attn_rocm::CausalMaskType)0>, 1>(__half const*, __half const*, __half*, float, int const*, int const*, int, int) [clone .kd]",2,8,1157,1277591,1277591,64000,64,0,0,92,4,48,64,"0x0","0x7f3e240cea80",4181345565216163,4181345565225636,4181345565253677,4181345565257405,28041
1010,"void transformer_engine::fused_attn_rocm::apply_mask_and_softmax_kernel<__half, transformer_engine::fused_attn_rocm::SmallSeqConfig<6, 128, 256, false, (transformer_engine::fused_attn_rocm::CausalMaskType)0> >(__half*, __half const*, float, int const*, int, int) [clone .kd]",2,8,1158,1277591,1277591,390144,256,1024,0,12,4,16,64,"0x0","0x7f3e240ceac0",4181345565224506,4181345565253677,4181345565258725,4181345565270384,5048
1011,"void transformer_engine::fused_attn_rocm::compute_output_kernel<__half, transformer_engine::fused_attn_rocm::SmallSeqConfig<6, 128, 256, false, (transformer_engine::fused_attn_rocm::CausalMaskType)0>, 2, 8>(__half const*, __half const*, __half*, int const*, int const*, int, int) [clone .kd]",2,8,1159,1277591,1277591,512000,64,12288,0,20,4,32,64,"0x0","0x7f3e240ceb00",4181345565231506,4181345565258725,4181345565304152,4181345565305376,45427
1012,"loop_broadcast_fusion_5.kd",2,8,1160,1277591,1277591,2048000,256,0,0,4,4,16,64,"0x0","0x7f3e25f69a40",4181345565240529,4181345565304152,4181345565312324,4181345565315090,8172
1013,"__amd_rocclr_fillBufferAligned.kd",2,8,1161,1277591,1277591,77824,256,0,0,12,4,48,64,"0x0","0x7f669ba7b580",4181345565262202,4181345565312324,4181345565319215,4181345565320779,6891
1014,"__amd_rocclr_fillBufferAligned.kd",2,8,1162,1277591,1277591,77824,256,0,0,12,4,48,64,"0x0","0x7f669ba7b580",4181345565283253,4181345565319215,4181345565337081,4181345565342842,17866
1015,"__amd_rocclr_fillBufferAligned.kd",2,8,1163,1277591,1277591,77824,256,0,0,12,4,48,64,"0x0","0x7f669ba7b580",4181345565291025,4181345565337081,4181345565354547,4181345565364063,17466
1016,"__amd_rocclr_fillBufferAligned.kd",2,8,1164,1277591,1277591,256,256,0,0,12,4,48,64,"0x0","0x7f669ba7b580",4181345565299237,4181345565354547,4181345565359314,4181345565359086,4767
1017,"ck_fused_attn::get_runtime_max_seqlen_kernel(unsigned long, int const*, int const*, unsigned long*) [clone .kd]",2,8,1165,1277591,1277591,4096,128,0,0,4,4,32,64,"0x0","0x7f3e25f58940",4181345565305476,4181345565359314,4181345565365243,4181345565371264,5929
1018,"__amd_rocclr_copyBuffer.kd",2,8,1166,1277591,1277591,512,512,0,0,16,0,32,64,"0x7f7ea91e9300","0x7f669ba7b600",4181345565319467,4181345565365243,4181345565370451,4181345565376181,5208
1019,"__amd_rocclr_fillBufferAligned.kd",2,8,1168,1277591,1277591,256,256,0,0,12,4,48,64,"0x0","0x7f669ba7b580",4181345565395420,4181345565404542,4181345565406665,4181345565412976,2123
1020,"ck_fused_attn::get_runtime_max_seqlen_kernel(unsigned long, int const*, int const*, unsigned long*) [clone .kd]",2,8,1169,1277591,1277591,4096,128,0,0,4,4,32,64,"0x0","0x7f3e25f58940",4181345565403792,4181345565412874,4181345565418843,4181345565422230,5969
1021,"__amd_rocclr_copyBuffer.kd",2,8,1170,1277591,1277591,512,512,0,0,16,0,32,64,"0x7f7ea9072480","0x7f669ba7b600",4181345565411644,4181345565428017,4181345565434666,4181345565437983,6649
1022,"void transformer_engine::fused_attn_rocm::compute_grad_v_kernel<__half, transformer_engine::fused_attn_rocm::SmallSeqConfig<6, 128, 256, false, (transformer_engine::fused_attn_rocm::CausalMaskType)0>, 16, 16>(__half const*, __half const*, __half*, int const*, int const*, int, int) [clone .kd]",2,8,1172,1277591,1277591,256000,64,12288,0,28,4,32,64,"0x0","0x7f3e240d0200",4181345565453306,4181345565463790,4181345565524119,4181345565531011,60329
1023,"void transformer_engine::fused_attn_rocm::compute_grad_attn_kernel<__half, transformer_engine::fused_attn_rocm::SmallSeqConfig<6, 128, 256, false, (transformer_engine::fused_attn_rocm::CausalMaskType)0>, 16>(__half const*, __half const*, __half*, int const*, int const*, int, int) [clone .kd]",2,8,1173,1277591,1277591,8000,64,0,0,104,0,64,64,"0x0","0x7f3e240d0240",4181345565461909,4181345565524119,4181345565747011,4181345565748775,222892
1024,"void transformer_engine::fused_attn_rocm::softmax_backward_kernel<__half, transformer_engine::fused_attn_rocm::SmallSeqConfig<6, 128, 256, false, (transformer_engine::fused_attn_rocm::CausalMaskType)0> >(__half const*, __half const*, __half*, float, int const*, int, int) [clone .kd]",2,8,1174,1277591,1277591,390144,256,1024,0,16,0,16,64,"0x0","0x7f3e240d0280",4181345565468779,4181345565747011,4181345565752820,4181345565756196,5809
1025,"void transformer_engine::fused_attn_rocm::compute_grad_qk_kernel<__half, transformer_engine::fused_attn_rocm::SmallSeqConfig<6, 128, 256, false, (transformer_engine::fused_attn_rocm::CausalMaskType)0>, 4, 16>(__half const*, __half const*, __half const*, __half*, __half*, float, int const*, int const*, int, int) [clone .kd]",2,8,1175,1277591,1277591,1024000,64,12288,0,36,4,64,64,"0x0","0x7f3e240d02c0",4181345565476971,4181345565752820,4181345565906688,4181345565908643,153868
1026,"input_reduce_fusion.kd",2,8,1176,1277591,1277591,524288,256,512,0,16,0,16,64,"0x0","0x7f3e25f69a80",4181345565487867,4181345565906688,4181345565916583,4181345565916114,9895
1027,"input_reduce_fusion_3.kd",2,8,1177,1277591,1277591,128,128,512,0,24,0,16,64,"0x0","0x7f3e25f69ac0",4181345565494727,4181345565916583,4181345565921230,4181345565921662,4647
1028,"loop_convert_fusion.kd",2,8,1178,1277591,1277591,1,1,0,0,4,4,16,64,"0x0","0x7f3e25f69b00",4181345565501397,4181345565921230,4181345565925356,4181345565930496,4126
1029,"input_reduce_reduce_window_fusion_3.kd",2,8,1181,1277591,1277591,9728,256,0,0,28,4,48,64,"0x0","0x7f3e25f69000",4181345565593835,4181345565937134,4181345565947309,4181345565949223,10175
1030,"loop_reduce_window_fusion_11.kd",2,8,1182,1277591,1277591,1536,256,0,0,8,0,16,64,"0x0","0x7f3e25f69040",4181345565602908,4181345565947309,4181345565954239,4181345565955082,6930
1031,"loop_slice_fusion_5.kd",2,8,1183,1277591,1277591,6,6,0,0,20,4,16,64,"0x0","0x7f3e25f69080",4181345565610430,4181345565954239,4181345565959407,4181345565961462,5168
1032,"loop_broadcast_fusion_2.kd",2,8,1184,1277591,1277591,24064,256,0,0,4,4,16,64,"0x0","0x7f3e25f690c0",4181345565617911,4181345565959407,4181345565964975,4181345565968001,5568
1033,"input_scatter_fusion_2.kd",2,8,1185,1277591,1277591,24064,256,0,0,12,4,32,64,"0x0","0x7f3e25f69100",4181345565626614,4181345565964975,4181345565973067,4181345565974040,8092
1034,"loop_reduce_window_fusion_10.kd",2,8,1186,1277591,1277591,24064,256,0,0,8,0,16,64,"0x0","0x7f3e25f69140",4181345565633564,4181345565973067,4181345565978635,4181345565979719,5568
1035,"loop_reduce_window_fusion_11.kd",2,8,1187,1277591,1277591,1536,256,0,0,8,0,16,64,"0x0","0x7f3e25f69040",4181345565641165,4181345565978635,4181345565984244,4181345565987190,5609
1036,"loop_slice_fusion_4.kd",2,8,1188,1277591,1277591,94,94,0,0,24,0,16,64,"0x0","0x7f3e25f69180",4181345565648737,4181345565984244,4181345565989812,4181345565992768,5568
1037,"input_reduce_fusion_1.kd",2,8,1189,1277591,1277591,64,64,0,0,8,0,16,64,"0x0","0x7f3e25f691c0",4181345565655757,4181345565989812,4181345565995380,4181345565998847,5568
1038,"loop_select_fusion_5.kd",2,8,1190,1277591,1277591,24064,256,0,0,8,0,32,64,"0x0","0x7f3e25f69200",4181345565663378,4181345565995380,4181345566001029,4181345566004426,5649
1039,"loop_select_fusion_2.kd",2,8,1191,1277591,1277591,24064,256,0,0,4,4,16,64,"0x0","0x7f3e25f69240",4181345565669938,4181345566001029,4181345566006597,4181345566010194,5568
1040,"loop_reduce_window_fusion_10.kd",2,8,1192,1277591,1277591,24064,256,0,0,8,0,16,64,"0x0","0x7f3e25f69140",4181345565677539,4181345566006597,4181345566012205,4181345566016053,5608
1041,"loop_reduce_window_fusion_11.kd",2,8,1193,1277591,1277591,1536,256,0,0,8,0,16,64,"0x0","0x7f3e25f69040",4181345565684119,4181345566012205,4181345566017774,4181345566022222,5569
1042,"loop_slice_fusion_5.kd",2,8,1194,1277591,1277591,6,6,0,0,20,4,16,64,"0x0","0x7f3e25f69080",4181345565691090,4181345566017774,4181345566023342,4181345566028261,5568
1043,"input_concatenate_fusion.kd",2,8,1195,1277591,1277591,24064,256,0,0,12,4,32,64,"0x0","0x7f3e25f69280",4181345565697960,4181345566023342,4181345566029151,4181345566034270,5809
1044,"input_reduce_reduce_window_fusion.kd",2,8,1196,1277591,1277591,11264,256,0,0,36,4,48,64,"0x0","0x7f3e25f692c0",4181345565704570,4181345566029151,4181345566041489,4181345566049973,12338
1045,"loop_reduce_window_fusion_2.kd",2,8,1197,1277591,1277591,1792,256,0,0,8,0,16,64,"0x0","0x7f3e25f69300",4181345565711750,4181345566041489,4181345566048940,4181345566062081,7451
1046,"loop_slice_fusion_7.kd",2,8,1198,1277591,1277591,7,7,0,0,20,4,16,64,"0x0","0x7f3e25f69340",4181345565718480,4181345566048940,4181345566053667,4181345566067760,4727
1047,"loop_broadcast_fusion.kd",2,8,1199,1277591,1277591,28160,256,0,0,4,4,16,64,"0x0","0x7f3e25f69380",4181345565725240,4181345566053667,4181345566059436,4181345566073428,5769
1048,"input_scatter_fusion.kd",2,8,1200,1277591,1277591,28160,256,0,0,12,4,32,64,"0x0","0x7f3e25f693c0",4181345565732351,4181345566059436,4181345566066086,4181345566091595,6650
1049,"loop_reduce_window_fusion_1.kd",2,8,1201,1277591,1277591,28160,256,0,0,8,0,16,64,"0x0","0x7f3e25f69400",4181345565739922,4181345566066086,4181345566070933,4181345566083914,4847
1050,"loop_reduce_window_fusion_2.kd",2,8,1202,1277591,1277591,1792,256,0,0,8,0,16,64,"0x0","0x7f3e25f69300",4181345565746923,4181345566070933,4181345566075900,4181345566098786,4967
1051,"loop_slice_fusion_7.kd",2,8,1203,1277591,1277591,7,7,0,0,20,4,16,64,"0x0","0x7f3e25f69340",4181345565771619,4181345566075900,4181345566080467,4181345566104885,4567
1052,"loop_slice_fusion_3.kd",2,8,1204,1277591,1277591,110,110,0,0,8,0,16,64,"0x0","0x7f3e25f69440",4181345565779020,4181345566080467,4181345566085154,4181345566110784,4687
1053,"input_reduce_fusion_2.kd",2,8,1205,1277591,1277591,64,64,0,0,8,0,16,64,"0x0","0x7f3e25f69480",4181345565785750,4181345566085154,4181345566089801,4181345566116542,4647
1054,"loop_select_fusion_4.kd",2,8,1206,1277591,1277591,28160,256,0,0,8,0,32,64,"0x0","0x7f3e25f694c0",4181345565794894,4181345566089801,4181345566094768,4181345566122461,4967
1055,"loop_select_fusion.kd",2,8,1207,1277591,1277591,28160,256,0,0,8,0,16,64,"0x0","0x7f3e25f69500",4181345565801694,4181345566094768,4181345566099655,4181345566128310,4887
1056,"loop_compare_fusion_1.kd",2,8,1208,1277591,1277591,4096,256,0,0,4,4,16,64,"0x0","0x7f3e25f69540",4181345565809686,4181345566099655,4181345566104463,4181345566133648,4808
1057,"input_reduce_reduce_window_fusion_2.kd",2,8,1209,1277591,1277591,256,256,512,0,20,4,32,64,"0x0","0x7f3e25f69580",4181345565816576,4181345566104463,4181345566120727,4181345566139506,16264
1058,"loop_slice_fusion_1.kd",2,8,1210,1277591,1277591,16,16,0,0,20,4,16,64,"0x0","0x7f3e25f695c0",4181345565823617,4181345566120727,4181345566125414,4181345566145616,4687
1059,"loop_broadcast_fusion_3.kd",2,8,1211,1277591,1277591,4096,256,0,0,4,4,16,64,"0x0","0x7f3e25f69600",4181345565829575,4181345566125414,4181345566130341,4181345566151184,4927
1060,"input_scatter_fusion_3.kd",2,8,1212,1277591,1277591,4096,256,0,0,8,0,32,64,"0x0","0x7f3e25f69640",4181345565837758,4181345566130341,4181345566136430,4181345566156522,6089
1061,"loop_reduce_window_fusion_13.kd",2,8,1213,1277591,1277591,4096,256,0,0,8,0,16,64,"0x0","0x7f3e25f69680",4181345565845469,4181345566136430,4181345566141357,4181345566163873,4927
1062,"loop_slice_fusion_1.kd",2,8,1214,1277591,1277591,16,16,0,0,20,4,16,64,"0x0","0x7f3e25f695c0",4181345565852369,4181345566141357,4181345566146125,4181345566169641,4768
1063,"loop_remainder_fusion.kd",2,8,1215,1277591,1277591,4096,256,0,0,12,4,16,64,"0x0","0x7f3e25f696c0",4181345565859961,4181345566146125,4181345566152053,4181345566175440,5928
1064,"loop_select_fusion_3.kd",2,8,1216,1277591,1277591,4096,256,0,0,8,0,32,64,"0x0","0x7f3e25f69700",4181345565866991,4181345566152053,4181345566156981,4181345566181259,4928
1065,"loop_reduce_window_fusion_13.kd",2,8,1217,1277591,1277591,4096,256,0,0,8,0,16,64,"0x0","0x7f3e25f69680",4181345565874803,4181345566156981,4181345566161868,4181345566186717,4887
1066,"loop_slice_fusion_1.kd",2,8,1218,1277591,1277591,16,16,0,0,20,4,16,64,"0x0","0x7f3e25f695c0",4181345565881903,4181345566161868,4181345566166635,4181345566192706,4767
1067,"input_concatenate_fusion_1.kd",2,8,1219,1277591,1277591,4096,256,0,0,8,0,32,64,"0x0","0x7f3e25f69740",4181345565888854,4181345566166635,4181345566172163,4181345566257812,5528
1068,"loop_compare_fusion.kd",2,8,1220,1277591,1277591,8192,256,0,0,4,4,16,64,"0x0","0x7f3e25f69780",4181345565896395,4181345566172163,4181345566177131,4181345566205835,4968
1069,"input_reduce_reduce_window_fusion_1.kd",2,8,1221,1277591,1277591,512,512,512,0,20,4,48,64,"0x0","0x7f3e25f697c0",4181345565902895,4181345566177131,4181345566194116,4181345566198875,16985
1070,"loop_reduce_window_fusion_6.kd",2,8,1222,1277591,1277591,32,32,0,0,32,0,16,64,"0x0","0x7f3e25f69800",4181345565909715,4181345566194116,4181345566203730,4181345566266335,9614
1071,"loop_broadcast_fusion_1.kd",2,8,1223,1277591,1277591,8192,256,0,0,4,4,16,64,"0x0","0x7f3e25f69840",4181345565937386,4181345566203730,4181345566208658,4181345566245785,4928
1072,"input_scatter_fusion_1.kd",2,8,1224,1277591,1277591,8192,256,0,0,8,0,32,64,"0x0","0x7f3e25f69880",4181345565946039,4181345566208658,4181345566214186,4181345566297882,5528
1073,"loop_reduce_window_fusion_5.kd",2,8,1225,1277591,1277591,8192,256,0,0,8,0,16,64,"0x0","0x7f3e25f698c0",4181345565954141,4181345566214186,4181345566219193,4181345566292284,5007
1074,"loop_reduce_window_fusion_4.kd",2,8,1226,1277591,1277591,512,256,0,0,8,0,16,64,"0x0","0x7f3e25f69900",4181345566056273,4181345566219193,4181345566224321,4181345566271703,5128
1075,"loop_reduce_window_fusion_3.kd",2,8,1227,1277591,1277591,32,32,0,0,8,0,16,64,"0x0","0x7f3e25f69940",4181345566092356,4181345566224321,4181345566228407,4181345566286585,4086
1076,"loop_select_fusion_6.kd",2,8,1228,1277591,1277591,8192,256,0,0,8,0,32,64,"0x0","0x7f3e25f69980",4181345566243211,4181345566253885,4181345566257210,4181345566280616,3325
1077,"loop_select_fusion_1.kd",2,8,1229,1277591,1277591,8192,256,0,0,8,0,16,64,"0x0","0x7f3e25f699c0",4181345566252575,4181345566273554,4181345566276518,4181345566306395,2964
1078,"loop_broadcast_fusion_4.kd",2,8,1230,1277591,1277591,16,16,0,0,4,4,16,64,"0x0","0x7f3e25f69a00",4181345566271983,4181345566316818,4181345566318861,4181345566323420,2043
1079,"__amd_rocclr_fillBufferAligned.kd",2,8,1231,1277591,1277591,77824,256,0,0,12,4,48,64,"0x0","0x7f669ba7b580",4181345566321517,4181345566331921,4181345566346623,4181345566348297,14702
1080,"__amd_rocclr_fillBufferAligned.kd",2,8,1232,1277591,1277591,16128,256,0,0,12,4,48,64,"0x0","0x7f669ba7b580",4181345566330090,4181345566346623,4181345566351590,4181345566354056,4967
1081,"transformer_engine::fused_attn_rocm::populate_rng_state_kernel(long*, long const*, long) [clone .kd]",2,8,1233,1277591,1277591,1,1,0,0,8,0,16,64,"0x0","0x7f3e25f8d380",4181345566339754,4181345566351590,4181345566355716,4181345566362989,4126
1082,"__amd_rocclr_fillBufferAligned.kd",2,8,1234,1277591,1277591,256,256,0,0,12,4,48,64,"0x0","0x7f669ba7b580",4181345566350691,4181345566361365,4181345566363288,4181345566369979,1923
1083,"ck_fused_attn::get_runtime_max_seqlen_kernel(unsigned long, int const*, int const*, unsigned long*) [clone .kd]",2,8,1235,1277591,1277591,4096,128,0,0,4,4,32,64,"0x0","0x7f3e25f58940",4181345566361837,4181345566384679,4181345566390528,4181345566392202,5849
1084,"__amd_rocclr_copyBuffer.kd",2,8,1236,1277591,1277591,512,512,0,0,16,0,32,64,"0x7f7ea91e9780","0x7f669ba7b600",4181345566384401,4181345566395535,4181345566400423,4181345566408446,4888
1085,"__amd_rocclr_fillBufferAligned.kd",2,8,1238,1277591,1277591,256,256,0,0,12,4,48,64,"0x0","0x7f669ba7b580",4181345566427755,4181345566436597,4181345566438600,4181345566470839,2003
1086,"ck_fused_attn::get_runtime_max_seqlen_kernel(unsigned long, int const*, int const*, unsigned long*) [clone .kd]",2,8,1239,1277591,1277591,4096,128,0,0,4,4,32,64,"0x0","0x7f3e25f58940",4181345566436178,4181345566444408,4181345566450337,4181345566482026,5929
1087,"__amd_rocclr_copyBuffer.kd",2,8,1240,1277591,1277591,512,512,0,0,16,0,32,64,"0x7f7ea91e9600","0x7f669ba7b600",4181345566443499,4181345566458870,4181345566464839,4181345566476708,5969
1088,"void transformer_engine::fused_attn_rocm::compute_scores_kernel<__half, transformer_engine::fused_attn_rocm::SmallSeqConfig<6, 128, 256, false, (transformer_engine::fused_attn_rocm::CausalMaskType)0>, 1>(__half const*, __half const*, __half*, float, int const*, int const*, int, int) [clone .kd]",2,8,1242,1277591,1277591,64000,64,0,0,92,4,48,64,"0x0","0x7f3e240cea80",4181345566493623,4181345566503456,4181345566535944,4181345566541194,32488
1089,"void transformer_engine::fused_attn_rocm::apply_mask_and_softmax_kernel<__half, transformer_engine::fused_attn_rocm::SmallSeqConfig<6, 128, 256, false, (transformer_engine::fused_attn_rocm::CausalMaskType)0> >(__half*, __half const*, float, int const*, int, int) [clone .kd]",2,8,1243,1277591,1277591,390144,256,1024,0,12,4,16,64,"0x0","0x7f3e240ceac0",4181345566502827,4181345566535944,4181345566541032,4181345566549406,5088
1090,"void transformer_engine::fused_attn_rocm::compute_output_kernel<__half, transformer_engine::fused_attn_rocm::SmallSeqConfig<6, 128, 256, false, (transformer_engine::fused_attn_rocm::CausalMaskType)0>, 2, 8>(__half const*, __half const*, __half*, int const*, int const*, int, int) [clone .kd]",2,8,1244,1277591,1277591,512000,64,12288,0,20,4,32,64,"0x0","0x7f3e240ceb00",4181345566512912,4181345566541032,4181345566583535,4181345566583557,42503
1091,"loop_broadcast_fusion_5.kd",2,8,1245,1277591,1277591,2048000,256,0,0,4,4,16,64,"0x0","0x7f3e25f69a40",4181345566521064,4181345566583535,4181345566591627,4181345566593552,8092
1092,"__amd_rocclr_fillBufferAligned.kd",2,8,1246,1277591,1277591,77824,256,0,0,12,4,48,64,"0x0","0x7f669ba7b580",4181345566539652,4181345566591627,4181345566598517,4181345566599611,6890
1093,"__amd_rocclr_fillBufferAligned.kd",2,8,1247,1277591,1277591,77824,256,0,0,12,4,48,64,"0x0","0x7f669ba7b580",4181345566562415,4181345566598517,4181345566616304,4181345566619971,17787
1094,"__amd_rocclr_fillBufferAligned.kd",2,8,1248,1277591,1277591,77824,256,0,0,12,4,48,64,"0x0","0x7f669ba7b580",4181345566568314,4181345566616304,4181345566634010,4181345566636325,17706
1095,"__amd_rocclr_fillBufferAligned.kd",2,8,1249,1277591,1277591,256,256,0,0,12,4,48,64,"0x0","0x7f669ba7b580",4181345566576707,4181345566634010,4181345566638777,4181345566643606,4767
1096,"ck_fused_attn::get_runtime_max_seqlen_kernel(unsigned long, int const*, int const*, unsigned long*) [clone .kd]",2,8,1250,1277591,1277591,4096,128,0,0,4,4,32,64,"0x0","0x7f3e25f58940",4181345566582605,4181345566638777,4181345566644706,4181345566650536,5929
1097,"__amd_rocclr_copyBuffer.kd",2,8,1251,1277591,1277591,512,512,0,0,16,0,32,64,"0x7f7ea9072600","0x7f669ba7b600",4181345566599831,4181345566644706,4181345566649994,4181345566655604,5288
1098,"__amd_rocclr_fillBufferAligned.kd",2,8,1253,1277591,1277591,256,256,0,0,12,4,48,64,"0x0","0x7f669ba7b580",4181345566676705,4181345566686128,4181345566688251,4181345566689004,2123
1099,"ck_fused_attn::get_runtime_max_seqlen_kernel(unsigned long, int const*, int const*, unsigned long*) [clone .kd]",2,8,1254,1277591,1277591,4096,128,0,0,4,4,32,64,"0x0","0x7f3e25f58940",4181345566684247,4181345566693018,4181345566702953,4181345566707221,9935
1100,"__amd_rocclr_copyBuffer.kd",2,8,1255,1277591,1277591,512,512,0,0,16,0,32,64,"0x7f7ea9073180","0x7f669ba7b600",4181345566691838,4181345566702953,4181345566708521,4181345566712849,5568
1101,"void transformer_engine::fused_attn_rocm::compute_grad_v_kernel<__half, transformer_engine::fused_attn_rocm::SmallSeqConfig<6, 128, 256, false, (transformer_engine::fused_attn_rocm::CausalMaskType)0>, 16, 16>(__half const*, __half const*, __half*, int const*, int const*, int, int) [clone .kd]",2,8,1257,1277591,1277591,256000,64,12288,0,28,4,32,64,"0x0","0x7f3e240d0200",4181345566727992,4181345566738045,4181345566797173,4181345566797585,59128
1102,"void transformer_engine::fused_attn_rocm::compute_grad_attn_kernel<__half, transformer_engine::fused_attn_rocm::SmallSeqConfig<6, 128, 256, false, (transformer_engine::fused_attn_rocm::CausalMaskType)0>, 16>(__half const*, __half const*, __half*, int const*, int const*, int, int) [clone .kd]",2,8,1258,1277591,1277591,8000,64,0,0,104,0,64,64,"0x0","0x7f3e240d0240",4181345566737005,4181345566797173,4181345567020345,4181345567021428,223172
1103,"void transformer_engine::fused_attn_rocm::softmax_backward_kernel<__half, transformer_engine::fused_attn_rocm::SmallSeqConfig<6, 128, 256, false, (transformer_engine::fused_attn_rocm::CausalMaskType)0> >(__half const*, __half const*, __half*, float, int const*, int, int) [clone .kd]",2,8,1259,1277591,1277591,390144,256,1024,0,16,0,16,64,"0x0","0x7f3e240d0280",4181345566745388,4181345567020345,4181345567026113,4181345567029901,5768
1104,"void transformer_engine::fused_attn_rocm::compute_grad_qk_kernel<__half, transformer_engine::fused_attn_rocm::SmallSeqConfig<6, 128, 256, false, (transformer_engine::fused_attn_rocm::CausalMaskType)0>, 4, 16>(__half const*, __half const*, __half const*, __half*, __half*, float, int const*, int const*, int, int) [clone .kd]",2,8,1260,1277591,1277591,1024000,64,12288,0,36,4,64,64,"0x0","0x7f3e240d02c0",4181345566754962,4181345567026113,4181345567179702,4181345567180825,153589
1105,"input_reduce_fusion.kd",2,8,1261,1277591,1277591,524288,256,512,0,16,0,16,64,"0x0","0x7f3e25f69a80",4181345566763364,4181345567179702,4181345567190117,4181345567192302,10415
1106,"input_reduce_fusion_3.kd",2,8,1262,1277591,1277591,128,128,512,0,24,0,16,64,"0x0","0x7f3e25f69ac0",4181345566771536,4181345567190117,4181345567194724,4181345567199092,4607
1107,"loop_convert_fusion.kd",2,8,1263,1277591,1277591,1,1,0,0,4,4,16,64,"0x0","0x7f3e25f69b00",4181345566779548,4181345567194724,4181345567198810,4181345567212813,4086
1108,"input_reduce_reduce_window_fusion_3.kd",2,8,1266,1277591,1277591,9728,256,0,0,28,4,48,64,"0x0","0x7f3e25f69000",4181345566868791,4181345567210588,4181345567221123,4181345567220855,10535
1109,"loop_reduce_window_fusion_11.kd",2,8,1267,1277591,1277591,1536,256,0,0,8,0,16,64,"0x0","0x7f3e25f69040",4181345566879126,4181345567221123,4181345567227933,4181345567227555,6810
1110,"loop_slice_fusion_5.kd",2,8,1268,1277591,1277591,6,6,0,0,20,4,16,64,"0x0","0x7f3e25f69080",4181345566886698,4181345567227933,4181345567232901,4181345567238040,4968
1111,"loop_broadcast_fusion_2.kd",2,8,1269,1277591,1277591,24064,256,0,0,4,4,16,64,"0x0","0x7f3e25f690c0",4181345566893798,4181345567232901,4181345567238709,4181345567244099,5808
1112,"input_scatter_fusion_2.kd",2,8,1270,1277591,1277591,24064,256,0,0,12,4,32,64,"0x0","0x7f3e25f69100",4181345566901540,4181345567238709,4181345567247122,4181345567250739,8413
1113,"loop_reduce_window_fusion_10.kd",2,8,1271,1277591,1277591,24064,256,0,0,8,0,16,64,"0x0","0x7f3e25f69140",4181345566908741,4181345567247122,4181345567252891,4181345567256928,5769
1114,"loop_reduce_window_fusion_11.kd",2,8,1272,1277591,1277591,1536,256,0,0,8,0,16,64,"0x0","0x7f3e25f69040",4181345566916262,4181345567252891,4181345567258619,4181345567262557,5728
1115,"loop_slice_fusion_4.kd",2,8,1273,1277591,1277591,94,94,0,0,24,0,16,64,"0x0","0x7f3e25f69180",4181345566922922,4181345567258619,4181345567264628,4181345567268826,6009
1116,"input_reduce_fusion_1.kd",2,8,1274,1277591,1277591,64,64,0,0,8,0,16,64,"0x0","0x7f3e25f691c0",4181345566929782,4181345567264628,4181345567270036,4181345567276648,5408
1117,"loop_select_fusion_5.kd",2,8,1275,1277591,1277591,24064,256,0,0,8,0,32,64,"0x0","0x7f3e25f69200",4181345566936892,4181345567270036,4181345567275885,4181345567282997,5849
1118,"loop_select_fusion_2.kd",2,8,1276,1277591,1277591,24064,256,0,0,4,4,16,64,"0x0","0x7f3e25f69240",4181345566944574,4181345567275885,4181345567281854,4181345567289307,5969
1119,"loop_reduce_window_fusion_10.kd",2,8,1277,1277591,1277591,24064,256,0,0,8,0,16,64,"0x0","0x7f3e25f69140",4181345566951194,4181345567281854,4181345567287262,4181345567295275,5408
1120,"loop_reduce_window_fusion_11.kd",2,8,1278,1277591,1277591,1536,256,0,0,8,0,16,64,"0x0","0x7f3e25f69040",4181345566958174,4181345567287262,4181345567292990,4181345567301605,5728
1121,"loop_slice_fusion_5.kd",2,8,1279,1277591,1277591,6,6,0,0,20,4,16,64,"0x0","0x7f3e25f69080",4181345566964974,4181345567292990,4181345567297517,4181345567307123,4527
1122,"input_concatenate_fusion.kd",2,8,1280,1277591,1277591,24064,256,0,0,12,4,32,64,"0x0","0x7f3e25f69280",4181345566972025,4181345567297517,4181345567304367,4181345567313012,6850
1123,"input_reduce_reduce_window_fusion.kd",2,8,1281,1277591,1277591,11264,256,0,0,36,4,48,64,"0x0","0x7f3e25f692c0",4181345566978745,4181345567304367,4181345567315784,4181345567318680,11417
1124,"loop_reduce_window_fusion_2.kd",2,8,1282,1277591,1277591,1792,256,0,0,8,0,16,64,"0x0","0x7f3e25f69300",4181345566985875,4181345567315784,4181345567322915,4181345567324599,7131
1125,"loop_slice_fusion_7.kd",2,8,1283,1277591,1277591,7,7,0,0,20,4,16,64,"0x0","0x7f3e25f69340",4181345566992655,4181345567322915,4181345567327441,4181345567330237,4526
1126,"loop_broadcast_fusion.kd",2,8,1284,1277591,1277591,28160,256,0,0,4,4,16,64,"0x0","0x7f3e25f69380",4181345566999435,4181345567327441,4181345567333130,4181345567335956,5689
1127,"input_scatter_fusion.kd",2,8,1285,1277591,1277591,28160,256,0,0,12,4,32,64,"0x0","0x7f3e25f693c0",4181345567006486,4181345567333130,4181345567341422,4181345567344689,8292
1128,"loop_reduce_window_fusion_1.kd",2,8,1286,1277591,1277591,28160,256,0,0,8,0,16,64,"0x0","0x7f3e25f69400",4181345567013536,4181345567341422,4181345567347311,4181345567399200,5889
1129,"loop_reduce_window_fusion_2.kd",2,8,1287,1277591,1277591,1792,256,0,0,8,0,16,64,"0x0","0x7f3e25f69300",4181345567019976,4181345567347311,4181345567353080,4181345567390707,5769
1130,"loop_slice_fusion_7.kd",2,8,1288,1277591,1277591,7,7,0,0,20,4,16,64,"0x0","0x7f3e25f69340",4181345567046315,4181345567353080,4181345567357646,4181345567384799,4566
1131,"loop_slice_fusion_3.kd",2,8,1289,1277591,1277591,110,110,0,0,8,0,16,64,"0x0","0x7f3e25f69440",4181345567053936,4181345567357646,4181345567363094,4181345567378850,5448
1132,"input_reduce_fusion_2.kd",2,8,1290,1277591,1277591,64,64,0,0,8,0,16,64,"0x0","0x7f3e25f69480",4181345567060536,4181345567363094,4181345567367701,4181345567372150,4607
1133,"loop_select_fusion_4.kd",2,8,1291,1277591,1277591,28160,256,0,0,8,0,32,64,"0x0","0x7f3e25f694c0",4181345567068668,4181345567367701,4181345567373470,4181345567445719,5769
1134,"loop_select_fusion.kd",2,8,1292,1277591,1277591,28160,256,0,0,8,0,16,64,"0x0","0x7f3e25f69500",4181345567075809,4181345567373470,4181345567378117,4181345567451498,4647
1135,"loop_compare_fusion_1.kd",2,8,1293,1277591,1277591,4096,256,0,0,4,4,16,64,"0x0","0x7f3e25f69540",4181345567082799,4181345567378117,4181345567382924,4181345567457066,4807
1136,"input_reduce_reduce_window_fusion_2.kd",2,8,1294,1277591,1277591,256,256,512,0,20,4,32,64,"0x0","0x7f3e25f69580",4181345567090281,4181345567382924,4181345567398587,4181345567462554,15663
1137,"loop_slice_fusion_1.kd",2,8,1295,1277591,1277591,16,16,0,0,20,4,16,64,"0x0","0x7f3e25f695c0",4181345567097181,4181345567398587,4181345567403274,4181345567467962,4687
1138,"loop_broadcast_fusion_3.kd",2,8,1296,1277591,1277591,4096,256,0,0,4,4,16,64,"0x0","0x7f3e25f69600",4181345567104031,4181345567403274,4181345567408161,4181345567476395,4887
1139,"input_scatter_fusion_3.kd",2,8,1297,1277591,1277591,4096,256,0,0,8,0,32,64,"0x0","0x7f3e25f69640",4181345567111642,4181345567408161,4181345567414291,4181345567439410,6130
1140,"loop_reduce_window_fusion_13.kd",2,8,1298,1277591,1277591,4096,256,0,0,8,0,16,64,"0x0","0x7f3e25f69680",4181345567118973,4181345567414291,4181345567419058,4181345567433301,4767
1141,"loop_slice_fusion_1.kd",2,8,1299,1277591,1277591,16,16,0,0,20,4,16,64,"0x0","0x7f3e25f695c0",4181345567124742,4181345567419058,4181345567423705,4181345567426781,4647
1142,"loop_remainder_fusion.kd",2,8,1300,1277591,1277591,4096,256,0,0,12,4,16,64,"0x0","0x7f3e25f696c0",4181345567131602,4181345567423705,4181345567429714,4181345567519970,6009
1143,"loop_select_fusion_3.kd",2,8,1301,1277591,1277591,4096,256,0,0,8,0,32,64,"0x0","0x7f3e25f69700",4181345567138773,4181345567429714,4181345567434561,4181345567525798,4847
1144,"loop_reduce_window_fusion_13.kd",2,8,1302,1277591,1277591,4096,256,0,0,8,0,16,64,"0x0","0x7f3e25f69680",4181345567146664,4181345567434561,4181345567439368,4181345567531747,4807
1145,"loop_slice_fusion_1.kd",2,8,1303,1277591,1277591,16,16,0,0,20,4,16,64,"0x0","0x7f3e25f695c0",4181345567154256,4181345567439368,4181345567444095,4181345567537506,4727
1146,"input_concatenate_fusion_1.kd",2,8,1304,1277591,1277591,4096,256,0,0,8,0,32,64,"0x0","0x7f3e25f69740",4181345567160425,4181345567444095,4181345567449783,4181345567484887,5688
1147,"loop_compare_fusion.kd",2,8,1305,1277591,1277591,8192,256,0,0,4,4,16,64,"0x0","0x7f3e25f69780",4181345567167796,4181345567449783,4181345567454831,4181345567542814,5048
1148,"input_reduce_reduce_window_fusion_1.kd",2,8,1306,1277591,1277591,512,512,512,0,20,4,48,64,"0x0","0x7f3e25f697c0",4181345567174496,4181345567454831,4181345567472177,4181345567502083,17346
1149,"loop_reduce_window_fusion_6.kd",2,8,1307,1277591,1277591,32,32,0,0,32,0,16,64,"0x0","0x7f3e25f69800",4181345567181386,4181345567472177,4181345567481751,4181345567495703,9574
1150,"loop_broadcast_fusion_1.kd",2,8,1308,1277591,1277591,8192,256,0,0,4,4,16,64,"0x0","0x7f3e25f69840",4181345567195567,4181345567481751,4181345567486758,4181345567562473,5007
1151,"input_scatter_fusion_1.kd",2,8,1309,1277591,1277591,8192,256,0,0,8,0,32,64,"0x0","0x7f3e25f69880",4181345567206563,4181345567486758,4181345567492367,4181345567571346,5609
1152,"loop_reduce_window_fusion_5.kd",2,8,1310,1277591,1277591,8192,256,0,0,8,0,16,64,"0x0","0x7f3e25f698c0",4181345567215196,4181345567492367,4181345567497294,4181345567514161,4927
1153,"loop_reduce_window_fusion_4.kd",2,8,1311,1277591,1277591,512,256,0,0,8,0,16,64,"0x0","0x7f3e25f69900",4181345567224771,4181345567497294,4181345567502462,4181345567508012,5168
1154,"loop_reduce_window_fusion_3.kd",2,8,1312,1277591,1277591,32,32,0,0,8,0,16,64,"0x0","0x7f3e25f69940",4181345567235046,4181345567502462,4181345567507189,4181345567555222,4727
1155,"loop_select_fusion_6.kd",2,8,1313,1277591,1277591,8192,256,0,0,8,0,32,64,"0x0","0x7f3e25f69980",4181345567244149,4181345567507189,4181345567512156,4181345567601090,4967
1156,"loop_select_fusion_1.kd",2,8,1314,1277591,1277591,8192,256,0,0,8,0,16,64,"0x0","0x7f3e25f699c0",4181345567360412,4181345567512156,4181345567517083,4181345567548422,4927
1157,"loop_broadcast_fusion_4.kd",2,8,1315,1277591,1277591,16,16,0,0,4,4,16,64,"0x0","0x7f3e25f69a00",4181345567373742,4181345567517083,4181345567522091,4181345567606759,5008
1158,"__amd_rocclr_fillBufferAligned.kd",2,8,1316,1277591,1277591,77824,256,0,0,12,4,48,64,"0x0","0x7f669ba7b580",4181345567413281,4181345567522091,4181345567536673,4181345567589203,14582
1159,"__amd_rocclr_fillBufferAligned.kd",2,8,1317,1277591,1277591,16128,256,0,0,12,4,48,64,"0x0","0x7f669ba7b580",4181345567433481,4181345567536673,4181345567541199,4181345567595211,4526
1160,"transformer_engine::fused_attn_rocm::populate_rng_state_kernel(long*, long const*, long) [clone .kd]",2,8,1318,1277591,1277591,1,1,0,0,8,0,16,64,"0x0","0x7f3e25f8d380",4181345567495193,4181345567581339,4181345567583302,4181345567582983,1963
1161,"__amd_rocclr_fillBufferAligned.kd",2,8,1319,1277591,1277591,256,256,0,0,12,4,48,64,"0x0","0x7f669ba7b580",4181345567583404,4181345567621238,4181345567623081,4181345567626348,1843
1162,"ck_fused_attn::get_runtime_max_seqlen_kernel(unsigned long, int const*, int const*, unsigned long*) [clone .kd]",2,8,1320,1277591,1277591,4096,128,0,0,4,4,32,64,"0x0","0x7f3e25f58940",4181345567620940,4181345567630452,4181345567635980,4181345567637314,5528
1163,"__amd_rocclr_copyBuffer.kd",2,8,1321,1277591,1277591,512,512,0,0,16,0,32,64,"0x7f7ea91e9200","0x7f669ba7b600",4181345567629763,4181345567640988,4181345567646957,4181345567652957,5969
1164,"__amd_rocclr_fillBufferAligned.kd",2,8,1323,1277591,1277591,256,256,0,0,12,4,48,64,"0x0","0x7f669ba7b580",4181345567676142,4181345567691303,4181345567693185,4181345567719617,1882
1165,"ck_fused_attn::get_runtime_max_seqlen_kernel(unsigned long, int const*, int const*, unsigned long*) [clone .kd]",2,8,1324,1277591,1277591,4096,128,0,0,4,4,32,64,"0x0","0x7f3e25f58940",4181345567691865,4181345567700156,4181345567709530,4181345567732676,9374
1166,"__amd_rocclr_copyBuffer.kd",2,8,1325,1277591,1277591,512,512,0,0,16,0,32,64,"0x7f7ea91e9100","0x7f669ba7b600",4181345567699206,4181345567709530,4181345567714978,4181345567727248,5448
1167,"void transformer_engine::fused_attn_rocm::compute_scores_kernel<__half, transformer_engine::fused_attn_rocm::SmallSeqConfig<6, 128, 256, false, (transformer_engine::fused_attn_rocm::CausalMaskType)0>, 1>(__half const*, __half const*, __half*, float, int const*, int const*, int, int) [clone .kd]",2,8,1327,1277591,1277591,64000,64,0,0,92,4,48,64,"0x0","0x7f3e240cea80",4181345567745044,4181345567754637,4181345567785723,4181345567794378,31086
1168,"void transformer_engine::fused_attn_rocm::apply_mask_and_softmax_kernel<__half, transformer_engine::fused_attn_rocm::SmallSeqConfig<6, 128, 256, false, (transformer_engine::fused_attn_rocm::CausalMaskType)0> >(__half*, __half const*, float, int const*, int, int) [clone .kd]",2,8,1328,1277591,1277591,390144,256,1024,0,12,4,16,64,"0x0","0x7f3e240ceac0",4181345567752165,4181345567785723,4181345567790811,4181345567800998,5088
1169,"void transformer_engine::fused_attn_rocm::compute_output_kernel<__half, transformer_engine::fused_attn_rocm::SmallSeqConfig<6, 128, 256, false, (transformer_engine::fused_attn_rocm::CausalMaskType)0>, 2, 8>(__half const*, __half const*, __half*, int const*, int const*, int, int) [clone .kd]",2,8,1329,1277591,1277591,512000,64,12288,0,20,4,32,64,"0x0","0x7f3e240ceb00",4181345567759145,4181345567790811,4181345567832953,4181345567835319,42142
1170,"loop_broadcast_fusion_5.kd",2,8,1330,1277591,1277591,2048000,256,0,0,4,4,16,64,"0x0","0x7f3e25f69a40",4181345567776191,4181345567832953,4181345567841045,4181345567843911,8092
1171,"__amd_rocclr_fillBufferAligned.kd",2,8,1331,1277591,1277591,77824,256,0,0,12,4,48,64,"0x0","0x7f669ba7b580",4181345567790953,4181345567841045,4181345567847855,4181345567849049,6810
1172,"__amd_rocclr_fillBufferAligned.kd",2,8,1332,1277591,1277591,77824,256,0,0,12,4,48,64,"0x0","0x7f669ba7b580",4181345567798524,4181345567847855,4181345567865722,4181345567874216,17867
1173,"__amd_rocclr_fillBufferAligned.kd",2,8,1333,1277591,1277591,77824,256,0,0,12,4,48,64,"0x0","0x7f669ba7b580",4181345567805424,4181345567865722,4181345567883388,4181345567894617,17666
1174,"__amd_rocclr_fillBufferAligned.kd",2,8,1334,1277591,1277591,256,256,0,0,12,4,48,64,"0x0","0x7f669ba7b580",4181345567813847,4181345567883388,4181345567888075,4181345567889599,4687
1175,"ck_fused_attn::get_runtime_max_seqlen_kernel(unsigned long, int const*, int const*, unsigned long*) [clone .kd]",2,8,1335,1277591,1277591,4096,128,0,0,4,4,32,64,"0x0","0x7f3e25f58940",4181345567820376,4181345567888075,4181345567894044,4181345567907917,5969
1176,"__amd_rocclr_copyBuffer.kd",2,8,1336,1277591,1277591,512,512,0,0,16,0,32,64,"0x7f7ea91e9000","0x7f669ba7b600",4181345567827797,4181345567894044,4181345567899773,4181345567902709,5729
1177,"__amd_rocclr_fillBufferAligned.kd",2,8,1338,1277591,1277591,256,256,0,0,12,4,48,64,"0x0","0x7f669ba7b580",4181345567922388,4181345567937789,4181345567940113,4181345567943049,2324
1178,"ck_fused_attn::get_runtime_max_seqlen_kernel(unsigned long, int const*, int const*, unsigned long*) [clone .kd]",2,8,1339,1277591,1277591,4096,128,0,0,4,4,32,64,"0x0","0x7f3e25f58940",4181345567936359,4181345567945641,4181345567951449,4181345567952753,5808
1179,"__amd_rocclr_copyBuffer.kd",2,8,1340,1277591,1277591,512,512,0,0,16,0,32,64,"0x7f7ea9073980","0x7f669ba7b600",4181345567944040,4181345567958620,4181345567964669,4181345567967806,6049
1180,"void transformer_engine::fused_attn_rocm::compute_grad_v_kernel<__half, transformer_engine::fused_attn_rocm::SmallSeqConfig<6, 128, 256, false, (transformer_engine::fused_attn_rocm::CausalMaskType)0>, 16, 16>(__half const*, __half const*, __half*, int const*, int const*, int, int) [clone .kd]",2,8,1342,1277591,1277591,256000,64,12288,0,28,4,32,64,"0x0","0x7f3e240d0200",4181345567982227,4181345567993071,4181345568052239,4181345568054655,59168
1181,"void transformer_engine::fused_attn_rocm::compute_grad_attn_kernel<__half, transformer_engine::fused_attn_rocm::SmallSeqConfig<6, 128, 256, false, (transformer_engine::fused_attn_rocm::CausalMaskType)0>, 16>(__half const*, __half const*, __half*, int const*, int const*, int, int) [clone .kd]",2,8,1343,1277591,1277591,8000,64,0,0,104,0,64,64,"0x0","0x7f3e240d0240",4181345567991170,4181345568052239,4181345568274209,4181345568276935,221970
1182,"void transformer_engine::fused_attn_rocm::softmax_backward_kernel<__half, transformer_engine::fused_attn_rocm::SmallSeqConfig<6, 128, 256, false, (transformer_engine::fused_attn_rocm::CausalMaskType)0> >(__half const*, __half const*, __half*, float, int const*, int, int) [clone .kd]",2,8,1344,1277591,1277591,390144,256,1024,0,16,0,16,64,"0x0","0x7f3e240d0280",4181345567997930,4181345568274209,4181345568279978,4181345568285037,5769
1183,"void transformer_engine::fused_attn_rocm::compute_grad_qk_kernel<__half, transformer_engine::fused_attn_rocm::SmallSeqConfig<6, 128, 256, false, (transformer_engine::fused_attn_rocm::CausalMaskType)0>, 4, 16>(__half const*, __half const*, __half const*, __half*, __half*, float, int const*, int const*, int, int) [clone .kd]",2,8,1345,1277591,1277591,1024000,64,12288,0,36,4,64,64,"0x0","0x7f3e240d02c0",4181345568007815,4181345568279978,4181345568438454,4181345568442452,158476
1184,"input_reduce_fusion.kd",2,8,1346,1277591,1277591,524288,256,512,0,16,0,16,64,"0x0","0x7f3e25f69a80",4181345568017109,4181345568438454,4181345568447868,4181345568452937,9414
1185,"input_reduce_fusion_3.kd",2,8,1347,1277591,1277591,128,128,512,0,24,0,16,64,"0x0","0x7f3e25f69ac0",4181345568024029,4181345568447868,4181345568453516,4181345568458856,5648
1186,"loop_convert_fusion.kd",2,8,1348,1277591,1277591,1,1,0,0,4,4,16,64,"0x0","0x7f3e25f69b00",4181345568030920,4181345568453516,4181345568457562,4181345568468741,4046
1187,"input_reduce_reduce_window_fusion_3.kd",2,8,1351,1277591,1277591,9728,256,0,0,28,4,48,64,"0x0","0x7f3e25f69000",4181345568147062,4181345568469019,4181345568479795,4181345568480558,10776
1188,"loop_reduce_window_fusion_11.kd",2,8,1352,1277591,1277591,1536,256,0,0,8,0,16,64,"0x0","0x7f3e25f69040",4181345568156657,4181345568479795,4181345568487447,4181345568494839,7652
1189,"loop_slice_fusion_5.kd",2,8,1353,1277591,1277591,6,6,0,0,20,4,16,64,"0x0","0x7f3e25f69080",4181345568163587,4181345568487447,4181345568492414,4181345568501870,4967
1190,"loop_broadcast_fusion_2.kd",2,8,1354,1277591,1277591,24064,256,0,0,4,4,16,64,"0x0","0x7f3e25f690c0",4181345568170808,4181345568492414,4181345568498343,4181345568508149,5929
1191,"input_scatter_fusion_2.kd",2,8,1355,1277591,1277591,24064,256,0,0,12,4,32,64,"0x0","0x7f3e25f69100",4181345568178649,4181345568498343,4181345568505634,4181345568514779,7291
1192,"loop_reduce_window_fusion_10.kd",2,8,1356,1277591,1277591,24064,256,0,0,8,0,16,64,"0x0","0x7f3e25f69140",4181345568185229,4181345568505634,4181345568510561,4181345568520788,4927
1193,"loop_reduce_window_fusion_11.kd",2,8,1357,1277591,1277591,1536,256,0,0,8,0,16,64,"0x0","0x7f3e25f69040",4181345568192580,4181345568510561,4181345568515488,4181345568527077,4927
1194,"loop_slice_fusion_4.kd",2,8,1358,1277591,1277591,94,94,0,0,24,0,16,64,"0x0","0x7f3e25f69180",4181345568200001,4181345568515488,4181345568520816,4181345568533317,5328
1195,"input_reduce_fusion_1.kd",2,8,1359,1277591,1277591,64,64,0,0,8,0,16,64,"0x0","0x7f3e25f691c0",4181345568207612,4181345568520816,4181345568525503,4181345568539426,4687
1196,"loop_select_fusion_5.kd",2,8,1360,1277591,1277591,24064,256,0,0,8,0,32,64,"0x0","0x7f3e25f69200",4181345568221954,4181345568525503,4181345568530511,4181345568547458,5008
1197,"loop_select_fusion_2.kd",2,8,1361,1277591,1277591,24064,256,0,0,4,4,16,64,"0x0","0x7f3e25f69240",4181345568229996,4181345568530511,4181345568535398,4181345568553286,4887
1198,"loop_reduce_window_fusion_10.kd",2,8,1362,1277591,1277591,24064,256,0,0,8,0,16,64,"0x0","0x7f3e25f69140",4181345568237226,4181345568535398,4181345568540165,4181345568558985,4767
1199,"loop_reduce_window_fusion_11.kd",2,8,1363,1277591,1277591,1536,256,0,0,8,0,16,64,"0x0","0x7f3e25f69040",4181345568244227,4181345568540165,4181345568545213,4181345568565054,5048
1200,"loop_slice_fusion_5.kd",2,8,1364,1277591,1277591,6,6,0,0,20,4,16,64,"0x0","0x7f3e25f69080",4181345568250827,4181345568545213,4181345568549819,4181345568618183,4606
1201,"input_concatenate_fusion.kd",2,8,1365,1277591,1277591,24064,256,0,0,12,4,32,64,"0x0","0x7f3e25f69280",4181345568259049,4181345568549819,4181345568555508,4181345568597592,5689
1202,"input_reduce_reduce_window_fusion.kd",2,8,1366,1277591,1277591,11264,256,0,0,36,4,48,64,"0x0","0x7f3e25f692c0",4181345568266820,4181345568555508,4181345568565763,4181345568570903,10255
1203,"loop_reduce_window_fusion_2.kd",2,8,1367,1277591,1277591,1792,256,0,0,8,0,16,64,"0x0","0x7f3e25f69300",4181345568274251,4181345568565763,4181345568570891,4181345568577062,5128
1204,"loop_slice_fusion_7.kd",2,8,1368,1277591,1277591,7,7,0,0,20,4,16,64,"0x0","0x7f3e25f69340",4181345568298878,4181345568570891,4181345568575538,4181345568582750,4647
1205,"loop_broadcast_fusion.kd",2,8,1369,1277591,1277591,28160,256,0,0,4,4,16,64,"0x0","0x7f3e25f69380",4181345568305999,4181345568575538,4181345568580545,4181345568589080,5007
1206,"input_scatter_fusion.kd",2,8,1370,1277591,1277591,28160,256,0,0,12,4,32,64,"0x0","0x7f3e25f693c0",4181345568314071,4181345568580545,4181345568587876,4181345568626135,7331
1207,"loop_reduce_window_fusion_1.kd",2,8,1371,1277591,1277591,28160,256,0,0,8,0,16,64,"0x0","0x7f3e25f69400",4181345568321331,4181345568587876,4181345568592723,4181345568642980,4847
1208,"loop_reduce_window_fusion_2.kd",2,8,1372,1277591,1277591,1792,256,0,0,8,0,16,64,"0x0","0x7f3e25f69300",4181345568327410,4181345568592723,4181345568597811,4181345568649239,5088
1209,"loop_slice_fusion_7.kd",2,8,1373,1277591,1277591,7,7,0,0,20,4,16,64,"0x0","0x7f3e25f69340",4181345568334491,4181345568597811,4181345568602498,4181345568657111,4687
1210,"loop_slice_fusion_3.kd",2,8,1374,1277591,1277591,110,110,0,0,8,0,16,64,"0x0","0x7f3e25f69440",4181345568342012,4181345568602498,4181345568607145,4181345568662819,4647
1211,"input_reduce_fusion_2.kd",2,8,1375,1277591,1277591,64,64,0,0,8,0,16,64,"0x0","0x7f3e25f69480",4181345568348652,4181345568607145,4181345568611792,4181345568668908,4647
1212,"loop_select_fusion_4.kd",2,8,1376,1277591,1277591,28160,256,0,0,8,0,32,64,"0x0","0x7f3e25f694c0",4181345568355402,4181345568611792,4181345568616759,4181345568674827,4967
1213,"loop_select_fusion.kd",2,8,1377,1277591,1277591,28160,256,0,0,8,0,16,64,"0x0","0x7f3e25f69500",4181345568362302,4181345568616759,4181345568621606,4181345568680766,4847
1214,"loop_compare_fusion_1.kd",2,8,1378,1277591,1277591,4096,256,0,0,4,4,16,64,"0x0","0x7f3e25f69540",4181345568369223,4181345568621606,4181345568626413,4181345568686224,4807
1215,"input_reduce_reduce_window_fusion_2.kd",2,8,1379,1277591,1277591,256,256,512,0,20,4,32,64,"0x0","0x7f3e25f69580",4181345568377124,4181345568626413,4181345568641476,4181345568692243,15063
1216,"loop_slice_fusion_1.kd",2,8,1380,1277591,1277591,16,16,0,0,20,4,16,64,"0x0","0x7f3e25f695c0",4181345568383704,4181345568641476,4181345568646243,4181345568697992,4767
1217,"loop_broadcast_fusion_3.kd",2,8,1381,1277591,1277591,4096,256,0,0,4,4,16,64,"0x0","0x7f3e25f69600",4181345568390564,4181345568646243,4181345568651210,4181345568703770,4967
1218,"input_scatter_fusion_3.kd",2,8,1382,1277591,1277591,4096,256,0,0,8,0,32,64,"0x0","0x7f3e25f69640",4181345568397845,4181345568651210,4181345568657299,4181345568709599,6089
1219,"loop_reduce_window_fusion_13.kd",2,8,1383,1277591,1277591,4096,256,0,0,8,0,16,64,"0x0","0x7f3e25f69680",4181345568405547,4181345568657299,4181345568662267,4181345568801936,4968
1220,"loop_slice_fusion_1.kd",2,8,1384,1277591,1277591,16,16,0,0,20,4,16,64,"0x0","0x7f3e25f695c0",4181345568413739,4181345568662267,4181345568666994,4181345568807274,4727
1221,"loop_remainder_fusion.kd",2,8,1385,1277591,1277591,4096,256,0,0,12,4,16,64,"0x0","0x7f3e25f696c0",4181345568421360,4181345568666994,4181345568672922,4181345568812933,5928
1222,"loop_select_fusion_3.kd",2,8,1386,1277591,1277591,4096,256,0,0,8,0,32,64,"0x0","0x7f3e25f69700",4181345568428260,4181345568672922,4181345568677810,4181345568715357,4888
1223,"loop_reduce_window_fusion_13.kd",2,8,1387,1277591,1277591,4096,256,0,0,8,0,16,64,"0x0","0x7f3e25f69680",4181345568435531,4181345568677810,4181345568682697,4181345568721056,4887
1224,"loop_slice_fusion_1.kd",2,8,1388,1277591,1277591,16,16,0,0,20,4,16,64,"0x0","0x7f3e25f695c0",4181345568442351,4181345568682697,4181345568687384,4181345568731692,4687
1225,"input_concatenate_fusion_1.kd",2,8,1389,1277591,1277591,4096,256,0,0,8,0,32,64,"0x0","0x7f3e25f69740",4181345568474940,4181345568687384,4181345568692872,4181345568796328,5488
1226,"loop_compare_fusion.kd",2,8,1390,1277591,1277591,8192,256,0,0,4,4,16,64,"0x0","0x7f3e25f69780",4181345568483463,4181345568692872,4181345568697840,4181345568790539,4968
1227,"input_reduce_reduce_window_fusion_1.kd",2,8,1391,1277591,1277591,512,512,512,0,20,4,48,64,"0x0","0x7f3e25f697c0",4181345568491134,4181345568697840,4181345568715666,4181345568818631,17826
1228,"loop_reduce_window_fusion_6.kd",2,8,1392,1277591,1277591,32,32,0,0,32,0,16,64,"0x0","0x7f3e25f69800",4181345568500057,4181345568715666,4181345568725280,4181345568743039,9614
1229,"loop_broadcast_fusion_1.kd",2,8,1393,1277591,1277591,8192,256,0,0,4,4,16,64,"0x0","0x7f3e25f69840",4181345568608769,4181345568725280,4181345568730288,4181345568784851,5008
1230,"input_scatter_fusion_1.kd",2,8,1394,1277591,1277591,8192,256,0,0,8,0,32,64,"0x0","0x7f3e25f69880",4181345568635859,4181345568730288,4181345568735816,4181345568779162,5528
1231,"loop_reduce_window_fusion_5.kd",2,8,1395,1277591,1277591,8192,256,0,0,8,0,16,64,"0x0","0x7f3e25f698c0",4181345568646565,4181345568735816,4181345568741985,4181345568772422,6169
1232,"loop_reduce_window_fusion_4.kd",2,8,1396,1277591,1277591,512,256,0,0,8,0,16,64,"0x0","0x7f3e25f69900",4181345568655518,4181345568741985,4181345568747073,4181345568826873,5088
1233,"loop_reduce_window_fusion_3.kd",2,8,1397,1277591,1277591,32,32,0,0,8,0,16,64,"0x0","0x7f3e25f69940",4181345568740415,4181345568752080,4181345568756126,4181345568846913,4046
1234,"loop_select_fusion_6.kd",2,8,1398,1277591,1277591,8192,256,0,0,8,0,32,64,"0x0","0x7f3e25f69980",4181345568770970,4181345568833241,4181345568836646,4181345568839462,3405
1235,"loop_select_fusion_1.kd",2,8,1399,1277591,1277591,8192,256,0,0,8,0,16,64,"0x0","0x7f3e25f699c0",4181345568835877,4181345568846621,4181345568849425,4181345568855536,2804
1236,"loop_broadcast_fusion_4.kd",2,8,1400,1277591,1277591,16,16,0,0,4,4,16,64,"0x0","0x7f3e25f69a00",4181345568846332,4181345568861443,4181345568863205,4181345568863328,1762
1237,"__amd_rocclr_fillBufferAligned.kd",2,8,1401,1277591,1277591,77824,256,0,0,12,4,48,64,"0x0","0x7f669ba7b580",4181345568865300,4181345568878468,4181345568891768,4181345568894965,13300
1238,"__amd_rocclr_fillBufferAligned.kd",2,8,1402,1277591,1277591,16128,256,0,0,12,4,48,64,"0x0","0x7f669ba7b580",4181345568877098,4181345568891768,4181345568896735,4181345568901244,4967
1239,"transformer_engine::fused_attn_rocm::populate_rng_state_kernel(long*, long const*, long) [clone .kd]",2,8,1403,1277591,1277591,1,1,0,0,8,0,16,64,"0x0","0x7f3e25f8d380",4181345568887203,4181345568896735,4181345568900902,4181345568916146,4167
1240,"__amd_rocclr_fillBufferAligned.kd",2,8,1404,1277591,1277591,256,256,0,0,12,4,48,64,"0x0","0x7f669ba7b580",4181345568896267,4181345568911477,4181345568913320,4181345568923147,1843
1241,"ck_fused_attn::get_runtime_max_seqlen_kernel(unsigned long, int const*, int const*, unsigned long*) [clone .kd]",2,8,1405,1277591,1277591,4096,128,0,0,4,4,32,64,"0x0","0x7f3e25f58940",4181345568909957,4181345568919008,4181345568924497,4181345568931659,5489
1242,"__amd_rocclr_copyBuffer.kd",2,8,1406,1277591,1277591,512,512,0,0,16,0,32,64,"0x7f7ea91e8d00","0x7f669ba7b600",4181345568918169,4181345568938037,4181345568944366,4181345568947503,6329
1243,"__amd_rocclr_fillBufferAligned.kd",2,8,1408,1277591,1277591,256,256,0,0,12,4,48,64,"0x0","0x7f669ba7b580",4181345568970166,4181345568979538,4181345568981541,4181345569009825,2003
1244,"ck_fused_attn::get_runtime_max_seqlen_kernel(unsigned long, int const*, int const*, unsigned long*) [clone .kd]",2,8,1409,1277591,1277591,4096,128,0,0,4,4,32,64,"0x0","0x7f3e25f58940",4181345568979420,4181345568990595,4181345568996444,4181345569020271,5849
1245,"__amd_rocclr_copyBuffer.kd",2,8,1410,1277591,1277591,512,512,0,0,16,0,32,64,"0x7f7ea91e8c00","0x7f669ba7b600",4181345568989435,4181345569001251,4181345569005537,4181345569015374,4286
1246,"void transformer_engine::fused_attn_rocm::compute_scores_kernel<__half, transformer_engine::fused_attn_rocm::SmallSeqConfig<6, 128, 256, false, (transformer_engine::fused_attn_rocm::CausalMaskType)0>, 1>(__half const*, __half const*, __half*, float, int const*, int const*, int, int) [clone .kd]",2,8,1412,1277591,1277591,64000,64,0,0,92,4,48,64,"0x0","0x7f3e240cea80",4181345569031167,4181345569040469,4181345569072757,4181345569081212,32288
1247,"void transformer_engine::fused_attn_rocm::apply_mask_and_softmax_kernel<__half, transformer_engine::fused_attn_rocm::SmallSeqConfig<6, 128, 256, false, (transformer_engine::fused_attn_rocm::CausalMaskType)0> >(__half*, __half const*, float, int const*, int, int) [clone .kd]",2,8,1413,1277591,1277591,390144,256,1024,0,12,4,16,64,"0x0","0x7f3e240ceac0",4181345569038588,4181345569072757,4181345569077845,4181345569089023,5088
1248,"void transformer_engine::fused_attn_rocm::compute_output_kernel<__half, transformer_engine::fused_attn_rocm::SmallSeqConfig<6, 128, 256, false, (transformer_engine::fused_attn_rocm::CausalMaskType)0>, 2, 8>(__half const*, __half const*, __half*, int const*, int const*, int, int) [clone .kd]",2,8,1414,1277591,1277591,512000,64,12288,0,20,4,32,64,"0x0","0x7f3e240ceb00",4181345569045829,4181345569077845,4181345569120909,4181345569124636,43064
1249,"loop_broadcast_fusion_5.kd",2,8,1415,1277591,1277591,2048000,256,0,0,4,4,16,64,"0x0","0x7f3e25f69a40",4181345569061693,4181345569120909,4181345569129121,4181345569134731,8212
1250,"__amd_rocclr_fillBufferAligned.kd",2,8,1416,1277591,1277591,77824,256,0,0,12,4,48,64,"0x0","0x7f669ba7b580",4181345569076094,4181345569129121,4181345569135891,4181345569140259,6770
1251,"__amd_rocclr_fillBufferAligned.kd",2,8,1417,1277591,1277591,77824,256,0,0,12,4,48,64,"0x0","0x7f669ba7b580",4181345569082243,4181345569135891,4181345569153677,4181345569156243,17786
1252,"__amd_rocclr_fillBufferAligned.kd",2,8,1418,1277591,1277591,77824,256,0,0,12,4,48,64,"0x0","0x7f669ba7b580",4181345569101612,4181345569153677,4181345569171183,4181345569171916,17506
1253,"__amd_rocclr_fillBufferAligned.kd",2,8,1419,1277591,1277591,256,256,0,0,12,4,48,64,"0x0","0x7f669ba7b580",4181345569110034,4181345569171183,4181345569176071,4181345569178707,4888
1254,"ck_fused_attn::get_runtime_max_seqlen_kernel(unsigned long, int const*, int const*, unsigned long*) [clone .kd]",2,8,1420,1277591,1277591,4096,128,0,0,4,4,32,64,"0x0","0x7f3e25f58940",4181345569117375,4181345569176071,4181345569182040,4181345569183554,5969
1255,"__amd_rocclr_copyBuffer.kd",2,8,1421,1277591,1277591,512,512,0,0,16,0,32,64,"0x7f7ea91e8b00","0x7f669ba7b600",4181345569125167,4181345569182040,4181345569187608,4181345569191986,5568
1256,"__amd_rocclr_fillBufferAligned.kd",2,8,1423,1277591,1277591,256,256,0,0,12,4,48,64,"0x0","0x7f669ba7b580",4181345569210504,4181345569225264,4181345569227307,4181345569229943,2043
1257,"ck_fused_attn::get_runtime_max_seqlen_kernel(unsigned long, int const*, int const*, unsigned long*) [clone .kd]",2,8,1424,1277591,1277591,4096,128,0,0,4,4,32,64,"0x0","0x7f3e25f58940",4181345569224134,4181345569232795,4181345569238844,4181345569239407,6049
1258,"__amd_rocclr_copyBuffer.kd",2,8,1425,1277591,1277591,512,512,0,0,16,0,32,64,"0x7f7ea9073d00","0x7f669ba7b600",4181345569231525,4181345569245174,4181345569251623,4181345569254880,6449
1259,"void transformer_engine::fused_attn_rocm::compute_grad_v_kernel<__half, transformer_engine::fused_attn_rocm::SmallSeqConfig<6, 128, 256, false, (transformer_engine::fused_attn_rocm::CausalMaskType)0>, 16, 16>(__half const*, __half const*, __half*, int const*, int const*, int, int) [clone .kd]",2,8,1427,1277591,1277591,256000,64,12288,0,28,4,32,64,"0x0","0x7f3e240d0200",4181345569269582,4181345569281788,4181345569342719,4181345569345435,60931
1260,"void transformer_engine::fused_attn_rocm::compute_grad_attn_kernel<__half, transformer_engine::fused_attn_rocm::SmallSeqConfig<6, 128, 256, false, (transformer_engine::fused_attn_rocm::CausalMaskType)0>, 16>(__half const*, __half const*, __half*, int const*, int const*, int, int) [clone .kd]",2,8,1428,1277591,1277591,8000,64,0,0,104,0,64,64,"0x0","0x7f3e240d0240",4181345569279496,4181345569342719,4181345569566171,4181345569572002,223452
1261,"void transformer_engine::fused_attn_rocm::softmax_backward_kernel<__half, transformer_engine::fused_attn_rocm::SmallSeqConfig<6, 128, 256, false, (transformer_engine::fused_attn_rocm::CausalMaskType)0> >(__half const*, __half const*, __half*, float, int const*, int, int) [clone .kd]",2,8,1429,1277591,1277591,390144,256,1024,0,16,0,16,64,"0x0","0x7f3e240d0280",4181345569287959,4181345569566171,4181345569571899,4181345569579092,5728
1262,"void transformer_engine::fused_attn_rocm::compute_grad_qk_kernel<__half, transformer_engine::fused_attn_rocm::SmallSeqConfig<6, 128, 256, false, (transformer_engine::fused_attn_rocm::CausalMaskType)0>, 4, 16>(__half const*, __half const*, __half const*, __half*, __half*, float, int const*, int const*, int, int) [clone .kd]",2,8,1430,1277591,1277591,1024000,64,12288,0,36,4,64,64,"0x0","0x7f3e240d02c0",4181345569298435,4181345569571899,4181345569727451,4181345569727663,155552
1263,"input_reduce_fusion.kd",2,8,1431,1277591,1277591,524288,256,512,0,16,0,16,64,"0x0","0x7f3e25f69a80",4181345569307438,4181345569727451,4181345569736745,4181345569738229,9294
1264,"input_reduce_fusion_3.kd",2,8,1432,1277591,1277591,128,128,512,0,24,0,16,64,"0x0","0x7f3e25f69ac0",4181345569314368,4181345569736745,4181345569742233,4181345569769025,5488
1265,"loop_convert_fusion.kd",2,8,1433,1277591,1277591,1,1,0,0,4,4,16,64,"0x0","0x7f3e25f69b00",4181345569321209,4181345569742233,4181345569746239,4181345569775234,4006
1266,"input_reduce_reduce_window_fusion_3.kd",2,8,1436,1277591,1277591,9728,256,0,0,28,4,48,64,"0x0","0x7f3e25f69000",4181345569419785,4181345569758617,4181345569769433,4181345569786491,10816
1267,"loop_reduce_window_fusion_11.kd",2,8,1437,1277591,1277591,1536,256,0,0,8,0,16,64,"0x0","0x7f3e25f69040",4181345569429359,4181345569769433,4181345569777085,4181345569798879,7652
1268,"loop_slice_fusion_5.kd",2,8,1438,1277591,1277591,6,6,0,0,20,4,16,64,"0x0","0x7f3e25f69080",4181345569436750,4181345569777085,4181345569782052,4181345569805168,4967
1269,"loop_broadcast_fusion_2.kd",2,8,1439,1277591,1277591,24064,256,0,0,4,4,16,64,"0x0","0x7f3e25f690c0",4181345569443741,4181345569782052,4181345569787700,4181345569810947,5648
1270,"input_scatter_fusion_2.kd",2,8,1440,1277591,1277591,24064,256,0,0,12,4,32,64,"0x0","0x7f3e25f69100",4181345569451252,4181345569787700,4181345569793749,4181345569817397,6049
1271,"loop_reduce_window_fusion_10.kd",2,8,1441,1277591,1277591,24064,256,0,0,8,0,16,64,"0x0","0x7f3e25f69140",4181345569458252,4181345569793749,4181345569798677,4181345569823395,4928
1272,"loop_reduce_window_fusion_11.kd",2,8,1442,1277591,1277591,1536,256,0,0,8,0,16,64,"0x0","0x7f3e25f69040",4181345569466224,4181345569798677,4181345569803604,4181345569839529,4927
1273,"loop_slice_fusion_4.kd",2,8,1443,1277591,1277591,94,94,0,0,24,0,16,64,"0x0","0x7f3e25f69180",4181345569473695,4181345569803604,4181345569809132,4181345569845879,5528
1274,"input_reduce_fusion_1.kd",2,8,1444,1277591,1277591,64,64,0,0,8,0,16,64,"0x0","0x7f3e25f691c0",4181345569481367,4181345569809132,4181345569813819,4181345569851537,4687
1275,"loop_select_fusion_5.kd",2,8,1445,1277591,1277591,24064,256,0,0,8,0,32,64,"0x0","0x7f3e25f69200",4181345569489479,4181345569813819,4181345569818787,4181345569857286,4968
1276,"loop_select_fusion_2.kd",2,8,1446,1277591,1277591,24064,256,0,0,4,4,16,64,"0x0","0x7f3e25f69240",4181345569496830,4181345569818787,4181345569823674,4181345569863315,4887
1277,"loop_reduce_window_fusion_10.kd",2,8,1447,1277591,1277591,24064,256,0,0,8,0,16,64,"0x0","0x7f3e25f69140",4181345569503129,4181345569823674,4181345569828441,4181345569872238,4767
1278,"loop_reduce_window_fusion_11.kd",2,8,1448,1277591,1277591,1536,256,0,0,8,0,16,64,"0x0","0x7f3e25f69040",4181345569509849,4181345569828441,4181345569833288,4181345569878147,4847
1279,"loop_slice_fusion_5.kd",2,8,1449,1277591,1277591,6,6,0,0,20,4,16,64,"0x0","0x7f3e25f69080",4181345569516519,4181345569833288,4181345569837935,4181345569884006,4647
1280,"input_concatenate_fusion.kd",2,8,1450,1277591,1277591,24064,256,0,0,12,4,32,64,"0x0","0x7f3e25f69280",4181345569523680,4181345569837935,4181345569843463,4181345569890025,5528
1281,"input_reduce_reduce_window_fusion.kd",2,8,1451,1277591,1277591,11264,256,0,0,36,4,48,64,"0x0","0x7f3e25f692c0",4181345569530159,4181345569843463,4181345569854279,4181345569920249,10816
1282,"loop_reduce_window_fusion_2.kd",2,8,1452,1277591,1277591,1792,256,0,0,8,0,16,64,"0x0","0x7f3e25f69300",4181345569537550,4181345569854279,4181345569859327,4181345569914130,5048
1283,"loop_slice_fusion_7.kd",2,8,1453,1277591,1277591,7,7,0,0,20,4,16,64,"0x0","0x7f3e25f69340",4181345569544360,4181345569859327,4181345569864014,4181345569948992,4687
1284,"loop_broadcast_fusion.kd",2,8,1454,1277591,1277591,28160,256,0,0,4,4,16,64,"0x0","0x7f3e25f69380",4181345569552432,4181345569864014,4181345569868981,4181345569929914,4967
1285,"input_scatter_fusion.kd",2,8,1455,1277591,1277591,28160,256,0,0,12,4,32,64,"0x0","0x7f3e25f693c0",4181345569559703,4181345569868981,4181345569876392,4181345569908392,7411
1286,"loop_reduce_window_fusion_1.kd",2,8,1456,1277591,1277591,28160,256,0,0,8,0,16,64,"0x0","0x7f3e25f69400",4181345569567244,4181345569876392,4181345569881239,4181345569902052,4847
1287,"loop_reduce_window_fusion_2.kd",2,8,1457,1277591,1277591,1792,256,0,0,8,0,16,64,"0x0","0x7f3e25f69300",4181345569576508,4181345569881239,4181345569886407,4181345569895833,5168
1288,"loop_slice_fusion_7.kd",2,8,1458,1277591,1277591,7,7,0,0,20,4,16,64,"0x0","0x7f3e25f69340",4181345569595346,4181345569886407,4181345569891094,4181345569961921,4687
1289,"loop_slice_fusion_3.kd",2,8,1459,1277591,1277591,110,110,0,0,8,0,16,64,"0x0","0x7f3e25f69440",4181345569602677,4181345569891094,4181345569895901,4181345569970094,4807
1290,"input_reduce_fusion_2.kd",2,8,1460,1277591,1277591,64,64,0,0,8,0,16,64,"0x0","0x7f3e25f69480",4181345569610138,4181345569895901,4181345569900548,4181345569975852,4647
1291,"loop_select_fusion_4.kd",2,8,1461,1277591,1277591,28160,256,0,0,8,0,32,64,"0x0","0x7f3e25f694c0",4181345569619172,4181345569900548,4181345569905476,4181345569981781,4928
1292,"loop_select_fusion.kd",2,8,1462,1277591,1277591,28160,256,0,0,8,0,16,64,"0x0","0x7f3e25f69500",4181345569626432,4181345569905476,4181345569910363,4181345569987610,4887
1293,"loop_compare_fusion_1.kd",2,8,1463,1277591,1277591,4096,256,0,0,4,4,16,64,"0x0","0x7f3e25f69540",4181345569634044,4181345569910363,4181345569915170,4181345569994199,4807
1294,"input_reduce_reduce_window_fusion_2.kd",2,8,1464,1277591,1277591,256,256,512,0,20,4,32,64,"0x0","0x7f3e25f69580",4181345569641405,4181345569915170,4181345569930513,4181345570000919,15343
1295,"loop_slice_fusion_1.kd",2,8,1465,1277591,1277591,16,16,0,0,20,4,16,64,"0x0","0x7f3e25f695c0",4181345569648796,4181345569930513,4181345569935240,4181345570006948,4727
1296,"loop_broadcast_fusion_3.kd",2,8,1466,1277591,1277591,4096,256,0,0,4,4,16,64,"0x0","0x7f3e25f69600",4181345569655816,4181345569935240,4181345569940167,4181345570012417,4927
1297,"input_scatter_fusion_3.kd",2,8,1467,1277591,1277591,4096,256,0,0,8,0,32,64,"0x0","0x7f3e25f69640",4181345569663568,4181345569940167,4181345569946416,4181345570017975,6249
1298,"loop_reduce_window_fusion_13.kd",2,8,1468,1277591,1277591,4096,256,0,0,8,0,16,64,"0x0","0x7f3e25f69680",4181345569671580,4181345569946416,4181345569951344,4181345570023934,4928
1299,"loop_slice_fusion_1.kd",2,8,1469,1277591,1277591,16,16,0,0,20,4,16,64,"0x0","0x7f3e25f695c0",4181345569679111,4181345569951344,4181345569956031,4181345570029602,4687
1300,"loop_remainder_fusion.kd",2,8,1470,1277591,1277591,4096,256,0,0,12,4,16,64,"0x0","0x7f3e25f696c0",4181345569686582,4181345569956031,4181345569961839,4181345570035431,5808
1301,"loop_select_fusion_3.kd",2,8,1471,1277591,1277591,4096,256,0,0,8,0,32,64,"0x0","0x7f3e25f69700",4181345569693492,4181345569961839,4181345569966727,4181345570040939,4888
1302,"loop_reduce_window_fusion_13.kd",2,8,1472,1277591,1277591,4096,256,0,0,8,0,16,64,"0x0","0x7f3e25f69680",4181345569700853,4181345569966727,4181345569971614,4181345570049822,4887
1303,"loop_slice_fusion_1.kd",2,8,1473,1277591,1277591,16,16,0,0,20,4,16,64,"0x0","0x7f3e25f695c0",4181345569707563,4181345569971614,4181345569976341,4181345570086837,4727
1304,"input_concatenate_fusion_1.kd",2,8,1474,1277591,1277591,4096,256,0,0,8,0,32,64,"0x0","0x7f3e25f69740",4181345569714413,4181345569976341,4181345569981949,4181345570068861,5608
1305,"loop_compare_fusion.kd",2,8,1475,1277591,1277591,8192,256,0,0,4,4,16,64,"0x0","0x7f3e25f69780",4181345569721824,4181345569981949,4181345569986997,4181345570074789,5048
1306,"input_reduce_reduce_window_fusion_1.kd",2,8,1476,1277591,1277591,512,512,512,0,20,4,48,64,"0x0","0x7f3e25f697c0",4181345569728274,4181345569986997,4181345570004943,4181345570080267,17946
1307,"loop_reduce_window_fusion_6.kd",2,8,1477,1277591,1277591,32,32,0,0,32,0,16,64,"0x0","0x7f3e25f69800",4181345569742405,4181345570004943,4181345570014518,4181345570102691,9575
1308,"loop_broadcast_fusion_1.kd",2,8,1478,1277591,1277591,8192,256,0,0,4,4,16,64,"0x0","0x7f3e25f69840",4181345569790627,4181345570014518,4181345570019445,4181345570095430,4927
1309,"input_scatter_fusion_1.kd",2,8,1479,1277591,1277591,8192,256,0,0,8,0,32,64,"0x0","0x7f3e25f69880",4181345569942312,4181345570019445,4181345570024773,4181345570115600,5328
1310,"loop_reduce_window_fusion_5.kd",2,8,1480,1277591,1277591,8192,256,0,0,8,0,16,64,"0x0","0x7f3e25f698c0",4181345569953599,4181345570061828,4181345570065634,4181345570109561,3806
1311,"loop_reduce_window_fusion_4.kd",2,8,1481,1277591,1277591,512,256,0,0,8,0,16,64,"0x0","0x7f3e25f69900",4181345570063212,4181345570102769,4181345570108177,4181345570124193,5408
1312,"loop_reduce_window_fusion_3.kd",2,8,1482,1277591,1277591,32,32,0,0,8,0,16,64,"0x0","0x7f3e25f69940",4181345570101479,4181345570133535,4181345570138021,4181345570162440,4486
1313,"loop_select_fusion_6.kd",2,8,1483,1277591,1277591,8192,256,0,0,8,0,32,64,"0x0","0x7f3e25f69980",4181345570160487,4181345570177160,4181345570180444,4181345570182780,3284
1314,"loop_select_fusion_1.kd",2,8,1484,1277591,1277591,8192,256,0,0,8,0,16,64,"0x0","0x7f3e25f699c0",4181345570175639,4181345570184691,4181345570187535,4181345570194427,2844
1315,"loop_broadcast_fusion_4.kd",2,8,1485,1277591,1277591,16,16,0,0,4,4,16,64,"0x0","0x7f3e25f69a00",4181345570183831,4181345570199673,4181345570201516,4181345570201087,1843
1316,"__amd_rocclr_fillBufferAligned.kd",2,8,1486,1277591,1277591,77824,256,0,0,12,4,48,64,"0x0","0x7f669ba7b580",4181345570205374,4181345570214735,4181345570228796,4181345570231963,14061
1317,"__amd_rocclr_fillBufferAligned.kd",2,8,1487,1277591,1277591,16128,256,0,0,12,4,48,64,"0x0","0x7f669ba7b580",4181345570213265,4181345570228796,4181345570233724,4181345570238793,4928
1318,"transformer_engine::fused_attn_rocm::populate_rng_state_kernel(long*, long const*, long) [clone .kd]",2,8,1488,1277591,1277591,1,1,0,0,8,0,16,64,"0x0","0x7f3e25f8d380",4181345570221848,4181345570233724,4181345570237970,4181345570247696,4246
1319,"__amd_rocclr_fillBufferAligned.kd",2,8,1489,1277591,1277591,256,256,0,0,12,4,48,64,"0x0","0x7f669ba7b580",4181345570232824,4181345570253513,4181345570255556,4181345570255738,2043
1320,"ck_fused_attn::get_runtime_max_seqlen_kernel(unsigned long, int const*, int const*, unsigned long*) [clone .kd]",2,8,1490,1277591,1277591,4096,128,0,0,4,4,32,64,"0x0","0x7f3e25f58940",4181345570253996,4181345570270138,4181345570276027,4181345570275638,5889
1321,"__amd_rocclr_copyBuffer.kd",2,8,1491,1277591,1277591,512,512,0,0,16,0,32,64,"0x7f7ea91e8800","0x7f669ba7b600",4181345570270290,4181345570280954,4181345570286442,4181345570292012,5488
1322,"__amd_rocclr_fillBufferAligned.kd",2,8,1493,1277591,1277591,256,256,0,0,12,4,48,64,"0x0","0x7f669ba7b580",4181345570310870,4181345570319531,4181345570321534,4181345570349648,2003
1323,"ck_fused_attn::get_runtime_max_seqlen_kernel(unsigned long, int const*, int const*, unsigned long*) [clone .kd]",2,8,1494,1277591,1277591,4096,128,0,0,4,4,32,64,"0x0","0x7f3e25f58940",4181345570318612,4181345570328665,4181345570337438,4181345570360164,8773
1324,"__amd_rocclr_copyBuffer.kd",2,8,1495,1277591,1277591,512,512,0,0,16,0,32,64,"0x7f7ea91e8700","0x7f669ba7b600",4181345570327475,4181345570337438,4181345570342566,4181345570354996,5128
1325,"void transformer_engine::fused_attn_rocm::compute_scores_kernel<__half, transformer_engine::fused_attn_rocm::SmallSeqConfig<6, 128, 256, false, (transformer_engine::fused_attn_rocm::CausalMaskType)0>, 1>(__half const*, __half const*, __half*, float, int const*, int const*, int, int) [clone .kd]",2,8,1497,1277591,1277591,64000,64,0,0,92,4,48,64,"0x0","0x7f3e240cea80",4181345570371971,4181345570381383,4181345570413191,4181345570420974,31808
1326,"void transformer_engine::fused_attn_rocm::apply_mask_and_softmax_kernel<__half, transformer_engine::fused_attn_rocm::SmallSeqConfig<6, 128, 256, false, (transformer_engine::fused_attn_rocm::CausalMaskType)0> >(__half*, __half const*, float, int const*, int, int) [clone .kd]",2,8,1498,1277591,1277591,390144,256,1024,0,12,4,16,64,"0x0","0x7f3e240ceac0",4181345570379092,4181345570413191,4181345570418238,4181345570430819,5047
1327,"void transformer_engine::fused_attn_rocm::compute_output_kernel<__half, transformer_engine::fused_attn_rocm::SmallSeqConfig<6, 128, 256, false, (transformer_engine::fused_attn_rocm::CausalMaskType)0>, 2, 8>(__half const*, __half const*, __half*, int const*, int const*, int, int) [clone .kd]",2,8,1499,1277591,1277591,512000,64,12288,0,20,4,32,64,"0x0","0x7f3e240ceb00",4181345570387625,4181345570418238,4181345570461743,4181345570463688,43505
1328,"loop_broadcast_fusion_5.kd",2,8,1500,1277591,1277591,2048000,256,0,0,4,4,16,64,"0x0","0x7f3e25f69a40",4181345570402417,4181345570461743,4181345570469955,4181345570474053,8212
1329,"__amd_rocclr_fillBufferAligned.kd",2,8,1501,1277591,1277591,77824,256,0,0,12,4,48,64,"0x0","0x7f669ba7b580",4181345570414865,4181345570469955,4181345570476765,4181345570479291,6810
1330,"__amd_rocclr_fillBufferAligned.kd",2,8,1502,1277591,1277591,77824,256,0,0,12,4,48,64,"0x0","0x7f669ba7b580",4181345570424820,4181345570476765,4181345570494472,4181345570495455,17707
1331,"__amd_rocclr_fillBufferAligned.kd",2,8,1503,1277591,1277591,77824,256,0,0,12,4,48,64,"0x0","0x7f669ba7b580",4181345570444449,4181345570494472,4181345570511978,4181345570519130,17506
1332,"__amd_rocclr_fillBufferAligned.kd",2,8,1504,1277591,1277591,256,256,0,0,12,4,48,64,"0x0","0x7f669ba7b580",4181345570451780,4181345570511978,4181345570516705,4181345570524128,4727
1333,"ck_fused_attn::get_runtime_max_seqlen_kernel(unsigned long, int const*, int const*, unsigned long*) [clone .kd]",2,8,1505,1277591,1277591,4096,128,0,0,4,4,32,64,"0x0","0x7f3e25f58940",4181345570458450,4181345570516705,4181345570522673,4181345570528694,5968
1334,"__amd_rocclr_copyBuffer.kd",2,8,1506,1277591,1277591,512,512,0,0,16,0,32,64,"0x7f7ea91e8600","0x7f669ba7b600",4181345570465841,4181345570522673,4181345570527921,4181345570535725,5248
1335,"__amd_rocclr_fillBufferAligned.kd",2,8,1508,1277591,1277591,256,256,0,0,12,4,48,64,"0x0","0x7f669ba7b580",4181345570557728,4181345570570344,4181345570572387,4181345570574362,2043
1336,"ck_fused_attn::get_runtime_max_seqlen_kernel(unsigned long, int const*, int const*, unsigned long*) [clone .kd]",2,8,1509,1277591,1277591,4096,128,0,0,4,4,32,64,"0x0","0x7f3e25f58940",4181345570569355,4181345570577555,4181345570583444,4181345570585058,5889
1337,"__amd_rocclr_copyBuffer.kd",2,8,1510,1277591,1277591,512,512,0,0,16,0,32,64,"0x7f7ea91e8500","0x7f669ba7b600",4181345570575875,4181345570591736,4181345570598386,4181345570600371,6650
1338,"void transformer_engine::fused_attn_rocm::compute_grad_v_kernel<__half, transformer_engine::fused_attn_rocm::SmallSeqConfig<6, 128, 256, false, (transformer_engine::fused_attn_rocm::CausalMaskType)0>, 16, 16>(__half const*, __half const*, __half*, int const*, int const*, int, int) [clone .kd]",2,8,1512,1277591,1277591,256000,64,12288,0,28,4,32,64,"0x0","0x7f3e240d0200",4181345570616064,4181345570627309,4181345570685315,4181345570694211,58006
1339,"void transformer_engine::fused_attn_rocm::compute_grad_attn_kernel<__half, transformer_engine::fused_attn_rocm::SmallSeqConfig<6, 128, 256, false, (transformer_engine::fused_attn_rocm::CausalMaskType)0>, 16>(__half const*, __half const*, __half*, int const*, int const*, int, int) [clone .kd]",2,8,1513,1277591,1277591,8000,64,0,0,104,0,64,64,"0x0","0x7f3e240d0240",4181345570624827,4181345570685315,4181345570908567,4181345570910202,223252
1340,"void transformer_engine::fused_attn_rocm::softmax_backward_kernel<__half, transformer_engine::fused_attn_rocm::SmallSeqConfig<6, 128, 256, false, (transformer_engine::fused_attn_rocm::CausalMaskType)0> >(__half const*, __half const*, __half*, float, int const*, int, int) [clone .kd]",2,8,1514,1277591,1277591,390144,256,1024,0,16,0,16,64,"0x0","0x7f3e240d0280",4181345570632909,4181345570908567,4181345570914656,4181345570918064,6089
1341,"void transformer_engine::fused_attn_rocm::compute_grad_qk_kernel<__half, transformer_engine::fused_attn_rocm::SmallSeqConfig<6, 128, 256, false, (transformer_engine::fused_attn_rocm::CausalMaskType)0>, 4, 16>(__half const*, __half const*, __half const*, __half*, __half*, float, int const*, int const*, int, int) [clone .kd]",2,8,1515,1277591,1277591,1024000,64,12288,0,36,4,64,64,"0x0","0x7f3e240d02c0",4181345570643205,4181345570914656,4181345571068525,4181345571069028,153869
1342,"input_reduce_fusion.kd",2,8,1516,1277591,1277591,524288,256,512,0,16,0,16,64,"0x0","0x7f3e25f69a80",4181345570650906,4181345571068525,4181345571077899,4181345571079934,9374
1343,"input_reduce_fusion_3.kd",2,8,1517,1277591,1277591,128,128,512,0,24,0,16,64,"0x0","0x7f3e25f69ac0",4181345570657776,4181345571077899,4181345571083387,4181345571090971,5488
1344,"loop_convert_fusion.kd",2,8,1518,1277591,1277591,1,1,0,0,4,4,16,64,"0x0","0x7f3e25f69b00",4181345570664576,4181345571083387,4181345571088996,4181345571100976,5609
1345,"input_reduce_reduce_window_fusion_3.kd",2,8,1521,1277591,1277591,9728,256,0,0,28,4,48,64,"0x0","0x7f3e25f69000",4181345570754030,4181345571101655,4181345571112110,4181345571114015,10455
1346,"loop_reduce_window_fusion_11.kd",2,8,1522,1277591,1277591,1536,256,0,0,8,0,16,64,"0x0","0x7f3e25f69040",4181345570762793,4181345571112110,4181345571119401,4181345571120054,7291
1347,"loop_slice_fusion_5.kd",2,8,1523,1277591,1277591,6,6,0,0,20,4,16,64,"0x0","0x7f3e25f69080",4181345570770063,4181345571119401,4181345571125730,4181345571125873,6329
1348,"loop_broadcast_fusion_2.kd",2,8,1524,1277591,1277591,24064,256,0,0,4,4,16,64,"0x0","0x7f3e25f690c0",4181345570777164,4181345571125730,4181345571131339,4181345571131861,5609
1349,"input_scatter_fusion_2.kd",2,8,1525,1277591,1277591,24064,256,0,0,12,4,32,64,"0x0","0x7f3e25f69100",4181345570785216,4181345571131339,4181345571139511,4181345571146994,8172
1350,"loop_reduce_window_fusion_10.kd",2,8,1526,1277591,1277591,24064,256,0,0,8,0,16,64,"0x0","0x7f3e25f69140",4181345570792467,4181345571139511,4181345571145319,4181345571152402,5808
1351,"loop_reduce_window_fusion_11.kd",2,8,1527,1277591,1277591,1536,256,0,0,8,0,16,64,"0x0","0x7f3e25f69040",4181345570799998,4181345571145319,4181345571150487,4181345571176398,5168
1352,"loop_slice_fusion_4.kd",2,8,1528,1277591,1277591,94,94,0,0,24,0,16,64,"0x0","0x7f3e25f69180",4181345570807449,4181345571150487,4181345571156496,4181345571183138,6009
1353,"input_reduce_fusion_1.kd",2,8,1529,1277591,1277591,64,64,0,0,8,0,16,64,"0x0","0x7f3e25f691c0",4181345570814600,4181345571156496,4181345571161143,4181345571189077,4647
1354,"loop_select_fusion_5.kd",2,8,1530,1277591,1277591,24064,256,0,0,8,0,32,64,"0x0","0x7f3e25f69200",4181345570821760,4181345571161143,4181345571166150,4181345571195456,5007
1355,"loop_select_fusion_2.kd",2,8,1531,1277591,1277591,24064,256,0,0,4,4,16,64,"0x0","0x7f3e25f69240",4181345570828831,4181345571166150,4181345571170998,4181345571201054,4848
1356,"loop_reduce_window_fusion_10.kd",2,8,1532,1277591,1277591,24064,256,0,0,8,0,16,64,"0x0","0x7f3e25f69140",4181345570836222,4181345571170998,4181345571175765,4181345571206863,4767
1357,"loop_reduce_window_fusion_11.kd",2,8,1533,1277591,1277591,1536,256,0,0,8,0,16,64,"0x0","0x7f3e25f69040",4181345570843473,4181345571175765,4181345571180612,4181345571215015,4847
1358,"loop_slice_fusion_5.kd",2,8,1534,1277591,1277591,6,6,0,0,20,4,16,64,"0x0","0x7f3e25f69080",4181345570850603,4181345571180612,4181345571185299,4181345571220634,4687
1359,"input_concatenate_fusion.kd",2,8,1535,1277591,1277591,24064,256,0,0,12,4,32,64,"0x0","0x7f3e25f69280",4181345570858074,4181345571185299,4181345571191027,4181345571226212,5728
1360,"input_reduce_reduce_window_fusion.kd",2,8,1536,1277591,1277591,11264,256,0,0,36,4,48,64,"0x0","0x7f3e25f692c0",4181345570864975,4181345571191027,4181345571201243,4181345571231880,10216
1361,"loop_reduce_window_fusion_2.kd",2,8,1537,1277591,1277591,1792,256,0,0,8,0,16,64,"0x0","0x7f3e25f69300",4181345570872105,4181345571201243,4181345571206290,4181345571237999,5047
1362,"loop_slice_fusion_7.kd",2,8,1538,1277591,1277591,7,7,0,0,20,4,16,64,"0x0","0x7f3e25f69340",4181345570879025,4181345571206290,4181345571210937,4181345571267593,4647
1363,"loop_broadcast_fusion.kd",2,8,1539,1277591,1277591,28160,256,0,0,4,4,16,64,"0x0","0x7f3e25f69380",4181345570885796,4181345571210937,4181345571215904,4181345571262045,4967
1364,"input_scatter_fusion.kd",2,8,1540,1277591,1277591,28160,256,0,0,12,4,32,64,"0x0","0x7f3e25f693c0",4181345570892546,4181345571215904,4181345571223315,4181345571255616,7411
1365,"loop_reduce_window_fusion_1.kd",2,8,1541,1277591,1277591,28160,256,0,0,8,0,16,64,"0x0","0x7f3e25f69400",4181345570899386,4181345571223315,4181345571228163,4181345571291168,4848
1366,"loop_reduce_window_fusion_2.kd",2,8,1542,1277591,1277591,1792,256,0,0,8,0,16,64,"0x0","0x7f3e25f69300",4181345570905815,4181345571228163,4181345571233210,4181345571276757,5047
1367,"loop_slice_fusion_7.kd",2,8,1543,1277591,1277591,7,7,0,0,20,4,16,64,"0x0","0x7f3e25f69340",4181345570913397,4181345571233210,4181345571237857,4181345571249657,4647
1368,"loop_slice_fusion_3.kd",2,8,1544,1277591,1277591,110,110,0,0,8,0,16,64,"0x0","0x7f3e25f69440",4181345570932655,4181345571237857,4181345571242504,4181345571243838,4647
1369,"input_reduce_fusion_2.kd",2,8,1545,1277591,1277591,64,64,0,0,8,0,16,64,"0x0","0x7f3e25f69480",4181345570940016,4181345571242504,4181345571247191,4181345571299521,4687
1370,"loop_select_fusion_4.kd",2,8,1546,1277591,1277591,28160,256,0,0,8,0,32,64,"0x0","0x7f3e25f694c0",4181345570948188,4181345571247191,4181345571252158,4181345571307673,4967
1371,"loop_select_fusion.kd",2,8,1547,1277591,1277591,28160,256,0,0,8,0,16,64,"0x0","0x7f3e25f69500",4181345570955639,4181345571252158,4181345571257086,4181345571313141,4928
1372,"loop_compare_fusion_1.kd",2,8,1548,1277591,1277591,4096,256,0,0,4,4,16,64,"0x0","0x7f3e25f69540",4181345570962530,4181345571257086,4181345571261813,4181345571318890,4727
1373,"input_reduce_reduce_window_fusion_2.kd",2,8,1549,1277591,1277591,256,256,512,0,20,4,32,64,"0x0","0x7f3e25f69580",4181345570969841,4181345571261813,4181345571278197,4181345571324899,16384
1374,"loop_slice_fusion_1.kd",2,8,1550,1277591,1277591,16,16,0,0,20,4,16,64,"0x0","0x7f3e25f695c0",4181345570976801,4181345571278197,4181345571282884,4181345571330637,4687
1375,"loop_broadcast_fusion_3.kd",2,8,1551,1277591,1277591,4096,256,0,0,4,4,16,64,"0x0","0x7f3e25f69600",4181345570983821,4181345571282884,4181345571287811,4181345571336536,4927
1376,"input_scatter_fusion_3.kd",2,8,1552,1277591,1277591,4096,256,0,0,8,0,32,64,"0x0","0x7f3e25f69640",4181345570990792,4181345571287811,4181345571294221,4181345571342365,6410
1377,"loop_reduce_window_fusion_13.kd",2,8,1553,1277591,1277591,4096,256,0,0,8,0,16,64,"0x0","0x7f3e25f69680",4181345570998233,4181345571294221,4181345571299068,4181345571348213,4847
1378,"loop_slice_fusion_1.kd",2,8,1554,1277591,1277591,16,16,0,0,20,4,16,64,"0x0","0x7f3e25f695c0",4181345571005273,4181345571299068,4181345571303715,4181345571353932,4647
1379,"loop_remainder_fusion.kd",2,8,1555,1277591,1277591,4096,256,0,0,12,4,16,64,"0x0","0x7f3e25f696c0",4181345571012354,4181345571303715,4181345571309644,4181345571359660,5929
1380,"loop_select_fusion_3.kd",2,8,1556,1277591,1277591,4096,256,0,0,8,0,32,64,"0x0","0x7f3e25f69700",4181345571020225,4181345571309644,4181345571314531,4181345571365339,4887
1381,"loop_reduce_window_fusion_13.kd",2,8,1557,1277591,1277591,4096,256,0,0,8,0,16,64,"0x0","0x7f3e25f69680",4181345571026705,4181345571314531,4181345571319378,4181345571371117,4847
1382,"loop_slice_fusion_1.kd",2,8,1558,1277591,1277591,16,16,0,0,20,4,16,64,"0x0","0x7f3e25f695c0",4181345571033876,4181345571319378,4181345571324065,4181345571379019,4687
1383,"input_concatenate_fusion_1.kd",2,8,1559,1277591,1277591,4096,256,0,0,8,0,32,64,"0x0","0x7f3e25f69740",4181345571041177,4181345571324065,4181345571329513,4181345571384197,5448
1384,"loop_compare_fusion.kd",2,8,1560,1277591,1277591,8192,256,0,0,4,4,16,64,"0x0","0x7f3e25f69780",4181345571048107,4181345571329513,4181345571334441,4181345571430416,4928
1385,"input_reduce_reduce_window_fusion_1.kd",2,8,1561,1277591,1277591,512,512,512,0,20,4,48,64,"0x0","0x7f3e25f697c0",4181345571055949,4181345571334441,4181345571352067,4181345571436124,17626
1386,"loop_reduce_window_fusion_6.kd",2,8,1562,1277591,1277591,32,32,0,0,32,0,16,64,"0x0","0x7f3e25f69800",4181345571063209,4181345571352067,4181345571361040,4181345571447501,8973
1387,"loop_broadcast_fusion_1.kd",2,8,1563,1277591,1277591,8192,256,0,0,4,4,16,64,"0x0","0x7f3e25f69840",4181345571070370,4181345571361040,4181345571366048,4181345571441873,5008
1388,"input_scatter_fusion_1.kd",2,8,1564,1277591,1277591,8192,256,0,0,8,0,32,64,"0x0","0x7f3e25f69880",4181345571083800,4181345571366048,4181345571371496,4181345571399269,5448
1389,"loop_reduce_window_fusion_5.kd",2,8,1565,1277591,1277591,8192,256,0,0,8,0,16,64,"0x0","0x7f3e25f698c0",4181345571105212,4181345571371496,4181345571376503,4181345571389645,5007
1390,"loop_reduce_window_fusion_4.kd",2,8,1566,1277591,1277591,512,256,0,0,8,0,16,64,"0x0","0x7f3e25f69900",4181345571113885,4181345571376503,4181345571381751,4181345571424437,5248
1391,"loop_reduce_window_fusion_3.kd",2,8,1567,1277591,1277591,32,32,0,0,8,0,16,64,"0x0","0x7f3e25f69940",4181345571147885,4181345571381751,4181345571386438,4181345571453800,4687
1392,"loop_select_fusion_6.kd",2,8,1568,1277591,1277591,8192,256,0,0,8,0,32,64,"0x0","0x7f3e25f69980",4181345571163368,4181345571386438,4181345571391446,4181345571459659,5008
1393,"loop_select_fusion_1.kd",2,8,1569,1277591,1277591,8192,256,0,0,8,0,16,64,"0x0","0x7f3e25f699c0",4181345571287934,4181345571391446,4181345571395692,4181345571417356,4246
1394,"loop_broadcast_fusion_4.kd",2,8,1570,1277591,1277591,16,16,0,0,4,4,16,64,"0x0","0x7f3e25f69a00",4181345571297999,4181345571410554,4181345571412357,4181345571412118,1803
1395,"__amd_rocclr_fillBufferAligned.kd",2,8,1571,1277591,1277591,77824,256,0,0,12,4,48,64,"0x0","0x7f669ba7b580",4181345571414031,4181345571425536,4181345571439357,4181345571469894,13821
1396,"__amd_rocclr_fillBufferAligned.kd",2,8,1572,1277591,1277591,16128,256,0,0,12,4,48,64,"0x0","0x7f669ba7b580",4181345571423125,4181345571479336,4181345571481940,4181345571481932,2604
1397,"transformer_engine::fused_attn_rocm::populate_rng_state_kernel(long*, long const*, long) [clone .kd]",2,8,1573,1277591,1277591,1,1,0,0,8,0,16,64,"0x0","0x7f3e25f8d380",4181345571481391,4181345571496682,4181345571499086,4181345571502743,2404
1398,"__amd_rocclr_fillBufferAligned.kd",2,8,1574,1277591,1277591,256,256,0,0,12,4,48,64,"0x0","0x7f669ba7b580",4181345571499128,4181345571508139,4181345571509982,4181345571511646,1843
1399,"ck_fused_attn::get_runtime_max_seqlen_kernel(unsigned long, int const*, int const*, unsigned long*) [clone .kd]",2,8,1575,1277591,1277591,4096,128,0,0,4,4,32,64,"0x0","0x7f3e25f58940",4181345571506128,4181345571516912,4181345571522560,4181345571522372,5648
1400,"__amd_rocclr_copyBuffer.kd",2,8,1576,1277591,1277591,512,512,0,0,16,0,32,64,"0x7f7ea91e8300","0x7f669ba7b600",4181345571516313,4181345571527568,4181345571533136,4181345571538446,5568
1401,"__amd_rocclr_fillBufferAligned.kd",2,8,1578,1277591,1277591,256,256,0,0,12,4,48,64,"0x0","0x7f669ba7b580",4181345571558736,4181345571567427,4181345571569190,4181345571599888,1763
1402,"ck_fused_attn::get_runtime_max_seqlen_kernel(unsigned long, int const*, int const*, unsigned long*) [clone .kd]",2,8,1579,1277591,1277591,4096,128,0,0,4,4,32,64,"0x0","0x7f3e25f58940",4181345571567339,4181345571575479,4181345571581088,4181345571611285,5609
1403,"__amd_rocclr_copyBuffer.kd",2,8,1580,1277591,1277591,512,512,0,0,16,0,32,64,"0x7f7ea91e8200","0x7f669ba7b600",4181345571574330,4181345571586255,4181345571592344,4181345571606257,6089
1404,"void transformer_engine::fused_attn_rocm::compute_scores_kernel<__half, transformer_engine::fused_attn_rocm::SmallSeqConfig<6, 128, 256, false, (transformer_engine::fused_attn_rocm::CausalMaskType)0>, 1>(__half const*, __half const*, __half*, float, int const*, int const*, int, int) [clone .kd]",2,8,1582,1277591,1277591,64000,64,0,0,92,4,48,64,"0x0","0x7f3e240cea80",4181345571622491,4181345571631923,4181345571661567,4181345571662391,29644
1405,"void transformer_engine::fused_attn_rocm::apply_mask_and_softmax_kernel<__half, transformer_engine::fused_attn_rocm::SmallSeqConfig<6, 128, 256, false, (transformer_engine::fused_attn_rocm::CausalMaskType)0> >(__half*, __half const*, float, int const*, int, int) [clone .kd]",2,8,1583,1277591,1277591,390144,256,1024,0,12,4,16,64,"0x0","0x7f3e240ceac0",4181345571631555,4181345571661567,4181345571666615,4181345571669080,5048
1406,"void transformer_engine::fused_attn_rocm::compute_output_kernel<__half, transformer_engine::fused_attn_rocm::SmallSeqConfig<6, 128, 256, false, (transformer_engine::fused_attn_rocm::CausalMaskType)0>, 2, 8>(__half const*, __half const*, __half*, int const*, int const*, int, int) [clone .kd]",2,8,1584,1277591,1277591,512000,64,12288,0,20,4,32,64,"0x0","0x7f3e240ceb00",4181345571638395,4181345571666615,4181345571708797,4181345571708800,42182
1407,"loop_broadcast_fusion_5.kd",2,8,1585,1277591,1277591,2048000,256,0,0,4,4,16,64,"0x0","0x7f3e25f69a40",4181345571654128,4181345571708797,4181345571716890,4181345571719045,8093
1408,"__amd_rocclr_fillBufferAligned.kd",2,8,1586,1277591,1277591,77824,256,0,0,12,4,48,64,"0x0","0x7f669ba7b580",4181345571666587,4181345571716890,4181345571723820,4181345571725314,6930
1409,"__amd_rocclr_fillBufferAligned.kd",2,8,1587,1277591,1277591,77824,256,0,0,12,4,48,64,"0x0","0x7f669ba7b580",4181345571673487,4181345571723820,4181345571741486,4181345571749590,17666
1410,"__amd_rocclr_fillBufferAligned.kd",2,8,1588,1277591,1277591,77824,256,0,0,12,4,48,64,"0x0","0x7f669ba7b580",4181345571684754,4181345571741486,4181345571759513,4181345571770271,18027
1411,"__amd_rocclr_fillBufferAligned.kd",2,8,1589,1277591,1277591,256,256,0,0,12,4,48,64,"0x0","0x7f669ba7b580",4181345571692325,4181345571759513,4181345571764360,4181345571765213,4847
1412,"ck_fused_attn::get_runtime_max_seqlen_kernel(unsigned long, int const*, int const*, unsigned long*) [clone .kd]",2,8,1590,1277591,1277591,4096,128,0,0,4,4,32,64,"0x0","0x7f3e25f58940",4181345571700157,4181345571764360,4181345571770289,4181345571782419,5929
1413,"__amd_rocclr_copyBuffer.kd",2,8,1591,1277591,1277591,512,512,0,0,16,0,32,64,"0x7f7ea9073600","0x7f669ba7b600",4181345571709491,4181345571770289,4181345571775737,4181345571776811,5448
1414,"__amd_rocclr_fillBufferAligned.kd",2,8,1593,1277591,1277591,256,256,0,0,12,4,48,64,"0x0","0x7f669ba7b580",4181345571795679,4181345571810669,4181345571812792,4181345571815839,2123
1415,"ck_fused_attn::get_runtime_max_seqlen_kernel(unsigned long, int const*, int const*, unsigned long*) [clone .kd]",2,8,1594,1277591,1277591,4096,128,0,0,4,4,32,64,"0x0","0x7f3e25f58940",4181345571808237,4181345571816998,4181345571822847,4181345571825133,5849
1416,"__amd_rocclr_copyBuffer.kd",2,8,1595,1277591,1277591,512,512,0,0,16,0,32,64,"0x7f7ea91ea000","0x7f669ba7b600",4181345571815498,4181345571830899,4181345571837829,4181345571842518,6930
1417,"void transformer_engine::fused_attn_rocm::compute_grad_v_kernel<__half, transformer_engine::fused_attn_rocm::SmallSeqConfig<6, 128, 256, false, (transformer_engine::fused_attn_rocm::CausalMaskType)0>, 16, 16>(__half const*, __half const*, __half*, int const*, int const*, int, int) [clone .kd]",2,8,1597,1277591,1277591,256000,64,12288,0,28,4,32,64,"0x0","0x7f3e240d0200",4181345571857821,4181345571868916,4181345571927363,4181345571929628,58447
1418,"void transformer_engine::fused_attn_rocm::compute_grad_attn_kernel<__half, transformer_engine::fused_attn_rocm::SmallSeqConfig<6, 128, 256, false, (transformer_engine::fused_attn_rocm::CausalMaskType)0>, 16>(__half const*, __half const*, __half*, int const*, int const*, int, int) [clone .kd]",2,8,1598,1277591,1277591,8000,64,0,0,104,0,64,64,"0x0","0x7f3e240d0240",4181345571868427,4181345571927363,4181345572151776,4181345572157417,224413
1419,"void transformer_engine::fused_attn_rocm::softmax_backward_kernel<__half, transformer_engine::fused_attn_rocm::SmallSeqConfig<6, 128, 256, false, (transformer_engine::fused_attn_rocm::CausalMaskType)0> >(__half const*, __half const*, __half*, float, int const*, int, int) [clone .kd]",2,8,1599,1277591,1277591,390144,256,1024,0,16,0,16,64,"0x0","0x7f3e240d0280",4181345571877951,4181345572151776,4181345572157545,4181345572165799,5769
1420,"void transformer_engine::fused_attn_rocm::compute_grad_qk_kernel<__half, transformer_engine::fused_attn_rocm::SmallSeqConfig<6, 128, 256, false, (transformer_engine::fused_attn_rocm::CausalMaskType)0>, 4, 16>(__half const*, __half const*, __half const*, __half*, __half*, float, int const*, int const*, int, int) [clone .kd]",2,8,1600,1277591,1277591,1024000,64,12288,0,36,4,64,64,"0x0","0x7f3e240d02c0",4181345571885863,4181345572157545,4181345572312696,4181345572327099,155151
1421,"input_reduce_fusion.kd",2,8,1601,1277591,1277591,524288,256,512,0,16,0,16,64,"0x0","0x7f3e25f69a80",4181345571895557,4181345572312696,4181345572322350,4181345572335472,9654
1422,"input_reduce_fusion_3.kd",2,8,1602,1277591,1277591,128,128,512,0,24,0,16,64,"0x0","0x7f3e25f69ac0",4181345571903038,4181345572322350,4181345572327958,4181345572341140,5608
1423,"loop_convert_fusion.kd",2,8,1603,1277591,1277591,1,1,0,0,4,4,16,64,"0x0","0x7f3e25f69b00",4181345571911090,4181345572327958,4181345572332365,4181345572351475,4407
1424,"input_reduce_reduce_window_fusion_3.kd",2,8,1606,1277591,1277591,9728,256,0,0,28,4,48,64,"0x0","0x7f3e25f69000",4181345572024629,4181345572344142,4181345572354318,4181345572364895,10176
1425,"loop_reduce_window_fusion_11.kd",2,8,1607,1277591,1277591,1536,256,0,0,8,0,16,64,"0x0","0x7f3e25f69040",4181345572034204,4181345572354318,4181345572362690,4181345572373488,8372
1426,"loop_slice_fusion_5.kd",2,8,1608,1277591,1277591,6,6,0,0,20,4,16,64,"0x0","0x7f3e25f69080",4181345572041414,4181345572362690,4181345572368018,4181345572379517,5328
1427,"loop_broadcast_fusion_2.kd",2,8,1609,1277591,1277591,24064,256,0,0,4,4,16,64,"0x0","0x7f3e25f690c0",4181345572048565,4181345572368018,4181345572374427,4181345572385847,6409
1428,"input_scatter_fusion_2.kd",2,8,1610,1277591,1277591,24064,256,0,0,12,4,32,64,"0x0","0x7f3e25f69100",4181345572055505,4181345572374427,4181345572380476,4181345572391555,6049
1429,"loop_reduce_window_fusion_10.kd",2,8,1611,1277591,1277591,24064,256,0,0,8,0,16,64,"0x0","0x7f3e25f69140",4181345572061895,4181345572380476,4181345572385324,4181345572397113,4848
1430,"loop_reduce_window_fusion_11.kd",2,8,1612,1277591,1277591,1536,256,0,0,8,0,16,64,"0x0","0x7f3e25f69040",4181345572069115,4181345572385324,4181345572390411,4181345572403523,5087
1431,"loop_slice_fusion_4.kd",2,8,1613,1277591,1277591,94,94,0,0,24,0,16,64,"0x0","0x7f3e25f69180",4181345572075755,4181345572390411,4181345572395779,4181345572410032,5368
1432,"input_reduce_fusion_1.kd",2,8,1614,1277591,1277591,64,64,0,0,8,0,16,64,"0x0","0x7f3e25f691c0",4181345572082245,4181345572395779,4181345572400346,4181345572416752,4567
1433,"loop_select_fusion_5.kd",2,8,1615,1277591,1277591,24064,256,0,0,8,0,32,64,"0x0","0x7f3e25f69200",4181345572089826,4181345572400346,4181345572405313,4181345572422251,4967
1434,"loop_select_fusion_2.kd",2,8,1616,1277591,1277591,24064,256,0,0,4,4,16,64,"0x0","0x7f3e25f69240",4181345572096787,4181345572405313,4181345572410201,4181345572428310,4888
1435,"loop_reduce_window_fusion_10.kd",2,8,1617,1277591,1277591,24064,256,0,0,8,0,16,64,"0x0","0x7f3e25f69140",4181345572103487,4181345572410201,4181345572414968,4181345572434719,4767
1436,"loop_reduce_window_fusion_11.kd",2,8,1618,1277591,1277591,1536,256,0,0,8,0,16,64,"0x0","0x7f3e25f69040",4181345572109906,4181345572414968,4181345572419815,4181345572440568,4847
1437,"loop_slice_fusion_5.kd",2,8,1619,1277591,1277591,6,6,0,0,20,4,16,64,"0x0","0x7f3e25f69080",4181345572116776,4181345572419815,4181345572424462,4181345572446196,4647
1438,"input_concatenate_fusion.kd",2,8,1620,1277591,1277591,24064,256,0,0,12,4,32,64,"0x0","0x7f3e25f69280",4181345572123657,4181345572424462,4181345572430110,4181345572453747,5648
1439,"input_reduce_reduce_window_fusion.kd",2,8,1621,1277591,1277591,11264,256,0,0,36,4,48,64,"0x0","0x7f3e25f692c0",4181345572130567,4181345572430110,4181345572440686,4181345572500667,10576
1440,"loop_reduce_window_fusion_2.kd",2,8,1622,1277591,1277591,1792,256,0,0,8,0,16,64,"0x0","0x7f3e25f69300",4181345572137607,4181345572440686,4181345572445774,4181345572480277,5088
1441,"loop_slice_fusion_7.kd",2,8,1623,1277591,1277591,7,7,0,0,20,4,16,64,"0x0","0x7f3e25f69340",4181345572144778,4181345572445774,4181345572450460,4181345572459356,4686
1442,"loop_broadcast_fusion.kd",2,8,1624,1277591,1277591,28160,256,0,0,4,4,16,64,"0x0","0x7f3e25f69380",4181345572151919,4181345572450460,4181345572455428,4181345572465645,4968
1443,"input_scatter_fusion.kd",2,8,1625,1277591,1277591,28160,256,0,0,12,4,32,64,"0x0","0x7f3e25f693c0",4181345572159850,4181345572455428,4181345572462799,4181345572471534,7371
1444,"loop_reduce_window_fusion_1.kd",2,8,1626,1277591,1277591,28160,256,0,0,8,0,16,64,"0x0","0x7f3e25f69400",4181345572180912,4181345572462799,4181345572467686,4181345572508879,4887
1445,"loop_reduce_window_fusion_2.kd",2,8,1627,1277591,1277591,1792,256,0,0,8,0,16,64,"0x0","0x7f3e25f69300",4181345572188763,4181345572467686,4181345572472734,4181345572523491,5048
1446,"loop_slice_fusion_7.kd",2,8,1628,1277591,1277591,7,7,0,0,20,4,16,64,"0x0","0x7f3e25f69340",4181345572196665,4181345572472734,4181345572477421,4181345572529140,4687
1447,"loop_slice_fusion_3.kd",2,8,1629,1277591,1277591,110,110,0,0,8,0,16,64,"0x0","0x7f3e25f69440",4181345572203615,4181345572477421,4181345572482067,4181345572535058,4646
1448,"input_reduce_fusion_2.kd",2,8,1630,1277591,1277591,64,64,0,0,8,0,16,64,"0x0","0x7f3e25f69480",4181345572214922,4181345572482067,4181345572486714,4181345572541498,4647
1449,"loop_select_fusion_4.kd",2,8,1631,1277591,1277591,28160,256,0,0,8,0,32,64,"0x0","0x7f3e25f694c0",4181345572223735,4181345572486714,4181345572491682,4181345572547146,4968
1450,"loop_select_fusion.kd",2,8,1632,1277591,1277591,28160,256,0,0,8,0,16,64,"0x0","0x7f3e25f69500",4181345572230165,4181345572491682,4181345572496569,4181345572555238,4887
1451,"loop_compare_fusion_1.kd",2,8,1633,1277591,1277591,4096,256,0,0,4,4,16,64,"0x0","0x7f3e25f69540",4181345572237616,4181345572496569,4181345572501376,4181345572561388,4807
1452,"input_reduce_reduce_window_fusion_2.kd",2,8,1634,1277591,1277591,256,256,512,0,20,4,32,64,"0x0","0x7f3e25f69580",4181345572245097,4181345572501376,4181345572517200,4181345572567236,15824
1453,"loop_slice_fusion_1.kd",2,8,1635,1277591,1277591,16,16,0,0,20,4,16,64,"0x0","0x7f3e25f695c0",4181345572251066,4181345572517200,4181345572521887,4181345572573205,4687
1454,"loop_broadcast_fusion_3.kd",2,8,1636,1277591,1277591,4096,256,0,0,4,4,16,64,"0x0","0x7f3e25f69600",4181345572258237,4181345572521887,4181345572526734,4181345572578984,4847
1455,"input_scatter_fusion_3.kd",2,8,1637,1277591,1277591,4096,256,0,0,8,0,32,64,"0x0","0x7f3e25f69640",4181345572265227,4181345572526734,4181345572532863,4181345572584682,6129
1456,"loop_reduce_window_fusion_13.kd",2,8,1638,1277591,1277591,4096,256,0,0,8,0,16,64,"0x0","0x7f3e25f69680",4181345572275022,4181345572532863,4181345572537790,4181345572590621,4927
1457,"loop_slice_fusion_1.kd",2,8,1639,1277591,1277591,16,16,0,0,20,4,16,64,"0x0","0x7f3e25f695c0",4181345572282683,4181345572537790,4181345572542517,4181345572596470,4727
1458,"loop_remainder_fusion.kd",2,8,1640,1277591,1277591,4096,256,0,0,12,4,16,64,"0x0","0x7f3e25f696c0",4181345572289373,4181345572542517,4181345572548486,4181345572654716,5969
1459,"loop_select_fusion_3.kd",2,8,1641,1277591,1277591,4096,256,0,0,8,0,32,64,"0x0","0x7f3e25f69700",4181345572296323,4181345572548486,4181345572553374,4181345572660335,4888
1460,"loop_reduce_window_fusion_13.kd",2,8,1642,1277591,1277591,4096,256,0,0,8,0,16,64,"0x0","0x7f3e25f69680",4181345572303624,4181345572553374,4181345572558261,4181345572666083,4887
1461,"loop_slice_fusion_1.kd",2,8,1643,1277591,1277591,16,16,0,0,20,4,16,64,"0x0","0x7f3e25f695c0",4181345572310645,4181345572558261,4181345572563028,4181345572602449,4767
1462,"input_concatenate_fusion_1.kd",2,8,1644,1277591,1277591,4096,256,0,0,8,0,32,64,"0x0","0x7f3e25f69740",4181345572317755,4181345572563028,4181345572568556,4181345572608037,5528
1463,"loop_compare_fusion.kd",2,8,1645,1277591,1277591,8192,256,0,0,4,4,16,64,"0x0","0x7f3e25f69780",4181345572324465,4181345572568556,4181345572573564,4181345572643540,5008
1464,"input_reduce_reduce_window_fusion_1.kd",2,8,1646,1277591,1277591,512,512,512,0,20,4,48,64,"0x0","0x7f3e25f697c0",4181345572331416,4181345572573564,4181345572589988,4181345572649048,16424
1465,"loop_reduce_window_fusion_6.kd",2,8,1647,1277591,1277591,32,32,0,0,32,0,16,64,"0x0","0x7f3e25f69800",4181345572341350,4181345572589988,4181345572598841,4181345572617110,8853
1466,"loop_broadcast_fusion_1.kd",2,8,1648,1277591,1277591,8192,256,0,0,4,4,16,64,"0x0","0x7f3e25f69840",4181345572355361,4181345572598841,4181345572603849,4181345572671041,5008
1467,"input_scatter_fusion_1.kd",2,8,1649,1277591,1277591,8192,256,0,0,8,0,32,64,"0x0","0x7f3e25f69880",4181345572364665,4181345572603849,4181345572609297,4181345572629439,5448
1468,"loop_reduce_window_fusion_5.kd",2,8,1650,1277591,1277591,8192,256,0,0,8,0,16,64,"0x0","0x7f3e25f698c0",4181345572493156,4181345572609297,4181345572613743,4181345572635498,4446
1469,"loop_reduce_window_fusion_4.kd",2,8,1651,1277591,1277591,512,256,0,0,8,0,16,64,"0x0","0x7f3e25f69900",4181345572518113,4181345572627964,4181345572633413,4181345572679864,5449
1470,"loop_reduce_window_fusion_3.kd",2,8,1652,1277591,1277591,32,32,0,0,8,0,16,64,"0x0","0x7f3e25f69940",4181345572626044,4181345572690778,4181345572695345,4181345572718792,4567
1471,"loop_select_fusion_6.kd",2,8,1653,1277591,1277591,8192,256,0,0,8,0,32,64,"0x0","0x7f3e25f69980",4181345572717680,4181345572733321,4181345572736566,4181345572738751,3245
1472,"loop_select_fusion_1.kd",2,8,1654,1277591,1277591,8192,256,0,0,8,0,16,64,"0x0","0x7f3e25f699c0",4181345572732582,4181345572741974,4181345572744778,4181345572748276,2804
1473,"loop_broadcast_fusion_4.kd",2,8,1655,1277591,1277591,16,16,0,0,4,4,16,64,"0x0","0x7f3e25f69a00",4181345572739963,4181345572753391,4181345572755234,4181345572755917,1843
1474,"__amd_rocclr_fillBufferAligned.kd",2,8,1656,1277591,1277591,77824,256,0,0,12,4,48,64,"0x0","0x7f669ba7b580",4181345572758210,4181345572767772,4181345572781353,4181345572786733,13581
1475,"__amd_rocclr_fillBufferAligned.kd",2,8,1657,1277591,1277591,16128,256,0,0,12,4,48,64,"0x0","0x7f669ba7b580",4181345572766282,4181345572781353,4181345572786560,4181345572795466,5207
1476,"transformer_engine::fused_attn_rocm::populate_rng_state_kernel(long*, long const*, long) [clone .kd]",2,8,1658,1277591,1277591,1,1,0,0,8,0,16,64,"0x0","0x7f3e25f8d380",4181345572776998,4181345572786560,4181345572790686,4181345572808405,4126
1477,"__amd_rocclr_fillBufferAligned.kd",2,8,1659,1277591,1277591,256,256,0,0,12,4,48,64,"0x0","0x7f669ba7b580",4181345572787183,4181345572804427,4181345572806270,4181345572814264,1843
1478,"ck_fused_attn::get_runtime_max_seqlen_kernel(unsigned long, int const*, int const*, unsigned long*) [clone .kd]",2,8,1660,1277591,1277591,4096,128,0,0,4,4,32,64,"0x0","0x7f3e25f58940",4181345572803197,4181345572812599,4181345572818127,4181345572827153,5528
1479,"__amd_rocclr_copyBuffer.kd",2,8,1661,1277591,1277591,512,512,0,0,16,0,32,64,"0x7f7ea91e9e00","0x7f669ba7b600",4181345572812311,4181345572824176,4181345572830506,4181345572832461,6330
1480,"__amd_rocclr_fillBufferAligned.kd",2,8,1663,1277591,1277591,256,256,0,0,12,4,48,64,"0x0","0x7f669ba7b580",4181345572854133,4181345572863034,4181345572864957,4181345572898940,1923
1481,"ck_fused_attn::get_runtime_max_seqlen_kernel(unsigned long, int const*, int const*, unsigned long*) [clone .kd]",2,8,1664,1277591,1277591,4096,128,0,0,4,4,32,64,"0x0","0x7f3e25f58940",4181345572863016,4181345572871166,4181345572877015,4181345572909455,5849
1482,"__amd_rocclr_copyBuffer.kd",2,8,1665,1277591,1277591,512,512,0,0,16,0,32,64,"0x7f7ea9072980","0x7f669ba7b600",4181345572872510,4181345572881982,4181345572887951,4181345572904658,5969
1483,"void transformer_engine::fused_attn_rocm::compute_scores_kernel<__half, transformer_engine::fused_attn_rocm::SmallSeqConfig<6, 128, 256, false, (transformer_engine::fused_attn_rocm::CausalMaskType)0>, 1>(__half const*, __half const*, __half*, float, int const*, int const*, int, int) [clone .kd]",2,8,1667,1277591,1277591,64000,64,0,0,92,4,48,64,"0x0","0x7f3e240cea80",4181345572920231,4181345572930534,4181345572959177,4181345572960411,28643
1484,"void transformer_engine::fused_attn_rocm::apply_mask_and_softmax_kernel<__half, transformer_engine::fused_attn_rocm::SmallSeqConfig<6, 128, 256, false, (transformer_engine::fused_attn_rocm::CausalMaskType)0> >(__half*, __half const*, float, int const*, int, int) [clone .kd]",2,8,1668,1277591,1277591,390144,256,1024,0,12,4,16,64,"0x0","0x7f3e240ceac0",4181345572928123,4181345572959177,4181345572964305,4181345572971588,5128
1485,"void transformer_engine::fused_attn_rocm::compute_output_kernel<__half, transformer_engine::fused_attn_rocm::SmallSeqConfig<6, 128, 256, false, (transformer_engine::fused_attn_rocm::CausalMaskType)0>, 2, 8>(__half const*, __half const*, __half*, int const*, int const*, int, int) [clone .kd]",2,8,1669,1277591,1277591,512000,64,12288,0,20,4,32,64,"0x0","0x7f3e240ceb00",4181345572943716,4181345572964305,4181345573008410,4181345573010045,44105
1486,"loop_broadcast_fusion_5.kd",2,8,1670,1277591,1277591,2048000,256,0,0,4,4,16,64,"0x0","0x7f3e25f69a40",4181345572951658,4181345573008410,4181345573016542,4181345573019609,8132
1487,"__amd_rocclr_fillBufferAligned.kd",2,8,1671,1277591,1277591,77824,256,0,0,12,4,48,64,"0x0","0x7f669ba7b580",4181345572964617,4181345573016542,4181345573023353,4181345573024817,6811
1488,"__amd_rocclr_fillBufferAligned.kd",2,8,1672,1277591,1277591,77824,256,0,0,12,4,48,64,"0x0","0x7f669ba7b580",4181345572971397,4181345573023353,4181345573041019,4181345573040741,17666
1489,"__amd_rocclr_fillBufferAligned.kd",2,8,1673,1277591,1277591,77824,256,0,0,12,4,48,64,"0x0","0x7f669ba7b580",4181345572991367,4181345573041019,4181345573058805,4181345573065157,17786
1490,"__amd_rocclr_fillBufferAligned.kd",2,8,1674,1277591,1277591,256,256,0,0,12,4,48,64,"0x0","0x7f669ba7b580",4181345572999699,4181345573058805,4181345573063693,4181345573071096,4888
1491,"ck_fused_attn::get_runtime_max_seqlen_kernel(unsigned long, int const*, int const*, unsigned long*) [clone .kd]",2,8,1675,1277591,1277591,4096,128,0,0,4,4,32,64,"0x0","0x7f3e25f58940",4181345573006029,4181345573063693,4181345573069581,4181345573082413,5888
1492,"__amd_rocclr_copyBuffer.kd",2,8,1676,1277591,1277591,512,512,0,0,16,0,32,64,"0x7f7ea91e9c00","0x7f669ba7b600",4181345573013500,4181345573069581,4181345573075190,4181345573077716,5609
1493,"__amd_rocclr_fillBufferAligned.kd",2,8,1678,1277591,1277591,256,256,0,0,12,4,48,64,"0x0","0x7f669ba7b580",4181345573096764,4181345573109200,4181345573111243,4181345573112207,2043
1494,"ck_fused_attn::get_runtime_max_seqlen_kernel(unsigned long, int const*, int const*, unsigned long*) [clone .kd]",2,8,1679,1277591,1277591,4096,128,0,0,4,4,32,64,"0x0","0x7f3e25f58940",4181345573106729,4181345573115089,4181345573120617,4181345573121681,5528
1495,"__amd_rocclr_copyBuffer.kd",2,8,1680,1277591,1277591,512,512,0,0,16,0,32,64,"0x7f7ea91e9b00","0x7f669ba7b600",4181345573112688,4181345573127507,4181345573133837,4181345573136863,6330
1496,"void transformer_engine::fused_attn_rocm::compute_grad_v_kernel<__half, transformer_engine::fused_attn_rocm::SmallSeqConfig<6, 128, 256, false, (transformer_engine::fused_attn_rocm::CausalMaskType)0>, 16, 16>(__half const*, __half const*, __half*, int const*, int const*, int, int) [clone .kd]",2,8,1682,1277591,1277591,256000,64,12288,0,28,4,32,64,"0x0","0x7f3e240d0200",4181345573154089,4181345573164803,4181345573224291,4181345573227088,59488
1497,"void transformer_engine::fused_attn_rocm::compute_grad_attn_kernel<__half, transformer_engine::fused_attn_rocm::SmallSeqConfig<6, 128, 256, false, (transformer_engine::fused_attn_rocm::CausalMaskType)0>, 16>(__half const*, __half const*, __half*, int const*, int const*, int, int) [clone .kd]",2,8,1683,1277591,1277591,8000,64,0,0,104,0,64,64,"0x0","0x7f3e240d0240",4181345573162722,4181345573224291,4181345573446342,4181345573454686,222051
1498,"void transformer_engine::fused_attn_rocm::softmax_backward_kernel<__half, transformer_engine::fused_attn_rocm::SmallSeqConfig<6, 128, 256, false, (transformer_engine::fused_attn_rocm::CausalMaskType)0> >(__half const*, __half const*, __half*, float, int const*, int, int) [clone .kd]",2,8,1684,1277591,1277591,390144,256,1024,0,16,0,16,64,"0x0","0x7f3e240d0280",4181345573171785,4181345573446342,4181345573452471,4181345573463019,6129
1499,"void transformer_engine::fused_attn_rocm::compute_grad_qk_kernel<__half, transformer_engine::fused_attn_rocm::SmallSeqConfig<6, 128, 256, false, (transformer_engine::fused_attn_rocm::CausalMaskType)0>, 4, 16>(__half const*, __half const*, __half const*, __half*, __half*, float, int const*, int const*, int, int) [clone .kd]",2,8,1685,1277591,1277591,1024000,64,12288,0,36,4,64,64,"0x0","0x7f3e240d02c0",4181345573178485,4181345573452471,4181345573612228,4181345573617528,159757
1500,"input_reduce_fusion.kd",2,8,1686,1277591,1277591,524288,256,512,0,16,0,16,64,"0x0","0x7f3e25f69a80",4181345573187669,4181345573612228,4181345573622083,4181345573625330,9855
1501,"input_reduce_fusion_3.kd",2,8,1687,1277591,1277591,128,128,512,0,24,0,16,64,"0x0","0x7f3e25f69ac0",4181345573195611,4181345573622083,4181345573628492,4181345573637999,6409
1502,"loop_convert_fusion.kd",2,8,1688,1277591,1277591,1,1,0,0,4,4,16,64,"0x0","0x7f3e25f69b00",4181345573202721,4181345573628492,4181345573634421,4181345573650357,5929
1503,"input_reduce_reduce_window_fusion_3.kd",2,8,1691,1277591,1277591,9728,256,0,0,28,4,48,64,"0x0","0x7f3e25f69000",4181345573292976,4181345573645237,4181345573656134,4181345573659581,10897
1504,"loop_reduce_window_fusion_11.kd",2,8,1692,1277591,1277591,1536,256,0,0,8,0,16,64,"0x0","0x7f3e25f69040",4181345573301829,4181345573656134,4181345573663464,4181345573665830,7330
1505,"loop_slice_fusion_5.kd",2,8,1693,1277591,1277591,6,6,0,0,20,4,16,64,"0x0","0x7f3e25f69080",4181345573309160,4181345573663464,4181345573668552,4181345573672801,5088
1506,"loop_broadcast_fusion_2.kd",2,8,1694,1277591,1277591,24064,256,0,0,4,4,16,64,"0x0","0x7f3e25f690c0",4181345573316220,4181345573668552,4181345573674281,4181345573680963,5729
1507,"input_scatter_fusion_2.kd",2,8,1695,1277591,1277591,24064,256,0,0,12,4,32,64,"0x0","0x7f3e25f69100",4181345573324543,4181345573674281,4181345573682493,4181345573686661,8212
1508,"loop_reduce_window_fusion_10.kd",2,8,1696,1277591,1277591,24064,256,0,0,8,0,16,64,"0x0","0x7f3e25f69140",4181345573331723,4181345573682493,4181345573688101,4181345573692680,5608
1509,"loop_reduce_window_fusion_11.kd",2,8,1697,1277591,1277591,1536,256,0,0,8,0,16,64,"0x0","0x7f3e25f69040",4181345573339825,4181345573688101,4181345573693990,4181345573698769,5889
1510,"loop_slice_fusion_4.kd",2,8,1698,1277591,1277591,94,94,0,0,24,0,16,64,"0x0","0x7f3e25f69180",4181345573346125,4181345573693990,4181345573700720,4181345573704918,6730
1511,"input_reduce_fusion_1.kd",2,8,1699,1277591,1277591,64,64,0,0,8,0,16,64,"0x0","0x7f3e25f691c0",4181345573353065,4181345573700720,4181345573706328,4181345573710867,5608
1512,"loop_select_fusion_5.kd",2,8,1700,1277591,1277591,24064,256,0,0,8,0,32,64,"0x0","0x7f3e25f69200",4181345573360166,4181345573706328,4181345573712097,4181345573716946,5769
1513,"loop_select_fusion_2.kd",2,8,1701,1277591,1277591,24064,256,0,0,4,4,16,64,"0x0","0x7f3e25f69240",4181345573367096,4181345573712097,4181345573717865,4181345573722695,5768
1514,"loop_reduce_window_fusion_10.kd",2,8,1702,1277591,1277591,24064,256,0,0,8,0,16,64,"0x0","0x7f3e25f69140",4181345573373746,4181345573717865,4181345573723193,4181345573728574,5328
1515,"loop_reduce_window_fusion_11.kd",2,8,1703,1277591,1277591,1536,256,0,0,8,0,16,64,"0x0","0x7f3e25f69040",4181345573380666,4181345573723193,4181345573728842,4181345573734933,5649
1516,"loop_slice_fusion_5.kd",2,8,1704,1277591,1277591,6,6,0,0,20,4,16,64,"0x0","0x7f3e25f69080",4181345573387516,4181345573728842,4181345573734410,4181345573740842,5568
1517,"input_concatenate_fusion.kd",2,8,1705,1277591,1277591,24064,256,0,0,12,4,32,64,"0x0","0x7f3e25f69280",4181345573393966,4181345573734410,4181345573740299,4181345573746901,5889
1518,"input_reduce_reduce_window_fusion.kd",2,8,1706,1277591,1277591,11264,256,0,0,36,4,48,64,"0x0","0x7f3e25f692c0",4181345573400996,4181345573740299,4181345573751475,4181345573754502,11176
1519,"loop_reduce_window_fusion_2.kd",2,8,1707,1277591,1277591,1792,256,0,0,8,0,16,64,"0x0","0x7f3e25f69300",4181345573407696,4181345573751475,4181345573758245,4181345573760341,6770
1520,"loop_slice_fusion_7.kd",2,8,1708,1277591,1277591,7,7,0,0,20,4,16,64,"0x0","0x7f3e25f69340",4181345573414917,4181345573758245,4181345573763854,4181345573765488,5609
1521,"loop_broadcast_fusion.kd",2,8,1709,1277591,1277591,28160,256,0,0,4,4,16,64,"0x0","0x7f3e25f69380",4181345573421577,4181345573763854,4181345573769502,4181345573771267,5648
1522,"input_scatter_fusion.kd",2,8,1710,1277591,1277591,28160,256,0,0,12,4,32,64,"0x0","0x7f3e25f693c0",4181345573428347,4181345573769502,4181345573776753,4181345573780100,7251
1523,"loop_reduce_window_fusion_1.kd",2,8,1711,1277591,1277591,28160,256,0,0,8,0,16,64,"0x0","0x7f3e25f69400",4181345573436018,4181345573776753,4181345573782361,4181345573835943,5608
1524,"loop_reduce_window_fusion_2.kd",2,8,1712,1277591,1277591,1792,256,0,0,8,0,16,64,"0x0","0x7f3e25f69300",4181345573443119,4181345573782361,4181345573787970,4181345573813810,5609
1525,"loop_slice_fusion_7.kd",2,8,1713,1277591,1277591,7,7,0,0,20,4,16,64,"0x0","0x7f3e25f69340",4181345573449619,4181345573787970,4181345573793858,4181345573820861,5888
1526,"loop_slice_fusion_3.kd",2,8,1714,1277591,1277591,110,110,0,0,8,0,16,64,"0x0","0x7f3e25f69440",4181345573456529,4181345573793858,4181345573799427,4181345573826730,5569
1527,"input_reduce_fusion_2.kd",2,8,1715,1277591,1277591,64,64,0,0,8,0,16,64,"0x0","0x7f3e25f69480",4181345573477590,4181345573799427,4181345573805235,4181345573806970,5808
1528,"loop_select_fusion_4.kd",2,8,1716,1277591,1277591,28160,256,0,0,8,0,32,64,"0x0","0x7f3e25f694c0",4181345573486023,4181345573805235,4181345573810884,4181345573849934,5649
1529,"loop_select_fusion.kd",2,8,1717,1277591,1277591,28160,256,0,0,8,0,16,64,"0x0","0x7f3e25f69500",4181345573494195,4181345573810884,4181345573816652,4181345573855402,5768
1530,"loop_compare_fusion_1.kd",2,8,1718,1277591,1277591,4096,256,0,0,4,4,16,64,"0x0","0x7f3e25f69540",4181345573501836,4181345573816652,4181345573821379,4181345573863775,4727
1531,"input_reduce_reduce_window_fusion_2.kd",2,8,1719,1277591,1277591,256,256,512,0,20,4,32,64,"0x0","0x7f3e25f69580",4181345573509077,4181345573821379,4181345573837163,4181345573868972,15784
1532,"loop_slice_fusion_1.kd",2,8,1720,1277591,1277591,16,16,0,0,20,4,16,64,"0x0","0x7f3e25f695c0",4181345573516859,4181345573837163,4181345573841850,4181345573844266,4687
1533,"loop_broadcast_fusion_3.kd",2,8,1721,1277591,1277591,4096,256,0,0,4,4,16,64,"0x0","0x7f3e25f69600",4181345573523849,4181345573841850,4181345573846697,4181345573900589,4847
1534,"input_scatter_fusion_3.kd",2,8,1722,1277591,1277591,4096,256,0,0,8,0,32,64,"0x0","0x7f3e25f69640",4181345573531020,4181345573846697,4181345573852746,4181345573906498,6049
1535,"loop_reduce_window_fusion_13.kd",2,8,1723,1277591,1277591,4096,256,0,0,8,0,16,64,"0x0","0x7f3e25f69680",4181345573538661,4181345573852746,4181345573857553,4181345573912237,4807
1536,"loop_slice_fusion_1.kd",2,8,1724,1277591,1277591,16,16,0,0,20,4,16,64,"0x0","0x7f3e25f695c0",4181345573544890,4181345573857553,4181345573862160,4181345573917585,4607
1537,"loop_remainder_fusion.kd",2,8,1725,1277591,1277591,4096,256,0,0,12,4,16,64,"0x0","0x7f3e25f696c0",4181345573552131,4181345573862160,4181345573868009,4181345573894951,5849
1538,"loop_select_fusion_3.kd",2,8,1726,1277591,1277591,4096,256,0,0,8,0,32,64,"0x0","0x7f3e25f69700",4181345573559632,4181345573868009,4181345573872776,4181345573888862,4767
1539,"loop_reduce_window_fusion_13.kd",2,8,1727,1277591,1277591,4096,256,0,0,8,0,16,64,"0x0","0x7f3e25f69680",4181345573566753,4181345573872776,4181345573877583,4181345573877605,4807
1540,"loop_slice_fusion_1.kd",2,8,1728,1277591,1277591,16,16,0,0,20,4,16,64,"0x0","0x7f3e25f695c0",4181345573574554,4181345573877583,4181345573882310,4181345573955321,4727
1541,"input_concatenate_fusion_1.kd",2,8,1729,1277591,1277591,4096,256,0,0,8,0,32,64,"0x0","0x7f3e25f69740",4181345573581545,4181345573882310,4181345573888159,4181345573941701,5849
1542,"loop_compare_fusion.kd",2,8,1730,1277591,1277591,8192,256,0,0,4,4,16,64,"0x0","0x7f3e25f69780",4181345573589246,4181345573888159,4181345573893166,4181345573935682,5007
1543,"input_reduce_reduce_window_fusion_1.kd",2,8,1731,1277591,1277591,512,512,512,0,20,4,48,64,"0x0","0x7f3e25f697c0",4181345573596647,4181345573893166,4181345573910432,4181345573925757,17266
1544,"loop_reduce_window_fusion_6.kd",2,8,1732,1277591,1277591,32,32,0,0,32,0,16,64,"0x0","0x7f3e25f69800",4181345573604619,4181345573910432,4181345573919365,4181345573961019,8933
1545,"loop_broadcast_fusion_1.kd",2,8,1733,1277591,1277591,8192,256,0,0,4,4,16,64,"0x0","0x7f3e25f69840",4181345573611770,4181345573919365,4181345573924292,4181345573966888,4927
1546,"input_scatter_fusion_1.kd",2,8,1734,1277591,1277591,8192,256,0,0,8,0,32,64,"0x0","0x7f3e25f69880",4181345573618800,4181345573924292,4181345573929660,4181345573973067,5368
1547,"loop_reduce_window_fusion_5.kd",2,8,1735,1277591,1277591,8192,256,0,0,8,0,16,64,"0x0","0x7f3e25f698c0",4181345573633051,4181345573929660,4181345573934588,4181345573949422,4928
1548,"loop_reduce_window_fusion_4.kd",2,8,1736,1277591,1277591,512,256,0,0,8,0,16,64,"0x0","0x7f3e25f69900",4181345573644559,4181345573934588,4181345573939675,4181345573994379,5087
1549,"loop_reduce_window_fusion_3.kd",2,8,1737,1277591,1277591,32,32,0,0,8,0,16,64,"0x0","0x7f3e25f69940",4181345573653161,4181345573939675,4181345573944442,4181345573985446,4767
1550,"loop_select_fusion_6.kd",2,8,1738,1277591,1277591,8192,256,0,0,8,0,32,64,"0x0","0x7f3e25f69980",4181345573664208,4181345573944442,4181345573949490,4181345574028580,5048
1551,"loop_select_fusion_1.kd",2,8,1739,1277591,1277591,8192,256,0,0,8,0,16,64,"0x0","0x7f3e25f699c0",4181345573794291,4181345573949490,4181345573954337,4181345573978886,4847
1552,"loop_broadcast_fusion_4.kd",2,8,1740,1277591,1277591,16,16,0,0,4,4,16,64,"0x0","0x7f3e25f69a00",4181345573808322,4181345573954337,4181345573959385,4181345574035660,5048
1553,"__amd_rocclr_fillBufferAligned.kd",2,8,1741,1277591,1277591,77824,256,0,0,12,4,48,64,"0x0","0x7f669ba7b580",4181345573847170,4181345573959385,4181345573974527,4181345574016902,15142
1554,"__amd_rocclr_fillBufferAligned.kd",2,8,1742,1277591,1277591,16128,256,0,0,12,4,48,64,"0x0","0x7f669ba7b580",4181345573854621,4181345573974527,4181345573979735,4181345574010923,5208
1555,"transformer_engine::fused_attn_rocm::populate_rng_state_kernel(long*, long const*, long) [clone .kd]",2,8,1743,1277591,1277591,1,1,0,0,8,0,16,64,"0x0","0x7f3e25f8d380",4181345573887380,4181345573979735,4181345573983861,4181345574022411,4126
1556,"__amd_rocclr_fillBufferAligned.kd",2,8,1744,1277591,1277591,256,256,0,0,12,4,48,64,"0x0","0x7f669ba7b580",4181345573936453,4181345574003490,4181345574005453,4181345574005315,1963
1557,"ck_fused_attn::get_runtime_max_seqlen_kernel(unsigned long, int const*, int const*, unsigned long*) [clone .kd]",2,8,1745,1277591,1277591,4096,128,0,0,4,4,32,64,"0x0","0x7f3e25f58940",4181345574001560,4181345574011422,4181345574017070,4181345574044133,5648
1558,"__amd_rocclr_copyBuffer.kd",2,8,1746,1277591,1277591,512,512,0,0,16,0,32,64,"0x7f7ea9072480","0x7f669ba7b600",4181345574010974,4181345574053805,4181345574059974,4181345574065415,6169
1559,"__amd_rocclr_fillBufferAligned.kd",2,8,1748,1277591,1277591,256,256,0,0,12,4,48,64,"0x0","0x7f669ba7b580",4181345574086155,4181345574097590,4181345574099633,4181345574133436,2043
1560,"ck_fused_attn::get_runtime_max_seqlen_kernel(unsigned long, int const*, int const*, unsigned long*) [clone .kd]",2,8,1749,1277591,1277591,4096,128,0,0,4,4,32,64,"0x0","0x7f3e25f58940",4181345574097793,4181345574105923,4181345574111851,4181345574143911,5928
1561,"__amd_rocclr_copyBuffer.kd",2,8,1750,1277591,1277591,512,512,0,0,16,0,32,64,"0x7f7ea91e9800","0x7f669ba7b600",4181345574104933,4181345574116618,4181345574121986,4181345574138894,5368
1562,"void transformer_engine::fused_attn_rocm::compute_scores_kernel<__half, transformer_engine::fused_attn_rocm::SmallSeqConfig<6, 128, 256, false, (transformer_engine::fused_attn_rocm::CausalMaskType)0>, 1>(__half const*, __half const*, __half*, float, int const*, int const*, int, int) [clone .kd]",2,8,1752,1277591,1277591,64000,64,0,0,92,4,48,64,"0x0","0x7f3e240cea80",4181345574154837,4181345574164490,4181345574194294,4181345574195838,29804
1563,"void transformer_engine::fused_attn_rocm::apply_mask_and_softmax_kernel<__half, transformer_engine::fused_attn_rocm::SmallSeqConfig<6, 128, 256, false, (transformer_engine::fused_attn_rocm::CausalMaskType)0> >(__half*, __half const*, float, int const*, int, int) [clone .kd]",2,8,1753,1277591,1277591,390144,256,1024,0,12,4,16,64,"0x0","0x7f3e240ceac0",4181345574162689,4181345574194294,4181345574199422,4181345574204682,5128
1564,"void transformer_engine::fused_attn_rocm::compute_output_kernel<__half, transformer_engine::fused_attn_rocm::SmallSeqConfig<6, 128, 256, false, (transformer_engine::fused_attn_rocm::CausalMaskType)0>, 2, 8>(__half const*, __half const*, __half*, int const*, int const*, int, int) [clone .kd]",2,8,1754,1277591,1277591,512000,64,12288,0,20,4,32,64,"0x0","0x7f3e240ceb00",4181345574176970,4181345574199422,4181345574240763,4181345574256298,41341
1565,"loop_broadcast_fusion_5.kd",2,8,1755,1277591,1277591,2048000,256,0,0,4,4,16,64,"0x0","0x7f3e25f69a40",4181345574186224,4181345574240763,4181345574248895,4181345574249248,8132
1566,"__amd_rocclr_fillBufferAligned.kd",2,8,1756,1277591,1277591,77824,256,0,0,12,4,48,64,"0x0","0x7f669ba7b580",4181345574198703,4181345574248895,4181345574255665,4181345574264851,6770
1567,"__amd_rocclr_fillBufferAligned.kd",2,8,1757,1277591,1277591,77824,256,0,0,12,4,48,64,"0x0","0x7f669ba7b580",4181345574220275,4181345574255665,4181345574273291,4181345574273875,17626
1568,"__amd_rocclr_fillBufferAligned.kd",2,8,1758,1277591,1277591,77824,256,0,0,12,4,48,64,"0x0","0x7f669ba7b580",4181345574226444,4181345574273291,4181345574290878,4181345574290429,17587
1569,"__amd_rocclr_fillBufferAligned.kd",2,8,1759,1277591,1277591,256,256,0,0,12,4,48,64,"0x0","0x7f669ba7b580",4181345574233785,4181345574290878,4181345574295605,4181345574298121,4727
1570,"ck_fused_attn::get_runtime_max_seqlen_kernel(unsigned long, int const*, int const*, unsigned long*) [clone .kd]",2,8,1760,1277591,1277591,4096,128,0,0,4,4,32,64,"0x0","0x7f3e25f58940",4181345574239864,4181345574295605,4181345574301533,4181345574303338,5928
1571,"__amd_rocclr_copyBuffer.kd",2,8,1761,1277591,1277591,512,512,0,0,16,0,32,64,"0x7f7ea91e9780","0x7f669ba7b600",4181345574248467,4181345574301533,4181345574307342,4181345574310309,5809
1572,"__amd_rocclr_fillBufferAligned.kd",2,8,1763,1277591,1277591,256,256,0,0,12,4,48,64,"0x0","0x7f669ba7b580",4181345574327825,4181345574337026,4181345574339189,4181345574339372,2163
1573,"ck_fused_attn::get_runtime_max_seqlen_kernel(unsigned long, int const*, int const*, unsigned long*) [clone .kd]",2,8,1764,1277591,1277591,4096,128,0,0,4,4,32,64,"0x0","0x7f3e25f58940",4181345574335847,4181345574344678,4181345574350486,4181345574351420,5808
1574,"__amd_rocclr_copyBuffer.kd",2,8,1765,1277591,1277591,512,512,0,0,16,0,32,64,"0x7f7ea91e9600","0x7f669ba7b600",4181345574342887,4181345574367632,4181345574374202,4181345574378710,6570
1575,"void transformer_engine::fused_attn_rocm::compute_grad_v_kernel<__half, transformer_engine::fused_attn_rocm::SmallSeqConfig<6, 128, 256, false, (transformer_engine::fused_attn_rocm::CausalMaskType)0>, 16, 16>(__half const*, __half const*, __half*, int const*, int const*, int, int) [clone .kd]",2,8,1767,1277591,1277591,256000,64,12288,0,28,4,32,64,"0x0","0x7f3e240d0200",4181345574393402,4181345574407050,4181345574466218,4181345574472770,59168
1576,"void transformer_engine::fused_attn_rocm::compute_grad_attn_kernel<__half, transformer_engine::fused_attn_rocm::SmallSeqConfig<6, 128, 256, false, (transformer_engine::fused_attn_rocm::CausalMaskType)0>, 16>(__half const*, __half const*, __half*, int const*, int const*, int, int) [clone .kd]",2,8,1768,1277591,1277591,8000,64,0,0,104,0,64,64,"0x0","0x7f3e240d0240",4181345574406221,4181345574466218,4181345574688589,4181345574688942,222371
1577,"void transformer_engine::fused_attn_rocm::softmax_backward_kernel<__half, transformer_engine::fused_attn_rocm::SmallSeqConfig<6, 128, 256, false, (transformer_engine::fused_attn_rocm::CausalMaskType)0> >(__half const*, __half const*, __half*, float, int const*, int, int) [clone .kd]",2,8,1769,1277591,1277591,390144,256,1024,0,16,0,16,64,"0x0","0x7f3e240d0280",4181345574413152,4181345574688589,4181345574694518,4181345574697274,5929
1578,"void transformer_engine::fused_attn_rocm::compute_grad_qk_kernel<__half, transformer_engine::fused_attn_rocm::SmallSeqConfig<6, 128, 256, false, (transformer_engine::fused_attn_rocm::CausalMaskType)0>, 4, 16>(__half const*, __half const*, __half const*, __half*, __half*, float, int const*, int const*, int, int) [clone .kd]",2,8,1770,1277591,1277591,1024000,64,12288,0,36,4,64,64,"0x0","0x7f3e240d02c0",4181345574420052,4181345574694518,4181345574852954,4181345574866195,158436
1579,"input_reduce_fusion.kd",2,8,1771,1277591,1277591,524288,256,512,0,16,0,16,64,"0x0","0x7f3e25f69a80",4181345574428364,4181345574852954,4181345574862408,4181345574874408,9454
1580,"input_reduce_fusion_3.kd",2,8,1772,1277591,1277591,128,128,512,0,24,0,16,64,"0x0","0x7f3e25f69ac0",4181345574435515,4181345574862408,4181345574867014,4181345574880547,4606
1581,"loop_convert_fusion.kd",2,8,1773,1277591,1277591,1,1,0,0,4,4,16,64,"0x0","0x7f3e25f69b00",4181345574443016,4181345574867014,4181345574872543,4181345574890301,5529
1582,"input_reduce_reduce_window_fusion_3.kd",2,8,1776,1277591,1277591,9728,256,0,0,28,4,48,64,"0x0","0x7f3e25f69000",4181345574555363,4181345574884240,4181345574894936,4181345574897282,10696
1583,"loop_reduce_window_fusion_11.kd",2,8,1777,1277591,1277591,1536,256,0,0,8,0,16,64,"0x0","0x7f3e25f69040",4181345574564887,4181345574894936,4181345574902748,4181345574903511,7812
1584,"loop_slice_fusion_5.kd",2,8,1778,1277591,1277591,6,6,0,0,20,4,16,64,"0x0","0x7f3e25f69080",4181345574572439,4181345574902748,4181345574907835,4181345574909530,5087
1585,"loop_broadcast_fusion_2.kd",2,8,1779,1277591,1277591,24064,256,0,0,4,4,16,64,"0x0","0x7f3e25f690c0",4181345574579058,4181345574907835,4181345574913363,4181345574915349,5528
1586,"input_scatter_fusion_2.kd",2,8,1780,1277591,1277591,24064,256,0,0,12,4,32,64,"0x0","0x7f3e25f69100",4181345574586750,4181345574913363,4181345574921616,4181345574923220,8253
1587,"loop_reduce_window_fusion_10.kd",2,8,1781,1277591,1277591,24064,256,0,0,8,0,16,64,"0x0","0x7f3e25f69140",4181345574593500,4181345574921616,4181345574927224,4181345574929019,5608
1588,"loop_reduce_window_fusion_11.kd",2,8,1782,1277591,1277591,1536,256,0,0,8,0,16,64,"0x0","0x7f3e25f69040",4181345574600641,4181345574927224,4181345574932792,4181345574935228,5568
1589,"loop_slice_fusion_4.kd",2,8,1783,1277591,1277591,94,94,0,0,24,0,16,64,"0x0","0x7f3e25f69180",4181345574607691,4181345574932792,4181345574938521,4181345574941007,5729
1590,"input_reduce_fusion_1.kd",2,8,1784,1277591,1277591,64,64,0,0,8,0,16,64,"0x0","0x7f3e25f691c0",4181345574615332,4181345574938521,4181345574944129,4181345574947246,5608
1591,"loop_select_fusion_5.kd",2,8,1785,1277591,1277591,24064,256,0,0,8,0,32,64,"0x0","0x7f3e25f69200",4181345574622483,4181345574944129,4181345574949737,4181345574952664,5608
1592,"loop_select_fusion_2.kd",2,8,1786,1277591,1277591,24064,256,0,0,4,4,16,64,"0x0","0x7f3e25f69240",4181345574629163,4181345574949737,4181345574955306,4181345574958723,5569
1593,"loop_reduce_window_fusion_10.kd",2,8,1787,1277591,1277591,24064,256,0,0,8,0,16,64,"0x0","0x7f3e25f69140",4181345574635743,4181345574955306,4181345574960794,4181345574964532,5488
1594,"loop_reduce_window_fusion_11.kd",2,8,1788,1277591,1277591,1536,256,0,0,8,0,16,64,"0x0","0x7f3e25f69040",4181345574642082,4181345574960794,4181345574967444,4181345574970170,6650
1595,"loop_slice_fusion_5.kd",2,8,1789,1277591,1277591,6,6,0,0,20,4,16,64,"0x0","0x7f3e25f69080",4181345574648592,4181345574967444,4181345574973012,4181345574975839,5568
1596,"input_concatenate_fusion.kd",2,8,1790,1277591,1277591,24064,256,0,0,12,4,32,64,"0x0","0x7f3e25f69280",4181345574655132,4181345574973012,4181345574978941,4181345574981707,5929
1597,"input_reduce_reduce_window_fusion.kd",2,8,1791,1277591,1277591,11264,256,0,0,36,4,48,64,"0x0","0x7f3e25f692c0",4181345574662002,4181345574978941,4181345574991119,4181345574996780,12178
1598,"loop_reduce_window_fusion_2.kd",2,8,1792,1277591,1277591,1792,256,0,0,8,0,16,64,"0x0","0x7f3e25f69300",4181345574668892,4181345574991119,4181345574996968,4181345575003259,5849
1599,"loop_slice_fusion_7.kd",2,8,1793,1277591,1277591,7,7,0,0,20,4,16,64,"0x0","0x7f3e25f69340",4181345574676453,4181345574996968,4181345575002135,4181345575021376,5167
1600,"loop_broadcast_fusion.kd",2,8,1794,1277591,1277591,28160,256,0,0,4,4,16,64,"0x0","0x7f3e25f69380",4181345574683003,4181345575002135,4181345575007103,4181345575015197,4968
1601,"input_scatter_fusion.kd",2,8,1795,1277591,1277591,28160,256,0,0,12,4,32,64,"0x0","0x7f3e25f693c0",4181345574690274,4181345575007103,4181345575014193,4181345575044911,7090
1602,"loop_reduce_window_fusion_1.kd",2,8,1796,1277591,1277591,28160,256,0,0,8,0,16,64,"0x0","0x7f3e25f69400",4181345574711465,4181345575014193,4181345575019121,4181345575038572,4928
1603,"loop_reduce_window_fusion_2.kd",2,8,1797,1277591,1277591,1792,256,0,0,8,0,16,64,"0x0","0x7f3e25f69300",4181345574719127,4181345575019121,4181345575024088,4181345575050389,4967
1604,"loop_slice_fusion_7.kd",2,8,1798,1277591,1277591,7,7,0,0,20,4,16,64,"0x0","0x7f3e25f69340",4181345574726117,4181345575024088,4181345575028735,4181345575055647,4647
1605,"loop_slice_fusion_3.kd",2,8,1799,1277591,1277591,110,110,0,0,8,0,16,64,"0x0","0x7f3e25f69440",4181345574733338,4181345575028735,4181345575033662,4181345575061196,4927
1606,"input_reduce_fusion_2.kd",2,8,1800,1277591,1277591,64,64,0,0,8,0,16,64,"0x0","0x7f3e25f69480",4181345574739767,4181345575033662,4181345575038309,4181345575067845,4647
1607,"loop_select_fusion_4.kd",2,8,1801,1277591,1277591,28160,256,0,0,8,0,32,64,"0x0","0x7f3e25f694c0",4181345574748030,4181345575038309,4181345575043317,4181345575074055,5008
1608,"loop_select_fusion.kd",2,8,1802,1277591,1277591,28160,256,0,0,8,0,16,64,"0x0","0x7f3e25f69500",4181345574753548,4181345575043317,4181345575048204,4181345575079703,4887
1609,"loop_compare_fusion_1.kd",2,8,1803,1277591,1277591,4096,256,0,0,4,4,16,64,"0x0","0x7f3e25f69540",4181345574760939,4181345575048204,4181345575053011,4181345575085852,4807
1610,"input_reduce_reduce_window_fusion_2.kd",2,8,1804,1277591,1277591,256,256,512,0,20,4,32,64,"0x0","0x7f3e25f69580",4181345574768170,4181345575053011,4181345575068474,4181345575091821,15463
1611,"loop_slice_fusion_1.kd",2,8,1805,1277591,1277591,16,16,0,0,20,4,16,64,"0x0","0x7f3e25f695c0",4181345574776142,4181345575068474,4181345575073161,4181345575100093,4687
1612,"loop_broadcast_fusion_3.kd",2,8,1806,1277591,1277591,4096,256,0,0,4,4,16,64,"0x0","0x7f3e25f69600",4181345574782821,4181345575073161,4181345575078088,4181345575105942,4927
1613,"input_scatter_fusion_3.kd",2,8,1807,1277591,1277591,4096,256,0,0,8,0,32,64,"0x0","0x7f3e25f69640",4181345574790052,4181345575078088,4181345575084458,4181345575111681,6370
1614,"loop_reduce_window_fusion_13.kd",2,8,1808,1277591,1277591,4096,256,0,0,8,0,16,64,"0x0","0x7f3e25f69680",4181345574797433,4181345575084458,4181345575089385,4181345575117499,4927
1615,"loop_slice_fusion_1.kd",2,8,1809,1277591,1277591,16,16,0,0,20,4,16,64,"0x0","0x7f3e25f695c0",4181345574804323,4181345575089385,4181345575094152,4181345575123418,4767
1616,"loop_remainder_fusion.kd",2,8,1810,1277591,1277591,4096,256,0,0,12,4,16,64,"0x0","0x7f3e25f696c0",4181345574810903,4181345575094152,4181345575100161,4181345575128806,6009
1617,"loop_select_fusion_3.kd",2,8,1811,1277591,1277591,4096,256,0,0,8,0,32,64,"0x0","0x7f3e25f69700",4181345574818434,4181345575100161,4181345575105008,4181345575134655,4847
1618,"loop_reduce_window_fusion_13.kd",2,8,1812,1277591,1277591,4096,256,0,0,8,0,16,64,"0x0","0x7f3e25f69680",4181345574824914,4181345575105008,4181345575109896,4181345575140453,4888
1619,"loop_slice_fusion_1.kd",2,8,1813,1277591,1277591,16,16,0,0,20,4,16,64,"0x0","0x7f3e25f695c0",4181345574832165,4181345575109896,4181345575114583,4181345575205640,4687
1620,"input_concatenate_fusion_1.kd",2,8,1814,1277591,1277591,4096,256,0,0,8,0,32,64,"0x0","0x7f3e25f69740",4181345574838845,4181345575114583,4181345575120311,4181345575211589,5728
1621,"loop_compare_fusion.kd",2,8,1815,1277591,1277591,8192,256,0,0,4,4,16,64,"0x0","0x7f3e25f69780",4181345574845505,4181345575120311,4181345575125279,4181345575153393,4968
1622,"input_reduce_reduce_window_fusion_1.kd",2,8,1816,1277591,1277591,512,512,512,0,20,4,48,64,"0x0","0x7f3e25f697c0",4181345574852705,4181345575125279,4181345575142064,4181345575145942,16785
1623,"loop_reduce_window_fusion_6.kd",2,8,1817,1277591,1277591,32,32,0,0,32,0,16,64,"0x0","0x7f3e25f69800",4181345574860407,4181345575142064,4181345575150796,4181345575173903,8732
1624,"loop_broadcast_fusion_1.kd",2,8,1818,1277591,1277591,8192,256,0,0,4,4,16,64,"0x0","0x7f3e25f69840",4181345574867077,4181345575150796,4181345575155764,4181345575223046,4968
1625,"input_scatter_fusion_1.kd",2,8,1819,1277591,1277591,8192,256,0,0,8,0,32,64,"0x0","0x7f3e25f69880",4181345574895729,4181345575155764,4181345575161372,4181345575246942,5608
1626,"loop_reduce_window_fusion_5.kd",2,8,1820,1277591,1277591,8192,256,0,0,8,0,16,64,"0x0","0x7f3e25f698c0",4181345575001587,4181345575161372,4181345575166420,4181345575229105,5048
1627,"loop_reduce_window_fusion_4.kd",2,8,1821,1277591,1277591,512,256,0,0,8,0,16,64,"0x0","0x7f3e25f69900",4181345575029528,4181345575166420,4181345575171547,4181345575241093,5127
1628,"loop_reduce_window_fusion_3.kd",2,8,1822,1277591,1277591,32,32,0,0,8,0,16,64,"0x0","0x7f3e25f69940",4181345575170618,4181345575180280,4181345575184406,4181345575235294,4126
1629,"loop_select_fusion_6.kd",2,8,1823,1277591,1277591,8192,256,0,0,8,0,32,64,"0x0","0x7f3e25f69980",4181345575203968,4181345575229474,4181345575232638,4181345575255775,3164
1630,"loop_select_fusion_1.kd",2,8,1824,1277591,1277591,8192,256,0,0,8,0,16,64,"0x0","0x7f3e25f699c0",4181345575228574,4181345575261361,4181345575264205,4181345575265800,2844
1631,"loop_broadcast_fusion_4.kd",2,8,1825,1277591,1277591,16,16,0,0,4,4,16,64,"0x0","0x7f3e25f69a00",4181345575263536,4181345575280910,4181345575282673,4181345575285930,1763
1632,"__amd_rocclr_fillBufferAligned.kd",2,8,1826,1277591,1277591,77824,256,0,0,12,4,48,64,"0x0","0x7f669ba7b580",4181345575284367,4181345575301461,4181345575315361,4181345575317907,13900
1633,"__amd_rocclr_fillBufferAligned.kd",2,8,1827,1277591,1277591,16128,256,0,0,12,4,48,64,"0x0","0x7f669ba7b580",4181345575299770,4181345575315361,4181345575320369,4181345575325038,5008
1634,"transformer_engine::fused_attn_rocm::populate_rng_state_kernel(long*, long const*, long) [clone .kd]",2,8,1828,1277591,1277591,1,1,0,0,8,0,16,64,"0x0","0x7f3e25f8d380",4181345575308844,4181345575320369,4181345575324495,4181345575333440,4126
1635,"__amd_rocclr_fillBufferAligned.kd",2,8,1829,1277591,1277591,256,256,0,0,12,4,48,64,"0x0","0x7f669ba7b580",4181345575319379,4181345575339597,4181345575341520,4181345575341532,1923
1636,"ck_fused_attn::get_runtime_max_seqlen_kernel(unsigned long, int const*, int const*, unsigned long*) [clone .kd]",2,8,1830,1277591,1277591,4096,128,0,0,4,4,32,64,"0x0","0x7f3e25f58940",4181345575339810,4181345575358425,4181345575364074,4181345575363725,5649
1637,"__amd_rocclr_copyBuffer.kd",2,8,1831,1277591,1277591,512,512,0,0,16,0,32,64,"0x7f7ea9073180","0x7f669ba7b600",4181345575357676,4181345575369081,4181345575373568,4181345575379379,4487
1638,"__amd_rocclr_fillBufferAligned.kd",2,8,1833,1277591,1277591,256,256,0,0,12,4,48,64,"0x0","0x7f669ba7b580",4181345575399509,4181345575408700,4181345575410543,4181345575436614,1843
1639,"ck_fused_attn::get_runtime_max_seqlen_kernel(unsigned long, int const*, int const*, unsigned long*) [clone .kd]",2,8,1834,1277591,1277591,4096,128,0,0,4,4,32,64,"0x0","0x7f3e25f58940",4181345575408702,4181345575416952,4181345575426166,4181345575447440,9214
1640,"__amd_rocclr_copyBuffer.kd",2,8,1835,1277591,1277591,512,512,0,0,16,0,32,64,"0x7f7ea91e9a00","0x7f669ba7b600",4181345575415743,4181345575426166,4181345575431414,4181345575442092,5248
1641,"void transformer_engine::fused_attn_rocm::compute_scores_kernel<__half, transformer_engine::fused_attn_rocm::SmallSeqConfig<6, 128, 256, false, (transformer_engine::fused_attn_rocm::CausalMaskType)0>, 1>(__half const*, __half const*, __half*, float, int const*, int const*, int, int) [clone .kd]",2,8,1837,1277591,1277591,64000,64,0,0,92,4,48,64,"0x0","0x7f3e240cea80",4181345575457635,4181345575467508,4181345575498554,4181345575507079,31046
1642,"void transformer_engine::fused_attn_rocm::apply_mask_and_softmax_kernel<__half, transformer_engine::fused_attn_rocm::SmallSeqConfig<6, 128, 256, false, (transformer_engine::fused_attn_rocm::CausalMaskType)0> >(__half*, __half const*, float, int const*, int, int) [clone .kd]",2,8,1838,1277591,1277591,390144,256,1024,0,12,4,16,64,"0x0","0x7f3e240ceac0",4181345575465086,4181345575498554,4181345575503641,4181345575514810,5087
1643,"void transformer_engine::fused_attn_rocm::compute_output_kernel<__half, transformer_engine::fused_attn_rocm::SmallSeqConfig<6, 128, 256, false, (transformer_engine::fused_attn_rocm::CausalMaskType)0>, 2, 8>(__half const*, __half const*, __half*, int const*, int const*, int, int) [clone .kd]",2,8,1839,1277591,1277591,512000,64,12288,0,20,4,32,64,"0x0","0x7f3e240ceb00",4181345575474560,4181345575503641,4181345575547667,4181345575548280,44026
1644,"loop_broadcast_fusion_5.kd",2,8,1840,1277591,1277591,2048000,256,0,0,4,4,16,64,"0x0","0x7f3e25f69a40",4181345575483413,4181345575547667,4181345575555839,4181345575558535,8172
1645,"__amd_rocclr_fillBufferAligned.kd",2,8,1841,1277591,1277591,77824,256,0,0,12,4,48,64,"0x0","0x7f669ba7b580",4181345575503453,4181345575555839,4181345575562769,4181345575563983,6930
1646,"__amd_rocclr_fillBufferAligned.kd",2,8,1842,1277591,1277591,77824,256,0,0,12,4,48,64,"0x0","0x7f669ba7b580",4181345575509673,4181345575562769,4181345575580315,4181345575582090,17546
1647,"__amd_rocclr_fillBufferAligned.kd",2,8,1843,1277591,1277591,77824,256,0,0,12,4,48,64,"0x0","0x7f669ba7b580",4181345575528350,4181345575580315,4181345575597901,4181345575605445,17586
1648,"__amd_rocclr_fillBufferAligned.kd",2,8,1844,1277591,1277591,256,256,0,0,12,4,48,64,"0x0","0x7f669ba7b580",4181345575536683,4181345575597901,4181345575602709,4181345575610553,4808
1649,"ck_fused_attn::get_runtime_max_seqlen_kernel(unsigned long, int const*, int const*, unsigned long*) [clone .kd]",2,8,1845,1277591,1277591,4096,128,0,0,4,4,32,64,"0x0","0x7f3e25f58940",4181345575542782,4181345575602709,4181345575608637,4181345575615410,5928
1650,"__amd_rocclr_copyBuffer.kd",2,8,1846,1277591,1277591,512,512,0,0,16,0,32,64,"0x7f7ea91e9200","0x7f669ba7b600",4181345575549832,4181345575608637,4181345575613845,4181345575622330,5208
1651,"__amd_rocclr_fillBufferAligned.kd",2,8,1848,1277591,1277591,256,256,0,0,12,4,48,64,"0x0","0x7f669ba7b580",4181345575640958,4181345575656108,4181345575658111,4181345575659395,2003
1652,"ck_fused_attn::get_runtime_max_seqlen_kernel(unsigned long, int const*, int const*, unsigned long*) [clone .kd]",2,8,1849,1277591,1277591,4096,128,0,0,4,4,32,64,"0x0","0x7f3e25f58940",4181345575653767,4181345575662157,4181345575667966,4181345575668399,5809
1653,"__amd_rocclr_copyBuffer.kd",2,8,1850,1277591,1277591,512,512,0,0,16,0,32,64,"0x7f7ea91e9100","0x7f669ba7b600",4181345575660927,4181345575674616,4181345575680865,4181345575683261,6249
1654,"void transformer_engine::fused_attn_rocm::compute_grad_v_kernel<__half, transformer_engine::fused_attn_rocm::SmallSeqConfig<6, 128, 256, false, (transformer_engine::fused_attn_rocm::CausalMaskType)0>, 16, 16>(__half const*, __half const*, __half*, int const*, int const*, int, int) [clone .kd]",2,8,1852,1277591,1277591,256000,64,12288,0,28,4,32,64,"0x0","0x7f3e240d0200",4181345575700326,4181345575710228,4181345575769517,4181345575769639,59289
1655,"void transformer_engine::fused_attn_rocm::compute_grad_attn_kernel<__half, transformer_engine::fused_attn_rocm::SmallSeqConfig<6, 128, 256, false, (transformer_engine::fused_attn_rocm::CausalMaskType)0>, 16>(__half const*, __half const*, __half*, int const*, int const*, int, int) [clone .kd]",2,8,1853,1277591,1277591,8000,64,0,0,104,0,64,64,"0x0","0x7f3e240d0240",4181345575708198,4181345575769517,4181345575992649,4181345576000493,223132
1656,"void transformer_engine::fused_attn_rocm::softmax_backward_kernel<__half, transformer_engine::fused_attn_rocm::SmallSeqConfig<6, 128, 256, false, (transformer_engine::fused_attn_rocm::CausalMaskType)0> >(__half const*, __half const*, __half*, float, int const*, int, int) [clone .kd]",2,8,1854,1277591,1277591,390144,256,1024,0,16,0,16,64,"0x0","0x7f3e240d0280",4181345575716881,4181345575992649,4181345575998858,4181345576010658,6209
1657,"void transformer_engine::fused_attn_rocm::compute_grad_qk_kernel<__half, transformer_engine::fused_attn_rocm::SmallSeqConfig<6, 128, 256, false, (transformer_engine::fused_attn_rocm::CausalMaskType)0>, 4, 16>(__half const*, __half const*, __half const*, __half*, __half*, float, int const*, int const*, int, int) [clone .kd]",2,8,1855,1277591,1277591,1024000,64,12288,0,36,4,64,64,"0x0","0x7f3e240d02c0",4181345575725994,4181345575998858,4181345576162581,4181345576162674,163723
1658,"input_reduce_fusion.kd",2,8,1856,1277591,1277591,524288,256,512,0,16,0,16,64,"0x0","0x7f3e25f69a80",4181345575734507,4181345576162581,4181345576172676,4181345576173720,10095
1659,"input_reduce_fusion_3.kd",2,8,1857,1277591,1277591,128,128,512,0,24,0,16,64,"0x0","0x7f3e25f69ac0",4181345575741147,4181345576172676,4181345576177604,4181345576178928,4928
1660,"loop_convert_fusion.kd",2,8,1858,1277591,1277591,1,1,0,0,4,4,16,64,"0x0","0x7f3e25f69b00",4181345575748968,4181345576177604,4181345576182050,4181345576188823,4446
1661,"input_reduce_reduce_window_fusion_3.kd",2,8,1861,1277591,1277591,9728,256,0,0,28,4,48,64,"0x0","0x7f3e25f69000",4181345575841867,4181345576193067,4181345576203562,4181345576205878,10495
1662,"loop_reduce_window_fusion_11.kd",2,8,1862,1277591,1277591,1536,256,0,0,8,0,16,64,"0x0","0x7f3e25f69040",4181345575850940,4181345576203562,4181345576210813,4181345576216253,7251
1663,"loop_slice_fusion_5.kd",2,8,1863,1277591,1277591,6,6,0,0,20,4,16,64,"0x0","0x7f3e25f69080",4181345575857730,4181345576210813,4181345576215860,4181345576223023,5047
1664,"loop_broadcast_fusion_2.kd",2,8,1864,1277591,1277591,24064,256,0,0,4,4,16,64,"0x0","0x7f3e25f690c0",4181345575864971,4181345576215860,4181345576221429,4181345576228582,5569
1665,"input_scatter_fusion_2.kd",2,8,1865,1277591,1277591,24064,256,0,0,12,4,32,64,"0x0","0x7f3e25f69100",4181345575873243,4181345576221429,4181345576229721,4181345576234450,8292
1666,"loop_reduce_window_fusion_10.kd",2,8,1866,1277591,1277591,24064,256,0,0,8,0,16,64,"0x0","0x7f3e25f69140",4181345575880103,4181345576229721,4181345576235369,4181345576239889,5648
1667,"loop_reduce_window_fusion_11.kd",2,8,1867,1277591,1277591,1536,256,0,0,8,0,16,64,"0x0","0x7f3e25f69040",4181345575887344,4181345576235369,4181345576242059,4181345576247790,6690
1668,"loop_slice_fusion_4.kd",2,8,1868,1277591,1277591,94,94,0,0,24,0,16,64,"0x0","0x7f3e25f69180",4181345575895436,4181345576242059,4181345576247908,4181345576253359,5849
1669,"input_reduce_fusion_1.kd",2,8,1869,1277591,1277591,64,64,0,0,8,0,16,64,"0x0","0x7f3e25f691c0",4181345575903228,4181345576247908,4181345576253516,4181345576259378,5608
1670,"loop_select_fusion_5.kd",2,8,1870,1277591,1277591,24064,256,0,0,8,0,32,64,"0x0","0x7f3e25f69200",4181345575910068,4181345576253516,4181345576259125,4181345576265226,5609
1671,"loop_select_fusion_2.kd",2,8,1871,1277591,1277591,24064,256,0,0,4,4,16,64,"0x0","0x7f3e25f69240",4181345575916848,4181345576259125,4181345576264773,4181345576270995,5648
1672,"loop_reduce_window_fusion_10.kd",2,8,1872,1277591,1277591,24064,256,0,0,8,0,16,64,"0x0","0x7f3e25f69140",4181345575923778,4181345576264773,4181345576270141,4181345576277364,5368
1673,"loop_reduce_window_fusion_11.kd",2,8,1873,1277591,1277591,1536,256,0,0,8,0,16,64,"0x0","0x7f3e25f69040",4181345575929898,4181345576270141,4181345576275709,4181345576283794,5568
1674,"loop_slice_fusion_5.kd",2,8,1874,1277591,1277591,6,6,0,0,20,4,16,64,"0x0","0x7f3e25f69080",4181345575936928,4181345576275709,4181345576280437,4181345576289282,4728
1675,"input_concatenate_fusion.kd",2,8,1875,1277591,1277591,24064,256,0,0,12,4,32,64,"0x0","0x7f3e25f69280",4181345575943798,4181345576280437,4181345576287567,4181345576294700,7130
1676,"input_reduce_reduce_window_fusion.kd",2,8,1876,1277591,1277591,11264,256,0,0,36,4,48,64,"0x0","0x7f3e25f692c0",4181345575950969,4181345576287567,4181345576298744,4181345576300559,11177
1677,"loop_reduce_window_fusion_2.kd",2,8,1877,1277591,1277591,1792,256,0,0,8,0,16,64,"0x0","0x7f3e25f69300",4181345575957649,4181345576298744,4181345576304592,4181345576306317,5848
1678,"loop_slice_fusion_7.kd",2,8,1878,1277591,1277591,7,7,0,0,20,4,16,64,"0x0","0x7f3e25f69340",4181345575964970,4181345576304592,4181345576310161,4181345576311866,5569
1679,"loop_broadcast_fusion.kd",2,8,1879,1277591,1277591,28160,256,0,0,4,4,16,64,"0x0","0x7f3e25f69380",4181345575971489,4181345576310161,4181345576316049,4181345576350753,5888
1680,"input_scatter_fusion.kd",2,8,1880,1277591,1277591,28160,256,0,0,12,4,32,64,"0x0","0x7f3e25f693c0",4181345575979241,4181345576316049,4181345576324142,4181345576324164,8093
1681,"loop_reduce_window_fusion_1.kd",2,8,1881,1277591,1277591,28160,256,0,0,8,0,16,64,"0x0","0x7f3e25f69400",4181345575986512,4181345576324142,4181345576329710,4181345576368410,5568
1682,"loop_reduce_window_fusion_2.kd",2,8,1882,1277591,1277591,1792,256,0,0,8,0,16,64,"0x0","0x7f3e25f69300",4181345575993472,4181345576329710,4181345576335558,4181345576362691,5848
1683,"loop_slice_fusion_7.kd",2,8,1883,1277591,1277591,7,7,0,0,20,4,16,64,"0x0","0x7f3e25f69340",4181345576000272,4181345576335558,4181345576341127,4181345576356893,5569
1684,"loop_slice_fusion_3.kd",2,8,1884,1277591,1277591,110,110,0,0,8,0,16,64,"0x0","0x7f3e25f69440",4181345576024398,4181345576341127,4181345576346735,4181345576373457,5608
1685,"input_reduce_fusion_2.kd",2,8,1885,1277591,1277591,64,64,0,0,8,0,16,64,"0x0","0x7f3e25f69480",4181345576031609,4181345576346735,4181345576352303,4181345576379146,5568
1686,"loop_select_fusion_4.kd",2,8,1886,1277591,1277591,28160,256,0,0,8,0,32,64,"0x0","0x7f3e25f694c0",4181345576039911,4181345576352303,4181345576358072,4181345576384744,5769
1687,"loop_select_fusion.kd",2,8,1887,1277591,1277591,28160,256,0,0,8,0,16,64,"0x0","0x7f3e25f69500",4181345576047663,4181345576358072,4181345576363881,4181345576390362,5809
1688,"loop_compare_fusion_1.kd",2,8,1888,1277591,1277591,4096,256,0,0,4,4,16,64,"0x0","0x7f3e25f69540",4181345576054523,4181345576363881,4181345576369529,4181345576396031,5648
1689,"input_reduce_reduce_window_fusion_2.kd",2,8,1889,1277591,1277591,256,256,512,0,20,4,32,64,"0x0","0x7f3e25f69580",4181345576061613,4181345576369529,4181345576384992,4181345576401679,15463
1690,"loop_slice_fusion_1.kd",2,8,1890,1277591,1277591,16,16,0,0,20,4,16,64,"0x0","0x7f3e25f695c0",4181345576068203,4181345576384992,4181345576390761,4181345576407428,5769
1691,"loop_broadcast_fusion_3.kd",2,8,1891,1277591,1277591,4096,256,0,0,4,4,16,64,"0x0","0x7f3e25f69600",4181345576075604,4181345576390761,4181345576396369,4181345576413016,5608
1692,"input_scatter_fusion_3.kd",2,8,1892,1277591,1277591,4096,256,0,0,8,0,32,64,"0x0","0x7f3e25f69640",4181345576082945,4181345576396369,4181345576403379,4181345576420006,7010
1693,"loop_reduce_window_fusion_13.kd",2,8,1893,1277591,1277591,4096,256,0,0,8,0,16,64,"0x0","0x7f3e25f69680",4181345576089485,4181345576403379,4181345576408988,4181345576425615,5609
1694,"loop_slice_fusion_1.kd",2,8,1894,1277591,1277591,16,16,0,0,20,4,16,64,"0x0","0x7f3e25f695c0",4181345576096956,4181345576408988,4181345576414596,4181345576431233,5608
1695,"loop_remainder_fusion.kd",2,8,1895,1277591,1277591,4096,256,0,0,12,4,16,64,"0x0","0x7f3e25f696c0",4181345576103696,4181345576414596,4181345576421366,4181345576436932,6770
1696,"loop_select_fusion_3.kd",2,8,1896,1277591,1277591,4096,256,0,0,8,0,32,64,"0x0","0x7f3e25f69700",4181345576112098,4181345576421366,4181345576426974,4181345576442380,5608
1697,"loop_reduce_window_fusion_13.kd",2,8,1897,1277591,1277591,4096,256,0,0,8,0,16,64,"0x0","0x7f3e25f69680",4181345576119099,4181345576426974,4181345576432543,4181345576447798,5569
1698,"loop_slice_fusion_1.kd",2,8,1898,1277591,1277591,16,16,0,0,20,4,16,64,"0x0","0x7f3e25f695c0",4181345576127311,4181345576432543,4181345576438151,4181345576453196,5608
1699,"input_concatenate_fusion_1.kd",2,8,1899,1277591,1277591,4096,256,0,0,8,0,32,64,"0x0","0x7f3e25f69740",4181345576134492,4181345576438151,4181345576445162,4181345576458854,7011
1700,"loop_compare_fusion.kd",2,8,1900,1277591,1277591,8192,256,0,0,4,4,16,64,"0x0","0x7f3e25f69780",4181345576141392,4181345576445162,4181345576450770,4181345576464453,5608
1701,"input_reduce_reduce_window_fusion_1.kd",2,8,1901,1277591,1277591,512,512,512,0,20,4,48,64,"0x0","0x7f3e25f697c0",4181345576148392,4181345576450770,4181345576467555,4181345576478103,16785
1702,"loop_reduce_window_fusion_6.kd",2,8,1902,1277591,1277591,32,32,0,0,32,0,16,64,"0x0","0x7f3e25f69800",4181345576156014,4181345576467555,4181345576478812,4181345576483992,11257
1703,"loop_broadcast_fusion_1.kd",2,8,1903,1277591,1277591,8192,256,0,0,4,4,16,64,"0x0","0x7f3e25f69840",4181345576162724,4181345576478812,4181345576484460,4181345576511452,5648
1704,"input_scatter_fusion_1.kd",2,8,1904,1277591,1277591,8192,256,0,0,8,0,32,64,"0x0","0x7f3e25f69880",4181345576178137,4181345576484460,4181345576489347,4181345576493396,4887
1705,"loop_reduce_window_fusion_5.kd",2,8,1905,1277591,1277591,8192,256,0,0,8,0,16,64,"0x0","0x7f3e25f698c0",4181345576193109,4181345576489347,4181345576494315,4181345576506886,4968
1706,"loop_reduce_window_fusion_4.kd",2,8,1906,1277591,1277591,512,256,0,0,8,0,16,64,"0x0","0x7f3e25f69900",4181345576201972,4181345576494315,4181345576499482,4181345576500947,5167
1707,"loop_reduce_window_fusion_3.kd",2,8,1907,1277591,1277591,32,32,0,0,8,0,16,64,"0x0","0x7f3e25f69940",4181345576216113,4181345576499482,4181345576504209,4181345576527396,4727
1708,"loop_select_fusion_6.kd",2,8,1908,1277591,1277591,8192,256,0,0,8,0,32,64,"0x0","0x7f3e25f69980",4181345576348881,4181345576504209,4181345576509177,4181345576538332,4968
1709,"loop_select_fusion_1.kd",2,8,1909,1277591,1277591,8192,256,0,0,8,0,16,64,"0x0","0x7f3e25f699c0",4181345576483931,4181345576509177,4181345576514024,4181345576520726,4847
1710,"loop_broadcast_fusion_4.kd",2,8,1910,1277591,1277591,16,16,0,0,4,4,16,64,"0x0","0x7f3e25f69a00",4181345576497141,4181345576514024,4181345576518150,4181345576532914,4126
1711,"__amd_rocclr_fillBufferAligned.kd",2,8,1911,1277591,1277591,77824,256,0,0,12,4,48,64,"0x0","0x7f669ba7b580",4181345576511723,4181345576525882,4181345576538701,4181345576546074,12819
1712,"__amd_rocclr_fillBufferAligned.kd",2,8,1912,1277591,1277591,16128,256,0,0,12,4,48,64,"0x0","0x7f669ba7b580",4181345576523100,4181345576557849,4181345576560533,4181345576568858,2684
1713,"transformer_engine::fused_attn_rocm::populate_rng_state_kernel(long*, long const*, long) [clone .kd]",2,8,1913,1277591,1277591,1,1,0,0,8,0,16,64,"0x0","0x7f3e25f8d380",4181345576559935,4181345576569867,4181345576571630,4181345576582037,1763
1714,"__amd_rocclr_fillBufferAligned.kd",2,8,1914,1277591,1277591,256,256,0,0,12,4,48,64,"0x0","0x7f669ba7b580",4181345576573925,4181345576587814,4181345576589656,4181345576590460,1842
1715,"ck_fused_attn::get_runtime_max_seqlen_kernel(unsigned long, int const*, int const*, unsigned long*) [clone .kd]",2,8,1915,1277591,1277591,4096,128,0,0,4,4,32,64,"0x0","0x7f3e25f58940",4181345576586544,4181345576597468,4181345576603036,4181345576606384,5568
1716,"__amd_rocclr_copyBuffer.kd",2,8,1916,1277591,1277591,512,512,0,0,16,0,32,64,"0x7f7ea9073980","0x7f669ba7b600",4181345576596849,4181345576608044,4181345576612971,4181345576615667,4927
1717,"__amd_rocclr_fillBufferAligned.kd",2,8,1918,1277591,1277591,256,256,0,0,12,4,48,64,"0x0","0x7f669ba7b580",4181345576637670,4181345576646982,4181345576648824,4181345576688125,1842
1718,"ck_fused_attn::get_runtime_max_seqlen_kernel(unsigned long, int const*, int const*, unsigned long*) [clone .kd]",2,8,1919,1277591,1277591,4096,128,0,0,4,4,32,64,"0x0","0x7f3e25f58940",4181345576646994,4181345576657317,4181345576663005,4181345576698040,5688
1719,"__amd_rocclr_copyBuffer.kd",2,8,1920,1277591,1277591,512,512,0,0,16,0,32,64,"0x7f7ea91e8e00","0x7f669ba7b600",4181345576656718,4181345576668093,4181345576674062,4181345576693313,5969
1720,"void transformer_engine::fused_attn_rocm::compute_scores_kernel<__half, transformer_engine::fused_attn_rocm::SmallSeqConfig<6, 128, 256, false, (transformer_engine::fused_attn_rocm::CausalMaskType)0>, 1>(__half const*, __half const*, __half*, float, int const*, int const*, int, int) [clone .kd]",2,8,1922,1277591,1277591,64000,64,0,0,92,4,48,64,"0x0","0x7f3e240cea80",4181345576712501,4181345576722334,4181345576753740,4181345576757198,31406
1721,"void transformer_engine::fused_attn_rocm::apply_mask_and_softmax_kernel<__half, transformer_engine::fused_attn_rocm::SmallSeqConfig<6, 128, 256, false, (transformer_engine::fused_attn_rocm::CausalMaskType)0> >(__half*, __half const*, float, int const*, int, int) [clone .kd]",2,8,1923,1277591,1277591,390144,256,1024,0,12,4,16,64,"0x0","0x7f3e240ceac0",4181345576720303,4181345576753740,4181345576758868,4181345576765891,5128
1722,"void transformer_engine::fused_attn_rocm::compute_output_kernel<__half, transformer_engine::fused_attn_rocm::SmallSeqConfig<6, 128, 256, false, (transformer_engine::fused_attn_rocm::CausalMaskType)0>, 2, 8>(__half const*, __half const*, __half*, int const*, int const*, int, int) [clone .kd]",2,8,1924,1277591,1277591,512000,64,12288,0,20,4,32,64,"0x0","0x7f3e240ceb00",4181345576727484,4181345576758868,4181345576801011,4181345576800713,42143
1723,"loop_broadcast_fusion_5.kd",2,8,1925,1277591,1277591,2048000,256,0,0,4,4,16,64,"0x0","0x7f3e25f69a40",4181345576736878,4181345576801011,4181345576809143,4181345576811028,8132
1724,"__amd_rocclr_fillBufferAligned.kd",2,8,1926,1277591,1277591,77824,256,0,0,12,4,48,64,"0x0","0x7f669ba7b580",4181345576758790,4181345576809143,4181345576815873,4181345576815915,6730
1725,"__amd_rocclr_fillBufferAligned.kd",2,8,1927,1277591,1277591,77824,256,0,0,12,4,48,64,"0x0","0x7f669ba7b580",4181345576779461,4181345576815873,4181345576833619,4181345576836125,17746
1726,"__amd_rocclr_fillBufferAligned.kd",2,8,1928,1277591,1277591,77824,256,0,0,12,4,48,64,"0x0","0x7f669ba7b580",4181345576785971,4181345576833619,4181345576851045,4181345576854833,17426
1727,"__amd_rocclr_fillBufferAligned.kd",2,8,1929,1277591,1277591,256,256,0,0,12,4,48,64,"0x0","0x7f669ba7b580",4181345576794774,4181345576851045,4181345576855972,4181345576860021,4927
1728,"ck_fused_attn::get_runtime_max_seqlen_kernel(unsigned long, int const*, int const*, unsigned long*) [clone .kd]",2,8,1930,1277591,1277591,4096,128,0,0,4,4,32,64,"0x0","0x7f3e25f58940",4181345576800983,4181345576855972,4181345576861821,4181345576866440,5849
1729,"__amd_rocclr_copyBuffer.kd",2,8,1931,1277591,1277591,512,512,0,0,16,0,32,64,"0x7f7ea91e8d00","0x7f669ba7b600",4181345576816456,4181345576861821,4181345576867069,4181345576871257,5248
1730,"__amd_rocclr_fillBufferAligned.kd",2,8,1933,1277591,1277591,256,256,0,0,12,4,48,64,"0x0","0x7f669ba7b580",4181345576888543,4181345576898075,4181345576900198,4181345576908623,2123
1731,"ck_fused_attn::get_runtime_max_seqlen_kernel(unsigned long, int const*, int const*, unsigned long*) [clone .kd]",2,8,1934,1277591,1277591,4096,128,0,0,4,4,32,64,"0x0","0x7f3e25f58940",4181345576897356,4181345576906448,4181345576915501,4181345576916214,9053
1732,"__amd_rocclr_copyBuffer.kd",2,8,1935,1277591,1277591,512,512,0,0,16,0,32,64,"0x7f7ea91e8c00","0x7f669ba7b600",4181345576904767,4181345576915501,4181345576921029,4181345576920661,5528
1733,"void transformer_engine::fused_attn_rocm::compute_grad_v_kernel<__half, transformer_engine::fused_attn_rocm::SmallSeqConfig<6, 128, 256, false, (transformer_engine::fused_attn_rocm::CausalMaskType)0>, 16, 16>(__half const*, __half const*, __half*, int const*, int const*, int, int) [clone .kd]",2,8,1937,1277591,1277591,256000,64,12288,0,28,4,32,64,"0x0","0x7f3e240d0200",4181345576935483,4181345576947228,4181345577008159,4181345577015111,60931
1734,"void transformer_engine::fused_attn_rocm::compute_grad_attn_kernel<__half, transformer_engine::fused_attn_rocm::SmallSeqConfig<6, 128, 256, false, (transformer_engine::fused_attn_rocm::CausalMaskType)0>, 16>(__half const*, __half const*, __half*, int const*, int const*, int, int) [clone .kd]",2,8,1938,1277591,1277591,8000,64,0,0,104,0,64,64,"0x0","0x7f3e240d0240",4181345576946189,4181345577008159,4181345577230730,4181345577232925,222571
1735,"void transformer_engine::fused_attn_rocm::softmax_backward_kernel<__half, transformer_engine::fused_attn_rocm::SmallSeqConfig<6, 128, 256, false, (transformer_engine::fused_attn_rocm::CausalMaskType)0> >(__half const*, __half const*, __half*, float, int const*, int, int) [clone .kd]",2,8,1939,1277591,1277591,390144,256,1024,0,16,0,16,64,"0x0","0x7f3e240d0280",4181345576953550,4181345577230730,4181345577236498,4181345577240977,5768
1736,"void transformer_engine::fused_attn_rocm::compute_grad_qk_kernel<__half, transformer_engine::fused_attn_rocm::SmallSeqConfig<6, 128, 256, false, (transformer_engine::fused_attn_rocm::CausalMaskType)0>, 4, 16>(__half const*, __half const*, __half const*, __half*, __half*, float, int const*, int const*, int, int) [clone .kd]",2,8,1940,1277591,1277591,1024000,64,12288,0,36,4,64,64,"0x0","0x7f3e240d02c0",4181345576963445,4181345577236498,4181345577391249,4181345577394506,154751
1737,"input_reduce_fusion.kd",2,8,1941,1277591,1277591,524288,256,512,0,16,0,16,64,"0x0","0x7f3e25f69a80",4181345576972017,4181345577391249,4181345577401103,4181345577401847,9854
1738,"input_reduce_fusion_3.kd",2,8,1942,1277591,1277591,128,128,512,0,24,0,16,64,"0x0","0x7f3e25f69ac0",4181345576978687,4181345577401103,4181345577405710,4181345577407425,4607
1739,"loop_convert_fusion.kd",2,8,1943,1277591,1277591,1,1,0,0,4,4,16,64,"0x0","0x7f3e25f69b00",4181345576986789,4181345577405710,4181345577409836,4181345577416198,4126
1740,"input_reduce_reduce_window_fusion_3.kd",2,8,1946,1277591,1277591,9728,256,0,0,28,4,48,64,"0x0","0x7f3e25f69000",4181345577095691,4181345577422976,4181345577434112,4181345577451270,11136
1741,"loop_reduce_window_fusion_11.kd",2,8,1947,1277591,1277591,1536,256,0,0,8,0,16,64,"0x0","0x7f3e25f69040",4181345577105286,4181345577434112,4181345577442084,4181345577462216,7972
1742,"loop_slice_fusion_5.kd",2,8,1948,1277591,1277591,6,6,0,0,20,4,16,64,"0x0","0x7f3e25f69080",4181345577112867,4181345577442084,4181345577447011,4181345577468476,4927
1743,"loop_broadcast_fusion_2.kd",2,8,1949,1277591,1277591,24064,256,0,0,4,4,16,64,"0x0","0x7f3e25f690c0",4181345577119366,4181345577447011,4181345577452580,4181345577474465,5569
1744,"input_scatter_fusion_2.kd",2,8,1950,1277591,1277591,24064,256,0,0,12,4,32,64,"0x0","0x7f3e25f69100",4181345577126968,4181345577452580,4181345577460391,4181345577480233,7811
1745,"loop_reduce_window_fusion_10.kd",2,8,1951,1277591,1277591,24064,256,0,0,8,0,16,64,"0x0","0x7f3e25f69140",4181345577134048,4181345577460391,4181345577465279,4181345577485451,4888
1746,"loop_reduce_window_fusion_11.kd",2,8,1952,1277591,1277591,1536,256,0,0,8,0,16,64,"0x0","0x7f3e25f69040",4181345577141860,4181345577465279,4181345577470206,4181345577492081,4927
1747,"loop_slice_fusion_4.kd",2,8,1953,1277591,1277591,94,94,0,0,24,0,16,64,"0x0","0x7f3e25f69180",4181345577148930,4181345577470206,4181345577475414,4181345577500103,5208
1748,"input_reduce_fusion_1.kd",2,8,1954,1277591,1277591,64,64,0,0,8,0,16,64,"0x0","0x7f3e25f691c0",4181345577156281,4181345577475414,4181345577480061,4181345577505941,4647
1749,"loop_select_fusion_5.kd",2,8,1955,1277591,1277591,24064,256,0,0,8,0,32,64,"0x0","0x7f3e25f69200",4181345577163402,4181345577480061,4181345577485028,4181345577512201,4967
1750,"loop_select_fusion_2.kd",2,8,1956,1277591,1277591,24064,256,0,0,4,4,16,64,"0x0","0x7f3e25f69240",4181345577170843,4181345577485028,4181345577489915,4181345577518440,4887
1751,"loop_reduce_window_fusion_10.kd",2,8,1957,1277591,1277591,24064,256,0,0,8,0,16,64,"0x0","0x7f3e25f69140",4181345577177833,4181345577489915,4181345577494642,4181345577524108,4727
1752,"loop_reduce_window_fusion_11.kd",2,8,1958,1277591,1277591,1536,256,0,0,8,0,16,64,"0x0","0x7f3e25f69040",4181345577185164,4181345577494642,4181345577499490,4181345577529827,4848
1753,"loop_slice_fusion_5.kd",2,8,1959,1277591,1277591,6,6,0,0,20,4,16,64,"0x0","0x7f3e25f69080",4181345577192525,4181345577499490,4181345577504176,4181345577535225,4686
1754,"input_concatenate_fusion.kd",2,8,1960,1277591,1277591,24064,256,0,0,12,4,32,64,"0x0","0x7f3e25f69280",4181345577199726,4181345577504176,4181345577509825,4181345577540833,5649
1755,"input_reduce_reduce_window_fusion.kd",2,8,1961,1277591,1277591,11264,256,0,0,36,4,48,64,"0x0","0x7f3e25f692c0",4181345577206576,4181345577509825,4181345577520120,4181345577589486,10295
1756,"loop_reduce_window_fusion_2.kd",2,8,1962,1277591,1277591,1792,256,0,0,8,0,16,64,"0x0","0x7f3e25f69300",4181345577213757,4181345577520120,4181345577525248,4181345577573081,5128
1757,"loop_slice_fusion_7.kd",2,8,1963,1277591,1277591,7,7,0,0,20,4,16,64,"0x0","0x7f3e25f69340",4181345577221088,4181345577525248,4181345577529815,4181345577564549,4567
1758,"loop_broadcast_fusion.kd",2,8,1964,1277591,1277591,28160,256,0,0,4,4,16,64,"0x0","0x7f3e25f69380",4181345577228429,4181345577529815,4181345577534782,4181345577558890,4967
1759,"input_scatter_fusion.kd",2,8,1965,1277591,1277591,28160,256,0,0,12,4,32,64,"0x0","0x7f3e25f693c0",4181345577235309,4181345577534782,4181345577541993,4181345577553111,7211
1760,"loop_reduce_window_fusion_1.kd",2,8,1966,1277591,1277591,28160,256,0,0,8,0,16,64,"0x0","0x7f3e25f69400",4181345577257282,4181345577541993,4181345577546880,4181345577547022,4887
1761,"loop_reduce_window_fusion_2.kd",2,8,1967,1277591,1277591,1792,256,0,0,8,0,16,64,"0x0","0x7f3e25f69300",4181345577264382,4181345577546880,4181345577552008,4181345577626210,5128
1762,"loop_slice_fusion_7.kd",2,8,1968,1277591,1277591,7,7,0,0,20,4,16,64,"0x0","0x7f3e25f69340",4181345577271242,4181345577552008,4181345577556614,4181345577632419,4606
1763,"loop_slice_fusion_3.kd",2,8,1969,1277591,1277591,110,110,0,0,8,0,16,64,"0x0","0x7f3e25f69440",4181345577278433,4181345577556614,4181345577561301,4181345577637587,4687
1764,"input_reduce_fusion_2.kd",2,8,1970,1277591,1277591,64,64,0,0,8,0,16,64,"0x0","0x7f3e25f69480",4181345577285263,4181345577561301,4181345577565908,4181345577643226,4607
1765,"loop_select_fusion_4.kd",2,8,1971,1277591,1277591,28160,256,0,0,8,0,32,64,"0x0","0x7f3e25f694c0",4181345577292995,4181345577565908,4181345577570916,4181345577648854,5008
1766,"loop_select_fusion.kd",2,8,1972,1277591,1277591,28160,256,0,0,8,0,16,64,"0x0","0x7f3e25f69500",4181345577300316,4181345577570916,4181345577575843,4181345577654212,4927
1767,"loop_compare_fusion_1.kd",2,8,1973,1277591,1277591,4096,256,0,0,4,4,16,64,"0x0","0x7f3e25f69540",4181345577307817,4181345577575843,4181345577580570,4181345577620031,4727
1768,"input_reduce_reduce_window_fusion_2.kd",2,8,1974,1277591,1277591,256,256,512,0,20,4,32,64,"0x0","0x7f3e25f69580",4181345577314997,4181345577580570,4181345577596153,4181345577596967,15583
1769,"loop_slice_fusion_1.kd",2,8,1975,1277591,1277591,16,16,0,0,20,4,16,64,"0x0","0x7f3e25f695c0",4181345577321928,4181345577596153,4181345577600800,4181345577706379,4647
1770,"loop_broadcast_fusion_3.kd",2,8,1976,1277591,1277591,4096,256,0,0,4,4,16,64,"0x0","0x7f3e25f69600",4181345577328517,4181345577600800,4181345577605728,4181345577712168,4928
1771,"input_scatter_fusion_3.kd",2,8,1977,1277591,1277591,4096,256,0,0,8,0,32,64,"0x0","0x7f3e25f69640",4181345577335458,4181345577605728,4181345577611937,4181345577717937,6209
1772,"loop_reduce_window_fusion_13.kd",2,8,1978,1277591,1277591,4096,256,0,0,8,0,16,64,"0x0","0x7f3e25f69680",4181345577342418,4181345577611937,4181345577616784,4181345577723976,4847
1773,"loop_slice_fusion_1.kd",2,8,1979,1277591,1277591,16,16,0,0,20,4,16,64,"0x0","0x7f3e25f695c0",4181345577349819,4181345577616784,4181345577621471,4181345577729504,4687
1774,"loop_remainder_fusion.kd",2,8,1980,1277591,1277591,4096,256,0,0,12,4,16,64,"0x0","0x7f3e25f696c0",4181345577357180,4181345577621471,4181345577627400,4181345577734802,5929
1775,"loop_select_fusion_3.kd",2,8,1981,1277591,1277591,4096,256,0,0,8,0,32,64,"0x0","0x7f3e25f69700",4181345577364932,4181345577627400,4181345577632287,4181345577745808,4887
1776,"loop_reduce_window_fusion_13.kd",2,8,1982,1277591,1277591,4096,256,0,0,8,0,16,64,"0x0","0x7f3e25f69680",4181345577371531,4181345577632287,4181345577637174,4181345577694091,4887
1777,"loop_slice_fusion_1.kd",2,8,1983,1277591,1277591,16,16,0,0,20,4,16,64,"0x0","0x7f3e25f695c0",4181345577379383,4181345577637174,4181345577641861,4181345577682834,4687
1778,"input_concatenate_fusion_1.kd",2,8,1984,1277591,1277591,4096,256,0,0,8,0,32,64,"0x0","0x7f3e25f69740",4181345577386564,4181345577641861,4181345577647630,4181345577673320,5769
1779,"loop_compare_fusion.kd",2,8,1985,1277591,1277591,8192,256,0,0,4,4,16,64,"0x0","0x7f3e25f69780",4181345577393554,4181345577647630,4181345577652637,4181345577662204,5007
1780,"input_reduce_reduce_window_fusion_1.kd",2,8,1986,1277591,1277591,512,512,512,0,20,4,48,64,"0x0","0x7f3e25f697c0",4181345577421305,4181345577652637,4181345577670063,4181345577751216,17426
1781,"loop_reduce_window_fusion_6.kd",2,8,1987,1277591,1277591,32,32,0,0,32,0,16,64,"0x0","0x7f3e25f69800",4181345577430760,4181345577670063,4181345577680078,4181345577700741,10015
1782,"loop_broadcast_fusion_1.kd",2,8,1988,1277591,1277591,8192,256,0,0,4,4,16,64,"0x0","0x7f3e25f69840",4181345577438351,4181345577680078,4181345577685045,4181345577740290,4967
1783,"input_scatter_fusion_1.kd",2,8,1989,1277591,1277591,8192,256,0,0,8,0,32,64,"0x0","0x7f3e25f69880",4181345577445411,4181345577685045,4181345577690494,4181345577801491,5449
1784,"loop_reduce_window_fusion_5.kd",2,8,1990,1277591,1277591,8192,256,0,0,8,0,16,64,"0x0","0x7f3e25f698c0",4181345577453433,4181345577690494,4181345577695541,4181345577771576,5047
1785,"loop_reduce_window_fusion_4.kd",2,8,1991,1277591,1277591,512,256,0,0,8,0,16,64,"0x0","0x7f3e25f69900",4181345577585670,4181345577695541,4181345577700549,4181345577790254,5008
1786,"loop_reduce_window_fusion_3.kd",2,8,1992,1277591,1277591,32,32,0,0,8,0,16,64,"0x0","0x7f3e25f69940",4181345577594573,4181345577700549,4181345577705236,4181345577795792,4687
1787,"loop_select_fusion_6.kd",2,8,1993,1277591,1277591,8192,256,0,0,8,0,32,64,"0x0","0x7f3e25f69980",4181345577618899,4181345577705236,4181345577710283,4181345577759498,5047
1788,"loop_select_fusion_1.kd",2,8,1994,1277591,1277591,8192,256,0,0,8,0,16,64,"0x0","0x7f3e25f699c0",4181345577670416,4181345577710283,4181345577715050,4181345577784846,4767
1789,"loop_broadcast_fusion_4.kd",2,8,1995,1277591,1277591,16,16,0,0,4,4,16,64,"0x0","0x7f3e25f69a00",4181345577680721,4181345577715050,4181345577719176,4181345577779638,4126
1790,"__amd_rocclr_fillBufferAligned.kd",2,8,1996,1277591,1277591,77824,256,0,0,12,4,48,64,"0x0","0x7f669ba7b580",4181345577694281,4181345577769451,4181345577783832,4181345577809883,14381
1791,"__amd_rocclr_fillBufferAligned.kd",2,8,1997,1277591,1277591,16128,256,0,0,12,4,48,64,"0x0","0x7f669ba7b580",4181345577766759,4181345577815720,4181345577818444,4181345577822763,2724
1792,"transformer_engine::fused_attn_rocm::populate_rng_state_kernel(long*, long const*, long) [clone .kd]",2,8,1998,1277591,1277591,1,1,0,0,8,0,16,64,"0x0","0x7f3e25f8d380",4181345577820139,4181345577831023,4181345577832585,4181345577833078,1562
1793,"__amd_rocclr_fillBufferAligned.kd",2,8,1999,1277591,1277591,256,256,0,0,12,4,48,64,"0x0","0x7f669ba7b580",4181345577834330,4181345577848529,4181345577850532,4181345577852997,2003
1794,"ck_fused_attn::get_runtime_max_seqlen_kernel(unsigned long, int const*, int const*, unsigned long*) [clone .kd]",2,8,2000,1277591,1277591,4096,128,0,0,4,4,32,64,"0x0","0x7f3e25f58940",4181345577848431,4181345577859144,4181345577864793,4181345577869923,5649
1795,"__amd_rocclr_copyBuffer.kd",2,8,2001,1277591,1277591,512,512,0,0,16,0,32,64,"0x7f7ea9073d00","0x7f669ba7b600",4181345577858606,4181345577869840,4181345577874928,4181345577877794,5088
1796,"__amd_rocclr_fillBufferAligned.kd",2,8,2003,1277591,1277591,256,256,0,0,12,4,48,64,"0x0","0x7f669ba7b580",4181345577897694,4181345577906735,4181345577908658,4181345577936051,1923
1797,"ck_fused_attn::get_runtime_max_seqlen_kernel(unsigned long, int const*, int const*, unsigned long*) [clone .kd]",2,8,2004,1277591,1277591,4096,128,0,0,4,4,32,64,"0x0","0x7f3e25f58940",4181345577905225,4181345577913305,4181345577919234,4181345577949401,5929
1798,"__amd_rocclr_copyBuffer.kd",2,8,2005,1277591,1277591,512,512,0,0,16,0,32,64,"0x7f7ea91e8900","0x7f669ba7b600",4181345577912125,4181345577924001,4181345577929289,4181345577944634,5288
1799,"void transformer_engine::fused_attn_rocm::compute_scores_kernel<__half, transformer_engine::fused_attn_rocm::SmallSeqConfig<6, 128, 256, false, (transformer_engine::fused_attn_rocm::CausalMaskType)0>, 1>(__half const*, __half const*, __half*, float, int const*, int const*, int, int) [clone .kd]",2,8,2007,1277591,1277591,64000,64,0,0,92,4,48,64,"0x0","0x7f3e240cea80",4181345577961148,4181345577971111,4181345578002157,4181345578010241,31046
1800,"void transformer_engine::fused_attn_rocm::apply_mask_and_softmax_kernel<__half, transformer_engine::fused_attn_rocm::SmallSeqConfig<6, 128, 256, false, (transformer_engine::fused_attn_rocm::CausalMaskType)0> >(__half*, __half const*, float, int const*, int, int) [clone .kd]",2,8,2008,1277591,1277591,390144,256,1024,0,12,4,16,64,"0x0","0x7f3e240ceac0",4181345577970733,4181345578002157,4181345578007245,4181345578022269,5088
1801,"void transformer_engine::fused_attn_rocm::compute_output_kernel<__half, transformer_engine::fused_attn_rocm::SmallSeqConfig<6, 128, 256, false, (transformer_engine::fused_attn_rocm::CausalMaskType)0>, 2, 8>(__half const*, __half const*, __half*, int const*, int const*, int, int) [clone .kd]",2,8,2009,1277591,1277591,512000,64,12288,0,20,4,32,64,"0x0","0x7f3e240ceb00",4181345577979456,4181345578007245,4181345578049628,4181345578054547,42383
1802,"loop_broadcast_fusion_5.kd",2,8,2010,1277591,1277591,2048000,256,0,0,4,4,16,64,"0x0","0x7f3e25f69a40",4181345577988609,4181345578049628,4181345578057840,4181345578063440,8212
1803,"__amd_rocclr_fillBufferAligned.kd",2,8,2011,1277591,1277591,77824,256,0,0,12,4,48,64,"0x0","0x7f669ba7b580",4181345578002299,4181345578057840,4181345578064770,4181345578068438,6930
1804,"__amd_rocclr_fillBufferAligned.kd",2,8,2012,1277591,1277591,77824,256,0,0,12,4,48,64,"0x0","0x7f669ba7b580",4181345578017122,4181345578064770,4181345578082597,4181345578084422,17827
1805,"__amd_rocclr_fillBufferAligned.kd",2,8,2013,1277591,1277591,77824,256,0,0,12,4,48,64,"0x0","0x7f669ba7b580",4181345578035359,4181345578082597,4181345578100143,4181345578107866,17546
1806,"__amd_rocclr_fillBufferAligned.kd",2,8,2014,1277591,1277591,256,256,0,0,12,4,48,64,"0x0","0x7f669ba7b580",4181345578042950,4181345578100143,4181345578104950,4181345578114977,4807
1807,"ck_fused_attn::get_runtime_max_seqlen_kernel(unsigned long, int const*, int const*, unsigned long*) [clone .kd]",2,8,2015,1277591,1277591,4096,128,0,0,4,4,32,64,"0x0","0x7f3e25f58940",4181345578049259,4181345578104950,4181345578110919,4181345578119464,5969
1808,"__amd_rocclr_copyBuffer.kd",2,8,2016,1277591,1277591,512,512,0,0,16,0,32,64,"0x7f7ea91e8800","0x7f669ba7b600",4181345578057462,4181345578110919,4181345578116327,4181345578125953,5408
1809,"__amd_rocclr_fillBufferAligned.kd",2,8,2018,1277591,1277591,256,256,0,0,12,4,48,64,"0x0","0x7f669ba7b580",4181345578146063,4181345578156186,4181345578158229,4181345578159033,2043
1810,"ck_fused_attn::get_runtime_max_seqlen_kernel(unsigned long, int const*, int const*, unsigned long*) [clone .kd]",2,8,2019,1277591,1277591,4096,128,0,0,4,4,32,64,"0x0","0x7f3e25f58940",4181345578154035,4181345578163157,4181345578171930,4181345578177180,8773
1811,"__amd_rocclr_copyBuffer.kd",2,8,2020,1277591,1277591,512,512,0,0,16,0,32,64,"0x7f7ea91e8700","0x7f669ba7b600",4181345578161536,4181345578171930,4181345578177378,4181345578181776,5448
1812,"void transformer_engine::fused_attn_rocm::compute_grad_v_kernel<__half, transformer_engine::fused_attn_rocm::SmallSeqConfig<6, 128, 256, false, (transformer_engine::fused_attn_rocm::CausalMaskType)0>, 16, 16>(__half const*, __half const*, __half*, int const*, int const*, int, int) [clone .kd]",2,8,2022,1277591,1277591,256000,64,12288,0,28,4,32,64,"0x0","0x7f3e240d0200",4181345578196809,4181345578207943,4181345578267191,4181345578268025,59248
1813,"void transformer_engine::fused_attn_rocm::compute_grad_attn_kernel<__half, transformer_engine::fused_attn_rocm::SmallSeqConfig<6, 128, 256, false, (transformer_engine::fused_attn_rocm::CausalMaskType)0>, 16>(__half const*, __half const*, __half*, int const*, int const*, int, int) [clone .kd]",2,8,2023,1277591,1277591,8000,64,0,0,104,0,64,64,"0x0","0x7f3e240d0240",4181345578206774,4181345578267191,4181345578490043,4181345578489815,222852
1814,"void transformer_engine::fused_attn_rocm::softmax_backward_kernel<__half, transformer_engine::fused_attn_rocm::SmallSeqConfig<6, 128, 256, false, (transformer_engine::fused_attn_rocm::CausalMaskType)0> >(__half const*, __half const*, __half*, float, int const*, int, int) [clone .kd]",2,8,2024,1277591,1277591,390144,256,1024,0,16,0,16,64,"0x0","0x7f3e240d0280",4181345578214585,4181345578490043,4181345578496492,4181345578503044,6449
1815,"void transformer_engine::fused_attn_rocm::compute_grad_qk_kernel<__half, transformer_engine::fused_attn_rocm::SmallSeqConfig<6, 128, 256, false, (transformer_engine::fused_attn_rocm::CausalMaskType)0>, 4, 16>(__half const*, __half const*, __half const*, __half*, __half*, float, int const*, int const*, int, int) [clone .kd]",2,8,2025,1277591,1277591,1024000,64,12288,0,36,4,64,64,"0x0","0x7f3e240d02c0",4181345578221766,4181345578496492,4181345578643871,4181345578650534,147379
1816,"input_reduce_fusion.kd",2,8,2026,1277591,1277591,524288,256,512,0,16,0,16,64,"0x0","0x7f3e25f69a80",4181345578229698,4181345578643871,4181345578652364,4181345578659367,8493
1817,"input_reduce_fusion_3.kd",2,8,2027,1277591,1277591,128,128,512,0,24,0,16,64,"0x0","0x7f3e25f69ac0",4181345578238851,4181345578652364,4181345578658053,4181345578670403,5689
1818,"loop_convert_fusion.kd",2,8,2028,1277591,1277591,1,1,0,0,4,4,16,64,"0x0","0x7f3e25f69b00",4181345578247644,4181345578658053,4181345578662499,4181345578679336,4446
1819,"input_reduce_reduce_window_fusion_3.kd",2,8,2031,1277591,1277591,9728,256,0,0,28,4,48,64,"0x0","0x7f3e25f69000",4181345578348274,4181345578674517,4181345578684892,4181345578695711,10375
1820,"loop_reduce_window_fusion_11.kd",2,8,2032,1277591,1277591,1536,256,0,0,8,0,16,64,"0x0","0x7f3e25f69040",4181345578357668,4181345578684892,4181345578691382,4181345578702731,6490
1821,"loop_slice_fusion_5.kd",2,8,2033,1277591,1277591,6,6,0,0,20,4,16,64,"0x0","0x7f3e25f69080",4181345578364909,4181345578691382,4181345578696430,4181345578708580,5048
1822,"loop_broadcast_fusion_2.kd",2,8,2034,1277591,1277591,24064,256,0,0,4,4,16,64,"0x0","0x7f3e25f690c0",4181345578372460,4181345578696430,4181345578701317,4181345578714439,4887
1823,"input_scatter_fusion_2.kd",2,8,2035,1277591,1277591,24064,256,0,0,12,4,32,64,"0x0","0x7f3e25f69100",4181345578379921,4181345578701317,4181345578708407,4181345578720197,7090
1824,"loop_reduce_window_fusion_10.kd",2,8,2036,1277591,1277591,24064,256,0,0,8,0,16,64,"0x0","0x7f3e25f69140",4181345578386561,4181345578708407,4181345578713815,4181345578725976,5408
1825,"loop_reduce_window_fusion_11.kd",2,8,2037,1277591,1277591,1536,256,0,0,8,0,16,64,"0x0","0x7f3e25f69040",4181345578393832,4181345578713815,4181345578718783,4181345578731905,4968
1826,"loop_slice_fusion_4.kd",2,8,2038,1277591,1277591,94,94,0,0,24,0,16,64,"0x0","0x7f3e25f69180",4181345578401073,4181345578718783,4181345578724151,4181345578738444,5368
1827,"input_reduce_fusion_1.kd",2,8,2039,1277591,1277591,64,64,0,0,8,0,16,64,"0x0","0x7f3e25f691c0",4181345578408113,4181345578724151,4181345578728758,4181345578747748,4607
1828,"loop_select_fusion_5.kd",2,8,2040,1277591,1277591,24064,256,0,0,8,0,32,64,"0x0","0x7f3e25f69200",4181345578415143,4181345578728758,4181345578733725,4181345578753316,4967
1829,"loop_select_fusion_2.kd",2,8,2041,1277591,1277591,24064,256,0,0,4,4,16,64,"0x0","0x7f3e25f69240",4181345578421954,4181345578733725,4181345578738612,4181345578759115,4887
1830,"loop_reduce_window_fusion_10.kd",2,8,2042,1277591,1277591,24064,256,0,0,8,0,16,64,"0x0","0x7f3e25f69140",4181345578428413,4181345578738612,4181345578743379,4181345578764823,4767
1831,"loop_reduce_window_fusion_11.kd",2,8,2043,1277591,1277591,1536,256,0,0,8,0,16,64,"0x0","0x7f3e25f69040",4181345578435494,4181345578743379,4181345578748227,4181345578769991,4848
1832,"loop_slice_fusion_5.kd",2,8,2044,1277591,1277591,6,6,0,0,20,4,16,64,"0x0","0x7f3e25f69080",4181345578441523,4181345578748227,4181345578752834,4181345578775379,4607
1833,"input_concatenate_fusion.kd",2,8,2045,1277591,1277591,24064,256,0,0,12,4,32,64,"0x0","0x7f3e25f69280",4181345578448884,4181345578752834,4181345578758602,4181345578781208,5768
1834,"input_reduce_reduce_window_fusion.kd",2,8,2046,1277591,1277591,11264,256,0,0,36,4,48,64,"0x0","0x7f3e25f692c0",4181345578455333,4181345578758602,4181345578768777,4181345578786926,10175
1835,"loop_reduce_window_fusion_2.kd",2,8,2047,1277591,1277591,1792,256,0,0,8,0,16,64,"0x0","0x7f3e25f69300",4181345578462414,4181345578768777,4181345578773825,4181345578792555,5048
1836,"loop_slice_fusion_7.kd",2,8,2048,1277591,1277591,7,7,0,0,20,4,16,64,"0x0","0x7f3e25f69340",4181345578469795,4181345578773825,4181345578778392,4181345578803791,4567
1837,"loop_broadcast_fusion.kd",2,8,2049,1277591,1277591,28160,256,0,0,4,4,16,64,"0x0","0x7f3e25f69380",4181345578476485,4181345578778392,4181345578783399,4181345578827737,5007
1838,"input_scatter_fusion.kd",2,8,2050,1277591,1277591,28160,256,0,0,12,4,32,64,"0x0","0x7f3e25f693c0",4181345578483766,4181345578783399,4181345578790650,4181345578812244,7251
1839,"loop_reduce_window_fusion_1.kd",2,8,2051,1277591,1277591,28160,256,0,0,8,0,16,64,"0x0","0x7f3e25f69400",4181345578490055,4181345578790650,4181345578795537,4181345578797943,4887
1840,"loop_reduce_window_fusion_2.kd",2,8,2052,1277591,1277591,1792,256,0,0,8,0,16,64,"0x0","0x7f3e25f69300",4181345578504617,4181345578795537,4181345578800625,4181345578836170,5088
1841,"loop_slice_fusion_7.kd",2,8,2053,1277591,1277591,7,7,0,0,20,4,16,64,"0x0","0x7f3e25f69340",4181345578518167,4181345578800625,4181345578805272,4181345578851693,4647
1842,"loop_slice_fusion_3.kd",2,8,2054,1277591,1277591,110,110,0,0,8,0,16,64,"0x0","0x7f3e25f69440",4181345578526419,4181345578805272,4181345578809918,4181345578857902,4646
1843,"input_reduce_fusion_2.kd",2,8,2055,1277591,1277591,64,64,0,0,8,0,16,64,"0x0","0x7f3e25f69480",4181345578534030,4181345578809918,4181345578814565,4181345578863751,4647
1844,"loop_select_fusion_4.kd",2,8,2056,1277591,1277591,28160,256,0,0,8,0,32,64,"0x0","0x7f3e25f694c0",4181345578541672,4181345578814565,4181345578819533,4181345578869399,4968
1845,"loop_select_fusion.kd",2,8,2057,1277591,1277591,28160,256,0,0,8,0,16,64,"0x0","0x7f3e25f69500",4181345578548552,4181345578819533,4181345578824380,4181345578875188,4847
1846,"loop_compare_fusion_1.kd",2,8,2058,1277591,1277591,4096,256,0,0,4,4,16,64,"0x0","0x7f3e25f69540",4181345578556093,4181345578824380,4181345578829067,4181345578880465,4687
1847,"input_reduce_reduce_window_fusion_2.kd",2,8,2059,1277591,1277591,256,256,512,0,20,4,32,64,"0x0","0x7f3e25f69580",4181345578562943,4181345578829067,4181345578844490,4181345578886725,15423
1848,"loop_slice_fusion_1.kd",2,8,2060,1277591,1277591,16,16,0,0,20,4,16,64,"0x0","0x7f3e25f695c0",4181345578570204,4181345578844490,4181345578849177,4181345578892323,4687
1849,"loop_broadcast_fusion_3.kd",2,8,2061,1277591,1277591,4096,256,0,0,4,4,16,64,"0x0","0x7f3e25f69600",4181345578577164,4181345578849177,4181345578854144,4181345578897661,4967
1850,"input_scatter_fusion_3.kd",2,8,2062,1277591,1277591,4096,256,0,0,8,0,32,64,"0x0","0x7f3e25f69640",4181345578583694,4181345578854144,4181345578860434,4181345578903209,6290
1851,"loop_reduce_window_fusion_13.kd",2,8,2063,1277591,1277591,4096,256,0,0,8,0,16,64,"0x0","0x7f3e25f69680",4181345578591305,4181345578860434,4181345578865321,4181345578908878,4887
1852,"loop_slice_fusion_1.kd",2,8,2064,1277591,1277591,16,16,0,0,20,4,16,64,"0x0","0x7f3e25f695c0",4181345578597795,4181345578865321,4181345578870008,4181345578914296,4687
1853,"loop_remainder_fusion.kd",2,8,2065,1277591,1277591,4096,256,0,0,12,4,16,64,"0x0","0x7f3e25f696c0",4181345578605787,4181345578870008,4181345578875897,4181345578921877,5889
1854,"loop_select_fusion_3.kd",2,8,2066,1277591,1277591,4096,256,0,0,8,0,32,64,"0x0","0x7f3e25f69700",4181345578613368,4181345578875897,4181345578880784,4181345579006343,4887
1855,"loop_reduce_window_fusion_13.kd",2,8,2067,1277591,1277591,4096,256,0,0,8,0,16,64,"0x0","0x7f3e25f69680",4181345578621050,4181345578880784,4181345578885631,4181345579011941,4847
1856,"loop_slice_fusion_1.kd",2,8,2068,1277591,1277591,16,16,0,0,20,4,16,64,"0x0","0x7f3e25f695c0",4181345578628170,4181345578885631,4181345578890358,4181345579016928,4727
1857,"input_concatenate_fusion_1.kd",2,8,2069,1277591,1277591,4096,256,0,0,8,0,32,64,"0x0","0x7f3e25f69740",4181345578634750,4181345578890358,4181345578896006,4181345578927445,5648
1858,"loop_compare_fusion.kd",2,8,2070,1277591,1277591,8192,256,0,0,4,4,16,64,"0x0","0x7f3e25f69780",4181345578642421,4181345578896006,4181345578901014,4181345578932863,5008
1859,"input_reduce_reduce_window_fusion_1.kd",2,8,2071,1277591,1277591,512,512,512,0,20,4,48,64,"0x0","0x7f3e25f697c0",4181345578649772,4181345578901014,4181345578917478,4181345578994685,16464
1860,"loop_reduce_window_fusion_6.kd",2,8,2072,1277591,1277591,32,32,0,0,32,0,16,64,"0x0","0x7f3e25f69800",4181345578666507,4181345578917478,4181345578927253,4181345579000684,9775
1861,"loop_broadcast_fusion_1.kd",2,8,2073,1277591,1277591,8192,256,0,0,4,4,16,64,"0x0","0x7f3e25f69840",4181345578674559,4181345578927253,4181345578932180,4181345578940695,4927
1862,"input_scatter_fusion_1.kd",2,8,2074,1277591,1277591,8192,256,0,0,8,0,32,64,"0x0","0x7f3e25f69880",4181345578684154,4181345578932180,4181345578937909,4181345579022176,5729
1863,"loop_reduce_window_fusion_5.kd",2,8,2075,1277591,1277591,8192,256,0,0,8,0,16,64,"0x0","0x7f3e25f698c0",4181345578697343,4181345578937909,4181345578942916,4181345579029487,5007
1864,"loop_reduce_window_fusion_4.kd",2,8,2076,1277591,1277591,512,256,0,0,8,0,16,64,"0x0","0x7f3e25f69900",4181345578825303,4181345578942916,4181345578947763,4181345578989047,4847
1865,"loop_reduce_window_fusion_3.kd",2,8,2077,1277591,1277591,32,32,0,0,8,0,16,64,"0x0","0x7f3e25f69940",4181345578842709,4181345578951729,4181345578955615,4181345578977830,3886
1866,"loop_select_fusion_6.kd",2,8,2078,1277591,1277591,8192,256,0,0,8,0,32,64,"0x0","0x7f3e25f69980",4181345578975367,4181345578986381,4181345578989546,4181345579038270,3165
1867,"loop_select_fusion_1.kd",2,8,2079,1277591,1277591,8192,256,0,0,8,0,16,64,"0x0","0x7f3e25f699c0",4181345578985762,4181345578995394,4181345578998118,4181345579043408,2724
1868,"loop_broadcast_fusion_4.kd",2,8,2080,1277591,1277591,16,16,0,0,4,4,16,64,"0x0","0x7f3e25f69a00",4181345578994365,4181345579044547,4181345579046310,4181345579050088,1763
1869,"__amd_rocclr_fillBufferAligned.kd",2,8,2081,1277591,1277591,77824,256,0,0,12,4,48,64,"0x0","0x7f669ba7b580",4181345579049677,4181345579068223,4181345579082644,4181345579084088,14421
1870,"__amd_rocclr_fillBufferAligned.kd",2,8,2082,1277591,1277591,16128,256,0,0,12,4,48,64,"0x0","0x7f669ba7b580",4181345579065250,4181345579082644,4181345579088493,4181345579088755,5849
1871,"transformer_engine::fused_attn_rocm::populate_rng_state_kernel(long*, long const*, long) [clone .kd]",2,8,2083,1277591,1277591,1,1,0,0,8,0,16,64,"0x0","0x7f3e25f8d380",4181345579078139,4181345579088493,4181345579092619,4181345579096647,4126
1872,"__amd_rocclr_fillBufferAligned.kd",2,8,2084,1277591,1277591,256,256,0,0,12,4,48,64,"0x0","0x7f669ba7b580",4181345579090728,4181345579099870,4181345579101712,4181345579101965,1842
1873,"ck_fused_attn::get_runtime_max_seqlen_kernel(unsigned long, int const*, int const*, unsigned long*) [clone .kd]",2,8,2085,1277591,1277591,4096,128,0,0,4,4,32,64,"0x0","0x7f3e25f58940",4181345579098440,4181345579108643,4181345579114211,4181345579114303,5568
1874,"__amd_rocclr_copyBuffer.kd",2,8,2086,1277591,1277591,512,512,0,0,16,0,32,64,"0x7f7ea91e8500","0x7f669ba7b600",4181345579107834,4181345579119379,4181345579124266,4181345579129766,4887
1875,"__amd_rocclr_fillBufferAligned.kd",2,8,2088,1277591,1277591,256,256,0,0,12,4,48,64,"0x0","0x7f669ba7b580",4181345579149125,4181345579158076,4181345579159799,4181345579196956,1723
1876,"ck_fused_attn::get_runtime_max_seqlen_kernel(unsigned long, int const*, int const*, unsigned long*) [clone .kd]",2,8,2089,1277591,1277591,4096,128,0,0,4,4,32,64,"0x0","0x7f3e25f58940",4181345579160322,4181345579169453,4181345579175061,4181345579209294,5608
1877,"__amd_rocclr_copyBuffer.kd",2,8,2090,1277591,1277591,512,512,0,0,16,0,32,64,"0x7f7ea91e8400","0x7f669ba7b600",4181345579168604,4181345579179869,4181345579185437,4181345579202725,5568
1878,"void transformer_engine::fused_attn_rocm::compute_scores_kernel<__half, transformer_engine::fused_attn_rocm::SmallSeqConfig<6, 128, 256, false, (transformer_engine::fused_attn_rocm::CausalMaskType)0>, 1>(__half const*, __half const*, __half*, float, int const*, int const*, int, int) [clone .kd]",2,8,2092,1277591,1277591,64000,64,0,0,92,4,48,64,"0x0","0x7f3e240cea80",4181345579217957,4181345579227499,4181345579258506,4181345579260881,31007
1879,"void transformer_engine::fused_attn_rocm::apply_mask_and_softmax_kernel<__half, transformer_engine::fused_attn_rocm::SmallSeqConfig<6, 128, 256, false, (transformer_engine::fused_attn_rocm::CausalMaskType)0> >(__half*, __half const*, float, int const*, int, int) [clone .kd]",2,8,2093,1277591,1277591,390144,256,1024,0,12,4,16,64,"0x0","0x7f3e240ceac0",4181345579225178,4181345579258506,4181345579263673,4181345579275653,5167
1880,"void transformer_engine::fused_attn_rocm::compute_output_kernel<__half, transformer_engine::fused_attn_rocm::SmallSeqConfig<6, 128, 256, false, (transformer_engine::fused_attn_rocm::CausalMaskType)0>, 2, 8>(__half const*, __half const*, __half*, int const*, int const*, int, int) [clone .kd]",2,8,2094,1277591,1277591,512000,64,12288,0,20,4,32,64,"0x0","0x7f3e240ceb00",4181345579233500,4181345579263673,4181345579309381,4181345579311356,45708
1881,"loop_broadcast_fusion_5.kd",2,8,2095,1277591,1277591,2048000,256,0,0,4,4,16,64,"0x0","0x7f3e25f69a40",4181345579242654,4181345579309381,4181345579317473,4181345579321011,8092
1882,"__amd_rocclr_fillBufferAligned.kd",2,8,2096,1277591,1277591,77824,256,0,0,12,4,48,64,"0x0","0x7f669ba7b580",4181345579255543,4181345579317473,4181345579324404,4181345579326168,6931
1883,"__amd_rocclr_fillBufferAligned.kd",2,8,2097,1277591,1277591,77824,256,0,0,12,4,48,64,"0x0","0x7f669ba7b580",4181345579270315,4181345579324404,4181345579342190,4181345579351025,17786
1884,"__amd_rocclr_fillBufferAligned.kd",2,8,2098,1277591,1277591,77824,256,0,0,12,4,48,64,"0x0","0x7f669ba7b580",4181345579288943,4181345579342190,4181345579359696,4181345579370604,17506
1885,"__amd_rocclr_fillBufferAligned.kd",2,8,2099,1277591,1277591,256,256,0,0,12,4,48,64,"0x0","0x7f669ba7b580",4181345579296755,4181345579359696,4181345579364383,4181345579365737,4687
1886,"ck_fused_attn::get_runtime_max_seqlen_kernel(unsigned long, int const*, int const*, unsigned long*) [clone .kd]",2,8,2100,1277591,1277591,4096,128,0,0,4,4,32,64,"0x0","0x7f3e25f58940",4181345579302814,4181345579364383,4181345579370352,4181345579383443,5969
1887,"__amd_rocclr_copyBuffer.kd",2,8,2101,1277591,1277591,512,512,0,0,16,0,32,64,"0x7f7ea91e8300","0x7f669ba7b600",4181345579311286,4181345579370352,4181345579376000,4181345579376723,5648
1888,"__amd_rocclr_fillBufferAligned.kd",2,8,2103,1277591,1277591,256,256,0,0,12,4,48,64,"0x0","0x7f669ba7b580",4181345579395491,4181345579406766,4181345579408889,4181345579413869,2123
1889,"ck_fused_attn::get_runtime_max_seqlen_kernel(unsigned long, int const*, int const*, unsigned long*) [clone .kd]",2,8,2104,1277591,1277591,4096,128,0,0,4,4,32,64,"0x0","0x7f3e25f58940",4181345579407479,4181345579416140,4181345579421869,4181345579422602,5729
1890,"__amd_rocclr_copyBuffer.kd",2,8,2105,1277591,1277591,512,512,0,0,16,0,32,64,"0x7f7ea91e8200","0x7f669ba7b600",4181345579414900,4181345579428879,4181345579435409,4181345579437694,6530
1891,"void transformer_engine::fused_attn_rocm::compute_grad_v_kernel<__half, transformer_engine::fused_attn_rocm::SmallSeqConfig<6, 128, 256, false, (transformer_engine::fused_attn_rocm::CausalMaskType)0>, 16, 16>(__half const*, __half const*, __half*, int const*, int const*, int, int) [clone .kd]",2,8,2107,1277591,1277591,256000,64,12288,0,28,4,32,64,"0x0","0x7f3e240d0200",4181345579452907,4181345579464572,4181345579522779,4181345579524984,58207
1892,"void transformer_engine::fused_attn_rocm::compute_grad_attn_kernel<__half, transformer_engine::fused_attn_rocm::SmallSeqConfig<6, 128, 256, false, (transformer_engine::fused_attn_rocm::CausalMaskType)0>, 16>(__half const*, __half const*, __half*, int const*, int const*, int, int) [clone .kd]",2,8,2108,1277591,1277591,8000,64,0,0,104,0,64,64,"0x0","0x7f3e240d0240",4181345579463232,4181345579522779,4181345579745430,4181345579746844,222651
1893,"void transformer_engine::fused_attn_rocm::softmax_backward_kernel<__half, transformer_engine::fused_attn_rocm::SmallSeqConfig<6, 128, 256, false, (transformer_engine::fused_attn_rocm::CausalMaskType)0> >(__half const*, __half const*, __half*, float, int const*, int, int) [clone .kd]",2,8,2109,1277591,1277591,390144,256,1024,0,16,0,16,64,"0x0","0x7f3e240d0280",4181345579471174,4181345579745430,4181345579751439,4181345579754285,6009
1894,"void transformer_engine::fused_attn_rocm::compute_grad_qk_kernel<__half, transformer_engine::fused_attn_rocm::SmallSeqConfig<6, 128, 256, false, (transformer_engine::fused_attn_rocm::CausalMaskType)0>, 4, 16>(__half const*, __half const*, __half const*, __half*, __half*, float, int const*, int const*, int, int) [clone .kd]",2,8,2110,1277591,1277591,1024000,64,12288,0,36,4,64,64,"0x0","0x7f3e240d02c0",4181345579478935,4181345579751439,4181345579908112,4181345579909816,156673
1895,"input_reduce_fusion.kd",2,8,2111,1277591,1277591,524288,256,512,0,16,0,16,64,"0x0","0x7f3e25f69a80",4181345579486827,4181345579908112,4181345579918006,4181345579919481,9894
1896,"input_reduce_fusion_3.kd",2,8,2112,1277591,1277591,128,128,512,0,24,0,16,64,"0x0","0x7f3e25f69ac0",4181345579495931,4181345579918006,4181345579922613,4181345579925149,4607
1897,"loop_convert_fusion.kd",2,8,2113,1277591,1277591,1,1,0,0,4,4,16,64,"0x0","0x7f3e25f69b00",4181345579504684,4181345579922613,4181345579928141,4181345579934283,5528
1898,"input_reduce_reduce_window_fusion_3.kd",2,8,2116,1277591,1277591,9728,256,0,0,28,4,48,64,"0x0","0x7f3e25f69000",4181345579593806,4181345579942763,4181345579953139,4181345579967812,10376
1899,"loop_reduce_window_fusion_11.kd",2,8,2117,1277591,1277591,1536,256,0,0,8,0,16,64,"0x0","0x7f3e25f69040",4181345579602920,4181345579953139,4181345579960590,4181345579975193,7451
1900,"loop_slice_fusion_5.kd",2,8,2118,1277591,1277591,6,6,0,0,20,4,16,64,"0x0","0x7f3e25f69080",4181345579610451,4181345579960590,4181345579965998,4181345579981533,5408
1901,"loop_broadcast_fusion_2.kd",2,8,2119,1277591,1277591,24064,256,0,0,4,4,16,64,"0x0","0x7f3e25f690c0",4181345579616911,4181345579965998,4181345579971526,4181345579987101,5528
1902,"input_scatter_fusion_2.kd",2,8,2120,1277591,1277591,24064,256,0,0,12,4,32,64,"0x0","0x7f3e25f69100",4181345579625193,4181345579971526,4181345579977815,4181345579992820,6289
1903,"loop_reduce_window_fusion_10.kd",2,8,2121,1277591,1277591,24064,256,0,0,8,0,16,64,"0x0","0x7f3e25f69140",4181345579631633,4181345579977815,4181345579982663,4181345579998578,4848
1904,"loop_reduce_window_fusion_11.kd",2,8,2122,1277591,1277591,1536,256,0,0,8,0,16,64,"0x0","0x7f3e25f69040",4181345579638272,4181345579982663,4181345579987550,4181345580004267,4887
1905,"loop_slice_fusion_4.kd",2,8,2123,1277591,1277591,94,94,0,0,24,0,16,64,"0x0","0x7f3e25f69180",4181345579644952,4181345579987550,4181345579993118,4181345580011177,5568
1906,"input_reduce_fusion_1.kd",2,8,2124,1277591,1277591,64,64,0,0,8,0,16,64,"0x0","0x7f3e25f691c0",4181345579651432,4181345579993118,4181345579997765,4181345580017256,4647
1907,"loop_select_fusion_5.kd",2,8,2125,1277591,1277591,24064,256,0,0,8,0,32,64,"0x0","0x7f3e25f69200",4181345579658472,4181345579997765,4181345580002692,4181345580022754,4927
1908,"loop_select_fusion_2.kd",2,8,2126,1277591,1277591,24064,256,0,0,4,4,16,64,"0x0","0x7f3e25f69240",4181345579665072,4181345580002692,4181345580007540,4181345580030345,4848
1909,"loop_reduce_window_fusion_10.kd",2,8,2127,1277591,1277591,24064,256,0,0,8,0,16,64,"0x0","0x7f3e25f69140",4181345579671612,4181345580007540,4181345580012267,4181345580035653,4727
1910,"loop_reduce_window_fusion_11.kd",2,8,2128,1277591,1277591,1536,256,0,0,8,0,16,64,"0x0","0x7f3e25f69040",4181345579677861,4181345580012267,4181345580017394,4181345580041472,5127
1911,"loop_slice_fusion_5.kd",2,8,2129,1277591,1277591,6,6,0,0,20,4,16,64,"0x0","0x7f3e25f69080",4181345579684872,4181345580017394,4181345580022081,4181345580046830,4687
1912,"input_concatenate_fusion.kd",2,8,2130,1277591,1277591,24064,256,0,0,12,4,32,64,"0x0","0x7f3e25f69280",4181345579691842,4181345580022081,4181345580027770,4181345580052368,5689
1913,"input_reduce_reduce_window_fusion.kd",2,8,2131,1277591,1277591,11264,256,0,0,36,4,48,64,"0x0","0x7f3e25f692c0",4181345579699203,4181345580027770,4181345580038506,4181345580057866,10736
1914,"loop_reduce_window_fusion_2.kd",2,8,2132,1277591,1277591,1792,256,0,0,8,0,16,64,"0x0","0x7f3e25f69300",4181345579706454,4181345580038506,4181345580043793,4181345580063505,5287
1915,"loop_slice_fusion_7.kd",2,8,2133,1277591,1277591,7,7,0,0,20,4,16,64,"0x0","0x7f3e25f69340",4181345579713424,4181345580043793,4181345580048440,4181345580068783,4647
1916,"loop_broadcast_fusion.kd",2,8,2134,1277591,1277591,28160,256,0,0,4,4,16,64,"0x0","0x7f3e25f69380",4181345579720234,4181345580048440,4181345580053408,4181345580079709,4968
1917,"input_scatter_fusion.kd",2,8,2135,1277591,1277591,28160,256,0,0,12,4,32,64,"0x0","0x7f3e25f693c0",4181345579727095,4181345580053408,4181345580060659,4181345580074361,7251
1918,"loop_reduce_window_fusion_1.kd",2,8,2136,1277591,1277591,28160,256,0,0,8,0,16,64,"0x0","0x7f3e25f69400",4181345579734075,4181345580060659,4181345580065546,4181345580111176,4887
1919,"loop_reduce_window_fusion_2.kd",2,8,2137,1277591,1277591,1792,256,0,0,8,0,16,64,"0x0","0x7f3e25f69300",4181345579740935,4181345580065546,4181345580070513,4181345580088402,4967
1920,"loop_slice_fusion_7.kd",2,8,2138,1277591,1277591,7,7,0,0,20,4,16,64,"0x0","0x7f3e25f69340",4181345579747234,4181345580070513,4181345580075200,4181345580138967,4687
1921,"loop_slice_fusion_3.kd",2,8,2139,1277591,1277591,110,110,0,0,8,0,16,64,"0x0","0x7f3e25f69440",4181345579768055,4181345580075200,4181345580079847,4181345580145336,4647
1922,"input_reduce_fusion_2.kd",2,8,2140,1277591,1277591,64,64,0,0,8,0,16,64,"0x0","0x7f3e25f69480",4181345579775547,4181345580079847,4181345580084494,4181345580151345,4647
1923,"loop_select_fusion_4.kd",2,8,2141,1277591,1277591,28160,256,0,0,8,0,32,64,"0x0","0x7f3e25f694c0",4181345579783298,4181345580084494,4181345580089461,4181345580157114,4967
1924,"loop_select_fusion.kd",2,8,2142,1277591,1277591,28160,256,0,0,8,0,16,64,"0x0","0x7f3e25f69500",4181345579790759,4181345580089461,4181345580094349,4181345580162812,4888
1925,"loop_compare_fusion_1.kd",2,8,2143,1277591,1277591,4096,256,0,0,4,4,16,64,"0x0","0x7f3e25f69540",4181345579797569,4181345580094349,4181345580099156,4181345580168040,4807
1926,"input_reduce_reduce_window_fusion_2.kd",2,8,2144,1277591,1277591,256,256,512,0,20,4,32,64,"0x0","0x7f3e25f69580",4181345579805070,4181345580099156,4181345580114819,4181345580133639,15663
1927,"loop_slice_fusion_1.kd",2,8,2145,1277591,1277591,16,16,0,0,20,4,16,64,"0x0","0x7f3e25f695c0",4181345579811600,4181345580114819,4181345580119506,4181345580121902,4687
1928,"loop_broadcast_fusion_3.kd",2,8,2146,1277591,1277591,4096,256,0,0,4,4,16,64,"0x0","0x7f3e25f69600",4181345579819051,4181345580119506,4181345580124393,4181345580217153,4887
1929,"input_scatter_fusion_3.kd",2,8,2147,1277591,1277591,4096,256,0,0,8,0,32,64,"0x0","0x7f3e25f69640",4181345579826302,4181345580124393,4181345580130683,4181345580223683,6290
1930,"loop_reduce_window_fusion_13.kd",2,8,2148,1277591,1277591,4096,256,0,0,8,0,16,64,"0x0","0x7f3e25f69680",4181345579834124,4181345580130683,4181345580135450,4181345580229351,4767
1931,"loop_slice_fusion_1.kd",2,8,2149,1277591,1277591,16,16,0,0,20,4,16,64,"0x0","0x7f3e25f695c0",4181345579840824,4181345580135450,4181345580140097,4181345580234739,4647
1932,"loop_remainder_fusion.kd",2,8,2150,1277591,1277591,4096,256,0,0,12,4,16,64,"0x0","0x7f3e25f696c0",4181345579846983,4181345580140097,4181345580146066,4181345580240127,5969
1933,"loop_select_fusion_3.kd",2,8,2151,1277591,1277591,4096,256,0,0,8,0,32,64,"0x0","0x7f3e25f69700",4181345579854624,4181345580146066,4181345580150913,4181345580204855,4847
1934,"loop_reduce_window_fusion_13.kd",2,8,2152,1277591,1277591,4096,256,0,0,8,0,16,64,"0x0","0x7f3e25f69680",4181345579861745,4181345580150913,4181345580155720,4181345580199116,4807
1935,"loop_slice_fusion_1.kd",2,8,2153,1277591,1277591,16,16,0,0,20,4,16,64,"0x0","0x7f3e25f695c0",4181345579868825,4181345580155720,4181345580160487,4181345580193348,4767
1936,"input_concatenate_fusion_1.kd",2,8,2154,1277591,1277591,4096,256,0,0,8,0,32,64,"0x0","0x7f3e25f69740",4181345579876336,4181345580160487,4181345580166175,4181345580187409,5688
1937,"loop_compare_fusion.kd",2,8,2155,1277591,1277591,8192,256,0,0,4,4,16,64,"0x0","0x7f3e25f69780",4181345579882676,4181345580166175,4181345580171103,4181345580176533,4928
1938,"input_reduce_reduce_window_fusion_1.kd",2,8,2156,1277591,1277591,512,512,512,0,20,4,48,64,"0x0","0x7f3e25f697c0",4181345579890257,4181345580171103,4181345580187607,4181345580294759,16504
1939,"loop_reduce_window_fusion_6.kd",2,8,2157,1277591,1277591,32,32,0,0,32,0,16,64,"0x0","0x7f3e25f69800",4181345579897358,4181345580187607,4181345580197061,4181345580300217,9454
1940,"loop_broadcast_fusion_1.kd",2,8,2158,1277591,1277591,8192,256,0,0,4,4,16,64,"0x0","0x7f3e25f69840",4181345579903447,4181345580197061,4181345580202069,4181345580305675,5008
1941,"input_scatter_fusion_1.kd",2,8,2159,1277591,1277591,8192,256,0,0,8,0,32,64,"0x0","0x7f3e25f69880",4181345579910287,4181345580202069,4181345580207637,4181345580248159,5568
1942,"loop_reduce_window_fusion_5.kd",2,8,2160,1277591,1277591,8192,256,0,0,8,0,16,64,"0x0","0x7f3e25f698c0",4181345579939370,4181345580207637,4181345580212645,4181345580287338,5008
1943,"loop_reduce_window_fusion_4.kd",2,8,2161,1277591,1277591,512,256,0,0,8,0,16,64,"0x0","0x7f3e25f69900",4181345579948374,4181345580212645,4181345580217973,4181345580259076,5328
1944,"loop_reduce_window_fusion_3.kd",2,8,2162,1277591,1277591,32,32,0,0,8,0,16,64,"0x0","0x7f3e25f69940",4181345579955534,4181345580217973,4181345580222740,4181345580276381,4767
1945,"loop_select_fusion_6.kd",2,8,2163,1277591,1277591,8192,256,0,0,8,0,32,64,"0x0","0x7f3e25f69980",4181345579963716,4181345580222740,4181345580227787,4181345580311203,5047
1946,"loop_select_fusion_1.kd",2,8,2164,1277591,1277591,8192,256,0,0,8,0,16,64,"0x0","0x7f3e25f699c0",4181345579971618,4181345580227787,4181345580232634,4181345580253287,4847
1947,"loop_broadcast_fusion_4.kd",2,8,2165,1277591,1277591,16,16,0,0,4,4,16,64,"0x0","0x7f3e25f69a00",4181345580101972,4181345580232634,4181345580237722,4181345580265065,5088
1948,"__amd_rocclr_fillBufferAligned.kd",2,8,2166,1277591,1277591,77824,256,0,0,12,4,48,64,"0x0","0x7f669ba7b580",4181345580135963,4181345580237722,4181345580251102,4181345580270793,13380
1949,"__amd_rocclr_fillBufferAligned.kd",2,8,2167,1277591,1277591,16128,256,0,0,12,4,48,64,"0x0","0x7f669ba7b580",4181345580143854,4181345580251102,4181345580256069,4181345580281779,4967
1950,"transformer_engine::fused_attn_rocm::populate_rng_state_kernel(long*, long const*, long) [clone .kd]",2,8,2168,1277591,1277591,1,1,0,0,8,0,16,64,"0x0","0x7f3e25f8d380",4181345580186177,4181345580256069,4181345580260155,4181345580319265,4086
1951,"__amd_rocclr_fillBufferAligned.kd",2,8,2169,1277591,1277591,256,256,0,0,12,4,48,64,"0x0","0x7f669ba7b580",4181345580259106,4181345580325653,4181345580327616,4181345580330672,1963
1952,"ck_fused_attn::get_runtime_max_seqlen_kernel(unsigned long, int const*, int const*, unsigned long*) [clone .kd]",2,8,2170,1277591,1277591,4096,128,0,0,4,4,32,64,"0x0","0x7f3e25f58940",4181345580328208,4181345580346163,4181345580351772,4181345580353166,5609
1953,"__amd_rocclr_copyBuffer.kd",2,8,2171,1277591,1277591,512,512,0,0,16,0,32,64,"0x7f7ea91ea000","0x7f669ba7b600",4181345580345915,4181345580356859,4181345580361947,4181345580368869,5088
1954,"__amd_rocclr_fillBufferAligned.kd",2,8,2173,1277591,1277591,256,256,0,0,12,4,48,64,"0x0","0x7f669ba7b580",4181345580388017,4181345580396999,4181345580398882,4181345580443230,1883
1955,"ck_fused_attn::get_runtime_max_seqlen_kernel(unsigned long, int const*, int const*, unsigned long*) [clone .kd]",2,8,2174,1277591,1277591,4096,128,0,0,4,4,32,64,"0x0","0x7f3e25f58940",4181345580406565,4181345580418991,4181345580424680,4181345580453325,5689
1956,"__amd_rocclr_copyBuffer.kd",2,8,2175,1277591,1277591,512,512,0,0,16,0,32,64,"0x7f7ea91e9f00","0x7f669ba7b600",4181345580417581,4181345580429647,4181345580435256,4181345580448247,5609
1957,"void transformer_engine::fused_attn_rocm::compute_scores_kernel<__half, transformer_engine::fused_attn_rocm::SmallSeqConfig<6, 128, 256, false, (transformer_engine::fused_attn_rocm::CausalMaskType)0>, 1>(__half const*, __half const*, __half*, float, int const*, int const*, int, int) [clone .kd]",2,8,2177,1277591,1277591,64000,64,0,0,92,4,48,64,"0x0","0x7f3e240cea80",4181345580464882,4181345580474314,4181345580506041,4181345580512823,31727
1958,"void transformer_engine::fused_attn_rocm::apply_mask_and_softmax_kernel<__half, transformer_engine::fused_attn_rocm::SmallSeqConfig<6, 128, 256, false, (transformer_engine::fused_attn_rocm::CausalMaskType)0> >(__half*, __half const*, float, int const*, int, int) [clone .kd]",2,8,2178,1277591,1277591,390144,256,1024,0,12,4,16,64,"0x0","0x7f3e240ceac0",4181345580472363,4181345580506041,4181345580511128,4181345580520755,5087
1959,"void transformer_engine::fused_attn_rocm::compute_output_kernel<__half, transformer_engine::fused_attn_rocm::SmallSeqConfig<6, 128, 256, false, (transformer_engine::fused_attn_rocm::CausalMaskType)0>, 2, 8>(__half const*, __half const*, __half*, int const*, int const*, int, int) [clone .kd]",2,8,2179,1277591,1277591,512000,64,12288,0,20,4,32,64,"0x0","0x7f3e240ceb00",4181345580478863,4181345580511128,4181345580555114,4181345580557009,43986
1960,"loop_broadcast_fusion_5.kd",2,8,2180,1277591,1277591,2048000,256,0,0,4,4,16,64,"0x0","0x7f3e25f69a40",4181345580486454,4181345580555114,4181345580563366,4181345580567264,8252
1961,"__amd_rocclr_fillBufferAligned.kd",2,8,2181,1277591,1277591,77824,256,0,0,12,4,48,64,"0x0","0x7f669ba7b580",4181345580506383,4181345580563366,4181345580570256,4181345580572532,6890
1962,"__amd_rocclr_fillBufferAligned.kd",2,8,2182,1277591,1277591,77824,256,0,0,12,4,48,64,"0x0","0x7f669ba7b580",4181345580513314,4181345580570256,4181345580588043,4181345580587875,17787
1963,"__amd_rocclr_fillBufferAligned.kd",2,8,2183,1277591,1277591,77824,256,0,0,12,4,48,64,"0x0","0x7f669ba7b580",4181345580535627,4181345580588043,4181345580605829,4181345580616097,17786
1964,"__amd_rocclr_fillBufferAligned.kd",2,8,2184,1277591,1277591,256,256,0,0,12,4,48,64,"0x0","0x7f669ba7b580",4181345580543559,4181345580605829,4181345580610596,4181345580611310,4767
1965,"ck_fused_attn::get_runtime_max_seqlen_kernel(unsigned long, int const*, int const*, unsigned long*) [clone .kd]",2,8,2185,1277591,1277591,4096,128,0,0,4,4,32,64,"0x0","0x7f3e25f58940",4181345580549728,4181345580610596,4181345580616525,4181345580627484,5929
1966,"__amd_rocclr_copyBuffer.kd",2,8,2186,1277591,1277591,512,512,0,0,16,0,32,64,"0x7f7ea91e9e00","0x7f669ba7b600",4181345580558411,4181345580616525,4181345580621773,4181345580622696,5248
1967,"__amd_rocclr_fillBufferAligned.kd",2,8,2188,1277591,1277591,256,256,0,0,12,4,48,64,"0x0","0x7f669ba7b580",4181345580640473,4181345580649655,4181345580652098,4181345580655485,2443
1968,"ck_fused_attn::get_runtime_max_seqlen_kernel(unsigned long, int const*, int const*, unsigned long*) [clone .kd]",2,8,2189,1277591,1277591,4096,128,0,0,4,4,32,64,"0x0","0x7f3e25f58940",4181345580648335,4181345580656985,4181345580663074,4181345580664298,6089
1969,"__amd_rocclr_copyBuffer.kd",2,8,2190,1277591,1277591,512,512,0,0,16,0,32,64,"0x7f7ea9072980","0x7f669ba7b600",4181345580655846,4181345580670165,4181345580676615,4181345580679431,6450
1970,"void transformer_engine::fused_attn_rocm::compute_grad_v_kernel<__half, transformer_engine::fused_attn_rocm::SmallSeqConfig<6, 128, 256, false, (transformer_engine::fused_attn_rocm::CausalMaskType)0>, 16, 16>(__half const*, __half const*, __half*, int const*, int const*, int, int) [clone .kd]",2,8,2192,1277591,1277591,256000,64,12288,0,28,4,32,64,"0x0","0x7f3e240d0200",4181345580694433,4181345580706900,4181345580766268,4181345580773781,59368
1971,"void transformer_engine::fused_attn_rocm::compute_grad_attn_kernel<__half, transformer_engine::fused_attn_rocm::SmallSeqConfig<6, 128, 256, false, (transformer_engine::fused_attn_rocm::CausalMaskType)0>, 16>(__half const*, __half const*, __half*, int const*, int const*, int, int) [clone .kd]",2,8,2193,1277591,1277591,8000,64,0,0,104,0,64,64,"0x0","0x7f3e240d0240",4181345580705840,4181345580766268,4181345580989520,4181345580994109,223252
1972,"void transformer_engine::fused_attn_rocm::softmax_backward_kernel<__half, transformer_engine::fused_attn_rocm::SmallSeqConfig<6, 128, 256, false, (transformer_engine::fused_attn_rocm::CausalMaskType)0> >(__half const*, __half const*, __half*, float, int const*, int, int) [clone .kd]",2,8,2194,1277591,1277591,390144,256,1024,0,16,0,16,64,"0x0","0x7f3e240d0280",4181345580712961,4181345580989520,4181345580995289,4181345581001290,5769
1973,"void transformer_engine::fused_attn_rocm::compute_grad_qk_kernel<__half, transformer_engine::fused_attn_rocm::SmallSeqConfig<6, 128, 256, false, (transformer_engine::fused_attn_rocm::CausalMaskType)0>, 4, 16>(__half const*, __half const*, __half const*, __half*, __half*, float, int const*, int const*, int, int) [clone .kd]",2,8,2195,1277591,1277591,1024000,64,12288,0,36,4,64,64,"0x0","0x7f3e240d02c0",4181345580720642,4181345580995289,4181345581146433,4181345581150491,151144
1974,"input_reduce_fusion.kd",2,8,2196,1277591,1277591,524288,256,512,0,16,0,16,64,"0x0","0x7f3e25f69a80",4181345580730998,4181345581146433,4181345581155968,4181345581157973,9535
1975,"input_reduce_fusion_3.kd",2,8,2197,1277591,1277591,128,128,512,0,24,0,16,64,"0x0","0x7f3e25f69ac0",4181345580737497,4181345581155968,4181345581161456,4181345581163791,5488
1976,"loop_convert_fusion.kd",2,8,2198,1277591,1277591,1,1,0,0,4,4,16,64,"0x0","0x7f3e25f69b00",4181345580745219,4181345581161456,4181345581165462,4181345581174447,4006
1977,"input_reduce_reduce_window_fusion_3.kd",2,8,2201,1277591,1277591,9728,256,0,0,28,4,48,64,"0x0","0x7f3e25f69000",4181345580855803,4181345581178000,4181345581188536,4181345581188788,10536
1978,"loop_reduce_window_fusion_11.kd",2,8,2202,1277591,1277591,1536,256,0,0,8,0,16,64,"0x0","0x7f3e25f69040",4181345580865387,4181345581188536,4181345581195827,4181345581195558,7291
1979,"loop_slice_fusion_5.kd",2,8,2203,1277591,1277591,6,6,0,0,20,4,16,64,"0x0","0x7f3e25f69080",4181345580872498,4181345581195827,4181345581200674,4181345581200756,4847
1980,"loop_broadcast_fusion_2.kd",2,8,2204,1277591,1277591,24064,256,0,0,4,4,16,64,"0x0","0x7f3e25f690c0",4181345580879619,4181345581200674,4181345581206322,4181345581206284,5648
1981,"input_scatter_fusion_2.kd",2,8,2205,1277591,1277591,24064,256,0,0,12,4,32,64,"0x0","0x7f3e25f69100",4181345580887661,4181345581206322,4181345581214535,4181345581220586,8213
1982,"loop_reduce_window_fusion_10.kd",2,8,2206,1277591,1277591,24064,256,0,0,8,0,16,64,"0x0","0x7f3e25f69140",4181345580894981,4181345581214535,4181345581220744,4181345581226825,6209
1983,"loop_reduce_window_fusion_11.kd",2,8,2207,1277591,1277591,1536,256,0,0,8,0,16,64,"0x0","0x7f3e25f69040",4181345580902493,4181345581220744,4181345581226472,4181345581232754,5728
1984,"loop_slice_fusion_4.kd",2,8,2208,1277591,1277591,94,94,0,0,24,0,16,64,"0x0","0x7f3e25f69180",4181345580909924,4181345581226472,4181345581232121,4181345581238272,5649
1985,"input_reduce_fusion_1.kd",2,8,2209,1277591,1277591,64,64,0,0,8,0,16,64,"0x0","0x7f3e25f691c0",4181345580917184,4181345581232121,4181345581236808,4181345581243980,4687
1986,"loop_select_fusion_5.kd",2,8,2210,1277591,1277591,24064,256,0,0,8,0,32,64,"0x0","0x7f3e25f69200",4181345580925307,4181345581236808,4181345581241775,4181345581249368,4967
1987,"loop_select_fusion_2.kd",2,8,2211,1277591,1277591,24064,256,0,0,4,4,16,64,"0x0","0x7f3e25f69240",4181345580932397,4181345581241775,4181345581246622,4181345581254857,4847
1988,"loop_reduce_window_fusion_10.kd",2,8,2212,1277591,1277591,24064,256,0,0,8,0,16,64,"0x0","0x7f3e25f69140",4181345580939207,4181345581246622,4181345581251349,4181345581272483,4727
1989,"loop_reduce_window_fusion_11.kd",2,8,2213,1277591,1277591,1536,256,0,0,8,0,16,64,"0x0","0x7f3e25f69040",4181345580945406,4181345581251349,4181345581256116,4181345581278051,4767
1990,"loop_slice_fusion_5.kd",2,8,2214,1277591,1277591,6,6,0,0,20,4,16,64,"0x0","0x7f3e25f69080",4181345580951395,4181345581256116,4181345581260763,4181345581283579,4647
1991,"input_concatenate_fusion.kd",2,8,2215,1277591,1277591,24064,256,0,0,12,4,32,64,"0x0","0x7f3e25f69280",4181345580958095,4181345581260763,4181345581266492,4181345581289178,5729
1992,"input_reduce_reduce_window_fusion.kd",2,8,2216,1277591,1277591,11264,256,0,0,36,4,48,64,"0x0","0x7f3e25f692c0",4181345580964735,4181345581266492,4181345581276587,4181345581335426,10095
1993,"loop_reduce_window_fusion_2.kd",2,8,2217,1277591,1277591,1792,256,0,0,8,0,16,64,"0x0","0x7f3e25f69300",4181345580971836,4181345581276587,4181345581281554,4181345581319192,4967
1994,"loop_slice_fusion_7.kd",2,8,2218,1277591,1277591,7,7,0,0,20,4,16,64,"0x0","0x7f3e25f69340",4181345580979978,4181345581281554,4181345581286201,4181345581294646,4647
1995,"loop_broadcast_fusion.kd",2,8,2219,1277591,1277591,28160,256,0,0,4,4,16,64,"0x0","0x7f3e25f69380",4181345580986738,4181345581286201,4181345581291169,4181345581300314,4968
1996,"input_scatter_fusion.kd",2,8,2220,1277591,1277591,28160,256,0,0,12,4,32,64,"0x0","0x7f3e25f693c0",4181345580993929,4181345581291169,4181345581298780,4181345581311351,7611
1997,"loop_reduce_window_fusion_1.kd",2,8,2221,1277591,1277591,28160,256,0,0,8,0,16,64,"0x0","0x7f3e25f69400",4181345581007168,4181345581298780,4181345581303627,4181345581306083,4847
1998,"loop_reduce_window_fusion_2.kd",2,8,2222,1277591,1277591,1792,256,0,0,8,0,16,64,"0x0","0x7f3e25f69300",4181345581014119,4181345581303627,4181345581308595,4181345581340744,4968
1999,"loop_slice_fusion_7.kd",2,8,2223,1277591,1277591,7,7,0,0,20,4,16,64,"0x0","0x7f3e25f69340",4181345581021119,4181345581308595,4181345581313201,4181345581348236,4606
2000,"loop_slice_fusion_3.kd",2,8,2224,1277591,1277591,110,110,0,0,8,0,16,64,"0x0","0x7f3e25f69440",4181345581027789,4181345581313201,4181345581317848,4181345581354645,4647
2001,"input_reduce_fusion_2.kd",2,8,2225,1277591,1277591,64,64,0,0,8,0,16,64,"0x0","0x7f3e25f69480",4181345581035010,4181345581317848,4181345581322495,4181345581362016,4647
2002,"loop_select_fusion_4.kd",2,8,2226,1277591,1277591,28160,256,0,0,8,0,32,64,"0x0","0x7f3e25f694c0",4181345581043182,4181345581322495,4181345581327503,4181345581367765,5008
2003,"loop_select_fusion.kd",2,8,2227,1277591,1277591,28160,256,0,0,8,0,16,64,"0x0","0x7f3e25f69500",4181345581050453,4181345581327503,4181345581332390,4181345581373343,4887
2004,"loop_compare_fusion_1.kd",2,8,2228,1277591,1277591,4096,256,0,0,4,4,16,64,"0x0","0x7f3e25f69540",4181345581057874,4181345581332390,4181345581337157,4181345581378801,4767
2005,"input_reduce_reduce_window_fusion_2.kd",2,8,2229,1277591,1277591,256,256,512,0,20,4,32,64,"0x0","0x7f3e25f69580",4181345581064453,4181345581337157,4181345581352940,4181345581384219,15783
2006,"loop_slice_fusion_1.kd",2,8,2230,1277591,1277591,16,16,0,0,20,4,16,64,"0x0","0x7f3e25f695c0",4181345581071724,4181345581352940,4181345581357627,4181345581389377,4687
2007,"loop_broadcast_fusion_3.kd",2,8,2231,1277591,1277591,4096,256,0,0,4,4,16,64,"0x0","0x7f3e25f69600",4181345581078454,4181345581357627,4181345581362515,4181345581395205,4888
2008,"input_scatter_fusion_3.kd",2,8,2232,1277591,1277591,4096,256,0,0,8,0,32,64,"0x0","0x7f3e25f69640",4181345581085895,4181345581362515,4181345581368804,4181345581400684,6289
2009,"loop_reduce_window_fusion_13.kd",2,8,2233,1277591,1277591,4096,256,0,0,8,0,16,64,"0x0","0x7f3e25f69680",4181345581093076,4181345581368804,4181345581373651,4181345581406492,4847
2010,"loop_slice_fusion_1.kd",2,8,2234,1277591,1277591,16,16,0,0,20,4,16,64,"0x0","0x7f3e25f695c0",4181345581099876,4181345581373651,4181345581378418,4181345581412341,4767
2011,"loop_remainder_fusion.kd",2,8,2235,1277591,1277591,4096,256,0,0,12,4,16,64,"0x0","0x7f3e25f696c0",4181345581107197,4181345581378418,4181345581384227,4181345581417458,5809
2012,"loop_select_fusion_3.kd",2,8,2236,1277591,1277591,4096,256,0,0,8,0,32,64,"0x0","0x7f3e25f69700",4181345581114618,4181345581384227,4181345581389154,4181345581467333,4927
2013,"loop_reduce_window_fusion_13.kd",2,8,2237,1277591,1277591,4096,256,0,0,8,0,16,64,"0x0","0x7f3e25f69680",4181345581122059,4181345581389154,4181345581394002,4181345581472821,4848
2014,"loop_slice_fusion_1.kd",2,8,2238,1277591,1277591,16,16,0,0,20,4,16,64,"0x0","0x7f3e25f695c0",4181345581129120,4181345581394002,4181345581398688,4181345581436557,4686
2015,"input_concatenate_fusion_1.kd",2,8,2239,1277591,1277591,4096,256,0,0,8,0,32,64,"0x0","0x7f3e25f69740",4181345581136090,4181345581398688,4181345581404297,4181345581422696,5609
2016,"loop_compare_fusion.kd",2,8,2240,1277591,1277591,8192,256,0,0,4,4,16,64,"0x0","0x7f3e25f69780",4181345581143631,4181345581404297,4181345581409224,4181345581428275,4927
2017,"input_reduce_reduce_window_fusion_1.kd",2,8,2241,1277591,1277591,512,512,512,0,20,4,48,64,"0x0","0x7f3e25f697c0",4181345581150722,4181345581409224,4181345581427171,4181345581480873,17947
2018,"loop_reduce_window_fusion_6.kd",2,8,2242,1277591,1277591,32,32,0,0,32,0,16,64,"0x0","0x7f3e25f69800",4181345581181367,4181345581427171,4181345581436745,4181345581461965,9574
2019,"loop_broadcast_fusion_1.kd",2,8,2243,1277591,1277591,8192,256,0,0,4,4,16,64,"0x0","0x7f3e25f69840",4181345581189570,4181345581436745,4181345581441753,4181345581534272,5008
2020,"input_scatter_fusion_1.kd",2,8,2244,1277591,1277591,8192,256,0,0,8,0,32,64,"0x0","0x7f3e25f69880",4181345581220476,4181345581441753,4181345581447281,4181345581539680,5528
2021,"loop_reduce_window_fusion_5.kd",2,8,2245,1277591,1277591,8192,256,0,0,8,0,16,64,"0x0","0x7f3e25f698c0",4181345581331601,4181345581447281,4181345581452288,4181345581527903,5007
2022,"loop_reduce_window_fusion_4.kd",2,8,2246,1277591,1277591,512,256,0,0,8,0,16,64,"0x0","0x7f3e25f69900",4181345581349447,4181345581452288,4181345581457095,4181345581521704,4807
2023,"loop_reduce_window_fusion_3.kd",2,8,2247,1277591,1277591,32,32,0,0,8,0,16,64,"0x0","0x7f3e25f69940",4181345581451559,4181345581489263,4181345581493670,4181345581515665,4407
2024,"loop_select_fusion_6.kd",2,8,2248,1277591,1277591,8192,256,0,0,8,0,32,64,"0x0","0x7f3e25f69980",4181345581514493,4181345581556002,4181345581559127,4181345581559179,3125
2025,"loop_select_fusion_1.kd",2,8,2249,1277591,1277591,8192,256,0,0,8,0,16,64,"0x0","0x7f3e25f699c0",4181345581554422,4181345581563894,4181345581566658,4181345581567131,2764
2026,"loop_broadcast_fusion_4.kd",2,8,2250,1277591,1277591,16,16,0,0,4,4,16,64,"0x0","0x7f3e25f69a00",4181345581562634,4181345581572307,4181345581574270,4181345581573911,1963
2027,"__amd_rocclr_fillBufferAligned.kd",2,8,2251,1277591,1277591,77824,256,0,0,12,4,48,64,"0x0","0x7f669ba7b580",4181345581575834,4181345581584325,4181345581597825,4181345581604086,13500
2028,"__amd_rocclr_fillBufferAligned.kd",2,8,2252,1277591,1277591,16128,256,0,0,12,4,48,64,"0x0","0x7f669ba7b580",4181345581581873,4181345581597825,4181345581603032,4181345581610636,5207
2029,"transformer_engine::fused_attn_rocm::populate_rng_state_kernel(long*, long const*, long) [clone .kd]",2,8,2253,1277591,1277591,1,1,0,0,8,0,16,64,"0x0","0x7f3e25f8d380",4181345581592539,4181345581603032,4181345581607118,4181345581618948,4086
2030,"__amd_rocclr_fillBufferAligned.kd",2,8,2254,1277591,1277591,256,256,0,0,12,4,48,64,"0x0","0x7f669ba7b580",4181345581604607,4181345581624905,4181345581626948,4181345581626790,2043
2031,"ck_fused_attn::get_runtime_max_seqlen_kernel(unsigned long, int const*, int const*, unsigned long*) [clone .kd]",2,8,2255,1277591,1277591,4096,128,0,0,4,4,32,64,"0x0","0x7f3e25f58940",4181345581625338,4181345581641570,4181345581647499,4181345581647180,5929
2032,"__amd_rocclr_copyBuffer.kd",2,8,2256,1277591,1277591,512,512,0,0,16,0,32,64,"0x7f7ea91e9b00","0x7f669ba7b600",4181345581641061,4181345581652386,4181345581657313,4181345581663174,4927
2033,"__amd_rocclr_fillBufferAligned.kd",2,8,2258,1277591,1277591,256,256,0,0,12,4,48,64,"0x0","0x7f669ba7b580",4181345581682703,4181345581693527,4181345581695490,4181345581719948,1963
2034,"ck_fused_attn::get_runtime_max_seqlen_kernel(unsigned long, int const*, int const*, unsigned long*) [clone .kd]",2,8,2259,1277591,1277591,4096,128,0,0,4,4,32,64,"0x0","0x7f3e25f58940",4181345581693830,4181345581702180,4181345581711674,4181345581729503,9494
2035,"__amd_rocclr_copyBuffer.kd",2,8,2260,1277591,1277591,512,512,0,0,16,0,32,64,"0x7f7ea91e9300","0x7f669ba7b600",4181345581701551,4181345581711674,4181345581718684,4181345581725066,7010
2036,"void transformer_engine::fused_attn_rocm::compute_scores_kernel<__half, transformer_engine::fused_attn_rocm::SmallSeqConfig<6, 128, 256, false, (transformer_engine::fused_attn_rocm::CausalMaskType)0>, 1>(__half const*, __half const*, __half*, float, int const*, int const*, int, int) [clone .kd]",2,8,2262,1277591,1277591,64000,64,0,0,92,4,48,64,"0x0","0x7f3e240cea80",4181345581740819,4181345581750692,4181345581782419,4181345581790754,31727
2037,"void transformer_engine::fused_attn_rocm::apply_mask_and_softmax_kernel<__half, transformer_engine::fused_attn_rocm::SmallSeqConfig<6, 128, 256, false, (transformer_engine::fused_attn_rocm::CausalMaskType)0> >(__half*, __half const*, float, int const*, int, int) [clone .kd]",2,8,2263,1277591,1277591,390144,256,1024,0,12,4,16,64,"0x0","0x7f3e240ceac0",4181345581749522,4181345581782419,4181345581787507,4181345581800258,5088
2038,"void transformer_engine::fused_attn_rocm::compute_output_kernel<__half, transformer_engine::fused_attn_rocm::SmallSeqConfig<6, 128, 256, false, (transformer_engine::fused_attn_rocm::CausalMaskType)0>, 2, 8>(__half const*, __half const*, __half*, int const*, int const*, int, int) [clone .kd]",2,8,2264,1277591,1277591,512000,64,12288,0,20,4,32,64,"0x0","0x7f3e240ceb00",4181345581757314,4181345581787507,4181345581830691,4181345581832456,43184
2039,"loop_broadcast_fusion_5.kd",2,8,2265,1277591,1277591,2048000,256,0,0,4,4,16,64,"0x0","0x7f3e25f69a40",4181345581772497,4181345581830691,4181345581838823,4181345581841539,8132
2040,"__amd_rocclr_fillBufferAligned.kd",2,8,2266,1277591,1277591,77824,256,0,0,12,4,48,64,"0x0","0x7f669ba7b580",4181345581786117,4181345581838823,4181345581845793,4181345581846857,6970
2041,"__amd_rocclr_fillBufferAligned.kd",2,8,2267,1277591,1277591,77824,256,0,0,12,4,48,64,"0x0","0x7f669ba7b580",4181345581793938,4181345581845793,4181345581863500,4181345581871023,17707
2042,"__amd_rocclr_fillBufferAligned.kd",2,8,2268,1277591,1277591,77824,256,0,0,12,4,48,64,"0x0","0x7f669ba7b580",4181345581814359,4181345581863500,4181345581881366,4181345581886286,17866
2043,"__amd_rocclr_fillBufferAligned.kd",2,8,2269,1277591,1277591,256,256,0,0,12,4,48,64,"0x0","0x7f669ba7b580",4181345581822821,4181345581881366,4181345581886053,4181345581891363,4687
2044,"ck_fused_attn::get_runtime_max_seqlen_kernel(unsigned long, int const*, int const*, unsigned long*) [clone .kd]",2,8,2270,1277591,1277591,4096,128,0,0,4,4,32,64,"0x0","0x7f3e25f58940",4181345581828900,4181345581886053,4181345581891942,4181345581895810,5889
2045,"__amd_rocclr_copyBuffer.kd",2,8,2271,1277591,1277591,512,512,0,0,16,0,32,64,"0x7f7ea9072480","0x7f669ba7b600",4181345581836422,4181345581891942,4181345581897430,4181345581902430,5488
2046,"__amd_rocclr_fillBufferAligned.kd",2,8,2273,1277591,1277591,256,256,0,0,12,4,48,64,"0x0","0x7f669ba7b580",4181345581923932,4181345581936649,4181345581938692,4181345581939645,2043
2047,"ck_fused_attn::get_runtime_max_seqlen_kernel(unsigned long, int const*, int const*, unsigned long*) [clone .kd]",2,8,2274,1277591,1277591,4096,128,0,0,4,4,32,64,"0x0","0x7f3e25f58940",4181345581934097,4181345581942537,4181345581947985,4181345581948308,5448
2048,"__amd_rocclr_copyBuffer.kd",2,8,2275,1277591,1277591,512,512,0,0,16,0,32,64,"0x7f7ea91e9800","0x7f669ba7b600",4181345581940436,4181345581963488,4181345581970218,4181345581975128,6730
2049,"void transformer_engine::fused_attn_rocm::compute_grad_v_kernel<__half, transformer_engine::fused_attn_rocm::SmallSeqConfig<6, 128, 256, false, (transformer_engine::fused_attn_rocm::CausalMaskType)0>, 16, 16>(__half const*, __half const*, __half*, int const*, int const*, int, int) [clone .kd]",2,8,2277,1277591,1277591,256000,64,12288,0,28,4,32,64,"0x0","0x7f3e240d0200",4181345581990070,4181345582000544,4181345582060312,4181345582060615,59768
2050,"void transformer_engine::fused_attn_rocm::compute_grad_attn_kernel<__half, transformer_engine::fused_attn_rocm::SmallSeqConfig<6, 128, 256, false, (transformer_engine::fused_attn_rocm::CausalMaskType)0>, 16>(__half const*, __half const*, __half*, int const*, int const*, int, int) [clone .kd]",2,8,2278,1277591,1277591,8000,64,0,0,104,0,64,64,"0x0","0x7f3e240d0240",4181345581998473,4181345582060312,4181345582283084,4181345582292550,222772
2051,"void transformer_engine::fused_attn_rocm::softmax_backward_kernel<__half, transformer_engine::fused_attn_rocm::SmallSeqConfig<6, 128, 256, false, (transformer_engine::fused_attn_rocm::CausalMaskType)0> >(__half const*, __half const*, __half*, float, int const*, int, int) [clone .kd]",2,8,2279,1277591,1277591,390144,256,1024,0,16,0,16,64,"0x0","0x7f3e240d0280",4181345582007977,4181345582283084,4181345582289173,4181345582300722,6089
2052,"void transformer_engine::fused_attn_rocm::compute_grad_qk_kernel<__half, transformer_engine::fused_attn_rocm::SmallSeqConfig<6, 128, 256, false, (transformer_engine::fused_attn_rocm::CausalMaskType)0>, 4, 16>(__half const*, __half const*, __half const*, __half*, __half*, float, int const*, int const*, int, int) [clone .kd]",2,8,2280,1277591,1277591,1024000,64,12288,0,36,4,64,64,"0x0","0x7f3e240d02c0",4181345582016720,4181345582289173,4181345582445045,4181345582457265,155872
2053,"input_reduce_fusion.kd",2,8,2281,1277591,1277591,524288,256,512,0,16,0,16,64,"0x0","0x7f3e25f69a80",4181345582026865,4181345582445045,4181345582454659,4181345582464295,9614
2054,"input_reduce_fusion_3.kd",2,8,2282,1277591,1277591,128,128,512,0,24,0,16,64,"0x0","0x7f3e25f69ac0",4181345582033745,4181345582454659,4181345582460347,4181345582469914,5688
2055,"loop_convert_fusion.kd",2,8,2283,1277591,1277591,1,1,0,0,4,4,16,64,"0x0","0x7f3e25f69b00",4181345582040475,4181345582460347,4181345582464674,4181345582478567,4327
2056,"input_reduce_reduce_window_fusion_3.kd",2,8,2286,1277591,1277591,9728,256,0,0,28,4,48,64,"0x0","0x7f3e25f69000",4181345582128266,4181345582476251,4181345582486787,4181345582498637,10536
2057,"loop_reduce_window_fusion_11.kd",2,8,2287,1277591,1277591,1536,256,0,0,8,0,16,64,"0x0","0x7f3e25f69040",4181345582137720,4181345582486787,4181345582494118,4181345582505477,7331
2058,"loop_slice_fusion_5.kd",2,8,2288,1277591,1277591,6,6,0,0,20,4,16,64,"0x0","0x7f3e25f69080",4181345582145291,4181345582494118,4181345582499365,4181345582512377,5247
2059,"loop_broadcast_fusion_2.kd",2,8,2289,1277591,1277591,24064,256,0,0,4,4,16,64,"0x0","0x7f3e25f690c0",4181345582152492,4181345582499365,4181345582504253,4181345582518176,4888
2060,"input_scatter_fusion_2.kd",2,8,2290,1277591,1277591,24064,256,0,0,12,4,32,64,"0x0","0x7f3e25f69100",4181345582159722,4181345582504253,4181345582511223,4181345582524335,6970
2061,"loop_reduce_window_fusion_10.kd",2,8,2291,1277591,1277591,24064,256,0,0,8,0,16,64,"0x0","0x7f3e25f69140",4181345582167093,4181345582511223,4181345582516030,4181345582530173,4807
2062,"loop_reduce_window_fusion_11.kd",2,8,2292,1277591,1277591,1536,256,0,0,8,0,16,64,"0x0","0x7f3e25f69040",4181345582174745,4181345582516030,4181345582521238,4181345582536262,5208
2063,"loop_slice_fusion_4.kd",2,8,2293,1277591,1277591,94,94,0,0,24,0,16,64,"0x0","0x7f3e25f69180",4181345582181945,4181345582521238,4181345582526446,4181345582542301,5208
2064,"input_reduce_fusion_1.kd",2,8,2294,1277591,1277591,64,64,0,0,8,0,16,64,"0x0","0x7f3e25f691c0",4181345582189016,4181345582526446,4181345582531173,4181345582548340,4727
2065,"loop_select_fusion_5.kd",2,8,2295,1277591,1277591,24064,256,0,0,8,0,32,64,"0x0","0x7f3e25f69200",4181345582195936,4181345582531173,4181345582536100,4181345582554139,4927
2066,"loop_select_fusion_2.kd",2,8,2296,1277591,1277591,24064,256,0,0,4,4,16,64,"0x0","0x7f3e25f69240",4181345582202967,4181345582536100,4181345582540907,4181345582559797,4807
2067,"loop_reduce_window_fusion_10.kd",2,8,2297,1277591,1277591,24064,256,0,0,8,0,16,64,"0x0","0x7f3e25f69140",4181345582209787,4181345582540907,4181345582545594,4181345582565286,4687
2068,"loop_reduce_window_fusion_11.kd",2,8,2298,1277591,1277591,1536,256,0,0,8,0,16,64,"0x0","0x7f3e25f69040",4181345582216737,4181345582545594,4181345582550642,4181345582571114,5048
2069,"loop_slice_fusion_5.kd",2,8,2299,1277591,1277591,6,6,0,0,20,4,16,64,"0x0","0x7f3e25f69080",4181345582223597,4181345582550642,4181345582555329,4181345582578726,4687
2070,"input_concatenate_fusion.kd",2,8,2300,1277591,1277591,24064,256,0,0,12,4,32,64,"0x0","0x7f3e25f69280",4181345582230748,4181345582555329,4181345582561057,4181345582584104,5728
2071,"input_reduce_reduce_window_fusion.kd",2,8,2301,1277591,1277591,11264,256,0,0,36,4,48,64,"0x0","0x7f3e25f692c0",4181345582237488,4181345582561057,4181345582571913,4181345582589642,10856
2072,"loop_reduce_window_fusion_2.kd",2,8,2302,1277591,1277591,1792,256,0,0,8,0,16,64,"0x0","0x7f3e25f69300",4181345582245200,4181345582571913,4181345582577001,4181345582595140,5088
2073,"loop_slice_fusion_7.kd",2,8,2303,1277591,1277591,7,7,0,0,20,4,16,64,"0x0","0x7f3e25f69340",4181345582252480,4181345582577001,4181345582581648,4181345582600738,4647
2074,"loop_broadcast_fusion.kd",2,8,2304,1277591,1277591,28160,256,0,0,4,4,16,64,"0x0","0x7f3e25f69380",4181345582259911,4181345582581648,4181345582586655,4181345582611685,5007
2075,"input_scatter_fusion.kd",2,8,2305,1277591,1277591,28160,256,0,0,12,4,32,64,"0x0","0x7f3e25f693c0",4181345582267332,4181345582586655,4181345582593946,4181345582651434,7291
2076,"loop_reduce_window_fusion_1.kd",2,8,2306,1277591,1277591,28160,256,0,0,8,0,16,64,"0x0","0x7f3e25f69400",4181345582274764,4181345582593946,4181345582598833,4181345582619997,4887
2077,"loop_reduce_window_fusion_2.kd",2,8,2307,1277591,1277591,1792,256,0,0,8,0,16,64,"0x0","0x7f3e25f69300",4181345582280933,4181345582598833,4181345582603881,4181345582606096,5048
2078,"loop_slice_fusion_7.kd",2,8,2308,1277591,1277591,7,7,0,0,20,4,16,64,"0x0","0x7f3e25f69340",4181345582287713,4181345582603881,4181345582608528,4181345582659235,4647
2079,"loop_slice_fusion_3.kd",2,8,2309,1277591,1277591,110,110,0,0,8,0,16,64,"0x0","0x7f3e25f69440",4181345582295304,4181345582608528,4181345582613215,4181345582664553,4687
2080,"input_reduce_fusion_2.kd",2,8,2310,1277591,1277591,64,64,0,0,8,0,16,64,"0x0","0x7f3e25f69480",4181345582314773,4181345582613215,4181345582617902,4181345582675700,4687
2081,"loop_select_fusion_4.kd",2,8,2311,1277591,1277591,28160,256,0,0,8,0,32,64,"0x0","0x7f3e25f694c0",4181345582323796,4181345582617902,4181345582622869,4181345582684333,4967
2082,"loop_select_fusion.kd",2,8,2312,1277591,1277591,28160,256,0,0,8,0,16,64,"0x0","0x7f3e25f69500",4181345582331268,4181345582622869,4181345582627796,4181345582690702,4927
2083,"loop_compare_fusion_1.kd",2,8,2313,1277591,1277591,4096,256,0,0,4,4,16,64,"0x0","0x7f3e25f69540",4181345582338318,4181345582627796,4181345582632644,4181345582696521,4848
2084,"input_reduce_reduce_window_fusion_2.kd",2,8,2314,1277591,1277591,256,256,512,0,20,4,32,64,"0x0","0x7f3e25f69580",4181345582345258,4181345582632644,4181345582648667,4181345582702229,16023
2085,"loop_slice_fusion_1.kd",2,8,2315,1277591,1277591,16,16,0,0,20,4,16,64,"0x0","0x7f3e25f695c0",4181345582353150,4181345582648667,4181345582653354,4181345582707727,4687
2086,"loop_broadcast_fusion_3.kd",2,8,2316,1277591,1277591,4096,256,0,0,4,4,16,64,"0x0","0x7f3e25f69600",4181345582359750,4181345582653354,4181345582658162,4181345582713105,4808
2087,"input_scatter_fusion_3.kd",2,8,2317,1277591,1277591,4096,256,0,0,8,0,32,64,"0x0","0x7f3e25f69640",4181345582366440,4181345582658162,4181345582664291,4181345582718343,6129
2088,"loop_reduce_window_fusion_13.kd",2,8,2318,1277591,1277591,4096,256,0,0,8,0,16,64,"0x0","0x7f3e25f69680",4181345582373771,4181345582664291,4181345582669098,4181345582723641,4807
2089,"loop_slice_fusion_1.kd",2,8,2319,1277591,1277591,16,16,0,0,20,4,16,64,"0x0","0x7f3e25f695c0",4181345582380831,4181345582669098,4181345582673785,4181345582729129,4687
2090,"loop_remainder_fusion.kd",2,8,2320,1277591,1277591,4096,256,0,0,12,4,16,64,"0x0","0x7f3e25f696c0",4181345582388132,4181345582673785,4181345582679593,4181345582734267,5808
2091,"loop_select_fusion_3.kd",2,8,2321,1277591,1277591,4096,256,0,0,8,0,32,64,"0x0","0x7f3e25f69700",4181345582395894,4181345582679593,4181345582684481,4181345582739705,4888
2092,"loop_reduce_window_fusion_13.kd",2,8,2322,1277591,1277591,4096,256,0,0,8,0,16,64,"0x0","0x7f3e25f69680",4181345582401782,4181345582684481,4181345582689328,4181345582745143,4847
2093,"loop_slice_fusion_1.kd",2,8,2323,1277591,1277591,16,16,0,0,20,4,16,64,"0x0","0x7f3e25f695c0",4181345582409203,4181345582689328,4181345582694055,4181345582750311,4727
2094,"input_concatenate_fusion_1.kd",2,8,2324,1277591,1277591,4096,256,0,0,8,0,32,64,"0x0","0x7f3e25f69740",4181345582415373,4181345582694055,4181345582699743,4181345582757341,5688
2095,"loop_compare_fusion.kd",2,8,2325,1277591,1277591,8192,256,0,0,4,4,16,64,"0x0","0x7f3e25f69780",4181345582421852,4181345582699743,4181345582704711,4181345582817571,4968
2096,"input_reduce_reduce_window_fusion_1.kd",2,8,2326,1277591,1277591,512,512,512,0,20,4,48,64,"0x0","0x7f3e25f697c0",4181345582429604,4181345582704711,4181345582721656,4181345582823209,16945
2097,"loop_reduce_window_fusion_6.kd",2,8,2327,1277591,1277591,32,32,0,0,32,0,16,64,"0x0","0x7f3e25f69800",4181345582435973,4181345582721656,4181345582730790,4181345582828177,9134
2098,"loop_broadcast_fusion_1.kd",2,8,2328,1277591,1277591,8192,256,0,0,4,4,16,64,"0x0","0x7f3e25f69840",4181345582442633,4181345582730790,4181345582735797,4181345582806564,5007
2099,"input_scatter_fusion_1.kd",2,8,2329,1277591,1277591,8192,256,0,0,8,0,32,64,"0x0","0x7f3e25f69880",4181345582450194,4181345582735797,4181345582741365,4181345582811872,5568
2100,"loop_reduce_window_fusion_5.kd",2,8,2330,1277591,1277591,8192,256,0,0,8,0,16,64,"0x0","0x7f3e25f698c0",4181345582456093,4181345582741365,4181345582746373,4181345582765634,5008
2101,"loop_reduce_window_fusion_4.kd",2,8,2331,1277591,1277591,512,256,0,0,8,0,16,64,"0x0","0x7f3e25f69900",4181345582483534,4181345582746373,4181345582751781,4181345582833304,5408
2102,"loop_reduce_window_fusion_3.kd",2,8,2332,1277591,1277591,32,32,0,0,8,0,16,64,"0x0","0x7f3e25f69940",4181345582499838,4181345582751781,4181345582756468,4181345582838472,4687
2103,"loop_select_fusion_6.kd",2,8,2333,1277591,1277591,8192,256,0,0,8,0,32,64,"0x0","0x7f3e25f69980",4181345582649451,4181345582756468,4181345582760794,4181345582800335,4326
2104,"loop_select_fusion_1.kd",2,8,2334,1277591,1277591,8192,256,0,0,8,0,16,64,"0x0","0x7f3e25f699c0",4181345582665515,4181345582776698,4181345582779582,4181345582784662,2884
2105,"loop_broadcast_fusion_4.kd",2,8,2335,1277591,1277591,16,16,0,0,4,4,16,64,"0x0","0x7f3e25f69a00",4181345582777461,4181345582793883,4181345582795806,4181345582846734,1923
2106,"__amd_rocclr_fillBufferAligned.kd",2,8,2336,1277591,1277591,77824,256,0,0,12,4,48,64,"0x0","0x7f669ba7b580",4181345582798753,4181345582857097,4181345582871359,4181345582873003,14262
2107,"__amd_rocclr_fillBufferAligned.kd",2,8,2337,1277591,1277591,16128,256,0,0,12,4,48,64,"0x0","0x7f669ba7b580",4181345582853935,4181345582871359,4181345582875725,4181345582880354,4366
2108,"transformer_engine::fused_attn_rocm::populate_rng_state_kernel(long*, long const*, long) [clone .kd]",2,8,2338,1277591,1277591,1,1,0,0,8,0,16,64,"0x0","0x7f3e25f8d380",4181345582869959,4181345582879731,4181345582881173,4181345582887805,1442
2109,"__amd_rocclr_fillBufferAligned.kd",2,8,2339,1277591,1277591,256,256,0,0,12,4,48,64,"0x0","0x7f669ba7b580",4181345582882828,4181345582892029,4181345582893872,4181345582895917,1843
2110,"ck_fused_attn::get_runtime_max_seqlen_kernel(unsigned long, int const*, int const*, unsigned long*) [clone .kd]",2,8,2340,1277591,1277591,4096,128,0,0,4,4,32,64,"0x0","0x7f3e25f58940",4181345582890730,4181345582900081,4181345582905730,4181345582905632,5649
2111,"__amd_rocclr_copyBuffer.kd",2,8,2341,1277591,1277591,512,512,0,0,16,0,32,64,"0x7f7ea91e9600","0x7f669ba7b600",4181345582899282,4181345582910817,4181345582915665,4181345582921886,4848
2112,"__amd_rocclr_fillBufferAligned.kd",2,8,2343,1277591,1277591,256,256,0,0,12,4,48,64,"0x0","0x7f669ba7b580",4181345582943258,4181345582952559,4181345582954522,4181345582999622,1963
2113,"ck_fused_attn::get_runtime_max_seqlen_kernel(unsigned long, int const*, int const*, unsigned long*) [clone .kd]",2,8,2344,1277591,1277591,4096,128,0,0,4,4,32,64,"0x0","0x7f3e25f58940",4181345582951941,4181345582963055,4181345582971307,4181345583009606,8252
2114,"__amd_rocclr_copyBuffer.kd",2,8,2345,1277591,1277591,512,512,0,0,16,0,32,64,"0x7f7ea9072600","0x7f669ba7b600",4181345582962526,4181345582971307,4181345582977436,4181345583004930,6129
2115,"void transformer_engine::fused_attn_rocm::compute_scores_kernel<__half, transformer_engine::fused_attn_rocm::SmallSeqConfig<6, 128, 256, false, (transformer_engine::fused_attn_rocm::CausalMaskType)0>, 1>(__half const*, __half const*, __half*, float, int const*, int const*, int, int) [clone .kd]",2,8,2347,1277591,1277591,64000,64,0,0,92,4,48,64,"0x0","0x7f3e240cea80",4181345583020553,4181345583030075,4181345583061281,4181345583061954,31206
2116,"void transformer_engine::fused_attn_rocm::apply_mask_and_softmax_kernel<__half, transformer_engine::fused_attn_rocm::SmallSeqConfig<6, 128, 256, false, (transformer_engine::fused_attn_rocm::CausalMaskType)0> >(__half*, __half const*, float, int const*, int, int) [clone .kd]",2,8,2348,1277591,1277591,390144,256,1024,0,12,4,16,64,"0x0","0x7f3e240ceac0",4181345583029035,4181345583061281,4181345583066369,4181345583082845,5088
2117,"void transformer_engine::fused_attn_rocm::compute_output_kernel<__half, transformer_engine::fused_attn_rocm::SmallSeqConfig<6, 128, 256, false, (transformer_engine::fused_attn_rocm::CausalMaskType)0>, 2, 8>(__half const*, __half const*, __half*, int const*, int const*, int, int) [clone .kd]",2,8,2349,1277591,1277591,512000,64,12288,0,20,4,32,64,"0x0","0x7f3e240ceb00",4181345583036246,4181345583066369,4181345583110755,4181345583116465,44386
2118,"loop_broadcast_fusion_5.kd",2,8,2350,1277591,1277591,2048000,256,0,0,4,4,16,64,"0x0","0x7f3e25f69a40",4181345583046101,4181345583110755,4181345583118967,4181345583124327,8212
2119,"__amd_rocclr_fillBufferAligned.kd",2,8,2351,1277591,1277591,77824,256,0,0,12,4,48,64,"0x0","0x7f669ba7b580",4181345583066721,4181345583118967,4181345583125777,4181345583129625,6810
2120,"__amd_rocclr_fillBufferAligned.kd",2,8,2352,1277591,1277591,77824,256,0,0,12,4,48,64,"0x0","0x7f669ba7b580",4181345583073582,4181345583125777,4181345583143283,4181345583144287,17506
2121,"__amd_rocclr_fillBufferAligned.kd",2,8,2353,1277591,1277591,77824,256,0,0,12,4,48,64,"0x0","0x7f669ba7b580",4181345583079761,4181345583143283,4181345583160429,4181345583160160,17146
2122,"__amd_rocclr_fillBufferAligned.kd",2,8,2354,1277591,1277591,256,256,0,0,12,4,48,64,"0x0","0x7f669ba7b580",4181345583087342,4181345583160429,4181345583165196,4181345583166249,4767
2123,"ck_fused_attn::get_runtime_max_seqlen_kernel(unsigned long, int const*, int const*, unsigned long*) [clone .kd]",2,8,2355,1277591,1277591,4096,128,0,0,4,4,32,64,"0x0","0x7f3e25f58940",4181345583095244,4181345583165196,4181345583171165,4181345583172779,5969
2124,"__amd_rocclr_copyBuffer.kd",2,8,2356,1277591,1277591,512,512,0,0,16,0,32,64,"0x7f7ea9073180","0x7f669ba7b600",4181345583102314,4181345583171165,4181345583176893,4181345583177556,5728
2125,"__amd_rocclr_fillBufferAligned.kd",2,8,2358,1277591,1277591,256,256,0,0,12,4,48,64,"0x0","0x7f669ba7b580",4181345583195753,4181345583208620,4181345583210904,4181345583210565,2284
2126,"ck_fused_attn::get_runtime_max_seqlen_kernel(unsigned long, int const*, int const*, unsigned long*) [clone .kd]",2,8,2359,1277591,1277591,4096,128,0,0,4,4,32,64,"0x0","0x7f3e25f58940",4181345583206619,4181345583215430,4181345583221439,4181345583229604,6009
2127,"__amd_rocclr_copyBuffer.kd",2,8,2360,1277591,1277591,512,512,0,0,16,0,32,64,"0x7f7ea91e9a00","0x7f669ba7b600",4181345583214030,4181345583226246,4181345583230613,4181345583235432,4367
2128,"void transformer_engine::fused_attn_rocm::compute_grad_v_kernel<__half, transformer_engine::fused_attn_rocm::SmallSeqConfig<6, 128, 256, false, (transformer_engine::fused_attn_rocm::CausalMaskType)0>, 16, 16>(__half const*, __half const*, __half*, int const*, int const*, int, int) [clone .kd]",2,8,2362,1277591,1277591,256000,64,12288,0,28,4,32,64,"0x0","0x7f3e240d0200",4181345583250324,4181345583261659,4181345583320386,4181345583326838,58727
2129,"void transformer_engine::fused_attn_rocm::compute_grad_attn_kernel<__half, transformer_engine::fused_attn_rocm::SmallSeqConfig<6, 128, 256, false, (transformer_engine::fused_attn_rocm::CausalMaskType)0>, 16>(__half const*, __half const*, __half*, int const*, int const*, int, int) [clone .kd]",2,8,2363,1277591,1277591,8000,64,0,0,104,0,64,64,"0x0","0x7f3e240d0240",4181345583260760,4181345583320386,4181345583542437,4181345583542960,222051
2130,"void transformer_engine::fused_attn_rocm::softmax_backward_kernel<__half, transformer_engine::fused_attn_rocm::SmallSeqConfig<6, 128, 256, false, (transformer_engine::fused_attn_rocm::CausalMaskType)0> >(__half const*, __half const*, __half*, float, int const*, int, int) [clone .kd]",2,8,2364,1277591,1277591,390144,256,1024,0,16,0,16,64,"0x0","0x7f3e240d0280",4181345583268371,4181345583542437,4181345583548566,4181345583553886,6129
2131,"void transformer_engine::fused_attn_rocm::compute_grad_qk_kernel<__half, transformer_engine::fused_attn_rocm::SmallSeqConfig<6, 128, 256, false, (transformer_engine::fused_attn_rocm::CausalMaskType)0>, 4, 16>(__half const*, __half const*, __half const*, __half*, __half*, float, int const*, int const*, int, int) [clone .kd]",2,8,2365,1277591,1277591,1024000,64,12288,0,36,4,64,64,"0x0","0x7f3e240d02c0",4181345583274931,4181345583548566,4181345583711128,4181345583713684,162562
2132,"input_reduce_fusion.kd",2,8,2366,1277591,1277591,524288,256,512,0,16,0,16,64,"0x0","0x7f3e25f69a80",4181345583287350,4181345583711128,4181345583720662,4181345583721015,9534
2133,"input_reduce_fusion_3.kd",2,8,2367,1277591,1277591,128,128,512,0,24,0,16,64,"0x0","0x7f3e25f69ac0",4181345583294570,4181345583720662,4181345583726831,4181345583726833,6169
2134,"loop_convert_fusion.kd",2,8,2368,1277591,1277591,1,1,0,0,4,4,16,64,"0x0","0x7f3e25f69b00",4181345583302001,4181345583726831,4181345583730997,4181345583735576,4166
2135,"input_reduce_reduce_window_fusion_3.kd",2,8,2371,1277591,1277591,9728,256,0,0,28,4,48,64,"0x0","0x7f3e25f69000",4181345583403082,4181345583742935,4181345583753310,4181345583753843,10375
2136,"loop_reduce_window_fusion_11.kd",2,8,2372,1277591,1277591,1536,256,0,0,8,0,16,64,"0x0","0x7f3e25f69040",4181345583411925,4181345583753310,4181345583759880,4181345583767594,6570
2137,"loop_slice_fusion_5.kd",2,8,2373,1277591,1277591,6,6,0,0,20,4,16,64,"0x0","0x7f3e25f69080",4181345583419296,4181345583759880,4181345583764848,4181345583776918,4968
2138,"loop_broadcast_fusion_2.kd",2,8,2374,1277591,1277591,24064,256,0,0,4,4,16,64,"0x0","0x7f3e25f690c0",4181345583425956,4181345583764848,4181345583770736,4181345583782676,5888
2139,"input_scatter_fusion_2.kd",2,8,2375,1277591,1277591,24064,256,0,0,12,4,32,64,"0x0","0x7f3e25f69100",4181345583434008,4181345583770736,4181345583777747,4181345583788355,7011
2140,"loop_reduce_window_fusion_10.kd",2,8,2376,1277591,1277591,24064,256,0,0,8,0,16,64,"0x0","0x7f3e25f69140",4181345583440848,4181345583777747,4181345583782594,4181345583794023,4847
2141,"loop_reduce_window_fusion_11.kd",2,8,2377,1277591,1277591,1536,256,0,0,8,0,16,64,"0x0","0x7f3e25f69040",4181345583448359,4181345583782594,4181345583787641,4181345583800142,5047
2142,"loop_slice_fusion_4.kd",2,8,2378,1277591,1277591,94,94,0,0,24,0,16,64,"0x0","0x7f3e25f69180",4181345583455099,4181345583787641,4181345583793210,4181345583806041,5569
2143,"input_reduce_fusion_1.kd",2,8,2379,1277591,1277591,64,64,0,0,8,0,16,64,"0x0","0x7f3e25f691c0",4181345583461659,4181345583793210,4181345583797857,4181345583811880,4647
2144,"loop_select_fusion_5.kd",2,8,2380,1277591,1277591,24064,256,0,0,8,0,32,64,"0x0","0x7f3e25f69200",4181345583468439,4181345583797857,4181345583802864,4181345583817007,5007
2145,"loop_select_fusion_2.kd",2,8,2381,1277591,1277591,24064,256,0,0,4,4,16,64,"0x0","0x7f3e25f69240",4181345583475399,4181345583802864,4181345583807711,4181345583822676,4847
2146,"loop_reduce_window_fusion_10.kd",2,8,2382,1277591,1277591,24064,256,0,0,8,0,16,64,"0x0","0x7f3e25f69140",4181345583481889,4181345583807711,4181345583812518,4181345583828625,4807
2147,"loop_reduce_window_fusion_11.kd",2,8,2383,1277591,1277591,1536,256,0,0,8,0,16,64,"0x0","0x7f3e25f69040",4181345583488919,4181345583812518,4181345583817406,4181345583834904,4888
2148,"loop_slice_fusion_5.kd",2,8,2384,1277591,1277591,6,6,0,0,20,4,16,64,"0x0","0x7f3e25f69080",4181345583495579,4181345583817406,4181345583822053,4181345583840522,4647
2149,"input_concatenate_fusion.kd",2,8,2385,1277591,1277591,24064,256,0,0,12,4,32,64,"0x0","0x7f3e25f69280",4181345583503020,4181345583822053,4181345583827941,4181345583847833,5888
2150,"input_reduce_reduce_window_fusion.kd",2,8,2386,1277591,1277591,11264,256,0,0,36,4,48,64,"0x0","0x7f3e25f692c0",4181345583509901,4181345583827941,4181345583839118,4181345583853191,11177
2151,"loop_reduce_window_fusion_2.kd",2,8,2387,1277591,1277591,1792,256,0,0,8,0,16,64,"0x0","0x7f3e25f69300",4181345583516420,4181345583839118,4181345583844206,4181345583858719,5088
2152,"loop_slice_fusion_7.kd",2,8,2388,1277591,1277591,7,7,0,0,20,4,16,64,"0x0","0x7f3e25f69340",4181345583523000,4181345583844206,4181345583848892,4181345583863997,4686
2153,"loop_broadcast_fusion.kd",2,8,2389,1277591,1277591,28160,256,0,0,4,4,16,64,"0x0","0x7f3e25f69380",4181345583530221,4181345583848892,4181345583853820,4181345583869545,4928
2154,"input_scatter_fusion.kd",2,8,2390,1277591,1277591,28160,256,0,0,12,4,32,64,"0x0","0x7f3e25f693c0",4181345583537492,4181345583853820,4181345583861111,4181345583883957,7291
2155,"loop_reduce_window_fusion_1.kd",2,8,2391,1277591,1277591,28160,256,0,0,8,0,16,64,"0x0","0x7f3e25f69400",4181345583544883,4181345583861111,4181345583865998,4181345583915904,4887
2156,"loop_reduce_window_fusion_2.kd",2,8,2392,1277591,1277591,1792,256,0,0,8,0,16,64,"0x0","0x7f3e25f69300",4181345583560536,4181345583865998,4181345583871005,4181345583875334,5007
2157,"loop_slice_fusion_7.kd",2,8,2393,1277591,1277591,7,7,0,0,20,4,16,64,"0x0","0x7f3e25f69340",4181345583568948,4181345583871005,4181345583875612,4181345583926380,4607
2158,"loop_slice_fusion_3.kd",2,8,2394,1277591,1277591,110,110,0,0,8,0,16,64,"0x0","0x7f3e25f69440",4181345583576510,4181345583875612,4181345583880219,4181345583935684,4607
2159,"input_reduce_fusion_2.kd",2,8,2395,1277591,1277591,64,64,0,0,8,0,16,64,"0x0","0x7f3e25f69480",4181345583583510,4181345583880219,4181345583884906,4181345583941643,4687
2160,"loop_select_fusion_4.kd",2,8,2396,1277591,1277591,28160,256,0,0,8,0,32,64,"0x0","0x7f3e25f694c0",4181345583592884,4181345583884906,4181345583889873,4181345583946550,4967
2161,"loop_select_fusion.kd",2,8,2397,1277591,1277591,28160,256,0,0,8,0,16,64,"0x0","0x7f3e25f69500",4181345583600095,4181345583889873,4181345583894801,4181345583952829,4928
2162,"loop_compare_fusion_1.kd",2,8,2398,1277591,1277591,4096,256,0,0,4,4,16,64,"0x0","0x7f3e25f69540",4181345583606895,4181345583894801,4181345583899568,4181345583959910,4767
2163,"input_reduce_reduce_window_fusion_2.kd",2,8,2399,1277591,1277591,256,256,512,0,20,4,32,64,"0x0","0x7f3e25f69580",4181345583614616,4181345583899568,4181345583915472,4181345583965698,15904
2164,"loop_slice_fusion_1.kd",2,8,2400,1277591,1277591,16,16,0,0,20,4,16,64,"0x0","0x7f3e25f695c0",4181345583621827,4181345583915472,4181345583920118,4181345583971046,4646
2165,"loop_broadcast_fusion_3.kd",2,8,2401,1277591,1277591,4096,256,0,0,4,4,16,64,"0x0","0x7f3e25f69600",4181345583629589,4181345583920118,4181345583924966,4181345583976905,4848
2166,"input_scatter_fusion_3.kd",2,8,2402,1277591,1277591,4096,256,0,0,8,0,32,64,"0x0","0x7f3e25f69640",4181345583636028,4181345583924966,4181345583931055,4181345583982714,6089
2167,"loop_reduce_window_fusion_13.kd",2,8,2403,1277591,1277591,4096,256,0,0,8,0,16,64,"0x0","0x7f3e25f69680",4181345583643639,4181345583931055,4181345583935902,4181345583988392,4847
2168,"loop_slice_fusion_1.kd",2,8,2404,1277591,1277591,16,16,0,0,20,4,16,64,"0x0","0x7f3e25f695c0",4181345583650900,4181345583935902,4181345583940509,4181345583994501,4607
2169,"loop_remainder_fusion.kd",2,8,2405,1277591,1277591,4096,256,0,0,12,4,16,64,"0x0","0x7f3e25f696c0",4181345583656849,4181345583940509,4181345583946398,4181345584000110,5889
2170,"loop_select_fusion_3.kd",2,8,2406,1277591,1277591,4096,256,0,0,8,0,32,64,"0x0","0x7f3e25f69700",4181345583664741,4181345583946398,4181345583951205,4181345584005678,4807
2171,"loop_reduce_window_fusion_13.kd",2,8,2407,1277591,1277591,4096,256,0,0,8,0,16,64,"0x0","0x7f3e25f69680",4181345583672022,4181345583951205,4181345583956092,4181345584011617,4887
2172,"loop_slice_fusion_1.kd",2,8,2408,1277591,1277591,16,16,0,0,20,4,16,64,"0x0","0x7f3e25f695c0",4181345583678611,4181345583956092,4181345583960819,4181345584057174,4727
2173,"input_concatenate_fusion_1.kd",2,8,2409,1277591,1277591,4096,256,0,0,8,0,32,64,"0x0","0x7f3e25f69740",4181345583685552,4181345583960819,4181345583966387,4181345584062432,5568
2174,"loop_compare_fusion.kd",2,8,2410,1277591,1277591,8192,256,0,0,4,4,16,64,"0x0","0x7f3e25f69780",4181345583692061,4181345583966387,4181345583971315,4181345584067920,4928
2175,"input_reduce_reduce_window_fusion_1.kd",2,8,2411,1277591,1277591,512,512,512,0,20,4,48,64,"0x0","0x7f3e25f697c0",4181345583700364,4181345583971315,4181345583987779,4181345584017095,16464
2176,"loop_reduce_window_fusion_6.kd",2,8,2412,1277591,1277591,32,32,0,0,32,0,16,64,"0x0","0x7f3e25f69800",4181345583708005,4181345583987779,4181345583997714,4181345584030385,9935
2177,"loop_broadcast_fusion_1.kd",2,8,2413,1277591,1277591,8192,256,0,0,4,4,16,64,"0x0","0x7f3e25f69840",4181345583714585,4181345583997714,4181345584002721,4181345584075962,5007
2178,"input_scatter_fusion_1.kd",2,8,2414,1277591,1277591,8192,256,0,0,8,0,32,64,"0x0","0x7f3e25f69880",4181345583743488,4181345584002721,4181345584008209,4181345584051796,5488
2179,"loop_reduce_window_fusion_5.kd",2,8,2415,1277591,1277591,8192,256,0,0,8,0,16,64,"0x0","0x7f3e25f698c0",4181345583751139,4181345584008209,4181345584013217,4181345584022633,5008
2180,"loop_reduce_window_fusion_4.kd",2,8,2416,1277591,1277591,512,256,0,0,8,0,16,64,"0x0","0x7f3e25f69900",4181345583758741,4181345584013217,4181345584018425,4181345584036594,5208
2181,"loop_reduce_window_fusion_3.kd",2,8,2417,1277591,1277591,32,32,0,0,8,0,16,64,"0x0","0x7f3e25f69940",4181345583766332,4181345584018425,4181345584023152,4181345584085366,4727
2182,"loop_select_fusion_6.kd",2,8,2418,1277591,1277591,8192,256,0,0,8,0,32,64,"0x0","0x7f3e25f69980",4181345583912630,4181345584023152,4181345584028199,4181345584114109,5047
2183,"loop_select_fusion_1.kd",2,8,2419,1277591,1277591,8192,256,0,0,8,0,16,64,"0x0","0x7f3e25f699c0",4181345583922624,4181345584028199,4181345584033006,4181345584108591,4807
2184,"loop_broadcast_fusion_4.kd",2,8,2420,1277591,1277591,16,16,0,0,4,4,16,64,"0x0","0x7f3e25f69a00",4181345583932399,4181345584033006,4181345584037173,4181345584102011,4167
2185,"__amd_rocclr_fillBufferAligned.kd",2,8,2421,1277591,1277591,77824,256,0,0,12,4,48,64,"0x0","0x7f669ba7b580",4181345583945669,4181345584049511,4181345584062650,4181345584090364,13139
2186,"__amd_rocclr_fillBufferAligned.kd",2,8,2422,1277591,1277591,16128,256,0,0,12,4,48,64,"0x0","0x7f669ba7b580",4181345584046619,4181345584085524,4181345584088048,4181345584123143,2524
2187,"transformer_engine::fused_attn_rocm::populate_rng_state_kernel(long*, long const*, long) [clone .kd]",2,8,2423,1277591,1277591,1,1,0,0,8,0,16,64,"0x0","0x7f3e25f8d380",4181345584087159,4181345584098864,4181345584101148,4181345584136362,2284
2188,"__amd_rocclr_fillBufferAligned.kd",2,8,2424,1277591,1277591,256,256,0,0,12,4,48,64,"0x0","0x7f669ba7b580",4181345584101500,4181345584128548,4181345584130311,4181345584130594,1763
2189,"ck_fused_attn::get_runtime_max_seqlen_kernel(unsigned long, int const*, int const*, unsigned long*) [clone .kd]",2,8,2425,1277591,1277591,4096,128,0,0,4,4,32,64,"0x0","0x7f3e25f58940",4181345584127970,4181345584151102,4181345584156670,4181345584156262,5568
2190,"__amd_rocclr_copyBuffer.kd",2,8,2426,1277591,1277591,512,512,0,0,16,0,32,64,"0x7f7ea91e9100","0x7f669ba7b600",4181345584150053,4181345584161638,4181345584166525,4181345584172035,4887
2191,"__amd_rocclr_fillBufferAligned.kd",2,8,2428,1277591,1277591,256,256,0,0,12,4,48,64,"0x0","0x7f669ba7b580",4181345584193868,4181345584203099,4181345584204942,4181345584240117,1843
2192,"ck_fused_attn::get_runtime_max_seqlen_kernel(unsigned long, int const*, int const*, unsigned long*) [clone .kd]",2,8,2429,1277591,1277591,4096,128,0,0,4,4,32,64,"0x0","0x7f3e25f58940",4181345584202380,4181345584210510,4181345584216159,4181345584250292,5649
2193,"__amd_rocclr_copyBuffer.kd",2,8,2430,1277591,1277591,512,512,0,0,16,0,32,64,"0x7f7ea91e9000","0x7f669ba7b600",4181345584215620,4181345584224611,4181345584231061,4181345584245745,6450
2194,"void transformer_engine::fused_attn_rocm::compute_scores_kernel<__half, transformer_engine::fused_attn_rocm::SmallSeqConfig<6, 128, 256, false, (transformer_engine::fused_attn_rocm::CausalMaskType)0>, 1>(__half const*, __half const*, __half*, float, int const*, int const*, int, int) [clone .kd]",2,8,2432,1277591,1277591,64000,64,0,0,92,4,48,64,"0x0","0x7f3e240cea80",4181345584262149,4181345584271721,4181345584302768,4181345584307427,31047
2195,"void transformer_engine::fused_attn_rocm::apply_mask_and_softmax_kernel<__half, transformer_engine::fused_attn_rocm::SmallSeqConfig<6, 128, 256, false, (transformer_engine::fused_attn_rocm::CausalMaskType)0> >(__half*, __half const*, float, int const*, int, int) [clone .kd]",2,8,2433,1277591,1277591,390144,256,1024,0,12,4,16,64,"0x0","0x7f3e240ceac0",4181345584271193,4181345584302768,4181345584307775,4181345584314026,5007
2196,"void transformer_engine::fused_attn_rocm::compute_output_kernel<__half, transformer_engine::fused_attn_rocm::SmallSeqConfig<6, 128, 256, false, (transformer_engine::fused_attn_rocm::CausalMaskType)0>, 2, 8>(__half const*, __half const*, __half*, int const*, int const*, int, int) [clone .kd]",2,8,2434,1277591,1277591,512000,64,12288,0,20,4,32,64,"0x0","0x7f3e240ceb00",4181345584281057,4181345584307775,4181345584349998,4181345584349659,42223
2197,"loop_broadcast_fusion_5.kd",2,8,2435,1277591,1277591,2048000,256,0,0,4,4,16,64,"0x0","0x7f3e25f69a40",4181345584296721,4181345584349998,4181345584358250,4181345584358493,8252
2198,"__amd_rocclr_fillBufferAligned.kd",2,8,2436,1277591,1277591,77824,256,0,0,12,4,48,64,"0x0","0x7f669ba7b580",4181345584313466,4181345584358250,4181345584365100,4181345584367516,6850
2199,"__amd_rocclr_fillBufferAligned.kd",2,8,2437,1277591,1277591,77824,256,0,0,12,4,48,64,"0x0","0x7f669ba7b580",4181345584327276,4181345584365100,4181345584382566,4181345584386765,17466
2200,"__amd_rocclr_fillBufferAligned.kd",2,8,2438,1277591,1277591,77824,256,0,0,12,4,48,64,"0x0","0x7f669ba7b580",4181345584334647,4181345584382566,4181345584400112,4181345584402728,17546
2201,"__amd_rocclr_fillBufferAligned.kd",2,8,2439,1277591,1277591,256,256,0,0,12,4,48,64,"0x0","0x7f669ba7b580",4181345584342289,4181345584400112,4181345584404839,4181345584407315,4727
2202,"ck_fused_attn::get_runtime_max_seqlen_kernel(unsigned long, int const*, int const*, unsigned long*) [clone .kd]",2,8,2440,1277591,1277591,4096,128,0,0,4,4,32,64,"0x0","0x7f3e25f58940",4181345584349579,4181345584404839,4181345584410728,4181345584411902,5889
2203,"__amd_rocclr_copyBuffer.kd",2,8,2441,1277591,1277591,512,512,0,0,16,0,32,64,"0x7f7ea9073980","0x7f669ba7b600",4181345584371983,4181345584410728,4181345584416457,4181345584416719,5729
2204,"__amd_rocclr_fillBufferAligned.kd",2,8,2443,1277591,1277591,256,256,0,0,12,4,48,64,"0x0","0x7f669ba7b580",4181345584434125,4181345584446061,4181345584448184,4181345584447886,2123
2205,"ck_fused_attn::get_runtime_max_seqlen_kernel(unsigned long, int const*, int const*, unsigned long*) [clone .kd]",2,8,2444,1277591,1277591,4096,128,0,0,4,4,32,64,"0x0","0x7f3e25f58940",4181345584443689,4181345584452029,4181345584457357,4181345584458982,5328
2206,"__amd_rocclr_copyBuffer.kd",2,8,2445,1277591,1277591,512,512,0,0,16,0,32,64,"0x7f7ea91e8e00","0x7f669ba7b600",4181345584450199,4181345584465089,4181345584471619,4181345584474135,6530
2207,"void transformer_engine::fused_attn_rocm::compute_grad_v_kernel<__half, transformer_engine::fused_attn_rocm::SmallSeqConfig<6, 128, 256, false, (transformer_engine::fused_attn_rocm::CausalMaskType)0>, 16, 16>(__half const*, __half const*, __half*, int const*, int const*, int, int) [clone .kd]",2,8,2447,1277591,1277591,256000,64,12288,0,28,4,32,64,"0x0","0x7f3e240d0200",4181345584489507,4181345584500261,4181345584560791,4181345584561495,60530
2208,"void transformer_engine::fused_attn_rocm::compute_grad_attn_kernel<__half, transformer_engine::fused_attn_rocm::SmallSeqConfig<6, 128, 256, false, (transformer_engine::fused_attn_rocm::CausalMaskType)0>, 16>(__half const*, __half const*, __half*, int const*, int const*, int, int) [clone .kd]",2,8,2448,1277591,1277591,8000,64,0,0,104,0,64,64,"0x0","0x7f3e240d0240",4181345584499352,4181345584560791,4181345584784123,4181345584793029,223332
2209,"void transformer_engine::fused_attn_rocm::softmax_backward_kernel<__half, transformer_engine::fused_attn_rocm::SmallSeqConfig<6, 128, 256, false, (transformer_engine::fused_attn_rocm::CausalMaskType)0> >(__half const*, __half const*, __half*, float, int const*, int, int) [clone .kd]",2,8,2449,1277591,1277591,390144,256,1024,0,16,0,16,64,"0x0","0x7f3e240d0280",4181345584508726,4181345584784123,4181345584789852,4181345584799809,5729
2210,"void transformer_engine::fused_attn_rocm::compute_grad_qk_kernel<__half, transformer_engine::fused_attn_rocm::SmallSeqConfig<6, 128, 256, false, (transformer_engine::fused_attn_rocm::CausalMaskType)0>, 4, 16>(__half const*, __half const*, __half const*, __half*, __half*, float, int const*, int const*, int, int) [clone .kd]",2,8,2450,1277591,1277591,1024000,64,12288,0,36,4,64,64,"0x0","0x7f3e240d02c0",4181345584516037,4181345584789852,4181345584946004,4181345584947579,156152
2211,"input_reduce_fusion.kd",2,8,2451,1277591,1277591,524288,256,512,0,16,0,16,64,"0x0","0x7f3e25f69a80",4181345584525972,4181345584946004,4181345584955178,4181345584954709,9174
2212,"input_reduce_fusion_3.kd",2,8,2452,1277591,1277591,128,128,512,0,24,0,16,64,"0x0","0x7f3e25f69ac0",4181345584533633,4181345584955178,4181345584960706,4181345584960348,5528
2213,"loop_convert_fusion.kd",2,8,2453,1277591,1277591,1,1,0,0,4,4,16,64,"0x0","0x7f3e25f69b00",4181345584540694,4181345584960706,4181345584966194,4181345584969722,5488
2214,"input_reduce_reduce_window_fusion_3.kd",2,8,2456,1277591,1277591,9728,256,0,0,28,4,48,64,"0x0","0x7f3e25f69000",4181345584644818,4181345584978693,4181345584989068,4181345585004073,10375
2215,"loop_reduce_window_fusion_11.kd",2,8,2457,1277591,1277591,1536,256,0,0,8,0,16,64,"0x0","0x7f3e25f69040",4181345584653612,4181345584989068,4181345584996279,4181345585011434,7211
2216,"loop_slice_fusion_5.kd",2,8,2458,1277591,1277591,6,6,0,0,20,4,16,64,"0x0","0x7f3e25f69080",4181345584660492,4181345584996279,4181345585001447,4181345585025625,5168
2217,"loop_broadcast_fusion_2.kd",2,8,2459,1277591,1277591,24064,256,0,0,4,4,16,64,"0x0","0x7f3e25f690c0",4181345584667632,4181345585001447,4181345585007215,4181345585034448,5768
2218,"input_scatter_fusion_2.kd",2,8,2460,1277591,1277591,24064,256,0,0,12,4,32,64,"0x0","0x7f3e25f69100",4181345584675464,4181345585007215,4181345585014506,4181345585040277,7291
2219,"loop_reduce_window_fusion_10.kd",2,8,2461,1277591,1277591,24064,256,0,0,8,0,16,64,"0x0","0x7f3e25f69140",4181345584681844,4181345585014506,4181345585019393,4181345585046115,4887
2220,"loop_reduce_window_fusion_11.kd",2,8,2462,1277591,1277591,1536,256,0,0,8,0,16,64,"0x0","0x7f3e25f69040",4181345584688824,4181345585019393,4181345585024361,4181345585051533,4968
2221,"loop_slice_fusion_4.kd",2,8,2463,1277591,1277591,94,94,0,0,24,0,16,64,"0x0","0x7f3e25f69180",4181345584696155,4181345585024361,4181345585030089,4181345585057632,5728
2222,"input_reduce_fusion_1.kd",2,8,2464,1277591,1277591,64,64,0,0,8,0,16,64,"0x0","0x7f3e25f691c0",4181345584703315,4181345585030089,4181345585034776,4181345585063301,4687
2223,"loop_select_fusion_5.kd",2,8,2465,1277591,1277591,24064,256,0,0,8,0,32,64,"0x0","0x7f3e25f69200",4181345584711187,4181345585034776,4181345585039744,4181345585068909,4968
2224,"loop_select_fusion_2.kd",2,8,2466,1277591,1277591,24064,256,0,0,4,4,16,64,"0x0","0x7f3e25f69240",4181345584718178,4181345585039744,4181345585044671,4181345585074387,4927
2225,"loop_reduce_window_fusion_10.kd",2,8,2467,1277591,1277591,24064,256,0,0,8,0,16,64,"0x0","0x7f3e25f69140",4181345584725358,4181345585044671,4181345585049398,4181345585079855,4727
2226,"loop_reduce_window_fusion_11.kd",2,8,2468,1277591,1277591,1536,256,0,0,8,0,16,64,"0x0","0x7f3e25f69040",4181345584732279,4181345585049398,4181345585054485,4181345585085274,5087
2227,"loop_slice_fusion_5.kd",2,8,2469,1277591,1277591,6,6,0,0,20,4,16,64,"0x0","0x7f3e25f69080",4181345584739359,4181345585054485,4181345585059132,4181345585090331,4647
2228,"input_concatenate_fusion.kd",2,8,2470,1277591,1277591,24064,256,0,0,12,4,32,64,"0x0","0x7f3e25f69280",4181345584746590,4181345585059132,4181345585064781,4181345585095759,5649
2229,"input_reduce_reduce_window_fusion.kd",2,8,2471,1277591,1277591,11264,256,0,0,36,4,48,64,"0x0","0x7f3e25f692c0",4181345584753290,4181345585064781,4181345585075156,4181345585101668,10375
2230,"loop_reduce_window_fusion_2.kd",2,8,2472,1277591,1277591,1792,256,0,0,8,0,16,64,"0x0","0x7f3e25f69300",4181345584759759,4181345585075156,4181345585080204,4181345585121307,5048
2231,"loop_slice_fusion_7.kd",2,8,2473,1277591,1277591,7,7,0,0,20,4,16,64,"0x0","0x7f3e25f69340",4181345584766710,4181345585080204,4181345585084851,4181345585154446,4647
2232,"loop_broadcast_fusion.kd",2,8,2474,1277591,1277591,28160,256,0,0,4,4,16,64,"0x0","0x7f3e25f69380",4181345584773590,4181345585084851,4181345585089858,4181345585129900,5007
2233,"input_scatter_fusion.kd",2,8,2475,1277591,1277591,28160,256,0,0,12,4,32,64,"0x0","0x7f3e25f693c0",4181345584781051,4181345585089858,4181345585096949,4181345585115609,7091
2234,"loop_reduce_window_fusion_1.kd",2,8,2476,1277591,1277591,28160,256,0,0,8,0,16,64,"0x0","0x7f3e25f69400",4181345584788132,4181345585096949,4181345585101836,4181345585109810,4887
2235,"loop_reduce_window_fusion_2.kd",2,8,2477,1277591,1277591,1792,256,0,0,8,0,16,64,"0x0","0x7f3e25f69300",4181345584813049,4181345585101836,4181345585106883,4181345585191792,5047
2236,"loop_slice_fusion_7.kd",2,8,2478,1277591,1277591,7,7,0,0,20,4,16,64,"0x0","0x7f3e25f69340",4181345584820179,4181345585106883,4181345585111530,4181345585197531,4647
2237,"loop_slice_fusion_3.kd",2,8,2479,1277591,1277591,110,110,0,0,8,0,16,64,"0x0","0x7f3e25f69440",4181345584826969,4181345585111530,4181345585116217,4181345585203319,4687
2238,"input_reduce_fusion_2.kd",2,8,2480,1277591,1277591,64,64,0,0,8,0,16,64,"0x0","0x7f3e25f69480",4181345584834140,4181345585116217,4181345585120864,4181345585208757,4647
2239,"loop_select_fusion_4.kd",2,8,2481,1277591,1277591,28160,256,0,0,8,0,32,64,"0x0","0x7f3e25f694c0",4181345584842963,4181345585120864,4181345585125872,4181345585214315,5008
2240,"loop_select_fusion.kd",2,8,2482,1277591,1277591,28160,256,0,0,8,0,16,64,"0x0","0x7f3e25f69500",4181345584850955,4181345585125872,4181345585130759,4181345585221496,4887
2241,"loop_compare_fusion_1.kd",2,8,2483,1277591,1277591,4096,256,0,0,4,4,16,64,"0x0","0x7f3e25f69540",4181345584857164,4181345585130759,4181345585135526,4181345585227165,4767
2242,"input_reduce_reduce_window_fusion_2.kd",2,8,2484,1277591,1277591,256,256,512,0,20,4,32,64,"0x0","0x7f3e25f69580",4181345584865286,4181345585135526,4181345585151309,4181345585232422,15783
2243,"loop_slice_fusion_1.kd",2,8,2485,1277591,1277591,16,16,0,0,20,4,16,64,"0x0","0x7f3e25f695c0",4181345584872277,4181345585151309,4181345585155996,4181345585185573,4687
2244,"loop_broadcast_fusion_3.kd",2,8,2486,1277591,1277591,4096,256,0,0,4,4,16,64,"0x0","0x7f3e25f69600",4181345584880249,4181345585155996,4181345585160884,4181345585161928,4888
2245,"input_scatter_fusion_3.kd",2,8,2487,1277591,1277591,4096,256,0,0,8,0,32,64,"0x0","0x7f3e25f69640",4181345584887369,4181345585160884,4181345585167173,4181345585271180,6289
2246,"loop_reduce_window_fusion_13.kd",2,8,2488,1277591,1277591,4096,256,0,0,8,0,16,64,"0x0","0x7f3e25f69680",4181345584893348,4181345585167173,4181345585171980,4181345585276698,4807
2247,"loop_slice_fusion_1.kd",2,8,2489,1277591,1277591,16,16,0,0,20,4,16,64,"0x0","0x7f3e25f695c0",4181345584900238,4181345585171980,4181345585176707,4181345585282156,4727
2248,"loop_remainder_fusion.kd",2,8,2490,1277591,1277591,4096,256,0,0,12,4,16,64,"0x0","0x7f3e25f696c0",4181345584907709,4181345585176707,4181345585182756,4181345585288075,6049
2249,"loop_select_fusion_3.kd",2,8,2491,1277591,1277591,4096,256,0,0,8,0,32,64,"0x0","0x7f3e25f69700",4181345584914439,4181345585182756,4181345585187644,4181345585316558,4888
2250,"loop_reduce_window_fusion_13.kd",2,8,2492,1277591,1277591,4096,256,0,0,8,0,16,64,"0x0","0x7f3e25f69680",4181345584921490,4181345585187644,4181345585192491,4181345585321916,4847
2251,"loop_slice_fusion_1.kd",2,8,2493,1277591,1277591,16,16,0,0,20,4,16,64,"0x0","0x7f3e25f695c0",4181345584927459,4181345585192491,4181345585197258,4181345585259222,4767
2252,"input_concatenate_fusion_1.kd",2,8,2494,1277591,1277591,4096,256,0,0,8,0,32,64,"0x0","0x7f3e25f69740",4181345584933948,4181345585197258,4181345585202826,4181345585293473,5568
2253,"loop_compare_fusion.kd",2,8,2495,1277591,1277591,8192,256,0,0,4,4,16,64,"0x0","0x7f3e25f69780",4181345584941249,4181345585202826,4181345585207834,4181345585305892,5008
2254,"input_reduce_reduce_window_fusion_1.kd",2,8,2496,1277591,1277591,512,512,512,0,20,4,48,64,"0x0","0x7f3e25f697c0",4181345584948430,4181345585207834,4181345585225340,4181345585240324,17506
2255,"loop_reduce_window_fusion_6.kd",2,8,2497,1277591,1277591,32,32,0,0,32,0,16,64,"0x0","0x7f3e25f69800",4181345584974589,4181345585225340,4181345585235154,4181345585311280,9814
2256,"loop_broadcast_fusion_1.kd",2,8,2498,1277591,1277591,8192,256,0,0,4,4,16,64,"0x0","0x7f3e25f69840",4181345584983913,4181345585235154,4181345585240082,4181345585265522,4928
2257,"input_scatter_fusion_1.kd",2,8,2499,1277591,1277591,8192,256,0,0,8,0,32,64,"0x0","0x7f3e25f69880",4181345584991484,4181345585240082,4181345585245610,4181345585298541,5528
2258,"loop_reduce_window_fusion_5.kd",2,8,2500,1277591,1277591,8192,256,0,0,8,0,16,64,"0x0","0x7f3e25f698c0",4181345584997743,4181345585245610,4181345585250617,4181345585253033,5007
2259,"loop_reduce_window_fusion_4.kd",2,8,2501,1277591,1277591,512,256,0,0,8,0,16,64,"0x0","0x7f3e25f69900",4181345585005845,4181345585250617,4181345585255905,4181345585335035,5288
2260,"loop_reduce_window_fusion_3.kd",2,8,2502,1277591,1277591,32,32,0,0,8,0,16,64,"0x0","0x7f3e25f69940",4181345585144532,4181345585255905,4181345585260552,4181345585344780,4647
2261,"loop_select_fusion_6.kd",2,8,2503,1277591,1277591,8192,256,0,0,8,0,32,64,"0x0","0x7f3e25f69980",4181345585182939,4181345585260552,4181345585265599,4181345585329767,5047
2262,"loop_select_fusion_1.kd",2,8,2504,1277591,1277591,8192,256,0,0,8,0,16,64,"0x0","0x7f3e25f699c0",4181345585249708,4181345585265599,4181345585269846,4181345585339892,4247
2263,"loop_broadcast_fusion_4.kd",2,8,2505,1277591,1277591,16,16,0,0,4,4,16,64,"0x0","0x7f3e25f69a00",4181345585258020,4181345585336385,4181345585338187,4181345585360443,1802
2264,"__amd_rocclr_fillBufferAligned.kd",2,8,2506,1277591,1277591,77824,256,0,0,12,4,48,64,"0x0","0x7f669ba7b580",4181345585341955,4181345585356214,4181345585369554,4181345585382436,13340
2265,"__amd_rocclr_fillBufferAligned.kd",2,8,2507,1277591,1277591,16128,256,0,0,12,4,48,64,"0x0","0x7f669ba7b580",4181345585353533,4181345585369554,4181345585374121,4181345585377258,4567
2266,"transformer_engine::fused_attn_rocm::populate_rng_state_kernel(long*, long const*, long) [clone .kd]",2,8,2508,1277591,1277591,1,1,0,0,8,0,16,64,"0x0","0x7f3e25f8d380",4181345585367153,4181345585378127,4181345585379369,4181345585390087,1242
2267,"__amd_rocclr_fillBufferAligned.kd",2,8,2509,1277591,1277591,256,256,0,0,12,4,48,64,"0x0","0x7f669ba7b580",4181345585379581,4181345585388462,4181345585390465,4181345585397939,2003
2268,"ck_fused_attn::get_runtime_max_seqlen_kernel(unsigned long, int const*, int const*, unsigned long*) [clone .kd]",2,8,2510,1277591,1277591,4096,128,0,0,4,4,32,64,"0x0","0x7f3e25f58940",4181345585388294,4181345585412177,4181345585418066,4181345585419270,5889
2269,"__amd_rocclr_copyBuffer.kd",2,8,2511,1277591,1277591,512,512,0,0,16,0,32,64,"0x7f7ea91e8c00","0x7f669ba7b600",4181345585411739,4181345585423074,4181345585428281,4181345585434473,5207
2270,"__amd_rocclr_fillBufferAligned.kd",2,8,2513,1277591,1277591,256,256,0,0,12,4,48,64,"0x0","0x7f669ba7b580",4181345585454663,4181345585463374,4181345585465377,4181345585494472,2003
2271,"ck_fused_attn::get_runtime_max_seqlen_kernel(unsigned long, int const*, int const*, unsigned long*) [clone .kd]",2,8,2514,1277591,1277591,4096,128,0,0,4,4,32,64,"0x0","0x7f3e25f58940",4181345585463406,4181345585472267,4181345585481601,4181345585504627,9334
2272,"__amd_rocclr_copyBuffer.kd",2,8,2515,1277591,1277591,512,512,0,0,16,0,32,64,"0x7f7ea91e8b00","0x7f669ba7b600",4181345585471198,4181345585481601,4181345585486849,4181345585499900,5248
2273,"void transformer_engine::fused_attn_rocm::compute_scores_kernel<__half, transformer_engine::fused_attn_rocm::SmallSeqConfig<6, 128, 256, false, (transformer_engine::fused_attn_rocm::CausalMaskType)0>, 1>(__half const*, __half const*, __half*, float, int const*, int const*, int, int) [clone .kd]",2,8,2517,1277591,1277591,64000,64,0,0,92,4,48,64,"0x0","0x7f3e240cea80",4181345585515554,4181345585524745,4181345585555751,4181345585565017,31006
2274,"void transformer_engine::fused_attn_rocm::apply_mask_and_softmax_kernel<__half, transformer_engine::fused_attn_rocm::SmallSeqConfig<6, 128, 256, false, (transformer_engine::fused_attn_rocm::CausalMaskType)0> >(__half*, __half const*, float, int const*, int, int) [clone .kd]",2,8,2518,1277591,1277591,390144,256,1024,0,12,4,16,64,"0x0","0x7f3e240ceac0",4181345585522744,4181345585555751,4181345585561039,4181345585572328,5288
2275,"void transformer_engine::fused_attn_rocm::compute_output_kernel<__half, transformer_engine::fused_attn_rocm::SmallSeqConfig<6, 128, 256, false, (transformer_engine::fused_attn_rocm::CausalMaskType)0>, 2, 8>(__half const*, __half const*, __half*, int const*, int const*, int, int) [clone .kd]",2,8,2519,1277591,1277591,512000,64,12288,0,20,4,32,64,"0x0","0x7f3e240ceb00",4181345585530255,4181345585561039,4181345585604423,4181345585605177,43384
2276,"loop_broadcast_fusion_5.kd",2,8,2520,1277591,1277591,2048000,256,0,0,4,4,16,64,"0x0","0x7f3e25f69a40",4181345585547942,4181345585604423,4181345585612596,4181345585614971,8173
2277,"__amd_rocclr_fillBufferAligned.kd",2,8,2521,1277591,1277591,77824,256,0,0,12,4,48,64,"0x0","0x7f669ba7b580",4181345585561171,4181345585612596,4181345585619526,4181345585621812,6930
2278,"__amd_rocclr_fillBufferAligned.kd",2,8,2522,1277591,1277591,77824,256,0,0,12,4,48,64,"0x0","0x7f669ba7b580",4181345585566619,4181345585619526,4181345585637352,4181345585637635,17826
2279,"__amd_rocclr_fillBufferAligned.kd",2,8,2523,1277591,1277591,77824,256,0,0,12,4,48,64,"0x0","0x7f669ba7b580",4181345585584857,4181345585637352,4181345585654979,4181345585660860,17627
2280,"__amd_rocclr_fillBufferAligned.kd",2,8,2524,1277591,1277591,256,256,0,0,12,4,48,64,"0x0","0x7f669ba7b580",4181345585593419,4181345585654979,4181345585659666,4181345585665957,4687
2281,"ck_fused_attn::get_runtime_max_seqlen_kernel(unsigned long, int const*, int const*, unsigned long*) [clone .kd]",2,8,2525,1277591,1277591,4096,128,0,0,4,4,32,64,"0x0","0x7f3e25f58940",4181345585599548,4181345585659666,4181345585665594,4181345585670183,5928
2282,"__amd_rocclr_copyBuffer.kd",2,8,2526,1277591,1277591,512,512,0,0,16,0,32,64,"0x7f7ea9073d00","0x7f669ba7b600",4181345585607070,4181345585665594,4181345585670922,4181345585676763,5328
2283,"__amd_rocclr_fillBufferAligned.kd",2,8,2528,1277591,1277591,256,256,0,0,12,4,48,64,"0x0","0x7f669ba7b580",4181345585695752,4181345585709379,4181345585711503,4181345585711235,2124
2284,"ck_fused_attn::get_runtime_max_seqlen_kernel(unsigned long, int const*, int const*, unsigned long*) [clone .kd]",2,8,2529,1277591,1277591,4096,128,0,0,4,4,32,64,"0x0","0x7f3e25f58940",4181345585707068,4181345585716230,4181345585724602,4181345585729632,8372
2285,"__amd_rocclr_copyBuffer.kd",2,8,2530,1277591,1277591,512,512,0,0,16,0,32,64,"0x7f7ea91e8900","0x7f669ba7b600",4181345585714890,4181345585724602,4181345585730731,4181345585734950,6129
2286,"void transformer_engine::fused_attn_rocm::compute_grad_v_kernel<__half, transformer_engine::fused_attn_rocm::SmallSeqConfig<6, 128, 256, false, (transformer_engine::fused_attn_rocm::CausalMaskType)0>, 16, 16>(__half const*, __half const*, __half*, int const*, int const*, int, int) [clone .kd]",2,8,2532,1277591,1277591,256000,64,12288,0,28,4,32,64,"0x0","0x7f3e240d0200",4181345585749612,4181345585760215,4181345585818982,4181345585820587,58767
2287,"void transformer_engine::fused_attn_rocm::compute_grad_attn_kernel<__half, transformer_engine::fused_attn_rocm::SmallSeqConfig<6, 128, 256, false, (transformer_engine::fused_attn_rocm::CausalMaskType)0>, 16>(__half const*, __half const*, __half*, int const*, int const*, int, int) [clone .kd]",2,8,2533,1277591,1277591,8000,64,0,0,104,0,64,64,"0x0","0x7f3e240d0240",4181345585757824,4181345585818474,4181345586041646,4181345586056378,223172
2288,"void transformer_engine::fused_attn_rocm::softmax_backward_kernel<__half, transformer_engine::fused_attn_rocm::SmallSeqConfig<6, 128, 256, false, (transformer_engine::fused_attn_rocm::CausalMaskType)0> >(__half const*, __half const*, __half*, float, int const*, int, int) [clone .kd]",2,8,2534,1277591,1277591,390144,256,1024,0,16,0,16,64,"0x0","0x7f3e240d0280",4181345585770232,4181345586041646,4181345586047375,4181345586065852,5729
2289,"void transformer_engine::fused_attn_rocm::compute_grad_qk_kernel<__half, transformer_engine::fused_attn_rocm::SmallSeqConfig<6, 128, 256, false, (transformer_engine::fused_attn_rocm::CausalMaskType)0>, 4, 16>(__half const*, __half const*, __half const*, __half*, __half*, float, int const*, int const*, int, int) [clone .kd]",2,8,2535,1277591,1277591,1024000,64,12288,0,36,4,64,64,"0x0","0x7f3e240d02c0",4181345585777213,4181345586047375,4181345586203486,4181345586217207,156111
2290,"input_reduce_fusion.kd",2,8,2536,1277591,1277591,524288,256,512,0,16,0,16,64,"0x0","0x7f3e25f69a80",4181345585785625,4181345586203486,4181345586213140,4181345586224919,9654
2291,"input_reduce_fusion_3.kd",2,8,2537,1277591,1277591,128,128,512,0,24,0,16,64,"0x0","0x7f3e25f69ac0",4181345585792716,4181345586213140,4181345586218628,4181345586230867,5488
2292,"loop_convert_fusion.kd",2,8,2538,1277591,1277591,1,1,0,0,4,4,16,64,"0x0","0x7f3e25f69b00",4181345585800668,4181345586218628,4181345586224237,4181345586240061,5609
2293,"input_reduce_reduce_window_fusion_3.kd",2,8,2541,1277591,1277591,9728,256,0,0,28,4,48,64,"0x0","0x7f3e25f69000",4181345585900907,4181345586236895,4181345586247271,4181345586247562,10376
2294,"loop_reduce_window_fusion_11.kd",2,8,2542,1277591,1277591,1536,256,0,0,8,0,16,64,"0x0","0x7f3e25f69040",4181345585910120,4181345586247271,4181345586254882,4181345586262655,7611
2295,"loop_slice_fusion_5.kd",2,8,2543,1277591,1277591,6,6,0,0,20,4,16,64,"0x0","0x7f3e25f69080",4181345585917281,4181345586254882,4181345586259810,4181345586269535,4928
2296,"loop_broadcast_fusion_2.kd",2,8,2544,1277591,1277591,24064,256,0,0,4,4,16,64,"0x0","0x7f3e25f690c0",4181345585925223,4181345586259810,4181345586265498,4181345586276916,5688
2297,"input_scatter_fusion_2.kd",2,8,2545,1277591,1277591,24064,256,0,0,12,4,32,64,"0x0","0x7f3e25f69100",4181345585931953,4181345586265498,4181345586272508,4181345586283866,7010
2298,"loop_reduce_window_fusion_10.kd",2,8,2546,1277591,1277591,24064,256,0,0,8,0,16,64,"0x0","0x7f3e25f69140",4181345585938843,4181345586272508,4181345586277476,4181345586291578,4968
2299,"loop_reduce_window_fusion_11.kd",2,8,2547,1277591,1277591,1536,256,0,0,8,0,16,64,"0x0","0x7f3e25f69040",4181345585946244,4181345586277476,4181345586282724,4181345586297216,5248
2300,"loop_slice_fusion_4.kd",2,8,2548,1277591,1277591,94,94,0,0,24,0,16,64,"0x0","0x7f3e25f69180",4181345585952934,4181345586282724,4181345586288252,4181345586302664,5528
2301,"input_reduce_fusion_1.kd",2,8,2549,1277591,1277591,64,64,0,0,8,0,16,64,"0x0","0x7f3e25f691c0",4181345585959614,4181345586288252,4181345586292899,4181345586308252,4647
2302,"loop_select_fusion_5.kd",2,8,2550,1277591,1277591,24064,256,0,0,8,0,32,64,"0x0","0x7f3e25f69200",4181345585966314,4181345586292899,4181345586297866,4181345586313941,4967
2303,"loop_select_fusion_2.kd",2,8,2551,1277591,1277591,24064,256,0,0,4,4,16,64,"0x0","0x7f3e25f69240",4181345585973004,4181345586297866,4181345586302713,4181345586319569,4847
2304,"loop_reduce_window_fusion_10.kd",2,8,2552,1277591,1277591,24064,256,0,0,8,0,16,64,"0x0","0x7f3e25f69140",4181345585979684,4181345586302713,4181345586307480,4181345586325558,4767
2305,"loop_reduce_window_fusion_11.kd",2,8,2553,1277591,1277591,1536,256,0,0,8,0,16,64,"0x0","0x7f3e25f69040",4181345585986043,4181345586307480,4181345586312247,4181345586331367,4767
2306,"loop_slice_fusion_5.kd",2,8,2554,1277591,1277591,6,6,0,0,20,4,16,64,"0x0","0x7f3e25f69080",4181345585993014,4181345586312247,4181345586316894,4181345586337065,4647
2307,"input_concatenate_fusion.kd",2,8,2555,1277591,1277591,24064,256,0,0,12,4,32,64,"0x0","0x7f3e25f69280",4181345586000335,4181345586316894,4181345586322503,4181345586342574,5609
2308,"input_reduce_reduce_window_fusion.kd",2,8,2556,1277591,1277591,11264,256,0,0,36,4,48,64,"0x0","0x7f3e25f692c0",4181345586007075,4181345586322503,4181345586332998,4181345586348242,10495
2309,"loop_reduce_window_fusion_2.kd",2,8,2557,1277591,1277591,1792,256,0,0,8,0,16,64,"0x0","0x7f3e25f69300",4181345586014075,4181345586332998,4181345586338246,4181345586353960,5248
2310,"loop_slice_fusion_7.kd",2,8,2558,1277591,1277591,7,7,0,0,20,4,16,64,"0x0","0x7f3e25f69340",4181345586020535,4181345586338246,4181345586342933,4181345586398697,4687
2311,"loop_broadcast_fusion.kd",2,8,2559,1277591,1277591,28160,256,0,0,4,4,16,64,"0x0","0x7f3e25f69380",4181345586027685,4181345586342933,4181345586347901,4181345586376304,4968
2312,"input_scatter_fusion.kd",2,8,2560,1277591,1277591,28160,256,0,0,12,4,32,64,"0x0","0x7f3e25f693c0",4181345586035006,4181345586347901,4181345586355031,4181345586362193,7130
2313,"loop_reduce_window_fusion_1.kd",2,8,2561,1277591,1277591,28160,256,0,0,8,0,16,64,"0x0","0x7f3e25f69400",4181345586041996,4181345586355031,4181345586359918,4181345586368422,4887
2314,"loop_reduce_window_fusion_2.kd",2,8,2562,1277591,1277591,1792,256,0,0,8,0,16,64,"0x0","0x7f3e25f69300",4181345586048516,4181345586359918,4181345586364926,4181345586404696,5008
2315,"loop_slice_fusion_7.kd",2,8,2563,1277591,1277591,7,7,0,0,20,4,16,64,"0x0","0x7f3e25f69340",4181345586054856,4181345586364926,4181345586369653,4181345586410384,4727
2316,"loop_slice_fusion_3.kd",2,8,2564,1277591,1277591,110,110,0,0,8,0,16,64,"0x0","0x7f3e25f69440",4181345586080594,4181345586369653,4181345586374300,4181345586415973,4647
2317,"input_reduce_fusion_2.kd",2,8,2565,1277591,1277591,64,64,0,0,8,0,16,64,"0x0","0x7f3e25f69480",4181345586087845,4181345586374300,4181345586378907,4181345586421851,4607
2318,"loop_select_fusion_4.kd",2,8,2566,1277591,1277591,28160,256,0,0,8,0,32,64,"0x0","0x7f3e25f694c0",4181345586096307,4181345586378907,4181345586383874,4181345586427630,4967
2319,"loop_select_fusion.kd",2,8,2567,1277591,1277591,28160,256,0,0,8,0,16,64,"0x0","0x7f3e25f69500",4181345586103508,4181345586383874,4181345586388761,4181345586432868,4887
2320,"loop_compare_fusion_1.kd",2,8,2568,1277591,1277591,4096,256,0,0,4,4,16,64,"0x0","0x7f3e25f69540",4181345586110408,4181345586388761,4181345586393528,4181345586438616,4767
2321,"input_reduce_reduce_window_fusion_2.kd",2,8,2569,1277591,1277591,256,256,512,0,20,4,32,64,"0x0","0x7f3e25f69580",4181345586118030,4181345586393528,4181345586409112,4181345586444575,15584
2322,"loop_slice_fusion_1.kd",2,8,2570,1277591,1277591,16,16,0,0,20,4,16,64,"0x0","0x7f3e25f695c0",4181345586124419,4181345586409112,4181345586413839,4181345586449773,4727
2323,"loop_broadcast_fusion_3.kd",2,8,2571,1277591,1277591,4096,256,0,0,4,4,16,64,"0x0","0x7f3e25f69600",4181345586131049,4181345586413839,4181345586418726,4181345586457494,4887
2324,"input_scatter_fusion_3.kd",2,8,2572,1277591,1277591,4096,256,0,0,8,0,32,64,"0x0","0x7f3e25f69640",4181345586137959,4181345586418726,4181345586424975,4181345586463053,6249
2325,"loop_reduce_window_fusion_13.kd",2,8,2573,1277591,1277591,4096,256,0,0,8,0,16,64,"0x0","0x7f3e25f69680",4181345586145050,4181345586424975,4181345586429822,4181345586468381,4847
2326,"loop_slice_fusion_1.kd",2,8,2574,1277591,1277591,16,16,0,0,20,4,16,64,"0x0","0x7f3e25f695c0",4181345586152230,4181345586429822,4181345586434589,4181345586473648,4767
2327,"loop_remainder_fusion.kd",2,8,2575,1277591,1277591,4096,256,0,0,12,4,16,64,"0x0","0x7f3e25f696c0",4181345586159161,4181345586434589,4181345586440478,4181345586479177,5889
2328,"loop_select_fusion_3.kd",2,8,2576,1277591,1277591,4096,256,0,0,8,0,32,64,"0x0","0x7f3e25f69700",4181345586167854,4181345586440478,4181345586445406,4181345586484735,4928
2329,"loop_reduce_window_fusion_13.kd",2,8,2577,1277591,1277591,4096,256,0,0,8,0,16,64,"0x0","0x7f3e25f69680",4181345586174814,4181345586445406,4181345586450293,4181345586490203,4887
2330,"loop_slice_fusion_1.kd",2,8,2578,1277591,1277591,16,16,0,0,20,4,16,64,"0x0","0x7f3e25f695c0",4181345586181444,4181345586450293,4181345586455060,4181345586529261,4767
2331,"input_concatenate_fusion_1.kd",2,8,2579,1277591,1277591,4096,256,0,0,8,0,32,64,"0x0","0x7f3e25f69740",4181345586189346,4181345586455060,4181345586461309,4181345586534950,6249
2332,"loop_compare_fusion.kd",2,8,2580,1277591,1277591,8192,256,0,0,4,4,16,64,"0x0","0x7f3e25f69780",4181345586196226,4181345586461309,4181345586466277,4181345586502972,4968
2333,"input_reduce_reduce_window_fusion_1.kd",2,8,2581,1277591,1277591,512,512,512,0,20,4,48,64,"0x0","0x7f3e25f697c0",4181345586203387,4181345586466277,4181345586482821,4181345586495561,16544
2334,"loop_reduce_window_fusion_6.kd",2,8,2582,1277591,1277591,32,32,0,0,32,0,16,64,"0x0","0x7f3e25f69800",4181345586210076,4181345586482821,4181345586492916,4181345586523232,10095
2335,"loop_broadcast_fusion_1.kd",2,8,2583,1277591,1277591,8192,256,0,0,4,4,16,64,"0x0","0x7f3e25f69840",4181345586216446,4181345586492916,4181345586497884,4181345586544594,4968
2336,"input_scatter_fusion_1.kd",2,8,2584,1277591,1277591,8192,256,0,0,8,0,32,64,"0x0","0x7f3e25f69880",4181345586247262,4181345586497884,4181345586503171,4181345586592816,5287
2337,"loop_reduce_window_fusion_5.kd",2,8,2585,1277591,1277591,8192,256,0,0,8,0,16,64,"0x0","0x7f3e25f698c0",4181345586260972,4181345586503171,4181345586507698,4181345586598564,4527
2338,"loop_reduce_window_fusion_4.kd",2,8,2586,1277591,1277591,512,256,0,0,8,0,16,64,"0x0","0x7f3e25f69900",4181345586389233,4181345586515309,4181345586520637,4181345586586767,5328
2339,"loop_reduce_window_fusion_3.kd",2,8,2587,1277591,1277591,32,32,0,0,8,0,16,64,"0x0","0x7f3e25f69940",4181345586516813,4181345586550522,4181345586554888,4181345586580277,4366
2340,"loop_select_fusion_6.kd",2,8,2588,1277591,1277591,8192,256,0,0,8,0,32,64,"0x0","0x7f3e25f69980",4181345586578494,4181345586612454,4181345586615659,4181345586618604,3205
2341,"loop_select_fusion_1.kd",2,8,2589,1277591,1277591,8192,256,0,0,8,0,16,64,"0x0","0x7f3e25f699c0",4181345586613106,4181345586622068,4181345586624832,4181345586632064,2764
2342,"loop_broadcast_fusion_4.kd",2,8,2590,1277591,1277591,16,16,0,0,4,4,16,64,"0x0","0x7f3e25f69a00",4181345586623531,4181345586637131,4181345586639174,4181345586639385,2043
2343,"__amd_rocclr_fillBufferAligned.kd",2,8,2591,1277591,1277591,77824,256,0,0,12,4,48,64,"0x0","0x7f669ba7b580",4181345586641889,4181345586650230,4181345586664652,4181345586669219,14422
2344,"__amd_rocclr_fillBufferAligned.kd",2,8,2592,1277591,1277591,16128,256,0,0,12,4,48,64,"0x0","0x7f669ba7b580",4181345586649750,4181345586664652,4181345586669659,4181345586675879,5007
2345,"transformer_engine::fused_attn_rocm::populate_rng_state_kernel(long*, long const*, long) [clone .kd]",2,8,2593,1277591,1277591,1,1,0,0,8,0,16,64,"0x0","0x7f3e25f8d380",4181345586660136,4181345586669659,4181345586673825,4181345586684412,4166
2346,"__amd_rocclr_fillBufferAligned.kd",2,8,2594,1277591,1277591,256,256,0,0,12,4,48,64,"0x0","0x7f669ba7b580",4181345586669520,4181345586689929,4181345586691772,4181345586692254,1843
2347,"ck_fused_attn::get_runtime_max_seqlen_kernel(unsigned long, int const*, int const*, unsigned long*) [clone .kd]",2,8,2595,1277591,1277591,4096,128,0,0,4,4,32,64,"0x0","0x7f3e25f58940",4181345586690691,4181345586706193,4181345586711762,4181345586714136,5569
2348,"__amd_rocclr_copyBuffer.kd",2,8,2596,1277591,1277591,512,512,0,0,16,0,32,64,"0x7f7ea91e8700","0x7f669ba7b600",4181345586705854,4181345586716929,4181345586722858,4181345586723079,5929
2349,"__amd_rocclr_fillBufferAligned.kd",2,8,2598,1277591,1277591,256,256,0,0,12,4,48,64,"0x0","0x7f669ba7b580",4181345586742338,4181345586751421,4181345586753544,4181345586780084,2123
2350,"ck_fused_attn::get_runtime_max_seqlen_kernel(unsigned long, int const*, int const*, unsigned long*) [clone .kd]",2,8,2599,1277591,1277591,4096,128,0,0,4,4,32,64,"0x0","0x7f3e25f58940",4181345586752203,4181345586759833,4181345586769087,4181345586790580,9254
2351,"__amd_rocclr_copyBuffer.kd",2,8,2600,1277591,1277591,512,512,0,0,16,0,32,64,"0x7f7ea91e8600","0x7f669ba7b600",4181345586759123,4181345586769087,4181345586774415,4181345586785402,5328
2352,"void transformer_engine::fused_attn_rocm::compute_scores_kernel<__half, transformer_engine::fused_attn_rocm::SmallSeqConfig<6, 128, 256, false, (transformer_engine::fused_attn_rocm::CausalMaskType)0>, 1>(__half const*, __half const*, __half*, float, int const*, int const*, int, int) [clone .kd]",2,8,2602,1277591,1277591,64000,64,0,0,92,4,48,64,"0x0","0x7f3e240cea80",4181345586801596,4181345586810909,4181345586841755,4181345586849588,30846
2353,"void transformer_engine::fused_attn_rocm::apply_mask_and_softmax_kernel<__half, transformer_engine::fused_attn_rocm::SmallSeqConfig<6, 128, 256, false, (transformer_engine::fused_attn_rocm::CausalMaskType)0> >(__half*, __half const*, float, int const*, int, int) [clone .kd]",2,8,2603,1277591,1277591,390144,256,1024,0,12,4,16,64,"0x0","0x7f3e240ceac0",4181345586810179,4181345586841755,4181345586846843,4181345586857880,5088
2354,"void transformer_engine::fused_attn_rocm::compute_output_kernel<__half, transformer_engine::fused_attn_rocm::SmallSeqConfig<6, 128, 256, false, (transformer_engine::fused_attn_rocm::CausalMaskType)0>, 2, 8>(__half const*, __half const*, __half*, int const*, int const*, int, int) [clone .kd]",2,8,2604,1277591,1277591,512000,64,12288,0,20,4,32,64,"0x0","0x7f3e240ceb00",4181345586827545,4181345586846843,4181345586890948,4181345586893573,44105
2355,"loop_broadcast_fusion_5.kd",2,8,2605,1277591,1277591,2048000,256,0,0,4,4,16,64,"0x0","0x7f3e25f69a40",4181345586835427,4181345586890948,4181345586899160,4181345586903458,8212
2356,"__amd_rocclr_fillBufferAligned.kd",2,8,2606,1277591,1277591,77824,256,0,0,12,4,48,64,"0x0","0x7f669ba7b580",4181345586848326,4181345586899160,4181345586905970,4181345586909346,6810
2357,"__amd_rocclr_fillBufferAligned.kd",2,8,2607,1277591,1277591,77824,256,0,0,12,4,48,64,"0x0","0x7f669ba7b580",4181345586870939,4181345586905970,4181345586923997,4181345586930458,18027
2358,"__amd_rocclr_fillBufferAligned.kd",2,8,2608,1277591,1277591,77824,256,0,0,12,4,48,64,"0x0","0x7f669ba7b580",4181345586878030,4181345586923997,4181345586941583,4181345586946422,17586
2359,"__amd_rocclr_fillBufferAligned.kd",2,8,2609,1277591,1277591,256,256,0,0,12,4,48,64,"0x0","0x7f669ba7b580",4181345586885912,4181345586941583,4181345586946351,4181345586951549,4768
2360,"ck_fused_attn::get_runtime_max_seqlen_kernel(unsigned long, int const*, int const*, unsigned long*) [clone .kd]",2,8,2610,1277591,1277591,4096,128,0,0,4,4,32,64,"0x0","0x7f3e25f58940",4181345586892932,4181345586946351,4181345586952279,4181345586957999,5928
2361,"__amd_rocclr_copyBuffer.kd",2,8,2611,1277591,1277591,512,512,0,0,16,0,32,64,"0x7f7ea91e8500","0x7f669ba7b600",4181345586907053,4181345586952279,4181345586957487,4181345586962586,5208
2362,"__amd_rocclr_fillBufferAligned.kd",2,8,2613,1277591,1277591,256,256,0,0,12,4,48,64,"0x0","0x7f669ba7b580",4181345586983747,4181345586993020,4181345586995063,4181345586996246,2043
2363,"ck_fused_attn::get_runtime_max_seqlen_kernel(unsigned long, int const*, int const*, unsigned long*) [clone .kd]",2,8,2614,1277591,1277591,4096,128,0,0,4,4,32,64,"0x0","0x7f3e25f58940",4181345586990798,4181345586998909,4181345587004237,4181345587005880,5328
2364,"__amd_rocclr_copyBuffer.kd",2,8,2615,1277591,1277591,512,512,0,0,16,0,32,64,"0x7f7ea91e8400","0x7f669ba7b600",4181345586997488,4181345587011928,4181345587018298,4181345587020862,6370
2365,"void transformer_engine::fused_attn_rocm::compute_grad_v_kernel<__half, transformer_engine::fused_attn_rocm::SmallSeqConfig<6, 128, 256, false, (transformer_engine::fused_attn_rocm::CausalMaskType)0>, 16, 16>(__half const*, __half const*, __half*, int const*, int const*, int, int) [clone .kd]",2,8,2617,1277591,1277591,256000,64,12288,0,28,4,32,64,"0x0","0x7f3e240d0200",4181345587036225,4181345587045658,4181345587104025,4181345587105789,58367
2366,"void transformer_engine::fused_attn_rocm::compute_grad_attn_kernel<__half, transformer_engine::fused_attn_rocm::SmallSeqConfig<6, 128, 256, false, (transformer_engine::fused_attn_rocm::CausalMaskType)0>, 16>(__half const*, __half const*, __half*, int const*, int const*, int, int) [clone .kd]",2,8,2618,1277591,1277591,8000,64,0,0,104,0,64,64,"0x0","0x7f3e240d0240",4181345587044277,4181345587104025,4181345587327517,4181345587338204,223492
2367,"void transformer_engine::fused_attn_rocm::softmax_backward_kernel<__half, transformer_engine::fused_attn_rocm::SmallSeqConfig<6, 128, 256, false, (transformer_engine::fused_attn_rocm::CausalMaskType)0> >(__half const*, __half const*, __half*, float, int const*, int, int) [clone .kd]",2,8,2619,1277591,1277591,390144,256,1024,0,16,0,16,64,"0x0","0x7f3e240d0280",4181345587055864,4181345587327517,4181345587333486,4181345587347508,5969
2368,"void transformer_engine::fused_attn_rocm::compute_grad_qk_kernel<__half, transformer_engine::fused_attn_rocm::SmallSeqConfig<6, 128, 256, false, (transformer_engine::fused_attn_rocm::CausalMaskType)0>, 4, 16>(__half const*, __half const*, __half const*, __half*, __half*, float, int const*, int const*, int, int) [clone .kd]",2,8,2620,1277591,1277591,1024000,64,12288,0,36,4,64,64,"0x0","0x7f3e240d02c0",4181345587063366,4181345587333486,4181345587496248,4181345587498593,162762
2369,"input_reduce_fusion.kd",2,8,2621,1277591,1277591,524288,256,512,0,16,0,16,64,"0x0","0x7f3e25f69a80",4181345587071548,4181345587496248,4181345587505782,4181345587506114,9534
2370,"input_reduce_fusion_3.kd",2,8,2622,1277591,1277591,128,128,512,0,24,0,16,64,"0x0","0x7f3e25f69ac0",4181345587079219,4181345587505782,4181345587510389,4181345587512103,4607
2371,"loop_convert_fusion.kd",2,8,2623,1277591,1277591,1,1,0,0,4,4,16,64,"0x0","0x7f3e25f69b00",4181345587085849,4181345587510389,4181345587514475,4181345587520916,4086
2372,"input_reduce_reduce_window_fusion_3.kd",2,8,2626,1277591,1277591,9728,256,0,0,28,4,48,64,"0x0","0x7f3e25f69000",4181345587173359,4181345587526253,4181345587536789,4181345587538853,10536
2373,"loop_reduce_window_fusion_11.kd",2,8,2627,1277591,1277591,1536,256,0,0,8,0,16,64,"0x0","0x7f3e25f69040",4181345587182473,4181345587536789,4181345587544640,4181345587552543,7851
2374,"loop_slice_fusion_5.kd",2,8,2628,1277591,1277591,6,6,0,0,20,4,16,64,"0x0","0x7f3e25f69080",4181345587190134,4181345587544640,4181345587549808,4181345587559323,5168
2375,"loop_broadcast_fusion_2.kd",2,8,2629,1277591,1277591,24064,256,0,0,4,4,16,64,"0x0","0x7f3e25f690c0",4181345587197265,4181345587549808,4181345587555536,4181345587574155,5728
2376,"input_scatter_fusion_2.kd",2,8,2630,1277591,1277591,24064,256,0,0,12,4,32,64,"0x0","0x7f3e25f69100",4181345587205357,4181345587555536,4181345587561946,4181345587581035,6410
2377,"loop_reduce_window_fusion_10.kd",2,8,2631,1277591,1277591,24064,256,0,0,8,0,16,64,"0x0","0x7f3e25f69140",4181345587212057,4181345587561946,4181345587566793,4181345587587084,4847
2378,"loop_reduce_window_fusion_11.kd",2,8,2632,1277591,1277591,1536,256,0,0,8,0,16,64,"0x0","0x7f3e25f69040",4181345587220459,4181345587566793,4181345587571841,4181345587594115,5048
2379,"loop_slice_fusion_4.kd",2,8,2633,1277591,1277591,94,94,0,0,24,0,16,64,"0x0","0x7f3e25f69180",4181345587226708,4181345587571841,4181345587577249,4181345587599513,5408
2380,"input_reduce_fusion_1.kd",2,8,2634,1277591,1277591,64,64,0,0,8,0,16,64,"0x0","0x7f3e25f691c0",4181345587233499,4181345587577249,4181345587581936,4181345587605272,4687
2381,"loop_select_fusion_5.kd",2,8,2635,1277591,1277591,24064,256,0,0,8,0,32,64,"0x0","0x7f3e25f69200",4181345587240199,4181345587581936,4181345587586943,4181345587610509,5007
2382,"loop_select_fusion_2.kd",2,8,2636,1277591,1277591,24064,256,0,0,4,4,16,64,"0x0","0x7f3e25f69240",4181345587247349,4181345587586943,4181345587591710,4181345587616518,4767
2383,"loop_reduce_window_fusion_10.kd",2,8,2637,1277591,1277591,24064,256,0,0,8,0,16,64,"0x0","0x7f3e25f69140",4181345587253689,4181345587591710,4181345587596397,4181345587622397,4687
2384,"loop_reduce_window_fusion_11.kd",2,8,2638,1277591,1277591,1536,256,0,0,8,0,16,64,"0x0","0x7f3e25f69040",4181345587260729,4181345587596397,4181345587601325,4181345587629147,4928
2385,"loop_slice_fusion_5.kd",2,8,2639,1277591,1277591,6,6,0,0,20,4,16,64,"0x0","0x7f3e25f69080",4181345587268320,4181345587601325,4181345587605971,4181345587634705,4646
2386,"input_concatenate_fusion.kd",2,8,2640,1277591,1277591,24064,256,0,0,12,4,32,64,"0x0","0x7f3e25f69280",4181345587275611,4181345587605971,4181345587611780,4181345587640234,5809
2387,"input_reduce_reduce_window_fusion.kd",2,8,2641,1277591,1277591,11264,256,0,0,36,4,48,64,"0x0","0x7f3e25f692c0",4181345587282331,4181345587611780,4181345587622115,4181345587645672,10335
2388,"loop_reduce_window_fusion_2.kd",2,8,2642,1277591,1277591,1792,256,0,0,8,0,16,64,"0x0","0x7f3e25f69300",4181345587289542,4181345587622115,4181345587627283,4181345587651270,5168
2389,"loop_slice_fusion_7.kd",2,8,2643,1277591,1277591,7,7,0,0,20,4,16,64,"0x0","0x7f3e25f69340",4181345587295982,4181345587627283,4181345587631850,4181345587656898,4567
2390,"loop_broadcast_fusion.kd",2,8,2644,1277591,1277591,28160,256,0,0,4,4,16,64,"0x0","0x7f3e25f69380",4181345587303473,4181345587631850,4181345587636817,4181345587662557,4967
2391,"input_scatter_fusion.kd",2,8,2645,1277591,1277591,28160,256,0,0,12,4,32,64,"0x0","0x7f3e25f693c0",4181345587309912,4181345587636817,4181345587644068,4181345587706472,7251
2392,"loop_reduce_window_fusion_1.kd",2,8,2646,1277591,1277591,28160,256,0,0,8,0,16,64,"0x0","0x7f3e25f69400",4181345587317754,4181345587644068,4181345587648955,4181345587684109,4887
2393,"loop_reduce_window_fusion_2.kd",2,8,2647,1277591,1277591,1792,256,0,0,8,0,16,64,"0x0","0x7f3e25f69300",4181345587324334,4181345587648955,4181345587654003,4181345587675516,5048
2394,"loop_slice_fusion_7.kd",2,8,2648,1277591,1277591,7,7,0,0,20,4,16,64,"0x0","0x7f3e25f69340",4181345587331084,4181345587654003,4181345587658650,4181345587669697,4647
2395,"loop_slice_fusion_3.kd",2,8,2649,1277591,1277591,110,110,0,0,8,0,16,64,"0x0","0x7f3e25f69440",4181345587337533,4181345587658650,4181345587663297,4181345587712661,4647
2396,"input_reduce_fusion_2.kd",2,8,2650,1277591,1277591,64,64,0,0,8,0,16,64,"0x0","0x7f3e25f69480",4181345587362120,4181345587663297,4181345587667944,4181345587718270,4647
2397,"loop_select_fusion_4.kd",2,8,2651,1277591,1277591,28160,256,0,0,8,0,32,64,"0x0","0x7f3e25f694c0",4181345587370693,4181345587667944,4181345587672951,4181345587723838,5007
2398,"loop_select_fusion.kd",2,8,2652,1277591,1277591,28160,256,0,0,8,0,16,64,"0x0","0x7f3e25f69500",4181345587378995,4181345587672951,4181345587677758,4181345587729396,4807
2399,"loop_compare_fusion_1.kd",2,8,2653,1277591,1277591,4096,256,0,0,4,4,16,64,"0x0","0x7f3e25f69540",4181345587386035,4181345587677758,4181345587682525,4181345587735105,4767
2400,"input_reduce_reduce_window_fusion_2.kd",2,8,2654,1277591,1277591,256,256,512,0,20,4,32,64,"0x0","0x7f3e25f69580",4181345587393557,4181345587682525,4181345587698309,4181345587741284,15784
2401,"loop_slice_fusion_1.kd",2,8,2655,1277591,1277591,16,16,0,0,20,4,16,64,"0x0","0x7f3e25f695c0",4181345587400627,4181345587698309,4181345587702996,4181345587746582,4687
2402,"loop_broadcast_fusion_3.kd",2,8,2656,1277591,1277591,4096,256,0,0,4,4,16,64,"0x0","0x7f3e25f69600",4181345587407487,4181345587702996,4181345587707923,4181345587751699,4927
2403,"input_scatter_fusion_3.kd",2,8,2657,1277591,1277591,4096,256,0,0,8,0,32,64,"0x0","0x7f3e25f69640",4181345587413897,4181345587707923,4181345587714012,4181345587758770,6089
2404,"loop_reduce_window_fusion_13.kd",2,8,2658,1277591,1277591,4096,256,0,0,8,0,16,64,"0x0","0x7f3e25f69680",4181345587421228,4181345587714012,4181345587718859,4181345587764408,4847
2405,"loop_slice_fusion_1.kd",2,8,2659,1277591,1277591,16,16,0,0,20,4,16,64,"0x0","0x7f3e25f695c0",4181345587427417,4181345587718859,4181345587723466,4181345587769706,4607
2406,"loop_remainder_fusion.kd",2,8,2660,1277591,1277591,4096,256,0,0,12,4,16,64,"0x0","0x7f3e25f696c0",4181345587434838,4181345587723466,4181345587729355,4181345587774924,5889
2407,"loop_select_fusion_3.kd",2,8,2661,1277591,1277591,4096,256,0,0,8,0,32,64,"0x0","0x7f3e25f69700",4181345587442219,4181345587729355,4181345587734242,4181345587780672,4887
2408,"loop_reduce_window_fusion_13.kd",2,8,2662,1277591,1277591,4096,256,0,0,8,0,16,64,"0x0","0x7f3e25f69680",4181345587450191,4181345587734242,4181345587739089,4181345587785950,4847
2409,"loop_slice_fusion_1.kd",2,8,2663,1277591,1277591,16,16,0,0,20,4,16,64,"0x0","0x7f3e25f695c0",4181345587457111,4181345587739089,4181345587743857,4181345587791298,4768
2410,"input_concatenate_fusion_1.kd",2,8,2664,1277591,1277591,4096,256,0,0,8,0,32,64,"0x0","0x7f3e25f69740",4181345587464112,4181345587743857,4181345587749545,4181345587796866,5688
2411,"loop_compare_fusion.kd",2,8,2665,1277591,1277591,8192,256,0,0,4,4,16,64,"0x0","0x7f3e25f69780",4181345587471523,4181345587749545,4181345587754512,4181345587807632,4967
2412,"input_reduce_reduce_window_fusion_1.kd",2,8,2666,1277591,1277591,512,512,512,0,20,4,48,64,"0x0","0x7f3e25f697c0",4181345587478803,4181345587754512,4181345587771458,4181345587840762,16946
2413,"loop_reduce_window_fusion_6.kd",2,8,2667,1277591,1277591,32,32,0,0,32,0,16,64,"0x0","0x7f3e25f69800",4181345587486104,4181345587771458,4181345587780231,4181345587848123,8773
2414,"loop_broadcast_fusion_1.kd",2,8,2668,1277591,1277591,8192,256,0,0,4,4,16,64,"0x0","0x7f3e25f69840",4181345587493595,4181345587780231,4181345587785278,4181345587853611,5047
2415,"input_scatter_fusion_1.kd",2,8,2669,1277591,1277591,8192,256,0,0,8,0,32,64,"0x0","0x7f3e25f69880",4181345587500646,4181345587785278,4181345587790806,4181345587862234,5528
2416,"loop_reduce_window_fusion_5.kd",2,8,2670,1277591,1277591,8192,256,0,0,8,0,16,64,"0x0","0x7f3e25f698c0",4181345587527676,4181345587790806,4181345587795854,4181345587830887,5048
2417,"loop_reduce_window_fusion_4.kd",2,8,2671,1277591,1277591,512,256,0,0,8,0,16,64,"0x0","0x7f3e25f69900",4181345587536379,4181345587795854,4181345587801062,4181345587802054,5208
2418,"loop_reduce_window_fusion_3.kd",2,8,2672,1277591,1277591,32,32,0,0,8,0,16,64,"0x0","0x7f3e25f69940",4181345587544050,4181345587801062,4181345587805709,4181345587814042,4647
2419,"loop_select_fusion_6.kd",2,8,2673,1277591,1277591,8192,256,0,0,8,0,32,64,"0x0","0x7f3e25f69980",4181345587553705,4181345587805709,4181345587810155,4181345587867922,4446
2420,"loop_select_fusion_1.kd",2,8,2674,1277591,1277591,8192,256,0,0,8,0,16,64,"0x0","0x7f3e25f699c0",4181345587697499,4181345587828182,4181345587830946,4181345587879489,2764
2421,"loop_broadcast_fusion_4.kd",2,8,2675,1277591,1277591,16,16,0,0,4,4,16,64,"0x0","0x7f3e25f69a00",4181345587827652,4181345587838517,4181345587840280,4181345587873891,1763
2422,"__amd_rocclr_fillBufferAligned.kd",2,8,2676,1277591,1277591,77824,256,0,0,12,4,48,64,"0x0","0x7f669ba7b580",4181345587842655,4181345587869203,4181345587882903,4181345587887992,13700
2423,"__amd_rocclr_fillBufferAligned.kd",2,8,2677,1277591,1277591,16128,256,0,0,12,4,48,64,"0x0","0x7f669ba7b580",4181345587866570,4181345587895883,4181345587898567,4181345587899850,2684
2424,"transformer_engine::fused_attn_rocm::populate_rng_state_kernel(long*, long const*, long) [clone .kd]",2,8,2678,1277591,1277591,1,1,0,0,8,0,16,64,"0x0","0x7f3e25f8d380",4181345587897967,4181345587913549,4181345587915392,4181345587919499,1843
2425,"__amd_rocclr_fillBufferAligned.kd",2,8,2679,1277591,1277591,256,256,0,0,12,4,48,64,"0x0","0x7f669ba7b580",4181345587915653,4181345587925086,4181345587926889,4181345587927621,1803
2426,"ck_fused_attn::get_runtime_max_seqlen_kernel(unsigned long, int const*, int const*, unsigned long*) [clone .kd]",2,8,2680,1277591,1277591,4096,128,0,0,4,4,32,64,"0x0","0x7f3e25f58940",4181345587923735,4181345587933018,4181345587938506,4181345587943735,5488
2427,"__amd_rocclr_copyBuffer.kd",2,8,2681,1277591,1277591,512,512,0,0,16,0,32,64,"0x7f7ea91e8200","0x7f669ba7b600",4181345587933019,4181345587943433,4181345587949162,4181345587951567,5729
2428,"__amd_rocclr_fillBufferAligned.kd",2,8,2683,1277591,1277591,256,256,0,0,12,4,48,64,"0x0","0x7f669ba7b580",4181345587973730,4181345587984054,4181345587985896,4181345588023123,1842
2429,"ck_fused_attn::get_runtime_max_seqlen_kernel(unsigned long, int const*, int const*, unsigned long*) [clone .kd]",2,8,2684,1277591,1277591,4096,128,0,0,4,4,32,64,"0x0","0x7f3e25f58940",4181345587984205,4181345587991825,4181345587997474,4181345588032938,5649
2430,"__amd_rocclr_copyBuffer.kd",2,8,2685,1277591,1277591,512,512,0,0,16,0,32,64,"0x7f7ea9073600","0x7f669ba7b600",4181345587992798,4181345588003242,4181345588009171,4181345588028180,5929
2431,"void transformer_engine::fused_attn_rocm::compute_scores_kernel<__half, transformer_engine::fused_attn_rocm::SmallSeqConfig<6, 128, 256, false, (transformer_engine::fused_attn_rocm::CausalMaskType)0>, 1>(__half const*, __half const*, __half*, float, int const*, int const*, int, int) [clone .kd]",2,8,2687,1277591,1277591,64000,64,0,0,92,4,48,64,"0x0","0x7f3e240cea80",4181345588044385,4181345588053397,4181345588084764,4181345588093518,31367
2432,"void transformer_engine::fused_attn_rocm::apply_mask_and_softmax_kernel<__half, transformer_engine::fused_attn_rocm::SmallSeqConfig<6, 128, 256, false, (transformer_engine::fused_attn_rocm::CausalMaskType)0> >(__half*, __half const*, float, int const*, int, int) [clone .kd]",2,8,2688,1277591,1277591,390144,256,1024,0,12,4,16,64,"0x0","0x7f3e240ceac0",4181345588051715,4181345588084764,4181345588089891,4181345588101660,5127
2433,"void transformer_engine::fused_attn_rocm::compute_output_kernel<__half, transformer_engine::fused_attn_rocm::SmallSeqConfig<6, 128, 256, false, (transformer_engine::fused_attn_rocm::CausalMaskType)0>, 2, 8>(__half const*, __half const*, __half*, int const*, int const*, int, int) [clone .kd]",2,8,2689,1277591,1277591,512000,64,12288,0,20,4,32,64,"0x0","0x7f3e240ceb00",4181345588058435,4181345588089891,4181345588133556,4181345588133848,43665
2434,"loop_broadcast_fusion_5.kd",2,8,2690,1277591,1277591,2048000,256,0,0,4,4,16,64,"0x0","0x7f3e25f69a40",4181345588074419,4181345588133556,4181345588141688,4181345588143071,8132
2435,"__amd_rocclr_fillBufferAligned.kd",2,8,2691,1277591,1277591,77824,256,0,0,12,4,48,64,"0x0","0x7f669ba7b580",4181345588088320,4181345588141688,4181345588148498,4181345588148920,6810
2436,"__amd_rocclr_fillBufferAligned.kd",2,8,2692,1277591,1277591,77824,256,0,0,12,4,48,64,"0x0","0x7f669ba7b580",4181345588095931,4181345588148498,4181345588166405,4181345588173416,17907
2437,"__amd_rocclr_fillBufferAligned.kd",2,8,2693,1277591,1277591,77824,256,0,0,12,4,48,64,"0x0","0x7f669ba7b580",4181345588116241,4181345588166405,4181345588183871,4181345588189260,17466
2438,"__amd_rocclr_fillBufferAligned.kd",2,8,2694,1277591,1277591,256,256,0,0,12,4,48,64,"0x0","0x7f669ba7b580",4181345588124303,4181345588183871,4181345588188558,4181345588197633,4687
2439,"ck_fused_attn::get_runtime_max_seqlen_kernel(unsigned long, int const*, int const*, unsigned long*) [clone .kd]",2,8,2695,1277591,1277591,4096,128,0,0,4,4,32,64,"0x0","0x7f3e25f58940",4181345588130883,4181345588188558,4181345588194487,4181345588204252,5929
2440,"__amd_rocclr_copyBuffer.kd",2,8,2696,1277591,1277591,512,512,0,0,16,0,32,64,"0x7f7ea91ea000","0x7f669ba7b600",4181345588140377,4181345588194487,4181345588200215,4181345588218373,5728
2441,"__amd_rocclr_fillBufferAligned.kd",2,8,2698,1277591,1277591,256,256,0,0,12,4,48,64,"0x0","0x7f669ba7b580",4181345588244102,4181345588254416,4181345588256539,4181345588264953,2123
2442,"ck_fused_attn::get_runtime_max_seqlen_kernel(unsigned long, int const*, int const*, unsigned long*) [clone .kd]",2,8,2699,1277591,1277591,4096,128,0,0,4,4,32,64,"0x0","0x7f3e25f58940",4181345588253706,4181345588261586,4181345588270239,4181345588274036,8653
2443,"__amd_rocclr_copyBuffer.kd",2,8,2700,1277591,1277591,512,512,0,0,16,0,32,64,"0x7f7ea91e9f00","0x7f669ba7b600",4181345588260887,4181345588270239,4181345588276288,4181345588279364,6049
2444,"void transformer_engine::fused_attn_rocm::compute_grad_v_kernel<__half, transformer_engine::fused_attn_rocm::SmallSeqConfig<6, 128, 256, false, (transformer_engine::fused_attn_rocm::CausalMaskType)0>, 16, 16>(__half const*, __half const*, __half*, int const*, int const*, int, int) [clone .kd]",2,8,2702,1277591,1277591,256000,64,12288,0,28,4,32,64,"0x0","0x7f3e240d0200",4181345588294166,4181345588305692,4181345588366543,4181345588376318,60851
2445,"void transformer_engine::fused_attn_rocm::compute_grad_attn_kernel<__half, transformer_engine::fused_attn_rocm::SmallSeqConfig<6, 128, 256, false, (transformer_engine::fused_attn_rocm::CausalMaskType)0>, 16>(__half const*, __half const*, __half*, int const*, int const*, int, int) [clone .kd]",2,8,2703,1277591,1277591,8000,64,0,0,104,0,64,64,"0x0","0x7f3e240d0240",4181345588305743,4181345588366543,4181345588588753,4181345588595554,222210
2446,"void transformer_engine::fused_attn_rocm::softmax_backward_kernel<__half, transformer_engine::fused_attn_rocm::SmallSeqConfig<6, 128, 256, false, (transformer_engine::fused_attn_rocm::CausalMaskType)0> >(__half const*, __half const*, __half*, float, int const*, int, int) [clone .kd]",2,8,2704,1277591,1277591,390144,256,1024,0,16,0,16,64,"0x0","0x7f3e240d0280",4181345588315398,4181345588588753,4181345588594762,4181345588603326,6009
2447,"void transformer_engine::fused_attn_rocm::compute_grad_qk_kernel<__half, transformer_engine::fused_attn_rocm::SmallSeqConfig<6, 128, 256, false, (transformer_engine::fused_attn_rocm::CausalMaskType)0>, 4, 16>(__half const*, __half const*, __half const*, __half*, __half*, float, int const*, int const*, int, int) [clone .kd]",2,8,2705,1277591,1277591,1024000,64,12288,0,36,4,64,64,"0x0","0x7f3e240d02c0",4181345588323570,4181345588594762,4181345588751755,4181345588755833,156993
2448,"input_reduce_fusion.kd",2,8,2706,1277591,1277591,524288,256,512,0,16,0,16,64,"0x0","0x7f3e25f69a80",4181345588331732,4181345588751755,4181345588762491,4181345588763324,10736
2449,"input_reduce_fusion_3.kd",2,8,2707,1277591,1277591,128,128,512,0,24,0,16,64,"0x0","0x7f3e25f69ac0",4181345588338873,4181345588762491,4181345588768260,4181345588768972,5769
2450,"loop_convert_fusion.kd",2,8,2708,1277591,1277591,1,1,0,0,4,4,16,64,"0x0","0x7f3e25f69b00",4181345588347005,4181345588768260,4181345588773388,4181345588777555,5128
2451,"input_reduce_reduce_window_fusion_3.kd",2,8,2711,1277591,1277591,9728,256,0,0,28,4,48,64,"0x0","0x7f3e25f69000",4181345588460053,4181345588786046,4181345588796382,4181345588798496,10336
2452,"loop_reduce_window_fusion_11.kd",2,8,2712,1277591,1277591,1536,256,0,0,8,0,16,64,"0x0","0x7f3e25f69040",4181345588469857,4181345588796382,4181345588803112,4181345588804695,6730
2453,"loop_slice_fusion_5.kd",2,8,2713,1277591,1277591,6,6,0,0,20,4,16,64,"0x0","0x7f3e25f69080",4181345588476828,4181345588803112,4181345588808199,4181345588810354,5087
2454,"loop_broadcast_fusion_2.kd",2,8,2714,1277591,1277591,24064,256,0,0,4,4,16,64,"0x0","0x7f3e25f690c0",4181345588483618,4181345588808199,4181345588813688,4181345588816022,5489
2455,"input_scatter_fusion_2.kd",2,8,2715,1277591,1277591,24064,256,0,0,12,4,32,64,"0x0","0x7f3e25f69100",4181345588491209,4181345588813688,4181345588821900,4181345588830514,8212
2456,"loop_reduce_window_fusion_10.kd",2,8,2716,1277591,1277591,24064,256,0,0,8,0,16,64,"0x0","0x7f3e25f69140",4181345588498881,4181345588821900,4181345588827588,4181345588837064,5688
2457,"loop_reduce_window_fusion_11.kd",2,8,2717,1277591,1277591,1536,256,0,0,8,0,16,64,"0x0","0x7f3e25f69040",4181345588506181,4181345588827588,4181345588833637,4181345588845446,6049
2458,"loop_slice_fusion_4.kd",2,8,2718,1277591,1277591,94,94,0,0,24,0,16,64,"0x0","0x7f3e25f69180",4181345588513733,4181345588833637,4181345588839766,4181345588851175,6129
2459,"input_reduce_fusion_1.kd",2,8,2719,1277591,1277591,64,64,0,0,8,0,16,64,"0x0","0x7f3e25f691c0",4181345588520362,4181345588839766,4181345588844493,4181345588858996,4727
2460,"loop_select_fusion_5.kd",2,8,2720,1277591,1277591,24064,256,0,0,8,0,32,64,"0x0","0x7f3e25f69200",4181345588527663,4181345588844493,4181345588849381,4181345588864484,4888
2461,"loop_select_fusion_2.kd",2,8,2721,1277591,1277591,24064,256,0,0,4,4,16,64,"0x0","0x7f3e25f69240",4181345588534323,4181345588849381,4181345588854268,4181345588870373,4887
2462,"loop_reduce_window_fusion_10.kd",2,8,2722,1277591,1277591,24064,256,0,0,8,0,16,64,"0x0","0x7f3e25f69140",4181345588540963,4181345588854268,4181345588859035,4181345588875911,4767
2463,"loop_reduce_window_fusion_11.kd",2,8,2723,1277591,1277591,1536,256,0,0,8,0,16,64,"0x0","0x7f3e25f69040",4181345588547252,4181345588859035,4181345588864123,4181345588881680,5088
2464,"loop_slice_fusion_5.kd",2,8,2724,1277591,1277591,6,6,0,0,20,4,16,64,"0x0","0x7f3e25f69080",4181345588554183,4181345588864123,4181345588868850,4181345588887288,4727
2465,"input_concatenate_fusion.kd",2,8,2725,1277591,1277591,24064,256,0,0,12,4,32,64,"0x0","0x7f3e25f69280",4181345588561394,4181345588868850,4181345588874738,4181345588892776,5888
2466,"input_reduce_reduce_window_fusion.kd",2,8,2726,1277591,1277591,11264,256,0,0,36,4,48,64,"0x0","0x7f3e25f692c0",4181345588568464,4181345588874738,4181345588884994,4181345588933888,10256
2467,"loop_reduce_window_fusion_2.kd",2,8,2727,1277591,1277591,1792,256,0,0,8,0,16,64,"0x0","0x7f3e25f69300",4181345588575925,4181345588884994,4181345588890001,4181345588912966,5007
2468,"loop_slice_fusion_7.kd",2,8,2728,1277591,1277591,7,7,0,0,20,4,16,64,"0x0","0x7f3e25f69340",4181345588582315,4181345588890001,4181345588894608,4181345588898645,4607
2469,"loop_broadcast_fusion.kd",2,8,2729,1277591,1277591,28160,256,0,0,4,4,16,64,"0x0","0x7f3e25f69380",4181345588589535,4181345588894608,4181345588899535,4181345588904654,4927
2470,"input_scatter_fusion.kd",2,8,2730,1277591,1277591,28160,256,0,0,12,4,32,64,"0x0","0x7f3e25f693c0",4181345588596766,4181345588899535,4181345588906706,4181345588939566,7171
2471,"loop_reduce_window_fusion_1.kd",2,8,2731,1277591,1277591,28160,256,0,0,8,0,16,64,"0x0","0x7f3e25f69400",4181345588621012,4181345588906706,4181345588911633,4181345588946957,4927
2472,"loop_reduce_window_fusion_2.kd",2,8,2732,1277591,1277591,1792,256,0,0,8,0,16,64,"0x0","0x7f3e25f69300",4181345588628684,4181345588911633,4181345588916641,4181345588952756,5008
2473,"loop_slice_fusion_7.kd",2,8,2733,1277591,1277591,7,7,0,0,20,4,16,64,"0x0","0x7f3e25f69340",4181345588636475,4181345588916641,4181345588921328,4181345588958704,4687
2474,"loop_slice_fusion_3.kd",2,8,2734,1277591,1277591,110,110,0,0,8,0,16,64,"0x0","0x7f3e25f69440",4181345588644397,4181345588921328,4181345588926015,4181345588964183,4687
2475,"input_reduce_fusion_2.kd",2,8,2735,1277591,1277591,64,64,0,0,8,0,16,64,"0x0","0x7f3e25f69480",4181345588650686,4181345588926015,4181345588930581,4181345588970061,4566
2476,"loop_select_fusion_4.kd",2,8,2736,1277591,1277591,28160,256,0,0,8,0,32,64,"0x0","0x7f3e25f694c0",4181345588659349,4181345588930581,4181345588935549,4181345588976220,4968
2477,"loop_select_fusion.kd",2,8,2737,1277591,1277591,28160,256,0,0,8,0,16,64,"0x0","0x7f3e25f69500",4181345588665849,4181345588935549,4181345588940436,4181345588982440,4887
2478,"loop_compare_fusion_1.kd",2,8,2738,1277591,1277591,4096,256,0,0,4,4,16,64,"0x0","0x7f3e25f69540",4181345588674011,4181345588940436,4181345588945243,4181345588988028,4807
2479,"input_reduce_reduce_window_fusion_2.kd",2,8,2739,1277591,1277591,256,256,512,0,20,4,32,64,"0x0","0x7f3e25f69580",4181345588681492,4181345588945243,4181345588961027,4181345588993496,15784
2480,"loop_slice_fusion_1.kd",2,8,2740,1277591,1277591,16,16,0,0,20,4,16,64,"0x0","0x7f3e25f695c0",4181345588688883,4181345588961027,4181345588965834,4181345588999155,4807
2481,"loop_broadcast_fusion_3.kd",2,8,2741,1277591,1277591,4096,256,0,0,4,4,16,64,"0x0","0x7f3e25f69600",4181345588696004,4181345588965834,4181345588970841,4181345589004543,5007
2482,"input_scatter_fusion_3.kd",2,8,2742,1277591,1277591,4096,256,0,0,8,0,32,64,"0x0","0x7f3e25f69640",4181345588703104,4181345588970841,4181345588977091,4181345589009981,6250
2483,"loop_reduce_window_fusion_13.kd",2,8,2743,1277591,1277591,4096,256,0,0,8,0,16,64,"0x0","0x7f3e25f69680",4181345588710545,4181345588977091,4181345588981978,4181345589015669,4887
2484,"loop_slice_fusion_1.kd",2,8,2744,1277591,1277591,16,16,0,0,20,4,16,64,"0x0","0x7f3e25f695c0",4181345588717536,4181345588981978,4181345588986745,4181345589056941,4767
2485,"loop_remainder_fusion.kd",2,8,2745,1277591,1277591,4096,256,0,0,12,4,16,64,"0x0","0x7f3e25f696c0",4181345588724957,4181345588986745,4181345588992674,4181345589062309,5929
2486,"loop_select_fusion_3.kd",2,8,2746,1277591,1277591,4096,256,0,0,8,0,32,64,"0x0","0x7f3e25f69700",4181345588732578,4181345588992674,4181345588997561,4181345589067526,4887
2487,"loop_reduce_window_fusion_13.kd",2,8,2747,1277591,1277591,4096,256,0,0,8,0,16,64,"0x0","0x7f3e25f69680",4181345588739579,4181345588997561,4181345589002368,4181345589024252,4807
2488,"loop_slice_fusion_1.kd",2,8,2748,1277591,1277591,16,16,0,0,20,4,16,64,"0x0","0x7f3e25f695c0",4181345588747010,4181345589002368,4181345589007175,4181345589051122,4807
2489,"input_concatenate_fusion_1.kd",2,8,2749,1277591,1277591,4096,256,0,0,8,0,32,64,"0x0","0x7f3e25f69740",4181345588754060,4181345589007175,4181345589013184,4181345589076159,6009
2490,"loop_compare_fusion.kd",2,8,2750,1277591,1277591,8192,256,0,0,4,4,16,64,"0x0","0x7f3e25f69780",4181345588784896,4181345589013184,4181345589018192,4181345589030161,5008
2491,"input_reduce_reduce_window_fusion_1.kd",2,8,2751,1277591,1277591,512,512,512,0,20,4,48,64,"0x0","0x7f3e25f697c0",4181345588801771,4181345589018192,4181345589036339,4181345589037061,18147
2492,"loop_reduce_window_fusion_6.kd",2,8,2752,1277591,1277591,32,32,0,0,32,0,16,64,"0x0","0x7f3e25f69800",4181345588830303,4181345589036339,4181345589045633,4181345589081217,9294
2493,"loop_broadcast_fusion_1.kd",2,8,2753,1277591,1277591,8192,256,0,0,4,4,16,64,"0x0","0x7f3e25f69840",4181345588926967,4181345589049638,4181345589051922,4181345589087176,2284
2494,"input_scatter_fusion_1.kd",2,8,2754,1277591,1277591,8192,256,0,0,8,0,32,64,"0x0","0x7f3e25f69880",4181345589049339,4181345589081406,4181345589087254,4181345589095708,5848
2495,"loop_reduce_window_fusion_5.kd",2,8,2755,1277591,1277591,8192,256,0,0,8,0,16,64,"0x0","0x7f3e25f698c0",4181345589081727,4181345589101435,4181345589105321,4181345589113535,3886
2496,"loop_reduce_window_fusion_4.kd",2,8,2756,1277591,1277591,512,256,0,0,8,0,16,64,"0x0","0x7f3e25f69900",4181345589103390,4181345589113093,4181345589118661,4181345589123740,5568
2497,"loop_reduce_window_fusion_3.kd",2,8,2757,1277591,1277591,32,32,0,0,8,0,16,64,"0x0","0x7f3e25f69940",4181345589112032,4181345589129197,4181345589133283,4181345589159403,4086
2498,"loop_select_fusion_6.kd",2,8,2758,1277591,1277591,8192,256,0,0,8,0,32,64,"0x0","0x7f3e25f69980",4181345589157450,4181345589173783,4181345589177148,4181345589179272,3365
2499,"loop_select_fusion_1.kd",2,8,2759,1277591,1277591,8192,256,0,0,8,0,16,64,"0x0","0x7f3e25f699c0",4181345589173624,4181345589182356,4181345589185200,4181345589188216,2844
2500,"loop_broadcast_fusion_4.kd",2,8,2760,1277591,1277591,16,16,0,0,4,4,16,64,"0x0","0x7f3e25f69a00",4181345589181225,4181345589190087,4181345589192050,4181345589193554,1963
2501,"__amd_rocclr_fillBufferAligned.kd",2,8,2761,1277591,1277591,77824,256,0,0,12,4,48,64,"0x0","0x7f669ba7b580",4181345589195607,4181345589204669,4181345589219651,4181345589223538,14982
2502,"__amd_rocclr_fillBufferAligned.kd",2,8,2762,1277591,1277591,16128,256,0,0,12,4,48,64,"0x0","0x7f669ba7b580",4181345589203949,4181345589219651,4181345589224659,4181345589230098,5008
2503,"transformer_engine::fused_attn_rocm::populate_rng_state_kernel(long*, long const*, long) [clone .kd]",2,8,2763,1277591,1277591,1,1,0,0,8,0,16,64,"0x0","0x7f3e25f8d380",4181345589213083,4181345589224659,4181345589228825,4181345589238461,4166
2504,"__amd_rocclr_fillBufferAligned.kd",2,8,2764,1277591,1277591,256,256,0,0,12,4,48,64,"0x0","0x7f669ba7b580",4181345589223719,4181345589243367,4181345589245370,4181345589246923,2003
2505,"ck_fused_attn::get_runtime_max_seqlen_kernel(unsigned long, int const*, int const*, unsigned long*) [clone .kd]",2,8,2765,1277591,1277591,4096,128,0,0,4,4,32,64,"0x0","0x7f3e25f58940",4181345589243248,4181345589253782,4181345589259511,4181345589264860,5729
2506,"__amd_rocclr_copyBuffer.kd",2,8,2766,1277591,1277591,512,512,0,0,16,0,32,64,"0x7f7ea9072980","0x7f669ba7b600",4181345589254284,4181345589264638,4181345589270126,4181345589272782,5488
2507,"__amd_rocclr_fillBufferAligned.kd",2,8,2768,1277591,1277591,256,256,0,0,12,4,48,64,"0x0","0x7f669ba7b580",4181345589295716,4181345589303857,4181345589305819,4181345589335315,1962
2508,"ck_fused_attn::get_runtime_max_seqlen_kernel(unsigned long, int const*, int const*, unsigned long*) [clone .kd]",2,8,2769,1277591,1277591,4096,128,0,0,4,4,32,64,"0x0","0x7f3e25f58940",4181345589304519,4181345589312349,4181345589318198,4181345589346591,5849
2509,"__amd_rocclr_copyBuffer.kd",2,8,2770,1277591,1277591,512,512,0,0,16,0,32,64,"0x7f7ea91e9c00","0x7f669ba7b600",4181345589311880,4181345589323045,4181345589326891,4181345589341724,3846
2510,"void transformer_engine::fused_attn_rocm::compute_scores_kernel<__half, transformer_engine::fused_attn_rocm::SmallSeqConfig<6, 128, 256, false, (transformer_engine::fused_attn_rocm::CausalMaskType)0>, 1>(__half const*, __half const*, __half*, float, int const*, int const*, int, int) [clone .kd]",2,8,2772,1277591,1277591,64000,64,0,0,92,4,48,64,"0x0","0x7f3e240cea80",4181345589357267,4181345589367151,4181345589398838,4181345589407692,31687
2511,"void transformer_engine::fused_attn_rocm::apply_mask_and_softmax_kernel<__half, transformer_engine::fused_attn_rocm::SmallSeqConfig<6, 128, 256, false, (transformer_engine::fused_attn_rocm::CausalMaskType)0> >(__half*, __half const*, float, int const*, int, int) [clone .kd]",2,8,2773,1277591,1277591,390144,256,1024,0,12,4,16,64,"0x0","0x7f3e240ceac0",4181345589365660,4181345589398838,4181345589403965,4181345589415093,5127
2512,"void transformer_engine::fused_attn_rocm::compute_output_kernel<__half, transformer_engine::fused_attn_rocm::SmallSeqConfig<6, 128, 256, false, (transformer_engine::fused_attn_rocm::CausalMaskType)0>, 2, 8>(__half const*, __half const*, __half*, int const*, int const*, int, int) [clone .kd]",2,8,2774,1277591,1277591,512000,64,12288,0,20,4,32,64,"0x0","0x7f3e240ceb00",4181345589374313,4181345589403965,4181345589447951,4181345589448162,43986
2513,"loop_broadcast_fusion_5.kd",2,8,2775,1277591,1277591,2048000,256,0,0,4,4,16,64,"0x0","0x7f3e25f69a40",4181345589391278,4181345589447951,4181345589456163,4181345589465869,8212
2514,"__amd_rocclr_fillBufferAligned.kd",2,8,2776,1277591,1277591,77824,256,0,0,12,4,48,64,"0x0","0x7f669ba7b580",4181345589404958,4181345589456163,4181345589463214,4181345589470375,7051
2515,"__amd_rocclr_fillBufferAligned.kd",2,8,2777,1277591,1277591,77824,256,0,0,12,4,48,64,"0x0","0x7f669ba7b580",4181345589411107,4181345589463214,4181345589480960,4181345589486369,17746
2516,"__amd_rocclr_fillBufferAligned.kd",2,8,2778,1277591,1277591,77824,256,0,0,12,4,48,64,"0x0","0x7f669ba7b580",4181345589418558,4181345589480960,4181345589498506,4181345589501812,17546
2517,"__amd_rocclr_fillBufferAligned.kd",2,8,2779,1277591,1277591,256,256,0,0,12,4,48,64,"0x0","0x7f669ba7b580",4181345589426911,4181345589498506,4181345589503273,4181345589508071,4767
2518,"ck_fused_attn::get_runtime_max_seqlen_kernel(unsigned long, int const*, int const*, unsigned long*) [clone .kd]",2,8,2780,1277591,1277591,4096,128,0,0,4,4,32,64,"0x0","0x7f3e25f58940",4181345589433200,4181345589503273,4181345589509202,4181345589521091,5929
2519,"__amd_rocclr_copyBuffer.kd",2,8,2781,1277591,1277591,512,512,0,0,16,0,32,64,"0x7f7ea91e9b00","0x7f669ba7b600",4181345589440341,4181345589509202,4181345589514930,4181345589516244,5728
2520,"__amd_rocclr_fillBufferAligned.kd",2,8,2783,1277591,1277591,256,256,0,0,12,4,48,64,"0x0","0x7f669ba7b580",4181345589531246,4181345589547779,4181345589549862,4181345589551726,2083
2521,"ck_fused_attn::get_runtime_max_seqlen_kernel(unsigned long, int const*, int const*, unsigned long*) [clone .kd]",2,8,2784,1277591,1277591,4096,128,0,0,4,4,32,64,"0x0","0x7f3e25f58940",4181345589548752,4181345589556793,4181345589562561,4181345589570715,5768
2522,"__amd_rocclr_copyBuffer.kd",2,8,2785,1277591,1277591,512,512,0,0,16,0,32,64,"0x7f7ea91e9300","0x7f669ba7b600",4181345589555602,4181345589567408,4181345589572136,4181345589576063,4728
2523,"void transformer_engine::fused_attn_rocm::compute_grad_v_kernel<__half, transformer_engine::fused_attn_rocm::SmallSeqConfig<6, 128, 256, false, (transformer_engine::fused_attn_rocm::CausalMaskType)0>, 16, 16>(__half const*, __half const*, __half*, int const*, int const*, int, int) [clone .kd]",2,8,2787,1277591,1277591,256000,64,12288,0,28,4,32,64,"0x0","0x7f3e240d0200",4181345589591045,4181345589601059,4181345589658504,4181345589662992,57445
2524,"void transformer_engine::fused_attn_rocm::compute_grad_attn_kernel<__half, transformer_engine::fused_attn_rocm::SmallSeqConfig<6, 128, 256, false, (transformer_engine::fused_attn_rocm::CausalMaskType)0>, 16>(__half const*, __half const*, __half*, int const*, int const*, int, int) [clone .kd]",2,8,2788,1277591,1277591,8000,64,0,0,104,0,64,64,"0x0","0x7f3e240d0240",4181345589599277,4181345589658504,4181345589881075,4181345589888648,222571
2525,"void transformer_engine::fused_attn_rocm::softmax_backward_kernel<__half, transformer_engine::fused_attn_rocm::SmallSeqConfig<6, 128, 256, false, (transformer_engine::fused_attn_rocm::CausalMaskType)0> >(__half const*, __half const*, __half*, float, int const*, int, int) [clone .kd]",2,8,2789,1277591,1277591,390144,256,1024,0,16,0,16,64,"0x0","0x7f3e240d0280",4181345589607960,4181345589881075,4181345589886884,4181345589897731,5809
2526,"void transformer_engine::fused_attn_rocm::compute_grad_qk_kernel<__half, transformer_engine::fused_attn_rocm::SmallSeqConfig<6, 128, 256, false, (transformer_engine::fused_attn_rocm::CausalMaskType)0>, 4, 16>(__half const*, __half const*, __half const*, __half*, __half*, float, int const*, int const*, int, int) [clone .kd]",2,8,2790,1277591,1277591,1024000,64,12288,0,36,4,64,64,"0x0","0x7f3e240d02c0",4181345589614740,4181345589886884,4181345590042034,4181345590054715,155150
2527,"input_reduce_fusion.kd",2,8,2791,1277591,1277591,524288,256,512,0,16,0,16,64,"0x0","0x7f3e25f69a80",4181345589623824,4181345590042034,4181345590051448,4181345590065040,9414
2528,"input_reduce_fusion_3.kd",2,8,2792,1277591,1277591,128,128,512,0,24,0,16,64,"0x0","0x7f3e25f69ac0",4181345589631235,4181345590051448,4181345590056095,4181345590070798,4647
2529,"loop_convert_fusion.kd",2,8,2793,1277591,1277591,1,1,0,0,4,4,16,64,"0x0","0x7f3e25f69b00",4181345589639086,4181345590056095,4181345590060301,4181345590080152,4206
2530,"input_reduce_reduce_window_fusion_3.kd",2,8,2796,1277591,1277591,9728,256,0,0,28,4,48,64,"0x0","0x7f3e25f69000",4181345589727898,4181345590072239,4181345590082895,4181345590086682,10656
2531,"loop_reduce_window_fusion_11.kd",2,8,2797,1277591,1277591,1536,256,0,0,8,0,16,64,"0x0","0x7f3e25f69040",4181345589736391,4181345590082895,4181345590090707,4181345590093352,7812
2532,"loop_slice_fusion_5.kd",2,8,2798,1277591,1277591,6,6,0,0,20,4,16,64,"0x0","0x7f3e25f69080",4181345589744453,4181345590090707,4181345590095754,4181345590099621,5047
2533,"loop_broadcast_fusion_2.kd",2,8,2799,1277591,1277591,24064,256,0,0,4,4,16,64,"0x0","0x7f3e25f690c0",4181345589751403,4181345590095754,4181345590101483,4181345590105650,5729
2534,"input_scatter_fusion_2.kd",2,8,2800,1277591,1277591,24064,256,0,0,12,4,32,64,"0x0","0x7f3e25f69100",4181345589758905,4181345590101483,4181345590109535,4181345590111509,8052
2535,"loop_reduce_window_fusion_10.kd",2,8,2801,1277591,1277591,24064,256,0,0,8,0,16,64,"0x0","0x7f3e25f69140",4181345589765675,4181345590109535,4181345590115103,4181345590116607,5568
2536,"loop_reduce_window_fusion_11.kd",2,8,2802,1277591,1277591,1536,256,0,0,8,0,16,64,"0x0","0x7f3e25f69040",4181345589772595,4181345590115103,4181345590120912,4181345590122215,5809
2537,"loop_slice_fusion_4.kd",2,8,2803,1277591,1277591,94,94,0,0,24,0,16,64,"0x0","0x7f3e25f69180",4181345589779625,4181345590120912,4181345590127562,4181345590136506,6650
2538,"input_reduce_fusion_1.kd",2,8,2804,1277591,1277591,64,64,0,0,8,0,16,64,"0x0","0x7f3e25f691c0",4181345589786055,4181345590127562,4181345590133370,4181345590142034,5808
2539,"loop_select_fusion_5.kd",2,8,2805,1277591,1277591,24064,256,0,0,8,0,32,64,"0x0","0x7f3e25f69200",4181345589793736,4181345590133370,4181345590139099,4181345590154954,5729
2540,"loop_select_fusion_2.kd",2,8,2806,1277591,1277591,24064,256,0,0,4,4,16,64,"0x0","0x7f3e25f69240",4181345589800847,4181345590139099,4181345590145829,4181345590169505,6730
2541,"loop_reduce_window_fusion_10.kd",2,8,2807,1277591,1277591,24064,256,0,0,8,0,16,64,"0x0","0x7f3e25f69140",4181345589807947,4181345590145829,4181345590150636,4181345590175724,4807
2542,"loop_reduce_window_fusion_11.kd",2,8,2808,1277591,1277591,1536,256,0,0,8,0,16,64,"0x0","0x7f3e25f69040",4181345589814277,4181345590150636,4181345590155443,4181345590181413,4807
2543,"loop_slice_fusion_5.kd",2,8,2809,1277591,1277591,6,6,0,0,20,4,16,64,"0x0","0x7f3e25f69080",4181345589821478,4181345590155443,4181345590160050,4181345590187121,4607
2544,"input_concatenate_fusion.kd",2,8,2810,1277591,1277591,24064,256,0,0,12,4,32,64,"0x0","0x7f3e25f69280",4181345589827577,4181345590160050,4181345590165738,4181345590192710,5688
2545,"input_reduce_reduce_window_fusion.kd",2,8,2811,1277591,1277591,11264,256,0,0,36,4,48,64,"0x0","0x7f3e25f692c0",4181345589834687,4181345590165738,4181345590176234,4181345590198118,10496
2546,"loop_reduce_window_fusion_2.kd",2,8,2812,1277591,1277591,1792,256,0,0,8,0,16,64,"0x0","0x7f3e25f69300",4181345589841347,4181345590176234,4181345590181402,4181345590203786,5168
2547,"loop_slice_fusion_7.kd",2,8,2813,1277591,1277591,7,7,0,0,20,4,16,64,"0x0","0x7f3e25f69340",4181345589848358,4181345590181402,4181345590186048,4181345590209024,4646
2548,"loop_broadcast_fusion.kd",2,8,2814,1277591,1277591,28160,256,0,0,4,4,16,64,"0x0","0x7f3e25f69380",4181345589854797,4181345590186048,4181345590191016,4181345590225699,4968
2549,"input_scatter_fusion.kd",2,8,2815,1277591,1277591,28160,256,0,0,12,4,32,64,"0x0","0x7f3e25f693c0",4181345589862278,4181345590191016,4181345590198267,4181345590247000,7251
2550,"loop_reduce_window_fusion_1.kd",2,8,2816,1277591,1277591,28160,256,0,0,8,0,16,64,"0x0","0x7f3e25f69400",4181345589869659,4181345590198267,4181345590203114,4181345590234101,4847
2551,"loop_reduce_window_fusion_2.kd",2,8,2817,1277591,1277591,1792,256,0,0,8,0,16,64,"0x0","0x7f3e25f69300",4181345589877150,4181345590203114,4181345590208121,4181345590220331,5007
2552,"loop_slice_fusion_7.kd",2,8,2818,1277591,1277591,7,7,0,0,20,4,16,64,"0x0","0x7f3e25f69340",4181345589883760,4181345590208121,4181345590212808,4181345590214422,4687
2553,"loop_slice_fusion_3.kd",2,8,2819,1277591,1277591,110,110,0,0,8,0,16,64,"0x0","0x7f3e25f69440",4181345589890380,4181345590212808,4181345590217495,4181345590253470,4687
2554,"input_reduce_fusion_2.kd",2,8,2820,1277591,1277591,64,64,0,0,8,0,16,64,"0x0","0x7f3e25f69480",4181345589911321,4181345590217495,4181345590222142,4181345590263906,4647
2555,"loop_select_fusion_4.kd",2,8,2821,1277591,1277591,28160,256,0,0,8,0,32,64,"0x0","0x7f3e25f694c0",4181345589920214,4181345590222142,4181345590227070,4181345590278988,4928
2556,"loop_select_fusion.kd",2,8,2822,1277591,1277591,28160,256,0,0,8,0,16,64,"0x0","0x7f3e25f69500",4181345589927996,4181345590227070,4181345590231957,4181345590284456,4887
2557,"loop_compare_fusion_1.kd",2,8,2823,1277591,1277591,4096,256,0,0,4,4,16,64,"0x0","0x7f3e25f69540",4181345589935347,4181345590231957,4181345590236724,4181345590289924,4767
2558,"input_reduce_reduce_window_fusion_2.kd",2,8,2824,1277591,1277591,256,256,512,0,20,4,32,64,"0x0","0x7f3e25f69580",4181345589942478,4181345590236724,4181345590252427,4181345590295953,15703
2559,"loop_slice_fusion_1.kd",2,8,2825,1277591,1277591,16,16,0,0,20,4,16,64,"0x0","0x7f3e25f695c0",4181345589949498,4181345590252427,4181345590257114,4181345590301421,4687
2560,"loop_broadcast_fusion_3.kd",2,8,2826,1277591,1277591,4096,256,0,0,4,4,16,64,"0x0","0x7f3e25f69600",4181345589956238,4181345590257114,4181345590262001,4181345590307020,4887
2561,"input_scatter_fusion_3.kd",2,8,2827,1277591,1277591,4096,256,0,0,8,0,32,64,"0x0","0x7f3e25f69640",4181345589963980,4181345590262001,4181345590268211,4181345590312658,6210
2562,"loop_reduce_window_fusion_13.kd",2,8,2828,1277591,1277591,4096,256,0,0,8,0,16,64,"0x0","0x7f3e25f69680",4181345589970970,4181345590268211,4181345590272978,4181345590318337,4767
2563,"loop_slice_fusion_1.kd",2,8,2829,1277591,1277591,16,16,0,0,20,4,16,64,"0x0","0x7f3e25f695c0",4181345589977790,4181345590272978,4181345590277625,4181345590324025,4647
2564,"loop_remainder_fusion.kd",2,8,2830,1277591,1277591,4096,256,0,0,12,4,16,64,"0x0","0x7f3e25f696c0",4181345589985191,4181345590277625,4181345590283433,4181345590331466,5808
2565,"loop_select_fusion_3.kd",2,8,2831,1277591,1277591,4096,256,0,0,8,0,32,64,"0x0","0x7f3e25f69700",4181345589992612,4181345590283433,4181345590288281,4181345590336964,4848
2566,"loop_reduce_window_fusion_13.kd",2,8,2832,1277591,1277591,4096,256,0,0,8,0,16,64,"0x0","0x7f3e25f69680",4181345590000324,4181345590288281,4181345590293168,4181345590342903,4887
2567,"loop_slice_fusion_1.kd",2,8,2833,1277591,1277591,16,16,0,0,20,4,16,64,"0x0","0x7f3e25f695c0",4181345590007134,4181345590293168,4181345590297895,4181345590348391,4727
2568,"input_concatenate_fusion_1.kd",2,8,2834,1277591,1277591,4096,256,0,0,8,0,32,64,"0x0","0x7f3e25f69740",4181345590013393,4181345590297895,4181345590303583,4181345590353739,5688
2569,"loop_compare_fusion.kd",2,8,2835,1277591,1277591,8192,256,0,0,4,4,16,64,"0x0","0x7f3e25f69780",4181345590020464,4181345590303583,4181345590308551,4181345590419247,4968
2570,"input_reduce_reduce_window_fusion_1.kd",2,8,2836,1277591,1277591,512,512,512,0,20,4,48,64,"0x0","0x7f3e25f697c0",4181345590027574,4181345590308551,4181345590325215,4181345590427659,16664
2571,"loop_reduce_window_fusion_6.kd",2,8,2837,1277591,1277591,32,32,0,0,32,0,16,64,"0x0","0x7f3e25f69800",4181345590033884,4181345590325215,4181345590333989,4181345590432877,8774
2572,"loop_broadcast_fusion_1.kd",2,8,2838,1277591,1277591,8192,256,0,0,4,4,16,64,"0x0","0x7f3e25f69840",4181345590040924,4181345590333989,4181345590338916,4181345590359167,4927
2573,"input_scatter_fusion_1.kd",2,8,2839,1277591,1277591,8192,256,0,0,8,0,32,64,"0x0","0x7f3e25f69880",4181345590048505,4181345590338916,4181345590344444,4181345590414440,5528
2574,"loop_reduce_window_fusion_5.kd",2,8,2840,1277591,1277591,8192,256,0,0,8,0,16,64,"0x0","0x7f3e25f698c0",4181345590054554,4181345590344444,4181345590349492,4181345590368081,5048
2575,"loop_reduce_window_fusion_4.kd",2,8,2841,1277591,1277591,512,256,0,0,8,0,16,64,"0x0","0x7f3e25f69900",4181345590084679,4181345590349492,4181345590354659,4181345590404505,5167
2576,"loop_reduce_window_fusion_3.kd",2,8,2842,1277591,1277591,32,32,0,0,8,0,16,64,"0x0","0x7f3e25f69940",4181345590139230,4181345590354659,4181345590359386,4181345590438686,4727
2577,"loop_select_fusion_6.kd",2,8,2843,1277591,1277591,8192,256,0,0,8,0,32,64,"0x0","0x7f3e25f69980",4181345590168153,4181345590359386,4181345590364394,4181345590379758,5008
2578,"loop_select_fusion_1.kd",2,8,2844,1277591,1277591,8192,256,0,0,8,0,16,64,"0x0","0x7f3e25f699c0",4181345590250185,4181345590364394,4181345590369241,4181345590398997,4847
2579,"loop_broadcast_fusion_4.kd",2,8,2845,1277591,1277591,16,16,0,0,4,4,16,64,"0x0","0x7f3e25f69a00",4181345590261873,4181345590369241,4181345590373327,4181345590391846,4086
2580,"__amd_rocclr_fillBufferAligned.kd",2,8,2846,1277591,1277591,77824,256,0,0,12,4,48,64,"0x0","0x7f669ba7b580",4181345590276835,4181345590378094,4181345590392315,4181345590446738,14221
2581,"__amd_rocclr_fillBufferAligned.kd",2,8,2847,1277591,1277591,16128,256,0,0,12,4,48,64,"0x0","0x7f669ba7b580",4181345590376253,4181345590392315,4181345590396722,4181345590457233,4407
2582,"transformer_engine::fused_attn_rocm::populate_rng_state_kernel(long*, long const*, long) [clone .kd]",2,8,2848,1277591,1277591,1,1,0,0,8,0,16,64,"0x0","0x7f3e25f8d380",4181345590388351,4181345590400608,4181345590401289,4181345590471785,681
2583,"__amd_rocclr_fillBufferAligned.kd",2,8,2849,1277591,1277591,256,256,0,0,12,4,48,64,"0x0","0x7f669ba7b580",4181345590402271,4181345590411944,4181345590413907,4181345590466978,1963
2584,"ck_fused_attn::get_runtime_max_seqlen_kernel(unsigned long, int const*, int const*, unsigned long*) [clone .kd]",2,8,2850,1277591,1277591,4096,128,0,0,4,4,32,64,"0x0","0x7f3e25f58940",4181345590411175,4181345590419836,4181345590425404,4181345590461710,5568
2585,"__amd_rocclr_copyBuffer.kd",2,8,2851,1277591,1277591,512,512,0,0,16,0,32,64,"0x7f7ea91e9800","0x7f669ba7b600",4181345590420669,4181345590455970,4181345590462620,4181345590478445,6650
2586,"__amd_rocclr_fillBufferAligned.kd",2,8,2853,1277591,1277591,256,256,0,0,12,4,48,64,"0x0","0x7f669ba7b580",4181345590500698,4181345590510251,4181345590512093,4181345590543672,1842
2587,"ck_fused_attn::get_runtime_max_seqlen_kernel(unsigned long, int const*, int const*, unsigned long*) [clone .kd]",2,8,2854,1277591,1277591,4096,128,0,0,4,4,32,64,"0x0","0x7f3e25f58940",4181345590510182,4181345590518062,4181345590523791,4181345590553737,5729
2588,"__amd_rocclr_copyBuffer.kd",2,8,2855,1277591,1277591,512,512,0,0,16,0,32,64,"0x7f7ea91e9780","0x7f669ba7b600",4181345590517262,4181345590534447,4181345590540416,4181345590548669,5969
2589,"void transformer_engine::fused_attn_rocm::compute_scores_kernel<__half, transformer_engine::fused_attn_rocm::SmallSeqConfig<6, 128, 256, false, (transformer_engine::fused_attn_rocm::CausalMaskType)0>, 1>(__half const*, __half const*, __half*, float, int const*, int const*, int, int) [clone .kd]",2,8,2857,1277591,1277591,64000,64,0,0,92,4,48,64,"0x0","0x7f3e240cea80",4181345590564963,4181345590574066,4181345590605352,4181345590614657,31286
2590,"void transformer_engine::fused_attn_rocm::apply_mask_and_softmax_kernel<__half, transformer_engine::fused_attn_rocm::SmallSeqConfig<6, 128, 256, false, (transformer_engine::fused_attn_rocm::CausalMaskType)0> >(__half*, __half const*, float, int const*, int, int) [clone .kd]",2,8,2858,1277591,1277591,390144,256,1024,0,12,4,16,64,"0x0","0x7f3e240ceac0",4181345590573596,4181345590605352,4181345590610480,4181345590623000,5128
2591,"void transformer_engine::fused_attn_rocm::compute_output_kernel<__half, transformer_engine::fused_attn_rocm::SmallSeqConfig<6, 128, 256, false, (transformer_engine::fused_attn_rocm::CausalMaskType)0>, 2, 8>(__half const*, __half const*, __half*, int const*, int const*, int, int) [clone .kd]",2,8,2859,1277591,1277591,512000,64,12288,0,20,4,32,64,"0x0","0x7f3e240ceb00",4181345590580036,4181345590610480,4181345590654385,4181345590655077,43905
2592,"loop_broadcast_fusion_5.kd",2,8,2860,1277591,1277591,2048000,256,0,0,4,4,16,64,"0x0","0x7f3e25f69a40",4181345590589370,4181345590654385,4181345590662677,4181345590664521,8292
2593,"__amd_rocclr_fillBufferAligned.kd",2,8,2861,1277591,1277591,77824,256,0,0,12,4,48,64,"0x0","0x7f669ba7b580",4181345590609159,4181345590662677,4181345590669447,4181345590670250,6770
2594,"__amd_rocclr_fillBufferAligned.kd",2,8,2862,1277591,1277591,77824,256,0,0,12,4,48,64,"0x0","0x7f669ba7b580",4181345590615088,4181345590669447,4181345590687194,4181345590690480,17747
2595,"__amd_rocclr_fillBufferAligned.kd",2,8,2863,1277591,1277591,77824,256,0,0,12,4,48,64,"0x0","0x7f669ba7b580",4181345590637982,4181345590687194,4181345590704620,4181345590705973,17426
2596,"__amd_rocclr_fillBufferAligned.kd",2,8,2864,1277591,1277591,256,256,0,0,12,4,48,64,"0x0","0x7f669ba7b580",4181345590646024,4181345590704620,4181345590709467,4181345590710510,4847
2597,"ck_fused_attn::get_runtime_max_seqlen_kernel(unsigned long, int const*, int const*, unsigned long*) [clone .kd]",2,8,2865,1277591,1277591,4096,128,0,0,4,4,32,64,"0x0","0x7f3e25f58940",4181345590653535,4181345590709467,4181345590715356,4181345590717100,5889
2598,"__amd_rocclr_copyBuffer.kd",2,8,2866,1277591,1277591,512,512,0,0,16,0,32,64,"0x7f7ea91e9600","0x7f669ba7b600",4181345590669178,4181345590715356,4181345590721084,4181345590723199,5728
2599,"__amd_rocclr_fillBufferAligned.kd",2,8,2868,1277591,1277591,256,256,0,0,12,4,48,64,"0x0","0x7f669ba7b580",4181345590742568,4181345590752571,4181345590754614,4181345590760384,2043
2600,"ck_fused_attn::get_runtime_max_seqlen_kernel(unsigned long, int const*, int const*, unsigned long*) [clone .kd]",2,8,2869,1277591,1277591,4096,128,0,0,4,4,32,64,"0x0","0x7f3e25f58940",4181345590752212,4181345590760623,4181345590766392,4181345590769668,5769
2601,"__amd_rocclr_copyBuffer.kd",2,8,2870,1277591,1277591,512,512,0,0,16,0,32,64,"0x7f7ea9072600","0x7f669ba7b600",4181345590759563,4181345590774444,4181345590780693,4181345590785251,6249
2602,"void transformer_engine::fused_attn_rocm::compute_grad_v_kernel<__half, transformer_engine::fused_attn_rocm::SmallSeqConfig<6, 128, 256, false, (transformer_engine::fused_attn_rocm::CausalMaskType)0>, 16, 16>(__half const*, __half const*, __half*, int const*, int const*, int, int) [clone .kd]",2,8,2872,1277591,1277591,256000,64,12288,0,28,4,32,64,"0x0","0x7f3e240d0200",4181345590800333,4181345590810938,4181345590868463,4181345590877158,57525
2603,"void transformer_engine::fused_attn_rocm::compute_grad_attn_kernel<__half, transformer_engine::fused_attn_rocm::SmallSeqConfig<6, 128, 256, false, (transformer_engine::fused_attn_rocm::CausalMaskType)0>, 16>(__half const*, __half const*, __half*, int const*, int const*, int, int) [clone .kd]",2,8,2873,1277591,1277591,8000,64,0,0,104,0,64,64,"0x0","0x7f3e240d0240",4181345590809487,4181345590868463,4181345591091395,4181345591099709,222932
2604,"void transformer_engine::fused_attn_rocm::softmax_backward_kernel<__half, transformer_engine::fused_attn_rocm::SmallSeqConfig<6, 128, 256, false, (transformer_engine::fused_attn_rocm::CausalMaskType)0> >(__half const*, __half const*, __half*, float, int const*, int, int) [clone .kd]",2,8,2874,1277591,1277591,390144,256,1024,0,16,0,16,64,"0x0","0x7f3e240d0280",4181345590817850,4181345591091395,4181345591097123,4181345591107761,5728
2605,"void transformer_engine::fused_attn_rocm::compute_grad_qk_kernel<__half, transformer_engine::fused_attn_rocm::SmallSeqConfig<6, 128, 256, false, (transformer_engine::fused_attn_rocm::CausalMaskType)0>, 4, 16>(__half const*, __half const*, __half const*, __half*, __half*, float, int const*, int const*, int, int) [clone .kd]",2,8,2875,1277591,1277591,1024000,64,12288,0,36,4,64,64,"0x0","0x7f3e240d02c0",4181345590830659,4181345591097123,4181345591252474,4181345591253057,155351
2606,"input_reduce_fusion.kd",2,8,2876,1277591,1277591,524288,256,512,0,16,0,16,64,"0x0","0x7f3e25f69a80",4181345590838931,4181345591252474,4181345591261808,4181345591264033,9334
2607,"input_reduce_fusion_3.kd",2,8,2877,1277591,1277591,128,128,512,0,24,0,16,64,"0x0","0x7f3e25f69ac0",4181345590845881,4181345591261808,4181345591267617,4181345591270753,5809
2608,"loop_convert_fusion.kd",2,8,2878,1277591,1277591,1,1,0,0,4,4,16,64,"0x0","0x7f3e25f69b00",4181345590852982,4181345591267617,4181345591271623,4181345591280878,4006
2609,"input_reduce_reduce_window_fusion_3.kd",2,8,2881,1277591,1277591,9728,256,0,0,28,4,48,64,"0x0","0x7f3e25f69000",4181345590965199,4181345591283200,4181345591293816,4181345591294508,10616
2610,"loop_reduce_window_fusion_11.kd",2,8,2882,1277591,1277591,1536,256,0,0,8,0,16,64,"0x0","0x7f3e25f69040",4181345590974813,4181345591293816,4181345591301027,4181345591301088,7211
2611,"loop_slice_fusion_5.kd",2,8,2883,1277591,1277591,6,6,0,0,20,4,16,64,"0x0","0x7f3e25f69080",4181345590982394,4181345591301027,4181345591305954,4181345591306927,4927
2612,"loop_broadcast_fusion_2.kd",2,8,2884,1277591,1277591,24064,256,0,0,4,4,16,64,"0x0","0x7f3e25f690c0",4181345590989795,4181345591305954,4181345591311522,4181345591312685,5568
2613,"input_scatter_fusion_2.kd",2,8,2885,1277591,1277591,24064,256,0,0,12,4,32,64,"0x0","0x7f3e25f69100",4181345590997457,4181345591311522,4181345591319574,4181345591326947,8052
2614,"loop_reduce_window_fusion_10.kd",2,8,2886,1277591,1277591,24064,256,0,0,8,0,16,64,"0x0","0x7f3e25f69140",4181345591004357,4181345591319574,4181345591325303,4181345591340327,5729
2615,"loop_reduce_window_fusion_11.kd",2,8,2887,1277591,1277591,1536,256,0,0,8,0,16,64,"0x0","0x7f3e25f69040",4181345591011287,4181345591325303,4181345591330470,4181345591345945,5167
2616,"loop_slice_fusion_4.kd",2,8,2888,1277591,1277591,94,94,0,0,24,0,16,64,"0x0","0x7f3e25f69180",4181345591018909,4181345591330470,4181345591336399,4181345591351864,5929
2617,"input_reduce_fusion_1.kd",2,8,2889,1277591,1277591,64,64,0,0,8,0,16,64,"0x0","0x7f3e25f691c0",4181345591026570,4181345591336399,4181345591341046,4181345591357682,4647
2618,"loop_select_fusion_5.kd",2,8,2890,1277591,1277591,24064,256,0,0,8,0,32,64,"0x0","0x7f3e25f69200",4181345591033841,4181345591341046,4181345591346014,4181345591363271,4968
2619,"loop_select_fusion_2.kd",2,8,2891,1277591,1277591,24064,256,0,0,4,4,16,64,"0x0","0x7f3e25f69240",4181345591040491,4181345591346014,4181345591350861,4181345591368679,4847
2620,"loop_reduce_window_fusion_10.kd",2,8,2892,1277591,1277591,24064,256,0,0,8,0,16,64,"0x0","0x7f3e25f69140",4181345591047000,4181345591350861,4181345591355628,4181345591376090,4767
2621,"loop_reduce_window_fusion_11.kd",2,8,2893,1277591,1277591,1536,256,0,0,8,0,16,64,"0x0","0x7f3e25f69040",4181345591053901,4181345591355628,4181345591360876,4181345591382349,5248
2622,"loop_slice_fusion_5.kd",2,8,2894,1277591,1277591,6,6,0,0,20,4,16,64,"0x0","0x7f3e25f69080",4181345591060260,4181345591360876,4181345591365523,4181345591387647,4647
2623,"input_concatenate_fusion.kd",2,8,2895,1277591,1277591,24064,256,0,0,12,4,32,64,"0x0","0x7f3e25f69280",4181345591067311,4181345591365523,4181345591371251,4181345591393456,5728
2624,"input_reduce_reduce_window_fusion.kd",2,8,2896,1277591,1277591,11264,256,0,0,36,4,48,64,"0x0","0x7f3e25f692c0",4181345591074321,4181345591371251,4181345591381586,4181345591431572,10335
2625,"loop_reduce_window_fusion_2.kd",2,8,2897,1277591,1277591,1792,256,0,0,8,0,16,64,"0x0","0x7f3e25f69300",4181345591081432,4181345591381586,4181345591386834,4181345591418343,5248
2626,"loop_slice_fusion_7.kd",2,8,2898,1277591,1277591,7,7,0,0,20,4,16,64,"0x0","0x7f3e25f69340",4181345591087821,4181345591386834,4181345591391481,4181345591399024,4647
2627,"loop_broadcast_fusion.kd",2,8,2899,1277591,1277591,28160,256,0,0,4,4,16,64,"0x0","0x7f3e25f69380",4181345591095192,4181345591391481,4181345591396489,4181345591404722,5008
2628,"input_scatter_fusion.kd",2,8,2900,1277591,1277591,28160,256,0,0,12,4,32,64,"0x0","0x7f3e25f693c0",4181345591102032,4181345591396489,4181345591403539,4181345591410211,7050
2629,"loop_reduce_window_fusion_1.kd",2,8,2901,1277591,1277591,28160,256,0,0,8,0,16,64,"0x0","0x7f3e25f69400",4181345591124185,4181345591403539,4181345591408426,4181345591437201,4887
2630,"loop_reduce_window_fusion_2.kd",2,8,2902,1277591,1277591,1792,256,0,0,8,0,16,64,"0x0","0x7f3e25f69300",4181345591131226,4181345591408426,4181345591413434,4181345591443390,5008
2631,"loop_slice_fusion_7.kd",2,8,2903,1277591,1277591,7,7,0,0,20,4,16,64,"0x0","0x7f3e25f69340",4181345591137946,4181345591413434,4181345591418041,4181345591448928,4607
2632,"loop_slice_fusion_3.kd",2,8,2904,1277591,1277591,110,110,0,0,8,0,16,64,"0x0","0x7f3e25f69440",4181345591145056,4181345591418041,4181345591422567,4181345591456539,4526
2633,"input_reduce_fusion_2.kd",2,8,2905,1277591,1277591,64,64,0,0,8,0,16,64,"0x0","0x7f3e25f69480",4181345591151736,4181345591422567,4181345591427214,4181345591462859,4647
2634,"loop_select_fusion_4.kd",2,8,2906,1277591,1277591,28160,256,0,0,8,0,32,64,"0x0","0x7f3e25f694c0",4181345591159638,4181345591427214,4181345591432222,4181345591468647,5008
2635,"loop_select_fusion.kd",2,8,2907,1277591,1277591,28160,256,0,0,8,0,16,64,"0x0","0x7f3e25f69500",4181345591166188,4181345591432222,4181345591437149,4181345591474506,4927
2636,"loop_compare_fusion_1.kd",2,8,2908,1277591,1277591,4096,256,0,0,4,4,16,64,"0x0","0x7f3e25f69540",4181345591173919,4181345591437149,4181345591441876,4181345591480325,4727
2637,"input_reduce_reduce_window_fusion_2.kd",2,8,2909,1277591,1277591,256,256,512,0,20,4,32,64,"0x0","0x7f3e25f69580",4181345591180339,4181345591441876,4181345591457620,4181345591486033,15744
2638,"loop_slice_fusion_1.kd",2,8,2910,1277591,1277591,16,16,0,0,20,4,16,64,"0x0","0x7f3e25f695c0",4181345591188781,4181345591457620,4181345591462307,4181345591491551,4687
2639,"loop_broadcast_fusion_3.kd",2,8,2911,1277591,1277591,4096,256,0,0,4,4,16,64,"0x0","0x7f3e25f69600",4181345591195972,4181345591462307,4181345591467274,4181345591496789,4967
2640,"input_scatter_fusion_3.kd",2,8,2912,1277591,1277591,4096,256,0,0,8,0,32,64,"0x0","0x7f3e25f69640",4181345591202792,4181345591467274,4181345591473884,4181345591502177,6610
2641,"loop_reduce_window_fusion_13.kd",2,8,2913,1277591,1277591,4096,256,0,0,8,0,16,64,"0x0","0x7f3e25f69680",4181345591209682,4181345591473884,4181345591478771,4181345591507345,4887
2642,"loop_slice_fusion_1.kd",2,8,2914,1277591,1277591,16,16,0,0,20,4,16,64,"0x0","0x7f3e25f695c0",4181345591215902,4181345591478771,4181345591483498,4181345591512753,4727
2643,"loop_remainder_fusion.kd",2,8,2915,1277591,1277591,4096,256,0,0,12,4,16,64,"0x0","0x7f3e25f696c0",4181345591222401,4181345591483498,4181345591489467,4181345591518552,5969
2644,"loop_select_fusion_3.kd",2,8,2916,1277591,1277591,4096,256,0,0,8,0,32,64,"0x0","0x7f3e25f69700",4181345591230293,4181345591489467,4181345591494314,4181345591532052,4847
2645,"loop_reduce_window_fusion_13.kd",2,8,2917,1277591,1277591,4096,256,0,0,8,0,16,64,"0x0","0x7f3e25f69680",4181345591237083,4181345591494314,4181345591499201,4181345591523840,4887
2646,"loop_slice_fusion_1.kd",2,8,2918,1277591,1277591,16,16,0,0,20,4,16,64,"0x0","0x7f3e25f695c0",4181345591244444,4181345591499201,4181345591503888,4181345591542958,4687
2647,"input_concatenate_fusion_1.kd",2,8,2919,1277591,1277591,4096,256,0,0,8,0,32,64,"0x0","0x7f3e25f69740",4181345591251895,4181345591503888,4181345591509617,4181345591548136,5729
2648,"loop_compare_fusion.kd",2,8,2920,1277591,1277591,8192,256,0,0,4,4,16,64,"0x0","0x7f3e25f69780",4181345591267819,4181345591509617,4181345591514624,4181345591556238,5007
2649,"input_reduce_reduce_window_fusion_1.kd",2,8,2921,1277591,1277591,512,512,512,0,20,4,48,64,"0x0","0x7f3e25f697c0",4181345591278234,4181345591514624,4181345591531970,4181345591537410,17346
2650,"loop_reduce_window_fusion_6.kd",2,8,2922,1277591,1277591,32,32,0,0,32,0,16,64,"0x0","0x7f3e25f69800",4181345591294789,4181345591531970,4181345591541464,4181345591580303,9494
2651,"loop_broadcast_fusion_1.kd",2,8,2923,1277591,1277591,8192,256,0,0,4,4,16,64,"0x0","0x7f3e25f69840",4181345591330151,4181345591541464,4181345591546432,4181345591569367,4968
2652,"input_scatter_fusion_1.kd",2,8,2924,1277591,1277591,8192,256,0,0,8,0,32,64,"0x0","0x7f3e25f69880",4181345591428538,4181345591546432,4181345591551800,4181345591574885,5368
2653,"loop_reduce_window_fusion_5.kd",2,8,2925,1277591,1277591,8192,256,0,0,8,0,16,64,"0x0","0x7f3e25f698c0",4181345591437481,4181345591568705,4181345591572631,4181345591588325,3926
2654,"loop_reduce_window_fusion_4.kd",2,8,2926,1277591,1277591,512,256,0,0,8,0,16,64,"0x0","0x7f3e25f69900",4181345591567725,4181345591594263,4181345591599711,4181345591603348,5448
2655,"loop_reduce_window_fusion_3.kd",2,8,2927,1277591,1277591,32,32,0,0,8,0,16,64,"0x0","0x7f3e25f69940",4181345591596568,4181345591608564,4181345591612850,4181345591638650,4286
2656,"loop_select_fusion_6.kd",2,8,2928,1277591,1277591,8192,256,0,0,8,0,32,64,"0x0","0x7f3e25f69980",4181345591635085,4181345591643696,4181345591647061,4181345591647173,3365
2657,"loop_select_fusion_1.kd",2,8,2929,1277591,1277591,8192,256,0,0,8,0,16,64,"0x0","0x7f3e25f699c0",4181345591644178,4181345591652069,4181345591654753,4181345591657689,2684
2658,"loop_broadcast_fusion_4.kd",2,8,2930,1277591,1277591,16,16,0,0,4,4,16,64,"0x0","0x7f3e25f69a00",4181345591651620,4181345591671698,4181345591673420,4181345591676767,1722
2659,"__amd_rocclr_fillBufferAligned.kd",2,8,2931,1277591,1277591,77824,256,0,0,12,4,48,64,"0x0","0x7f669ba7b580",4181345591676036,4181345591691367,4181345591705548,4181345591707963,14181
2660,"__amd_rocclr_fillBufferAligned.kd",2,8,2932,1277591,1277591,16128,256,0,0,12,4,48,64,"0x0","0x7f669ba7b580",4181345591690187,4181345591705548,4181345591710516,4181345591714974,4968
2661,"transformer_engine::fused_attn_rocm::populate_rng_state_kernel(long*, long const*, long) [clone .kd]",2,8,2933,1277591,1277591,1,1,0,0,8,0,16,64,"0x0","0x7f3e25f8d380",4181345591699951,4181345591710516,4181345591714642,4181345591723096,4126
2662,"__amd_rocclr_fillBufferAligned.kd",2,8,2934,1277591,1277591,256,256,0,0,12,4,48,64,"0x0","0x7f669ba7b580",4181345591710036,4181345591729424,4181345591731347,4181345591739831,1923
2663,"ck_fused_attn::get_runtime_max_seqlen_kernel(unsigned long, int const*, int const*, unsigned long*) [clone .kd]",2,8,2935,1277591,1277591,4096,128,0,0,4,4,32,64,"0x0","0x7f3e25f58940",4181345591728744,4181345591738798,4181345591744406,4181345591748904,5608
2664,"__amd_rocclr_copyBuffer.kd",2,8,2936,1277591,1277591,512,512,0,0,16,0,32,64,"0x7f7ea91e9a00","0x7f669ba7b600",4181345591739530,4181345591755342,4181345591761792,4181345591764688,6450
2665,"__amd_rocclr_fillBufferAligned.kd",2,8,2938,1277591,1277591,256,256,0,0,12,4,48,64,"0x0","0x7f669ba7b580",4181345591783516,4181345591792077,4181345591793920,4181345591830626,1843
2666,"ck_fused_attn::get_runtime_max_seqlen_kernel(unsigned long, int const*, int const*, unsigned long*) [clone .kd]",2,8,2939,1277591,1277591,4096,128,0,0,4,4,32,64,"0x0","0x7f3e25f58940",4181345591794973,4181345591803854,4181345591809423,4181345591840370,5569
2667,"__amd_rocclr_copyBuffer.kd",2,8,2940,1277591,1277591,512,512,0,0,16,0,32,64,"0x7f7ea91e9200","0x7f669ba7b600",4181345591805188,4181345591814310,4181345591819317,4181345591835773,5007
2668,"void transformer_engine::fused_attn_rocm::compute_scores_kernel<__half, transformer_engine::fused_attn_rocm::SmallSeqConfig<6, 128, 256, false, (transformer_engine::fused_attn_rocm::CausalMaskType)0>, 1>(__half const*, __half const*, __half*, float, int const*, int const*, int, int) [clone .kd]",2,8,2942,1277591,1277591,64000,64,0,0,92,4,48,64,"0x0","0x7f3e240cea80",4181345591852588,4181345591869192,4181345591901359,4181345591901661,32167
2669,"void transformer_engine::fused_attn_rocm::apply_mask_and_softmax_kernel<__half, transformer_engine::fused_attn_rocm::SmallSeqConfig<6, 128, 256, false, (transformer_engine::fused_attn_rocm::CausalMaskType)0> >(__half*, __half const*, float, int const*, int, int) [clone .kd]",2,8,2943,1277591,1277591,390144,256,1024,0,12,4,16,64,"0x0","0x7f3e240ceac0",4181345591867891,4181345591901359,4181345591906487,4181345591911676,5128
2670,"void transformer_engine::fused_attn_rocm::compute_output_kernel<__half, transformer_engine::fused_attn_rocm::SmallSeqConfig<6, 128, 256, false, (transformer_engine::fused_attn_rocm::CausalMaskType)0>, 2, 8>(__half const*, __half const*, __half*, int const*, int const*, int, int) [clone .kd]",2,8,2944,1277591,1277591,512000,64,12288,0,20,4,32,64,"0x0","0x7f3e240ceb00",4181345591875613,4181345591906487,4181345591948349,4181345591950294,41862
2671,"loop_broadcast_fusion_5.kd",2,8,2945,1277591,1277591,2048000,256,0,0,4,4,16,64,"0x0","0x7f3e25f69a40",4181345591885337,4181345591948349,4181345591956481,4181345591960038,8132
2672,"__amd_rocclr_fillBufferAligned.kd",2,8,2946,1277591,1277591,77824,256,0,0,12,4,48,64,"0x0","0x7f669ba7b580",4181345591898186,4181345591956481,4181345591963171,4181345591964505,6690
2673,"__amd_rocclr_fillBufferAligned.kd",2,8,2947,1277591,1277591,77824,256,0,0,12,4,48,64,"0x0","0x7f669ba7b580",4181345591904896,4181345591963171,4181345591980878,4181345591988701,17707
2674,"__amd_rocclr_fillBufferAligned.kd",2,8,2948,1277591,1277591,77824,256,0,0,12,4,48,64,"0x0","0x7f669ba7b580",4181345591924896,4181345591980878,4181345591998344,4181345592009432,17466
2675,"__amd_rocclr_fillBufferAligned.kd",2,8,2949,1277591,1277591,256,256,0,0,12,4,48,64,"0x0","0x7f669ba7b580",4181345591932547,4181345591998344,4181345592003071,4181345592004554,4727
2676,"ck_fused_attn::get_runtime_max_seqlen_kernel(unsigned long, int const*, int const*, unsigned long*) [clone .kd]",2,8,2950,1277591,1277591,4096,128,0,0,4,4,32,64,"0x0","0x7f3e25f58940",4181345591940129,4181345592003071,4181345592009000,4181345592021009,5929
2677,"__amd_rocclr_copyBuffer.kd",2,8,2951,1277591,1277591,512,512,0,0,16,0,32,64,"0x7f7ea91e9100","0x7f669ba7b600",4181345591948411,4181345592009000,4181345592014247,4181345592015991,5247
2678,"__amd_rocclr_fillBufferAligned.kd",2,8,2953,1277591,1277591,256,256,0,0,12,4,48,64,"0x0","0x7f669ba7b580",4181345592033618,4181345592049059,4181345592051142,4181345592052386,2083
2679,"ck_fused_attn::get_runtime_max_seqlen_kernel(unsigned long, int const*, int const*, unsigned long*) [clone .kd]",2,8,2954,1277591,1277591,4096,128,0,0,4,4,32,64,"0x0","0x7f3e25f58940",4181345592048830,4181345592056310,4181345592062359,4181345592063993,6049
2680,"__amd_rocclr_copyBuffer.kd",2,8,2955,1277591,1277591,512,512,0,0,16,0,32,64,"0x7f7ea91e9000","0x7f669ba7b600",4181345592055160,4181345592068969,4181345592075498,4181345592079195,6529
2681,"void transformer_engine::fused_attn_rocm::compute_grad_v_kernel<__half, transformer_engine::fused_attn_rocm::SmallSeqConfig<6, 128, 256, false, (transformer_engine::fused_attn_rocm::CausalMaskType)0>, 16, 16>(__half const*, __half const*, __half*, int const*, int const*, int, int) [clone .kd]",2,8,2957,1277591,1277591,256000,64,12288,0,28,4,32,64,"0x0","0x7f3e240d0200",4181345592094288,4181345592105463,4181345592166313,4181345592171613,60850
2682,"void transformer_engine::fused_attn_rocm::compute_grad_attn_kernel<__half, transformer_engine::fused_attn_rocm::SmallSeqConfig<6, 128, 256, false, (transformer_engine::fused_attn_rocm::CausalMaskType)0>, 16>(__half const*, __half const*, __half*, int const*, int const*, int, int) [clone .kd]",2,8,2958,1277591,1277591,8000,64,0,0,104,0,64,64,"0x0","0x7f3e240d0240",4181345592104213,4181345592166313,4181345592390567,4181345592403978,224254
2683,"void transformer_engine::fused_attn_rocm::softmax_backward_kernel<__half, transformer_engine::fused_attn_rocm::SmallSeqConfig<6, 128, 256, false, (transformer_engine::fused_attn_rocm::CausalMaskType)0> >(__half const*, __half const*, __half*, float, int const*, int, int) [clone .kd]",2,8,2959,1277591,1277591,390144,256,1024,0,16,0,16,64,"0x0","0x7f3e240d0280",4181345592111103,4181345592390567,4181345592396496,4181345592412691,5929
2684,"void transformer_engine::fused_attn_rocm::compute_grad_qk_kernel<__half, transformer_engine::fused_attn_rocm::SmallSeqConfig<6, 128, 256, false, (transformer_engine::fused_attn_rocm::CausalMaskType)0>, 4, 16>(__half const*, __half const*, __half const*, __half*, __half*, float, int const*, int const*, int, int) [clone .kd]",2,8,2960,1277591,1277591,1024000,64,12288,0,36,4,64,64,"0x0","0x7f3e240d02c0",4181345592119866,4181345592396496,4181345592537746,4181345592540622,141250
2685,"input_reduce_fusion.kd",2,8,2961,1277591,1277591,524288,256,512,0,16,0,16,64,"0x0","0x7f3e25f69a80",4181345592127587,4181345592537746,4181345592546839,4181345592547672,9093
2686,"input_reduce_fusion_3.kd",2,8,2962,1277591,1277591,128,128,512,0,24,0,16,64,"0x0","0x7f3e25f69ac0",4181345592134187,4181345592546839,4181345592551486,4181345592553361,4647
2687,"loop_convert_fusion.kd",2,8,2963,1277591,1277591,1,1,0,0,4,4,16,64,"0x0","0x7f3e25f69b00",4181345592142590,4181345592551486,4181345592555572,4181345592563606,4086
2688,"input_reduce_reduce_window_fusion_3.kd",2,8,2966,1277591,1277591,9728,256,0,0,28,4,48,64,"0x0","0x7f3e25f69000",4181345592241897,4181345592567390,4181345592578326,4181345592582133,10936
2689,"loop_reduce_window_fusion_11.kd",2,8,2967,1277591,1277591,1536,256,0,0,8,0,16,64,"0x0","0x7f3e25f69040",4181345592251912,4181345592578326,4181345592586058,4181345592594582,7732
2690,"loop_slice_fusion_5.kd",2,8,2968,1277591,1277591,6,6,0,0,20,4,16,64,"0x0","0x7f3e25f69080",4181345592259023,4181345592586058,4181345592591466,4181345592600891,5408
2691,"loop_broadcast_fusion_2.kd",2,8,2969,1277591,1277591,24064,256,0,0,4,4,16,64,"0x0","0x7f3e25f690c0",4181345592266624,4181345592591466,4181345592597034,4181345592610656,5568
2692,"input_scatter_fusion_2.kd",2,8,2970,1277591,1277591,24064,256,0,0,12,4,32,64,"0x0","0x7f3e25f69100",4181345592276719,4181345592597034,4181345592604205,4181345592620100,7171
2693,"loop_reduce_window_fusion_10.kd",2,8,2971,1277591,1277591,24064,256,0,0,8,0,16,64,"0x0","0x7f3e25f69140",4181345592284381,4181345592604205,4181345592609493,4181345592626319,5288
2694,"loop_reduce_window_fusion_11.kd",2,8,2972,1277591,1277591,1536,256,0,0,8,0,16,64,"0x0","0x7f3e25f69040",4181345592291581,4181345592609493,4181345592614981,4181345592631837,5488
2695,"loop_slice_fusion_4.kd",2,8,2973,1277591,1277591,94,94,0,0,24,0,16,64,"0x0","0x7f3e25f69180",4181345592298822,4181345592614981,4181345592621911,4181345592637886,6930
2696,"input_reduce_fusion_1.kd",2,8,2974,1277591,1277591,64,64,0,0,8,0,16,64,"0x0","0x7f3e25f691c0",4181345592305983,4181345592621911,4181345592627479,4181345592643925,5568
2697,"loop_select_fusion_5.kd",2,8,2975,1277591,1277591,24064,256,0,0,8,0,32,64,"0x0","0x7f3e25f69200",4181345592314005,4181345592627479,4181345592633368,4181345592649664,5889
2698,"loop_select_fusion_2.kd",2,8,2976,1277591,1277591,24064,256,0,0,4,4,16,64,"0x0","0x7f3e25f69240",4181345592320965,4181345592633368,4181345592638936,4181345592655402,5568
2699,"loop_reduce_window_fusion_10.kd",2,8,2977,1277591,1277591,24064,256,0,0,8,0,16,64,"0x0","0x7f3e25f69140",4181345592328606,4181345592638936,4181345592644545,4181345592661171,5609
2700,"loop_reduce_window_fusion_11.kd",2,8,2978,1277591,1277591,1536,256,0,0,8,0,16,64,"0x0","0x7f3e25f69040",4181345592335417,4181345592644545,4181345592650073,4181345592668392,5528
2701,"loop_slice_fusion_5.kd",2,8,2979,1277591,1277591,6,6,0,0,20,4,16,64,"0x0","0x7f3e25f69080",4181345592342247,4181345592650073,4181345592655561,4181345592673529,5488
2702,"input_concatenate_fusion.kd",2,8,2980,1277591,1277591,24064,256,0,0,12,4,32,64,"0x0","0x7f3e25f69280",4181345592349497,4181345592655561,4181345592661410,4181345592678787,5849
2703,"input_reduce_reduce_window_fusion.kd",2,8,2981,1277591,1277591,11264,256,0,0,36,4,48,64,"0x0","0x7f3e25f692c0",4181345592356608,4181345592661410,4181345592672466,4181345592684566,11056
2704,"loop_reduce_window_fusion_2.kd",2,8,2982,1277591,1277591,1792,256,0,0,8,0,16,64,"0x0","0x7f3e25f69300",4181345592363328,4181345592672466,4181345592679316,4181345592695853,6850
2705,"loop_slice_fusion_7.kd",2,8,2983,1277591,1277591,7,7,0,0,20,4,16,64,"0x0","0x7f3e25f69340",4181345592370048,4181345592679316,4181345592684845,4181345592690344,5529
2706,"loop_broadcast_fusion.kd",2,8,2984,1277591,1277591,28160,256,0,0,4,4,16,64,"0x0","0x7f3e25f69380",4181345592376948,4181345592684845,4181345592690413,4181345592718326,5568
2707,"input_scatter_fusion.kd",2,8,2985,1277591,1277591,28160,256,0,0,12,4,32,64,"0x0","0x7f3e25f693c0",4181345592383919,4181345592690413,4181345592698745,4181345592704065,8332
2708,"loop_reduce_window_fusion_1.kd",2,8,2986,1277591,1277591,28160,256,0,0,8,0,16,64,"0x0","0x7f3e25f69400",4181345592390609,4181345592698745,4181345592704274,4181345592745546,5529
2709,"loop_reduce_window_fusion_2.kd",2,8,2987,1277591,1277591,1792,256,0,0,8,0,16,64,"0x0","0x7f3e25f69300",4181345592397439,4181345592704274,4181345592709802,4181345592758706,5528
2710,"loop_slice_fusion_7.kd",2,8,2988,1277591,1277591,7,7,0,0,20,4,16,64,"0x0","0x7f3e25f69340",4181345592403878,4181345592709802,4181345592715370,4181345592764655,5568
2711,"loop_slice_fusion_3.kd",2,8,2989,1277591,1277591,110,110,0,0,8,0,16,64,"0x0","0x7f3e25f69440",4181345592428395,4181345592715370,4181345592720938,4181345592736173,5568
2712,"input_reduce_fusion_2.kd",2,8,2990,1277591,1277591,64,64,0,0,8,0,16,64,"0x0","0x7f3e25f69480",4181345592435485,4181345592720938,4181345592726467,4181345592730975,5529
2713,"loop_select_fusion_4.kd",2,8,2991,1277591,1277591,28160,256,0,0,8,0,32,64,"0x0","0x7f3e25f694c0",4181345592443447,4181345592726467,4181345592732355,4181345592819406,5888
2714,"loop_select_fusion.kd",2,8,2992,1277591,1277591,28160,256,0,0,8,0,16,64,"0x0","0x7f3e25f69500",4181345592450898,4181345592732355,4181345592737203,4181345592825145,4848
2715,"loop_compare_fusion_1.kd",2,8,2993,1277591,1277591,4096,256,0,0,4,4,16,64,"0x0","0x7f3e25f69540",4181345592457789,4181345592737203,4181345592742530,4181345592830763,5327
2716,"input_reduce_reduce_window_fusion_2.kd",2,8,2994,1277591,1277591,256,256,512,0,20,4,32,64,"0x0","0x7f3e25f69580",4181345592465270,4181345592742530,4181345592757272,4181345592836281,14742
2717,"loop_slice_fusion_1.kd",2,8,2995,1277591,1277591,16,16,0,0,20,4,16,64,"0x0","0x7f3e25f695c0",4181345592472470,4181345592757272,4181345592762039,4181345592813938,4767
2718,"loop_broadcast_fusion_3.kd",2,8,2996,1277591,1277591,4096,256,0,0,4,4,16,64,"0x0","0x7f3e25f69600",4181345592480022,4181345592762039,4181345592766967,4181345592808290,4928
2719,"input_scatter_fusion_3.kd",2,8,2997,1277591,1277591,4096,256,0,0,8,0,32,64,"0x0","0x7f3e25f69640",4181345592487062,4181345592766967,4181345592773096,4181345592802171,6129
2720,"loop_reduce_window_fusion_13.kd",2,8,2998,1277591,1277591,4096,256,0,0,8,0,16,64,"0x0","0x7f3e25f69680",4181345592494483,4181345592773096,4181345592778023,4181345592779186,4927
2721,"loop_slice_fusion_1.kd",2,8,2999,1277591,1277591,16,16,0,0,20,4,16,64,"0x0","0x7f3e25f695c0",4181345592501534,4181345592778023,4181345592782951,4181345592911653,4928
2722,"loop_remainder_fusion.kd",2,8,3000,1277591,1277591,4096,256,0,0,12,4,16,64,"0x0","0x7f3e25f696c0",4181345592509305,4181345592782951,4181345592788839,4181345592917572,5888
2723,"loop_select_fusion_3.kd",2,8,3001,1277591,1277591,4096,256,0,0,8,0,32,64,"0x0","0x7f3e25f69700",4181345592517437,4181345592788839,4181345592793767,4181345592922860,4928
2724,"loop_reduce_window_fusion_13.kd",2,8,3002,1277591,1277591,4096,256,0,0,8,0,16,64,"0x0","0x7f3e25f69680",4181345592524808,4181345592793767,4181345592798654,4181345592881228,4887
2725,"loop_slice_fusion_1.kd",2,8,3003,1277591,1277591,16,16,0,0,20,4,16,64,"0x0","0x7f3e25f695c0",4181345592532430,4181345592798654,4181345592803381,4181345592905034,4727
2726,"input_concatenate_fusion_1.kd",2,8,3004,1277591,1277591,4096,256,0,0,8,0,32,64,"0x0","0x7f3e25f69740",4181345592539941,4181345592803381,4181345592809230,4181345592844764,5849
2727,"loop_compare_fusion.kd",2,8,3005,1277591,1277591,8192,256,0,0,4,4,16,64,"0x0","0x7f3e25f69780",4181345592570456,4181345592809230,4181345592814237,4181345592886967,5007
2728,"input_reduce_reduce_window_fusion_1.kd",2,8,3006,1277591,1277591,512,512,512,0,20,4,48,64,"0x0","0x7f3e25f697c0",4181345592589144,4181345592814237,4181345592832104,4181345592862060,17867
2729,"loop_reduce_window_fusion_6.kd",2,8,3007,1277591,1277591,32,32,0,0,32,0,16,64,"0x0","0x7f3e25f69800",4181345592598518,4181345592832104,4181345592841998,4181345592899485,9894
2730,"loop_broadcast_fusion_1.kd",2,8,3008,1277591,1277591,8192,256,0,0,4,4,16,64,"0x0","0x7f3e25f69840",4181345592607501,4181345592841998,4181345592847006,4181345592928038,5008
2731,"input_scatter_fusion_1.kd",2,8,3009,1277591,1277591,8192,256,0,0,8,0,32,64,"0x0","0x7f3e25f69880",4181345592617476,4181345592847006,4181345592852614,4181345592855730,5608
2732,"loop_reduce_window_fusion_5.kd",2,8,3010,1277591,1277591,8192,256,0,0,8,0,16,64,"0x0","0x7f3e25f698c0",4181345592716353,4181345592852614,4181345592857622,4181345592867888,5008
2733,"loop_reduce_window_fusion_4.kd",2,8,3011,1277591,1277591,512,256,0,0,8,0,16,64,"0x0","0x7f3e25f69900",4181345592732547,4181345592857622,4181345592862869,4181345592875570,5247
2734,"loop_reduce_window_fusion_3.kd",2,8,3012,1277591,1277591,32,32,0,0,8,0,16,64,"0x0","0x7f3e25f69940",4181345592746888,4181345592862869,4181345592867556,4181345592893486,4687
2735,"loop_select_fusion_6.kd",2,8,3013,1277591,1277591,8192,256,0,0,8,0,32,64,"0x0","0x7f3e25f69980",4181345592800749,4181345592867556,4181345592872564,4181345592936470,5008
2736,"loop_select_fusion_1.kd",2,8,3014,1277591,1277591,8192,256,0,0,8,0,16,64,"0x0","0x7f3e25f699c0",4181345592852576,4181345592872564,4181345592876810,4181345592948318,4246
2737,"loop_broadcast_fusion_4.kd",2,8,3015,1277591,1277591,16,16,0,0,4,4,16,64,"0x0","0x7f3e25f69a00",4181345592861910,4181345592946514,4181345592948437,4181345592955549,1923
2738,"__amd_rocclr_fillBufferAligned.kd",2,8,3016,1277591,1277591,77824,256,0,0,12,4,48,64,"0x0","0x7f669ba7b580",4181345592953756,4181345592971311,4181345592985011,4181345592988628,13700
2739,"__amd_rocclr_fillBufferAligned.kd",2,8,3017,1277591,1277591,16128,256,0,0,12,4,48,64,"0x0","0x7f669ba7b580",4181345592970171,4181345592985011,4181345592990059,4181345592994797,5048
2740,"transformer_engine::fused_attn_rocm::populate_rng_state_kernel(long*, long const*, long) [clone .kd]",2,8,3018,1277591,1277591,1,1,0,0,8,0,16,64,"0x0","0x7f3e25f8d380",4181345592980266,4181345592990059,4181345592994185,4181345593003300,4126
2741,"__amd_rocclr_fillBufferAligned.kd",2,8,3019,1277591,1277591,256,256,0,0,12,4,48,64,"0x0","0x7f669ba7b580",4181345592990060,4181345592999432,4181345593001476,4181345593008958,2044
2742,"ck_fused_attn::get_runtime_max_seqlen_kernel(unsigned long, int const*, int const*, unsigned long*) [clone .kd]",2,8,3020,1277591,1277591,4096,128,0,0,4,4,32,64,"0x0","0x7f3e25f58940",4181345592999364,4181345593007725,4181345593013574,4181345593018132,5849
2743,"__amd_rocclr_copyBuffer.kd",2,8,3021,1277591,1277591,512,512,0,0,16,0,32,64,"0x7f7ea91e8e00","0x7f669ba7b600",4181345593007877,4181345593024229,4181345593030679,4181345593033595,6450
2744,"__amd_rocclr_fillBufferAligned.kd",2,8,3023,1277591,1277591,256,256,0,0,12,4,48,64,"0x0","0x7f669ba7b580",4181345593055197,4181345593063728,4181345593065771,4181345593094636,2043
2745,"ck_fused_attn::get_runtime_max_seqlen_kernel(unsigned long, int const*, int const*, unsigned long*) [clone .kd]",2,8,3024,1277591,1277591,4096,128,0,0,4,4,32,64,"0x0","0x7f3e25f58940",4181345593066444,4181345593074704,4181345593083678,4181345593105342,8974
2746,"__amd_rocclr_copyBuffer.kd",2,8,3025,1277591,1277591,512,512,0,0,16,0,32,64,"0x7f7ea91e8d00","0x7f669ba7b600",4181345593074105,4181345593083678,4181345593089286,4181345593100274,5608
2747,"void transformer_engine::fused_attn_rocm::compute_scores_kernel<__half, transformer_engine::fused_attn_rocm::SmallSeqConfig<6, 128, 256, false, (transformer_engine::fused_attn_rocm::CausalMaskType)0>, 1>(__half const*, __half const*, __half*, float, int const*, int const*, int, int) [clone .kd]",2,8,3027,1277591,1277591,64000,64,0,0,92,4,48,64,"0x0","0x7f3e240cea80",4181345593117029,4181345593126582,4181345593157988,4181345593166302,31406
2748,"void transformer_engine::fused_attn_rocm::apply_mask_and_softmax_kernel<__half, transformer_engine::fused_attn_rocm::SmallSeqConfig<6, 128, 256, false, (transformer_engine::fused_attn_rocm::CausalMaskType)0> >(__half*, __half const*, float, int const*, int, int) [clone .kd]",2,8,3028,1277591,1277591,390144,256,1024,0,12,4,16,64,"0x0","0x7f3e240ceac0",4181345593124740,4181345593157988,4181345593163196,4181345593174094,5208
2749,"void transformer_engine::fused_attn_rocm::compute_output_kernel<__half, transformer_engine::fused_attn_rocm::SmallSeqConfig<6, 128, 256, false, (transformer_engine::fused_attn_rocm::CausalMaskType)0>, 2, 8>(__half const*, __half const*, __half*, int const*, int const*, int, int) [clone .kd]",2,8,3029,1277591,1277591,512000,64,12288,0,20,4,32,64,"0x0","0x7f3e240ceb00",4181345593133744,4181345593163196,4181345593206460,4181345593208966,43264
2750,"loop_broadcast_fusion_5.kd",2,8,3030,1277591,1277591,2048000,256,0,0,4,4,16,64,"0x0","0x7f3e25f69a40",4181345593148686,4181345593206460,4181345593214673,4181345593219171,8213
2751,"__amd_rocclr_fillBufferAligned.kd",2,8,3031,1277591,1277591,77824,256,0,0,12,4,48,64,"0x0","0x7f669ba7b580",4181345593162957,4181345593214673,4181345593221563,4181345593224288,6890
2752,"__amd_rocclr_fillBufferAligned.kd",2,8,3032,1277591,1277591,77824,256,0,0,12,4,48,64,"0x0","0x7f669ba7b580",4181345593168425,4181345593221563,4181345593238949,4181345593240673,17386
2753,"__amd_rocclr_fillBufferAligned.kd",2,8,3033,1277591,1277591,77824,256,0,0,12,4,48,64,"0x0","0x7f669ba7b580",4181345593188846,4181345593238949,4181345593256455,4181345593265059,17506
2754,"__amd_rocclr_fillBufferAligned.kd",2,8,3034,1277591,1277591,256,256,0,0,12,4,48,64,"0x0","0x7f669ba7b580",4181345593196968,4181345593256455,4181345593261302,4181345593270036,4847
2755,"ck_fused_attn::get_runtime_max_seqlen_kernel(unsigned long, int const*, int const*, unsigned long*) [clone .kd]",2,8,3035,1277591,1277591,4096,128,0,0,4,4,32,64,"0x0","0x7f3e25f58940",4181345593203628,4181345593261302,4181345593267231,4181345593274533,5929
2756,"__amd_rocclr_copyBuffer.kd",2,8,3036,1277591,1277591,512,512,0,0,16,0,32,64,"0x7f7ea91e8c00","0x7f669ba7b600",4181345593210698,4181345593267231,4181345593272679,4181345593280943,5448
2757,"__amd_rocclr_fillBufferAligned.kd",2,8,3038,1277591,1277591,256,256,0,0,12,4,48,64,"0x0","0x7f669ba7b580",4181345593298919,4181345593313780,4181345593315903,4181345593318969,2123
2758,"ck_fused_attn::get_runtime_max_seqlen_kernel(unsigned long, int const*, int const*, unsigned long*) [clone .kd]",2,8,3039,1277591,1277591,4096,128,0,0,4,4,32,64,"0x0","0x7f3e25f58940",4181345593313221,4181345593321271,4181345593327360,4181345593328253,6089
2759,"__amd_rocclr_copyBuffer.kd",2,8,3040,1277591,1277591,512,512,0,0,16,0,32,64,"0x7f7ea91e8b00","0x7f669ba7b600",4181345593320291,4181345593332888,4181345593339138,4181345593344888,6250
2760,"void transformer_engine::fused_attn_rocm::compute_grad_v_kernel<__half, transformer_engine::fused_attn_rocm::SmallSeqConfig<6, 128, 256, false, (transformer_engine::fused_attn_rocm::CausalMaskType)0>, 16, 16>(__half const*, __half const*, __half*, int const*, int const*, int, int) [clone .kd]",2,8,3042,1277591,1277591,256000,64,12288,0,28,4,32,64,"0x0","0x7f3e240d0200",4181345593359600,4181345593370905,4181345593428671,4181345593429003,57766
2761,"void transformer_engine::fused_attn_rocm::compute_grad_attn_kernel<__half, transformer_engine::fused_attn_rocm::SmallSeqConfig<6, 128, 256, false, (transformer_engine::fused_attn_rocm::CausalMaskType)0>, 16>(__half const*, __half const*, __half*, int const*, int const*, int, int) [clone .kd]",2,8,3043,1277591,1277591,8000,64,0,0,104,0,64,64,"0x0","0x7f3e240d0240",4181345593369044,4181345593428671,4181345593651803,4181345593656842,223132
2762,"void transformer_engine::fused_attn_rocm::softmax_backward_kernel<__half, transformer_engine::fused_attn_rocm::SmallSeqConfig<6, 128, 256, false, (transformer_engine::fused_attn_rocm::CausalMaskType)0> >(__half const*, __half const*, __half*, float, int const*, int, int) [clone .kd]",2,8,3044,1277591,1277591,390144,256,1024,0,16,0,16,64,"0x0","0x7f3e240d0280",4181345593376274,4181345593651803,4181345593657731,4181345593664333,5928
2763,"void transformer_engine::fused_attn_rocm::compute_grad_qk_kernel<__half, transformer_engine::fused_attn_rocm::SmallSeqConfig<6, 128, 256, false, (transformer_engine::fused_attn_rocm::CausalMaskType)0>, 4, 16>(__half const*, __half const*, __half const*, __half*, __half*, float, int const*, int const*, int, int) [clone .kd]",2,8,3045,1277591,1277591,1024000,64,12288,0,36,4,64,64,"0x0","0x7f3e240d02c0",4181345593386540,4181345593657731,4181345593811240,4181345593814136,153509
2764,"input_reduce_fusion.kd",2,8,3046,1277591,1277591,524288,256,512,0,16,0,16,64,"0x0","0x7f3e25f69a80",4181345593395112,4181345593811240,4181345593822216,4181345593824982,10976
2765,"input_reduce_fusion_3.kd",2,8,3047,1277591,1277591,128,128,512,0,24,0,16,64,"0x0","0x7f3e25f69ac0",4181345593402884,4181345593822216,4181345593827865,4181345593830600,5649
2766,"loop_convert_fusion.kd",2,8,3048,1277591,1277591,1,1,0,0,4,4,16,64,"0x0","0x7f3e25f69b00",4181345593409694,4181345593827865,4181345593833593,4181345593839714,5728
2767,"input_reduce_reduce_window_fusion_3.kd",2,8,3051,1277591,1277591,9728,256,0,0,28,4,48,64,"0x0","0x7f3e25f69000",4181345593509583,4181345593845050,4181345593855506,4181345593874505,10456
2768,"loop_reduce_window_fusion_11.kd",2,8,3052,1277591,1277591,1536,256,0,0,8,0,16,64,"0x0","0x7f3e25f69040",4181345593519027,4181345593855506,4181345593862196,4181345593884360,6690
2769,"loop_slice_fusion_5.kd",2,8,3053,1277591,1277591,6,6,0,0,20,4,16,64,"0x0","0x7f3e25f69080",4181345593525677,4181345593862196,4181345593868565,4181345593890339,6369
2770,"loop_broadcast_fusion_2.kd",2,8,3054,1277591,1277591,24064,256,0,0,4,4,16,64,"0x0","0x7f3e25f690c0",4181345593532817,4181345593868565,4181345593874534,4181345593896368,5969
2771,"input_scatter_fusion_2.kd",2,8,3055,1277591,1277591,24064,256,0,0,12,4,32,64,"0x0","0x7f3e25f69100",4181345593539958,4181345593874534,4181345593881785,4181345593902367,7251
2772,"loop_reduce_window_fusion_10.kd",2,8,3056,1277591,1277591,24064,256,0,0,8,0,16,64,"0x0","0x7f3e25f69140",4181345593546958,4181345593881785,4181345593886712,4181345593908416,4927
2773,"loop_reduce_window_fusion_11.kd",2,8,3057,1277591,1277591,1536,256,0,0,8,0,16,64,"0x0","0x7f3e25f69040",4181345593554520,4181345593886712,4181345593891599,4181345593914144,4887
2774,"loop_slice_fusion_4.kd",2,8,3058,1277591,1277591,94,94,0,0,24,0,16,64,"0x0","0x7f3e25f69180",4181345593561049,4181345593891599,4181345593896927,4181345593919883,5328
2775,"input_reduce_fusion_1.kd",2,8,3059,1277591,1277591,64,64,0,0,8,0,16,64,"0x0","0x7f3e25f691c0",4181345593567859,4181345593896927,4181345593901614,4181345593925561,4687
2776,"loop_select_fusion_5.kd",2,8,3060,1277591,1277591,24064,256,0,0,8,0,32,64,"0x0","0x7f3e25f69200",4181345593574369,4181345593901614,4181345593906582,4181345593931330,4968
2777,"loop_select_fusion_2.kd",2,8,3061,1277591,1277591,24064,256,0,0,4,4,16,64,"0x0","0x7f3e25f69240",4181345593581229,4181345593906582,4181345593911469,4181345593937048,4887
2778,"loop_reduce_window_fusion_10.kd",2,8,3062,1277591,1277591,24064,256,0,0,8,0,16,64,"0x0","0x7f3e25f69140",4181345593588160,4181345593911469,4181345593916196,4181345593942967,4727
2779,"loop_reduce_window_fusion_11.kd",2,8,3063,1277591,1277591,1536,256,0,0,8,0,16,64,"0x0","0x7f3e25f69040",4181345593594920,4181345593916196,4181345593921243,4181345593949036,5047
2780,"loop_slice_fusion_5.kd",2,8,3064,1277591,1277591,6,6,0,0,20,4,16,64,"0x0","0x7f3e25f69080",4181345593601680,4181345593921243,4181345593926051,4181345593956187,4808
2781,"input_concatenate_fusion.kd",2,8,3065,1277591,1277591,24064,256,0,0,12,4,32,64,"0x0","0x7f3e25f69280",4181345593608840,4181345593926051,4181345593931779,4181345593962206,5728
2782,"input_reduce_reduce_window_fusion.kd",2,8,3066,1277591,1277591,11264,256,0,0,36,4,48,64,"0x0","0x7f3e25f692c0",4181345593615500,4181345593931779,4181345593942275,4181345593967764,10496
2783,"loop_reduce_window_fusion_2.kd",2,8,3067,1277591,1277591,1792,256,0,0,8,0,16,64,"0x0","0x7f3e25f69300",4181345593623021,4181345593942275,4181345593947563,4181345593972992,5288
2784,"loop_slice_fusion_7.kd",2,8,3068,1277591,1277591,7,7,0,0,20,4,16,64,"0x0","0x7f3e25f69340",4181345593630332,4181345593947563,4181345593952209,4181345594019701,4646
2785,"loop_broadcast_fusion.kd",2,8,3069,1277591,1277591,28160,256,0,0,4,4,16,64,"0x0","0x7f3e25f69380",4181345593637182,4181345593952209,4181345593957297,4181345593998690,5088
2786,"input_scatter_fusion.kd",2,8,3070,1277591,1277591,28160,256,0,0,12,4,32,64,"0x0","0x7f3e25f693c0",4181345593644323,4181345593957297,4181345593964468,4181345593989777,7171
2787,"loop_reduce_window_fusion_1.kd",2,8,3071,1277591,1277591,28160,256,0,0,8,0,16,64,"0x0","0x7f3e25f69400",4181345593651754,4181345593964468,4181345593969315,4181345593984249,4847
2788,"loop_reduce_window_fusion_2.kd",2,8,3072,1277591,1277591,1792,256,0,0,8,0,16,64,"0x0","0x7f3e25f69300",4181345593658033,4181345593969315,4181345593974362,4181345593978510,5047
2789,"loop_slice_fusion_7.kd",2,8,3073,1277591,1277591,7,7,0,0,20,4,16,64,"0x0","0x7f3e25f69340",4181345593678594,4181345593974362,4181345593978969,4181345594045189,4607
2790,"loop_slice_fusion_3.kd",2,8,3074,1277591,1277591,110,110,0,0,8,0,16,64,"0x0","0x7f3e25f69440",4181345593686255,4181345593978969,4181345593983616,4181345594050948,4647
2791,"input_reduce_fusion_2.kd",2,8,3075,1277591,1277591,64,64,0,0,8,0,16,64,"0x0","0x7f3e25f69480",4181345593693196,4181345593983616,4181345593988263,4181345594058138,4647
2792,"loop_select_fusion_4.kd",2,8,3076,1277591,1277591,28160,256,0,0,8,0,32,64,"0x0","0x7f3e25f694c0",4181345593701148,4181345593988263,4181345593993270,4181345594063547,5007
2793,"loop_select_fusion.kd",2,8,3077,1277591,1277591,28160,256,0,0,8,0,16,64,"0x0","0x7f3e25f69500",4181345593707667,4181345593993270,4181345593998198,4181345594069015,4928
2794,"loop_compare_fusion_1.kd",2,8,3078,1277591,1277591,4096,256,0,0,4,4,16,64,"0x0","0x7f3e25f69540",4181345593715118,4181345593998198,4181345594003005,4181345594074623,4807
2795,"input_reduce_reduce_window_fusion_2.kd",2,8,3079,1277591,1277591,256,256,512,0,20,4,32,64,"0x0","0x7f3e25f69580",4181345593721638,4181345594003005,4181345594018829,4181345594038710,15824
2796,"loop_slice_fusion_1.kd",2,8,3080,1277591,1277591,16,16,0,0,20,4,16,64,"0x0","0x7f3e25f695c0",4181345593728809,4181345594018829,4181345594023475,4181345594027393,4646
2797,"loop_broadcast_fusion_3.kd",2,8,3081,1277591,1277591,4096,256,0,0,4,4,16,64,"0x0","0x7f3e25f69600",4181345593736190,4181345594023475,4181345594028443,4181345594111778,4968
2798,"input_scatter_fusion_3.kd",2,8,3082,1277591,1277591,4096,256,0,0,8,0,32,64,"0x0","0x7f3e25f69640",4181345593743551,4181345594028443,4181345594034772,4181345594118048,6329
2799,"loop_reduce_window_fusion_13.kd",2,8,3083,1277591,1277591,4096,256,0,0,8,0,16,64,"0x0","0x7f3e25f69680",4181345593750651,4181345594034772,4181345594039539,4181345594123396,4767
2800,"loop_slice_fusion_1.kd",2,8,3084,1277591,1277591,16,16,0,0,20,4,16,64,"0x0","0x7f3e25f695c0",4181345593757151,4181345594039539,4181345594044186,4181345594128633,4647
2801,"loop_remainder_fusion.kd",2,8,3085,1277591,1277591,4096,256,0,0,12,4,16,64,"0x0","0x7f3e25f696c0",4181345593764542,4181345594044186,4181345594050035,4181345594134572,5849
2802,"loop_select_fusion_3.kd",2,8,3086,1277591,1277591,4096,256,0,0,8,0,32,64,"0x0","0x7f3e25f69700",4181345593772684,4181345594050035,4181345594054962,4181345594141372,4927
2803,"loop_reduce_window_fusion_13.kd",2,8,3087,1277591,1277591,4096,256,0,0,8,0,16,64,"0x0","0x7f3e25f69680",4181345593779484,4181345594054962,4181345594059769,4181345594105920,4807
2804,"loop_slice_fusion_1.kd",2,8,3088,1277591,1277591,16,16,0,0,20,4,16,64,"0x0","0x7f3e25f695c0",4181345593786294,4181345594059769,4181345594064496,4181345594093581,4727
2805,"input_concatenate_fusion_1.kd",2,8,3089,1277591,1277591,4096,256,0,0,8,0,32,64,"0x0","0x7f3e25f69740",4181345593793054,4181345594064496,4181345594070345,4181345594082605,5849
2806,"loop_compare_fusion.kd",2,8,3090,1277591,1277591,8192,256,0,0,4,4,16,64,"0x0","0x7f3e25f69780",4181345593800175,4181345594070345,4181345594075353,4181345594088273,5008
2807,"input_reduce_reduce_window_fusion_1.kd",2,8,3091,1277591,1277591,512,512,512,0,20,4,48,64,"0x0","0x7f3e25f697c0",4181345593807736,4181345594075353,4181345594091857,4181345594199268,16504
2808,"loop_reduce_window_fusion_6.kd",2,8,3092,1277591,1277591,32,32,0,0,32,0,16,64,"0x0","0x7f3e25f69800",4181345593814606,4181345594091857,4181345594101391,4181345594204767,9534
2809,"loop_broadcast_fusion_1.kd",2,8,3093,1277591,1277591,8192,256,0,0,4,4,16,64,"0x0","0x7f3e25f69840",4181345593828207,4181345594101391,4181345594106399,4181345594149444,5008
2810,"input_scatter_fusion_1.kd",2,8,3094,1277591,1277591,8192,256,0,0,8,0,32,64,"0x0","0x7f3e25f69880",4181345593845572,4181345594106399,4181345594111967,4181345594193460,5568
2811,"loop_reduce_window_fusion_5.kd",2,8,3095,1277591,1277591,8192,256,0,0,8,0,16,64,"0x0","0x7f3e25f698c0",4181345593854385,4181345594111967,4181345594116974,4181345594176214,5007
2812,"loop_reduce_window_fusion_4.kd",2,8,3096,1277591,1277591,512,256,0,0,8,0,16,64,"0x0","0x7f3e25f69900",4181345593862067,4181345594116974,4181345594122222,4181345594182423,5248
2813,"loop_reduce_window_fusion_3.kd",2,8,3097,1277591,1277591,32,32,0,0,8,0,16,64,"0x0","0x7f3e25f69940",4181345593869758,4181345594122222,4181345594126989,4181345594215382,4767
2814,"loop_select_fusion_6.kd",2,8,3098,1277591,1277591,8192,256,0,0,8,0,32,64,"0x0","0x7f3e25f69980",4181345593877420,4181345594126989,4181345594131957,4181345594160681,4968
2815,"loop_select_fusion_1.kd",2,8,3099,1277591,1277591,8192,256,0,0,8,0,16,64,"0x0","0x7f3e25f699c0",4181345594011389,4181345594131957,4181345594136764,4181345594187721,4807
2816,"loop_broadcast_fusion_4.kd",2,8,3100,1277591,1277591,16,16,0,0,4,4,16,64,"0x0","0x7f3e25f69a00",4181345594037468,4181345594136764,4181345594141771,4181345594210024,5007
2817,"__amd_rocclr_fillBufferAligned.kd",2,8,3101,1277591,1277591,77824,256,0,0,12,4,48,64,"0x0","0x7f669ba7b580",4181345594091047,4181345594141771,4181345594154270,4181345594166349,12499
2818,"__amd_rocclr_fillBufferAligned.kd",2,8,3102,1277591,1277591,16128,256,0,0,12,4,48,64,"0x0","0x7f669ba7b580",4181345594100932,4181345594158596,4181345594161240,4181345594225077,2644
2819,"transformer_engine::fused_attn_rocm::populate_rng_state_kernel(long*, long const*, long) [clone .kd]",2,8,3103,1277591,1277591,1,1,0,0,8,0,16,64,"0x0","0x7f3e25f8d380",4181345594163756,4181345594174059,4181345594176263,4181345594241481,2204
2820,"__amd_rocclr_fillBufferAligned.kd",2,8,3104,1277591,1277591,256,256,0,0,12,4,48,64,"0x0","0x7f669ba7b580",4181345594175723,4181345594230744,4181345594232506,4181345594235642,1762
2821,"ck_fused_attn::get_runtime_max_seqlen_kernel(unsigned long, int const*, int const*, unsigned long*) [clone .kd]",2,8,3105,1277591,1277591,4096,128,0,0,4,4,32,64,"0x0","0x7f3e25f58940",4181345594233449,4181345594256422,4181345594261990,4181345594263514,5568
2822,"__amd_rocclr_copyBuffer.kd",2,8,3106,1277591,1277591,512,512,0,0,16,0,32,64,"0x7f7ea91e8900","0x7f669ba7b600",4181345594256153,4181345594266917,4181345594272205,4181345594278576,5288
2823,"__amd_rocclr_fillBufferAligned.kd",2,8,3108,1277591,1277591,256,256,0,0,12,4,48,64,"0x0","0x7f669ba7b580",4181345594302302,4181345594311624,4181345594313467,4181345594340098,1843
2824,"ck_fused_attn::get_runtime_max_seqlen_kernel(unsigned long, int const*, int const*, unsigned long*) [clone .kd]",2,8,3109,1277591,1277591,4096,128,0,0,4,4,32,64,"0x0","0x7f3e25f58940",4181345594312687,4181345594320397,4181345594329010,4181345594349342,8613
2825,"__amd_rocclr_copyBuffer.kd",2,8,3110,1277591,1277591,512,512,0,0,16,0,32,64,"0x7f7ea91e8800","0x7f669ba7b600",4181345594319707,4181345594329010,4181345594335099,4181345594344805,6089
2826,"void transformer_engine::fused_attn_rocm::compute_scores_kernel<__half, transformer_engine::fused_attn_rocm::SmallSeqConfig<6, 128, 256, false, (transformer_engine::fused_attn_rocm::CausalMaskType)0>, 1>(__half const*, __half const*, __half*, float, int const*, int const*, int, int) [clone .kd]",2,8,3112,1277591,1277591,64000,64,0,0,92,4,48,64,"0x0","0x7f3e240cea80",4181345594361169,4181345594369911,4181345594398754,4181345594398835,28843
2827,"void transformer_engine::fused_attn_rocm::apply_mask_and_softmax_kernel<__half, transformer_engine::fused_attn_rocm::SmallSeqConfig<6, 128, 256, false, (transformer_engine::fused_attn_rocm::CausalMaskType)0> >(__half*, __half const*, float, int const*, int, int) [clone .kd]",2,8,3113,1277591,1277591,390144,256,1024,0,12,4,16,64,"0x0","0x7f3e240ceac0",4181345594369572,4181345594398754,4181345594403721,4181345594417112,4967
2828,"void transformer_engine::fused_attn_rocm::compute_output_kernel<__half, transformer_engine::fused_attn_rocm::SmallSeqConfig<6, 128, 256, false, (transformer_engine::fused_attn_rocm::CausalMaskType)0>, 2, 8>(__half const*, __half const*, __half*, int const*, int const*, int, int) [clone .kd]",2,8,3114,1277591,1277591,512000,64,12288,0,20,4,32,64,"0x0","0x7f3e240ceb00",4181345594376622,4181345594403721,4181345594449269,4181345594454718,45548
2829,"loop_broadcast_fusion_5.kd",2,8,3115,1277591,1277591,2048000,256,0,0,4,4,16,64,"0x0","0x7f3e25f69a40",4181345594392516,4181345594449269,4181345594457361,4181345594460487,8092
2830,"__amd_rocclr_fillBufferAligned.kd",2,8,3116,1277591,1277591,77824,256,0,0,12,4,48,64,"0x0","0x7f669ba7b580",4181345594406827,4181345594457361,4181345594464251,4181345594465114,6890
2831,"__amd_rocclr_fillBufferAligned.kd",2,8,3117,1277591,1277591,77824,256,0,0,12,4,48,64,"0x0","0x7f669ba7b580",4181345594415600,4181345594464251,4181345594482117,4181345594489560,17866
2832,"__amd_rocclr_fillBufferAligned.kd",2,8,3118,1277591,1277591,77824,256,0,0,12,4,48,64,"0x0","0x7f669ba7b580",4181345594421859,4181345594482117,4181345594499583,4181345594509770,17466
2833,"__amd_rocclr_fillBufferAligned.kd",2,8,3119,1277591,1277591,256,256,0,0,12,4,48,64,"0x0","0x7f669ba7b580",4181345594435820,4181345594499583,4181345594504511,4181345594505303,4928
2834,"ck_fused_attn::get_runtime_max_seqlen_kernel(unsigned long, int const*, int const*, unsigned long*) [clone .kd]",2,8,3120,1277591,1277591,4096,128,0,0,4,4,32,64,"0x0","0x7f3e25f58940",4181345594443171,4181345594504511,4181345594510440,4181345594516540,5929
2835,"__amd_rocclr_copyBuffer.kd",2,8,3121,1277591,1277591,512,512,0,0,16,0,32,64,"0x7f7ea91e8700","0x7f669ba7b600",4181345594450332,4181345594510440,4181345594516208,4181345594521327,5768
2836,"__amd_rocclr_fillBufferAligned.kd",2,8,3123,1277591,1277591,256,256,0,0,12,4,48,64,"0x0","0x7f669ba7b580",4181345594539665,4181345594551020,4181345594553143,4181345594554276,2123
2837,"ck_fused_attn::get_runtime_max_seqlen_kernel(unsigned long, int const*, int const*, unsigned long*) [clone .kd]",2,8,3124,1277591,1277591,4096,128,0,0,4,4,32,64,"0x0","0x7f3e25f58940",4181345594549970,4181345594558431,4181345594564240,4181345594565353,5809
2838,"__amd_rocclr_copyBuffer.kd",2,8,3125,1277591,1277591,512,512,0,0,16,0,32,64,"0x7f7ea91e8600","0x7f669ba7b600",4181345594557361,4181345594580704,4181345594587274,4181345594591742,6570
2839,"void transformer_engine::fused_attn_rocm::compute_grad_v_kernel<__half, transformer_engine::fused_attn_rocm::SmallSeqConfig<6, 128, 256, false, (transformer_engine::fused_attn_rocm::CausalMaskType)0>, 16, 16>(__half const*, __half const*, __half*, int const*, int const*, int, int) [clone .kd]",2,8,3127,1277591,1277591,256000,64,12288,0,28,4,32,64,"0x0","0x7f3e240d0200",4181345594607015,4181345594617439,4181345594677608,4181345594682176,60169
2840,"void transformer_engine::fused_attn_rocm::compute_grad_attn_kernel<__half, transformer_engine::fused_attn_rocm::SmallSeqConfig<6, 128, 256, false, (transformer_engine::fused_attn_rocm::CausalMaskType)0>, 16>(__half const*, __half const*, __half*, int const*, int const*, int, int) [clone .kd]",2,8,3128,1277591,1277591,8000,64,0,0,104,0,64,64,"0x0","0x7f3e240d0240",4181345594616899,4181345594677608,4181345594901862,4181345594902284,224254
2841,"void transformer_engine::fused_attn_rocm::softmax_backward_kernel<__half, transformer_engine::fused_attn_rocm::SmallSeqConfig<6, 128, 256, false, (transformer_engine::fused_attn_rocm::CausalMaskType)0> >(__half const*, __half const*, __half*, float, int const*, int, int) [clone .kd]",2,8,3129,1277591,1277591,390144,256,1024,0,16,0,16,64,"0x0","0x7f3e240d0280",4181345594627635,4181345594901862,4181345594907590,4181345594908794,5728
2842,"void transformer_engine::fused_attn_rocm::compute_grad_qk_kernel<__half, transformer_engine::fused_attn_rocm::SmallSeqConfig<6, 128, 256, false, (transformer_engine::fused_attn_rocm::CausalMaskType)0>, 4, 16>(__half const*, __half const*, __half const*, __half*, __half*, float, int const*, int const*, int, int) [clone .kd]",2,8,3130,1277591,1277591,1024000,64,12288,0,36,4,64,64,"0x0","0x7f3e240d02c0",4181345594634255,4181345594907590,4181345595059897,4181345595075221,152307
2843,"input_reduce_fusion.kd",2,8,3131,1277591,1277591,524288,256,512,0,16,0,16,64,"0x0","0x7f3e25f69a80",4181345594643309,4181345595059897,4181345595070232,4181345595087930,10335
2844,"input_reduce_fusion_3.kd",2,8,3132,1277591,1277591,128,128,512,0,24,0,16,64,"0x0","0x7f3e25f69ac0",4181345594651411,4181345595070232,4181345595075720,4181345595093879,5488
2845,"loop_convert_fusion.kd",2,8,3133,1277591,1277591,1,1,0,0,4,4,16,64,"0x0","0x7f3e25f69b00",4181345594658391,4181345595075720,4181345595079886,4181345595104154,4166
2846,"input_reduce_reduce_window_fusion_3.kd",2,8,3136,1277591,1277591,9728,256,0,0,28,4,48,64,"0x0","0x7f3e25f69000",4181345594771990,4181345595092425,4181345595102841,4181345595121119,10416
2847,"loop_reduce_window_fusion_11.kd",2,8,3137,1277591,1277591,1536,256,0,0,8,0,16,64,"0x0","0x7f3e25f69040",4181345594781514,4181345595102841,4181345595110532,4181345595128811,7691
2848,"loop_slice_fusion_5.kd",2,8,3138,1277591,1277591,6,6,0,0,20,4,16,64,"0x0","0x7f3e25f69080",4181345594788224,4181345595110532,4181345595115660,4181345595141029,5128
2849,"loop_broadcast_fusion_2.kd",2,8,3139,1277591,1277591,24064,256,0,0,4,4,16,64,"0x0","0x7f3e25f690c0",4181345594795144,4181345595115660,4181345595121588,4181345595147418,5928
2850,"input_scatter_fusion_2.kd",2,8,3140,1277591,1277591,24064,256,0,0,12,4,32,64,"0x0","0x7f3e25f69100",4181345594802495,4181345595121588,4181345595128759,4181345595153217,7171
2851,"loop_reduce_window_fusion_10.kd",2,8,3141,1277591,1277591,24064,256,0,0,8,0,16,64,"0x0","0x7f3e25f69140",4181345594809706,4181345595128759,4181345595133767,4181345595158996,5008
2852,"loop_reduce_window_fusion_11.kd",2,8,3142,1277591,1277591,1536,256,0,0,8,0,16,64,"0x0","0x7f3e25f69040",4181345594816737,4181345595133767,4181345595138934,4181345595164694,5167
2853,"loop_slice_fusion_4.kd",2,8,3143,1277591,1277591,94,94,0,0,24,0,16,64,"0x0","0x7f3e25f69180",4181345594824228,4181345595138934,4181345595144302,4181345595170443,5368
2854,"input_reduce_fusion_1.kd",2,8,3144,1277591,1277591,64,64,0,0,8,0,16,64,"0x0","0x7f3e25f691c0",4181345594831228,4181345595144302,4181345595148989,4181345595176502,4687
2855,"loop_select_fusion_5.kd",2,8,3145,1277591,1277591,24064,256,0,0,8,0,32,64,"0x0","0x7f3e25f69200",4181345594838359,4181345595148989,4181345595153957,4181345595182721,4968
2856,"loop_select_fusion_2.kd",2,8,3146,1277591,1277591,24064,256,0,0,4,4,16,64,"0x0","0x7f3e25f69240",4181345594845660,4181345595153957,4181345595158764,4181345595188690,4807
2857,"loop_reduce_window_fusion_10.kd",2,8,3147,1277591,1277591,24064,256,0,0,8,0,16,64,"0x0","0x7f3e25f69140",4181345594852289,4181345595158764,4181345595163491,4181345595194218,4727
2858,"loop_reduce_window_fusion_11.kd",2,8,3148,1277591,1277591,1536,256,0,0,8,0,16,64,"0x0","0x7f3e25f69040",4181345594858609,4181345595163491,4181345595168298,4181345595199967,4807
2859,"loop_slice_fusion_5.kd",2,8,3149,1277591,1277591,6,6,0,0,20,4,16,64,"0x0","0x7f3e25f69080",4181345594864988,4181345595168298,4181345595172905,4181345595205685,4607
2860,"input_concatenate_fusion.kd",2,8,3150,1277591,1277591,24064,256,0,0,12,4,32,64,"0x0","0x7f3e25f69280",4181345594872299,4181345595172905,4181345595178393,4181345595211584,5488
2861,"input_reduce_reduce_window_fusion.kd",2,8,3151,1277591,1277591,11264,256,0,0,36,4,48,64,"0x0","0x7f3e25f692c0",4181345594878669,4181345595178393,4181345595188849,4181345595218594,10456
2862,"loop_reduce_window_fusion_2.kd",2,8,3152,1277591,1277591,1792,256,0,0,8,0,16,64,"0x0","0x7f3e25f69300",4181345594885389,4181345595188849,4181345595193936,4181345595224483,5087
2863,"loop_slice_fusion_7.kd",2,8,3153,1277591,1277591,7,7,0,0,20,4,16,64,"0x0","0x7f3e25f69340",4181345594892179,4181345595193936,4181345595198623,4181345595279284,4687
2864,"loop_broadcast_fusion.kd",2,8,3154,1277591,1277591,28160,256,0,0,4,4,16,64,"0x0","0x7f3e25f69380",4181345594899109,4181345595198623,4181345595203631,4181345595249390,5008
2865,"input_scatter_fusion.kd",2,8,3155,1277591,1277591,28160,256,0,0,12,4,32,64,"0x0","0x7f3e25f693c0",4181345594906039,4181345595203631,4181345595210921,4181345595241238,7290
2866,"loop_reduce_window_fusion_1.kd",2,8,3156,1277591,1277591,28160,256,0,0,8,0,16,64,"0x0","0x7f3e25f69400",4181345594914722,4181345595210921,4181345595215809,4181345595236000,4888
2867,"loop_reduce_window_fusion_2.kd",2,8,3157,1277591,1277591,1792,256,0,0,8,0,16,64,"0x0","0x7f3e25f69300",4181345594923185,4181345595215809,4181345595220856,4181345595230262,5047
2868,"loop_slice_fusion_7.kd",2,8,3158,1277591,1277591,7,7,0,0,20,4,16,64,"0x0","0x7f3e25f69340",4181345594930305,4181345595220856,4181345595225503,4181345595292434,4647
2869,"loop_slice_fusion_3.kd",2,8,3159,1277591,1277591,110,110,0,0,8,0,16,64,"0x0","0x7f3e25f69440",4181345594937616,4181345595225503,4181345595230110,4181345595297371,4607
2870,"input_reduce_fusion_2.kd",2,8,3160,1277591,1277591,64,64,0,0,8,0,16,64,"0x0","0x7f3e25f69480",4181345594945248,4181345595230110,4181345595234757,4181345595302970,4647
2871,"loop_select_fusion_4.kd",2,8,3161,1277591,1277591,28160,256,0,0,8,0,32,64,"0x0","0x7f3e25f694c0",4181345594952228,4181345595234757,4181345595239764,4181345595308688,5007
2872,"loop_select_fusion.kd",2,8,3162,1277591,1277591,28160,256,0,0,8,0,16,64,"0x0","0x7f3e25f69500",4181345594959038,4181345595239764,4181345595244611,4181345595315669,4847
2873,"loop_compare_fusion_1.kd",2,8,3163,1277591,1277591,4096,256,0,0,4,4,16,64,"0x0","0x7f3e25f69540",4181345594965928,4181345595244611,4181345595249379,4181345595321107,4768
2874,"input_reduce_reduce_window_fusion_2.kd",2,8,3164,1277591,1277591,256,256,512,0,20,4,32,64,"0x0","0x7f3e25f69580",4181345594972699,4181345595249379,4181345595265042,4181345595326635,15663
2875,"loop_slice_fusion_1.kd",2,8,3165,1277591,1277591,16,16,0,0,20,4,16,64,"0x0","0x7f3e25f695c0",4181345594979859,4181345595265042,4181345595269769,4181345595332123,4727
2876,"loop_broadcast_fusion_3.kd",2,8,3166,1277591,1277591,4096,256,0,0,4,4,16,64,"0x0","0x7f3e25f69600",4181345594987400,4181345595269769,4181345595274696,4181345595337982,4927
2877,"input_scatter_fusion_3.kd",2,8,3167,1277591,1277591,4096,256,0,0,8,0,32,64,"0x0","0x7f3e25f69640",4181345594994701,4181345595274696,4181345595280785,4181345595343510,6089
2878,"loop_reduce_window_fusion_13.kd",2,8,3168,1277591,1277591,4096,256,0,0,8,0,16,64,"0x0","0x7f3e25f69680",4181345595000840,4181345595280785,4181345595285673,4181345595286786,4888
2879,"loop_slice_fusion_1.kd",2,8,3169,1277591,1277591,16,16,0,0,20,4,16,64,"0x0","0x7f3e25f695c0",4181345595007170,4181345595285673,4181345595290400,4181345595385653,4727
2880,"loop_remainder_fusion.kd",2,8,3170,1277591,1277591,4096,256,0,0,12,4,16,64,"0x0","0x7f3e25f696c0",4181345595014300,4181345595290400,4181345595296248,4181345595390740,5848
2881,"loop_select_fusion_3.kd",2,8,3171,1277591,1277591,4096,256,0,0,8,0,32,64,"0x0","0x7f3e25f69700",4181345595021511,4181345595296248,4181345595301176,4181345595396479,4928
2882,"loop_reduce_window_fusion_13.kd",2,8,3172,1277591,1277591,4096,256,0,0,8,0,16,64,"0x0","0x7f3e25f69680",4181345595029503,4181345595301176,4181345595305943,4181345595425512,4767
2883,"loop_slice_fusion_1.kd",2,8,3173,1277591,1277591,16,16,0,0,20,4,16,64,"0x0","0x7f3e25f695c0",4181345595036473,4181345595305943,4181345595310670,4181345595374546,4727
2884,"input_concatenate_fusion_1.kd",2,8,3174,1277591,1277591,4096,256,0,0,8,0,32,64,"0x0","0x7f3e25f69740",4181345595043053,4181345595310670,4181345595316318,4181345595368898,5648
2885,"loop_compare_fusion.kd",2,8,3175,1277591,1277591,8192,256,0,0,4,4,16,64,"0x0","0x7f3e25f69780",4181345595050444,4181345595316318,4181345595321245,4181345595351612,4927
2886,"input_reduce_reduce_window_fusion_1.kd",2,8,3176,1277591,1277591,512,512,512,0,20,4,48,64,"0x0","0x7f3e25f697c0",4181345595057675,4181345595321245,4181345595337750,4181345595403559,16505
2887,"loop_reduce_window_fusion_6.kd",2,8,3177,1277591,1277591,32,32,0,0,32,0,16,64,"0x0","0x7f3e25f69800",4181345595065577,4181345595337750,4181345595346723,4181345595408917,8973
2888,"loop_broadcast_fusion_1.kd",2,8,3178,1277591,1277591,8192,256,0,0,4,4,16,64,"0x0","0x7f3e25f69840",4181345595072727,4181345595346723,4181345595351731,4181345595420014,5008
2889,"input_scatter_fusion_1.kd",2,8,3179,1277591,1277591,8192,256,0,0,8,0,32,64,"0x0","0x7f3e25f69880",4181345595079758,4181345595351731,4181345595357299,4181345595433253,5568
2890,"loop_reduce_window_fusion_5.kd",2,8,3180,1277591,1277591,8192,256,0,0,8,0,16,64,"0x0","0x7f3e25f698c0",4181345595108010,4181345595357299,4181345595362306,4181345595414115,5007
2891,"loop_reduce_window_fusion_4.kd",2,8,3181,1277591,1277591,512,256,0,0,8,0,16,64,"0x0","0x7f3e25f69900",4181345595122832,4181345595362306,4181345595367554,4181345595470649,5248
2892,"loop_reduce_window_fusion_3.kd",2,8,3182,1277591,1277591,32,32,0,0,8,0,16,64,"0x0","0x7f3e25f69940",4181345595141169,4181345595367554,4181345595372281,4181345595444911,4727
2893,"loop_select_fusion_6.kd",2,8,3183,1277591,1277591,8192,256,0,0,8,0,32,64,"0x0","0x7f3e25f69980",4181345595277852,4181345595372281,4181345595377249,4181345595380054,4968
2894,"loop_select_fusion_1.kd",2,8,3184,1277591,1277591,8192,256,0,0,8,0,16,64,"0x0","0x7f3e25f699c0",4181345595293015,4181345595377249,4181345595382096,4181345595449868,4847
2895,"loop_broadcast_fusion_4.kd",2,8,3185,1277591,1277591,16,16,0,0,4,4,16,64,"0x0","0x7f3e25f69a00",4181345595301718,4181345595382096,4181345595386222,4181345595455346,4126
2896,"__amd_rocclr_fillBufferAligned.kd",2,8,3186,1277591,1277591,77824,256,0,0,12,4,48,64,"0x0","0x7f669ba7b580",4181345595367676,4181345595443267,4181345595456607,4181345595485471,13340
2897,"__amd_rocclr_fillBufferAligned.kd",2,8,3187,1277591,1277591,16128,256,0,0,12,4,48,64,"0x0","0x7f669ba7b580",4181345595440875,4181345595456607,4181345595461013,4181345595490939,4406
2898,"transformer_engine::fused_attn_rocm::populate_rng_state_kernel(long*, long const*, long) [clone .kd]",2,8,3188,1277591,1277591,1,1,0,0,8,0,16,64,"0x0","0x7f3e25f8d380",4181345595452913,4181345595465019,4181345595465700,4181345595507284,681
2899,"__amd_rocclr_fillBufferAligned.kd",2,8,3189,1277591,1277591,256,256,0,0,12,4,48,64,"0x0","0x7f669ba7b580",4181345595467254,4181345595475355,4181345595477157,4181345595495937,1802
2900,"ck_fused_attn::get_runtime_max_seqlen_kernel(unsigned long, int const*, int const*, unsigned long*) [clone .kd]",2,8,3190,1277591,1277591,4096,128,0,0,4,4,32,64,"0x0","0x7f3e25f58940",4181345595476668,4181345595491739,4181345595497427,4181345595514474,5688
2901,"__amd_rocclr_copyBuffer.kd",2,8,3191,1277591,1277591,512,512,0,0,16,0,32,64,"0x7f7ea91e8400","0x7f669ba7b600",4181345595492381,4181345595504438,4181345595510807,4181345595519291,6369
2902,"__amd_rocclr_fillBufferAligned.kd",2,8,3193,1277591,1277591,256,256,0,0,12,4,48,64,"0x0","0x7f669ba7b580",4181345595538680,4181345595547101,4181345595548984,4181345595575805,1883
2903,"ck_fused_attn::get_runtime_max_seqlen_kernel(unsigned long, int const*, int const*, unsigned long*) [clone .kd]",2,8,3194,1277591,1277591,4096,128,0,0,4,4,32,64,"0x0","0x7f3e25f58940",4181345595547994,4181345595555714,4181345595563806,4181345595585760,8092
2904,"__amd_rocclr_copyBuffer.kd",2,8,3195,1277591,1277591,512,512,0,0,16,0,32,64,"0x7f7ea91e8300","0x7f669ba7b600",4181345595555185,4181345595563806,4181345595569455,4181345595581244,5649
2905,"void transformer_engine::fused_attn_rocm::compute_scores_kernel<__half, transformer_engine::fused_attn_rocm::SmallSeqConfig<6, 128, 256, false, (transformer_engine::fused_attn_rocm::CausalMaskType)0>, 1>(__half const*, __half const*, __half*, float, int const*, int const*, int, int) [clone .kd]",2,8,3197,1277591,1277591,64000,64,0,0,92,4,48,64,"0x0","0x7f3e240cea80",4181345595596927,4181345595606510,4181345595637155,4181345595637297,30645
2906,"void transformer_engine::fused_attn_rocm::apply_mask_and_softmax_kernel<__half, transformer_engine::fused_attn_rocm::SmallSeqConfig<6, 128, 256, false, (transformer_engine::fused_attn_rocm::CausalMaskType)0> >(__half*, __half const*, float, int const*, int, int) [clone .kd]",2,8,3198,1277591,1277591,390144,256,1024,0,12,4,16,64,"0x0","0x7f3e240ceac0",4181345595606030,4181345595637155,4181345595642163,4181345595648724,5008
2907,"void transformer_engine::fused_attn_rocm::compute_output_kernel<__half, transformer_engine::fused_attn_rocm::SmallSeqConfig<6, 128, 256, false, (transformer_engine::fused_attn_rocm::CausalMaskType)0>, 2, 8>(__half const*, __half const*, __half*, int const*, int const*, int, int) [clone .kd]",2,8,3199,1277591,1277591,512000,64,12288,0,20,4,32,64,"0x0","0x7f3e240ceb00",4181345595613802,4181345595642163,4181345595686148,4181345595688343,43985
2908,"loop_broadcast_fusion_5.kd",2,8,3200,1277591,1277591,2048000,256,0,0,4,4,16,64,"0x0","0x7f3e25f69a40",4181345595630106,4181345595686148,4181345595694360,4181345595697496,8212
2909,"__amd_rocclr_fillBufferAligned.kd",2,8,3201,1277591,1277591,77824,256,0,0,12,4,48,64,"0x0","0x7f669ba7b580",4181345595643156,4181345595694360,4181345595701210,4181345595702444,6850
2910,"__amd_rocclr_fillBufferAligned.kd",2,8,3202,1277591,1277591,77824,256,0,0,12,4,48,64,"0x0","0x7f669ba7b580",4181345595650056,4181345595701210,4181345595718917,4181345595726800,17707
2911,"__amd_rocclr_fillBufferAligned.kd",2,8,3203,1277591,1277591,77824,256,0,0,12,4,48,64,"0x0","0x7f669ba7b580",4181345595663025,4181345595718917,4181345595736343,4181345595747050,17426
2912,"__amd_rocclr_fillBufferAligned.kd",2,8,3204,1277591,1277591,256,256,0,0,12,4,48,64,"0x0","0x7f669ba7b580",4181345595670426,4181345595736343,4181345595741030,4181345595742133,4687
2913,"ck_fused_attn::get_runtime_max_seqlen_kernel(unsigned long, int const*, int const*, unsigned long*) [clone .kd]",2,8,3205,1277591,1277591,4096,128,0,0,4,4,32,64,"0x0","0x7f3e25f58940",4181345595677517,4181345595741030,4181345595746959,4181345595753900,5929
2914,"__amd_rocclr_copyBuffer.kd",2,8,3206,1277591,1277591,512,512,0,0,16,0,32,64,"0x7f7ea91e8200","0x7f669ba7b600",4181345595684838,4181345595746959,4181345595752246,4181345595758537,5287
2915,"__amd_rocclr_fillBufferAligned.kd",2,8,3208,1277591,1277591,256,256,0,0,12,4,48,64,"0x0","0x7f669ba7b580",4181345595780290,4181345595790303,4181345595792426,4181345595800179,2123
2916,"ck_fused_attn::get_runtime_max_seqlen_kernel(unsigned long, int const*, int const*, unsigned long*) [clone .kd]",2,8,3209,1277591,1277591,4096,128,0,0,4,4,32,64,"0x0","0x7f3e25f58940",4181345595788572,4181345595796432,4181345595806046,4181345595808461,9614
2917,"__amd_rocclr_copyBuffer.kd",2,8,3210,1277591,1277591,512,512,0,0,16,0,32,64,"0x7f7ea9073600","0x7f669ba7b600",4181345595795753,4181345595806046,4181345595811615,4181345595813309,5569
2918,"void transformer_engine::fused_attn_rocm::compute_grad_v_kernel<__half, transformer_engine::fused_attn_rocm::SmallSeqConfig<6, 128, 256, false, (transformer_engine::fused_attn_rocm::CausalMaskType)0>, 16, 16>(__half const*, __half const*, __half*, int const*, int const*, int, int) [clone .kd]",2,8,3212,1277591,1277591,256000,64,12288,0,28,4,32,64,"0x0","0x7f3e240d0200",4181345595828361,4181345595838495,4181345595898304,4181345595898936,59809
2919,"void transformer_engine::fused_attn_rocm::compute_grad_attn_kernel<__half, transformer_engine::fused_attn_rocm::SmallSeqConfig<6, 128, 256, false, (transformer_engine::fused_attn_rocm::CausalMaskType)0>, 16>(__half const*, __half const*, __half*, int const*, int const*, int, int) [clone .kd]",2,8,3213,1277591,1277591,8000,64,0,0,104,0,64,64,"0x0","0x7f3e240d0240",4181345595837274,4181345595898304,4181345596121996,4181345596123340,223692
2920,"void transformer_engine::fused_attn_rocm::softmax_backward_kernel<__half, transformer_engine::fused_attn_rocm::SmallSeqConfig<6, 128, 256, false, (transformer_engine::fused_attn_rocm::CausalMaskType)0> >(__half const*, __half const*, __half*, float, int const*, int, int) [clone .kd]",2,8,3214,1277591,1277591,390144,256,1024,0,16,0,16,64,"0x0","0x7f3e240d0280",4181345595845577,4181345596121996,4181345596128846,4181345596132894,6850
2921,"void transformer_engine::fused_attn_rocm::compute_grad_qk_kernel<__half, transformer_engine::fused_attn_rocm::SmallSeqConfig<6, 128, 256, false, (transformer_engine::fused_attn_rocm::CausalMaskType)0>, 4, 16>(__half const*, __half const*, __half const*, __half*, __half*, float, int const*, int const*, int, int) [clone .kd]",2,8,3215,1277591,1277591,1024000,64,12288,0,36,4,64,64,"0x0","0x7f3e240d02c0",4181345595856853,4181345596128846,4181345596288804,4181345596292331,159958
2922,"input_reduce_fusion.kd",2,8,3216,1277591,1277591,524288,256,512,0,16,0,16,64,"0x0","0x7f3e25f69a80",4181345595865446,4181345596288804,4181345596298218,4181345596301314,9414
2923,"input_reduce_fusion_3.kd",2,8,3217,1277591,1277591,128,128,512,0,24,0,16,64,"0x0","0x7f3e25f69ac0",4181345595872146,4181345596298218,4181345596304027,4181345596307183,5809
2924,"loop_convert_fusion.kd",2,8,3218,1277591,1277591,1,1,0,0,4,4,16,64,"0x0","0x7f3e25f69b00",4181345595879377,4181345596304027,4181345596309355,4181345596316066,5328
2925,"input_reduce_reduce_window_fusion_3.kd",2,8,3221,1277591,1277591,9728,256,0,0,28,4,48,64,"0x0","0x7f3e25f69000",4181345595981028,4181345596322014,4181345596332189,4181345596333823,10175
2926,"loop_reduce_window_fusion_11.kd",2,8,3222,1277591,1277591,1536,256,0,0,8,0,16,64,"0x0","0x7f3e25f69040",4181345595989811,4181345596332189,4181345596339079,4181345596339691,6890
2927,"loop_slice_fusion_5.kd",2,8,3223,1277591,1277591,6,6,0,0,20,4,16,64,"0x0","0x7f3e25f69080",4181345595998344,4181345596339079,4181345596344047,4181345596345811,4968
2928,"loop_broadcast_fusion_2.kd",2,8,3224,1277591,1277591,24064,256,0,0,4,4,16,64,"0x0","0x7f3e25f690c0",4181345596006346,4181345596344047,4181345596349695,4181345596351609,5648
2929,"input_scatter_fusion_2.kd",2,8,3225,1277591,1277591,24064,256,0,0,12,4,32,64,"0x0","0x7f3e25f69100",4181345596014167,4181345596349695,4181345596358107,4181345596359180,8412
2930,"loop_reduce_window_fusion_10.kd",2,8,3226,1277591,1277591,24064,256,0,0,8,0,16,64,"0x0","0x7f3e25f69140",4181345596021568,4181345596358107,4181345596363716,4181345596364518,5609
2931,"loop_reduce_window_fusion_11.kd",2,8,3227,1277591,1277591,1536,256,0,0,8,0,16,64,"0x0","0x7f3e25f69040",4181345596029360,4181345596363716,4181345596369404,4181345596369436,5688
2932,"loop_slice_fusion_4.kd",2,8,3228,1277591,1277591,94,94,0,0,24,0,16,64,"0x0","0x7f3e25f69180",4181345596036611,4181345596369404,4181345596375013,4181345596383557,5609
2933,"input_reduce_fusion_1.kd",2,8,3229,1277591,1277591,64,64,0,0,8,0,16,64,"0x0","0x7f3e25f691c0",4181345596043461,4181345596375013,4181345596380981,4181345596389445,5968
2934,"loop_select_fusion_5.kd",2,8,3230,1277591,1277591,24064,256,0,0,8,0,32,64,"0x0","0x7f3e25f69200",4181345596050481,4181345596380981,4181345596386950,4181345596398008,5969
2935,"loop_select_fusion_2.kd",2,8,3231,1277591,1277591,24064,256,0,0,4,4,16,64,"0x0","0x7f3e25f69240",4181345596057892,4181345596386950,4181345596392719,4181345596411628,5769
2936,"loop_reduce_window_fusion_10.kd",2,8,3232,1277591,1277591,24064,256,0,0,8,0,16,64,"0x0","0x7f3e25f69140",4181345596065123,4181345596392719,4181345596397446,4181345596417667,4727
2937,"loop_reduce_window_fusion_11.kd",2,8,3233,1277591,1277591,1536,256,0,0,8,0,16,64,"0x0","0x7f3e25f69040",4181345596071563,4181345596397446,4181345596402293,4181345596423286,4847
2938,"loop_slice_fusion_5.kd",2,8,3234,1277591,1277591,6,6,0,0,20,4,16,64,"0x0","0x7f3e25f69080",4181345596078613,4181345596402293,4181345596406980,4181345596428944,4687
2939,"input_concatenate_fusion.kd",2,8,3235,1277591,1277591,24064,256,0,0,12,4,32,64,"0x0","0x7f3e25f69280",4181345596085103,4181345596406980,4181345596412669,4181345596434533,5689
2940,"input_reduce_reduce_window_fusion.kd",2,8,3236,1277591,1277591,11264,256,0,0,36,4,48,64,"0x0","0x7f3e25f692c0",4181345596092153,4181345596412669,4181345596423164,4181345596440041,10495
2941,"loop_reduce_window_fusion_2.kd",2,8,3237,1277591,1277591,1792,256,0,0,8,0,16,64,"0x0","0x7f3e25f69300",4181345596099654,4181345596423164,4181345596428252,4181345596448163,5088
2942,"loop_slice_fusion_7.kd",2,8,3238,1277591,1277591,7,7,0,0,20,4,16,64,"0x0","0x7f3e25f69340",4181345596106244,4181345596428252,4181345596432899,4181345596453681,4647
2943,"loop_broadcast_fusion.kd",2,8,3239,1277591,1277591,28160,256,0,0,4,4,16,64,"0x0","0x7f3e25f69380",4181345596113064,4181345596432899,4181345596437826,4181345596468333,4927
2944,"input_scatter_fusion.kd",2,8,3240,1277591,1277591,28160,256,0,0,12,4,32,64,"0x0","0x7f3e25f693c0",4181345596120025,4181345596437826,4181345596444997,4181345596486820,7171
2945,"loop_reduce_window_fusion_1.kd",2,8,3241,1277591,1277591,28160,256,0,0,8,0,16,64,"0x0","0x7f3e25f69400",4181345596131201,4181345596444997,4181345596449884,4181345596459540,4887
2946,"loop_reduce_window_fusion_2.kd",2,8,3242,1277591,1277591,1792,256,0,0,8,0,16,64,"0x0","0x7f3e25f69300",4181345596148477,4181345596449884,4181345596455052,4181345596493971,5168
2947,"loop_slice_fusion_7.kd",2,8,3243,1277591,1277591,7,7,0,0,20,4,16,64,"0x0","0x7f3e25f69340",4181345596155578,4181345596455052,4181345596459939,4181345596516915,4887
2948,"loop_slice_fusion_3.kd",2,8,3244,1277591,1277591,110,110,0,0,8,0,16,64,"0x0","0x7f3e25f69440",4181345596162778,4181345596459939,4181345596464626,4181345596522714,4687
2949,"input_reduce_fusion_2.kd",2,8,3245,1277591,1277591,64,64,0,0,8,0,16,64,"0x0","0x7f3e25f69480",4181345596169318,4181345596464626,4181345596469273,4181345596528362,4647
2950,"loop_select_fusion_4.kd",2,8,3246,1277591,1277591,28160,256,0,0,8,0,32,64,"0x0","0x7f3e25f694c0",4181345596177640,4181345596469273,4181345596474200,4181345596534301,4927
2951,"loop_select_fusion.kd",2,8,3247,1277591,1277591,28160,256,0,0,8,0,16,64,"0x0","0x7f3e25f69500",4181345596184611,4181345596474200,4181345596479127,4181345596540080,4927
2952,"loop_compare_fusion_1.kd",2,8,3248,1277591,1277591,4096,256,0,0,4,4,16,64,"0x0","0x7f3e25f69540",4181345596191241,4181345596479127,4181345596483854,4181345596545698,4727
2953,"input_reduce_reduce_window_fusion_2.kd",2,8,3249,1277591,1277591,256,256,512,0,20,4,32,64,"0x0","0x7f3e25f69580",4181345596197810,4181345596483854,4181345596499478,4181345596551406,15624
2954,"loop_slice_fusion_1.kd",2,8,3250,1277591,1277591,16,16,0,0,20,4,16,64,"0x0","0x7f3e25f695c0",4181345596205141,4181345596499478,4181345596504165,4181345596559348,4687
2955,"loop_broadcast_fusion_3.kd",2,8,3251,1277591,1277591,4096,256,0,0,4,4,16,64,"0x0","0x7f3e25f69600",4181345596217740,4181345596504165,4181345596509052,4181345596571046,4887
2956,"input_scatter_fusion_3.kd",2,8,3252,1277591,1277591,4096,256,0,0,8,0,32,64,"0x0","0x7f3e25f69640",4181345596225391,4181345596509052,4181345596515221,4181345596576434,6169
2957,"loop_reduce_window_fusion_13.kd",2,8,3253,1277591,1277591,4096,256,0,0,8,0,16,64,"0x0","0x7f3e25f69680",4181345596232202,4181345596515221,4181345596520068,4181345596581912,4847
2958,"loop_slice_fusion_1.kd",2,8,3254,1277591,1277591,16,16,0,0,20,4,16,64,"0x0","0x7f3e25f695c0",4181345596239422,4181345596520068,4181345596524755,4181345596587119,4687
2959,"loop_remainder_fusion.kd",2,8,3255,1277591,1277591,4096,256,0,0,12,4,16,64,"0x0","0x7f3e25f696c0",4181345596247244,4181345596524755,4181345596530724,4181345596592698,5969
2960,"loop_select_fusion_3.kd",2,8,3256,1277591,1277591,4096,256,0,0,8,0,32,64,"0x0","0x7f3e25f69700",4181345596255616,4181345596530724,4181345596535611,4181345596598296,4887
2961,"loop_reduce_window_fusion_13.kd",2,8,3257,1277591,1277591,4096,256,0,0,8,0,16,64,"0x0","0x7f3e25f69680",4181345596262717,4181345596535611,4181345596540619,4181345596565137,5008
2962,"loop_slice_fusion_1.kd",2,8,3258,1277591,1277591,16,16,0,0,20,4,16,64,"0x0","0x7f3e25f695c0",4181345596269717,4181345596540619,4181345596545346,4181345596647750,4727
2963,"input_concatenate_fusion_1.kd",2,8,3259,1277591,1277591,4096,256,0,0,8,0,32,64,"0x0","0x7f3e25f69740",4181345596277399,4181345596545346,4181345596550914,4181345596652897,5568
2964,"loop_compare_fusion.kd",2,8,3260,1277591,1277591,8192,256,0,0,4,4,16,64,"0x0","0x7f3e25f69780",4181345596284790,4181345596550914,4181345596555922,4181345596657925,5008
2965,"input_reduce_reduce_window_fusion_1.kd",2,8,3261,1277591,1277591,512,512,512,0,20,4,48,64,"0x0","0x7f3e25f697c0",4181345596292121,4181345596555922,4181345596573107,4181345596606448,17185
2966,"loop_reduce_window_fusion_6.kd",2,8,3262,1277591,1277591,32,32,0,0,32,0,16,64,"0x0","0x7f3e25f69800",4181345596322836,4181345596573107,4181345596582441,4181345596642512,9334
2967,"loop_broadcast_fusion_1.kd",2,8,3263,1277591,1277591,8192,256,0,0,4,4,16,64,"0x0","0x7f3e25f69840",4181345596331239,4181345596582441,4181345596587408,4181345596629713,4967
2968,"input_scatter_fusion_1.kd",2,8,3264,1277591,1277591,8192,256,0,0,8,0,32,64,"0x0","0x7f3e25f69880",4181345596338680,4181345596587408,4181345596593177,4181345596636934,5769
2969,"loop_reduce_window_fusion_5.kd",2,8,3265,1277591,1277591,8192,256,0,0,8,0,16,64,"0x0","0x7f3e25f698c0",4181345596384959,4181345596593177,4181345596598225,4181345596663703,5048
2970,"loop_reduce_window_fusion_4.kd",2,8,3266,1277591,1277591,512,256,0,0,8,0,16,64,"0x0","0x7f3e25f69900",4181345596398759,4181345596598225,4181345596603833,4181345596618346,5608
2971,"loop_reduce_window_fusion_3.kd",2,8,3267,1277591,1277591,32,32,0,0,8,0,16,64,"0x0","0x7f3e25f69940",4181345596477156,4181345596603833,4181345596607959,4181345596623904,4126
2972,"loop_select_fusion_6.kd",2,8,3268,1277591,1277591,8192,256,0,0,8,0,32,64,"0x0","0x7f3e25f69980",4181345596515503,4181345596615650,4181345596618775,4181345596671535,3125
2973,"loop_select_fusion_1.kd",2,8,3269,1277591,1277591,8192,256,0,0,8,0,16,64,"0x0","0x7f3e25f699c0",4181345596614751,4181345596623983,4181345596626827,4181345596694149,2844
2974,"loop_broadcast_fusion_4.kd",2,8,3270,1277591,1277591,16,16,0,0,4,4,16,64,"0x0","0x7f3e25f69a00",4181345596622532,4181345596681108,4181345596683111,4181345596688170,2003
2975,"__amd_rocclr_fillBufferAligned.kd",2,8,3271,1277591,1277591,77824,256,0,0,12,4,48,64,"0x0","0x7f669ba7b580",4181345596687729,4181345596708308,4181345596722850,4181345596724454,14542
2976,"__amd_rocclr_fillBufferAligned.kd",2,8,3272,1277591,1277591,16128,256,0,0,12,4,48,64,"0x0","0x7f669ba7b580",4181345596707168,4181345596722850,4181345596727897,4181345596736371,5047
2977,"transformer_engine::fused_attn_rocm::populate_rng_state_kernel(long*, long const*, long) [clone .kd]",2,8,3273,1277591,1277591,1,1,0,0,8,0,16,64,"0x0","0x7f3e25f8d380",4181345596716452,4181345596727897,4181345596732023,4181345596748509,4126
2978,"__amd_rocclr_fillBufferAligned.kd",2,8,3274,1277591,1277591,256,256,0,0,12,4,48,64,"0x0","0x7f669ba7b580",4181345596730172,4181345596745163,4181345596747126,4181345596753507,1963
2979,"ck_fused_attn::get_runtime_max_seqlen_kernel(unsigned long, int const*, int const*, unsigned long*) [clone .kd]",2,8,3275,1277591,1277591,4096,128,0,0,4,4,32,64,"0x0","0x7f3e25f58940",4181345596744463,4181345596753135,4181345596758863,4181345596764423,5728
2980,"__amd_rocclr_copyBuffer.kd",2,8,3276,1277591,1277591,512,512,0,0,16,0,32,64,"0x7f7ea91e9f00","0x7f669ba7b600",4181345596753797,4181345596771001,4181345596777571,4181345596780227,6570
2981,"__amd_rocclr_fillBufferAligned.kd",2,8,3278,1277591,1277591,256,256,0,0,12,4,48,64,"0x0","0x7f669ba7b580",4181345596798814,4181345596806975,4181345596809018,4181345596837672,2043
2982,"ck_fused_attn::get_runtime_max_seqlen_kernel(unsigned long, int const*, int const*, unsigned long*) [clone .kd]",2,8,3279,1277591,1277591,4096,128,0,0,4,4,32,64,"0x0","0x7f3e25f58940",4181345596806946,4181345596815988,4181345596821957,4181345596847617,5969
2983,"__amd_rocclr_copyBuffer.kd",2,8,3280,1277591,1277591,512,512,0,0,16,0,32,64,"0x7f7ea91e9e00","0x7f669ba7b600",4181345596815549,4181345596826684,4181345596831612,4181345596842930,4928
2984,"void transformer_engine::fused_attn_rocm::compute_scores_kernel<__half, transformer_engine::fused_attn_rocm::SmallSeqConfig<6, 128, 256, false, (transformer_engine::fused_attn_rocm::CausalMaskType)0>, 1>(__half const*, __half const*, __half*, float, int const*, int const*, int, int) [clone .kd]",2,8,3282,1277591,1277591,64000,64,0,0,92,4,48,64,"0x0","0x7f3e240cea80",4181345596858443,4181345596867345,4181345596897990,4181345596899053,30645
2985,"void transformer_engine::fused_attn_rocm::apply_mask_and_softmax_kernel<__half, transformer_engine::fused_attn_rocm::SmallSeqConfig<6, 128, 256, false, (transformer_engine::fused_attn_rocm::CausalMaskType)0> >(__half*, __half const*, float, int const*, int, int) [clone .kd]",2,8,3283,1277591,1277591,390144,256,1024,0,12,4,16,64,"0x0","0x7f3e240ceac0",4181345596866495,4181345596897990,4181345596903158,4181345596910060,5168
2986,"void transformer_engine::fused_attn_rocm::compute_output_kernel<__half, transformer_engine::fused_attn_rocm::SmallSeqConfig<6, 128, 256, false, (transformer_engine::fused_attn_rocm::CausalMaskType)0>, 2, 8>(__half const*, __half const*, __half*, int const*, int const*, int, int) [clone .kd]",2,8,3284,1277591,1277591,512000,64,12288,0,20,4,32,64,"0x0","0x7f3e240ceb00",4181345596881147,4181345596903158,4181345596945020,4181345596947365,41862
2987,"loop_broadcast_fusion_5.kd",2,8,3285,1277591,1277591,2048000,256,0,0,4,4,16,64,"0x0","0x7f3e25f69a40",4181345596889890,4181345596945020,4181345596953112,4181345596956719,8092
2988,"__amd_rocclr_fillBufferAligned.kd",2,8,3286,1277591,1277591,77824,256,0,0,12,4,48,64,"0x0","0x7f669ba7b580",4181345596902238,4181345596953112,4181345596960003,4181345596963559,6891
2989,"__amd_rocclr_fillBufferAligned.kd",2,8,3287,1277591,1277591,77824,256,0,0,12,4,48,64,"0x0","0x7f669ba7b580",4181345596914426,4181345596960003,4181345596977949,4181345596979403,17946
2990,"__amd_rocclr_fillBufferAligned.kd",2,8,3288,1277591,1277591,77824,256,0,0,12,4,48,64,"0x0","0x7f669ba7b580",4181345596921226,4181345596977949,4181345596995375,4181345597007955,17426
2991,"__amd_rocclr_fillBufferAligned.kd",2,8,3289,1277591,1277591,256,256,0,0,12,4,48,64,"0x0","0x7f669ba7b580",4181345596929639,4181345596995375,4181345597000302,4181345597003098,4927
2992,"ck_fused_attn::get_runtime_max_seqlen_kernel(unsigned long, int const*, int const*, unsigned long*) [clone .kd]",2,8,3290,1277591,1277591,4096,128,0,0,4,4,32,64,"0x0","0x7f3e25f58940",4181345596936309,4181345597000302,4181345597006231,4181345597012582,5929
2993,"__amd_rocclr_copyBuffer.kd",2,8,3291,1277591,1277591,512,512,0,0,16,0,32,64,"0x7f7ea9072980","0x7f669ba7b600",4181345596946754,4181345597006231,4181345597011639,4181345597018812,5408
2994,"__amd_rocclr_fillBufferAligned.kd",2,8,3293,1277591,1277591,256,256,0,0,12,4,48,64,"0x0","0x7f669ba7b580",4181345597036728,4181345597046171,4181345597048254,4181345597048466,2083
2995,"ck_fused_attn::get_runtime_max_seqlen_kernel(unsigned long, int const*, int const*, unsigned long*) [clone .kd]",2,8,3294,1277591,1277591,4096,128,0,0,4,4,32,64,"0x0","0x7f3e25f58940",4181345597044640,4181345597052500,4181345597058509,4181345597066863,6009
2996,"__amd_rocclr_copyBuffer.kd",2,8,3295,1277591,1277591,512,512,0,0,16,0,32,64,"0x7f7ea91e9c00","0x7f669ba7b600",4181345597051550,4181345597063276,4181345597067883,4181345597072602,4607
2997,"void transformer_engine::fused_attn_rocm::compute_grad_v_kernel<__half, transformer_engine::fused_attn_rocm::SmallSeqConfig<6, 128, 256, false, (transformer_engine::fused_attn_rocm::CausalMaskType)0>, 16, 16>(__half const*, __half const*, __half*, int const*, int const*, int, int) [clone .kd]",2,8,3297,1277591,1277591,256000,64,12288,0,28,4,32,64,"0x0","0x7f3e240d0200",4181345597087363,4181345597097807,4181345597156455,4181345597157868,58648
2998,"void transformer_engine::fused_attn_rocm::compute_grad_attn_kernel<__half, transformer_engine::fused_attn_rocm::SmallSeqConfig<6, 128, 256, false, (transformer_engine::fused_attn_rocm::CausalMaskType)0>, 16>(__half const*, __half const*, __half*, int const*, int const*, int, int) [clone .kd]",2,8,3298,1277591,1277591,8000,64,0,0,104,0,64,64,"0x0","0x7f3e240d0240",4181345597096767,4181345597156455,4181345597379346,4181345597381190,222891
2999,"void transformer_engine::fused_attn_rocm::softmax_backward_kernel<__half, transformer_engine::fused_attn_rocm::SmallSeqConfig<6, 128, 256, false, (transformer_engine::fused_attn_rocm::CausalMaskType)0> >(__half const*, __half const*, __half*, float, int const*, int, int) [clone .kd]",2,8,3299,1277591,1277591,390144,256,1024,0,16,0,16,64,"0x0","0x7f3e240d0280",4181345597108255,4181345597379346,4181345597385035,4181345597391636,5689
3000,"void transformer_engine::fused_attn_rocm::compute_grad_qk_kernel<__half, transformer_engine::fused_attn_rocm::SmallSeqConfig<6, 128, 256, false, (transformer_engine::fused_attn_rocm::CausalMaskType)0>, 4, 16>(__half const*, __half const*, __half const*, __half*, __half*, float, int const*, int const*, int, int) [clone .kd]",2,8,3300,1277591,1277591,1024000,64,12288,0,36,4,64,64,"0x0","0x7f3e240d02c0",4181345597115305,4181345597385035,4181345597540185,4181345597556031,155150
3001,"input_reduce_fusion.kd",2,8,3301,1277591,1277591,524288,256,512,0,16,0,16,64,"0x0","0x7f3e25f69a80",4181345597123567,4181345597540185,4181345597549679,4181345597563672,9494
3002,"input_reduce_fusion_3.kd",2,8,3302,1277591,1277591,128,128,512,0,24,0,16,64,"0x0","0x7f3e25f69ac0",4181345597130758,4181345597549679,4181345597555168,4181345597569671,5489
3003,"loop_convert_fusion.kd",2,8,3303,1277591,1277591,1,1,0,0,4,4,16,64,"0x0","0x7f3e25f69b00",4181345597139962,4181345597555168,4181345597559334,4181345597579105,4166
3004,"input_reduce_reduce_window_fusion_3.kd",2,8,3306,1277591,1277591,9728,256,0,0,28,4,48,64,"0x0","0x7f3e25f69000",4181345597240291,4181345597571953,4181345597582448,4181345597586306,10495
3005,"loop_reduce_window_fusion_11.kd",2,8,3307,1277591,1277591,1536,256,0,0,8,0,16,64,"0x0","0x7f3e25f69040",4181345597249745,4181345597582448,4181345597589258,4181345597592244,6810
3006,"loop_slice_fusion_5.kd",2,8,3308,1277591,1277591,6,6,0,0,20,4,16,64,"0x0","0x7f3e25f69080",4181345597256916,4181345597589258,4181345597594346,4181345597597412,5088
3007,"loop_broadcast_fusion_2.kd",2,8,3309,1277591,1277591,24064,256,0,0,4,4,16,64,"0x0","0x7f3e25f690c0",4181345597263876,4181345597594346,4181345597599994,4181345597602790,5648
3008,"input_scatter_fusion_2.kd",2,8,3310,1277591,1277591,24064,256,0,0,12,4,32,64,"0x0","0x7f3e25f69100",4181345597271377,4181345597599994,4181345597608207,4181345597608659,8213
3009,"loop_reduce_window_fusion_10.kd",2,8,3311,1277591,1277591,24064,256,0,0,8,0,16,64,"0x0","0x7f3e25f69140",4181345597278127,4181345597608207,4181345597613855,4181345597615769,5648
3010,"loop_reduce_window_fusion_11.kd",2,8,3312,1277591,1277591,1536,256,0,0,8,0,16,64,"0x0","0x7f3e25f69040",4181345597285608,4181345597613855,4181345597619664,4181345597621518,5809
3011,"loop_slice_fusion_4.kd",2,8,3313,1277591,1277591,94,94,0,0,24,0,16,64,"0x0","0x7f3e25f69180",4181345597291978,4181345597619664,4181345597625272,4181345597626886,5608
3012,"input_reduce_fusion_1.kd",2,8,3314,1277591,1277591,64,64,0,0,8,0,16,64,"0x0","0x7f3e25f691c0",4181345597299058,4181345597625272,4181345597630960,4181345597632474,5688
3013,"loop_select_fusion_5.kd",2,8,3315,1277591,1277591,24064,256,0,0,8,0,32,64,"0x0","0x7f3e25f69200",4181345597306479,4181345597630960,4181345597636489,4181345597637822,5529
3014,"loop_select_fusion_2.kd",2,8,3316,1277591,1277591,24064,256,0,0,4,4,16,64,"0x0","0x7f3e25f69240",4181345597312939,4181345597636489,4181345597642137,4181345597643781,5648
3015,"loop_reduce_window_fusion_10.kd",2,8,3317,1277591,1277591,24064,256,0,0,8,0,16,64,"0x0","0x7f3e25f69140",4181345597319509,4181345597642137,4181345597647785,4181345597648939,5648
3016,"loop_reduce_window_fusion_11.kd",2,8,3318,1277591,1277591,1536,256,0,0,8,0,16,64,"0x0","0x7f3e25f69040",4181345597326219,4181345597647785,4181345597653474,4181345597654146,5689
3017,"loop_slice_fusion_5.kd",2,8,3319,1277591,1277591,6,6,0,0,20,4,16,64,"0x0","0x7f3e25f69080",4181345597333039,4181345597653474,4181345597659162,4181345597659885,5688
3018,"input_concatenate_fusion.kd",2,8,3320,1277591,1277591,24064,256,0,0,12,4,32,64,"0x0","0x7f3e25f69280",4181345597339488,4181345597659162,4181345597665171,4181345597665143,6009
3019,"input_reduce_reduce_window_fusion.kd",2,8,3321,1277591,1277591,11264,256,0,0,36,4,48,64,"0x0","0x7f3e25f692c0",4181345597346639,4181345597665171,4181345597676348,4181345597679524,11177
3020,"loop_reduce_window_fusion_2.kd",2,8,3322,1277591,1277591,1792,256,0,0,8,0,16,64,"0x0","0x7f3e25f69300",4181345597353740,4181345597676348,4181345597682637,4181345597688147,6289
3021,"loop_slice_fusion_7.kd",2,8,3323,1277591,1277591,7,7,0,0,20,4,16,64,"0x0","0x7f3e25f69340",4181345597360730,4181345597682637,4181345597688486,4181345597726744,5849
3022,"loop_broadcast_fusion.kd",2,8,3324,1277591,1277591,28160,256,0,0,4,4,16,64,"0x0","0x7f3e25f69380",4181345597366919,4181345597688486,4181345597693413,4181345597697891,4927
3023,"input_scatter_fusion.kd",2,8,3325,1277591,1277591,28160,256,0,0,12,4,32,64,"0x0","0x7f3e25f693c0",4181345597374661,4181345597693413,4181345597700544,4181345597718272,7131
3024,"loop_reduce_window_fusion_1.kd",2,8,3326,1277591,1277591,28160,256,0,0,8,0,16,64,"0x0","0x7f3e25f69400",4181345597381231,4181345597700544,4181345597705431,4181345597739173,4887
3025,"loop_reduce_window_fusion_2.kd",2,8,3327,1277591,1277591,1792,256,0,0,8,0,16,64,"0x0","0x7f3e25f69300",4181345597405667,4181345597705431,4181345597710479,4181345597733174,5048
3026,"loop_slice_fusion_7.kd",2,8,3328,1277591,1277591,7,7,0,0,20,4,16,64,"0x0","0x7f3e25f69340",4181345597413068,4181345597710479,4181345597715166,4181345597744741,4687
3027,"loop_slice_fusion_3.kd",2,8,3329,1277591,1277591,110,110,0,0,8,0,16,64,"0x0","0x7f3e25f69440",4181345597420419,4181345597715166,4181345597719772,4181345597750540,4606
3028,"input_reduce_fusion_2.kd",2,8,3330,1277591,1277591,64,64,0,0,8,0,16,64,"0x0","0x7f3e25f69480",4181345597427890,4181345597719772,4181345597724419,4181345597756148,4647
3029,"loop_select_fusion_4.kd",2,8,3331,1277591,1277591,28160,256,0,0,8,0,32,64,"0x0","0x7f3e25f694c0",4181345597435531,4181345597724419,4181345597729387,4181345597761917,4968
3030,"loop_select_fusion.kd",2,8,3332,1277591,1277591,28160,256,0,0,8,0,16,64,"0x0","0x7f3e25f69500",4181345597442692,4181345597729387,4181345597734274,4181345597767896,4887
3031,"loop_compare_fusion_1.kd",2,8,3333,1277591,1277591,4096,256,0,0,4,4,16,64,"0x0","0x7f3e25f69540",4181345597449312,4181345597734274,4181345597739001,4181345597772933,4727
3032,"input_reduce_reduce_window_fusion_2.kd",2,8,3334,1277591,1277591,256,256,512,0,20,4,32,64,"0x0","0x7f3e25f69580",4181345597456903,4181345597739001,4181345597754304,4181345597778692,15303
3033,"loop_slice_fusion_1.kd",2,8,3335,1277591,1277591,16,16,0,0,20,4,16,64,"0x0","0x7f3e25f695c0",4181345597464024,4181345597754304,4181345597758871,4181345597784470,4567
3034,"loop_broadcast_fusion_3.kd",2,8,3336,1277591,1277591,4096,256,0,0,4,4,16,64,"0x0","0x7f3e25f69600",4181345597471615,4181345597758871,4181345597763798,4181345597791531,4927
3035,"input_scatter_fusion_3.kd",2,8,3337,1277591,1277591,4096,256,0,0,8,0,32,64,"0x0","0x7f3e25f69640",4181345597479106,4181345597763798,4181345597769927,4181345597797329,6129
3036,"loop_reduce_window_fusion_13.kd",2,8,3338,1277591,1277591,4096,256,0,0,8,0,16,64,"0x0","0x7f3e25f69680",4181345597486107,4181345597769927,4181345597774814,4181345597803028,4887
3037,"loop_slice_fusion_1.kd",2,8,3339,1277591,1277591,16,16,0,0,20,4,16,64,"0x0","0x7f3e25f695c0",4181345597493217,4181345597774814,4181345597779541,4181345597808186,4727
3038,"loop_remainder_fusion.kd",2,8,3340,1277591,1277591,4096,256,0,0,12,4,16,64,"0x0","0x7f3e25f696c0",4181345597499436,4181345597779541,4181345597785510,4181345597813654,5969
3039,"loop_select_fusion_3.kd",2,8,3341,1277591,1277591,4096,256,0,0,8,0,32,64,"0x0","0x7f3e25f69700",4181345597507518,4181345597785510,4181345597790357,4181345597818911,4847
3040,"loop_reduce_window_fusion_13.kd",2,8,3342,1277591,1277591,4096,256,0,0,8,0,16,64,"0x0","0x7f3e25f69680",4181345597514669,4181345597790357,4181345597795245,4181345597824360,4888
3041,"loop_slice_fusion_1.kd",2,8,3343,1277591,1277591,16,16,0,0,20,4,16,64,"0x0","0x7f3e25f695c0",4181345597521109,4181345597795245,4181345597800012,4181345597897008,4767
3042,"input_concatenate_fusion_1.kd",2,8,3344,1277591,1277591,4096,256,0,0,8,0,32,64,"0x0","0x7f3e25f69740",4181345597527869,4181345597800012,4181345597805981,4181345597903818,5969
3043,"loop_compare_fusion.kd",2,8,3345,1277591,1277591,8192,256,0,0,4,4,16,64,"0x0","0x7f3e25f69780",4181345597534949,4181345597805981,4181345597810988,4181345597838000,5007
3044,"input_reduce_reduce_window_fusion_1.kd",2,8,3346,1277591,1277591,512,512,512,0,20,4,48,64,"0x0","0x7f3e25f697c0",4181345597542731,4181345597810988,4181345597827493,4181345597829667,16505
3045,"loop_reduce_window_fusion_6.kd",2,8,3347,1277591,1277591,32,32,0,0,32,0,16,64,"0x0","0x7f3e25f69800",4181345597549961,4181345597827493,4181345597837427,4181345597890999,9934
3046,"loop_broadcast_fusion_1.kd",2,8,3348,1277591,1277591,8192,256,0,0,4,4,16,64,"0x0","0x7f3e25f69840",4181345597556431,4181345597837427,4181345597842435,4181345597912401,5008
3047,"input_scatter_fusion_1.kd",2,8,3349,1277591,1277591,8192,256,0,0,8,0,32,64,"0x0","0x7f3e25f69880",4181345597584092,4181345597842435,4181345597848003,4181345597885470,5568
3048,"loop_reduce_window_fusion_5.kd",2,8,3350,1277591,1277591,8192,256,0,0,8,0,16,64,"0x0","0x7f3e25f698c0",4181345597685102,4181345597848003,4181345597852971,4181345597935064,4968
3049,"loop_reduce_window_fusion_4.kd",2,8,3351,1277591,1277591,512,256,0,0,8,0,16,64,"0x0","0x7f3e25f69900",4181345597713304,4181345597852971,4181345597858298,4181345597918680,5327
3050,"loop_reduce_window_fusion_3.kd",2,8,3352,1277591,1277591,32,32,0,0,8,0,16,64,"0x0","0x7f3e25f69940",4181345597724661,4181345597858298,4181345597862425,4181345597874394,4127
3051,"loop_select_fusion_6.kd",2,8,3353,1277591,1277591,8192,256,0,0,8,0,32,64,"0x0","0x7f3e25f69980",4181345597872051,4181345597882414,4181345597885739,4181345597929246,3325
3052,"loop_select_fusion_1.kd",2,8,3354,1277591,1277591,8192,256,0,0,8,0,16,64,"0x0","0x7f3e25f699c0",4181345597881324,4181345597890827,4181345597893591,4181345597923227,2764
3053,"loop_broadcast_fusion_4.kd",2,8,3355,1277591,1277591,16,16,0,0,4,4,16,64,"0x0","0x7f3e25f69a00",4181345597889727,4181345597919349,4181345597921272,4181345597943707,1923
3054,"__amd_rocclr_fillBufferAligned.kd",2,8,3356,1277591,1277591,77824,256,0,0,12,4,48,64,"0x0","0x7f669ba7b580",4181345597924208,4181345597951757,4181345597965578,4181345597967703,13821
3055,"__amd_rocclr_fillBufferAligned.kd",2,8,3357,1277591,1277591,16128,256,0,0,12,4,48,64,"0x0","0x7f669ba7b580",4181345597949626,4181345597965578,4181345597970545,4181345597979120,4967
3056,"transformer_engine::fused_attn_rocm::populate_rng_state_kernel(long*, long const*, long) [clone .kd]",2,8,3358,1277591,1277591,1,1,0,0,8,0,16,64,"0x0","0x7f3e25f8d380",4181345597959440,4181345597970545,4181345597974712,4181345597988033,4167
3057,"__amd_rocclr_fillBufferAligned.kd",2,8,3359,1277591,1277591,256,256,0,0,12,4,48,64,"0x0","0x7f669ba7b580",4181345597972931,4181345597993980,4181345597995983,4181345598004808,2003
3058,"ck_fused_attn::get_runtime_max_seqlen_kernel(unsigned long, int const*, int const*, unsigned long*) [clone .kd]",2,8,3360,1277591,1277591,4096,128,0,0,4,4,32,64,"0x0","0x7f3e25f58940",4181345597993331,4181345598004195,4181345598009724,4181345598014362,5529
3059,"__amd_rocclr_copyBuffer.kd",2,8,3361,1277591,1277591,512,512,0,0,16,0,32,64,"0x7f7ea91e9300","0x7f669ba7b600",4181345598004207,4181345598020259,4181345598026909,4181345598031668,6650
3060,"__amd_rocclr_fillBufferAligned.kd",2,8,3363,1277591,1277591,256,256,0,0,12,4,48,64,"0x0","0x7f669ba7b580",4181345598051728,4181345598060079,4181345598061961,4181345598089854,1882
3061,"ck_fused_attn::get_runtime_max_seqlen_kernel(unsigned long, int const*, int const*, unsigned long*) [clone .kd]",2,8,3364,1277591,1277591,4096,128,0,0,4,4,32,64,"0x0","0x7f3e25f58940",4181345598060701,4181345598068131,4181345598076944,4181345598099669,8813
3062,"__amd_rocclr_copyBuffer.kd",2,8,3365,1277591,1277591,512,512,0,0,16,0,32,64,"0x7f7ea9072480","0x7f669ba7b600",4181345598067401,4181345598076944,4181345598082472,4181345598095042,5528
3063,"void transformer_engine::fused_attn_rocm::compute_scores_kernel<__half, transformer_engine::fused_attn_rocm::SmallSeqConfig<6, 128, 256, false, (transformer_engine::fused_attn_rocm::CausalMaskType)0>, 1>(__half const*, __half const*, __half*, float, int const*, int const*, int, int) [clone .kd]",2,8,3367,1277591,1277591,64000,64,0,0,92,4,48,64,"0x0","0x7f3e240cea80",4181345598110916,4181345598119607,4181345598151014,4181345598160409,31407
3064,"void transformer_engine::fused_attn_rocm::apply_mask_and_softmax_kernel<__half, transformer_engine::fused_attn_rocm::SmallSeqConfig<6, 128, 256, false, (transformer_engine::fused_attn_rocm::CausalMaskType)0> >(__half*, __half const*, float, int const*, int, int) [clone .kd]",2,8,3368,1277591,1277591,390144,256,1024,0,12,4,16,64,"0x0","0x7f3e240ceac0",4181345598118127,4181345598151014,4181345598156302,4181345598168782,5288
3065,"void transformer_engine::fused_attn_rocm::compute_output_kernel<__half, transformer_engine::fused_attn_rocm::SmallSeqConfig<6, 128, 256, false, (transformer_engine::fused_attn_rocm::CausalMaskType)0>, 2, 8>(__half const*, __half const*, __half*, int const*, int const*, int, int) [clone .kd]",2,8,3369,1277591,1277591,512000,64,12288,0,20,4,32,64,"0x0","0x7f3e240ceb00",4181345598133049,4181345598156302,4181345598198524,4181345598201420,42222
3066,"loop_broadcast_fusion_5.kd",2,8,3370,1277591,1277591,2048000,256,0,0,4,4,16,64,"0x0","0x7f3e25f69a40",4181345598143234,4181345598198524,4181345598206697,4181345598216122,8173
3067,"__amd_rocclr_fillBufferAligned.kd",2,8,3371,1277591,1277591,77824,256,0,0,12,4,48,64,"0x0","0x7f669ba7b580",4181345598156003,4181345598206697,4181345598213587,4181345598221590,6890
3068,"__amd_rocclr_fillBufferAligned.kd",2,8,3372,1277591,1277591,77824,256,0,0,12,4,48,64,"0x0","0x7f669ba7b580",4181345598161381,4181345598213587,4181345598231534,4181345598237464,17947
3069,"__amd_rocclr_fillBufferAligned.kd",2,8,3373,1277591,1277591,77824,256,0,0,12,4,48,64,"0x0","0x7f669ba7b580",4181345598182452,4181345598231534,4181345598249200,4181345598254750,17666
3070,"__amd_rocclr_fillBufferAligned.kd",2,8,3374,1277591,1277591,256,256,0,0,12,4,48,64,"0x0","0x7f669ba7b580",4181345598190745,4181345598249200,4181345598253967,4181345598259467,4767
3071,"ck_fused_attn::get_runtime_max_seqlen_kernel(unsigned long, int const*, int const*, unsigned long*) [clone .kd]",2,8,3375,1277591,1277591,4096,128,0,0,4,4,32,64,"0x0","0x7f3e25f58940",4181345598197294,4181345598253967,4181345598259896,4181345598264324,5929
3072,"__amd_rocclr_copyBuffer.kd",2,8,3376,1277591,1277591,512,512,0,0,16,0,32,64,"0x7f7ea91e9800","0x7f669ba7b600",4181345598206708,4181345598259896,4181345598265584,4181345598270743,5688
3073,"__amd_rocclr_fillBufferAligned.kd",2,8,3378,1277591,1277591,256,256,0,0,12,4,48,64,"0x0","0x7f669ba7b580",4181345598288280,4181345598305003,4181345598307126,4181345598308830,2123
3074,"ck_fused_attn::get_runtime_max_seqlen_kernel(unsigned long, int const*, int const*, unsigned long*) [clone .kd]",2,8,3379,1277591,1277591,4096,128,0,0,4,4,32,64,"0x0","0x7f3e25f58940",4181345598303562,4181345598312053,4181345598317942,4181345598323181,5889
3075,"__amd_rocclr_copyBuffer.kd",2,8,3380,1277591,1277591,512,512,0,0,16,0,32,64,"0x7f7ea91e9780","0x7f669ba7b600",4181345598310613,4181345598329079,4181345598335448,4181345598338975,6369
3076,"void transformer_engine::fused_attn_rocm::compute_grad_v_kernel<__half, transformer_engine::fused_attn_rocm::SmallSeqConfig<6, 128, 256, false, (transformer_engine::fused_attn_rocm::CausalMaskType)0>, 16, 16>(__half const*, __half const*, __half*, int const*, int const*, int, int) [clone .kd]",2,8,3382,1277591,1277591,256000,64,12288,0,28,4,32,64,"0x0","0x7f3e240d0200",4181345598354378,4181345598364091,4181345598422818,4181345598422930,58727
3077,"void transformer_engine::fused_attn_rocm::compute_grad_attn_kernel<__half, transformer_engine::fused_attn_rocm::SmallSeqConfig<6, 128, 256, false, (transformer_engine::fused_attn_rocm::CausalMaskType)0>, 16>(__half const*, __half const*, __half*, int const*, int const*, int, int) [clone .kd]",2,8,3383,1277591,1277591,8000,64,0,0,104,0,64,64,"0x0","0x7f3e240d0240",4181345598362901,4181345598422818,4181345598645830,4181345598648185,223012
3078,"void transformer_engine::fused_attn_rocm::softmax_backward_kernel<__half, transformer_engine::fused_attn_rocm::SmallSeqConfig<6, 128, 256, false, (transformer_engine::fused_attn_rocm::CausalMaskType)0> >(__half const*, __half const*, __half*, float, int const*, int, int) [clone .kd]",2,8,3384,1277591,1277591,390144,256,1024,0,16,0,16,64,"0x0","0x7f3e240d0280",4181345598373156,4181345598645830,4181345598651959,4181345598656347,6129
3079,"void transformer_engine::fused_attn_rocm::compute_grad_qk_kernel<__half, transformer_engine::fused_attn_rocm::SmallSeqConfig<6, 128, 256, false, (transformer_engine::fused_attn_rocm::CausalMaskType)0>, 4, 16>(__half const*, __half const*, __half const*, __half*, __half*, float, int const*, int const*, int, int) [clone .kd]",2,8,3385,1277591,1277591,1024000,64,12288,0,36,4,64,64,"0x0","0x7f3e240d02c0",4181345598379515,4181345598651959,4181345598809393,4181345598825128,157434
3080,"input_reduce_fusion.kd",2,8,3386,1277591,1277591,524288,256,512,0,16,0,16,64,"0x0","0x7f3e25f69a80",4181345598388909,4181345598809393,4181345598819248,4181345598833220,9855
3081,"input_reduce_fusion_3.kd",2,8,3387,1277591,1277591,128,128,512,0,24,0,16,64,"0x0","0x7f3e25f69ac0",4181345598395870,4181345598819248,4181345598824135,4181345598839439,4887
3082,"loop_convert_fusion.kd",2,8,3388,1277591,1277591,1,1,0,0,4,4,16,64,"0x0","0x7f3e25f69b00",4181345598403381,4181345598824135,4181345598828541,4181345598849424,4406
3083,"input_reduce_reduce_window_fusion_3.kd",2,8,3391,1277591,1277591,9728,256,0,0,28,4,48,64,"0x0","0x7f3e25f69000",4181345598493475,4181345598839478,4181345598850614,4181345598860541,11136
3084,"loop_reduce_window_fusion_11.kd",2,8,3392,1277591,1277591,1536,256,0,0,8,0,16,64,"0x0","0x7f3e25f69040",4181345598502688,4181345598850614,4181345598857985,4181345598865398,7371
3085,"loop_slice_fusion_5.kd",2,8,3393,1277591,1277591,6,6,0,0,20,4,16,64,"0x0","0x7f3e25f69080",4181345598509739,4181345598857985,4181345598862993,4181345598871076,5008
3086,"loop_broadcast_fusion_2.kd",2,8,3394,1277591,1277591,24064,256,0,0,4,4,16,64,"0x0","0x7f3e25f690c0",4181345598516549,4181345598862993,4181345598867800,4181345598877346,4807
3087,"input_scatter_fusion_2.kd",2,8,3395,1277591,1277591,24064,256,0,0,12,4,32,64,"0x0","0x7f3e25f69100",4181345598524050,4181345598867800,4181345598874650,4181345598883845,6850
3088,"loop_reduce_window_fusion_10.kd",2,8,3396,1277591,1277591,24064,256,0,0,8,0,16,64,"0x0","0x7f3e25f69140",4181345598530961,4181345598874650,4181345598879457,4181345598889584,4807
3089,"loop_reduce_window_fusion_11.kd",2,8,3397,1277591,1277591,1536,256,0,0,8,0,16,64,"0x0","0x7f3e25f69040",4181345598538452,4181345598879457,4181345598884585,4181345598895182,5128
3090,"loop_slice_fusion_4.kd",2,8,3398,1277591,1277591,94,94,0,0,24,0,16,64,"0x0","0x7f3e25f69180",4181345598545352,4181345598884585,4181345598890193,4181345598902363,5608
3091,"input_reduce_fusion_1.kd",2,8,3399,1277591,1277591,64,64,0,0,8,0,16,64,"0x0","0x7f3e25f691c0",4181345598552072,4181345598890193,4181345598894800,4181345598908192,4607
3092,"loop_select_fusion_5.kd",2,8,3400,1277591,1277591,24064,256,0,0,8,0,32,64,"0x0","0x7f3e25f69200",4181345598559253,4181345598894800,4181345598899767,4181345598913860,4967
3093,"loop_select_fusion_2.kd",2,8,3401,1277591,1277591,24064,256,0,0,4,4,16,64,"0x0","0x7f3e25f69240",4181345598566403,4181345598899767,4181345598904574,4181345598919238,4807
3094,"loop_reduce_window_fusion_10.kd",2,8,3402,1277591,1277591,24064,256,0,0,8,0,16,64,"0x0","0x7f3e25f69140",4181345598573594,4181345598904574,4181345598909342,4181345598924796,4768
3095,"loop_reduce_window_fusion_11.kd",2,8,3403,1277591,1277591,1536,256,0,0,8,0,16,64,"0x0","0x7f3e25f69040",4181345598581035,4181345598909342,4181345598914149,4181345598930605,4807
3096,"loop_slice_fusion_5.kd",2,8,3404,1277591,1277591,6,6,0,0,20,4,16,64,"0x0","0x7f3e25f69080",4181345598588085,4181345598914149,4181345598918796,4181345598935793,4647
3097,"input_concatenate_fusion.kd",2,8,3405,1277591,1277591,24064,256,0,0,12,4,32,64,"0x0","0x7f3e25f69280",4181345598595236,4181345598918796,4181345598924484,4181345598941701,5688
3098,"input_reduce_reduce_window_fusion.kd",2,8,3406,1277591,1277591,11264,256,0,0,36,4,48,64,"0x0","0x7f3e25f692c0",4181345598602176,4181345598924484,4181345598934900,4181345598947460,10416
3099,"loop_reduce_window_fusion_2.kd",2,8,3407,1277591,1277591,1792,256,0,0,8,0,16,64,"0x0","0x7f3e25f69300",4181345598609417,4181345598934900,4181345598939907,4181345598952858,5007
3100,"loop_slice_fusion_7.kd",2,8,3408,1277591,1277591,7,7,0,0,20,4,16,64,"0x0","0x7f3e25f69340",4181345598616067,4181345598939907,4181345598944474,4181345598958286,4567
3101,"loop_broadcast_fusion.kd",2,8,3409,1277591,1277591,28160,256,0,0,4,4,16,64,"0x0","0x7f3e25f69380",4181345598623057,4181345598944474,4181345598949441,4181345599006828,4967
3102,"input_scatter_fusion.kd",2,8,3410,1277591,1277591,28160,256,0,0,12,4,32,64,"0x0","0x7f3e25f693c0",4181345598630058,4181345598949441,4181345598956772,4181345598975291,7331
3103,"loop_reduce_window_fusion_1.kd",2,8,3411,1277591,1277591,28160,256,0,0,8,0,16,64,"0x0","0x7f3e25f69400",4181345598637419,4181345598956772,4181345598961699,4181345598964225,4927
3104,"loop_reduce_window_fusion_2.kd",2,8,3412,1277591,1277591,1792,256,0,0,8,0,16,64,"0x0","0x7f3e25f69300",4181345598643638,4181345598961699,4181345598966747,4181345599014149,5048
3105,"loop_slice_fusion_7.kd",2,8,3413,1277591,1277591,7,7,0,0,20,4,16,64,"0x0","0x7f3e25f69340",4181345598649817,4181345598966747,4181345598971354,4181345599020208,4607
3106,"loop_slice_fusion_3.kd",2,8,3414,1277591,1277591,110,110,0,0,8,0,16,64,"0x0","0x7f3e25f69440",4181345598673803,4181345598971354,4181345598976001,4181345599025967,4647
3107,"input_reduce_fusion_2.kd",2,8,3415,1277591,1277591,64,64,0,0,8,0,16,64,"0x0","0x7f3e25f69480",4181345598681384,4181345598976001,4181345598980608,4181345599032066,4607
3108,"loop_select_fusion_4.kd",2,8,3416,1277591,1277591,28160,256,0,0,8,0,32,64,"0x0","0x7f3e25f694c0",4181345598689897,4181345598980608,4181345598985655,4181345599037965,5047
3109,"loop_select_fusion.kd",2,8,3417,1277591,1277591,28160,256,0,0,8,0,16,64,"0x0","0x7f3e25f69500",4181345598697418,4181345598985655,4181345598990542,4181345599043923,4887
3110,"loop_compare_fusion_1.kd",2,8,3418,1277591,1277591,4096,256,0,0,4,4,16,64,"0x0","0x7f3e25f69540",4181345598704198,4181345598990542,4181345598995309,4181345599049612,4767
3111,"input_reduce_reduce_window_fusion_2.kd",2,8,3419,1277591,1277591,256,256,512,0,20,4,32,64,"0x0","0x7f3e25f69580",4181345598712140,4181345598995309,4181345599010332,4181345599055250,15023
3112,"loop_slice_fusion_1.kd",2,8,3420,1277591,1277591,16,16,0,0,20,4,16,64,"0x0","0x7f3e25f695c0",4181345598719641,4181345599010332,4181345599014899,4181345599060618,4567
3113,"loop_broadcast_fusion_3.kd",2,8,3421,1277591,1277591,4096,256,0,0,4,4,16,64,"0x0","0x7f3e25f69600",4181345598727072,4181345599014899,4181345599019746,4181345599066537,4847
3114,"input_scatter_fusion_3.kd",2,8,3422,1277591,1277591,4096,256,0,0,8,0,32,64,"0x0","0x7f3e25f69640",4181345598733402,4181345599019746,4181345599025715,4181345599072266,5969
3115,"loop_reduce_window_fusion_13.kd",2,8,3423,1277591,1277591,4096,256,0,0,8,0,16,64,"0x0","0x7f3e25f69680",4181345598741013,4181345599025715,4181345599030482,4181345599079476,4767
3116,"loop_slice_fusion_1.kd",2,8,3424,1277591,1277591,16,16,0,0,20,4,16,64,"0x0","0x7f3e25f695c0",4181345598747523,4181345599030482,4181345599035169,4181345599085005,4687
3117,"loop_remainder_fusion.kd",2,8,3425,1277591,1277591,4096,256,0,0,12,4,16,64,"0x0","0x7f3e25f696c0",4181345598754954,4181345599035169,4181345599041057,4181345599090393,5888
3118,"loop_select_fusion_3.kd",2,8,3426,1277591,1277591,4096,256,0,0,8,0,32,64,"0x0","0x7f3e25f69700",4181345598762585,4181345599041057,4181345599045945,4181345599096091,4888
3119,"loop_reduce_window_fusion_13.kd",2,8,3427,1277591,1277591,4096,256,0,0,8,0,16,64,"0x0","0x7f3e25f69680",4181345598769145,4181345599045945,4181345599050832,4181345599101900,4887
3120,"loop_slice_fusion_1.kd",2,8,3428,1277591,1277591,16,16,0,0,20,4,16,64,"0x0","0x7f3e25f695c0",4181345598776125,4181345599050832,4181345599055519,4181345599107328,4687
3121,"input_concatenate_fusion_1.kd",2,8,3429,1277591,1277591,4096,256,0,0,8,0,32,64,"0x0","0x7f3e25f69740",4181345598782785,4181345599055519,4181345599061528,4181345599113016,6009
3122,"loop_compare_fusion.kd",2,8,3430,1277591,1277591,8192,256,0,0,4,4,16,64,"0x0","0x7f3e25f69780",4181345598790246,4181345599061528,4181345599066495,4181345599177552,4967
3123,"input_reduce_reduce_window_fusion_1.kd",2,8,3431,1277591,1277591,512,512,512,0,20,4,48,64,"0x0","0x7f3e25f697c0",4181345598797186,4181345599066495,4181345599084522,4181345599182790,18027
3124,"loop_reduce_window_fusion_6.kd",2,8,3432,1277591,1277591,32,32,0,0,32,0,16,64,"0x0","0x7f3e25f69800",4181345598803766,4181345599084522,4181345599093495,4181345599188408,8973
3125,"loop_broadcast_fusion_1.kd",2,8,3433,1277591,1277591,8192,256,0,0,4,4,16,64,"0x0","0x7f3e25f69840",4181345598811257,4181345599093495,4181345599098503,4181345599164202,5008
3126,"input_scatter_fusion_1.kd",2,8,3434,1277591,1277591,8192,256,0,0,8,0,32,64,"0x0","0x7f3e25f69880",4181345598819049,4181345599098503,4181345599104071,4181345599170091,5568
3127,"loop_reduce_window_fusion_5.kd",2,8,3435,1277591,1277591,8192,256,0,0,8,0,16,64,"0x0","0x7f3e25f698c0",4181345598825348,4181345599104071,4181345599109119,4181345599121439,5048
3128,"loop_reduce_window_fusion_4.kd",2,8,3436,1277591,1277591,512,256,0,0,8,0,16,64,"0x0","0x7f3e25f69900",4181345598854592,4181345599109119,4181345599114407,4181345599194157,5288
3129,"loop_reduce_window_fusion_3.kd",2,8,3437,1277591,1277591,32,32,0,0,8,0,16,64,"0x0","0x7f3e25f69940",4181345598864376,4181345599114407,4181345599119134,4181345599199495,4727
3130,"loop_select_fusion_6.kd",2,8,3438,1277591,1277591,8192,256,0,0,8,0,32,64,"0x0","0x7f3e25f69980",4181345599004284,4181345599119134,4181345599123540,4181345599157803,4406
3131,"loop_select_fusion_1.kd",2,8,3439,1277591,1277591,8192,256,0,0,8,0,16,64,"0x0","0x7f3e25f699c0",4181345599013098,4181345599132634,4181345599135398,4181345599141458,2764
3132,"loop_broadcast_fusion_4.kd",2,8,3440,1277591,1277591,16,16,0,0,4,4,16,64,"0x0","0x7f3e25f69a00",4181345599131363,4181345599149819,4181345599151582,4181345599207707,1763
3133,"__amd_rocclr_fillBufferAligned.kd",2,8,3441,1277591,1277591,77824,256,0,0,12,4,48,64,"0x0","0x7f669ba7b580",4181345599156621,4181345599213834,4181345599226934,4181345599232474,13100
3134,"__amd_rocclr_fillBufferAligned.kd",2,8,3442,1277591,1277591,16128,256,0,0,12,4,48,64,"0x0","0x7f669ba7b580",4181345599217582,4181345599226934,4181345599231380,4181345599237361,4446
3135,"transformer_engine::fused_attn_rocm::populate_rng_state_kernel(long*, long const*, long) [clone .kd]",2,8,3443,1277591,1277591,1,1,0,0,8,0,16,64,"0x0","0x7f3e25f8d380",4181345599227777,4181345599236388,4181345599238191,4181345599246755,1803
3136,"__amd_rocclr_fillBufferAligned.kd",2,8,3444,1277591,1277591,256,256,0,0,12,4,48,64,"0x0","0x7f669ba7b580",4181345599238483,4181345599251971,4181345599253814,4181345599254487,1843
3137,"ck_fused_attn::get_runtime_max_seqlen_kernel(unsigned long, int const*, int const*, unsigned long*) [clone .kd]",2,8,3445,1277591,1277591,4096,128,0,0,4,4,32,64,"0x0","0x7f3e25f58940",4181345599251382,4181345599267955,4181345599273643,4181345599274266,5688
3138,"__amd_rocclr_copyBuffer.kd",2,8,3446,1277591,1277591,512,512,0,0,16,0,32,64,"0x7f7ea9072600","0x7f669ba7b600",4181345599268838,4181345599278651,4181345599285100,4181345599290610,6449
3139,"__amd_rocclr_fillBufferAligned.kd",2,8,3448,1277591,1277591,256,256,0,0,12,4,48,64,"0x0","0x7f669ba7b580",4181345599310750,4181345599319151,4181345599321034,4181345599355717,1883
3140,"ck_fused_attn::get_runtime_max_seqlen_kernel(unsigned long, int const*, int const*, unsigned long*) [clone .kd]",2,8,3449,1277591,1277591,4096,128,0,0,4,4,32,64,"0x0","0x7f3e25f58940",4181345599319794,4181345599329887,4181345599335575,4181345599365632,5688
3141,"__amd_rocclr_copyBuffer.kd",2,8,3450,1277591,1277591,512,512,0,0,16,0,32,64,"0x7f7ea9073180","0x7f669ba7b600",4181345599331561,4181345599340383,4181345599346712,4181345599361125,6329
3142,"void transformer_engine::fused_attn_rocm::compute_scores_kernel<__half, transformer_engine::fused_attn_rocm::SmallSeqConfig<6, 128, 256, false, (transformer_engine::fused_attn_rocm::CausalMaskType)0>, 1>(__half const*, __half const*, __half*, float, int const*, int const*, int, int) [clone .kd]",2,8,3452,1277591,1277591,64000,64,0,0,92,4,48,64,"0x0","0x7f3e240cea80",4181345599377580,4181345599386972,4181345599418619,4181345599424940,31647
3143,"void transformer_engine::fused_attn_rocm::apply_mask_and_softmax_kernel<__half, transformer_engine::fused_attn_rocm::SmallSeqConfig<6, 128, 256, false, (transformer_engine::fused_attn_rocm::CausalMaskType)0> >(__half*, __half const*, float, int const*, int, int) [clone .kd]",2,8,3453,1277591,1277591,390144,256,1024,0,12,4,16,64,"0x0","0x7f3e240ceac0",4181345599386483,4181345599418619,4181345599423666,4181345599432852,5047
3144,"void transformer_engine::fused_attn_rocm::compute_output_kernel<__half, transformer_engine::fused_attn_rocm::SmallSeqConfig<6, 128, 256, false, (transformer_engine::fused_attn_rocm::CausalMaskType)0>, 2, 8>(__half const*, __half const*, __half*, int const*, int const*, int, int) [clone .kd]",2,8,3454,1277591,1277591,512000,64,12288,0,20,4,32,64,"0x0","0x7f3e240ceb00",4181345599393844,4181345599423666,4181345599467091,4181345599468064,43425
3145,"loop_broadcast_fusion_5.kd",2,8,3455,1277591,1277591,2048000,256,0,0,4,4,16,64,"0x0","0x7f3e25f69a40",4181345599402116,4181345599467091,4181345599475263,4181345599480363,8172
3146,"__amd_rocclr_fillBufferAligned.kd",2,8,3456,1277591,1277591,77824,256,0,0,12,4,48,64,"0x0","0x7f669ba7b580",4181345599420073,4181345599475263,4181345599482153,4181345599485871,6890
3147,"__amd_rocclr_fillBufferAligned.kd",2,8,3457,1277591,1277591,77824,256,0,0,12,4,48,64,"0x0","0x7f669ba7b580",4181345599430198,4181345599482153,4181345599499619,4181345599501464,17466
3148,"__amd_rocclr_fillBufferAligned.kd",2,8,3458,1277591,1277591,77824,256,0,0,12,4,48,64,"0x0","0x7f669ba7b580",4181345599446883,4181345599499619,4181345599517045,4181345599533131,17426
3149,"__amd_rocclr_fillBufferAligned.kd",2,8,3459,1277591,1277591,256,256,0,0,12,4,48,64,"0x0","0x7f669ba7b580",4181345599455375,4181345599517045,4181345599522053,4181345599525480,5008
3150,"ck_fused_attn::get_runtime_max_seqlen_kernel(unsigned long, int const*, int const*, unsigned long*) [clone .kd]",2,8,3460,1277591,1277591,4096,128,0,0,4,4,32,64,"0x0","0x7f3e25f58940",4181345599461745,4181345599522053,4181345599528022,4181345599544718,5969
3151,"__amd_rocclr_copyBuffer.kd",2,8,3461,1277591,1277591,512,512,0,0,16,0,32,64,"0x7f7ea91e9a00","0x7f669ba7b600",4181345599469967,4181345599528022,4181345599533670,4181345599539591,5648
3152,"__amd_rocclr_fillBufferAligned.kd",2,8,3463,1277591,1277591,256,256,0,0,12,4,48,64,"0x0","0x7f669ba7b580",4181345599559991,4181345599573649,4181345599575693,4181345599579700,2044
3153,"ck_fused_attn::get_runtime_max_seqlen_kernel(unsigned long, int const*, int const*, unsigned long*) [clone .kd]",2,8,3464,1277591,1277591,4096,128,0,0,4,4,32,64,"0x0","0x7f3e25f58940",4181345599572490,4181345599580460,4181345599586428,4181345599589595,5968
3154,"__amd_rocclr_copyBuffer.kd",2,8,3465,1277591,1277591,512,512,0,0,16,0,32,64,"0x7f7ea91e9200","0x7f669ba7b600",4181345599579540,4181345599595883,4181345599602412,4181345599604848,6529
3155,"void transformer_engine::fused_attn_rocm::compute_grad_v_kernel<__half, transformer_engine::fused_attn_rocm::SmallSeqConfig<6, 128, 256, false, (transformer_engine::fused_attn_rocm::CausalMaskType)0>, 16, 16>(__half const*, __half const*, __half*, int const*, int const*, int, int) [clone .kd]",2,8,3467,1277591,1277591,256000,64,12288,0,28,4,32,64,"0x0","0x7f3e240d0200",4181345599619880,4181345599631375,4181345599691385,4181345599701301,60010
3156,"void transformer_engine::fused_attn_rocm::compute_grad_attn_kernel<__half, transformer_engine::fused_attn_rocm::SmallSeqConfig<6, 128, 256, false, (transformer_engine::fused_attn_rocm::CausalMaskType)0>, 16>(__half const*, __half const*, __half*, int const*, int const*, int, int) [clone .kd]",2,8,3468,1277591,1277591,8000,64,0,0,104,0,64,64,"0x0","0x7f3e240d0240",4181345599629985,4181345599691385,4181345599914396,4181345599919135,223011
3157,"void transformer_engine::fused_attn_rocm::softmax_backward_kernel<__half, transformer_engine::fused_attn_rocm::SmallSeqConfig<6, 128, 256, false, (transformer_engine::fused_attn_rocm::CausalMaskType)0> >(__half const*, __half const*, __half*, float, int const*, int, int) [clone .kd]",2,8,3469,1277591,1277591,390144,256,1024,0,16,0,16,64,"0x0","0x7f3e240d0280",4181345599638618,4181345599914396,4181345599921166,4181345599925434,6770
3158,"void transformer_engine::fused_attn_rocm::compute_grad_qk_kernel<__half, transformer_engine::fused_attn_rocm::SmallSeqConfig<6, 128, 256, false, (transformer_engine::fused_attn_rocm::CausalMaskType)0>, 4, 16>(__half const*, __half const*, __half const*, __half*, __half*, float, int const*, int const*, int, int) [clone .kd]",2,8,3470,1277591,1277591,1024000,64,12288,0,36,4,64,64,"0x0","0x7f3e240d02c0",4181345599649184,4181345599921166,4181345600080203,4181345600094085,159037
3159,"input_reduce_fusion.kd",2,8,3471,1277591,1277591,524288,256,512,0,16,0,16,64,"0x0","0x7f3e25f69a80",4181345599657386,4181345600080203,4181345600090258,4181345600102418,10055
3160,"input_reduce_fusion_3.kd",2,8,3472,1277591,1277591,128,128,512,0,24,0,16,64,"0x0","0x7f3e25f69ac0",4181345599663805,4181345600090258,4181345600095946,4181345600108216,5688
3161,"loop_convert_fusion.kd",2,8,3473,1277591,1277591,1,1,0,0,4,4,16,64,"0x0","0x7f3e25f69b00",4181345599671086,4181345600095946,4181345600101194,4181345600117200,5248
3162,"input_reduce_reduce_window_fusion_3.kd",2,8,3476,1277591,1277591,9728,256,0,0,28,4,48,64,"0x0","0x7f3e25f69000",4181345599771866,4181345600113653,4181345600124148,4181345600124581,10495
3163,"loop_reduce_window_fusion_11.kd",2,8,3477,1277591,1277591,1536,256,0,0,8,0,16,64,"0x0","0x7f3e25f69040",4181345599780950,4181345600124148,4181345600130758,4181345600130840,6610
3164,"loop_slice_fusion_5.kd",2,8,3478,1277591,1277591,6,6,0,0,20,4,16,64,"0x0","0x7f3e25f69080",4181345599788280,4181345600130758,4181345600135645,4181345600136468,4887
3165,"loop_broadcast_fusion_2.kd",2,8,3479,1277591,1277591,24064,256,0,0,4,4,16,64,"0x0","0x7f3e25f690c0",4181345599795832,4181345600135645,4181345600141173,4181345600142087,5528
3166,"input_scatter_fusion_2.kd",2,8,3480,1277591,1277591,24064,256,0,0,12,4,32,64,"0x0","0x7f3e25f69100",4181345599803123,4181345600141173,4181345600149145,4181345600156728,7972
3167,"loop_reduce_window_fusion_10.kd",2,8,3481,1277591,1277591,24064,256,0,0,8,0,16,64,"0x0","0x7f3e25f69140",4181345599809963,4181345600149145,4181345600154914,4181345600163689,5769
3168,"loop_reduce_window_fusion_11.kd",2,8,3482,1277591,1277591,1536,256,0,0,8,0,16,64,"0x0","0x7f3e25f69040",4181345599817234,4181345600154914,4181345600159921,4181345600169668,5007
3169,"loop_slice_fusion_4.kd",2,8,3483,1277591,1277591,94,94,0,0,24,0,16,64,"0x0","0x7f3e25f69180",4181345599824274,4181345600159921,4181345600166010,4181345600175026,6089
3170,"input_reduce_fusion_1.kd",2,8,3484,1277591,1277591,64,64,0,0,8,0,16,64,"0x0","0x7f3e25f691c0",4181345599831124,4181345600166010,4181345600170737,4181345600183298,4727
3171,"loop_select_fusion_5.kd",2,8,3485,1277591,1277591,24064,256,0,0,8,0,32,64,"0x0","0x7f3e25f69200",4181345599838856,4181345600170737,4181345600175665,4181345600189167,4928
3172,"loop_select_fusion_2.kd",2,8,3486,1277591,1277591,24064,256,0,0,4,4,16,64,"0x0","0x7f3e25f69240",4181345599846277,4181345600175665,4181345600180552,4181345600194725,4887
3173,"loop_reduce_window_fusion_10.kd",2,8,3487,1277591,1277591,24064,256,0,0,8,0,16,64,"0x0","0x7f3e25f69140",4181345599852636,4181345600180552,4181345600185279,4181345600200363,4727
3174,"loop_reduce_window_fusion_11.kd",2,8,3488,1277591,1277591,1536,256,0,0,8,0,16,64,"0x0","0x7f3e25f69040",4181345599859006,4181345600185279,4181345600190086,4181345600206262,4807
3175,"loop_slice_fusion_5.kd",2,8,3489,1277591,1277591,6,6,0,0,20,4,16,64,"0x0","0x7f3e25f69080",4181345599865806,4181345600190086,4181345600194773,4181345600218851,4687
3176,"input_concatenate_fusion.kd",2,8,3490,1277591,1277591,24064,256,0,0,12,4,32,64,"0x0","0x7f3e25f69280",4181345599873357,4181345600194773,4181345600200502,4181345600224199,5729
3177,"input_reduce_reduce_window_fusion.kd",2,8,3491,1277591,1277591,11264,256,0,0,36,4,48,64,"0x0","0x7f3e25f692c0",4181345599880598,4181345600200502,4181345600210717,4181345600229457,10215
3178,"loop_reduce_window_fusion_2.kd",2,8,3492,1277591,1277591,1792,256,0,0,8,0,16,64,"0x0","0x7f3e25f69300",4181345599886997,4181345600210717,4181345600215764,4181345600235155,5047
3179,"loop_slice_fusion_7.kd",2,8,3493,1277591,1277591,7,7,0,0,20,4,16,64,"0x0","0x7f3e25f69340",4181345599893597,4181345600215764,4181345600220411,4181345600284819,4647
3180,"loop_broadcast_fusion.kd",2,8,3494,1277591,1277591,28160,256,0,0,4,4,16,64,"0x0","0x7f3e25f69380",4181345599900898,4181345600220411,4181345600225379,4181345600260763,4968
3181,"input_scatter_fusion.kd",2,8,3495,1277591,1277591,28160,256,0,0,12,4,32,64,"0x0","0x7f3e25f693c0",4181345599908009,4181345600225379,4181345600232589,4181345600240763,7210
3182,"loop_reduce_window_fusion_1.kd",2,8,3496,1277591,1277591,28160,256,0,0,8,0,16,64,"0x0","0x7f3e25f69400",4181345599915079,4181345600232589,4181345600237397,4181345600252110,4808
3183,"loop_reduce_window_fusion_2.kd",2,8,3497,1277591,1277591,1792,256,0,0,8,0,16,64,"0x0","0x7f3e25f69300",4181345599923341,4181345600237397,4181345600242364,4181345600246562,4967
3184,"loop_slice_fusion_7.kd",2,8,3498,1277591,1277591,7,7,0,0,20,4,16,64,"0x0","0x7f3e25f69340",4181345599939515,4181345600242364,4181345600246971,4181345600305540,4607
3185,"loop_slice_fusion_3.kd",2,8,3499,1277591,1277591,110,110,0,0,8,0,16,64,"0x0","0x7f3e25f69440",4181345599947307,4181345600246971,4181345600251658,4181345600311709,4687
3186,"input_reduce_fusion_2.kd",2,8,3500,1277591,1277591,64,64,0,0,8,0,16,64,"0x0","0x7f3e25f69480",4181345599954217,4181345600251658,4181345600256345,4181345600317628,4687
3187,"loop_select_fusion_4.kd",2,8,3501,1277591,1277591,28160,256,0,0,8,0,32,64,"0x0","0x7f3e25f694c0",4181345599962890,4181345600256345,4181345600261392,4181345600323236,5047
3188,"loop_select_fusion.kd",2,8,3502,1277591,1277591,28160,256,0,0,8,0,16,64,"0x0","0x7f3e25f69500",4181345599969450,4181345600261392,4181345600266239,4181345600328774,4847
3189,"loop_compare_fusion_1.kd",2,8,3503,1277591,1277591,4096,256,0,0,4,4,16,64,"0x0","0x7f3e25f69540",4181345599976571,4181345600266239,4181345600270926,4181345600334403,4687
3190,"input_reduce_reduce_window_fusion_2.kd",2,8,3504,1277591,1277591,256,256,512,0,20,4,32,64,"0x0","0x7f3e25f69580",4181345599983571,4181345600270926,4181345600286309,4181345600340422,15383
3191,"loop_slice_fusion_1.kd",2,8,3505,1277591,1277591,16,16,0,0,20,4,16,64,"0x0","0x7f3e25f695c0",4181345599991292,4181345600286309,4181345600291036,4181345600346020,4727
3192,"loop_broadcast_fusion_3.kd",2,8,3506,1277591,1277591,4096,256,0,0,4,4,16,64,"0x0","0x7f3e25f69600",4181345599998493,4181345600291036,4181345600296004,4181345600351428,4968
3193,"input_scatter_fusion_3.kd",2,8,3507,1277591,1277591,4096,256,0,0,8,0,32,64,"0x0","0x7f3e25f69640",4181345600006124,4181345600296004,4181345600302173,4181345600357187,6169
3194,"loop_reduce_window_fusion_13.kd",2,8,3508,1277591,1277591,4096,256,0,0,8,0,16,64,"0x0","0x7f3e25f69680",4181345600013205,4181345600302173,4181345600307020,4181345600362795,4847
3195,"loop_slice_fusion_1.kd",2,8,3509,1277591,1277591,16,16,0,0,20,4,16,64,"0x0","0x7f3e25f695c0",4181345600019885,4181345600307020,4181345600311787,4181345600370146,4767
3196,"loop_remainder_fusion.kd",2,8,3510,1277591,1277591,4096,256,0,0,12,4,16,64,"0x0","0x7f3e25f696c0",4181345600026785,4181345600311787,4181345600317636,4181345600375754,5849
3197,"loop_select_fusion_3.kd",2,8,3511,1277591,1277591,4096,256,0,0,8,0,32,64,"0x0","0x7f3e25f69700",4181345600034397,4181345600317636,4181345600322523,4181345600381473,4887
3198,"loop_reduce_window_fusion_13.kd",2,8,3512,1277591,1277591,4096,256,0,0,8,0,16,64,"0x0","0x7f3e25f69680",4181345600042449,4181345600322523,4181345600327410,4181345600387151,4887
3199,"loop_slice_fusion_1.kd",2,8,3513,1277591,1277591,16,16,0,0,20,4,16,64,"0x0","0x7f3e25f695c0",4181345600049619,4181345600327410,4181345600332137,4181345600391958,4727
3200,"input_concatenate_fusion_1.kd",2,8,3514,1277591,1277591,4096,256,0,0,8,0,32,64,"0x0","0x7f3e25f69740",4181345600056319,4181345600332137,4181345600337706,4181345600426039,5569
3201,"loop_compare_fusion.kd",2,8,3515,1277591,1277591,8192,256,0,0,4,4,16,64,"0x0","0x7f3e25f69780",4181345600064371,4181345600337706,4181345600342673,4181345600431006,4967
3202,"input_reduce_reduce_window_fusion_1.kd",2,8,3516,1277591,1277591,512,512,512,0,20,4,48,64,"0x0","0x7f3e25f697c0",4181345600072193,4181345600342673,4181345600359178,4181345600436224,16505
3203,"loop_reduce_window_fusion_6.kd",2,8,3517,1277591,1277591,32,32,0,0,32,0,16,64,"0x0","0x7f3e25f69800",4181345600080125,4181345600359178,4181345600368872,4181345600406099,9694
3204,"loop_broadcast_fusion_1.kd",2,8,3518,1277591,1277591,8192,256,0,0,4,4,16,64,"0x0","0x7f3e25f69840",4181345600087115,4181345600368872,4181345600373920,4181345600420561,5048
3205,"input_scatter_fusion_1.kd",2,8,3519,1277591,1277591,8192,256,0,0,8,0,32,64,"0x0","0x7f3e25f69880",4181345600093895,4181345600373920,4181345600379368,4181345600444577,5448
3206,"loop_reduce_window_fusion_5.kd",2,8,3520,1277591,1277591,8192,256,0,0,8,0,16,64,"0x0","0x7f3e25f698c0",4181345600122708,4181345600379368,4181345600384375,4181345600414051,5007
3207,"loop_reduce_window_fusion_4.kd",2,8,3521,1277591,1277591,512,256,0,0,8,0,16,64,"0x0","0x7f3e25f69900",4181345600157890,4181345600384375,4181345600389743,4181345600449824,5368
3208,"loop_reduce_window_fusion_3.kd",2,8,3522,1277591,1277591,32,32,0,0,8,0,16,64,"0x0","0x7f3e25f69940",4181345600273462,4181345600389743,4181345600393869,4181345600467971,4126
3209,"loop_select_fusion_6.kd",2,8,3523,1277591,1277591,8192,256,0,0,8,0,32,64,"0x0","0x7f3e25f69980",4181345600304188,4181345600398757,4181345600401721,4181345600462343,2964
3210,"loop_select_fusion_1.kd",2,8,3524,1277591,1277591,8192,256,0,0,8,0,16,64,"0x0","0x7f3e25f699c0",4181345600403646,4181345600412858,4181345600415702,4181345600456124,2844
3211,"loop_broadcast_fusion_4.kd",2,8,3525,1277591,1277591,16,16,0,0,4,4,16,64,"0x0","0x7f3e25f69a00",4181345600411858,4181345600451034,4181345600452917,4181345600476053,1883
3212,"__amd_rocclr_fillBufferAligned.kd",2,8,3526,1277591,1277591,77824,256,0,0,12,4,48,64,"0x0","0x7f669ba7b580",4181345600456524,4181345600484124,4181345600497864,4181345600500049,13740
3213,"__amd_rocclr_fillBufferAligned.kd",2,8,3527,1277591,1277591,16128,256,0,0,12,4,48,64,"0x0","0x7f669ba7b580",4181345600481932,4181345600497864,4181345600502311,4181345600504916,4447
3214,"transformer_engine::fused_attn_rocm::populate_rng_state_kernel(long*, long const*, long) [clone .kd]",2,8,3528,1277591,1277591,1,1,0,0,8,0,16,64,"0x0","0x7f3e25f8d380",4181345600495723,4181345600506236,4181345600506917,4181345600518717,681
3215,"__amd_rocclr_fillBufferAligned.kd",2,8,3529,1277591,1277591,256,256,0,0,12,4,48,64,"0x0","0x7f669ba7b580",4181345600510675,4181345600524984,4181345600526987,4181345600536633,2003
3216,"ck_fused_attn::get_runtime_max_seqlen_kernel(unsigned long, int const*, int const*, unsigned long*) [clone .kd]",2,8,3530,1277591,1277591,4096,128,0,0,4,4,32,64,"0x0","0x7f3e25f58940",4181345600524465,4181345600533517,4181345600539245,4181345600544195,5728
3217,"__amd_rocclr_copyBuffer.kd",2,8,3531,1277591,1277591,512,512,0,0,16,0,32,64,"0x7f7ea91e9000","0x7f669ba7b600",4181345600533629,4181345600544213,4181345600549541,4181345600551115,5328
3218,"__amd_rocclr_fillBufferAligned.kd",2,8,3533,1277591,1277591,256,256,0,0,12,4,48,64,"0x0","0x7f669ba7b580",4181345600569853,4181345600578103,4181345600580106,4181345600615961,2003
3219,"ck_fused_attn::get_runtime_max_seqlen_kernel(unsigned long, int const*, int const*, unsigned long*) [clone .kd]",2,8,3534,1277591,1277591,4096,128,0,0,4,4,32,64,"0x0","0x7f3e25f58940",4181345600579447,4181345600588999,4181345600594968,4181345600627519,5969
3220,"__amd_rocclr_copyBuffer.kd",2,8,3535,1277591,1277591,512,512,0,0,16,0,32,64,"0x7f7ea9073980","0x7f669ba7b600",4181345600588721,4181345600599776,4181345600605063,4181345600621089,5287
3221,"void transformer_engine::fused_attn_rocm::compute_scores_kernel<__half, transformer_engine::fused_attn_rocm::SmallSeqConfig<6, 128, 256, false, (transformer_engine::fused_attn_rocm::CausalMaskType)0>, 1>(__half const*, __half const*, __half*, float, int const*, int const*, int, int) [clone .kd]",2,8,3537,1277591,1277591,64000,64,0,0,92,4,48,64,"0x0","0x7f3e240cea80",4181345600637554,4181345600646525,4181345600677171,4181345600678515,30646
3222,"void transformer_engine::fused_attn_rocm::apply_mask_and_softmax_kernel<__half, transformer_engine::fused_attn_rocm::SmallSeqConfig<6, 128, 256, false, (transformer_engine::fused_attn_rocm::CausalMaskType)0> >(__half*, __half const*, float, int const*, int, int) [clone .kd]",2,8,3538,1277591,1277591,390144,256,1024,0,12,4,16,64,"0x0","0x7f3e240ceac0",4181345600644915,4181345600677171,4181345600682298,4181345600686376,5127
3223,"void transformer_engine::fused_attn_rocm::compute_output_kernel<__half, transformer_engine::fused_attn_rocm::SmallSeqConfig<6, 128, 256, false, (transformer_engine::fused_attn_rocm::CausalMaskType)0>, 2, 8>(__half const*, __half const*, __half*, int const*, int const*, int, int) [clone .kd]",2,8,3539,1277591,1277591,512000,64,12288,0,20,4,32,64,"0x0","0x7f3e240ceb00",4181345600652446,4181345600682298,4181345600725603,4181345600726726,43305
3224,"loop_broadcast_fusion_5.kd",2,8,3540,1277591,1277591,2048000,256,0,0,4,4,16,64,"0x0","0x7f3e25f69a40",4181345600660558,4181345600725603,4181345600733815,4181345600736891,8212
3225,"__amd_rocclr_fillBufferAligned.kd",2,8,3541,1277591,1277591,77824,256,0,0,12,4,48,64,"0x0","0x7f669ba7b580",4181345600681219,4181345600733815,4181345600740665,4181345600741949,6850
3226,"__amd_rocclr_fillBufferAligned.kd",2,8,3542,1277591,1277591,77824,256,0,0,12,4,48,64,"0x0","0x7f669ba7b580",4181345600700127,4181345600740665,4181345600758211,4181345600766265,17546
3227,"__amd_rocclr_fillBufferAligned.kd",2,8,3543,1277591,1277591,77824,256,0,0,12,4,48,64,"0x0","0x7f669ba7b580",4181345600706306,4181345600758211,4181345600775597,4181345600786285,17386
3228,"__amd_rocclr_fillBufferAligned.kd",2,8,3544,1277591,1277591,256,256,0,0,12,4,48,64,"0x0","0x7f669ba7b580",4181345600714218,4181345600775597,4181345600780324,4181345600781698,4727
3229,"ck_fused_attn::get_runtime_max_seqlen_kernel(unsigned long, int const*, int const*, unsigned long*) [clone .kd]",2,8,3545,1277591,1277591,4096,128,0,0,4,4,32,64,"0x0","0x7f3e25f58940",4181345600720387,4181345600780324,4181345600786573,4181345600792865,6249
3230,"__amd_rocclr_copyBuffer.kd",2,8,3546,1277591,1277591,512,512,0,0,16,0,32,64,"0x7f7ea91e8e00","0x7f669ba7b600",4181345600728889,4181345600786573,4181345600792903,4181345600801097,6330
3231,"__amd_rocclr_fillBufferAligned.kd",2,8,3548,1277591,1277591,256,256,0,0,12,4,48,64,"0x0","0x7f669ba7b580",4181345600819344,4181345600828075,4181345600830198,4181345600831412,2123
3232,"ck_fused_attn::get_runtime_max_seqlen_kernel(unsigned long, int const*, int const*, unsigned long*) [clone .kd]",2,8,3549,1277591,1277591,4096,128,0,0,4,4,32,64,"0x0","0x7f3e25f58940",4181345600826214,4181345600834765,4181345600840734,4181345600842528,5969
3233,"__amd_rocclr_copyBuffer.kd",2,8,3550,1277591,1277591,512,512,0,0,16,0,32,64,"0x7f7ea91e8d00","0x7f669ba7b600",4181345600833615,4181345600845701,4181345600852191,4181345600857591,6490
3234,"void transformer_engine::fused_attn_rocm::compute_grad_v_kernel<__half, transformer_engine::fused_attn_rocm::SmallSeqConfig<6, 128, 256, false, (transformer_engine::fused_attn_rocm::CausalMaskType)0>, 16, 16>(__half const*, __half const*, __half*, int const*, int const*, int, int) [clone .kd]",2,8,3552,1277591,1277591,256000,64,12288,0,28,4,32,64,"0x0","0x7f3e240d0200",4181345600872213,4181345600883237,4181345600940202,4181345600942717,56965
3235,"void transformer_engine::fused_attn_rocm::compute_grad_attn_kernel<__half, transformer_engine::fused_attn_rocm::SmallSeqConfig<6, 128, 256, false, (transformer_engine::fused_attn_rocm::CausalMaskType)0>, 16>(__half const*, __half const*, __half*, int const*, int const*, int, int) [clone .kd]",2,8,3553,1277591,1277591,8000,64,0,0,104,0,64,64,"0x0","0x7f3e240d0240",4181345600882478,4181345600940202,4181345601162853,4181345601164988,222651
3236,"void transformer_engine::fused_attn_rocm::softmax_backward_kernel<__half, transformer_engine::fused_attn_rocm::SmallSeqConfig<6, 128, 256, false, (transformer_engine::fused_attn_rocm::CausalMaskType)0> >(__half const*, __half const*, __half*, float, int const*, int, int) [clone .kd]",2,8,3554,1277591,1277591,390144,256,1024,0,16,0,16,64,"0x0","0x7f3e240d0280",4181345600891051,4181345601162853,4181345601168461,4181345601181643,5608
3237,"void transformer_engine::fused_attn_rocm::compute_grad_qk_kernel<__half, transformer_engine::fused_attn_rocm::SmallSeqConfig<6, 128, 256, false, (transformer_engine::fused_attn_rocm::CausalMaskType)0>, 4, 16>(__half const*, __half const*, __half const*, __half*, __half*, float, int const*, int const*, int, int) [clone .kd]",2,8,3555,1277591,1277591,1024000,64,12288,0,36,4,64,64,"0x0","0x7f3e240d02c0",4181345600898351,4181345601168461,4181345601316481,4181345601320259,148020
3238,"input_reduce_fusion.kd",2,8,3556,1277591,1277591,524288,256,512,0,16,0,16,64,"0x0","0x7f3e25f69a80",4181345600908677,4181345601316481,4181345601326737,4181345601328551,10256
3239,"input_reduce_fusion_3.kd",2,8,3557,1277591,1277591,128,128,512,0,24,0,16,64,"0x0","0x7f3e25f69ac0",4181345600915597,4181345601326737,4181345601332265,4181345601335522,5528
3240,"loop_convert_fusion.kd",2,8,3558,1277591,1277591,1,1,0,0,4,4,16,64,"0x0","0x7f3e25f69b00",4181345600923349,4181345601332265,4181345601336471,4181345601342121,4206
