"Index","KernelName","gpu-id","queue-id","queue-index","pid","tid","grd","wgr","lds","scr","arch_vgpr","accum_vgpr","sgpr","wave_size","sig","obj","DispatchNs","BeginNs","EndNs","CompleteNs","DurationNs"
0,"__amd_rocclr_fillBufferAligned.kd",3,2,0,1279882,1280900,77824,256,0,0,12,4,48,64,"0x0","0x7ed361693580",4181355233337009,4181355233437799,4181355233446812,4181355233493351,9013
1,"__amd_rocclr_fillBufferAligned.kd",7,0,0,1279882,1280894,77824,256,0,0,12,4,48,64,"0x0","0x7ed361673580",4181355238071330,4181355238133523,4181355238141615,4181355238240081,8092
2,"__amd_rocclr_fillBufferAligned.kd",6,5,0,1279882,1280896,77824,256,0,0,12,4,48,64,"0x0","0x7ed3614f3580",4181355440517568,4181355440556136,4181355440566832,4181355440767659,10696
3,"__amd_rocclr_fillBufferAligned.kd",8,6,0,1279882,1280899,77824,256,0,0,12,4,48,64,"0x0","0x7ed3614e3580",4181355444226744,4181355444252953,4181355444264451,4181355444274565,11498
4,"__amd_rocclr_fillBufferAligned.kd",5,3,0,1279882,1280895,77824,256,0,0,12,4,48,64,"0x0","0x7ed3614c3580",4181355560699167,4181355560738437,4181355560750334,4181355560787469,11897
5,"__amd_rocclr_fillBufferAligned.kd",4,4,0,1279882,1280901,77824,256,0,0,12,4,48,64,"0x0","0x7ed3614a3580",4181355679363871,4181355679402870,4181355679414607,4181355679454937,11737
6,"__amd_rocclr_fillBufferAligned.kd",2,1,0,1279882,1280897,77824,256,0,0,12,4,48,64,"0x0","0x7ed361483580",4181355920968056,4181355921008768,4181355921020185,4181355921107294,11417
7,"__amd_rocclr_fillBufferAligned.kd",9,7,0,1279882,1280898,77824,256,0,0,12,4,48,64,"0x0","0x7ed361463580",4181355924996738,4181355925038100,4181355925046713,4181355925148895,8613
8,"__amd_rocclr_fillBufferAligned.kd",2,1,1,1279882,1279882,77824,256,0,0,12,4,48,64,"0x0","0x7ed361483580",4181356517955414,4181356518008914,4181356518019690,4181356518045458,10776
9,"__amd_rocclr_copyBuffer.kd",2,9,2,1279882,1281316,512,512,0,0,16,0,32,64,"0x0","0x7ed361483600",4181357498069076,4181357498143127,4181357498150097,4181357498165499,6970
10,"__amd_rocclr_copyBuffer.kd",2,8,2,1279882,1279882,512,512,0,0,16,0,32,64,"0x0","0x7ed361483600",4181357561577218,4181357561621905,4181357561625951,4181357561637638,4046
11,"input_concatenate_fusion.kd",2,8,5,1279882,1279882,1,1,0,0,4,4,16,64,"0x0","0x7ed360ec85c0",4181357690856408,4181357690919352,4181357690924600,4181357690939121,5248
12,"input_concatenate_fusion.kd",2,8,8,1279882,1279882,5,5,0,0,4,4,16,64,"0x0","0x7ed360aac5c0",4181357914715793,4181357914782943,4181357914787790,4181357914801951,4847
13,"wrapped_slice_4.kd",2,8,11,1279882,1279882,2,2,0,0,4,4,16,64,"0x0","0x7ed35bb35040",4181358050790840,4181358050857930,4181358050862537,4181358050880103,4607
14,"wrapped_slice_3.kd",2,8,12,1279882,1279882,2,2,0,0,4,4,16,64,"0x0","0x7ed35bb35080",4181358050851450,4181358050868466,4181358050870549,4181358050942175,2083
15,"wrapped_slice_2.kd",2,8,13,1279882,1279882,2,2,0,0,4,4,16,64,"0x0","0x7ed35bb350c0",4181358050868185,4181358050877720,4181358050879842,4181358050963196,2122
16,"wrapped_slice_1.kd",2,8,14,1279882,1279882,2,2,0,0,4,4,16,64,"0x0","0x7ed35bb35100",4181358050877789,4181358050886251,4181358050888335,4181358050957598,2084
17,"wrapped_slice.kd",2,8,15,1279882,1279882,2,2,0,0,4,4,16,64,"0x0","0x7ed35bb35140",4181358050884980,4181358050933321,4181358050935445,4181358050949566,2124
18,"__amd_rocclr_copyBuffer.kd",2,9,19,1279882,1281198,512,512,0,0,16,0,32,64,"0x0","0x7ed361483600",4181358231292420,4181358308155035,4181358308160122,4181358308176877,5087
19,"__amd_rocclr_copyBuffer.kd",2,9,22,1279882,1281183,512,512,0,0,16,0,32,64,"0x0","0x7ed361483600",4181358231383816,4181358308172461,4181358308177027,4181358308249234,4566
20,"loop_xor_fusion.kd",2,8,22,1279882,1279882,1,1,0,0,4,4,16,64,"0x0","0x7ed35bb24980",4181358308398336,4181358308463292,4181358308467699,4181358308473057,4407
21,"loop_maximum_fusion.kd",2,8,23,1279882,1279882,2048000,256,0,0,12,4,32,64,"0x0","0x7ed35bb249c0",4181358308730320,4181358308785091,4181358308811210,4181358308818060,26119
22,"__amd_rocclr_copyBuffer.kd",2,9,30,1279882,1281172,512,512,0,0,16,0,32,64,"0x0","0x7ed361483600",4181358482874555,4181358558621009,4181358558627419,4181358558654779,6410
23,"__amd_rocclr_copyBuffer.kd",2,9,31,1279882,1281184,512,512,0,0,16,0,32,64,"0x0","0x7ed361483600",4181358482980713,4181358558627419,4181358558632306,4181358558696241,4887
24,"loop_xor_fusion.kd",2,8,30,1279882,1279882,1,1,0,0,4,4,16,64,"0x0","0x7ed35bb14d00",4181358558893705,4181358558957629,4181358558961755,4181358558962066,4126
25,"loop_convert_subtract_fusion.kd",2,8,31,1279882,1279882,1,1,0,0,4,4,16,64,"0x0","0x7ed35bb14d40",4181358558954845,4181358558966082,4181358558968165,4181358559281792,2083
26,"loop_maximum_fusion.kd",2,8,32,1279882,1279882,16384000,256,0,0,12,4,32,64,"0x0","0x7ed35bb14d80",4181358559236815,4181358559283834,4181358559463902,4181358559467618,180068
27,"__amd_rocclr_copyBuffer.kd",2,9,41,1279882,1281184,512,512,0,0,16,0,32,64,"0x0","0x7ed361483600",4181358559945379,4181358560025657,4181358560030224,4181358560034872,4567
28,"__amd_rocclr_copyBuffer.kd",2,9,43,1279882,1281172,512,512,0,0,16,0,32,64,"0x0","0x7ed361483600",4181358560080339,4181358560141390,4181358560145275,4181358560146458,3885
29,"loop_xor_fusion.kd",2,8,37,1279882,1279882,1,1,0,0,4,4,16,64,"0x0","0x7ed35bb14d00",4181358560229201,4181358560265654,4181358560268739,4181358560269491,3085
30,"loop_convert_subtract_fusion.kd",2,8,38,1279882,1279882,1,1,0,0,4,4,16,64,"0x0","0x7ed35bb14d40",4181358560262831,4181358560289890,4181358560292094,4181358560299035,2204
31,"loop_maximum_fusion.kd",2,8,39,1279882,1279882,16384000,256,0,0,12,4,32,64,"0x0","0x7ed35bb14d80",4181358560294748,4181358560316490,4181358560494345,4181358560501886,177855
32,"__amd_rocclr_copyBuffer.kd",2,9,51,1279882,1281172,512,512,0,0,16,0,32,64,"0x0","0x7ed361483600",4181358560746200,4181358560765628,4181358560770595,4181358560772228,4967
33,"__amd_rocclr_copyBuffer.kd",2,8,43,1279882,1279882,512,512,0,0,16,0,32,64,"0x0","0x7ed361483600",4181358560816875,4181358560838657,4181358560841381,4181358560847200,2724
34,"wrapped_broadcast.kd",2,8,46,1279882,1279882,4096,256,0,0,4,4,16,64,"0x0","0x7ed360202580",4181358699065314,4181358699134127,4181358699139054,4181358699158292,4927
35,"__amd_rocclr_copyBuffer.kd",2,9,61,1279882,1281172,512,512,0,0,16,0,32,64,"0x0","0x7ed361483600",4181358699793086,4181358699871382,4181358699876190,4181358699880967,4808
36,"__amd_rocclr_copyBuffer.kd",2,8,50,1279882,1279882,512,512,0,0,16,0,32,64,"0x0","0x7ed361483600",4181358699918503,4181358699946214,4181358699948697,4181358699952614,2483
37,"wrapped_broadcast.kd",2,8,53,1279882,1279882,4096,256,0,0,4,4,16,64,"0x0","0x7ed360202580",4181358700064740,4181358700078811,4181358700081695,4181358700088105,2884
38,"__amd_rocclr_copyBuffer.kd",2,9,71,1279882,1281172,512,512,0,0,16,0,32,64,"0x0","0x7ed361483600",4181358700249305,4181358700283595,4181358700287842,4181358700289745,4247
39,"__amd_rocclr_copyBuffer.kd",2,8,57,1279882,1279882,512,512,0,0,16,0,32,64,"0x0","0x7ed361483600",4181358700314151,4181358700326940,4181358700329183,4181358700330135,2243
40,"wrapped_broadcast.kd",2,8,60,1279882,1279882,4096,256,0,0,4,4,16,64,"0x0","0x7ed360202580",4181358700420740,4181358700433579,4181358700436263,4181358700445927,2684
41,"__amd_rocclr_copyBuffer.kd",2,9,81,1279882,1281172,512,512,0,0,16,0,32,64,"0x0","0x7ed361483600",4181358700557774,4181358700575029,4181358700579876,4181358700582931,4847
42,"__amd_rocclr_copyBuffer.kd",2,8,65,1279882,1279882,512,512,0,0,16,0,32,64,"0x0","0x7ed361483600",4181358700605515,4181358700620216,4181358700623862,4181358700678653,3646
43,"wrapped_broadcast.kd",2,8,68,1279882,1279882,4096,256,0,0,4,4,16,64,"0x0","0x7ed360202580",4181358700721036,4181358700732103,4181358700736349,4181358700742909,4246
44,"wrapped_iota.kd",2,8,71,1279882,1279882,4096,256,0,0,4,4,16,64,"0x0","0x7ed35bb04540",4181358823066565,4181358823134837,4181358823139364,4181358823153344,4527
45,"__amd_rocclr_copyBuffer.kd",2,8,74,1279882,1279882,1024,512,0,0,16,0,32,64,"0x0","0x7ed361483600",4181358947114565,4181358947190668,4181358947194234,4181358947206261,3566
46,"__amd_rocclr_copyBuffer.kd",2,9,97,1279882,1281172,512,512,0,0,16,0,32,64,"0x0","0x7ed361483600",4181358948036516,4181358948109634,4181358948118527,4181358948124317,8893
47,"__amd_rocclr_copyBuffer.kd",2,8,78,1279882,1279882,512,512,0,0,16,0,32,64,"0x0","0x7ed361483600",4181358948224285,4181358948260378,4181358948262982,4181358948269062,2604
48,"wrapped_broadcast.kd",2,8,81,1279882,1279882,4096,256,0,0,4,4,16,64,"0x0","0x7ed360202580",4181358948520967,4181358948558622,4181358948564310,4181358948568006,5688
49,"wrapped_concatenate.kd",2,8,84,1279882,1279882,4096,256,0,0,4,4,16,64,"0x0","0x7ed35b9f0600",4181359094824696,4181359094893559,4181359094898286,4181359094915501,4727
50,"__amd_rocclr_copyBuffer.kd",2,9,119,1279882,1281265,512,512,0,0,16,0,32,64,"0x0","0x7ed361483600",4181359171196760,4181359254644709,4181359254650638,4181359254670847,5929
51,"loop_select_fusion.kd",2,8,92,1279882,1279882,32000,256,0,0,4,4,32,64,"0x0","0x7ed35b9e8640",4181359254900619,4181359254972515,4181359254978003,4181359254979296,5488
52,"__amd_rocclr_copyBuffer.kd",2,8,95,1279882,1279882,512,512,0,0,16,0,32,64,"0x0","0x7ed361483600",4181359627140862,4181359627201813,4181359627207822,4181359627226920,6009
53,"__amd_rocclr_copyBuffer.kd",2,8,96,1279882,1279882,512,512,0,0,16,0,32,64,"0x0","0x7ed361483600",4181359627202554,4181359627223925,4181359627227169,4181359627274621,3244
54,"__amd_rocclr_copyBuffer.kd",2,8,97,1279882,1279882,512,512,0,0,16,0,32,64,"0x0","0x7ed361483600",4181359627227190,4181359627279728,4181359627283133,4181359627283654,3405
55,"loop_broadcast_maximum_fusion.kd",2,8,99,1279882,1279882,32000,256,0,0,4,4,16,64,"0x0","0x7ed35b9dac80",4181359627620866,4181359627649838,4181359627655727,4181359627658812,5889
56,"__amd_rocclr_copyBuffer.kd",2,8,100,1279882,1279882,8192,512,0,0,16,0,32,64,"0x0","0x7ed361483600",4181359627645262,4181359627655727,4181359627660414,4181359627675026,4687
57,"loop_transpose_fusion_1.kd",2,8,101,1279882,1279882,64000,256,0,0,4,4,16,64,"0x0","0x7ed35b9dacc0",4181359627653254,4181359627664580,4181359627666222,4181359627667505,1642
58,"input_scatter_fusion_2.kd",2,8,102,1279882,1279882,32000,256,0,0,4,4,16,64,"0x0","0x7ed35b9dad00",4181359627661045,4181359627672672,4181359627677279,4181359627686794,4607
59,"loop_transpose_fusion_2.kd",2,8,103,1279882,1279882,28160,256,0,0,4,4,16,64,"0x0","0x7ed35b9dad40",4181359627671992,4181359627681886,4181359627685010,4181359627719933,3124
60,"loop_broadcast_fusion.kd",2,8,104,1279882,1279882,32000,256,0,0,4,4,16,64,"0x0","0x7ed35b9dad80",4181359627680264,4181359627689297,4181359627692021,4181359627713083,2724
61,"input_scatter_fusion_1.kd",2,8,105,1279882,1279882,28160,256,0,0,4,4,16,64,"0x0","0x7ed35b9dadc0",4181359627705932,4181359627735485,4181359627738730,4181359627740774,3245
62,"input_concatenate_fusion.kd",2,8,106,1279882,1279882,28160,256,0,0,8,0,16,64,"0x0","0x7ed35b9dae00",4181359627735967,4181359627745220,4181359627748465,4181359627750558,3245
63,"input_maximum_transpose_fusion.kd",2,8,107,1279882,1279882,32000,256,4608,0,12,4,16,64,"0x0","0x7ed35b9dae40",4181359627748856,4181359627765851,4181359627770377,4181359627771199,4526
64,"loop_transpose_fusion_1.kd",2,8,108,1279882,1279882,64000,256,0,0,4,4,16,64,"0x0","0x7ed35b9dacc0",4181359627765360,4181359627774423,4181359627777107,4181359627794193,2684
65,"__amd_rocclr_copyBuffer.kd",2,8,109,1279882,1279882,8192,512,0,0,16,0,32,64,"0x0","0x7ed361483600",4181359627772381,4181359627800382,4181359627803186,4181359627802836,2804
66,"input_scatter_fusion_2.kd",2,8,110,1279882,1279882,32000,256,0,0,4,4,16,64,"0x0","0x7ed35b9dad00",4181359627799031,4181359627808554,4181359627813241,4181359627813442,4687
67,"input_transpose_fusion_1.kd",2,8,111,1279882,1279882,32000,256,4608,0,20,4,32,64,"0x0","0x7ed35b9dae80",4181359627808044,4181359627818449,4181359627824658,4181359627824308,6209
68,"wrapped_broadcast.kd",2,8,112,1279882,1279882,36096,256,0,0,4,4,16,64,"0x0","0x7ed35b9daec0",4181359627818089,4181359627828744,4181359627830347,4181359627839721,1603
69,"input_scatter_fusion.kd",2,8,113,1279882,1279882,32000,256,0,0,4,4,16,64,"0x0","0x7ed35b9daf00",4181359627827152,4181359627842485,4181359627845810,4181359627850157,3325
70,"wrapped_transpose.kd",2,8,114,1279882,1279882,32000,256,4608,0,8,0,16,64,"0x0","0x7ed35b9daf40",4181359627842175,4181359627855504,4181359627858989,4181359627858930,3485
71,"input_transpose_fusion.kd",2,8,115,1279882,1279882,32000,256,4608,0,12,4,16,64,"0x0","0x7ed35b9daf80",4181359627855234,4181359627864357,4181359627867402,4181359627867292,3045
72,"loop_not_fusion.kd",2,8,118,1279882,1279882,32000,256,0,0,8,0,32,64,"0x0","0x7ed35b9d4680",4181359771116619,4181359771189398,4181359771194686,4181359771211961,5288
73,"__amd_rocclr_copyBuffer.kd",2,9,132,1279882,1281230,512,512,0,0,16,0,32,64,"0x0","0x7ed361483600",4181359803995208,4181359890835973,4181359890841781,4181359890870283,5808
74,"__amd_rocclr_copyBuffer.kd",2,8,123,1279882,1279882,512,512,0,0,16,0,32,64,"0x0","0x7ed361483600",4181359891021808,4181359891082298,4181359891085703,4181359891090330,3405
75,"__amd_rocclr_copyBuffer.kd",2,9,142,1279882,1281230,512,512,0,0,16,0,32,64,"0x0","0x7ed361483600",4181360019978669,4181360020057176,4181360020063305,4181360020076104,6129
76,"__amd_rocclr_copyBuffer.kd",2,8,129,1279882,1279882,512,512,0,0,16,0,32,64,"0x0","0x7ed361483600",4181360020172968,4181360020255550,4181360020257673,4181360020262921,2123
77,"__amd_rocclr_copyBuffer.kd",2,9,152,1279882,1281230,512,512,0,0,16,0,32,64,"0x0","0x7ed361483600",4181360020770937,4181360020803765,4181360020814542,4181360020815613,10777
78,"__amd_rocclr_copyBuffer.kd",2,8,135,1279882,1279882,512,512,0,0,16,0,32,64,"0x0","0x7ed361483600",4181360020861982,4181360020884045,4181360020891696,4181360020891637,7651
79,"__amd_rocclr_copyBuffer.kd",2,9,162,1279882,1281230,512,512,0,0,16,0,32,64,"0x0","0x7ed361483600",4181360021302087,4181360021320694,4181360021324780,4181360021327294,4086
80,"__amd_rocclr_copyBuffer.kd",2,8,141,1279882,1279882,512,512,0,0,16,0,32,64,"0x0","0x7ed361483600",4181360021356187,4181360021377659,4181360021381705,4181360021391961,4046
81,"__amd_rocclr_copyBuffer.kd",2,8,146,1279882,1281230,1024,512,0,0,16,0,32,64,"0x0","0x7ed361483600",4181360152001429,4181360152066497,4181360152070222,4181360152081368,3725
82,"input_reduce_reduce_window_fusion_3.kd",2,8,162,1279882,1279882,8192,256,0,0,28,4,48,64,"0x0","0x7ed35b989300",4181362015419342,4181362015488455,4181362015502837,4181362015528885,14382
83,"loop_reduce_window_fusion_11.kd",2,8,163,1279882,1279882,2048,256,0,0,8,0,16,64,"0x0","0x7ed35b989340",4181362015480933,4181362015502837,4181362015507844,4181362015581162,5007
84,"loop_slice_fusion_5.kd",2,8,164,1279882,1279882,8,8,0,0,20,4,16,64,"0x0","0x7ed35b989380",4181362015499831,4181362015511970,4181362015512691,4181362015594312,721
85,"loop_broadcast_fusion_2.kd",2,8,165,1279882,1279882,32000,256,0,0,4,4,16,64,"0x0","0x7ed35b9893c0",4181362015509506,4181362015519822,4181362015522866,4181362015619199,3044
86,"input_scatter_fusion_2.kd",2,8,166,1279882,1279882,32000,256,0,0,12,4,32,64,"0x0","0x7ed35b989400",4181362015521093,4181362015530236,4181362015539530,4181362015611878,9294
87,"loop_reduce_window_fusion_10.kd",2,8,167,1279882,1279882,32000,256,0,0,8,0,16,64,"0x0","0x7ed35b989440",4181362015529666,4181362015587522,4181362015591968,4181362015603606,4446
88,"loop_reduce_window_fusion_11.kd",2,8,168,1279882,1279882,2048,256,0,0,8,0,16,64,"0x0","0x7ed35b989340",4181362015599440,4181362015634391,4181362015641241,4181362015643385,6850
89,"loop_slice_fusion_5.kd",2,8,169,1279882,1279882,8,8,0,0,20,4,16,64,"0x0","0x7ed35b989380",4181362015633300,4181362015646049,4181362015648172,4181362015653760,2123
90,"loop_slice_fusion_1.kd",2,8,170,1279882,1279882,125,125,0,0,8,0,16,64,"0x0","0x7ed35b989480",4181362015646419,4181362015656945,4181362015661391,4181362015676264,4446
91,"input_reduce_fusion_1.kd",2,8,171,1279882,1279882,64,64,0,0,8,0,16,64,"0x0","0x7ed35b9894c0",4181362015657005,4181362015690715,4181362015692758,4181362015695212,2043
92,"loop_select_fusion_5.kd",2,8,172,1279882,1279882,32000,256,0,0,8,0,32,64,"0x0","0x7ed35b989500",4181362015694711,4181362015710264,4181362015714230,4181362015716073,3966
93,"loop_select_fusion_2.kd",2,8,173,1279882,1279882,32000,256,0,0,4,4,16,64,"0x0","0x7ed35b989540",4181362015708982,4181362015719197,4181362015722683,4181362015726258,3486
94,"loop_reduce_window_fusion_10.kd",2,8,174,1279882,1279882,32000,256,0,0,8,0,16,64,"0x0","0x7ed35b989440",4181362015717125,4181362015730775,4181362015735221,4181362015735502,4446
95,"loop_reduce_window_fusion_11.kd",2,8,175,1279882,1279882,2048,256,0,0,8,0,16,64,"0x0","0x7ed35b989340",4181362015730114,4181362015739668,4181362015747479,4181362015755111,7811
96,"loop_slice_fusion_5.kd",2,8,176,1279882,1279882,8,8,0,0,20,4,16,64,"0x0","0x7ed35b989380",4181362015738727,4181362015747479,4181362015751886,4181362015761410,4407
97,"input_concatenate_fusion.kd",2,8,177,1279882,1279882,32000,256,0,0,12,4,32,64,"0x0","0x7ed35b989580",4181362015747269,4181362015759057,4181362015767870,4181362015770674,8813
98,"loop_compare_fusion.kd",2,8,178,1279882,1279882,36096,256,0,0,4,4,16,64,"0x0","0x7ed35b9895c0",4181362015757324,4181362015767870,4181362015774560,4181362015776703,6690
99,"input_reduce_reduce_window_fusion.kd",2,8,179,1279882,1279882,11520,256,0,0,24,0,48,64,"0x0","0x7ed35b989600",4181362015765246,4181362015774560,4181362015785095,4181362015785436,10535
100,"loop_reduce_window_fusion_2.kd",2,8,180,1279882,1279882,2304,256,0,0,8,0,16,64,"0x0","0x7ed35b989640",4181362015773048,4181362015785095,4181362015790303,4181362015791896,5208
101,"loop_slice_fusion_8.kd",2,8,181,1279882,1279882,9,9,0,0,20,4,16,64,"0x0","0x7ed35b989680",4181362015783213,4181362015794429,4181362015795150,4181362015800879,721
102,"loop_broadcast_fusion.kd",2,8,182,1279882,1279882,36096,256,0,0,4,4,16,64,"0x0","0x7ed35b9896c0",4181362015791635,4181362015806167,4181362015809131,4181362015827979,2964
103,"input_scatter_fusion.kd",2,8,183,1279882,1279882,36096,256,0,0,12,4,32,64,"0x0","0x7ed35b989700",4181362015820548,4181362015842901,4181362015852395,4181362015859216,9494
104,"loop_reduce_window_fusion_1.kd",2,8,184,1279882,1279882,36096,256,0,0,8,0,16,64,"0x0","0x7ed35b989740",4181362015841750,4181362015852395,4181362015857002,4181362015866587,4607
105,"loop_reduce_window_fusion_2.kd",2,8,185,1279882,1279882,2304,256,0,0,8,0,16,64,"0x0","0x7ed35b989640",4181362015850132,4181362015860968,4181362015867218,4181362015875140,6250
106,"loop_slice_fusion_8.kd",2,8,186,1279882,1279882,9,9,0,0,20,4,16,64,"0x0","0x7ed35b989680",4181362015858565,4181362015880317,4181362015882560,4181362015884383,2243
107,"loop_slice_fusion.kd",2,8,187,1279882,1279882,141,141,0,0,8,0,16,64,"0x0","0x7ed35b989780",4181362015878775,4181362015889771,4181362015894338,4181362015895850,4567
108,"input_reduce_fusion_2.kd",2,8,188,1279882,1279882,64,64,0,0,8,0,16,64,"0x0","0x7ed35b9897c0",4181362015888590,4181362015898744,4181362015901428,4181362015901559,2684
109,"loop_select_fusion_4.kd",2,8,189,1279882,1279882,36096,256,0,0,8,0,32,64,"0x0","0x7ed35b989800",4181362015901138,4181362015916571,4181362015920577,4181362015923431,4006
110,"loop_select_fusion.kd",2,8,190,1279882,1279882,36096,256,0,0,8,0,16,64,"0x0","0x7ed35b989840",4181362015915319,4181362015924983,4181362015928308,4181362015933366,3325
111,"loop_compare_fusion_2.kd",2,8,191,1279882,1279882,4096,256,0,0,4,4,16,64,"0x0","0x7ed35b989880",4181362015924413,4181362015947056,4181362015950221,4181362015950722,3165
112,"input_reduce_reduce_window_fusion_2.kd",2,8,192,1279882,1279882,256,256,512,0,20,4,32,64,"0x0","0x7ed35b9898c0",4181362015946155,4181362015955749,4181362015972214,4181362015974027,16465
113,"loop_slice_fusion_3.kd",2,8,193,1279882,1279882,16,16,0,0,20,4,16,64,"0x0","0x7ed35b989900",4181362015954027,4181362015972214,4181362015977061,4181362015981458,4847
114,"loop_broadcast_fusion_3.kd",2,8,194,1279882,1279882,4096,256,0,0,4,4,16,64,"0x0","0x7ed35b989940",4181362015963291,4181362015977061,4181362015981588,4181362015989710,4527
115,"input_scatter_fusion_3.kd",2,8,195,1279882,1279882,4096,256,0,0,8,0,32,64,"0x0","0x7ed35b989980",4181362015972224,4181362015995368,4181362016002859,4181362016008698,7491
116,"loop_reduce_window_fusion_13.kd",2,8,196,1279882,1279882,4096,256,0,0,8,0,16,64,"0x0","0x7ed35b9899c0",4181362015998002,4181362016007586,4181362016012033,4181362016017061,4447
117,"loop_slice_fusion_3.kd",2,8,197,1279882,1279882,16,16,0,0,20,4,16,64,"0x0","0x7ed35b989900",4181362016005764,4181362016015959,4181362016016680,4181362016022599,721
118,"loop_remainder_fusion.kd",2,8,198,1279882,1279882,4096,256,0,0,12,4,16,64,"0x0","0x7ed35b989a00",4181362016012564,4181362016021487,4181362016028578,4181362016032444,7091
119,"loop_select_fusion_3.kd",2,8,199,1279882,1279882,4096,256,0,0,8,0,32,64,"0x0","0x7ed35b989a40",4181362016022058,4181362016036950,4181362016040435,4181362016041116,3485
120,"loop_reduce_window_fusion_13.kd",2,8,200,1279882,1279882,4096,256,0,0,8,0,16,64,"0x0","0x7ed35b9899c0",4181362016036930,4181362016045923,4181362016050330,4181362016051412,4407
121,"loop_slice_fusion_3.kd",2,8,201,1279882,1279882,16,16,0,0,20,4,16,64,"0x0","0x7ed35b989900",4181362016044552,4181362016054536,4181362016056659,4181362016058302,2123
122,"input_concatenate_fusion_1.kd",2,8,202,1279882,1279882,4096,256,0,0,8,0,32,64,"0x0","0x7ed35b989a80",4181362016055868,4181362016065112,4181362016072042,4181362016080916,6930
123,"loop_compare_fusion_1.kd",2,8,203,1279882,1279882,8192,256,0,0,4,4,16,64,"0x0","0x7ed35b989ac0",4181362016064020,4181362016076088,4181362016077610,4181362016088267,1522
124,"input_reduce_reduce_window_fusion_1.kd",2,8,204,1279882,1279882,512,512,512,0,20,4,48,64,"0x0","0x7ed35b989b00",4181362016073625,4181362016081897,4181362016099483,4181362016099613,17586
125,"loop_reduce_window_fusion_6.kd",2,8,205,1279882,1279882,32,32,0,0,32,0,16,64,"0x0","0x7ed35b989b40",4181362016080485,4181362016103529,4181362016113704,4181362016119503,10175
126,"loop_broadcast_fusion_1.kd",2,8,206,1279882,1279882,8192,256,0,0,4,4,16,64,"0x0","0x7ed35b989b80",4181362016102768,4181362016113704,4181362016118311,4181362016126453,4607
127,"input_scatter_fusion_1.kd",2,8,207,1279882,1279882,8192,256,0,0,8,0,32,64,"0x0","0x7ed35b989bc0",4181362016112172,4181362016122397,4181362016128606,4181362016134646,6209
128,"loop_reduce_window_fusion_5.kd",2,8,208,1279882,1279882,8192,256,0,0,8,0,16,64,"0x0","0x7ed35b989c00",4181362016120234,4181362016140184,4181362016144630,4181362016146393,4446
129,"loop_reduce_window_fusion_4.kd",2,8,209,1279882,1279882,512,256,0,0,8,0,16,64,"0x0","0x7ed35b989c40",4181362016141105,4181362016151961,4181362016157850,4181362016167524,5889
130,"loop_reduce_window_fusion_3.kd",2,8,210,1279882,1279882,32,32,0,0,8,0,16,64,"0x0","0x7ed35b989c80",4181362016151891,4181362016162296,4181362016165341,4181362016179993,3045
131,"loop_select_fusion_6.kd",2,8,211,1279882,1279882,8192,256,0,0,8,0,32,64,"0x0","0x7ed35b989cc0",4181362016162156,4181362016170989,4181362016175035,4181362016190168,4046
132,"loop_select_fusion_1.kd",2,8,212,1279882,1279882,8192,256,0,0,8,0,16,64,"0x0","0x7ed35b989d00",4181362016170018,4181362016182687,4181362016186052,4181362016197469,3365
133,"loop_broadcast_fusion_4.kd",2,8,213,1279882,1279882,16,16,0,0,4,4,16,64,"0x0","0x7ed35b989d40",4181362016189287,4181362016212932,4181362016215055,4181362016215175,2123
134,"__amd_rocclr_fillBufferAligned.kd",2,8,214,1279882,1279882,77824,256,0,0,12,4,48,64,"0x0","0x7ed361483580",4181362016294924,4181362016307913,4181362016317087,4181362016317037,9174
135,"__amd_rocclr_fillBufferAligned.kd",2,8,215,1279882,1279882,16128,256,0,0,12,4,48,64,"0x0","0x7ed361483580",4181362016307483,4181362016317087,4181362016321493,4181362016323637,4406
136,"transformer_engine::fused_attn_rocm::populate_rng_state_kernel(long*, long const*, long) [clone .kd]",2,8,216,1279882,1279882,1,1,0,0,8,0,16,64,"0x0","0x7ed35b9ad380",4181362024718672,4181362024742497,4181362024746103,4181362024750059,3606
137,"__amd_rocclr_fillBufferAligned.kd",2,8,217,1279882,1279882,256,256,0,0,12,4,48,64,"0x0","0x7ed361483580",4181362024748316,4181362024759122,4181362024761085,4181362024768356,1963
138,"ck_fused_attn::get_runtime_max_seqlen_kernel(unsigned long, int const*, int const*, unsigned long*) [clone .kd]",2,8,218,1279882,1279882,4096,128,0,0,4,4,32,64,"0x0","0x7ed35b978940",4181362028971257,4181362028994701,4181362029001632,4181362029006819,6931
139,"__amd_rocclr_copyBuffer.kd",2,8,219,1279882,1279882,512,512,0,0,16,0,32,64,"0x7f13dfde9300","0x7ed361483600",4181362029012899,4181362029032918,4181362029039848,4181362029043544,6930
140,"__amd_rocclr_fillBufferAligned.kd",2,8,221,1279882,1279882,256,256,0,0,12,4,48,64,"0x0","0x7ed361483580",4181362029069373,4181362029077865,4181362029080469,4181362029156142,2604
141,"ck_fused_attn::get_runtime_max_seqlen_kernel(unsigned long, int const*, int const*, unsigned long*) [clone .kd]",2,8,222,1279882,1279882,4096,128,0,0,4,4,32,64,"0x0","0x7ed35b978940",4181362029080870,4181362029089001,4181362029095050,4181362029166928,6049
142,"__amd_rocclr_copyBuffer.kd",2,8,223,1279882,1279882,512,512,0,0,16,0,32,64,"0x7f13dfc73b80","0x7ed361483600",4181362029090043,4181362029101180,4181362029107429,4181362029161810,6249
143,"void transformer_engine::fused_attn_rocm::compute_scores_kernel<__half, transformer_engine::fused_attn_rocm::SmallSeqConfig<8, 128, 256, false, (transformer_engine::fused_attn_rocm::CausalMaskType)0>, 1>(__half const*, __half const*, __half*, float, int const*, int const*, int, int) [clone .kd]",2,8,225,1279882,1279882,64000,64,0,0,100,4,48,64,"0x0","0x7ed33c14ec00",4181362044740189,4181362044767079,4181362044807459,4181362044814960,40380
144,"void transformer_engine::fused_attn_rocm::apply_mask_and_softmax_kernel<__half, transformer_engine::fused_attn_rocm::SmallSeqConfig<8, 128, 256, false, (transformer_engine::fused_attn_rocm::CausalMaskType)0> >(__half*, __half const*, float, int const*, int, int) [clone .kd]",2,8,226,1279882,1279882,512000,256,1024,0,16,0,16,64,"0x0","0x7ed33c14ec40",4181362044762142,4181362044807459,4181362044812987,4181362044840949,5528
145,"void transformer_engine::fused_attn_rocm::compute_output_kernel<__half, transformer_engine::fused_attn_rocm::SmallSeqConfig<8, 128, 256, false, (transformer_engine::fused_attn_rocm::CausalMaskType)0>, 2, 8>(__half const*, __half const*, __half*, int const*, int const*, int, int) [clone .kd]",2,8,227,1279882,1279882,512000,64,16384,0,20,4,32,64,"0x0","0x7ed33c14ec80",4181362044770364,4181362044812987,4181362044862460,4181362044868229,49473
146,"loop_broadcast_fusion_5.kd",2,8,228,1279882,1279882,2048000,256,0,0,4,4,16,64,"0x0","0x7ed35b989d80",4181362044790554,4181362044862460,4181362044871754,4181362044877503,9294
147,"__amd_rocclr_fillBufferAligned.kd",2,8,229,1279882,1279882,77824,256,0,0,12,4,48,64,"0x0","0x7ed361483580",4181362044857063,4181362044871754,4181362044878644,4181362044883161,6890
148,"__amd_rocclr_fillBufferAligned.kd",2,8,230,1279882,1279882,77824,256,0,0,12,4,48,64,"0x0","0x7ed361483580",4181362044864844,4181362044878644,4181362044904403,4181362044908319,25759
149,"__amd_rocclr_fillBufferAligned.kd",2,8,231,1279882,1279882,77824,256,0,0,12,4,48,64,"0x0","0x7ed361483580",4181362044870913,4181362044904403,4181362044930682,4181362044934027,26279
150,"__amd_rocclr_fillBufferAligned.kd",2,8,232,1279882,1279882,256,256,0,0,12,4,48,64,"0x0","0x7ed361483580",4181362044881098,4181362044930682,4181362044935409,4181362044939666,4727
151,"ck_fused_attn::get_runtime_max_seqlen_kernel(unsigned long, int const*, int const*, unsigned long*) [clone .kd]",2,8,233,1279882,1279882,4096,128,0,0,4,4,32,64,"0x0","0x7ed35b978940",4181362044893236,4181362044935409,4181362044941738,4181362044947067,6329
152,"__amd_rocclr_copyBuffer.kd",2,8,234,1279882,1279882,512,512,0,0,16,0,32,64,"0x7f13dfde9100","0x7ed361483600",4181362044908339,4181362044941738,4181362044947507,4181362044954397,5769
153,"__amd_rocclr_fillBufferAligned.kd",2,8,236,1279882,1279882,256,256,0,0,12,4,48,64,"0x0","0x7ed361483580",4181362044976761,4181362044993415,4181362044995378,4181362044998483,1963
154,"ck_fused_attn::get_runtime_max_seqlen_kernel(unsigned long, int const*, int const*, unsigned long*) [clone .kd]",2,8,237,1279882,1279882,4096,128,0,0,4,4,32,64,"0x0","0x7ed35b978940",4181362044997131,4181362045013966,4181362045020055,4181362045022178,6089
155,"__amd_rocclr_copyBuffer.kd",2,8,238,1279882,1279882,512,512,0,0,16,0,32,64,"0x7f13dfde9000","0x7ed361483600",4181362045013345,4181362045024942,4181362045029469,4181362045030431,4527
156,"void transformer_engine::fused_attn_rocm::compute_grad_v_kernel<__half, transformer_engine::fused_attn_rocm::SmallSeqConfig<8, 128, 256, false, (transformer_engine::fused_attn_rocm::CausalMaskType)0>, 16, 16>(__half const*, __half const*, __half*, int const*, int const*, int, int) [clone .kd]",2,8,240,1279882,1279882,256000,64,16384,0,28,4,32,64,"0x0","0x7ed33c150400",4181362045059754,4181362045069849,4181362045147765,4181362045151681,77916
157,"void transformer_engine::fused_attn_rocm::compute_grad_attn_kernel<__half, transformer_engine::fused_attn_rocm::SmallSeqConfig<8, 128, 256, false, (transformer_engine::fused_attn_rocm::CausalMaskType)0>, 16>(__half const*, __half const*, __half*, int const*, int const*, int, int) [clone .kd]",2,8,241,1279882,1279882,8000,64,0,0,104,0,64,64,"0x0","0x7ed33c150440",4181362045068928,4181362045147765,4181362045501771,4181362045506829,354006
158,"void transformer_engine::fused_attn_rocm::softmax_backward_kernel<__half, transformer_engine::fused_attn_rocm::SmallSeqConfig<8, 128, 256, false, (transformer_engine::fused_attn_rocm::CausalMaskType)0> >(__half const*, __half const*, __half*, float, int const*, int, int) [clone .kd]",2,8,242,1279882,1279882,512000,256,1024,0,12,4,16,64,"0x0","0x7ed33c150480",4181362045077951,4181362045501771,4181362045508782,4181362045514290,7011
159,"void transformer_engine::fused_attn_rocm::compute_grad_qk_kernel<__half, transformer_engine::fused_attn_rocm::SmallSeqConfig<8, 128, 256, false, (transformer_engine::fused_attn_rocm::CausalMaskType)0>, 4, 16>(__half const*, __half const*, __half const*, __half*, __half*, float, int const*, int const*, int, int) [clone .kd]",2,8,243,1279882,1279882,1024000,64,16384,0,36,4,64,64,"0x0","0x7ed33c1504c0",4181362045088206,4181362045508782,4181362045707477,4181362045709951,198695
160,"input_reduce_fusion.kd",2,8,244,1279882,1279882,524288,256,512,0,16,0,16,64,"0x0","0x7ed35b989dc0",4181362045098131,4181362045707477,4181362045717332,4181362045718434,9855
161,"input_reduce_fusion_3.kd",2,8,245,1279882,1279882,128,128,512,0,24,0,16,64,"0x0","0x7ed35b989e00",4181362045106734,4181362045717332,4181362045722980,4181362045725154,5648
162,"loop_convert_fusion.kd",2,8,246,1279882,1279882,1,1,0,0,4,4,16,64,"0x0","0x7ed35b989e40",4181362045114906,4181362045722980,4181362045728108,4181362045733717,5128
163,"input_reduce_reduce_window_fusion_3.kd",2,8,249,1279882,1279882,8192,256,0,0,28,4,48,64,"0x0","0x7ed35b989300",4181362045512397,4181362045740646,4181362045752344,4181362045758063,11698
164,"loop_reduce_window_fusion_11.kd",2,8,250,1279882,1279882,2048,256,0,0,8,0,16,64,"0x0","0x7ed35b989340",4181362045534250,4181362045752344,4181362045760155,4181362045764813,7811
165,"loop_slice_fusion_5.kd",2,8,251,1279882,1279882,8,8,0,0,20,4,16,64,"0x0","0x7ed35b989380",4181362045542472,4181362045760155,4181362045765323,4181362045777572,5168
166,"loop_broadcast_fusion_2.kd",2,8,252,1279882,1279882,32000,256,0,0,4,4,16,64,"0x0","0x7ed35b9893c0",4181362045550774,4181362045765323,4181362045771172,4181362045783460,5849
167,"input_scatter_fusion_2.kd",2,8,253,1279882,1279882,32000,256,0,0,12,4,32,64,"0x0","0x7ed35b989400",4181362045562161,4181362045771172,4181362045781147,4181362045788828,9975
168,"loop_reduce_window_fusion_10.kd",2,8,254,1279882,1279882,32000,256,0,0,8,0,16,64,"0x0","0x7ed35b989440",4181362045571776,4181362045781147,4181362045786995,4181362045796039,5848
169,"loop_reduce_window_fusion_11.kd",2,8,255,1279882,1279882,2048,256,0,0,8,0,16,64,"0x0","0x7ed35b989340",4181362045584635,4181362045786995,4181362045791682,4181362045802849,4687
170,"loop_slice_fusion_5.kd",2,8,256,1279882,1279882,8,8,0,0,20,4,16,64,"0x0","0x7ed35b989380",4181362045596032,4181362045791682,4181362045797491,4181362045846925,5809
171,"loop_slice_fusion_1.kd",2,8,257,1279882,1279882,125,125,0,0,8,0,16,64,"0x0","0x7ed35b989480",4181362045612166,4181362045797491,4181362045803099,4181362045841357,5608
172,"input_reduce_fusion_1.kd",2,8,258,1279882,1279882,64,64,0,0,8,0,16,64,"0x0","0x7ed35b9894c0",4181362045623272,4181362045803099,4181362045807786,4181362045835678,4687
173,"loop_select_fusion_5.kd",2,8,259,1279882,1279882,32000,256,0,0,8,0,32,64,"0x0","0x7ed35b989500",4181362045632306,4181362045807786,4181362045813675,4181362045829749,5889
174,"loop_select_fusion_2.kd",2,8,260,1279882,1279882,32000,256,0,0,4,4,16,64,"0x0","0x7ed35b989540",4181362045641610,4181362045813675,4181362045819323,4181362045820856,5648
175,"loop_reduce_window_fusion_10.kd",2,8,261,1279882,1279882,32000,256,0,0,8,0,16,64,"0x0","0x7ed35b989440",4181362045656692,4181362045819323,4181362045824051,4181362045918511,4728
176,"loop_reduce_window_fusion_11.kd",2,8,262,1279882,1279882,2048,256,0,0,8,0,16,64,"0x0","0x7ed35b989340",4181362045667067,4181362045824051,4181362045830500,4181362045926293,6449
177,"loop_slice_fusion_5.kd",2,8,263,1279882,1279882,8,8,0,0,20,4,16,64,"0x0","0x7ed35b989380",4181362045673878,4181362045830500,4181362045835107,4181362045932282,4607
178,"input_concatenate_fusion.kd",2,8,264,1279882,1279882,32000,256,0,0,12,4,32,64,"0x0","0x7ed35b989580",4181362045686807,4181362045835107,4181362045840635,4181362045912102,5528
179,"loop_compare_fusion.kd",2,8,265,1279882,1279882,36096,256,0,0,4,4,16,64,"0x0","0x7ed35b9895c0",4181362045704203,4181362045840635,4181362045845603,4181362045856539,4968
180,"input_reduce_reduce_window_fusion.kd",2,8,266,1279882,1279882,11520,256,0,0,24,0,48,64,"0x0","0x7ed35b989600",4181362045745204,4181362045845603,4181362045854336,4181362045865072,8733
181,"loop_reduce_window_fusion_2.kd",2,8,267,1279882,1279882,2304,256,0,0,8,0,16,64,"0x0","0x7ed35b989640",4181362045754447,4181362045854336,4181362045859543,4181362045871521,5207
182,"loop_slice_fusion_8.kd",2,8,268,1279882,1279882,9,9,0,0,20,4,16,64,"0x0","0x7ed35b989680",4181362045762459,4181362045859543,4181362045864270,4181362045877601,4727
183,"loop_broadcast_fusion.kd",2,8,269,1279882,1279882,36096,256,0,0,4,4,16,64,"0x0","0x7ed35b9896c0",4181362045772284,4181362045864270,4181362045869318,4181362045883800,5048
184,"input_scatter_fusion.kd",2,8,270,1279882,1279882,36096,256,0,0,12,4,32,64,"0x0","0x7ed35b989700",4181362045785714,4181362045869318,4181362045876689,4181362045905993,7371
185,"loop_reduce_window_fusion_1.kd",2,8,271,1279882,1279882,36096,256,0,0,8,0,16,64,"0x0","0x7ed35b989740",4181362045796079,4181362045876689,4181362045881616,4181362045938000,4927
186,"loop_reduce_window_fusion_2.kd",2,8,272,1279882,1279882,2304,256,0,0,8,0,16,64,"0x0","0x7ed35b989640",4181362045818503,4181362045881616,4181362045886543,4181362045946743,4927
187,"loop_slice_fusion_8.kd",2,8,273,1279882,1279882,9,9,0,0,20,4,16,64,"0x0","0x7ed35b989680",4181362045861647,4181362045957329,4181362045959332,4181362045966312,2003
188,"loop_slice_fusion.kd",2,8,274,1279882,1279882,141,141,0,0,8,0,16,64,"0x0","0x7ed35b989780",4181362045958381,4181362045971510,4181362045976077,4181362045977088,4567
189,"input_reduce_fusion_2.kd",2,8,275,1279882,1279882,64,64,0,0,8,0,16,64,"0x0","0x7ed35b9897c0",4181362045970158,4181362045980443,4181362045982646,4181362045995326,2203
190,"loop_select_fusion_4.kd",2,8,276,1279882,1279882,36096,256,0,0,8,0,32,64,"0x0","0x7ed35b989800",4181362045991810,4181362046001635,4181362046005120,4181362046006652,3485
191,"loop_select_fusion.kd",2,8,277,1279882,1279882,36096,256,0,0,8,0,16,64,"0x0","0x7ed35b989840",4181362046001355,4181362046010688,4181362046013773,4181362046015265,3085
192,"loop_compare_fusion_2.kd",2,8,278,1279882,1279882,4096,256,0,0,4,4,16,64,"0x0","0x7ed35b989880",4181362046009797,4181362046019461,4181362046022906,4181362046025430,3445
193,"input_reduce_reduce_window_fusion_2.kd",2,8,279,1279882,1279882,256,256,512,0,20,4,32,64,"0x0","0x7ed35b9898c0",4181362046020884,4181362046031599,4181362046048544,4181362046050988,16945
194,"loop_slice_fusion_3.kd",2,8,280,1279882,1279882,16,16,0,0,20,4,16,64,"0x0","0x7ed35b989900",4181362046030528,4181362046048544,4181362046053311,4181362046057819,4767
195,"loop_broadcast_fusion_3.kd",2,8,281,1279882,1279882,4096,256,0,0,4,4,16,64,"0x0","0x7ed35b989940",4181362046038480,4181362046053311,4181362046058199,4181362046063627,4888
196,"input_scatter_fusion_3.kd",2,8,282,1279882,1279882,4096,256,0,0,8,0,32,64,"0x0","0x7ed35b989980",4181362046047653,4181362046058199,4181362046064128,4181362046073472,5929
197,"loop_reduce_window_fusion_13.kd",2,8,283,1279882,1279882,4096,256,0,0,8,0,16,64,"0x0","0x7ed35b9899c0",4181362046055465,4181362046080792,4181362046084758,4181362046085630,3966
198,"loop_slice_fusion_3.kd",2,8,284,1279882,1279882,16,16,0,0,20,4,16,64,"0x0","0x7ed35b989900",4181362046079521,4181362046089605,4181362046091608,4181362046097828,2003
199,"loop_remainder_fusion.kd",2,8,285,1279882,1279882,4096,256,0,0,12,4,16,64,"0x0","0x7ed35b989a00",4181362046088895,4181362046114603,4181362046120932,4181362046127052,6329
200,"loop_select_fusion_3.kd",2,8,286,1279882,1279882,4096,256,0,0,8,0,32,64,"0x0","0x7ed35b989a40",4181362046115424,4181362046124898,4181362046127582,4181362046136035,2684
201,"loop_reduce_window_fusion_13.kd",2,8,287,1279882,1279882,4096,256,0,0,8,0,16,64,"0x0","0x7ed35b9899c0",4181362046123046,4181362046131468,4181362046135634,4181362046147712,4166
202,"loop_slice_fusion_3.kd",2,8,288,1279882,1279882,16,16,0,0,20,4,16,64,"0x0","0x7ed35b989900",4181362046129265,4181362046139720,4181362046141242,4181362046142565,1522
203,"input_concatenate_fusion_1.kd",2,8,289,1279882,1279882,4096,256,0,0,8,0,32,64,"0x0","0x7ed35b989a80",4181362046137978,4181362046148533,4181362046154622,4181362046157707,6089
204,"loop_compare_fusion_1.kd",2,8,290,1279882,1279882,8192,256,0,0,4,4,16,64,"0x0","0x7ed35b989ac0",4181362046147211,4181362046163756,4181362046166640,4181362046174632,2884
205,"input_reduce_reduce_window_fusion_1.kd",2,8,291,1279882,1279882,512,512,512,0,20,4,48,64,"0x0","0x7ed35b989b00",4181362046164397,4181362046174572,4181362046192478,4181362046196064,17906
206,"loop_reduce_window_fusion_6.kd",2,8,292,1279882,1279882,32,32,0,0,32,0,16,64,"0x0","0x7ed35b989b40",4181362046173420,4181362046192478,4181362046204176,4181362046204437,11698
207,"loop_broadcast_fusion_1.kd",2,8,293,1279882,1279882,8192,256,0,0,4,4,16,64,"0x0","0x7ed35b989b80",4181362046188603,4181362046204176,4181362046209183,4181362046223936,5007
208,"input_scatter_fusion_1.kd",2,8,294,1279882,1279882,8192,256,0,0,8,0,32,64,"0x0","0x7ed35b989bc0",4181362046197646,4181362046209183,4181362046214591,4181362046217957,5408
209,"loop_reduce_window_fusion_5.kd",2,8,295,1279882,1279882,8192,256,0,0,8,0,16,64,"0x0","0x7ed35b989c00",4181362046206900,4181362046240991,4181362046244957,4181362046245748,3966
210,"loop_reduce_window_fusion_4.kd",2,8,296,1279882,1279882,512,256,0,0,8,0,16,64,"0x0","0x7ed35b989c40",4181362046238798,4181362046249123,4181362046254010,4181362046253730,4887
211,"loop_reduce_window_fusion_3.kd",2,8,297,1279882,1279882,32,32,0,0,8,0,16,64,"0x0","0x7ed35b989c80",4181362046248041,4181362046258417,4181362046262703,4181362046264736,4286
212,"loop_select_fusion_6.kd",2,8,298,1279882,1279882,8192,256,0,0,8,0,32,64,"0x0","0x7ed35b989cc0",4181362046259939,4181362046270274,4181362046273719,4181362046275112,3445
213,"loop_select_fusion_1.kd",2,8,299,1279882,1279882,8192,256,0,0,8,0,16,64,"0x0","0x7ed35b989d00",4181362046269784,4181362046278767,4181362046281771,4181362046283334,3004
214,"loop_broadcast_fusion_4.kd",2,8,300,1279882,1279882,16,16,0,0,4,4,16,64,"0x0","0x7ed35b989d40",4181362046277766,4181362046287139,4181362046288942,4181362046289844,1803
215,"__amd_rocclr_fillBufferAligned.kd",2,8,301,1279882,1279882,77824,256,0,0,12,4,48,64,"0x0","0x7ed361483580",4181362046295532,4181362046305727,4181362046318906,4181362046318506,13179
216,"__amd_rocclr_fillBufferAligned.kd",2,8,302,1279882,1279882,16128,256,0,0,12,4,48,64,"0x0","0x7ed361483580",4181362046302793,4181362046318906,4181362046323193,4181362046324635,4287
217,"transformer_engine::fused_attn_rocm::populate_rng_state_kernel(long*, long const*, long) [clone .kd]",2,8,303,1279882,1279882,1,1,0,0,8,0,16,64,"0x0","0x7ed35b9ad380",4181362046315562,4181362046327279,4181362046327960,4181362046332757,681
218,"__amd_rocclr_fillBufferAligned.kd",2,8,304,1279882,1279882,256,256,0,0,12,4,48,64,"0x0","0x7ed361483580",4181362046327500,4181362046336453,4181362046338375,4181362046340839,1922
219,"ck_fused_attn::get_runtime_max_seqlen_kernel(unsigned long, int const*, int const*, unsigned long*) [clone .kd]",2,8,305,1279882,1279882,4096,128,0,0,4,4,32,64,"0x0","0x7ed35b978940",4181362046334750,4181362046356482,4181362046362291,4181362046363233,5809
220,"__amd_rocclr_copyBuffer.kd",2,8,306,1279882,1279882,512,512,0,0,16,0,32,64,"0x7f13dfde8e00","0x7ed361483600",4181362046357394,4181362046367739,4181362046374549,4181362046379277,6810
221,"__amd_rocclr_fillBufferAligned.kd",2,8,308,1279882,1279882,256,256,0,0,12,4,48,64,"0x0","0x7ed361483580",4181362046397384,4181362046408960,4181362046411003,4181362046455480,2043
222,"ck_fused_attn::get_runtime_max_seqlen_kernel(unsigned long, int const*, int const*, unsigned long*) [clone .kd]",2,8,309,1279882,1279882,4096,128,0,0,4,4,32,64,"0x0","0x7ed35b978940",4181362046409031,4181362046418174,4181362046423863,4181362046466266,5689
223,"__amd_rocclr_copyBuffer.kd",2,8,310,1279882,1279882,512,512,0,0,16,0,32,64,"0x7f13dfc73880","0x7ed361483600",4181362046417844,4181362046430432,4181362046437162,4181362046460878,6730
224,"void transformer_engine::fused_attn_rocm::compute_scores_kernel<__half, transformer_engine::fused_attn_rocm::SmallSeqConfig<8, 128, 256, false, (transformer_engine::fused_attn_rocm::CausalMaskType)0>, 1>(__half const*, __half const*, __half*, float, int const*, int const*, int, int) [clone .kd]",2,8,312,1279882,1279882,64000,64,0,0,100,4,48,64,"0x0","0x7ed33c14ec00",4181362046478314,4181362046494287,4181362046534988,4181362046540837,40701
225,"void transformer_engine::fused_attn_rocm::apply_mask_and_softmax_kernel<__half, transformer_engine::fused_attn_rocm::SmallSeqConfig<8, 128, 256, false, (transformer_engine::fused_attn_rocm::CausalMaskType)0> >(__half*, __half const*, float, int const*, int, int) [clone .kd]",2,8,313,1279882,1279882,512000,256,1024,0,16,0,16,64,"0x0","0x7ed33c14ec40",4181362046492245,4181362046534988,4181362046540356,4181362046549690,5368
226,"void transformer_engine::fused_attn_rocm::compute_output_kernel<__half, transformer_engine::fused_attn_rocm::SmallSeqConfig<8, 128, 256, false, (transformer_engine::fused_attn_rocm::CausalMaskType)0>, 2, 8>(__half const*, __half const*, __half*, int const*, int const*, int, int) [clone .kd]",2,8,314,1279882,1279882,512000,64,16384,0,20,4,32,64,"0x0","0x7ed33c14ec80",4181362046499656,4181362046540356,4181362046593034,4181362046594687,52678
227,"loop_broadcast_fusion_5.kd",2,8,315,1279882,1279882,2048000,256,0,0,4,4,16,64,"0x0","0x7ed35b989d80",4181362046508649,4181362046593034,4181362046601086,4181362046603710,8052
228,"__amd_rocclr_fillBufferAligned.kd",2,8,316,1279882,1279882,77824,256,0,0,12,4,48,64,"0x0","0x7ed361483580",4181362046522359,4181362046601086,4181362046608016,4181362046610661,6930
229,"__amd_rocclr_fillBufferAligned.kd",2,8,317,1279882,1279882,77824,256,0,0,12,4,48,64,"0x0","0x7ed361483580",4181362046529660,4181362046608016,4181362046630490,4181362046635808,22474
230,"__amd_rocclr_fillBufferAligned.kd",2,8,318,1279882,1279882,77824,256,0,0,12,4,48,64,"0x0","0x7ed361483580",4181362046536220,4181362046630490,4181362046652723,4181362046653254,22233
231,"__amd_rocclr_fillBufferAligned.kd",2,8,319,1279882,1279882,256,256,0,0,12,4,48,64,"0x0","0x7ed361483580",4181362046544262,4181362046652723,4181362046657650,4181362046659644,4927
232,"ck_fused_attn::get_runtime_max_seqlen_kernel(unsigned long, int const*, int const*, unsigned long*) [clone .kd]",2,8,320,1279882,1279882,4096,128,0,0,4,4,32,64,"0x0","0x7ed35b978940",4181362046563461,4181362046657650,4181362046663819,4181362046664331,6169
233,"__amd_rocclr_copyBuffer.kd",2,8,321,1279882,1279882,512,512,0,0,16,0,32,64,"0x7f13dfde8c00","0x7ed361483600",4181362046572794,4181362046663819,4181362046669628,4181362046670940,5809
234,"__amd_rocclr_fillBufferAligned.kd",2,8,323,1279882,1279882,256,256,0,0,12,4,48,64,"0x0","0x7ed361483580",4181362046690860,4181362046702757,4181362046704921,4181362046705702,2164
235,"ck_fused_attn::get_runtime_max_seqlen_kernel(unsigned long, int const*, int const*, unsigned long*) [clone .kd]",2,8,324,1279882,1279882,4096,128,0,0,4,4,32,64,"0x0","0x7ed35b978940",4181362046701646,4181362046710729,4181362046717379,4181362046724390,6650
236,"__amd_rocclr_copyBuffer.kd",2,8,325,1279882,1279882,512,512,0,0,16,0,32,64,"0x7f13dfde8b00","0x7ed361483600",4181362046714726,4181362046725191,4181362046731400,4181362046733073,6209
237,"void transformer_engine::fused_attn_rocm::compute_grad_v_kernel<__half, transformer_engine::fused_attn_rocm::SmallSeqConfig<8, 128, 256, false, (transformer_engine::fused_attn_rocm::CausalMaskType)0>, 16, 16>(__half const*, __half const*, __half*, int const*, int const*, int, int) [clone .kd]",2,8,327,1279882,1279882,256000,64,16384,0,28,4,32,64,"0x0","0x7ed33c150400",4181362046750339,4181362046761565,4181362046834233,4181362046835275,72668
238,"void transformer_engine::fused_attn_rocm::compute_grad_attn_kernel<__half, transformer_engine::fused_attn_rocm::SmallSeqConfig<8, 128, 256, false, (transformer_engine::fused_attn_rocm::CausalMaskType)0>, 16>(__half const*, __half const*, __half*, int const*, int const*, int, int) [clone .kd]",2,8,328,1279882,1279882,8000,64,0,0,104,0,64,64,"0x0","0x7ed33c150440",4181362046760874,4181362046834233,4181362047186276,4181362047197403,352043
239,"void transformer_engine::fused_attn_rocm::softmax_backward_kernel<__half, transformer_engine::fused_attn_rocm::SmallSeqConfig<8, 128, 256, false, (transformer_engine::fused_attn_rocm::CausalMaskType)0> >(__half const*, __half const*, __half*, float, int const*, int, int) [clone .kd]",2,8,329,1279882,1279882,512000,256,1024,0,12,4,16,64,"0x0","0x7ed33c150480",4181362046768926,4181362047186276,4181362047192085,4181362047205525,5809
240,"void transformer_engine::fused_attn_rocm::compute_grad_qk_kernel<__half, transformer_engine::fused_attn_rocm::SmallSeqConfig<8, 128, 256, false, (transformer_engine::fused_attn_rocm::CausalMaskType)0>, 4, 16>(__half const*, __half const*, __half const*, __half*, __half*, float, int const*, int const*, int, int) [clone .kd]",2,8,330,1279882,1279882,1024000,64,16384,0,36,4,64,64,"0x0","0x7ed33c1504c0",4181362046778160,4181362047192085,4181362047387175,4181362047396490,195090
241,"input_reduce_fusion.kd",2,8,331,1279882,1279882,524288,256,512,0,16,0,16,64,"0x0","0x7ed35b989dc0",4181362046787123,4181362047387175,4181362047396709,4181362047404031,9534
242,"input_reduce_fusion_3.kd",2,8,332,1279882,1279882,128,128,512,0,24,0,16,64,"0x0","0x7ed35b989e00",4181362046793843,4181362047396709,4181362047402198,4181362047410270,5489
243,"loop_convert_fusion.kd",2,8,333,1279882,1279882,1,1,0,0,4,4,16,64,"0x0","0x7ed35b989e40",4181362046803928,4181362047402198,4181362047407365,4181362047416349,5167
244,"input_reduce_reduce_window_fusion_3.kd",2,8,336,1279882,1279882,8192,256,0,0,28,4,48,64,"0x0","0x7ed35b989300",4181362046906050,4181362047420024,4181362047433124,4181362047435447,13100
245,"loop_reduce_window_fusion_11.kd",2,8,337,1279882,1279882,2048,256,0,0,8,0,16,64,"0x0","0x7ed35b989340",4181362046915945,4181362047433124,4181362047439493,4181362047443069,6369
246,"loop_slice_fusion_5.kd",2,8,338,1279882,1279882,8,8,0,0,20,4,16,64,"0x0","0x7ed35b989380",4181362046923526,4181362047439493,4181362047444701,4181362047450099,5208
247,"loop_broadcast_fusion_2.kd",2,8,339,1279882,1279882,32000,256,0,0,4,4,16,64,"0x0","0x7ed35b9893c0",4181362046930887,4181362047444701,4181362047450750,4181362047456228,6049
248,"input_scatter_fusion_2.kd",2,8,340,1279882,1279882,32000,256,0,0,12,4,32,64,"0x0","0x7ed35b989400",4181362046939740,4181362047450750,4181362047459723,4181362047462578,8973
249,"loop_reduce_window_fusion_10.kd",2,8,341,1279882,1279882,32000,256,0,0,8,0,16,64,"0x0","0x7ed35b989440",4181362046948113,4181362047459723,4181362047465572,4181362047468707,5849
250,"loop_reduce_window_fusion_11.kd",2,8,342,1279882,1279882,2048,256,0,0,8,0,16,64,"0x0","0x7ed35b989340",4181362046955654,4181362047465572,4181362047470379,4181362047474636,4807
251,"loop_slice_fusion_5.kd",2,8,343,1279882,1279882,8,8,0,0,20,4,16,64,"0x0","0x7ed35b989380",4181362046962464,4181362047470379,4181362047476188,4181362047480555,5809
252,"loop_slice_fusion_1.kd",2,8,344,1279882,1279882,125,125,0,0,8,0,16,64,"0x0","0x7ed35b989480",4181362046969675,4181362047476188,4181362047480995,4181362047488186,4807
253,"input_reduce_fusion_1.kd",2,8,345,1279882,1279882,64,64,0,0,8,0,16,64,"0x0","0x7ed35b9894c0",4181362046976865,4181362047480995,4181362047486803,4181362047493874,5808
254,"loop_select_fusion_5.kd",2,8,346,1279882,1279882,32000,256,0,0,8,0,32,64,"0x0","0x7ed35b989500",4181362046985278,4181362047486803,4181362047492852,4181362047499583,6049
255,"loop_select_fusion_2.kd",2,8,347,1279882,1279882,32000,256,0,0,4,4,16,64,"0x0","0x7ed35b989540",4181362046992469,4181362047492852,4181362047497660,4181362047505452,4808
256,"loop_reduce_window_fusion_10.kd",2,8,348,1279882,1279882,32000,256,0,0,8,0,16,64,"0x0","0x7ed35b989440",4181362046998638,4181362047497660,4181362047503749,4181362047511741,6089
257,"loop_reduce_window_fusion_11.kd",2,8,349,1279882,1279882,2048,256,0,0,8,0,16,64,"0x0","0x7ed35b989340",4181362047005147,4181362047503749,4181362047509838,4181362047518080,6089
258,"loop_slice_fusion_5.kd",2,8,350,1279882,1279882,8,8,0,0,20,4,16,64,"0x0","0x7ed35b989380",4181362047011777,4181362047509838,4181362047515887,4181362047523859,6049
259,"input_concatenate_fusion.kd",2,8,351,1279882,1279882,32000,256,0,0,12,4,32,64,"0x0","0x7ed35b989580",4181362047018648,4181362047515887,4181362047521936,4181362047529628,6049
260,"loop_compare_fusion.kd",2,8,352,1279882,1279882,36096,256,0,0,4,4,16,64,"0x0","0x7ed35b9895c0",4181362047027801,4181362047521936,4181362047527664,4181362047535246,5728
261,"input_reduce_reduce_window_fusion.kd",2,8,353,1279882,1279882,11520,256,0,0,24,0,48,64,"0x0","0x7ed35b989600",4181362047038417,4181362047527664,4181362047536838,4181362047541275,9174
262,"loop_reduce_window_fusion_2.kd",2,8,354,1279882,1279882,2304,256,0,0,8,0,16,64,"0x0","0x7ed35b989640",4181362047054391,4181362047536838,4181362047542847,4181362047553143,6009
263,"loop_slice_fusion_8.kd",2,8,355,1279882,1279882,9,9,0,0,20,4,16,64,"0x0","0x7ed35b989680",4181362047067020,4181362047542847,4181362047547654,4181362047547474,4807
264,"loop_broadcast_fusion.kd",2,8,356,1279882,1279882,36096,256,0,0,4,4,16,64,"0x0","0x7ed35b9896c0",4181362047085317,4181362047547654,4181362047553423,4181362047588585,5769
265,"input_scatter_fusion.kd",2,8,357,1279882,1279882,36096,256,0,0,12,4,32,64,"0x0","0x7ed35b989700",4181362047098807,4181362047553423,4181362047562516,4181362047581485,9093
266,"loop_reduce_window_fusion_1.kd",2,8,358,1279882,1279882,36096,256,0,0,8,0,16,64,"0x0","0x7ed35b989740",4181362047116623,4181362047562516,4181362047568765,4181362047569517,6249
267,"loop_reduce_window_fusion_2.kd",2,8,359,1279882,1279882,2304,256,0,0,8,0,16,64,"0x0","0x7ed35b989640",4181362047128922,4181362047568765,4181362047573572,4181362047648895,4807
268,"loop_slice_fusion_8.kd",2,8,360,1279882,1279882,9,9,0,0,20,4,16,64,"0x0","0x7ed35b989680",4181362047135411,4181362047573572,4181362047579381,4181362047655735,5809
269,"loop_slice_fusion.kd",2,8,361,1279882,1279882,141,141,0,0,8,0,16,64,"0x0","0x7ed35b989780",4181362047148681,4181362047579381,4181362047584068,4181362047613512,4687
270,"input_reduce_fusion_2.kd",2,8,362,1279882,1279882,64,64,0,0,8,0,16,64,"0x0","0x7ed35b9897c0",4181362047155211,4181362047584068,4181362047588795,4181362047600142,4727
271,"loop_select_fusion_4.kd",2,8,363,1279882,1279882,36096,256,0,0,8,0,32,64,"0x0","0x7ed35b989800",4181362047168551,4181362047588795,4181362047593722,4181362047661564,4927
272,"loop_select_fusion.kd",2,8,364,1279882,1279882,36096,256,0,0,8,0,16,64,"0x0","0x7ed35b989840",4181362047175250,4181362047593722,4181362047598690,4181362047667603,4968
273,"loop_compare_fusion_2.kd",2,8,365,1279882,1279882,4096,256,0,0,4,4,16,64,"0x0","0x7ed35b989880",4181362047182541,4181362047598690,4181362047603537,4181362047673301,4847
274,"input_reduce_reduce_window_fusion_2.kd",2,8,366,1279882,1279882,256,256,512,0,20,4,32,64,"0x0","0x7ed35b9898c0",4181362047224664,4181362047603537,4181362047619761,4181362047679300,16224
275,"loop_slice_fusion_3.kd",2,8,367,1279882,1279882,16,16,0,0,20,4,16,64,"0x0","0x7ed35b989900",4181362047233036,4181362047619761,4181362047624488,4181362047684959,4727
276,"loop_broadcast_fusion_3.kd",2,8,368,1279882,1279882,4096,256,0,0,4,4,16,64,"0x0","0x7ed35b989940",4181362047239857,4181362047624488,4181362047629375,4181362047691889,4887
277,"input_scatter_fusion_3.kd",2,8,369,1279882,1279882,4096,256,0,0,8,0,32,64,"0x0","0x7ed35b989980",4181362047259576,4181362047629375,4181362047635424,4181362047697537,6049
278,"loop_reduce_window_fusion_13.kd",2,8,370,1279882,1279882,4096,256,0,0,8,0,16,64,"0x0","0x7ed35b9899c0",4181362047272715,4181362047635424,4181362047640272,4181362047640122,4848
279,"loop_slice_fusion_3.kd",2,8,371,1279882,1279882,16,16,0,0,20,4,16,64,"0x0","0x7ed35b989900",4181362047291383,4181362047640272,4181362047645039,4181362047749224,4767
280,"loop_remainder_fusion.kd",2,8,372,1279882,1279882,4096,256,0,0,12,4,16,64,"0x0","0x7ed35b989a00",4181362047305304,4181362047645039,4181362047650887,4181362047754973,5848
281,"loop_select_fusion_3.kd",2,8,373,1279882,1279882,4096,256,0,0,8,0,32,64,"0x0","0x7ed35b989a40",4181362047313766,4181362047650887,4181362047655775,4181362047761022,4888
282,"loop_reduce_window_fusion_13.kd",2,8,374,1279882,1279882,4096,256,0,0,8,0,16,64,"0x0","0x7ed35b9899c0",4181362047326535,4181362047655775,4181362047660622,4181362047784757,4847
283,"loop_slice_fusion_3.kd",2,8,375,1279882,1279882,16,16,0,0,20,4,16,64,"0x0","0x7ed35b989900",4181362047335689,4181362047660622,4181362047665389,4181362047724938,4767
284,"input_concatenate_fusion_1.kd",2,8,376,1279882,1279882,4096,256,0,0,8,0,32,64,"0x0","0x7ed35b989a80",4181362047348268,4181362047665389,4181362047670677,4181362047718659,5288
285,"loop_compare_fusion_1.kd",2,8,377,1279882,1279882,8192,256,0,0,4,4,16,64,"0x0","0x7ed35b989ac0",4181362047357041,4181362047670677,4181362047675604,4181362047706220,4927
286,"input_reduce_reduce_window_fusion_1.kd",2,8,378,1279882,1279882,512,512,512,0,20,4,48,64,"0x0","0x7ed35b989b00",4181362047368818,4181362047675604,4181362047693190,4181362047766460,17586
287,"loop_reduce_window_fusion_6.kd",2,8,379,1279882,1279882,32,32,0,0,32,0,16,64,"0x0","0x7ed35b989b40",4181362047388397,4181362047693190,4181362047704207,4181362047779069,11017
288,"loop_broadcast_fusion_1.kd",2,8,380,1279882,1279882,8192,256,0,0,4,4,16,64,"0x0","0x7ed35b989b80",4181362047432002,4181362047704207,4181362047709134,4181362047831867,4927
289,"input_scatter_fusion_1.kd",2,8,381,1279882,1279882,8192,256,0,0,8,0,32,64,"0x0","0x7ed35b989bc0",4181362047441096,4181362047709134,4181362047714582,4181362047773220,5448
290,"loop_reduce_window_fusion_5.kd",2,8,382,1279882,1279882,8192,256,0,0,8,0,16,64,"0x0","0x7ed35b989c00",4181362047578761,4181362047714582,4181362047719550,4181362047802664,4968
291,"loop_reduce_window_fusion_4.kd",2,8,383,1279882,1279882,512,256,0,0,8,0,16,64,"0x0","0x7ed35b989c40",4181362047587343,4181362047719550,4181362047724437,4181362047795353,4887
292,"loop_reduce_window_fusion_3.kd",2,8,384,1279882,1279882,32,32,0,0,8,0,16,64,"0x0","0x7ed35b989c80",4181362047607403,4181362047724437,4181362047729204,4181362047737306,4767
293,"loop_select_fusion_6.kd",2,8,385,1279882,1279882,8192,256,0,0,8,0,32,64,"0x0","0x7ed35b989cc0",4181362047637137,4181362047729204,4181362047734131,4181362047820400,4927
294,"loop_select_fusion_1.kd",2,8,386,1279882,1279882,8192,256,0,0,8,0,16,64,"0x0","0x7ed35b989d00",4181362047647493,4181362047734131,4181362047739059,4181362047825998,4928
295,"loop_broadcast_fusion_4.kd",2,8,387,1279882,1279882,16,16,0,0,4,4,16,64,"0x0","0x7ed35b989d40",4181362047715184,4181362047739059,4181362047743265,4181362047814581,4206
296,"__amd_rocclr_fillBufferAligned.kd",2,8,388,1279882,1279882,77824,256,0,0,12,4,48,64,"0x0","0x7ed361483580",4181362047730987,4181362047747471,4181362047759970,4181362047808192,12499
297,"__amd_rocclr_fillBufferAligned.kd",2,8,389,1279882,1279882,16128,256,0,0,12,4,48,64,"0x0","0x7ed361483580",4181362047744237,4181362047802433,4181362047805357,4181362047840250,2924
298,"transformer_engine::fused_attn_rocm::populate_rng_state_kernel(long*, long const*, long) [clone .kd]",2,8,390,1279882,1279882,1,1,0,0,8,0,16,64,"0x0","0x7ed35b9ad380",4181362047805878,4181362047848261,4181362047850184,4181362047858877,1923
299,"__amd_rocclr_fillBufferAligned.kd",2,8,391,1279882,1279882,256,256,0,0,12,4,48,64,"0x0","0x7ed361483580",4181362047849073,4181362047859478,4181362047861561,4181362047868492,2083
300,"ck_fused_attn::get_runtime_max_seqlen_kernel(unsigned long, int const*, int const*, unsigned long*) [clone .kd]",2,8,392,1279882,1279882,4096,128,0,0,4,4,32,64,"0x0","0x7ed35b978940",4181362047858707,4181362047874740,4181362047880669,4181362047885246,5929
301,"__amd_rocclr_copyBuffer.kd",2,8,393,1279882,1279882,512,512,0,0,16,0,32,64,"0x7f13dfde8900","0x7ed361483600",4181362047875682,4181362047886919,4181362047893649,4181362047893719,6730
302,"__amd_rocclr_fillBufferAligned.kd",2,8,395,1279882,1279882,256,256,0,0,12,4,48,64,"0x0","0x7ed361483580",4181362047912227,4181362047923653,4181362047925656,4181362047960488,2003
303,"ck_fused_attn::get_runtime_max_seqlen_kernel(unsigned long, int const*, int const*, unsigned long*) [clone .kd]",2,8,396,1279882,1279882,4096,128,0,0,4,4,32,64,"0x0","0x7ed35b978940",4181362047921420,4181362047930383,4181362047936232,4181362047970944,5849
304,"__amd_rocclr_copyBuffer.kd",2,8,397,1279882,1279882,512,512,0,0,16,0,32,64,"0x7f13dfde8800","0x7ed361483600",4181362047929082,4181362047941119,4181362047947088,4181362047965616,5969
305,"void transformer_engine::fused_attn_rocm::compute_scores_kernel<__half, transformer_engine::fused_attn_rocm::SmallSeqConfig<8, 128, 256, false, (transformer_engine::fused_attn_rocm::CausalMaskType)0>, 1>(__half const*, __half const*, __half*, float, int const*, int const*, int, int) [clone .kd]",2,8,399,1279882,1279882,64000,64,0,0,100,4,48,64,"0x0","0x7ed33c14ec00",4181362047981750,4181362047998164,4181362048043632,4181362048045274,45468
306,"void transformer_engine::fused_attn_rocm::apply_mask_and_softmax_kernel<__half, transformer_engine::fused_attn_rocm::SmallSeqConfig<8, 128, 256, false, (transformer_engine::fused_attn_rocm::CausalMaskType)0> >(__half*, __half const*, float, int const*, int, int) [clone .kd]",2,8,400,1279882,1279882,512000,256,1024,0,16,0,16,64,"0x0","0x7ed33c14ec40",4181362047996211,4181362048043632,4181362048049000,4181362048052125,5368
307,"void transformer_engine::fused_attn_rocm::compute_output_kernel<__half, transformer_engine::fused_attn_rocm::SmallSeqConfig<8, 128, 256, false, (transformer_engine::fused_attn_rocm::CausalMaskType)0>, 2, 8>(__half const*, __half const*, __half*, int const*, int const*, int, int) [clone .kd]",2,8,401,1279882,1279882,512000,64,16384,0,20,4,32,64,"0x0","0x7ed33c14ec80",4181362048005595,4181362048049000,4181362048102800,4181362048102429,53800
308,"loop_broadcast_fusion_5.kd",2,8,402,1279882,1279882,2048000,256,0,0,4,4,16,64,"0x0","0x7ed35b989d80",4181362048014949,4181362048102800,4181362048110852,4181362048124332,8052
309,"__amd_rocclr_fillBufferAligned.kd",2,8,403,1279882,1279882,77824,256,0,0,12,4,48,64,"0x0","0x7ed361483580",4181362048027758,4181362048110852,4181362048117822,4181362048119665,6970
310,"__amd_rocclr_fillBufferAligned.kd",2,8,404,1279882,1279882,77824,256,0,0,12,4,48,64,"0x0","0x7ed361483580",4181362048033877,4181362048117822,4181362048140616,4181362048140416,22794
311,"__amd_rocclr_fillBufferAligned.kd",2,8,405,1279882,1279882,77824,256,0,0,12,4,48,64,"0x0","0x7ed361483580",4181362048041158,4181362048140616,4181362048163490,4181362048167136,22874
312,"__amd_rocclr_fillBufferAligned.kd",2,8,406,1279882,1279882,256,256,0,0,12,4,48,64,"0x0","0x7ed361483580",4181362048048990,4181362048163490,4181362048168177,4181362048178983,4687
313,"ck_fused_attn::get_runtime_max_seqlen_kernel(unsigned long, int const*, int const*, unsigned long*) [clone .kd]",2,8,407,1279882,1279882,4096,128,0,0,4,4,32,64,"0x0","0x7ed35b978940",4181362048056882,4181362048168177,4181362048174346,4181362048174136,6169
314,"__amd_rocclr_copyBuffer.kd",2,8,408,1279882,1279882,512,512,0,0,16,0,32,64,"0x7f13dfde8700","0x7ed361483600",4181362048065535,4181362048174346,4181362048180275,4181362048185673,5929
315,"__amd_rocclr_fillBufferAligned.kd",2,8,410,1279882,1279882,256,256,0,0,12,4,48,64,"0x0","0x7ed361483580",4181362048206514,4181362048228587,4181362048230710,4181362048231391,2123
316,"ck_fused_attn::get_runtime_max_seqlen_kernel(unsigned long, int const*, int const*, unsigned long*) [clone .kd]",2,8,411,1279882,1279882,4096,128,0,0,4,4,32,64,"0x0","0x7ed35b978940",4181362048226814,4181362048235918,4181362048241967,4181362048242528,6049
317,"__amd_rocclr_copyBuffer.kd",2,8,412,1279882,1279882,512,512,0,0,16,0,32,64,"0x7f13dfde8600","0x7ed361483600",4181362048234396,4181362048246934,4181362048251260,4181362048258161,4326
318,"void transformer_engine::fused_attn_rocm::compute_grad_v_kernel<__half, transformer_engine::fused_attn_rocm::SmallSeqConfig<8, 128, 256, false, (transformer_engine::fused_attn_rocm::CausalMaskType)0>, 16, 16>(__half const*, __half const*, __half*, int const*, int const*, int, int) [clone .kd]",2,8,414,1279882,1279882,256000,64,16384,0,28,4,32,64,"0x0","0x7ed33c150400",4181362048274275,4181362048285551,4181362048358981,4181362048369196,73430
319,"void transformer_engine::fused_attn_rocm::compute_grad_attn_kernel<__half, transformer_engine::fused_attn_rocm::SmallSeqConfig<8, 128, 256, false, (transformer_engine::fused_attn_rocm::CausalMaskType)0>, 16>(__half const*, __half const*, __half*, int const*, int const*, int, int) [clone .kd]",2,8,415,1279882,1279882,8000,64,0,0,104,0,64,64,"0x0","0x7ed33c150440",4181362048283829,4181362048358981,4181362048712146,4181362048726057,353165
320,"void transformer_engine::fused_attn_rocm::softmax_backward_kernel<__half, transformer_engine::fused_attn_rocm::SmallSeqConfig<8, 128, 256, false, (transformer_engine::fused_attn_rocm::CausalMaskType)0> >(__half const*, __half const*, __half*, float, int const*, int, int) [clone .kd]",2,8,416,1279882,1279882,512000,256,1024,0,12,4,16,64,"0x0","0x7ed33c150480",4181362048292873,4181362048712146,4181362048718035,4181362048733979,5889
321,"void transformer_engine::fused_attn_rocm::compute_grad_qk_kernel<__half, transformer_engine::fused_attn_rocm::SmallSeqConfig<8, 128, 256, false, (transformer_engine::fused_attn_rocm::CausalMaskType)0>, 4, 16>(__half const*, __half const*, __half const*, __half*, __half*, float, int const*, int const*, int, int) [clone .kd]",2,8,417,1279882,1279882,1024000,64,16384,0,36,4,64,64,"0x0","0x7ed33c1504c0",4181362048300784,4181362048718035,4181362048914126,4181362048919475,196091
322,"input_reduce_fusion.kd",2,8,418,1279882,1279882,524288,256,512,0,16,0,16,64,"0x0","0x7ed35b989dc0",4181362048311500,4181362048914126,4181362048924582,4181362048926525,10456
323,"input_reduce_fusion_3.kd",2,8,419,1279882,1279882,128,128,512,0,24,0,16,64,"0x0","0x7ed35b989e00",4181362048319372,4181362048924582,4181362048930270,4181362048942208,5688
324,"loop_convert_fusion.kd",2,8,420,1279882,1279882,1,1,0,0,4,4,16,64,"0x0","0x7ed35b989e40",4181362048327404,4181362048930270,4181362048934597,4181362048948508,4327
325,"input_reduce_reduce_window_fusion_3.kd",2,8,423,1279882,1279882,8192,256,0,0,28,4,48,64,"0x0","0x7ed35b989300",4181362048434333,4181362048946334,4181362048957711,4181362048957491,11377
326,"loop_reduce_window_fusion_11.kd",2,8,424,1279882,1279882,2048,256,0,0,8,0,16,64,"0x0","0x7ed35b989340",4181362048444448,4181362048957711,4181362048965322,4181362048967967,7611
327,"loop_slice_fusion_5.kd",2,8,425,1279882,1279882,8,8,0,0,20,4,16,64,"0x0","0x7ed35b989380",4181362048452089,4181362048965322,4181362048970610,4181362048973685,5288
328,"loop_broadcast_fusion_2.kd",2,8,426,1279882,1279882,32000,256,0,0,4,4,16,64,"0x0","0x7ed35b9893c0",4181362048459410,4181362048970610,4181362048976499,4181362048978563,5889
329,"input_scatter_fusion_2.kd",2,8,427,1279882,1279882,32000,256,0,0,12,4,32,64,"0x0","0x7ed35b989400",4181362048467322,4181362048976499,4181362048984471,4181362048992744,7972
330,"loop_reduce_window_fusion_10.kd",2,8,428,1279882,1279882,32000,256,0,0,8,0,16,64,"0x0","0x7ed35b989440",4181362048474082,4181362048984471,4181362048990360,4181362048997451,5889
331,"loop_reduce_window_fusion_11.kd",2,8,429,1279882,1279882,2048,256,0,0,8,0,16,64,"0x0","0x7ed35b989340",4181362048481253,4181362048990360,4181362048996489,4181362049002047,6129
332,"loop_slice_fusion_5.kd",2,8,430,1279882,1279882,8,8,0,0,20,4,16,64,"0x0","0x7ed35b989380",4181362048487632,4181362048996489,4181362049003018,4181362049006744,6529
333,"loop_slice_fusion_1.kd",2,8,431,1279882,1279882,125,125,0,0,8,0,16,64,"0x0","0x7ed35b989480",4181362048494422,4181362049003018,4181362049007705,4181362049013294,4687
334,"input_reduce_fusion_1.kd",2,8,432,1279882,1279882,64,64,0,0,8,0,16,64,"0x0","0x7ed35b9894c0",4181362048501613,4181362049007705,4181362049012392,4181362049017591,4687
335,"loop_select_fusion_5.kd",2,8,433,1279882,1279882,32000,256,0,0,8,0,32,64,"0x0","0x7ed35b989500",4181362048509855,4181362049012392,4181362049017360,4181362049022288,4968
336,"loop_select_fusion_2.kd",2,8,434,1279882,1279882,32000,256,0,0,4,4,16,64,"0x0","0x7ed35b989540",4181362048517507,4181362049017360,4181362049022047,4181362049027035,4687
337,"loop_reduce_window_fusion_10.kd",2,8,435,1279882,1279882,32000,256,0,0,8,0,16,64,"0x0","0x7ed35b989440",4181362048523856,4181362049022047,4181362049026814,4181362049032673,4767
338,"loop_reduce_window_fusion_11.kd",2,8,436,1279882,1279882,2048,256,0,0,8,0,16,64,"0x0","0x7ed35b989340",4181362048530807,4181362049026814,4181362049031741,4181362049037771,4927
339,"loop_slice_fusion_5.kd",2,8,437,1279882,1279882,8,8,0,0,20,4,16,64,"0x0","0x7ed35b989380",4181362048537937,4181362049031741,4181362049036428,4181362049042427,4687
340,"input_concatenate_fusion.kd",2,8,438,1279882,1279882,32000,256,0,0,12,4,32,64,"0x0","0x7ed35b989580",4181362048544437,4181362049036428,4181362049041636,4181362049046924,5208
341,"loop_compare_fusion.kd",2,8,439,1279882,1279882,36096,256,0,0,4,4,16,64,"0x0","0x7ed35b9895c0",4181362048551377,4181362049041636,4181362049046643,4181362049051461,5007
342,"input_reduce_reduce_window_fusion.kd",2,8,440,1279882,1279882,11520,256,0,0,24,0,48,64,"0x0","0x7ed35b989600",4181362048558568,4181362049046643,4181362049055697,4181362049056358,9054
343,"loop_reduce_window_fusion_2.kd",2,8,441,1279882,1279882,2304,256,0,0,8,0,16,64,"0x0","0x7ed35b989640",4181362048566249,4181362049055697,4181362049060704,4181362049060715,5007
344,"loop_slice_fusion_8.kd",2,8,442,1279882,1279882,9,9,0,0,20,4,16,64,"0x0","0x7ed35b989680",4181362048572789,4181362049060704,4181362049065431,4181362049065231,4727
345,"loop_broadcast_fusion.kd",2,8,443,1279882,1279882,36096,256,0,0,4,4,16,64,"0x0","0x7ed35b9896c0",4181362048580821,4181362049065431,4181362049070399,4181362049071561,4968
346,"input_scatter_fusion.kd",2,8,444,1279882,1279882,36096,256,0,0,12,4,32,64,"0x0","0x7ed35b989700",4181362048588192,4181362049070399,4181362049077409,4181362049079963,7010
347,"loop_reduce_window_fusion_1.kd",2,8,445,1279882,1279882,36096,256,0,0,8,0,16,64,"0x0","0x7ed35b989740",4181362048595853,4181362049077409,4181362049082296,4181362049084600,4887
348,"loop_reduce_window_fusion_2.kd",2,8,446,1279882,1279882,2304,256,0,0,8,0,16,64,"0x0","0x7ed35b989640",4181362048603084,4181362049082296,4181362049087304,4181362049089077,5008
349,"loop_slice_fusion_8.kd",2,8,447,1279882,1279882,9,9,0,0,20,4,16,64,"0x0","0x7ed35b989680",4181362048609654,4181362049087304,4181362049091951,4181362049094074,4647
350,"loop_slice_fusion.kd",2,8,448,1279882,1279882,141,141,0,0,8,0,16,64,"0x0","0x7ed35b989780",4181362048617005,4181362049091951,4181362049096678,4181362049105992,4727
351,"input_reduce_fusion_2.kd",2,8,449,1279882,1279882,64,64,0,0,8,0,16,64,"0x0","0x7ed35b9897c0",4181362048624506,4181362049096678,4181362049101365,4181362049101315,4687
352,"loop_select_fusion_4.kd",2,8,450,1279882,1279882,36096,256,0,0,8,0,32,64,"0x0","0x7ed35b989800",4181362048632137,4181362049101365,4181362049106252,4181362049117579,4887
353,"loop_select_fusion.kd",2,8,451,1279882,1279882,36096,256,0,0,8,0,16,64,"0x0","0x7ed35b989840",4181362048639809,4181362049106252,4181362049111179,4181362049112922,4927
354,"loop_compare_fusion_2.kd",2,8,452,1279882,1279882,4096,256,0,0,4,4,16,64,"0x0","0x7ed35b989880",4181362048647370,4181362049111179,4181362049115946,4181362049122336,4767
355,"input_reduce_reduce_window_fusion_2.kd",2,8,453,1279882,1279882,256,256,512,0,20,4,32,64,"0x0","0x7ed35b9898c0",4181362048655162,4181362049115946,4181362049132691,4181362049142376,16745
356,"loop_slice_fusion_3.kd",2,8,454,1279882,1279882,16,16,0,0,20,4,16,64,"0x0","0x7ed35b989900",4181362048662502,4181362049132691,4181362049137378,4181362049147073,4687
357,"loop_broadcast_fusion_3.kd",2,8,455,1279882,1279882,4096,256,0,0,4,4,16,64,"0x0","0x7ed35b989940",4181362048670845,4181362049137378,4181362049142225,4181362049151710,4847
358,"input_scatter_fusion_3.kd",2,8,456,1279882,1279882,4096,256,0,0,8,0,32,64,"0x0","0x7ed35b989980",4181362048678296,4181362049142225,4181362049148234,4181362049157739,6009
359,"loop_reduce_window_fusion_13.kd",2,8,457,1279882,1279882,4096,256,0,0,8,0,16,64,"0x0","0x7ed35b9899c0",4181362048684876,4181362049148234,4181362049153001,4181362049162386,4767
360,"loop_slice_fusion_3.kd",2,8,458,1279882,1279882,16,16,0,0,20,4,16,64,"0x0","0x7ed35b989900",4181362048692267,4181362049153001,4181362049157688,4181362049171620,4687
361,"loop_remainder_fusion.kd",2,8,459,1279882,1279882,4096,256,0,0,12,4,16,64,"0x0","0x7ed35b989a00",4181362048700098,4181362049157688,4181362049163056,4181362049167163,5368
362,"loop_select_fusion_3.kd",2,8,460,1279882,1279882,4096,256,0,0,8,0,32,64,"0x0","0x7ed35b989a40",4181362048707019,4181362049163056,4181362049167944,4181362049178510,4888
363,"loop_reduce_window_fusion_13.kd",2,8,461,1279882,1279882,4096,256,0,0,8,0,16,64,"0x0","0x7ed35b9899c0",4181362048715431,4181362049167944,4181362049172671,4181362049192210,4727
364,"loop_slice_fusion_3.kd",2,8,462,1279882,1279882,16,16,0,0,20,4,16,64,"0x0","0x7ed35b989900",4181362048723012,4181362049172671,4181362049177278,4181362049196467,4607
365,"input_concatenate_fusion_1.kd",2,8,463,1279882,1279882,4096,256,0,0,8,0,32,64,"0x0","0x7ed35b989a80",4181362048731395,4181362049177278,4181362049182686,4181362049183267,5408
366,"loop_compare_fusion_1.kd",2,8,464,1279882,1279882,8192,256,0,0,4,4,16,64,"0x0","0x7ed35b989ac0",4181362048751254,4181362049182686,4181362049187573,4181362049188154,4887
367,"input_reduce_reduce_window_fusion_1.kd",2,8,465,1279882,1279882,512,512,512,0,20,4,48,64,"0x0","0x7ed35b989b00",4181362048759106,4181362049187573,4181362049203957,4181362049214253,16384
368,"loop_reduce_window_fusion_6.kd",2,8,466,1279882,1279882,32,32,0,0,32,0,16,64,"0x0","0x7ed35b989b40",4181362048766207,4181362049203957,4181362049213491,4181362049218630,9534
369,"loop_broadcast_fusion_1.kd",2,8,467,1279882,1279882,8192,256,0,0,4,4,16,64,"0x0","0x7ed35b989b80",4181362048775430,4181362049213491,4181362049218379,4181362049223697,4888
370,"input_scatter_fusion_1.kd",2,8,468,1279882,1279882,8192,256,0,0,8,0,32,64,"0x0","0x7ed35b989bc0",4181362048787979,4181362049218379,4181362049223827,4181362049228234,5448
371,"loop_reduce_window_fusion_5.kd",2,8,469,1279882,1279882,8192,256,0,0,8,0,16,64,"0x0","0x7ed35b989c00",4181362048795220,4181362049223827,4181362049228834,4181362049240662,5007
372,"loop_reduce_window_fusion_4.kd",2,8,470,1279882,1279882,512,256,0,0,8,0,16,64,"0x0","0x7ed35b989c40",4181362048810613,4181362049228834,4181362049233842,4181362049236196,5008
373,"loop_reduce_window_fusion_3.kd",2,8,471,1279882,1279882,32,32,0,0,8,0,16,64,"0x0","0x7ed35b989c80",4181362048817783,4181362049233842,4181362049238569,4181362049252079,4727
374,"loop_select_fusion_6.kd",2,8,472,1279882,1279882,8192,256,0,0,8,0,32,64,"0x0","0x7ed35b989cc0",4181362048833647,4181362049238569,4181362049243456,4181362049247613,4887
375,"loop_select_fusion_1.kd",2,8,473,1279882,1279882,8192,256,0,0,8,0,16,64,"0x0","0x7ed35b989d00",4181362048841449,4181362049243456,4181362049248343,4181362049263566,4887
376,"loop_broadcast_fusion_4.kd",2,8,474,1279882,1279882,16,16,0,0,4,4,16,64,"0x0","0x7ed35b989d40",4181362048856992,4181362049248343,4181362049253231,4181362049258609,4888
377,"__amd_rocclr_fillBufferAligned.kd",2,8,475,1279882,1279882,77824,256,0,0,12,4,48,64,"0x0","0x7ed361483580",4181362048868769,4181362049253231,4181362049266971,4181362049270256,13740
378,"__amd_rocclr_fillBufferAligned.kd",2,8,476,1279882,1279882,16128,256,0,0,12,4,48,64,"0x0","0x7ed361483580",4181362048878854,4181362049266971,4181362049272018,4181362049286661,5047
379,"transformer_engine::fused_attn_rocm::populate_rng_state_kernel(long*, long const*, long) [clone .kd]",2,8,477,1279882,1279882,1,1,0,0,8,0,16,64,"0x0","0x7ed35b9ad380",4181362048889260,4181362049272018,4181362049277066,4181362049277097,5048
380,"__amd_rocclr_fillBufferAligned.kd",2,8,478,1279882,1279882,256,256,0,0,12,4,48,64,"0x0","0x7ed361483580",4181362048909480,4181362049277066,4181362049281833,4181362049281944,4767
381,"ck_fused_attn::get_runtime_max_seqlen_kernel(unsigned long, int const*, int const*, unsigned long*) [clone .kd]",2,8,479,1279882,1279882,4096,128,0,0,4,4,32,64,"0x0","0x7ed35b978940",4181362048922830,4181362049281833,4181362049287682,4181362049291127,5849
382,"__amd_rocclr_copyBuffer.kd",2,8,480,1279882,1279882,512,512,0,0,16,0,32,64,"0x7f13dfde8400","0x7ed361483600",4181362048942539,4181362049287682,4181362049293250,4181362049298188,5568
383,"__amd_rocclr_fillBufferAligned.kd",2,8,482,1279882,1279882,256,256,0,0,12,4,48,64,"0x0","0x7ed361483580",4181362049334993,4181362049347651,4181362049349574,4181362049389394,1923
384,"ck_fused_attn::get_runtime_max_seqlen_kernel(unsigned long, int const*, int const*, unsigned long*) [clone .kd]",2,8,483,1279882,1279882,4096,128,0,0,4,4,32,64,"0x0","0x7ed35b978940",4181362049347151,4181362049357065,4181362049362713,4181362049400480,5648
385,"__amd_rocclr_copyBuffer.kd",2,8,484,1279882,1279882,512,512,0,0,16,0,32,64,"0x7f13dfde8300","0x7ed361483600",4181362049359339,4181362049374210,4181362049380380,4181362049395032,6170
386,"void transformer_engine::fused_attn_rocm::compute_scores_kernel<__half, transformer_engine::fused_attn_rocm::SmallSeqConfig<8, 128, 256, false, (transformer_engine::fused_attn_rocm::CausalMaskType)0>, 1>(__half const*, __half const*, __half*, float, int const*, int const*, int, int) [clone .kd]",2,8,486,1279882,1279882,64000,64,0,0,100,4,48,64,"0x0","0x7ed33c14ec00",4181362049412258,4181362049422442,4181362049465146,4181362049465266,42704
387,"void transformer_engine::fused_attn_rocm::apply_mask_and_softmax_kernel<__half, transformer_engine::fused_attn_rocm::SmallSeqConfig<8, 128, 256, false, (transformer_engine::fused_attn_rocm::CausalMaskType)0> >(__half*, __half const*, float, int const*, int, int) [clone .kd]",2,8,487,1279882,1279882,512000,256,1024,0,16,0,16,64,"0x0","0x7ed33c14ec40",4181362049420009,4181362049465146,4181362049470514,4181362049473138,5368
388,"void transformer_engine::fused_attn_rocm::compute_output_kernel<__half, transformer_engine::fused_attn_rocm::SmallSeqConfig<8, 128, 256, false, (transformer_engine::fused_attn_rocm::CausalMaskType)0>, 2, 8>(__half const*, __half const*, __half*, int const*, int const*, int, int) [clone .kd]",2,8,488,1279882,1279882,512000,64,16384,0,20,4,32,64,"0x0","0x7ed33c14ec80",4181362049426959,4181362049470514,4181362049524033,4181362049531325,53519
389,"loop_broadcast_fusion_5.kd",2,8,489,1279882,1279882,2048000,256,0,0,4,4,16,64,"0x0","0x7ed35b989d80",4181362049442382,4181362049524033,4181362049532085,4181362049544494,8052
390,"__amd_rocclr_fillBufferAligned.kd",2,8,490,1279882,1279882,77824,256,0,0,12,4,48,64,"0x0","0x7ed361483580",4181362049457795,4181362049532085,4181362049539016,4181362049539907,6931
391,"__amd_rocclr_fillBufferAligned.kd",2,8,491,1279882,1279882,77824,256,0,0,12,4,48,64,"0x0","0x7ed361483580",4181362049464315,4181362049539016,4181362049561609,4181362049568680,22593
392,"__amd_rocclr_fillBufferAligned.kd",2,8,492,1279882,1279882,77824,256,0,0,12,4,48,64,"0x0","0x7ed361483580",4181362049483914,4181362049561609,4181362049584523,4181362049586216,22914
393,"__amd_rocclr_fillBufferAligned.kd",2,8,493,1279882,1279882,256,256,0,0,12,4,48,64,"0x0","0x7ed361483580",4181362049493068,4181362049584523,4181362049589290,4181362049592926,4767
394,"ck_fused_attn::get_runtime_max_seqlen_kernel(unsigned long, int const*, int const*, unsigned long*) [clone .kd]",2,8,494,1279882,1279882,4096,128,0,0,4,4,32,64,"0x0","0x7ed35b978940",4181362049500379,4181362049589290,4181362049595379,4181362049600257,6089
395,"__amd_rocclr_copyBuffer.kd",2,8,495,1279882,1279882,512,512,0,0,16,0,32,64,"0x7f13dfde8200","0x7ed361483600",4181362049508210,4181362049595379,4181362049600747,4181362049605525,5368
396,"__amd_rocclr_fillBufferAligned.kd",2,8,497,1279882,1279882,256,256,0,0,12,4,48,64,"0x0","0x7ed361483580",4181362049624683,4181362049634638,4181362049636601,4181362049636661,1963
397,"ck_fused_attn::get_runtime_max_seqlen_kernel(unsigned long, int const*, int const*, unsigned long*) [clone .kd]",2,8,498,1279882,1279882,4096,128,0,0,4,4,32,64,"0x0","0x7ed35b978940",4181362049635049,4181362049652584,4181362049658674,4181362049660637,6090
398,"__amd_rocclr_copyBuffer.kd",2,8,499,1279882,1279882,512,512,0,0,16,0,32,64,"0x7f13dfc72200","0x7ed361483600",4181362049651944,4181362049663561,4181362049669369,4181362049677071,5808
399,"void transformer_engine::fused_attn_rocm::compute_grad_v_kernel<__half, transformer_engine::fused_attn_rocm::SmallSeqConfig<8, 128, 256, false, (transformer_engine::fused_attn_rocm::CausalMaskType)0>, 16, 16>(__half const*, __half const*, __half*, int const*, int const*, int, int) [clone .kd]",2,8,501,1279882,1279882,256000,64,16384,0,28,4,32,64,"0x0","0x7ed33c150400",4181362049692935,4181362049702899,4181362049774886,4181362049774747,71987
400,"void transformer_engine::fused_attn_rocm::compute_grad_attn_kernel<__half, transformer_engine::fused_attn_rocm::SmallSeqConfig<8, 128, 256, false, (transformer_engine::fused_attn_rocm::CausalMaskType)0>, 16>(__half const*, __half const*, __half*, int const*, int const*, int, int) [clone .kd]",2,8,502,1279882,1279882,8000,64,0,0,104,0,64,64,"0x0","0x7ed33c150440",4181362049700927,4181362049774886,4181362050124767,4181362050125809,349881
401,"void transformer_engine::fused_attn_rocm::softmax_backward_kernel<__half, transformer_engine::fused_attn_rocm::SmallSeqConfig<8, 128, 256, false, (transformer_engine::fused_attn_rocm::CausalMaskType)0> >(__half const*, __half const*, __half*, float, int const*, int, int) [clone .kd]",2,8,503,1279882,1279882,512000,256,1024,0,12,4,16,64,"0x0","0x7ed33c150480",4181362049710431,4181362050124767,4181362050130495,4181362050134111,5728
402,"void transformer_engine::fused_attn_rocm::compute_grad_qk_kernel<__half, transformer_engine::fused_attn_rocm::SmallSeqConfig<8, 128, 256, false, (transformer_engine::fused_attn_rocm::CausalMaskType)0>, 4, 16>(__half const*, __half const*, __half const*, __half*, __half*, float, int const*, int const*, int, int) [clone .kd]",2,8,504,1279882,1279882,1024000,64,16384,0,36,4,64,64,"0x0","0x7ed33c1504c0",4181362049720276,4181362050130495,4181362050326266,4181362050344935,195771
403,"input_reduce_fusion.kd",2,8,505,1279882,1279882,524288,256,512,0,16,0,16,64,"0x0","0x7ed35b989dc0",4181362049729479,4181362050326266,4181362050336121,4181362050352446,9855
404,"input_reduce_fusion_3.kd",2,8,506,1279882,1279882,128,128,512,0,24,0,16,64,"0x0","0x7ed35b989e00",4181362049736720,4181362050336121,4181362050341810,4181362050358385,5689
405,"loop_convert_fusion.kd",2,8,507,1279882,1279882,1,1,0,0,4,4,16,64,"0x0","0x7ed35b989e40",4181362049745002,4181362050341810,4181362050346176,4181362050368089,4366
406,"input_reduce_reduce_window_fusion_3.kd",2,8,510,1279882,1279882,8192,256,0,0,28,4,48,64,"0x0","0x7ed35b989300",4181362049873684,4181362050358034,4181362050370011,4181362050379696,11977
407,"loop_reduce_window_fusion_11.kd",2,8,511,1279882,1279882,2048,256,0,0,8,0,16,64,"0x0","0x7ed35b989340",4181362049883028,4181362050370011,4181362050376942,4181362050384644,6931
408,"loop_slice_fusion_5.kd",2,8,512,1279882,1279882,8,8,0,0,20,4,16,64,"0x0","0x7ed35b989380",4181362049890889,4181362050376942,4181362050383512,4181362050389461,6570
409,"loop_broadcast_fusion_2.kd",2,8,513,1279882,1279882,32000,256,0,0,4,4,16,64,"0x0","0x7ed35b9893c0",4181362049897880,4181362050383512,4181362050389080,4181362050394128,5568
410,"input_scatter_fusion_2.kd",2,8,514,1279882,1279882,32000,256,0,0,12,4,32,64,"0x0","0x7ed35b989400",4181362049905371,4181362050389080,4181362050396090,4181362050399546,7010
411,"loop_reduce_window_fusion_10.kd",2,8,515,1279882,1279882,32000,256,0,0,8,0,16,64,"0x0","0x7ed35b989440",4181362049911961,4181362050396090,4181362050401058,4181362050403932,4968
412,"loop_reduce_window_fusion_11.kd",2,8,516,1279882,1279882,2048,256,0,0,8,0,16,64,"0x0","0x7ed35b989340",4181362049918941,4181362050401058,4181362050406065,4181362050408730,5007
413,"loop_slice_fusion_5.kd",2,8,517,1279882,1279882,8,8,0,0,20,4,16,64,"0x0","0x7ed35b989380",4181362049924970,4181362050406065,4181362050410712,4181362050413286,4647
414,"loop_slice_fusion_1.kd",2,8,518,1279882,1279882,125,125,0,0,8,0,16,64,"0x0","0x7ed35b989480",4181362049932001,4181362050410712,4181362050415399,4181362050421388,4687
415,"input_reduce_fusion_1.kd",2,8,519,1279882,1279882,64,64,0,0,8,0,16,64,"0x0","0x7ed35b9894c0",4181362049939221,4181362050415399,4181362050420046,4181362050426266,4647
416,"loop_select_fusion_5.kd",2,8,520,1279882,1279882,32000,256,0,0,8,0,32,64,"0x0","0x7ed35b989500",4181362049946652,4181362050420046,4181362050425053,4181362050431033,5007
417,"loop_select_fusion_2.kd",2,8,521,1279882,1279882,32000,256,0,0,4,4,16,64,"0x0","0x7ed35b989540",4181362049954364,4181362050425053,4181362050429780,4181362050435670,4727
418,"loop_reduce_window_fusion_10.kd",2,8,522,1279882,1279882,32000,256,0,0,8,0,16,64,"0x0","0x7ed35b989440",4181362049961204,4181362050429780,4181362050434547,4181362050440236,4767
419,"loop_reduce_window_fusion_11.kd",2,8,523,1279882,1279882,2048,256,0,0,8,0,16,64,"0x0","0x7ed35b989340",4181362049967754,4181362050434547,4181362050439355,4181362050444913,4808
420,"loop_slice_fusion_5.kd",2,8,524,1279882,1279882,8,8,0,0,20,4,16,64,"0x0","0x7ed35b989380",4181362049974744,4181362050439355,4181362050444082,4181362050449590,4727
421,"input_concatenate_fusion.kd",2,8,525,1279882,1279882,32000,256,0,0,12,4,32,64,"0x0","0x7ed35b989580",4181362049981464,4181362050444082,4181362050449450,4181362050454307,5368
422,"loop_compare_fusion.kd",2,8,526,1279882,1279882,36096,256,0,0,4,4,16,64,"0x0","0x7ed35b9895c0",4181362049989136,4181362050449450,4181362050454377,4181362050458594,4927
423,"input_reduce_reduce_window_fusion.kd",2,8,527,1279882,1279882,11520,256,0,0,24,0,48,64,"0x0","0x7ed35b989600",4181362049996216,4181362050454377,4181362050463110,4181362050463261,8733
424,"loop_reduce_window_fusion_2.kd",2,8,528,1279882,1279882,2304,256,0,0,8,0,16,64,"0x0","0x7ed35b989640",4181362050003727,4181362050463110,4181362050468077,4181362050467707,4967
425,"loop_slice_fusion_8.kd",2,8,529,1279882,1279882,9,9,0,0,20,4,16,64,"0x0","0x7ed35b989680",4181362050010167,4181362050468077,4181362050472764,4181362050472404,4687
426,"loop_broadcast_fusion.kd",2,8,530,1279882,1279882,36096,256,0,0,4,4,16,64,"0x0","0x7ed35b9896c0",4181362050018389,4181362050472764,4181362050477692,4181362050478083,4928
427,"input_scatter_fusion.kd",2,8,531,1279882,1279882,36096,256,0,0,12,4,32,64,"0x0","0x7ed35b989700",4181362050025840,4181362050477692,4181362050484742,4181362050488448,7050
428,"loop_reduce_window_fusion_1.kd",2,8,532,1279882,1279882,36096,256,0,0,8,0,16,64,"0x0","0x7ed35b989740",4181362050033241,4181362050484742,4181362050489309,4181362050492975,4567
429,"loop_reduce_window_fusion_2.kd",2,8,533,1279882,1279882,2304,256,0,0,8,0,16,64,"0x0","0x7ed35b989640",4181362050040332,4181362050489309,4181362050494236,4181362050497852,4927
430,"loop_slice_fusion_8.kd",2,8,534,1279882,1279882,9,9,0,0,20,4,16,64,"0x0","0x7ed35b989680",4181362050046921,4181362050494236,4181362050498923,4181362050502259,4687
431,"loop_slice_fusion.kd",2,8,535,1279882,1279882,141,141,0,0,8,0,16,64,"0x0","0x7ed35b989780",4181362050054473,4181362050498923,4181362050503570,4181362050513676,4647
432,"input_reduce_fusion_2.kd",2,8,536,1279882,1279882,64,64,0,0,8,0,16,64,"0x0","0x7ed35b9897c0",4181362050061183,4181362050503570,4181362050508297,4181362050509109,4727
433,"loop_select_fusion_4.kd",2,8,537,1279882,1279882,36096,256,0,0,8,0,32,64,"0x0","0x7ed35b989800",4181362050068353,4181362050508297,4181362050513144,4181362050525774,4847
434,"loop_select_fusion.kd",2,8,538,1279882,1279882,36096,256,0,0,8,0,16,64,"0x0","0x7ed35b989840",4181362050075614,4181362050513144,4181362050518032,4181362050520766,4888
435,"loop_compare_fusion_2.kd",2,8,539,1279882,1279882,4096,256,0,0,4,4,16,64,"0x0","0x7ed35b989880",4181362050082474,4181362050518032,4181362050522839,4181362050530350,4807
436,"input_reduce_reduce_window_fusion_2.kd",2,8,540,1279882,1279882,256,256,512,0,20,4,32,64,"0x0","0x7ed35b9898c0",4181362050089825,4181362050522839,4181362050538983,4181362050550671,16144
437,"loop_slice_fusion_3.kd",2,8,541,1279882,1279882,16,16,0,0,20,4,16,64,"0x0","0x7ed35b989900",4181362050096956,4181362050538983,4181362050543750,4181362050555568,4767
438,"loop_broadcast_fusion_3.kd",2,8,542,1279882,1279882,4096,256,0,0,4,4,16,64,"0x0","0x7ed35b989940",4181362050105989,4181362050543750,4181362050548557,4181362050559904,4807
439,"input_scatter_fusion_3.kd",2,8,543,1279882,1279882,4096,256,0,0,8,0,32,64,"0x0","0x7ed35b989980",4181362050113250,4181362050548557,4181362050554926,4181362050606323,6369
440,"loop_reduce_window_fusion_13.kd",2,8,544,1279882,1279882,4096,256,0,0,8,0,16,64,"0x0","0x7ed35b9899c0",4181362050119680,4181362050554926,4181362050559734,4181362050601797,4808
441,"loop_slice_fusion_3.kd",2,8,545,1279882,1279882,16,16,0,0,20,4,16,64,"0x0","0x7ed35b989900",4181362050127241,4181362050559734,4181362050564461,4181362050567736,4727
442,"loop_remainder_fusion.kd",2,8,546,1279882,1279882,4096,256,0,0,12,4,16,64,"0x0","0x7ed35b989a00",4181362050151517,4181362050564461,4181362050570349,4181362050572924,5888
443,"loop_select_fusion_3.kd",2,8,547,1279882,1279882,4096,256,0,0,8,0,32,64,"0x0","0x7ed35b989a40",4181362050161051,4181362050570349,4181362050575157,4181362050577200,4808
444,"loop_reduce_window_fusion_13.kd",2,8,548,1279882,1279882,4096,256,0,0,8,0,16,64,"0x0","0x7ed35b9899c0",4181362050167591,4181362050575157,4181362050579844,4181362050581887,4687
445,"loop_slice_fusion_3.kd",2,8,549,1279882,1279882,16,16,0,0,20,4,16,64,"0x0","0x7ed35b989900",4181362050174511,4181362050579844,4181362050584530,4181362050586294,4686
446,"input_concatenate_fusion_1.kd",2,8,550,1279882,1279882,4096,256,0,0,8,0,32,64,"0x0","0x7ed35b989a80",4181362050181612,4181362050584530,4181362050590019,4181362050591191,5489
447,"loop_compare_fusion_1.kd",2,8,551,1279882,1279882,8192,256,0,0,4,4,16,64,"0x0","0x7ed35b989ac0",4181362050189053,4181362050590019,4181362050594866,4181362050595257,4847
448,"input_reduce_reduce_window_fusion_1.kd",2,8,552,1279882,1279882,512,512,512,0,20,4,48,64,"0x0","0x7ed35b989b00",4181362050196304,4181362050594866,4181362050612332,4181362050613174,17466
449,"loop_reduce_window_fusion_6.kd",2,8,553,1279882,1279882,32,32,0,0,32,0,16,64,"0x0","0x7ed35b989b40",4181362050203194,4181362050612332,4181362050623709,4181362050629858,11377
450,"loop_broadcast_fusion_1.kd",2,8,554,1279882,1279882,8192,256,0,0,4,4,16,64,"0x0","0x7ed35b989b80",4181362050210705,4181362050623709,4181362050628796,4181362050634555,5087
451,"input_scatter_fusion_1.kd",2,8,555,1279882,1279882,8192,256,0,0,8,0,32,64,"0x0","0x7ed35b989bc0",4181362050218356,4181362050628796,4181362050634485,4181362050639232,5689
452,"loop_reduce_window_fusion_5.kd",2,8,556,1279882,1279882,8192,256,0,0,8,0,16,64,"0x0","0x7ed35b989c00",4181362050225787,4181362050634485,4181362050639532,4181362050646764,5047
453,"loop_reduce_window_fusion_4.kd",2,8,557,1279882,1279882,512,256,0,0,8,0,16,64,"0x0","0x7ed35b989c40",4181362050232958,4181362050639532,4181362050644540,4181362050651300,5008
454,"loop_reduce_window_fusion_3.kd",2,8,558,1279882,1279882,32,32,0,0,8,0,16,64,"0x0","0x7ed35b989c80",4181362050240660,4181362050644540,4181362050649267,4181362050655827,4727
455,"loop_select_fusion_6.kd",2,8,559,1279882,1279882,8192,256,0,0,8,0,32,64,"0x0","0x7ed35b989cc0",4181362050248021,4181362050649267,4181362050654154,4181362050662517,4887
456,"loop_select_fusion_1.kd",2,8,560,1279882,1279882,8192,256,0,0,8,0,16,64,"0x0","0x7ed35b989d00",4181362050255502,4181362050654154,4181362050659041,4181362050672692,4887
457,"loop_broadcast_fusion_4.kd",2,8,561,1279882,1279882,16,16,0,0,4,4,16,64,"0x0","0x7ed35b989d40",4181362050262853,4181362050659041,4181362050663929,4181362050667434,4888
458,"__amd_rocclr_fillBufferAligned.kd",2,8,562,1279882,1279882,77824,256,0,0,12,4,48,64,"0x0","0x7ed361483580",4181362050274330,4181362050663929,4181362050676988,4181362050679302,13059
459,"__amd_rocclr_fillBufferAligned.kd",2,8,563,1279882,1279882,16128,256,0,0,12,4,48,64,"0x0","0x7ed361483580",4181362050281420,4181362050676988,4181362050682076,4181362050683528,5088
460,"transformer_engine::fused_attn_rocm::populate_rng_state_kernel(long*, long const*, long) [clone .kd]",2,8,564,1279882,1279882,1,1,0,0,8,0,16,64,"0x0","0x7ed35b9ad380",4181362050291465,4181362050682076,4181362050686963,4181362050689497,4887
461,"__amd_rocclr_fillBufferAligned.kd",2,8,565,1279882,1279882,256,256,0,0,12,4,48,64,"0x0","0x7ed361483580",4181362050300849,4181362050686963,4181362050691770,4181362050694134,4807
462,"ck_fused_attn::get_runtime_max_seqlen_kernel(unsigned long, int const*, int const*, unsigned long*) [clone .kd]",2,8,566,1279882,1279882,4096,128,0,0,4,4,32,64,"0x0","0x7ed35b978940",4181362050308531,4181362050691770,4181362050697619,4181362050700143,5849
463,"__amd_rocclr_copyBuffer.kd",2,8,567,1279882,1279882,512,512,0,0,16,0,32,64,"0x7f13dfde9f00","0x7ed361483600",4181362050327519,4181362050697619,4181362050703027,4181362050706452,5408
464,"__amd_rocclr_fillBufferAligned.kd",2,8,569,1279882,1279882,256,256,0,0,12,4,48,64,"0x0","0x7ed361483580",4181362050750077,4181362050759391,4181362050761353,4181362050795665,1962
465,"ck_fused_attn::get_runtime_max_seqlen_kernel(unsigned long, int const*, int const*, unsigned long*) [clone .kd]",2,8,570,1279882,1279882,4096,128,0,0,4,4,32,64,"0x0","0x7ed35b978940",4181362050758069,4181362050766681,4181362050772450,4181362050806111,5769
466,"__amd_rocclr_copyBuffer.kd",2,8,571,1279882,1279882,512,512,0,0,16,0,32,64,"0x7f13dfde9e00","0x7ed361483600",4181362050769136,4181362050783747,4181362050790076,4181362050801173,6329
467,"void transformer_engine::fused_attn_rocm::compute_scores_kernel<__half, transformer_engine::fused_attn_rocm::SmallSeqConfig<8, 128, 256, false, (transformer_engine::fused_attn_rocm::CausalMaskType)0>, 1>(__half const*, __half const*, __half*, float, int const*, int const*, int, int) [clone .kd]",2,8,573,1279882,1279882,64000,64,0,0,100,4,48,64,"0x0","0x7ed33c14ec00",4181362050817317,4181362050832499,4181362050878127,4181362050882925,45628
468,"void transformer_engine::fused_attn_rocm::apply_mask_and_softmax_kernel<__half, transformer_engine::fused_attn_rocm::SmallSeqConfig<8, 128, 256, false, (transformer_engine::fused_attn_rocm::CausalMaskType)0> >(__half*, __half const*, float, int const*, int, int) [clone .kd]",2,8,574,1279882,1279882,512000,256,1024,0,16,0,16,64,"0x0","0x7ed33c14ec40",4181362050830517,4181362050878127,4181362050883535,4181362050889935,5408
469,"void transformer_engine::fused_attn_rocm::compute_output_kernel<__half, transformer_engine::fused_attn_rocm::SmallSeqConfig<8, 128, 256, false, (transformer_engine::fused_attn_rocm::CausalMaskType)0>, 2, 8>(__half const*, __half const*, __half*, int const*, int const*, int, int) [clone .kd]",2,8,575,1279882,1279882,512000,64,16384,0,20,4,32,64,"0x0","0x7ed33c14ec80",4181362050837557,4181362050883535,4181362050937616,4181362050939439,54081
470,"loop_broadcast_fusion_5.kd",2,8,576,1279882,1279882,2048000,256,0,0,4,4,16,64,"0x0","0x7ed35b989d80",4181362050846461,4181362050937616,4181362050945668,4181362050946459,8052
471,"__amd_rocclr_fillBufferAligned.kd",2,8,577,1279882,1279882,77824,256,0,0,12,4,48,64,"0x0","0x7ed361483580",4181362050861122,4181362050945668,4181362050952518,4181362050952719,6850
472,"__amd_rocclr_fillBufferAligned.kd",2,8,578,1279882,1279882,77824,256,0,0,12,4,48,64,"0x0","0x7ed361483580",4181362050867021,4181362050952518,4181362050974791,4181362050977035,22273
473,"__amd_rocclr_fillBufferAligned.kd",2,8,579,1279882,1279882,77824,256,0,0,12,4,48,64,"0x0","0x7ed361483580",4181362050873301,4181362050974791,4181362050997505,4181362051002553,22714
474,"__amd_rocclr_fillBufferAligned.kd",2,8,580,1279882,1279882,256,256,0,0,12,4,48,64,"0x0","0x7ed361483580",4181362050880692,4181362050997505,4181362051002192,4181362051007630,4687
475,"ck_fused_attn::get_runtime_max_seqlen_kernel(unsigned long, int const*, int const*, unsigned long*) [clone .kd]",2,8,581,1279882,1279882,4096,128,0,0,4,4,32,64,"0x0","0x7ed35b978940",4181362050887772,4181362051002192,4181362051008361,4181362051014410,6169
476,"__amd_rocclr_copyBuffer.kd",2,8,582,1279882,1279882,512,512,0,0,16,0,32,64,"0x7f13dfc71c80","0x7ed361483600",4181362050898127,4181362051008361,4181362051014169,4181362051019488,5808
477,"__amd_rocclr_fillBufferAligned.kd",2,8,584,1279882,1279882,256,256,0,0,12,4,48,64,"0x0","0x7ed361483580",4181362051038586,4181362051049462,4181362051051585,4181362051057915,2123
478,"ck_fused_attn::get_runtime_max_seqlen_kernel(unsigned long, int const*, int const*, unsigned long*) [clone .kd]",2,8,585,1279882,1279882,4096,128,0,0,4,4,32,64,"0x0","0x7ed35b978940",4181362051048902,4181362051059317,4181362051065446,4181362051068170,6129
479,"__amd_rocclr_copyBuffer.kd",2,8,586,1279882,1279882,512,512,0,0,16,0,32,64,"0x7f13dfde9c00","0x7ed361483600",4181362051058566,4181362051074699,4181362051080949,4181362051084435,6250
480,"void transformer_engine::fused_attn_rocm::compute_grad_v_kernel<__half, transformer_engine::fused_attn_rocm::SmallSeqConfig<8, 128, 256, false, (transformer_engine::fused_attn_rocm::CausalMaskType)0>, 16, 16>(__half const*, __half const*, __half*, int const*, int const*, int, int) [clone .kd]",2,8,588,1279882,1279882,256000,64,16384,0,28,4,32,64,"0x0","0x7ed33c150400",4181362051099667,4181362051110272,4181362051178213,4181362051178214,67941
481,"void transformer_engine::fused_attn_rocm::compute_grad_attn_kernel<__half, transformer_engine::fused_attn_rocm::SmallSeqConfig<8, 128, 256, false, (transformer_engine::fused_attn_rocm::CausalMaskType)0>, 16>(__half const*, __half const*, __half*, int const*, int const*, int, int) [clone .kd]",2,8,589,1279882,1279882,8000,64,0,0,104,0,64,64,"0x0","0x7ed33c150440",4181362051109191,4181362051178213,4181362051527533,4181362051528094,349320
482,"void transformer_engine::fused_attn_rocm::softmax_backward_kernel<__half, transformer_engine::fused_attn_rocm::SmallSeqConfig<8, 128, 256, false, (transformer_engine::fused_attn_rocm::CausalMaskType)0> >(__half const*, __half const*, __half*, float, int const*, int, int) [clone .kd]",2,8,590,1279882,1279882,512000,256,1024,0,12,4,16,64,"0x0","0x7ed33c150480",4181362051116172,4181362051527533,4181362051533422,4181362051536667,5889
483,"void transformer_engine::fused_attn_rocm::compute_grad_qk_kernel<__half, transformer_engine::fused_attn_rocm::SmallSeqConfig<8, 128, 256, false, (transformer_engine::fused_attn_rocm::CausalMaskType)0>, 4, 16>(__half const*, __half const*, __half const*, __half*, __half*, float, int const*, int const*, int, int) [clone .kd]",2,8,591,1279882,1279882,1024000,64,16384,0,36,4,64,64,"0x0","0x7ed33c1504c0",4181362051124624,4181362051533422,4181362051731076,4181362051738257,197654
484,"input_reduce_fusion.kd",2,8,592,1279882,1279882,524288,256,512,0,16,0,16,64,"0x0","0x7ed35b989dc0",4181362051134419,4181362051731076,4181362051740730,4181362051744747,9654
485,"input_reduce_fusion_3.kd",2,8,593,1279882,1279882,128,128,512,0,24,0,16,64,"0x0","0x7ed35b989e00",4181362051141419,4181362051740730,4181362051745377,4181362051749714,4647
486,"loop_convert_fusion.kd",2,8,594,1279882,1279882,1,1,0,0,4,4,16,64,"0x0","0x7ed35b989e40",4181362051149621,4181362051745377,4181362051749463,4181362051754531,4086
487,"input_reduce_reduce_window_fusion_3.kd",2,8,597,1279882,1279882,8192,256,0,0,28,4,48,64,"0x0","0x7ed35b989300",4181362051276280,4181362051761281,4181362051773979,4181362051784476,12698
488,"loop_reduce_window_fusion_11.kd",2,8,598,1279882,1279882,2048,256,0,0,8,0,16,64,"0x0","0x7ed35b989340",4181362051285433,4181362051773979,4181362051780629,4181362051789073,6650
489,"loop_slice_fusion_5.kd",2,8,599,1279882,1279882,8,8,0,0,20,4,16,64,"0x0","0x7ed35b989380",4181362051293125,4181362051780629,4181362051785997,4181362051793890,5368
490,"loop_broadcast_fusion_2.kd",2,8,600,1279882,1279882,32000,256,0,0,4,4,16,64,"0x0","0x7ed35b9893c0",4181362051300125,4181362051785997,4181362051791926,4181362051798657,5929
491,"input_scatter_fusion_2.kd",2,8,601,1279882,1279882,32000,256,0,0,12,4,32,64,"0x0","0x7ed35b989400",4181362051307667,4181362051791926,4181362051799097,4181362051803564,7171
492,"loop_reduce_window_fusion_10.kd",2,8,602,1279882,1279882,32000,256,0,0,8,0,16,64,"0x0","0x7ed35b989440",4181362051313706,4181362051799097,4181362051803904,4181362051808281,4807
493,"loop_reduce_window_fusion_11.kd",2,8,603,1279882,1279882,2048,256,0,0,8,0,16,64,"0x0","0x7ed35b989340",4181362051321327,4181362051803904,4181362051808911,4181362051812938,5007
494,"loop_slice_fusion_5.kd",2,8,604,1279882,1279882,8,8,0,0,20,4,16,64,"0x0","0x7ed35b989380",4181362051327736,4181362051808911,4181362051813598,4181362051817885,4687
495,"loop_slice_fusion_1.kd",2,8,605,1279882,1279882,125,125,0,0,8,0,16,64,"0x0","0x7ed35b989480",4181362051334957,4181362051813598,4181362051818285,4181362051825176,4687
496,"input_reduce_fusion_1.kd",2,8,606,1279882,1279882,64,64,0,0,8,0,16,64,"0x0","0x7ed35b9894c0",4181362051341978,4181362051818285,4181362051823012,4181362051830214,4727
497,"loop_select_fusion_5.kd",2,8,607,1279882,1279882,32000,256,0,0,8,0,32,64,"0x0","0x7ed35b989500",4181362051349439,4181362051823012,4181362051827940,4181362051834861,4928
498,"loop_select_fusion_2.kd",2,8,608,1279882,1279882,32000,256,0,0,4,4,16,64,"0x0","0x7ed35b989540",4181362051356770,4181362051827940,4181362051832667,4181362051839718,4727
499,"loop_reduce_window_fusion_10.kd",2,8,609,1279882,1279882,32000,256,0,0,8,0,16,64,"0x0","0x7ed35b989440",4181362051363960,4181362051832667,4181362051837474,4181362051844535,4807
500,"loop_reduce_window_fusion_11.kd",2,8,610,1279882,1279882,2048,256,0,0,8,0,16,64,"0x0","0x7ed35b989340",4181362051370931,4181362051837474,4181362051842481,4181362051848902,5007
501,"loop_slice_fusion_5.kd",2,8,611,1279882,1279882,8,8,0,0,20,4,16,64,"0x0","0x7ed35b989380",4181362051378191,4181362051842481,4181362051847168,4181362051853649,4687
502,"input_concatenate_fusion.kd",2,8,612,1279882,1279882,32000,256,0,0,12,4,32,64,"0x0","0x7ed35b989580",4181362051384461,4181362051847168,4181362051852616,4181362051858346,5448
503,"loop_compare_fusion.kd",2,8,613,1279882,1279882,36096,256,0,0,4,4,16,64,"0x0","0x7ed35b9895c0",4181362051393204,4181362051852616,4181362051857544,4181362051863183,4928
504,"input_reduce_reduce_window_fusion.kd",2,8,614,1279882,1279882,11520,256,0,0,24,0,48,64,"0x0","0x7ed35b989600",4181362051399984,4181362051857544,4181362051866197,4181362051867539,8653
505,"loop_reduce_window_fusion_2.kd",2,8,615,1279882,1279882,2304,256,0,0,8,0,16,64,"0x0","0x7ed35b989640",4181362051407615,4181362051866197,4181362051871044,4181362051871906,4847
506,"loop_slice_fusion_8.kd",2,8,616,1279882,1279882,9,9,0,0,20,4,16,64,"0x0","0x7ed35b989680",4181362051414776,4181362051871044,4181362051875771,4181362051876352,4727
507,"loop_broadcast_fusion.kd",2,8,617,1279882,1279882,36096,256,0,0,4,4,16,64,"0x0","0x7ed35b9896c0",4181362051422587,4181362051875771,4181362051880738,4181362051882532,4967
508,"input_scatter_fusion.kd",2,8,618,1279882,1279882,36096,256,0,0,12,4,32,64,"0x0","0x7ed35b989700",4181362051429878,4181362051880738,4181362051887829,4181362051890714,7091
509,"loop_reduce_window_fusion_1.kd",2,8,619,1279882,1279882,36096,256,0,0,8,0,16,64,"0x0","0x7ed35b989740",4181362051437009,4181362051887829,4181362051892636,4181362051895391,4807
510,"loop_reduce_window_fusion_2.kd",2,8,620,1279882,1279882,2304,256,0,0,8,0,16,64,"0x0","0x7ed35b989640",4181362051443959,4181362051892636,4181362051897603,4181362051899797,4967
511,"loop_slice_fusion_8.kd",2,8,621,1279882,1279882,9,9,0,0,20,4,16,64,"0x0","0x7ed35b989680",4181362051451180,4181362051897603,4181362051902290,4181362051904334,4687
512,"loop_slice_fusion.kd",2,8,622,1279882,1279882,141,141,0,0,8,0,16,64,"0x0","0x7ed35b989780",4181362051458661,4181362051902290,4181362051907057,4181362051911134,4767
513,"input_reduce_fusion_2.kd",2,8,623,1279882,1279882,64,64,0,0,8,0,16,64,"0x0","0x7ed35b9897c0",4181362051465261,4181362051907057,4181362051911784,4181362051922821,4727
514,"loop_select_fusion_4.kd",2,8,624,1279882,1279882,36096,256,0,0,8,0,32,64,"0x0","0x7ed35b989800",4181362051472932,4181362051911784,4181362051916752,4181362051918275,4968
515,"loop_select_fusion.kd",2,8,625,1279882,1279882,36096,256,0,0,8,0,16,64,"0x0","0x7ed35b989840",4181362051480263,4181362051916752,4181362051921599,4181362051929812,4847
516,"loop_compare_fusion_2.kd",2,8,626,1279882,1279882,4096,256,0,0,4,4,16,64,"0x0","0x7ed35b989880",4181362051486182,4181362051921599,4181362051926406,4181362051934929,4807
517,"input_reduce_reduce_window_fusion_2.kd",2,8,627,1279882,1279882,256,256,512,0,20,4,32,64,"0x0","0x7ed35b9898c0",4181362051493984,4181362051926406,4181362051942750,4181362051942431,16344
518,"loop_slice_fusion_3.kd",2,8,628,1279882,1279882,16,16,0,0,20,4,16,64,"0x0","0x7ed35b989900",4181362051501094,4181362051942750,4181362051947437,4181362051947027,4687
519,"loop_broadcast_fusion_3.kd",2,8,629,1279882,1279882,4096,256,0,0,4,4,16,64,"0x0","0x7ed35b989940",4181362051508796,4181362051947437,4181362051952245,4181362051953617,4808
520,"input_scatter_fusion_3.kd",2,8,630,1279882,1279882,4096,256,0,0,8,0,32,64,"0x0","0x7ed35b989980",4181362051515856,4181362051952245,4181362051958294,4181362051961900,6049
521,"loop_reduce_window_fusion_13.kd",2,8,631,1279882,1279882,4096,256,0,0,8,0,16,64,"0x0","0x7ed35b9899c0",4181362051522606,4181362051958294,4181362051963021,4181362051968449,4727
522,"loop_slice_fusion_3.kd",2,8,632,1279882,1279882,16,16,0,0,20,4,16,64,"0x0","0x7ed35b989900",4181362051529126,4181362051963021,4181362051967748,4181362051978044,4727
523,"loop_remainder_fusion.kd",2,8,633,1279882,1279882,4096,256,0,0,12,4,16,64,"0x0","0x7ed35b989a00",4181362051553482,4181362051967748,4181362051973316,4181362051973036,5568
524,"loop_select_fusion_3.kd",2,8,634,1279882,1279882,4096,256,0,0,8,0,32,64,"0x0","0x7ed35b989a40",4181362051562215,4181362051973316,4181362051978083,4181362051984984,4767
525,"loop_reduce_window_fusion_13.kd",2,8,635,1279882,1279882,4096,256,0,0,8,0,16,64,"0x0","0x7ed35b9899c0",4181362051568665,4181362051978083,4181362051982770,4181362051989731,4687
526,"loop_slice_fusion_3.kd",2,8,636,1279882,1279882,16,16,0,0,20,4,16,64,"0x0","0x7ed35b989900",4181362051576106,4181362051982770,4181362051987457,4181362051994298,4687
527,"input_concatenate_fusion_1.kd",2,8,637,1279882,1279882,4096,256,0,0,8,0,32,64,"0x0","0x7ed35b989a80",4181362051583096,4181362051987457,4181362051993186,4181362052001088,5729
528,"loop_compare_fusion_1.kd",2,8,638,1279882,1279882,8192,256,0,0,4,4,16,64,"0x0","0x7ed35b989ac0",4181362051590738,4181362051993186,4181362051998033,4181362052005524,4847
529,"input_reduce_reduce_window_fusion_1.kd",2,8,639,1279882,1279882,512,512,512,0,20,4,48,64,"0x0","0x7ed35b989b00",4181362051598609,4181362051998033,4181362052015659,4181362052023451,17626
530,"loop_reduce_window_fusion_6.kd",2,8,640,1279882,1279882,32,32,0,0,32,0,16,64,"0x0","0x7ed35b989b40",4181362051605930,4181362052015659,4181362052024752,4181362052030091,9093
531,"loop_broadcast_fusion_1.kd",2,8,641,1279882,1279882,8192,256,0,0,4,4,16,64,"0x0","0x7ed35b989b80",4181362051612840,4181362052024752,4181362052029720,4181362052034848,4968
532,"input_scatter_fusion_1.kd",2,8,642,1279882,1279882,8192,256,0,0,8,0,32,64,"0x0","0x7ed35b989bc0",4181362051620472,4181362052029720,4181362052035088,4181362052039655,5368
533,"loop_reduce_window_fusion_5.kd",2,8,643,1279882,1279882,8192,256,0,0,8,0,16,64,"0x0","0x7ed35b989c00",4181362051626731,4181362052035088,4181362052040095,4181362052047697,5007
534,"loop_reduce_window_fusion_4.kd",2,8,644,1279882,1279882,512,256,0,0,8,0,16,64,"0x0","0x7ed35b989c40",4181362051634262,4181362052040095,4181362052044902,4181362052052034,4807
535,"loop_reduce_window_fusion_3.kd",2,8,645,1279882,1279882,32,32,0,0,8,0,16,64,"0x0","0x7ed35b989c80",4181362051641974,4181362052044902,4181362052049670,4181362052057101,4768
536,"loop_select_fusion_6.kd",2,8,646,1279882,1279882,8192,256,0,0,8,0,32,64,"0x0","0x7ed35b989cc0",4181362051649755,4181362052049670,4181362052054597,4181362052064172,4927
537,"loop_select_fusion_1.kd",2,8,647,1279882,1279882,8192,256,0,0,8,0,16,64,"0x0","0x7ed35b989d00",4181362051657317,4181362052054597,4181362052059484,4181362052073255,4887
538,"loop_broadcast_fusion_4.kd",2,8,648,1279882,1279882,16,16,0,0,4,4,16,64,"0x0","0x7ed35b989d40",4181362051665308,4181362052059484,4181362052064411,4181362052068769,4927
539,"__amd_rocclr_fillBufferAligned.kd",2,8,649,1279882,1279882,77824,256,0,0,12,4,48,64,"0x0","0x7ed361483580",4181362051676635,4181362052064411,4181362052077831,4181362052079454,13420
540,"__amd_rocclr_fillBufferAligned.kd",2,8,650,1279882,1279882,16128,256,0,0,12,4,48,64,"0x0","0x7ed361483580",4181362051683686,4181362052077831,4181362052082919,4181362052083631,5088
541,"transformer_engine::fused_attn_rocm::populate_rng_state_kernel(long*, long const*, long) [clone .kd]",2,8,651,1279882,1279882,1,1,0,0,8,0,16,64,"0x0","0x7ed35b9ad380",4181362051692859,4181362052082919,4181362052087806,4181362052090140,4887
542,"__amd_rocclr_fillBufferAligned.kd",2,8,652,1279882,1279882,256,256,0,0,12,4,48,64,"0x0","0x7ed361483580",4181362051702624,4181362052087806,4181362052092573,4181362052094577,4767
543,"ck_fused_attn::get_runtime_max_seqlen_kernel(unsigned long, int const*, int const*, unsigned long*) [clone .kd]",2,8,653,1279882,1279882,4096,128,0,0,4,4,32,64,"0x0","0x7ed35b978940",4181362051709554,4181362052092573,4181362052098382,4181362052100556,5809
544,"__amd_rocclr_copyBuffer.kd",2,8,654,1279882,1279882,512,512,0,0,16,0,32,64,"0x7f13dfde8b80","0x7ed361483600",4181362051719108,4181362052098382,4181362052103990,4181362052106905,5608
545,"__amd_rocclr_fillBufferAligned.kd",2,8,656,1279882,1279882,256,256,0,0,12,4,48,64,"0x0","0x7ed361483580",4181362052149629,4181362052160354,4181362052162357,4181362052189518,2003
546,"ck_fused_attn::get_runtime_max_seqlen_kernel(unsigned long, int const*, int const*, unsigned long*) [clone .kd]",2,8,657,1279882,1279882,4096,128,0,0,4,4,32,64,"0x0","0x7ed35b978940",4181362052160415,4181362052168486,4181362052174335,4181362052199853,5849
547,"__amd_rocclr_copyBuffer.kd",2,8,658,1279882,1279882,512,512,0,0,16,0,32,64,"0x7f13dfc72100","0x7ed361483600",4181362052170330,4181362052179222,4181362052185512,4181362052194475,6290
548,"void transformer_engine::fused_attn_rocm::compute_scores_kernel<__half, transformer_engine::fused_attn_rocm::SmallSeqConfig<8, 128, 256, false, (transformer_engine::fused_attn_rocm::CausalMaskType)0>, 1>(__half const*, __half const*, __half*, float, int const*, int const*, int, int) [clone .kd]",2,8,660,1279882,1279882,64000,64,0,0,100,4,48,64,"0x0","0x7ed33c14ec00",4181362052217660,4181362052235906,4181362052281494,4181362052283808,45588
549,"void transformer_engine::fused_attn_rocm::apply_mask_and_softmax_kernel<__half, transformer_engine::fused_attn_rocm::SmallSeqConfig<8, 128, 256, false, (transformer_engine::fused_attn_rocm::CausalMaskType)0> >(__half*, __half const*, float, int const*, int, int) [clone .kd]",2,8,661,1279882,1279882,512000,256,1024,0,16,0,16,64,"0x0","0x7ed33c14ec40",4181362052233654,4181362052281494,4181362052286822,4181362052298991,5328
550,"void transformer_engine::fused_attn_rocm::compute_output_kernel<__half, transformer_engine::fused_attn_rocm::SmallSeqConfig<8, 128, 256, false, (transformer_engine::fused_attn_rocm::CausalMaskType)0>, 2, 8>(__half const*, __half const*, __half*, int const*, int const*, int, int) [clone .kd]",2,8,662,1279882,1279882,512000,64,16384,0,20,4,32,64,"0x0","0x7ed33c14ec80",4181362052241586,4181362052286822,4181362052340823,4181362052341013,54001
551,"loop_broadcast_fusion_5.kd",2,8,663,1279882,1279882,2048000,256,0,0,4,4,16,64,"0x0","0x7ed35b989d80",4181362052251200,4181362052340823,4181362052348874,4181362052349115,8051
552,"__amd_rocclr_fillBufferAligned.kd",2,8,664,1279882,1279882,77824,256,0,0,12,4,48,64,"0x0","0x7ed361483580",4181362052265461,4181362052348874,4181362052355765,4181362052356466,6891
553,"__amd_rocclr_fillBufferAligned.kd",2,8,665,1279882,1279882,77824,256,0,0,12,4,48,64,"0x0","0x7ed361483580",4181362052271300,4181362052355765,4181362052378398,4181362052380502,22633
554,"__amd_rocclr_fillBufferAligned.kd",2,8,666,1279882,1279882,77824,256,0,0,12,4,48,64,"0x0","0x7ed361483580",4181362052278821,4181362052378398,4181362052401032,4181362052406260,22634
555,"__amd_rocclr_fillBufferAligned.kd",2,8,667,1279882,1279882,256,256,0,0,12,4,48,64,"0x0","0x7ed361483580",4181362052295856,4181362052401032,4181362052405919,4181362052416636,4887
556,"ck_fused_attn::get_runtime_max_seqlen_kernel(unsigned long, int const*, int const*, unsigned long*) [clone .kd]",2,8,668,1279882,1279882,4096,128,0,0,4,4,32,64,"0x0","0x7ed35b978940",4181362052303257,4181362052405919,4181362052411928,4181362052411628,6009
557,"__amd_rocclr_copyBuffer.kd",2,8,669,1279882,1279882,512,512,0,0,16,0,32,64,"0x7f13dfde9800","0x7ed361483600",4181362052311950,4181362052411928,4181362052417537,4181362052422985,5609
558,"__amd_rocclr_fillBufferAligned.kd",2,8,671,1279882,1279882,256,256,0,0,12,4,48,64,"0x0","0x7ed361483580",4181362052444097,4181362052455994,4181362052458237,4181362052467572,2243
559,"ck_fused_attn::get_runtime_max_seqlen_kernel(unsigned long, int const*, int const*, unsigned long*) [clone .kd]",2,8,672,1279882,1279882,4096,128,0,0,4,4,32,64,"0x0","0x7ed35b978940",4181362052456255,4181362052464727,4181362052470495,4181362052476104,5768
560,"__amd_rocclr_copyBuffer.kd",2,8,673,1279882,1279882,512,512,0,0,16,0,32,64,"0x7f13dfde9780","0x7ed361483600",4181362052463756,4181362052475463,4181362052481432,4181362052481202,5969
561,"void transformer_engine::fused_attn_rocm::compute_grad_v_kernel<__half, transformer_engine::fused_attn_rocm::SmallSeqConfig<8, 128, 256, false, (transformer_engine::fused_attn_rocm::CausalMaskType)0>, 16, 16>(__half const*, __half const*, __half*, int const*, int const*, int, int) [clone .kd]",2,8,675,1279882,1279882,256000,64,16384,0,28,4,32,64,"0x0","0x7ed33c150400",4181362052497897,4181362052508752,4181362052579618,4181362052580139,70866
562,"void transformer_engine::fused_attn_rocm::compute_grad_attn_kernel<__half, transformer_engine::fused_attn_rocm::SmallSeqConfig<8, 128, 256, false, (transformer_engine::fused_attn_rocm::CausalMaskType)0>, 16>(__half const*, __half const*, __half*, int const*, int const*, int, int) [clone .kd]",2,8,676,1279882,1279882,8000,64,0,0,104,0,64,64,"0x0","0x7ed33c150440",4181362052506910,4181362052579618,4181362052927495,4181362052935888,347877
563,"void transformer_engine::fused_attn_rocm::softmax_backward_kernel<__half, transformer_engine::fused_attn_rocm::SmallSeqConfig<8, 128, 256, false, (transformer_engine::fused_attn_rocm::CausalMaskType)0> >(__half const*, __half const*, __half*, float, int const*, int, int) [clone .kd]",2,8,677,1279882,1279882,512000,256,1024,0,12,4,16,64,"0x0","0x7ed33c150480",4181362052514351,4181362052927495,4181362052933464,4181362052945743,5969
564,"void transformer_engine::fused_attn_rocm::compute_grad_qk_kernel<__half, transformer_engine::fused_attn_rocm::SmallSeqConfig<8, 128, 256, false, (transformer_engine::fused_attn_rocm::CausalMaskType)0>, 4, 16>(__half const*, __half const*, __half const*, __half*, __half*, float, int const*, int const*, int, int) [clone .kd]",2,8,678,1279882,1279882,1024000,64,16384,0,36,4,64,64,"0x0","0x7ed33c1504c0",4181362052522954,4181362052933464,4181362053127032,4181362053135295,193568
565,"input_reduce_fusion.kd",2,8,679,1279882,1279882,524288,256,512,0,16,0,16,64,"0x0","0x7ed35b989dc0",4181362052532558,4181362053127032,4181362053136286,4181362053144018,9254
566,"input_reduce_fusion_3.kd",2,8,680,1279882,1279882,128,128,512,0,24,0,16,64,"0x0","0x7ed35b989e00",4181362052539449,4181362053136286,4181362053141774,4181362053156336,5488
567,"loop_convert_fusion.kd",2,8,681,1279882,1279882,1,1,0,0,4,4,16,64,"0x0","0x7ed35b989e40",4181362052546779,4181362053141774,4181362053145860,4181362053160953,4086
568,"input_reduce_reduce_window_fusion_3.kd",2,8,684,1279882,1279882,8192,256,0,0,28,4,48,64,"0x0","0x7ed35b989300",4181362052670503,4181362053158519,4181362053170136,4181362053173311,11617
569,"loop_reduce_window_fusion_11.kd",2,8,685,1279882,1279882,2048,256,0,0,8,0,16,64,"0x0","0x7ed35b989340",4181362052679857,4181362053170136,4181362053177547,4181362053178379,7411
570,"loop_slice_fusion_5.kd",2,8,686,1279882,1279882,8,8,0,0,20,4,16,64,"0x0","0x7ed35b989380",4181362052686688,4181362053177547,4181362053182594,4181362053183296,5047
571,"loop_broadcast_fusion_2.kd",2,8,687,1279882,1279882,32000,256,0,0,4,4,16,64,"0x0","0x7ed35b9893c0",4181362052693878,4181362053182594,4181362053188563,4181362053195775,5969
572,"input_scatter_fusion_2.kd",2,8,688,1279882,1279882,32000,256,0,0,12,4,32,64,"0x0","0x7ed35b989400",4181362052701650,4181362053188563,4181362053197617,4181362053200672,9054
573,"loop_reduce_window_fusion_10.kd",2,8,689,1279882,1279882,32000,256,0,0,8,0,16,64,"0x0","0x7ed35b989440",4181362052708250,4181362053197617,4181362053202264,4181362053205379,4647
574,"loop_reduce_window_fusion_11.kd",2,8,690,1279882,1279882,2048,256,0,0,8,0,16,64,"0x0","0x7ed35b989340",4181362052715681,4181362053202264,4181362053207271,4181362053209625,5007
575,"loop_slice_fusion_5.kd",2,8,691,1279882,1279882,8,8,0,0,20,4,16,64,"0x0","0x7ed35b989380",4181362052721840,4181362053207271,4181362053211998,4181362053214653,4727
576,"loop_slice_fusion_1.kd",2,8,692,1279882,1279882,125,125,0,0,8,0,16,64,"0x0","0x7ed35b989480",4181362052728039,4181362053211998,4181362053216685,4181362053222034,4687
577,"input_reduce_fusion_1.kd",2,8,693,1279882,1279882,64,64,0,0,8,0,16,64,"0x0","0x7ed35b9894c0",4181362052735019,4181362053216685,4181362053221372,4181362053227041,4687
578,"loop_select_fusion_5.kd",2,8,694,1279882,1279882,32000,256,0,0,8,0,32,64,"0x0","0x7ed35b989500",4181362052742310,4181362053221372,4181362053226340,4181362053231678,4968
579,"loop_select_fusion_2.kd",2,8,695,1279882,1279882,32000,256,0,0,4,4,16,64,"0x0","0x7ed35b989540",4181362052749461,4181362053226340,4181362053231067,4181362053237747,4727
580,"loop_reduce_window_fusion_10.kd",2,8,696,1279882,1279882,32000,256,0,0,8,0,16,64,"0x0","0x7ed35b989440",4181362052756201,4181362053231067,4181362053235874,4181362053242985,4807
581,"loop_reduce_window_fusion_11.kd",2,8,697,1279882,1279882,2048,256,0,0,8,0,16,64,"0x0","0x7ed35b989340",4181362052763632,4181362053235874,4181362053240641,4181362053247522,4767
582,"loop_slice_fusion_5.kd",2,8,698,1279882,1279882,8,8,0,0,20,4,16,64,"0x0","0x7ed35b989380",4181362052770983,4181362053240641,4181362053245368,4181362053252249,4727
583,"input_concatenate_fusion.kd",2,8,699,1279882,1279882,32000,256,0,0,12,4,32,64,"0x0","0x7ed35b989580",4181362052778083,4181362053245368,4181362053250576,4181362053257056,5208
584,"loop_compare_fusion.kd",2,8,700,1279882,1279882,36096,256,0,0,4,4,16,64,"0x0","0x7ed35b9895c0",4181362052785454,4181362053250576,4181362053255503,4181362053261863,4927
585,"input_reduce_reduce_window_fusion.kd",2,8,701,1279882,1279882,11520,256,0,0,24,0,48,64,"0x0","0x7ed35b989600",4181362052792295,4181362053255503,4181362053264076,4181362053266460,8573
586,"loop_reduce_window_fusion_2.kd",2,8,702,1279882,1279882,2304,256,0,0,8,0,16,64,"0x0","0x7ed35b989640",4181362052799996,4181362053264076,4181362053269243,4181362053270746,5167
587,"loop_slice_fusion_8.kd",2,8,703,1279882,1279882,9,9,0,0,20,4,16,64,"0x0","0x7ed35b989680",4181362052806836,4181362053269243,4181362053273930,4181362053275183,4687
588,"loop_broadcast_fusion.kd",2,8,704,1279882,1279882,36096,256,0,0,4,4,16,64,"0x0","0x7ed35b9896c0",4181362052814207,4181362053273930,4181362053278898,4181362053281242,4968
589,"input_scatter_fusion.kd",2,8,705,1279882,1279882,36096,256,0,0,12,4,32,64,"0x0","0x7ed35b989700",4181362052821648,4181362053278898,4181362053285868,4181362053286019,6970
590,"loop_reduce_window_fusion_1.kd",2,8,706,1279882,1279882,36096,256,0,0,8,0,16,64,"0x0","0x7ed35b989740",4181362052829991,4181362053285868,4181362053290715,4181362053290425,4847
591,"loop_reduce_window_fusion_2.kd",2,8,707,1279882,1279882,2304,256,0,0,8,0,16,64,"0x0","0x7ed35b989640",4181362052836450,4181362053290715,4181362053295683,4181362053298628,4968
592,"loop_slice_fusion_8.kd",2,8,708,1279882,1279882,9,9,0,0,20,4,16,64,"0x0","0x7ed35b989680",4181362052843210,4181362053295683,4181362053300370,4181362053303084,4687
593,"loop_slice_fusion.kd",2,8,709,1279882,1279882,141,141,0,0,8,0,16,64,"0x0","0x7ed35b989780",4181362052850531,4181362053300370,4181362053305057,4181362053315282,4687
594,"input_reduce_fusion_2.kd",2,8,710,1279882,1279882,64,64,0,0,8,0,16,64,"0x0","0x7ed35b9897c0",4181362052857231,4181362053305057,4181362053309744,4181362053310405,4687
595,"loop_select_fusion_4.kd",2,8,711,1279882,1279882,36096,256,0,0,8,0,32,64,"0x0","0x7ed35b989800",4181362052865644,4181362053309744,4181362053314591,4181362053319909,4847
596,"loop_select_fusion.kd",2,8,712,1279882,1279882,36096,256,0,0,8,0,16,64,"0x0","0x7ed35b989840",4181362052872854,4181362053314591,4181362053319518,4181362053324646,4927
597,"loop_compare_fusion_2.kd",2,8,713,1279882,1279882,4096,256,0,0,4,4,16,64,"0x0","0x7ed35b989880",4181362052879224,4181362053319518,4181362053324365,4181362053329323,4847
598,"input_reduce_reduce_window_fusion_2.kd",2,8,714,1279882,1279882,256,256,512,0,20,4,32,64,"0x0","0x7ed35b9898c0",4181362052886525,4181362053324365,4181362053340589,4181362053348472,16224
599,"loop_slice_fusion_3.kd",2,8,715,1279882,1279882,16,16,0,0,20,4,16,64,"0x0","0x7ed35b989900",4181362052892724,4181362053340589,4181362053345276,4181362053353269,4687
600,"loop_broadcast_fusion_3.kd",2,8,716,1279882,1279882,4096,256,0,0,4,4,16,64,"0x0","0x7ed35b989940",4181362052900475,4181362053345276,4181362053350204,4181362053357876,4928
601,"input_scatter_fusion_3.kd",2,8,717,1279882,1279882,4096,256,0,0,8,0,32,64,"0x0","0x7ed35b989980",4181362052907236,4181362053350204,4181362053356493,4181362053389673,6289
602,"loop_reduce_window_fusion_13.kd",2,8,718,1279882,1279882,4096,256,0,0,8,0,16,64,"0x0","0x7ed35b9899c0",4181362052914136,4181362053356493,4181362053361300,4181362053366549,4807
603,"loop_slice_fusion_3.kd",2,8,719,1279882,1279882,16,16,0,0,20,4,16,64,"0x0","0x7ed35b989900",4181362052922068,4181362053361300,4181362053365947,4181362053394150,4647
604,"loop_remainder_fusion.kd",2,8,720,1279882,1279882,4096,256,0,0,12,4,16,64,"0x0","0x7ed35b989a00",4181362052929328,4181362053365947,4181362053371435,4181362053370975,5488
605,"loop_select_fusion_3.kd",2,8,721,1279882,1279882,4096,256,0,0,8,0,32,64,"0x0","0x7ed35b989a40",4181362052935277,4181362053371435,4181362053376202,4181362053375762,4767
606,"loop_reduce_window_fusion_13.kd",2,8,722,1279882,1279882,4096,256,0,0,8,0,16,64,"0x0","0x7ed35b9899c0",4181362052963099,4181362053376202,4181362053380929,4181362053380690,4727
607,"loop_slice_fusion_3.kd",2,8,723,1279882,1279882,16,16,0,0,20,4,16,64,"0x0","0x7ed35b989900",4181362052971151,4181362053380929,4181362053385616,4181362053385216,4687
608,"input_concatenate_fusion_1.kd",2,8,724,1279882,1279882,4096,256,0,0,8,0,32,64,"0x0","0x7ed35b989a80",4181362052977600,4181362053385616,4181362053390904,4181362053401160,5288
609,"loop_compare_fusion_1.kd",2,8,725,1279882,1279882,8192,256,0,0,4,4,16,64,"0x0","0x7ed35b989ac0",4181362052985031,4181362053390904,4181362053395792,4181362053405777,4888
610,"input_reduce_reduce_window_fusion_1.kd",2,8,726,1279882,1279882,512,512,512,0,20,4,48,64,"0x0","0x7ed35b989b00",4181362052991992,4181362053395792,4181362053412056,4181362053412787,16264
611,"loop_reduce_window_fusion_6.kd",2,8,727,1279882,1279882,32,32,0,0,32,0,16,64,"0x0","0x7ed35b989b40",4181362052998641,4181362053412056,4181362053423433,4181362053429512,11377
612,"loop_broadcast_fusion_1.kd",2,8,728,1279882,1279882,8192,256,0,0,4,4,16,64,"0x0","0x7ed35b989b80",4181362053005902,4181362053423433,4181362053428360,4181362053434590,4927
613,"input_scatter_fusion_1.kd",2,8,729,1279882,1279882,8192,256,0,0,8,0,32,64,"0x0","0x7ed35b989bc0",4181362053013263,4181362053428360,4181362053433648,4181362053439147,5288
614,"loop_reduce_window_fusion_5.kd",2,8,730,1279882,1279882,8192,256,0,0,8,0,16,64,"0x0","0x7ed35b989c00",4181362053020083,4181362053433648,4181362053438695,4181362053446858,5047
615,"loop_reduce_window_fusion_4.kd",2,8,731,1279882,1279882,512,256,0,0,8,0,16,64,"0x0","0x7ed35b989c40",4181362053027214,4181362053438695,4181362053443583,4181362053451515,4888
616,"loop_reduce_window_fusion_3.kd",2,8,732,1279882,1279882,32,32,0,0,8,0,16,64,"0x0","0x7ed35b989c80",4181362053034996,4181362053443583,4181362053448350,4181362053460368,4767
617,"loop_select_fusion_6.kd",2,8,733,1279882,1279882,8192,256,0,0,8,0,32,64,"0x0","0x7ed35b989cc0",4181362053042677,4181362053448350,4181362053453317,4181362053456242,4967
618,"loop_select_fusion_1.kd",2,8,734,1279882,1279882,8192,256,0,0,8,0,16,64,"0x0","0x7ed35b989d00",4181362053049898,4181362053453317,4181362053458124,4181362053467369,4807
619,"loop_broadcast_fusion_4.kd",2,8,735,1279882,1279882,16,16,0,0,4,4,16,64,"0x0","0x7ed35b989d40",4181362053057840,4181362053458124,4181362053463052,4181362053472166,4928
620,"__amd_rocclr_fillBufferAligned.kd",2,8,736,1279882,1279882,77824,256,0,0,12,4,48,64,"0x0","0x7ed361483580",4181362053068836,4181362053463052,4181362053476912,4181362053478806,13860
621,"__amd_rocclr_fillBufferAligned.kd",2,8,737,1279882,1279882,16128,256,0,0,12,4,48,64,"0x0","0x7ed361483580",4181362053075816,4181362053476912,4181362053481839,4181362053483212,4927
622,"transformer_engine::fused_attn_rocm::populate_rng_state_kernel(long*, long const*, long) [clone .kd]",2,8,738,1279882,1279882,1,1,0,0,8,0,16,64,"0x0","0x7ed35b9ad380",4181362053085360,4181362053481839,4181362053486727,4181362053489552,4888
623,"__amd_rocclr_fillBufferAligned.kd",2,8,739,1279882,1279882,256,256,0,0,12,4,48,64,"0x0","0x7ed361483580",4181362053095305,4181362053486727,4181362053491454,4181362053494229,4727
624,"ck_fused_attn::get_runtime_max_seqlen_kernel(unsigned long, int const*, int const*, unsigned long*) [clone .kd]",2,8,740,1279882,1279882,4096,128,0,0,4,4,32,64,"0x0","0x7ed35b978940",4181362053100934,4181362053491454,4181362053497302,4181362053500338,5848
625,"__amd_rocclr_copyBuffer.kd",2,8,741,1279882,1279882,512,512,0,0,16,0,32,64,"0x7f13dfc71880","0x7ed361483600",4181362053119361,4181362053497302,4181362053502751,4181362053507598,5449
626,"__amd_rocclr_fillBufferAligned.kd",2,8,743,1279882,1279882,256,256,0,0,12,4,48,64,"0x0","0x7ed361483580",4181362053549961,4181362053561959,4181362053563882,4181362053592595,1923
627,"ck_fused_attn::get_runtime_max_seqlen_kernel(unsigned long, int const*, int const*, unsigned long*) [clone .kd]",2,8,744,1279882,1279882,4096,128,0,0,4,4,32,64,"0x0","0x7ed35b978940",4181362053561579,4181362053570371,4181362053576020,4181362053602169,5649
628,"__amd_rocclr_copyBuffer.kd",2,8,745,1279882,1279882,512,512,0,0,16,0,32,64,"0x7f13dfc71a00","0x7ed361483600",4181362053572605,4181362053581428,4181362053587677,4181362053597512,6249
629,"void transformer_engine::fused_attn_rocm::compute_scores_kernel<__half, transformer_engine::fused_attn_rocm::SmallSeqConfig<8, 128, 256, false, (transformer_engine::fused_attn_rocm::CausalMaskType)0>, 1>(__half const*, __half const*, __half*, float, int const*, int const*, int, int) [clone .kd]",2,8,747,1279882,1279882,64000,64,0,0,100,4,48,64,"0x0","0x7ed33c14ec00",4181362053615098,4181362053633826,4181362053674606,4181362053675959,40780
630,"void transformer_engine::fused_attn_rocm::apply_mask_and_softmax_kernel<__half, transformer_engine::fused_attn_rocm::SmallSeqConfig<8, 128, 256, false, (transformer_engine::fused_attn_rocm::CausalMaskType)0> >(__half*, __half const*, float, int const*, int, int) [clone .kd]",2,8,748,1279882,1279882,512000,256,1024,0,16,0,16,64,"0x0","0x7ed33c14ec40",4181362053631553,4181362053674606,4181362053679854,4181362053684001,5248
631,"void transformer_engine::fused_attn_rocm::compute_output_kernel<__half, transformer_engine::fused_attn_rocm::SmallSeqConfig<8, 128, 256, false, (transformer_engine::fused_attn_rocm::CausalMaskType)0>, 2, 8>(__half const*, __half const*, __half*, int const*, int const*, int, int) [clone .kd]",2,8,749,1279882,1279882,512000,64,16384,0,20,4,32,64,"0x0","0x7ed33c14ec80",4181362053638523,4181362053679854,4181362053734976,4181362053738312,55122
632,"loop_broadcast_fusion_5.kd",2,8,750,1279882,1279882,2048000,256,0,0,4,4,16,64,"0x0","0x7ed35b989d80",4181362053647957,4181362053734976,4181362053743108,4181362053745222,8132
633,"__amd_rocclr_fillBufferAligned.kd",2,8,751,1279882,1279882,77824,256,0,0,12,4,48,64,"0x0","0x7ed361483580",4181362053663891,4181362053743108,4181362053749878,4181362053752372,6770
634,"__amd_rocclr_fillBufferAligned.kd",2,8,752,1279882,1279882,77824,256,0,0,12,4,48,64,"0x0","0x7ed361483580",4181362053669649,4181362053749878,4181362053772432,4181362053776769,22554
635,"__amd_rocclr_fillBufferAligned.kd",2,8,753,1279882,1279882,77824,256,0,0,12,4,48,64,"0x0","0x7ed361483580",4181362053676179,4181362053772432,4181362053794825,4181362053794645,22393
636,"__amd_rocclr_fillBufferAligned.kd",2,8,754,1279882,1279882,256,256,0,0,12,4,48,64,"0x0","0x7ed361483580",4181362053700085,4181362053794825,4181362053799592,4181362053799242,4767
637,"ck_fused_attn::get_runtime_max_seqlen_kernel(unsigned long, int const*, int const*, unsigned long*) [clone .kd]",2,8,755,1279882,1279882,4096,128,0,0,4,4,32,64,"0x0","0x7ed35b978940",4181362053707456,4181362053799592,4181362053805841,4181362053805532,6249
638,"__amd_rocclr_copyBuffer.kd",2,8,756,1279882,1279882,512,512,0,0,16,0,32,64,"0x7f13dfde9300","0x7ed361483600",4181362053714887,4181362053805841,4181362053811330,4181362053812382,5489
639,"__amd_rocclr_fillBufferAligned.kd",2,8,758,1279882,1279882,256,256,0,0,12,4,48,64,"0x0","0x7ed361483580",4181362053831390,4181362053843217,4181362053845140,4181362053845020,1923
640,"ck_fused_attn::get_runtime_max_seqlen_kernel(unsigned long, int const*, int const*, unsigned long*) [clone .kd]",2,8,759,1279882,1279882,4096,128,0,0,4,4,32,64,"0x0","0x7ed35b978940",4181362053842747,4181362053860362,4181362053869456,4181362053877148,9094
641,"__amd_rocclr_copyBuffer.kd",2,8,760,1279882,1279882,512,512,0,0,16,0,32,64,"0x7f13dfc73b80","0x7ed361483600",4181362053858490,4181362053869456,4181362053875385,4181362053882396,5929
642,"void transformer_engine::fused_attn_rocm::compute_grad_v_kernel<__half, transformer_engine::fused_attn_rocm::SmallSeqConfig<8, 128, 256, false, (transformer_engine::fused_attn_rocm::CausalMaskType)0>, 16, 16>(__half const*, __half const*, __half*, int const*, int const*, int, int) [clone .kd]",2,8,762,1279882,1279882,256000,64,16384,0,28,4,32,64,"0x0","0x7ed33c150400",4181362053897018,4181362053911639,4181362053980421,4181362053988734,68782
643,"void transformer_engine::fused_attn_rocm::compute_grad_attn_kernel<__half, transformer_engine::fused_attn_rocm::SmallSeqConfig<8, 128, 256, false, (transformer_engine::fused_attn_rocm::CausalMaskType)0>, 16>(__half const*, __half const*, __half*, int const*, int const*, int, int) [clone .kd]",2,8,763,1279882,1279882,8000,64,0,0,104,0,64,64,"0x0","0x7ed33c150440",4181362053909817,4181362053980421,4181362054328499,4181362054328129,348078
644,"void transformer_engine::fused_attn_rocm::softmax_backward_kernel<__half, transformer_engine::fused_attn_rocm::SmallSeqConfig<8, 128, 256, false, (transformer_engine::fused_attn_rocm::CausalMaskType)0> >(__half const*, __half const*, __half*, float, int const*, int, int) [clone .kd]",2,8,764,1279882,1279882,512000,256,1024,0,12,4,16,64,"0x0","0x7ed33c150480",4181362053916867,4181362054328499,4181362054334427,4181362054337463,5928
645,"void transformer_engine::fused_attn_rocm::compute_grad_qk_kernel<__half, transformer_engine::fused_attn_rocm::SmallSeqConfig<8, 128, 256, false, (transformer_engine::fused_attn_rocm::CausalMaskType)0>, 4, 16>(__half const*, __half const*, __half const*, __half*, __half*, float, int const*, int const*, int, int) [clone .kd]",2,8,765,1279882,1279882,1024000,64,16384,0,36,4,64,64,"0x0","0x7ed33c1504c0",4181362053924839,4181362054334427,4181362054526473,4181362054540415,192046
646,"input_reduce_fusion.kd",2,8,766,1279882,1279882,524288,256,512,0,16,0,16,64,"0x0","0x7ed35b989dc0",4181362053933993,4181362054526473,4181362054537329,4181362054547465,10856
647,"input_reduce_fusion_3.kd",2,8,767,1279882,1279882,128,128,512,0,24,0,16,64,"0x0","0x7ed35b989e00",4181362053940813,4181362054537329,4181362054542176,4181362054552052,4847
648,"loop_convert_fusion.kd",2,8,768,1279882,1279882,1,1,0,0,4,4,16,64,"0x0","0x7ed35b989e40",4181362053947603,4181362054542176,4181362054546463,4181362054556689,4287
649,"input_reduce_reduce_window_fusion_3.kd",2,8,771,1279882,1279882,8192,256,0,0,28,4,48,64,"0x0","0x7ed35b989300",4181362054074722,4181362054558761,4181362054570298,4181362054588676,11537
650,"loop_reduce_window_fusion_11.kd",2,8,772,1279882,1279882,2048,256,0,0,8,0,16,64,"0x0","0x7ed35b989340",4181362054084146,4181362054570298,4181362054578310,4181362054593804,8012
651,"loop_slice_fusion_5.kd",2,8,773,1279882,1279882,8,8,0,0,20,4,16,64,"0x0","0x7ed35b989380",4181362054092328,4181362054578310,4181362054583558,4181362054598631,5248
652,"loop_broadcast_fusion_2.kd",2,8,774,1279882,1279882,32000,256,0,0,4,4,16,64,"0x0","0x7ed35b9893c0",4181362054099459,4181362054583558,4181362054589487,4181362054603458,5929
653,"input_scatter_fusion_2.kd",2,8,775,1279882,1279882,32000,256,0,0,12,4,32,64,"0x0","0x7ed35b989400",4181362054106740,4181362054589487,4181362054598420,4181362054608586,8933
654,"loop_reduce_window_fusion_10.kd",2,8,776,1279882,1279882,32000,256,0,0,8,0,16,64,"0x0","0x7ed35b989440",4181362054113049,4181362054598420,4181362054603267,4181362054613203,4847
655,"loop_reduce_window_fusion_11.kd",2,8,777,1279882,1279882,2048,256,0,0,8,0,16,64,"0x0","0x7ed35b989340",4181362054120149,4181362054603267,4181362054608275,4181362054618340,5008
656,"loop_slice_fusion_5.kd",2,8,778,1279882,1279882,8,8,0,0,20,4,16,64,"0x0","0x7ed35b989380",4181362054126148,4181362054608275,4181362054612922,4181362054623168,4647
657,"loop_slice_fusion_1.kd",2,8,779,1279882,1279882,125,125,0,0,8,0,16,64,"0x0","0x7ed35b989480",4181362054133690,4181362054612922,4181362054617609,4181362054632021,4687
658,"input_reduce_fusion_1.kd",2,8,780,1279882,1279882,64,64,0,0,8,0,16,64,"0x0","0x7ed35b9894c0",4181362054140910,4181362054617609,4181362054622296,4181362054636848,4687
659,"loop_select_fusion_5.kd",2,8,781,1279882,1279882,32000,256,0,0,8,0,32,64,"0x0","0x7ed35b989500",4181362054148191,4181362054622296,4181362054627263,4181362054641234,4967
660,"loop_select_fusion_2.kd",2,8,782,1279882,1279882,32000,256,0,0,4,4,16,64,"0x0","0x7ed35b989540",4181362054154971,4181362054627263,4181362054632030,4181362054645972,4767
661,"loop_reduce_window_fusion_10.kd",2,8,783,1279882,1279882,32000,256,0,0,8,0,16,64,"0x0","0x7ed35b989440",4181362054161791,4181362054632030,4181362054636837,4181362054650518,4807
662,"loop_reduce_window_fusion_11.kd",2,8,784,1279882,1279882,2048,256,0,0,8,0,16,64,"0x0","0x7ed35b989340",4181362054168311,4181362054636837,4181362054641765,4181362054655195,4928
663,"loop_slice_fusion_5.kd",2,8,785,1279882,1279882,8,8,0,0,20,4,16,64,"0x0","0x7ed35b989380",4181362054175281,4181362054641765,4181362054646492,4181362054659852,4727
664,"input_concatenate_fusion.kd",2,8,786,1279882,1279882,32000,256,0,0,12,4,32,64,"0x0","0x7ed35b989580",4181362054182382,4181362054646492,4181362054652300,4181362054664509,5808
665,"loop_compare_fusion.kd",2,8,787,1279882,1279882,36096,256,0,0,4,4,16,64,"0x0","0x7ed35b9895c0",4181362054189733,4181362054652300,4181362054657268,4181362054669056,4968
666,"input_reduce_reduce_window_fusion.kd",2,8,788,1279882,1279882,11520,256,0,0,24,0,48,64,"0x0","0x7ed35b989600",4181362054196193,4181362054657268,4181362054665720,4181362054673653,8452
667,"loop_reduce_window_fusion_2.kd",2,8,789,1279882,1279882,2304,256,0,0,8,0,16,64,"0x0","0x7ed35b989640",4181362054204104,4181362054665720,4181362054670607,4181362054678230,4887
668,"loop_slice_fusion_8.kd",2,8,790,1279882,1279882,9,9,0,0,20,4,16,64,"0x0","0x7ed35b989680",4181362054211385,4181362054670607,4181362054675294,4181362054683217,4687
669,"loop_broadcast_fusion.kd",2,8,791,1279882,1279882,36096,256,0,0,4,4,16,64,"0x0","0x7ed35b9896c0",4181362054219357,4181362054675294,4181362054680262,4181362054689837,4968
670,"input_scatter_fusion.kd",2,8,792,1279882,1279882,36096,256,0,0,12,4,32,64,"0x0","0x7ed35b989700",4181362054227339,4181362054680262,4181362054687152,4181362054693823,6890
671,"loop_reduce_window_fusion_1.kd",2,8,793,1279882,1279882,36096,256,0,0,8,0,16,64,"0x0","0x7ed35b989740",4181362054234449,4181362054687152,4181362054691999,4181362054698349,4847
672,"loop_reduce_window_fusion_2.kd",2,8,794,1279882,1279882,2304,256,0,0,8,0,16,64,"0x0","0x7ed35b989640",4181362054241230,4181362054691999,4181362054697007,4181362054703076,5008
673,"loop_slice_fusion_8.kd",2,8,795,1279882,1279882,9,9,0,0,20,4,16,64,"0x0","0x7ed35b989680",4181362054248100,4181362054697007,4181362054701654,4181362054707743,4647
674,"loop_slice_fusion.kd",2,8,796,1279882,1279882,141,141,0,0,8,0,16,64,"0x0","0x7ed35b989780",4181362054256112,4181362054701654,4181362054706381,4181362054711809,4727
675,"input_reduce_fusion_2.kd",2,8,797,1279882,1279882,64,64,0,0,8,0,16,64,"0x0","0x7ed35b9897c0",4181362054263643,4181362054706381,4181362054711068,4181362054719581,4687
676,"loop_select_fusion_4.kd",2,8,798,1279882,1279882,36096,256,0,0,8,0,32,64,"0x0","0x7ed35b989800",4181362054271525,4181362054711068,4181362054715995,4181362054724418,4927
677,"loop_select_fusion.kd",2,8,799,1279882,1279882,36096,256,0,0,8,0,16,64,"0x0","0x7ed35b989840",4181362054278665,4181362054715995,4181362054720962,4181362054729436,4967
678,"loop_compare_fusion_2.kd",2,8,800,1279882,1279882,4096,256,0,0,4,4,16,64,"0x0","0x7ed35b989880",4181362054285716,4181362054720962,4181362054725649,4181362054734273,4687
679,"input_reduce_reduce_window_fusion_2.kd",2,8,801,1279882,1279882,256,256,512,0,20,4,32,64,"0x0","0x7ed35b9898c0",4181362054292997,4181362054725649,4181362054743115,4181362054754833,17466
680,"loop_slice_fusion_3.kd",2,8,802,1279882,1279882,16,16,0,0,20,4,16,64,"0x0","0x7ed35b989900",4181362054299636,4181362054743115,4181362054747802,4181362054759991,4687
681,"loop_broadcast_fusion_3.kd",2,8,803,1279882,1279882,4096,256,0,0,4,4,16,64,"0x0","0x7ed35b989940",4181362054306667,4181362054747802,4181362054752569,4181362054765089,4767
682,"input_scatter_fusion_3.kd",2,8,804,1279882,1279882,4096,256,0,0,8,0,32,64,"0x0","0x7ed35b989980",4181362054314489,4181362054752569,4181362054758498,4181362054806060,5929
683,"loop_reduce_window_fusion_13.kd",2,8,805,1279882,1279882,4096,256,0,0,8,0,16,64,"0x0","0x7ed35b9899c0",4181362054321559,4181362054758498,4181362054763265,4181362054801903,4767
684,"loop_slice_fusion_3.kd",2,8,806,1279882,1279882,16,16,0,0,20,4,16,64,"0x0","0x7ed35b989900",4181362054327818,4181362054763265,4181362054767992,4181362054771058,4727
685,"loop_remainder_fusion.kd",2,8,807,1279882,1279882,4096,256,0,0,12,4,16,64,"0x0","0x7ed35b989a00",4181362054355650,4181362054767992,4181362054773480,4181362054775454,5488
686,"loop_select_fusion_3.kd",2,8,808,1279882,1279882,4096,256,0,0,8,0,32,64,"0x0","0x7ed35b989a40",4181362054364964,4181362054773480,4181362054778248,4181362054779951,4768
687,"loop_reduce_window_fusion_13.kd",2,8,809,1279882,1279882,4096,256,0,0,8,0,16,64,"0x0","0x7ed35b9899c0",4181362054372515,4181362054778248,4181362054782975,4181362054783987,4727
688,"loop_slice_fusion_3.kd",2,8,810,1279882,1279882,16,16,0,0,20,4,16,64,"0x0","0x7ed35b989900",4181362054379485,4181362054782975,4181362054787662,4181362054788473,4687
689,"input_concatenate_fusion_1.kd",2,8,811,1279882,1279882,4096,256,0,0,8,0,32,64,"0x0","0x7ed35b989a80",4181362054386616,4181362054787662,4181362054793030,4181362054793050,5368
690,"loop_compare_fusion_1.kd",2,8,812,1279882,1279882,8192,256,0,0,4,4,16,64,"0x0","0x7ed35b989ac0",4181362054394508,4181362054793030,4181362054797917,4181362054797617,4887
691,"input_reduce_reduce_window_fusion_1.kd",2,8,813,1279882,1279882,512,512,512,0,20,4,48,64,"0x0","0x7ed35b989b00",4181362054402620,4181362054797917,4181362054815142,4181362054822564,17225
692,"loop_reduce_window_fusion_6.kd",2,8,814,1279882,1279882,32,32,0,0,32,0,16,64,"0x0","0x7ed35b989b40",4181362054410131,4181362054815142,4181362054823475,4181362054827552,8333
693,"loop_broadcast_fusion_1.kd",2,8,815,1279882,1279882,8192,256,0,0,4,4,16,64,"0x0","0x7ed35b989b80",4181362054417061,4181362054823475,4181362054828482,4181362054832269,5007
694,"input_scatter_fusion_1.kd",2,8,816,1279882,1279882,8192,256,0,0,8,0,32,64,"0x0","0x7ed35b989bc0",4181362054424863,4181362054828482,4181362054834131,4181362054838898,5649
695,"loop_reduce_window_fusion_5.kd",2,8,817,1279882,1279882,8192,256,0,0,8,0,16,64,"0x0","0x7ed35b989c00",4181362054432294,4181362054834131,4181362054839218,4181362054844517,5087
696,"loop_reduce_window_fusion_4.kd",2,8,818,1279882,1279882,512,256,0,0,8,0,16,64,"0x0","0x7ed35b989c40",4181362054439785,4181362054839218,4181362054844146,4181362054849074,4928
697,"loop_reduce_window_fusion_3.kd",2,8,819,1279882,1279882,32,32,0,0,8,0,16,64,"0x0","0x7ed35b989c80",4181362054446865,4181362054844146,4181362054848953,4181362054856134,4807
698,"loop_select_fusion_6.kd",2,8,820,1279882,1279882,8192,256,0,0,8,0,32,64,"0x0","0x7ed35b989cc0",4181362054453896,4181362054848953,4181362054853840,4181362054860521,4887
699,"loop_select_fusion_1.kd",2,8,821,1279882,1279882,8192,256,0,0,8,0,16,64,"0x0","0x7ed35b989d00",4181362054461557,4181362054853840,4181362054858687,4181362054865007,4847
700,"loop_broadcast_fusion_4.kd",2,8,822,1279882,1279882,16,16,0,0,4,4,16,64,"0x0","0x7ed35b989d40",4181362054469088,4181362054858687,4181362054863534,4181362054871547,4847
701,"__amd_rocclr_fillBufferAligned.kd",2,8,823,1279882,1279882,77824,256,0,0,12,4,48,64,"0x0","0x7ed361483580",4181362054480335,4181362054863534,4181362054877836,4181362054878077,14302
702,"__amd_rocclr_fillBufferAligned.kd",2,8,824,1279882,1279882,16128,256,0,0,12,4,48,64,"0x0","0x7ed361483580",4181362054487366,4181362054877836,4181362054882803,4181362054884757,4967
703,"transformer_engine::fused_attn_rocm::populate_rng_state_kernel(long*, long const*, long) [clone .kd]",2,8,825,1279882,1279882,1,1,0,0,8,0,16,64,"0x0","0x7ed35b9ad380",4181362054496329,4181362054882803,4181362054887730,4181362054889283,4927
704,"__amd_rocclr_fillBufferAligned.kd",2,8,826,1279882,1279882,256,256,0,0,12,4,48,64,"0x0","0x7ed361483580",4181362054505803,4181362054887730,4181362054892417,4181362054895483,4687
705,"ck_fused_attn::get_runtime_max_seqlen_kernel(unsigned long, int const*, int const*, unsigned long*) [clone .kd]",2,8,827,1279882,1279882,4096,128,0,0,4,4,32,64,"0x0","0x7ed35b978940",4181362054512994,4181362054892417,4181362054898266,4181362054899689,5849
706,"__amd_rocclr_copyBuffer.kd",2,8,828,1279882,1279882,512,512,0,0,16,0,32,64,"0x7f13dfde9000","0x7ed361483600",4181362054521036,4181362054898266,4181362054903754,4181362054905908,5488
707,"__amd_rocclr_fillBufferAligned.kd",2,8,830,1279882,1279882,256,256,0,0,12,4,48,64,"0x0","0x7ed361483580",4181362054946549,4181362054965807,4181362054967809,4181362054988771,2002
708,"ck_fused_attn::get_runtime_max_seqlen_kernel(unsigned long, int const*, int const*, unsigned long*) [clone .kd]",2,8,831,1279882,1279882,4096,128,0,0,4,4,32,64,"0x0","0x7ed35b978940",4181362054965377,4181362054973658,4181362054981910,4181362054998296,8252
709,"__amd_rocclr_copyBuffer.kd",2,8,832,1279882,1279882,512,512,0,0,16,0,32,64,"0x7f13dfde8f00","0x7ed361483600",4181362054972848,4181362054981910,4181362054987759,4181362054993488,5849
710,"void transformer_engine::fused_attn_rocm::compute_scores_kernel<__half, transformer_engine::fused_attn_rocm::SmallSeqConfig<8, 128, 256, false, (transformer_engine::fused_attn_rocm::CausalMaskType)0>, 1>(__half const*, __half const*, __half*, float, int const*, int const*, int, int) [clone .kd]",2,8,834,1279882,1279882,64000,64,0,0,100,4,48,64,"0x0","0x7ed33c14ec00",4181362055011555,4181362055021770,4181362055060748,4181362055066938,38978
711,"void transformer_engine::fused_attn_rocm::apply_mask_and_softmax_kernel<__half, transformer_engine::fused_attn_rocm::SmallSeqConfig<8, 128, 256, false, (transformer_engine::fused_attn_rocm::CausalMaskType)0> >(__half*, __half const*, float, int const*, int, int) [clone .kd]",2,8,835,1279882,1279882,512000,256,1024,0,16,0,16,64,"0x0","0x7ed33c14ec40",4181362055019307,4181362055060748,4181362055066076,4181362055073908,5328
712,"void transformer_engine::fused_attn_rocm::compute_output_kernel<__half, transformer_engine::fused_attn_rocm::SmallSeqConfig<8, 128, 256, false, (transformer_engine::fused_attn_rocm::CausalMaskType)0>, 2, 8>(__half const*, __half const*, __half*, int const*, int const*, int, int) [clone .kd]",2,8,836,1279882,1279882,512000,64,16384,0,20,4,32,64,"0x0","0x7ed33c14ec80",4181362055026387,4181362055066076,4181362055119034,4181362055133326,52958
713,"loop_broadcast_fusion_5.kd",2,8,837,1279882,1279882,2048000,256,0,0,4,4,16,64,"0x0","0x7ed35b989d80",4181362055043212,4181362055119034,4181362055127086,4181362055127237,8052
714,"__amd_rocclr_fillBufferAligned.kd",2,8,838,1279882,1279882,77824,256,0,0,12,4,48,64,"0x0","0x7ed361483580",4181362055057904,4181362055127086,4181362055133816,4181362055138274,6730
715,"__amd_rocclr_fillBufferAligned.kd",2,8,839,1279882,1279882,77824,256,0,0,12,4,48,64,"0x0","0x7ed361483580",4181362055064113,4181362055133816,4181362055156851,4181362055164623,23035
716,"__amd_rocclr_fillBufferAligned.kd",2,8,840,1279882,1279882,77824,256,0,0,12,4,48,64,"0x0","0x7ed361483580",4181362055070883,4181362055156851,4181362055179124,4181362055182810,22273
717,"__amd_rocclr_fillBufferAligned.kd",2,8,841,1279882,1279882,256,256,0,0,12,4,48,64,"0x0","0x7ed361483580",4181362055080448,4181362055179124,4181362055183851,4181362055194688,4727
718,"ck_fused_attn::get_runtime_max_seqlen_kernel(unsigned long, int const*, int const*, unsigned long*) [clone .kd]",2,8,842,1279882,1279882,4096,128,0,0,4,4,32,64,"0x0","0x7ed35b978940",4181362055087438,4181362055183851,4181362055189860,4181362055190021,6009
719,"__amd_rocclr_copyBuffer.kd",2,8,843,1279882,1279882,512,512,0,0,16,0,32,64,"0x7f13dfde8e00","0x7ed361483600",4181362055094809,4181362055189860,4181362055195428,4181362055200797,5568
720,"__amd_rocclr_fillBufferAligned.kd",2,8,845,1279882,1279882,256,256,0,0,12,4,48,64,"0x0","0x7ed361483580",4181362055220596,4181362055231642,4181362055233805,4181362055234357,2163
721,"ck_fused_attn::get_runtime_max_seqlen_kernel(unsigned long, int const*, int const*, unsigned long*) [clone .kd]",2,8,846,1279882,1279882,4096,128,0,0,4,4,32,64,"0x0","0x7ed35b978940",4181362055231312,4181362055239534,4181362055245543,4181362055247216,6009
722,"__amd_rocclr_copyBuffer.kd",2,8,847,1279882,1279882,512,512,0,0,16,0,32,64,"0x7f13dfc73880","0x7ed361483600",4181362055238102,4181362055262448,4181362055268897,4181362055275848,6449
723,"void transformer_engine::fused_attn_rocm::compute_grad_v_kernel<__half, transformer_engine::fused_attn_rocm::SmallSeqConfig<8, 128, 256, false, (transformer_engine::fused_attn_rocm::CausalMaskType)0>, 16, 16>(__half const*, __half const*, __half*, int const*, int const*, int, int) [clone .kd]",2,8,849,1279882,1279882,256000,64,16384,0,28,4,32,64,"0x0","0x7ed33c150400",4181362055291221,4181362055302627,4181362055369206,4181362055369518,66579
724,"void transformer_engine::fused_attn_rocm::compute_grad_attn_kernel<__half, transformer_engine::fused_attn_rocm::SmallSeqConfig<8, 128, 256, false, (transformer_engine::fused_attn_rocm::CausalMaskType)0>, 16>(__half const*, __half const*, __half*, int const*, int const*, int, int) [clone .kd]",2,8,850,1279882,1279882,8000,64,0,0,104,0,64,64,"0x0","0x7ed33c150440",4181362055301076,4181362055369206,4181362055717685,4181362055724105,348479
725,"void transformer_engine::fused_attn_rocm::softmax_backward_kernel<__half, transformer_engine::fused_attn_rocm::SmallSeqConfig<8, 128, 256, false, (transformer_engine::fused_attn_rocm::CausalMaskType)0> >(__half const*, __half const*, __half*, float, int const*, int, int) [clone .kd]",2,8,851,1279882,1279882,512000,256,1024,0,12,4,16,64,"0x0","0x7ed33c150480",4181362055310420,4181362055717685,4181362055724695,4181362055733118,7010
726,"void transformer_engine::fused_attn_rocm::compute_grad_qk_kernel<__half, transformer_engine::fused_attn_rocm::SmallSeqConfig<8, 128, 256, false, (transformer_engine::fused_attn_rocm::CausalMaskType)0>, 4, 16>(__half const*, __half const*, __half const*, __half*, __half*, float, int const*, int const*, int, int) [clone .kd]",2,8,852,1279882,1279882,1024000,64,16384,0,36,4,64,64,"0x0","0x7ed33c1504c0",4181362055318211,4181362055724695,4181362055915539,4181362055927397,190844
727,"input_reduce_fusion.kd",2,8,853,1279882,1279882,524288,256,512,0,16,0,16,64,"0x0","0x7ed35b989dc0",4181362055326634,4181362055915539,4181362055925794,4181362055934488,10255
728,"input_reduce_fusion_3.kd",2,8,854,1279882,1279882,128,128,512,0,24,0,16,64,"0x0","0x7ed35b989e00",4181362055333354,4181362055925794,4181362055931523,4181362055939355,5729
729,"loop_convert_fusion.kd",2,8,855,1279882,1279882,1,1,0,0,4,4,16,64,"0x0","0x7ed35b989e40",4181362055340575,4181362055931523,4181362055935569,4181362055944553,4046
730,"input_reduce_reduce_window_fusion_3.kd",2,8,858,1279882,1279882,8192,256,0,0,28,4,48,64,"0x0","0x7ed35b989300",4181362055467543,4181362055947066,4181362055958603,4181362055975930,11537
731,"loop_reduce_window_fusion_11.kd",2,8,859,1279882,1279882,2048,256,0,0,8,0,16,64,"0x0","0x7ed35b989340",4181362055477068,4181362055958603,4181362055966174,4181362055980386,7571
732,"loop_slice_fusion_5.kd",2,8,860,1279882,1279882,8,8,0,0,20,4,16,64,"0x0","0x7ed35b989380",4181362055484098,4181362055966174,4181362055971462,4181362055985524,5288
733,"loop_broadcast_fusion_2.kd",2,8,861,1279882,1279882,32000,256,0,0,4,4,16,64,"0x0","0x7ed35b9893c0",4181362055491239,4181362055971462,4181362055977711,4181362055990611,6249
734,"input_scatter_fusion_2.kd",2,8,862,1279882,1279882,32000,256,0,0,12,4,32,64,"0x0","0x7ed35b989400",4181362055498469,4181362055977711,4181362055986244,4181362055995759,8533
735,"loop_reduce_window_fusion_10.kd",2,8,863,1279882,1279882,32000,256,0,0,8,0,16,64,"0x0","0x7ed35b989440",4181362055505069,4181362055986244,4181362055991091,4181362056000606,4847
736,"loop_reduce_window_fusion_11.kd",2,8,864,1279882,1279882,2048,256,0,0,8,0,16,64,"0x0","0x7ed35b989340",4181362055512110,4181362055991091,4181362055996059,4181362056005443,4968
737,"loop_slice_fusion_5.kd",2,8,865,1279882,1279882,8,8,0,0,20,4,16,64,"0x0","0x7ed35b989380",4181362055518299,4181362055996059,4181362056000786,4181362056010241,4727
738,"loop_slice_fusion_1.kd",2,8,866,1279882,1279882,125,125,0,0,8,0,16,64,"0x0","0x7ed35b989480",4181362055525139,4181362056000786,4181362056005433,4181362056018843,4647
739,"input_reduce_fusion_1.kd",2,8,867,1279882,1279882,64,64,0,0,8,0,16,64,"0x0","0x7ed35b9894c0",4181362055532760,4181362056005433,4181362056010120,4181362056024762,4687
740,"loop_select_fusion_5.kd",2,8,868,1279882,1279882,32000,256,0,0,8,0,32,64,"0x0","0x7ed35b989500",4181362055540542,4181362056010120,4181362056015047,4181362056029489,4927
741,"loop_select_fusion_2.kd",2,8,869,1279882,1279882,32000,256,0,0,4,4,16,64,"0x0","0x7ed35b989540",4181362055547903,4181362056015047,4181362056019774,4181362056034036,4727
742,"loop_reduce_window_fusion_10.kd",2,8,870,1279882,1279882,32000,256,0,0,8,0,16,64,"0x0","0x7ed35b989440",4181362055554883,4181362056019774,4181362056024541,4181362056038693,4767
743,"loop_reduce_window_fusion_11.kd",2,8,871,1279882,1279882,2048,256,0,0,8,0,16,64,"0x0","0x7ed35b989340",4181362055561643,4181362056024541,4181362056029388,4181362056043099,4847
744,"loop_slice_fusion_5.kd",2,8,872,1279882,1279882,8,8,0,0,20,4,16,64,"0x0","0x7ed35b989380",4181362055568413,4181362056029388,4181362056034075,4181362056047636,4687
745,"input_concatenate_fusion.kd",2,8,873,1279882,1279882,32000,256,0,0,12,4,32,64,"0x0","0x7ed35b989580",4181362055575324,4181362056034075,4181362056039283,4181362056052223,5208
746,"loop_compare_fusion.kd",2,8,874,1279882,1279882,36096,256,0,0,4,4,16,64,"0x0","0x7ed35b9895c0",4181362055581863,4181362056039283,4181362056044250,4181362056056750,4967
747,"input_reduce_reduce_window_fusion.kd",2,8,875,1279882,1279882,11520,256,0,0,24,0,48,64,"0x0","0x7ed35b989600",4181362055589164,4181362056044250,4181362056052823,4181362056061447,8573
748,"loop_reduce_window_fusion_2.kd",2,8,876,1279882,1279882,2304,256,0,0,8,0,16,64,"0x0","0x7ed35b989640",4181362055595924,4181362056052823,4181362056057670,4181362056066474,4847
749,"loop_slice_fusion_8.kd",2,8,877,1279882,1279882,9,9,0,0,20,4,16,64,"0x0","0x7ed35b989680",4181362055603436,4181362056057670,4181362056062317,4181362056071121,4647
750,"loop_broadcast_fusion.kd",2,8,878,1279882,1279882,36096,256,0,0,4,4,16,64,"0x0","0x7ed35b9896c0",4181362055610997,4181362056062317,4181362056067285,4181362056081927,4968
751,"input_scatter_fusion.kd",2,8,879,1279882,1279882,36096,256,0,0,12,4,32,64,"0x0","0x7ed35b989700",4181362055617747,4181362056067285,4181362056074375,4181362056086644,7090
752,"loop_reduce_window_fusion_1.kd",2,8,880,1279882,1279882,36096,256,0,0,8,0,16,64,"0x0","0x7ed35b989740",4181362055625699,4181362056074375,4181362056079222,4181362056091491,4847
753,"loop_reduce_window_fusion_2.kd",2,8,881,1279882,1279882,2304,256,0,0,8,0,16,64,"0x0","0x7ed35b989640",4181362055632158,4181362056079222,4181362056084270,4181362056096018,5048
754,"loop_slice_fusion_8.kd",2,8,882,1279882,1279882,9,9,0,0,20,4,16,64,"0x0","0x7ed35b989680",4181362055639449,4181362056084270,4181362056088917,4181362056110009,4647
755,"loop_slice_fusion.kd",2,8,883,1279882,1279882,141,141,0,0,8,0,16,64,"0x0","0x7ed35b989780",4181362055646710,4181362056088917,4181362056093564,4181362056105893,4647
756,"input_reduce_fusion_2.kd",2,8,884,1279882,1279882,64,64,0,0,8,0,16,64,"0x0","0x7ed35b9897c0",4181362055653600,4181362056093564,4181362056098331,4181362056100915,4767
757,"loop_select_fusion_4.kd",2,8,885,1279882,1279882,36096,256,0,0,8,0,32,64,"0x0","0x7ed35b989800",4181362055661812,4181362056098331,4181362056103218,4181362056118562,4887
758,"loop_select_fusion.kd",2,8,886,1279882,1279882,36096,256,0,0,8,0,16,64,"0x0","0x7ed35b989840",4181362055668402,4181362056103218,4181362056108145,4181362056123529,4927
759,"loop_compare_fusion_2.kd",2,8,887,1279882,1279882,4096,256,0,0,4,4,16,64,"0x0","0x7ed35b989880",4181362055676224,4181362056108145,4181362056112913,4181362056128006,4768
760,"input_reduce_reduce_window_fusion_2.kd",2,8,888,1279882,1279882,256,256,512,0,20,4,32,64,"0x0","0x7ed35b9898c0",4181362055683064,4181362056112913,4181362056129497,4181362056132452,16584
761,"loop_slice_fusion_3.kd",2,8,889,1279882,1279882,16,16,0,0,20,4,16,64,"0x0","0x7ed35b989900",4181362055689634,4181362056129497,4181362056134184,4181362056137179,4687
762,"loop_broadcast_fusion_3.kd",2,8,890,1279882,1279882,4096,256,0,0,4,4,16,64,"0x0","0x7ed35b989940",4181362055697305,4181362056134184,4181362056139071,4181362056142387,4887
763,"input_scatter_fusion_3.kd",2,8,891,1279882,1279882,4096,256,0,0,8,0,32,64,"0x0","0x7ed35b989980",4181362055703865,4181362056139071,4181362056145441,4181362056154966,6370
764,"loop_reduce_window_fusion_13.kd",2,8,892,1279882,1279882,4096,256,0,0,8,0,16,64,"0x0","0x7ed35b9899c0",4181362055711416,4181362056145441,4181362056150248,4181362056150820,4807
765,"loop_slice_fusion_3.kd",2,8,893,1279882,1279882,16,16,0,0,20,4,16,64,"0x0","0x7ed35b989900",4181362055717716,4181362056150248,4181362056154935,4181362056159232,4687
766,"loop_remainder_fusion.kd",2,8,894,1279882,1279882,4096,256,0,0,12,4,16,64,"0x0","0x7ed35b989a00",4181362055724976,4181362056154935,4181362056160503,4181362056165872,5568
767,"loop_select_fusion_3.kd",2,8,895,1279882,1279882,4096,256,0,0,8,0,32,64,"0x0","0x7ed35b989a40",4181362055750454,4181362056160503,4181362056165351,4181362056170469,4848
768,"loop_reduce_window_fusion_13.kd",2,8,896,1279882,1279882,4096,256,0,0,8,0,16,64,"0x0","0x7ed35b9899c0",4181362055758476,4181362056165351,4181362056170037,4181362056175156,4686
769,"loop_slice_fusion_3.kd",2,8,897,1279882,1279882,16,16,0,0,20,4,16,64,"0x0","0x7ed35b989900",4181362055764345,4181362056170037,4181362056174684,4181362056181706,4647
770,"input_concatenate_fusion_1.kd",2,8,898,1279882,1279882,4096,256,0,0,8,0,32,64,"0x0","0x7ed35b989a80",4181362055770965,4181362056174684,4181362056180293,4181362056186553,5609
771,"loop_compare_fusion_1.kd",2,8,899,1279882,1279882,8192,256,0,0,4,4,16,64,"0x0","0x7ed35b989ac0",4181362055777945,4181362056180293,4181362056185180,4181362056191080,4887
772,"input_reduce_reduce_window_fusion_1.kd",2,8,900,1279882,1279882,512,512,512,0,20,4,48,64,"0x0","0x7ed35b989b00",4181362055785066,4181362056185180,4181362056201765,4181362056216958,16585
773,"loop_reduce_window_fusion_6.kd",2,8,901,1279882,1279882,32,32,0,0,32,0,16,64,"0x0","0x7ed35b989b40",4181362055792026,4181362056201765,4181362056213943,4181362056222757,12178
774,"loop_broadcast_fusion_1.kd",2,8,902,1279882,1279882,8192,256,0,0,4,4,16,64,"0x0","0x7ed35b989b80",4181362055798876,4181362056213943,4181362056218910,4181362056227123,4967
775,"input_scatter_fusion_1.kd",2,8,903,1279882,1279882,8192,256,0,0,8,0,32,64,"0x0","0x7ed35b989bc0",4181362055806147,4181362056218910,4181362056224278,4181362056233763,5368
776,"loop_reduce_window_fusion_5.kd",2,8,904,1279882,1279882,8192,256,0,0,8,0,16,64,"0x0","0x7ed35b989c00",4181362055813248,4181362056224278,4181362056229366,4181362056253192,5088
777,"loop_reduce_window_fusion_4.kd",2,8,905,1279882,1279882,512,256,0,0,8,0,16,64,"0x0","0x7ed35b989c40",4181362055820228,4181362056229366,4181362056234293,4181362056257598,4927
778,"loop_reduce_window_fusion_3.kd",2,8,906,1279882,1279882,32,32,0,0,8,0,16,64,"0x0","0x7ed35b989c80",4181362055827048,4181362056234293,4181362056238980,4181362056239932,4687
779,"loop_select_fusion_6.kd",2,8,907,1279882,1279882,8192,256,0,0,8,0,32,64,"0x0","0x7ed35b989cc0",4181362055834730,4181362056238980,4181362056243907,4181362056244529,4927
780,"loop_select_fusion_1.kd",2,8,908,1279882,1279882,8192,256,0,0,8,0,16,64,"0x0","0x7ed35b989d00",4181362055841399,4181362056243907,4181362056248795,4181362056248765,4888
781,"loop_broadcast_fusion_4.kd",2,8,909,1279882,1279882,16,16,0,0,4,4,16,64,"0x0","0x7ed35b989d40",4181362055848901,4181362056248795,4181362056253722,4181362056263678,4927
782,"__amd_rocclr_fillBufferAligned.kd",2,8,910,1279882,1279882,77824,256,0,0,12,4,48,64,"0x0","0x7ed361483580",4181362055860898,4181362056253722,4181362056266781,4181362056268044,13059
783,"__amd_rocclr_fillBufferAligned.kd",2,8,911,1279882,1279882,16128,256,0,0,12,4,48,64,"0x0","0x7ed361483580",4181362055866817,4181362056266781,4181362056271709,4181362056272511,4928
784,"transformer_engine::fused_attn_rocm::populate_rng_state_kernel(long*, long const*, long) [clone .kd]",2,8,912,1279882,1279882,1,1,0,0,8,0,16,64,"0x0","0x7ed35b9ad380",4181362055877012,4181362056271709,4181362056276556,4181362056278770,4847
785,"__amd_rocclr_fillBufferAligned.kd",2,8,913,1279882,1279882,256,256,0,0,12,4,48,64,"0x0","0x7ed361483580",4181362055886817,4181362056276556,4181362056281283,4181362056283487,4727
786,"ck_fused_attn::get_runtime_max_seqlen_kernel(unsigned long, int const*, int const*, unsigned long*) [clone .kd]",2,8,914,1279882,1279882,4096,128,0,0,4,4,32,64,"0x0","0x7ed35b978940",4181362055894789,4181362056281283,4181362056287492,4181362056287833,6209
787,"__amd_rocclr_copyBuffer.kd",2,8,915,1279882,1279882,512,512,0,0,16,0,32,64,"0x7f13dfde8b00","0x7ed361483600",4181362055902931,4181362056287492,4181362056293020,4181362056294463,5528
788,"__amd_rocclr_fillBufferAligned.kd",2,8,917,1279882,1279882,256,256,0,0,12,4,48,64,"0x0","0x7ed361483580",4181362056340081,4181362056355994,4181362056358117,4181362056379059,2123
789,"ck_fused_attn::get_runtime_max_seqlen_kernel(unsigned long, int const*, int const*, unsigned long*) [clone .kd]",2,8,918,1279882,1279882,4096,128,0,0,4,4,32,64,"0x0","0x7ed35b978940",4181362056356666,4181362056364767,4181362056374021,4181362056389555,9254
790,"__amd_rocclr_copyBuffer.kd",2,8,919,1279882,1279882,512,512,0,0,16,0,32,64,"0x7f13dfc73480","0x7ed361483600",4181362056363746,4181362056374021,4181362056379429,4181362056384527,5408
791,"void transformer_engine::fused_attn_rocm::compute_scores_kernel<__half, transformer_engine::fused_attn_rocm::SmallSeqConfig<8, 128, 256, false, (transformer_engine::fused_attn_rocm::CausalMaskType)0>, 1>(__half const*, __half const*, __half*, float, int const*, int const*, int, int) [clone .kd]",2,8,921,1279882,1279882,64000,64,0,0,100,4,48,64,"0x0","0x7ed33c14ec00",4181362056401342,4181362056410956,4181362056457705,4181362056464426,46749
792,"void transformer_engine::fused_attn_rocm::apply_mask_and_softmax_kernel<__half, transformer_engine::fused_attn_rocm::SmallSeqConfig<8, 128, 256, false, (transformer_engine::fused_attn_rocm::CausalMaskType)0> >(__half*, __half const*, float, int const*, int, int) [clone .kd]",2,8,922,1279882,1279882,512000,256,1024,0,16,0,16,64,"0x0","0x7ed33c14ec40",4181362056408813,4181362056457705,4181362056463113,4181362056471196,5408
793,"void transformer_engine::fused_attn_rocm::compute_output_kernel<__half, transformer_engine::fused_attn_rocm::SmallSeqConfig<8, 128, 256, false, (transformer_engine::fused_attn_rocm::CausalMaskType)0>, 2, 8>(__half const*, __half const*, __half*, int const*, int const*, int, int) [clone .kd]",2,8,923,1279882,1279882,512000,64,16384,0,20,4,32,64,"0x0","0x7ed33c14ec80",4181362056415774,4181362056463113,4181362056516633,4181362056516814,53520
794,"loop_broadcast_fusion_5.kd",2,8,924,1279882,1279882,2048000,256,0,0,4,4,16,64,"0x0","0x7ed35b989d80",4181362056432829,4181362056516633,4181362056524725,4181362056525377,8092
795,"__amd_rocclr_fillBufferAligned.kd",2,8,925,1279882,1279882,77824,256,0,0,12,4,48,64,"0x0","0x7ed361483580",4181362056448603,4181362056524725,4181362056531455,4181362056532077,6730
796,"__amd_rocclr_fillBufferAligned.kd",2,8,926,1279882,1279882,77824,256,0,0,12,4,48,64,"0x0","0x7ed361483580",4181362056455132,4181362056531455,4181362056554449,4181362056556763,22994
797,"__amd_rocclr_fillBufferAligned.kd",2,8,927,1279882,1279882,77824,256,0,0,12,4,48,64,"0x0","0x7ed361483580",4181362056461962,4181362056554449,4181362056576722,4181362056589432,22273
798,"__amd_rocclr_fillBufferAligned.kd",2,8,928,1279882,1279882,256,256,0,0,12,4,48,64,"0x0","0x7ed361483580",4181362056471166,4181362056576722,4181362056581610,4181362056584304,4888
799,"ck_fused_attn::get_runtime_max_seqlen_kernel(unsigned long, int const*, int const*, unsigned long*) [clone .kd]",2,8,929,1279882,1279882,4096,128,0,0,4,4,32,64,"0x0","0x7ed35b978940",4181362056486088,4181362056581610,4181362056587538,4181362056598455,5928
800,"__amd_rocclr_copyBuffer.kd",2,8,930,1279882,1279882,512,512,0,0,16,0,32,64,"0x7f13dfde8900","0x7ed361483600",4181362056493840,4181362056587538,4181362056592946,4181362056593859,5408
801,"__amd_rocclr_fillBufferAligned.kd",2,8,932,1279882,1279882,256,256,0,0,12,4,48,64,"0x0","0x7ed361483580",4181362056609101,4181362056621669,4181362056623592,4181362056625035,1923
802,"ck_fused_attn::get_runtime_max_seqlen_kernel(unsigned long, int const*, int const*, unsigned long*) [clone .kd]",2,8,933,1279882,1279882,4096,128,0,0,4,4,32,64,"0x0","0x7ed35b978940",4181362056620518,4181362056629120,4181362056635049,4181362056639837,5929
803,"__amd_rocclr_copyBuffer.kd",2,8,934,1279882,1279882,512,512,0,0,16,0,32,64,"0x7f13dfde8800","0x7ed361483600",4181362056627218,4181362056646146,4181362056652715,4181362056655851,6569
804,"void transformer_engine::fused_attn_rocm::compute_grad_v_kernel<__half, transformer_engine::fused_attn_rocm::SmallSeqConfig<8, 128, 256, false, (transformer_engine::fused_attn_rocm::CausalMaskType)0>, 16, 16>(__half const*, __half const*, __half*, int const*, int const*, int, int) [clone .kd]",2,8,936,1279882,1279882,256000,64,16384,0,28,4,32,64,"0x0","0x7ed33c150400",4181362056671504,4181362056685524,4181362056753625,4181362056763972,68101
805,"void transformer_engine::fused_attn_rocm::compute_grad_attn_kernel<__half, transformer_engine::fused_attn_rocm::SmallSeqConfig<8, 128, 256, false, (transformer_engine::fused_attn_rocm::CausalMaskType)0>, 16>(__half const*, __half const*, __half*, int const*, int const*, int, int) [clone .kd]",2,8,937,1279882,1279882,8000,64,0,0,104,0,64,64,"0x0","0x7ed33c150440",4181362056683912,4181362056753625,4181362057100301,4181362057100722,346676
806,"void transformer_engine::fused_attn_rocm::softmax_backward_kernel<__half, transformer_engine::fused_attn_rocm::SmallSeqConfig<8, 128, 256, false, (transformer_engine::fused_attn_rocm::CausalMaskType)0> >(__half const*, __half const*, __half*, float, int const*, int, int) [clone .kd]",2,8,938,1279882,1279882,512000,256,1024,0,12,4,16,64,"0x0","0x7ed33c150480",4181362056691063,4181362057100301,4181362057106150,4181362057108995,5849
807,"void transformer_engine::fused_attn_rocm::compute_grad_qk_kernel<__half, transformer_engine::fused_attn_rocm::SmallSeqConfig<8, 128, 256, false, (transformer_engine::fused_attn_rocm::CausalMaskType)0>, 4, 16>(__half const*, __half const*, __half const*, __half*, __half*, float, int const*, int const*, int, int) [clone .kd]",2,8,939,1279882,1279882,1024000,64,16384,0,36,4,64,64,"0x0","0x7ed33c1504c0",4181362056699405,4181362057106150,4181362057303603,4181362057313869,197453
808,"input_reduce_fusion.kd",2,8,940,1279882,1279882,524288,256,512,0,16,0,16,64,"0x0","0x7ed35b989dc0",4181362056707988,4181362057303603,4181362057313698,4181362057320349,10095
809,"input_reduce_fusion_3.kd",2,8,941,1279882,1279882,128,128,512,0,24,0,16,64,"0x0","0x7ed35b989e00",4181362056714618,4181362057313698,4181362057319427,4181362057325747,5729
810,"loop_convert_fusion.kd",2,8,942,1279882,1279882,1,1,0,0,4,4,16,64,"0x0","0x7ed35b989e40",4181362056721068,4181362057319427,4181362057323393,4181362057330544,3966
811,"input_reduce_reduce_window_fusion_3.kd",2,8,945,1279882,1279882,8192,256,0,0,28,4,48,64,"0x0","0x7ed35b989300",4181362056847125,4181362057335891,4181362057347228,4181362057361079,11337
812,"loop_reduce_window_fusion_11.kd",2,8,946,1279882,1279882,2048,256,0,0,8,0,16,64,"0x0","0x7ed35b989340",4181362056856129,4181362057347228,4181362057353918,4181362057365987,6690
813,"loop_slice_fusion_5.kd",2,8,947,1279882,1279882,8,8,0,0,20,4,16,64,"0x0","0x7ed35b989380",4181362056863860,4181362057353918,4181362057360648,4181362057371325,6730
814,"loop_broadcast_fusion_2.kd",2,8,948,1279882,1279882,32000,256,0,0,4,4,16,64,"0x0","0x7ed35b9893c0",4181362056870981,4181362057360648,4181362057365455,4181362057376532,4807
815,"input_scatter_fusion_2.kd",2,8,949,1279882,1279882,32000,256,0,0,12,4,32,64,"0x0","0x7ed35b989400",4181362056878442,4181362057365455,4181362057372746,4181362057381480,7291
816,"loop_reduce_window_fusion_10.kd",2,8,950,1279882,1279882,32000,256,0,0,8,0,16,64,"0x0","0x7ed35b989440",4181362056884371,4181362057372746,4181362057377633,4181362057385956,4887
817,"loop_reduce_window_fusion_11.kd",2,8,951,1279882,1279882,2048,256,0,0,8,0,16,64,"0x0","0x7ed35b989340",4181362056891231,4181362057377633,4181362057382641,4181362057390503,5008
818,"loop_slice_fusion_5.kd",2,8,952,1279882,1279882,8,8,0,0,20,4,16,64,"0x0","0x7ed35b989380",4181362056897210,4181362057382641,4181362057387368,4181362057395130,4727
819,"loop_slice_fusion_1.kd",2,8,953,1279882,1279882,125,125,0,0,8,0,16,64,"0x0","0x7ed35b989480",4181362056904611,4181362057387368,4181362057392055,4181362057401500,4687
820,"input_reduce_fusion_1.kd",2,8,954,1279882,1279882,64,64,0,0,8,0,16,64,"0x0","0x7ed35b9894c0",4181362056911581,4181362057392055,4181362057396782,4181362057406026,4727
821,"loop_select_fusion_5.kd",2,8,955,1279882,1279882,32000,256,0,0,8,0,32,64,"0x0","0x7ed35b989500",4181362056919132,4181362057396782,4181362057401749,4181362057410823,4967
822,"loop_select_fusion_2.kd",2,8,956,1279882,1279882,32000,256,0,0,4,4,16,64,"0x0","0x7ed35b989540",4181362056926313,4181362057401749,4181362057406476,4181362057415480,4727
823,"loop_reduce_window_fusion_10.kd",2,8,957,1279882,1279882,32000,256,0,0,8,0,16,64,"0x0","0x7ed35b989440",4181362056934295,4181362057406476,4181362057411243,4181362057420167,4767
824,"loop_reduce_window_fusion_11.kd",2,8,958,1279882,1279882,2048,256,0,0,8,0,16,64,"0x0","0x7ed35b989340",4181362056940494,4181362057411243,4181362057416131,4181362057424844,4888
825,"loop_slice_fusion_5.kd",2,8,959,1279882,1279882,8,8,0,0,20,4,16,64,"0x0","0x7ed35b989380",4181362056947755,4181362057416131,4181362057420778,4181362057429071,4647
826,"input_concatenate_fusion.kd",2,8,960,1279882,1279882,32000,256,0,0,12,4,32,64,"0x0","0x7ed35b989580",4181362056954645,4181362057420778,4181362057425945,4181362057433677,5167
827,"loop_compare_fusion.kd",2,8,961,1279882,1279882,36096,256,0,0,4,4,16,64,"0x0","0x7ed35b9895c0",4181362056962316,4181362057425945,4181362057430913,4181362057438535,4968
828,"input_reduce_reduce_window_fusion.kd",2,8,962,1279882,1279882,11520,256,0,0,24,0,48,64,"0x0","0x7ed35b989600",4181362056969828,4181362057430913,4181362057439365,4181362057443111,8452
829,"loop_reduce_window_fusion_2.kd",2,8,963,1279882,1279882,2304,256,0,0,8,0,16,64,"0x0","0x7ed35b989640",4181362056977018,4181362057439365,4181362057444413,4181362057447899,5048
830,"loop_slice_fusion_8.kd",2,8,964,1279882,1279882,9,9,0,0,20,4,16,64,"0x0","0x7ed35b989680",4181362056983869,4181362057444413,4181362057449100,4181362057452636,4687
831,"loop_broadcast_fusion.kd",2,8,965,1279882,1279882,36096,256,0,0,4,4,16,64,"0x0","0x7ed35b9896c0",4181362056991209,4181362057449100,4181362057454027,4181362057459015,4927
832,"input_scatter_fusion.kd",2,8,966,1279882,1279882,36096,256,0,0,12,4,32,64,"0x0","0x7ed35b989700",4181362056998731,4181362057454027,4181362057461038,4181362057463662,7011
833,"loop_reduce_window_fusion_1.kd",2,8,967,1279882,1279882,36096,256,0,0,8,0,16,64,"0x0","0x7ed35b989740",4181362057005931,4181362057461038,4181362057465885,4181362057467938,4847
834,"loop_reduce_window_fusion_2.kd",2,8,968,1279882,1279882,2304,256,0,0,8,0,16,64,"0x0","0x7ed35b989640",4181362057012822,4181362057465885,4181362057470852,4181362057472786,4967
835,"loop_slice_fusion_8.kd",2,8,969,1279882,1279882,9,9,0,0,20,4,16,64,"0x0","0x7ed35b989680",4181362057019772,4181362057470852,4181362057475499,4181362057477282,4647
836,"loop_slice_fusion.kd",2,8,970,1279882,1279882,141,141,0,0,8,0,16,64,"0x0","0x7ed35b989780",4181362057028044,4181362057475499,4181362057480186,4181362057481649,4687
837,"input_reduce_fusion_2.kd",2,8,971,1279882,1279882,64,64,0,0,8,0,16,64,"0x0","0x7ed35b9897c0",4181362057034904,4181362057480186,4181362057484873,4181362057489721,4687
838,"loop_select_fusion_4.kd",2,8,972,1279882,1279882,36096,256,0,0,8,0,32,64,"0x0","0x7ed35b989800",4181362057042305,4181362057484873,4181362057489800,4181362057494137,4927
839,"loop_select_fusion.kd",2,8,973,1279882,1279882,36096,256,0,0,8,0,16,64,"0x0","0x7ed35b989840",4181362057050087,4181362057489800,4181362057494728,4181362057498814,4928
840,"loop_compare_fusion_2.kd",2,8,974,1279882,1279882,4096,256,0,0,4,4,16,64,"0x0","0x7ed35b989880",4181362057057378,4181362057494728,4181362057499495,4181362057503551,4767
841,"input_reduce_reduce_window_fusion_2.kd",2,8,975,1279882,1279882,256,256,512,0,20,4,32,64,"0x0","0x7ed35b9898c0",4181362057065490,4181362057499495,4181362057516280,4181362057522640,16785
842,"loop_slice_fusion_3.kd",2,8,976,1279882,1279882,16,16,0,0,20,4,16,64,"0x0","0x7ed35b989900",4181362057072580,4181362057516280,4181362057520967,4181362057527908,4687
843,"loop_broadcast_fusion_3.kd",2,8,977,1279882,1279882,4096,256,0,0,4,4,16,64,"0x0","0x7ed35b989940",4181362057080242,4181362057520967,4181362057525734,4181362057532615,4767
844,"input_scatter_fusion_3.kd",2,8,978,1279882,1279882,4096,256,0,0,8,0,32,64,"0x0","0x7ed35b989980",4181362057087162,4181362057525734,4181362057531983,4181362057543971,6249
845,"loop_reduce_window_fusion_13.kd",2,8,979,1279882,1279882,4096,256,0,0,8,0,16,64,"0x0","0x7ed35b9899c0",4181362057093722,4181362057531983,4181362057536750,4181362057538814,4767
846,"loop_slice_fusion_3.kd",2,8,980,1279882,1279882,16,16,0,0,20,4,16,64,"0x0","0x7ed35b989900",4181362057101153,4181362057536750,4181362057541437,4181362057550842,4687
847,"loop_remainder_fusion.kd",2,8,981,1279882,1279882,4096,256,0,0,12,4,16,64,"0x0","0x7ed35b989a00",4181362057125539,4181362057541437,4181362057547126,4181362057555899,5689
848,"loop_select_fusion_3.kd",2,8,982,1279882,1279882,4096,256,0,0,8,0,32,64,"0x0","0x7ed35b989a40",4181362057134713,4181362057547126,4181362057551933,4181362057560576,4807
849,"loop_reduce_window_fusion_13.kd",2,8,983,1279882,1279882,4096,256,0,0,8,0,16,64,"0x0","0x7ed35b9899c0",4181362057141573,4181362057551933,4181362057556580,4181362057567096,4647
850,"loop_slice_fusion_3.kd",2,8,984,1279882,1279882,16,16,0,0,20,4,16,64,"0x0","0x7ed35b989900",4181362057149565,4181362057556580,4181362057561427,4181362057576490,4847
851,"input_concatenate_fusion_1.kd",2,8,985,1279882,1279882,4096,256,0,0,8,0,32,64,"0x0","0x7ed35b989a80",4181362057156225,4181362057561427,4181362057566715,4181362057580686,5288
852,"loop_compare_fusion_1.kd",2,8,986,1279882,1279882,8192,256,0,0,4,4,16,64,"0x0","0x7ed35b989ac0",4181362057164627,4181362057566715,4181362057571722,4181362057571713,5007
853,"input_reduce_reduce_window_fusion_1.kd",2,8,987,1279882,1279882,512,512,512,0,20,4,48,64,"0x0","0x7ed35b989b00",4181362057172429,4181362057571722,4181362057589629,4181362057597361,17907
854,"loop_reduce_window_fusion_6.kd",2,8,988,1279882,1279882,32,32,0,0,32,0,16,64,"0x0","0x7ed35b989b40",4181362057178448,4181362057589629,4181362057601006,4181362057601978,11377
855,"loop_broadcast_fusion_1.kd",2,8,989,1279882,1279882,8192,256,0,0,4,4,16,64,"0x0","0x7ed35b989b80",4181362057185749,4181362057601006,4181362057605933,4181362057606154,4927
856,"input_scatter_fusion_1.kd",2,8,990,1279882,1279882,8192,256,0,0,8,0,32,64,"0x0","0x7ed35b989bc0",4181362057193140,4181362057605933,4181362057611501,4181362057612473,5568
857,"loop_reduce_window_fusion_5.kd",2,8,991,1279882,1279882,8192,256,0,0,8,0,16,64,"0x0","0x7ed35b989c00",4181362057200250,4181362057611501,4181362057616589,4181362057618793,5088
858,"loop_reduce_window_fusion_4.kd",2,8,992,1279882,1279882,512,256,0,0,8,0,16,64,"0x0","0x7ed35b989c40",4181362057208222,4181362057616589,4181362057621516,4181362057623109,4927
859,"loop_reduce_window_fusion_3.kd",2,8,993,1279882,1279882,32,32,0,0,8,0,16,64,"0x0","0x7ed35b989c80",4181362057215763,4181362057621516,4181362057626363,4181362057629399,4847
860,"loop_select_fusion_6.kd",2,8,994,1279882,1279882,8192,256,0,0,8,0,32,64,"0x0","0x7ed35b989cc0",4181362057222804,4181362057626363,4181362057631171,4181362057633645,4808
861,"loop_select_fusion_1.kd",2,8,995,1279882,1279882,8192,256,0,0,8,0,16,64,"0x0","0x7ed35b989d00",4181362057230656,4181362057631171,4181362057636098,4181362057637801,4927
862,"loop_broadcast_fusion_4.kd",2,8,996,1279882,1279882,16,16,0,0,4,4,16,64,"0x0","0x7ed35b989d40",4181362057238517,4181362057636098,4181362057640945,4181362057643950,4847
863,"__amd_rocclr_fillBufferAligned.kd",2,8,997,1279882,1279882,77824,256,0,0,12,4,48,64,"0x0","0x7ed361483580",4181362057249143,4181362057640945,4181362057654045,4181362057659633,13100
864,"__amd_rocclr_fillBufferAligned.kd",2,8,998,1279882,1279882,16128,256,0,0,12,4,48,64,"0x0","0x7ed361483580",4181362057255993,4181362057654045,4181362057658972,4181362057664611,4927
865,"transformer_engine::fused_attn_rocm::populate_rng_state_kernel(long*, long const*, long) [clone .kd]",2,8,999,1279882,1279882,1,1,0,0,8,0,16,64,"0x0","0x7ed35b9ad380",4181362057265808,4181362057658972,4181362057663859,4181362057671050,4887
866,"__amd_rocclr_fillBufferAligned.kd",2,8,1000,1279882,1279882,256,256,0,0,12,4,48,64,"0x0","0x7ed361483580",4181362057275562,4181362057663859,4181362057668586,4181362057675697,4727
867,"ck_fused_attn::get_runtime_max_seqlen_kernel(unsigned long, int const*, int const*, unsigned long*) [clone .kd]",2,8,1001,1279882,1279882,4096,128,0,0,4,4,32,64,"0x0","0x7ed35b978940",4181362057282513,4181362057668586,4181362057674395,4181362057680004,5809
868,"__amd_rocclr_copyBuffer.kd",2,8,1002,1279882,1279882,512,512,0,0,16,0,32,64,"0x7f13dfde8600","0x7ed361483600",4181362057290344,4181362057674395,4181362057679803,4181362057686023,5408
869,"__amd_rocclr_fillBufferAligned.kd",2,8,1004,1279882,1279882,256,256,0,0,12,4,48,64,"0x0","0x7ed361483580",4181362057726573,4181362057742897,4181362057744820,4181362057766703,1923
870,"ck_fused_attn::get_runtime_max_seqlen_kernel(unsigned long, int const*, int const*, unsigned long*) [clone .kd]",2,8,1005,1279882,1279882,4096,128,0,0,4,4,32,64,"0x0","0x7ed35b978940",4181362057742857,4181362057750949,4181362057760363,4181362057776327,9414
871,"__amd_rocclr_copyBuffer.kd",2,8,1006,1279882,1279882,512,512,0,0,16,0,32,64,"0x7f13dfde8500","0x7ed361483600",4181362057749968,4181362057760363,4181362057766171,4181362057771560,5808
872,"void transformer_engine::fused_attn_rocm::compute_scores_kernel<__half, transformer_engine::fused_attn_rocm::SmallSeqConfig<8, 128, 256, false, (transformer_engine::fused_attn_rocm::CausalMaskType)0>, 1>(__half const*, __half const*, __half*, float, int const*, int const*, int, int) [clone .kd]",2,8,1008,1279882,1279882,64000,64,0,0,100,4,48,64,"0x0","0x7ed33c14ec00",4181362057787894,4181362057797979,4181362057840802,4181362057840613,42823
873,"void transformer_engine::fused_attn_rocm::apply_mask_and_softmax_kernel<__half, transformer_engine::fused_attn_rocm::SmallSeqConfig<8, 128, 256, false, (transformer_engine::fused_attn_rocm::CausalMaskType)0> >(__half*, __half const*, float, int const*, int, int) [clone .kd]",2,8,1009,1279882,1279882,512000,256,1024,0,16,0,16,64,"0x0","0x7ed33c14ec40",4181362057795726,4181362057840802,4181362057846090,4181362057848104,5288
874,"void transformer_engine::fused_attn_rocm::compute_output_kernel<__half, transformer_engine::fused_attn_rocm::SmallSeqConfig<8, 128, 256, false, (transformer_engine::fused_attn_rocm::CausalMaskType)0>, 2, 8>(__half const*, __half const*, __half*, int const*, int const*, int, int) [clone .kd]",2,8,1010,1279882,1279882,512000,64,16384,0,20,4,32,64,"0x0","0x7ed33c14ec80",4181362057803137,4181362057846090,4181362057898929,4181362057899210,52839
875,"loop_broadcast_fusion_5.kd",2,8,1011,1279882,1279882,2048000,256,0,0,4,4,16,64,"0x0","0x7ed35b989d80",4181362057811489,4181362057898929,4181362057907021,4181362057906761,8092
876,"__amd_rocclr_fillBufferAligned.kd",2,8,1012,1279882,1279882,77824,256,0,0,12,4,48,64,"0x0","0x7ed361483580",4181362057833742,4181362057907021,4181362057913711,4181362057913551,6690
877,"__amd_rocclr_fillBufferAligned.kd",2,8,1013,1279882,1279882,77824,256,0,0,12,4,48,64,"0x0","0x7ed361483580",4181362057840252,4181362057913711,4181362057935944,4181362057938759,22233
878,"__amd_rocclr_fillBufferAligned.kd",2,8,1014,1279882,1279882,77824,256,0,0,12,4,48,64,"0x0","0x7ed361483580",4181362057862024,4181362057935944,4181362057958618,4181362057969464,22674
879,"__amd_rocclr_fillBufferAligned.kd",2,8,1015,1279882,1279882,256,256,0,0,12,4,48,64,"0x0","0x7ed361483580",4181362057872200,4181362057958618,4181362057963345,4181362057964667,4727
880,"ck_fused_attn::get_runtime_max_seqlen_kernel(unsigned long, int const*, int const*, unsigned long*) [clone .kd]",2,8,1016,1279882,1279882,4096,128,0,0,4,4,32,64,"0x0","0x7ed35b978940",4181362057879000,4181362057963345,4181362057969353,4181362057974011,6008
881,"__amd_rocclr_copyBuffer.kd",2,8,1017,1279882,1279882,512,512,0,0,16,0,32,64,"0x7f13dfde8400","0x7ed361483600",4181362057886521,4181362057969353,4181362057974802,4181362057980941,5449
882,"__amd_rocclr_fillBufferAligned.kd",2,8,1019,1279882,1279882,256,256,0,0,12,4,48,64,"0x0","0x7ed361483580",4181362057999549,4181362058011296,4181362058013219,4181362058018337,1923
883,"ck_fused_attn::get_runtime_max_seqlen_kernel(unsigned long, int const*, int const*, unsigned long*) [clone .kd]",2,8,1020,1279882,1279882,4096,128,0,0,4,4,32,64,"0x0","0x7ed35b978940",4181362058011787,4181362058021631,4181362058027440,4181362058027601,5809
884,"__amd_rocclr_copyBuffer.kd",2,8,1021,1279882,1279882,512,512,0,0,16,0,32,64,"0x7f13dfde8300","0x7ed361483600",4181362058019899,4181362058032247,4181362058037655,4181362058042723,5408
885,"void transformer_engine::fused_attn_rocm::compute_grad_v_kernel<__half, transformer_engine::fused_attn_rocm::SmallSeqConfig<8, 128, 256, false, (transformer_engine::fused_attn_rocm::CausalMaskType)0>, 16, 16>(__half const*, __half const*, __half*, int const*, int const*, int, int) [clone .kd]",2,8,1023,1279882,1279882,256000,64,16384,0,28,4,32,64,"0x0","0x7ed33c150400",4181362058057786,4181362058068942,4181362058138565,4181362058138305,69623
886,"void transformer_engine::fused_attn_rocm::compute_grad_attn_kernel<__half, transformer_engine::fused_attn_rocm::SmallSeqConfig<8, 128, 256, false, (transformer_engine::fused_attn_rocm::CausalMaskType)0>, 16>(__half const*, __half const*, __half*, int const*, int const*, int, int) [clone .kd]",2,8,1024,1279882,1279882,8000,64,0,0,104,0,64,64,"0x0","0x7ed33c150440",4181362058067190,4181362058138565,4181362058487604,4181362058495266,349039
887,"void transformer_engine::fused_attn_rocm::softmax_backward_kernel<__half, transformer_engine::fused_attn_rocm::SmallSeqConfig<8, 128, 256, false, (transformer_engine::fused_attn_rocm::CausalMaskType)0> >(__half const*, __half const*, __half*, float, int const*, int, int) [clone .kd]",2,8,1025,1279882,1279882,512000,256,1024,0,12,4,16,64,"0x0","0x7ed33c150480",4181362058075262,4181362058487604,4181362058493773,4181362058503358,6169
888,"void transformer_engine::fused_attn_rocm::compute_grad_qk_kernel<__half, transformer_engine::fused_attn_rocm::SmallSeqConfig<8, 128, 256, false, (transformer_engine::fused_attn_rocm::CausalMaskType)0>, 4, 16>(__half const*, __half const*, __half const*, __half*, __half*, float, int const*, int const*, int, int) [clone .kd]",2,8,1026,1279882,1279882,1024000,64,16384,0,36,4,64,64,"0x0","0x7ed33c1504c0",4181362058085737,4181362058493773,4181362058678729,4181362058681323,184956
889,"input_reduce_fusion.kd",2,8,1027,1279882,1279882,524288,256,512,0,16,0,16,64,"0x0","0x7ed35b989dc0",4181362058094350,4181362058678729,4181362058688303,4181362058688063,9574
890,"input_reduce_fusion_3.kd",2,8,1028,1279882,1279882,128,128,512,0,24,0,16,64,"0x0","0x7ed35b989e00",4181362058100940,4181362058688303,4181362058693190,4181362058692780,4887
891,"loop_convert_fusion.kd",2,8,1029,1279882,1279882,1,1,0,0,4,4,16,64,"0x0","0x7ed35b989e40",4181362058107720,4181362058693190,4181362058697637,4181362058697317,4447
892,"input_reduce_reduce_window_fusion_3.kd",2,8,1032,1279882,1279882,8192,256,0,0,28,4,48,64,"0x0","0x7ed35b989300",4181362058231023,4181362058708693,4181362058719910,4181362058723876,11217
893,"loop_reduce_window_fusion_11.kd",2,8,1033,1279882,1279882,2048,256,0,0,8,0,16,64,"0x0","0x7ed35b989340",4181362058240377,4181362058719910,4181362058727641,4181362058729084,7731
894,"loop_slice_fusion_5.kd",2,8,1034,1279882,1279882,8,8,0,0,20,4,16,64,"0x0","0x7ed35b989380",4181362058247117,4181362058727641,4181362058732929,4181362058733470,5288
895,"loop_broadcast_fusion_2.kd",2,8,1035,1279882,1279882,32000,256,0,0,4,4,16,64,"0x0","0x7ed35b9893c0",4181362058254859,4181362058732929,4181362058738778,4181362058745969,5849
896,"input_scatter_fusion_2.kd",2,8,1036,1279882,1279882,32000,256,0,0,12,4,32,64,"0x0","0x7ed35b989400",4181362058262039,4181362058738778,4181362058747711,4181362058750796,8933
897,"loop_reduce_window_fusion_10.kd",2,8,1037,1279882,1279882,32000,256,0,0,8,0,16,64,"0x0","0x7ed35b989440",4181362058268729,4181362058747711,4181362058752398,4181362058763695,4687
898,"loop_reduce_window_fusion_11.kd",2,8,1038,1279882,1279882,2048,256,0,0,8,0,16,64,"0x0","0x7ed35b989340",4181362058275890,4181362058752398,4181362058757486,4181362058768773,5088
899,"loop_slice_fusion_5.kd",2,8,1039,1279882,1279882,8,8,0,0,20,4,16,64,"0x0","0x7ed35b989380",4181362058283341,4181362058757486,4181362058762133,4181362058775042,4647
900,"loop_slice_fusion_1.kd",2,8,1040,1279882,1279882,125,125,0,0,8,0,16,64,"0x0","0x7ed35b989480",4181362058290522,4181362058762133,4181362058766820,4181362058779930,4687
901,"input_reduce_fusion_1.kd",2,8,1041,1279882,1279882,64,64,0,0,8,0,16,64,"0x0","0x7ed35b9894c0",4181362058298323,4181362058766820,4181362058771506,4181362058784476,4686
902,"loop_select_fusion_5.kd",2,8,1042,1279882,1279882,32000,256,0,0,8,0,32,64,"0x0","0x7ed35b989500",4181362058306115,4181362058771506,4181362058776434,4181362058789083,4928
903,"loop_select_fusion_2.kd",2,8,1043,1279882,1279882,32000,256,0,0,4,4,16,64,"0x0","0x7ed35b989540",4181362058313646,4181362058776434,4181362058781161,4181362058793870,4727
904,"loop_reduce_window_fusion_10.kd",2,8,1044,1279882,1279882,32000,256,0,0,8,0,16,64,"0x0","0x7ed35b989440",4181362058320226,4181362058781161,4181362058785888,4181362058798517,4727
905,"loop_reduce_window_fusion_11.kd",2,8,1045,1279882,1279882,2048,256,0,0,8,0,16,64,"0x0","0x7ed35b989340",4181362058327737,4181362058785888,4181362058790815,4181362058803034,4927
906,"loop_slice_fusion_5.kd",2,8,1046,1279882,1279882,8,8,0,0,20,4,16,64,"0x0","0x7ed35b989380",4181362058334347,4181362058790815,4181362058795542,4181362058807651,4727
907,"input_concatenate_fusion.kd",2,8,1047,1279882,1279882,32000,256,0,0,12,4,32,64,"0x0","0x7ed35b989580",4181362058342779,4181362058795542,4181362058800990,4181362058812338,5448
908,"loop_compare_fusion.kd",2,8,1048,1279882,1279882,36096,256,0,0,4,4,16,64,"0x0","0x7ed35b9895c0",4181362058350040,4181362058800990,4181362058805958,4181362058817055,4968
909,"input_reduce_reduce_window_fusion.kd",2,8,1049,1279882,1279882,11520,256,0,0,24,0,48,64,"0x0","0x7ed35b989600",4181362058358172,4181362058805958,4181362058814651,4181362058821762,8693
910,"loop_reduce_window_fusion_2.kd",2,8,1050,1279882,1279882,2304,256,0,0,8,0,16,64,"0x0","0x7ed35b989640",4181362058365073,4181362058814651,4181362058819498,4181362058826489,4847
911,"loop_slice_fusion_8.kd",2,8,1051,1279882,1279882,9,9,0,0,20,4,16,64,"0x0","0x7ed35b989680",4181362058372413,4181362058819498,4181362058824145,4181362058831146,4647
912,"loop_broadcast_fusion.kd",2,8,1052,1279882,1279882,36096,256,0,0,4,4,16,64,"0x0","0x7ed35b9896c0",4181362058378933,4181362058824145,4181362058829112,4181362058838226,4967
913,"input_scatter_fusion.kd",2,8,1053,1279882,1279882,36096,256,0,0,12,4,32,64,"0x0","0x7ed35b989700",4181362058385363,4181362058829112,4181362058835962,4181362058843174,6850
914,"loop_reduce_window_fusion_1.kd",2,8,1054,1279882,1279882,36096,256,0,0,8,0,16,64,"0x0","0x7ed35b989740",4181362058393395,4181362058835962,4181362058840810,4181362058847851,4848
915,"loop_reduce_window_fusion_2.kd",2,8,1055,1279882,1279882,2304,256,0,0,8,0,16,64,"0x0","0x7ed35b989640",4181362058400375,4181362058840810,4181362058845897,4181362058852517,5087
916,"loop_slice_fusion_8.kd",2,8,1056,1279882,1279882,9,9,0,0,20,4,16,64,"0x0","0x7ed35b989680",4181362058408377,4181362058845897,4181362058850544,4181362058856884,4647
917,"loop_slice_fusion.kd",2,8,1057,1279882,1279882,141,141,0,0,8,0,16,64,"0x0","0x7ed35b989780",4181362058415337,4181362058850544,4181362058855231,4181362058861661,4687
918,"input_reduce_fusion_2.kd",2,8,1058,1279882,1279882,64,64,0,0,8,0,16,64,"0x0","0x7ed35b9897c0",4181362058421436,4181362058855231,4181362058859958,4181362058869983,4727
919,"loop_select_fusion_4.kd",2,8,1059,1279882,1279882,36096,256,0,0,8,0,32,64,"0x0","0x7ed35b989800",4181362058429609,4181362058859958,4181362058864885,4181362058874831,4927
920,"loop_select_fusion.kd",2,8,1060,1279882,1279882,36096,256,0,0,8,0,16,64,"0x0","0x7ed35b989840",4181362058436369,4181362058864885,4181362058869813,4181362058879337,4928
921,"loop_compare_fusion_2.kd",2,8,1061,1279882,1279882,4096,256,0,0,4,4,16,64,"0x0","0x7ed35b989880",4181362058444000,4181362058869813,4181362058874580,4181362058884104,4767
922,"input_reduce_reduce_window_fusion_2.kd",2,8,1062,1279882,1279882,256,256,512,0,20,4,32,64,"0x0","0x7ed35b9898c0",4181362058451651,4181362058874580,4181362058891365,4181362058891435,16785
923,"loop_slice_fusion_3.kd",2,8,1063,1279882,1279882,16,16,0,0,20,4,16,64,"0x0","0x7ed35b989900",4181362058458652,4181362058891365,4181362058896012,4181362058896032,4647
924,"loop_broadcast_fusion_3.kd",2,8,1064,1279882,1279882,4096,256,0,0,4,4,16,64,"0x0","0x7ed35b989940",4181362058465993,4181362058896012,4181362058900939,4181362058900549,4927
925,"input_scatter_fusion_3.kd",2,8,1065,1279882,1279882,4096,256,0,0,8,0,32,64,"0x0","0x7ed35b989980",4181362058473344,4181362058900939,4181362058907188,4181362058909212,6249
926,"loop_reduce_window_fusion_13.kd",2,8,1066,1279882,1279882,4096,256,0,0,8,0,16,64,"0x0","0x7ed35b9899c0",4181362058480534,4181362058907188,4181362058911995,4181362058916052,4807
927,"loop_slice_fusion_3.kd",2,8,1067,1279882,1279882,16,16,0,0,20,4,16,64,"0x0","0x7ed35b989900",4181362058486864,4181362058911995,4181362058916682,4181362058920699,4687
928,"loop_remainder_fusion.kd",2,8,1068,1279882,1279882,4096,256,0,0,12,4,16,64,"0x0","0x7ed35b989a00",4181362058493584,4181362058916682,4181362058922531,4181362058932006,5849
929,"loop_select_fusion_3.kd",2,8,1069,1279882,1279882,4096,256,0,0,8,0,32,64,"0x0","0x7ed35b989a40",4181362058521335,4181362058922531,4181362058927498,4181362058927399,4967
930,"loop_reduce_window_fusion_13.kd",2,8,1070,1279882,1279882,4096,256,0,0,8,0,16,64,"0x0","0x7ed35b9899c0",4181362058528676,4181362058927498,4181362058932185,4181362058936623,4687
931,"loop_slice_fusion_3.kd",2,8,1071,1279882,1279882,16,16,0,0,20,4,16,64,"0x0","0x7ed35b989900",4181362058535196,4181362058932185,4181362058936792,4181362058942842,4607
932,"input_concatenate_fusion_1.kd",2,8,1072,1279882,1279882,4096,256,0,0,8,0,32,64,"0x0","0x7ed35b989a80",4181362058542516,4181362058936792,4181362058942361,4181362058947559,5569
933,"loop_compare_fusion_1.kd",2,8,1073,1279882,1279882,8192,256,0,0,4,4,16,64,"0x0","0x7ed35b989ac0",4181362058549337,4181362058942361,4181362058947208,4181362058952536,4847
934,"input_reduce_reduce_window_fusion_1.kd",2,8,1074,1279882,1279882,512,512,512,0,20,4,48,64,"0x0","0x7ed35b989b00",4181362058556637,4181362058947208,4181362058964794,4181362058970062,17586
935,"loop_reduce_window_fusion_6.kd",2,8,1075,1279882,1279882,32,32,0,0,32,0,16,64,"0x0","0x7ed35b989b40",4181362058563978,4181362058964794,4181362058975690,4181362058977253,10896
936,"loop_broadcast_fusion_1.kd",2,8,1076,1279882,1279882,8192,256,0,0,4,4,16,64,"0x0","0x7ed35b989b80",4181362058570558,4181362058975690,4181362058980778,4181362058981599,5088
937,"input_scatter_fusion_1.kd",2,8,1077,1279882,1279882,8192,256,0,0,8,0,32,64,"0x0","0x7ed35b989bc0",4181362058577689,4181362058980778,4181362058986266,4181362058989361,5488
938,"loop_reduce_window_fusion_5.kd",2,8,1078,1279882,1279882,8192,256,0,0,8,0,16,64,"0x0","0x7ed35b989c00",4181362058584809,4181362058986266,4181362058991313,4181362058993437,5047
939,"loop_reduce_window_fusion_4.kd",2,8,1079,1279882,1279882,512,256,0,0,8,0,16,64,"0x0","0x7ed35b989c40",4181362058591940,4181362058991313,4181362058996241,4181362058998585,4928
940,"loop_reduce_window_fusion_3.kd",2,8,1080,1279882,1279882,32,32,0,0,8,0,16,64,"0x0","0x7ed35b989c80",4181362058598199,4181362058996241,4181362059001008,4181362059004964,4767
941,"loop_select_fusion_6.kd",2,8,1081,1279882,1279882,8192,256,0,0,8,0,32,64,"0x0","0x7ed35b989cc0",4181362058605680,4181362059001008,4181362059005935,4181362059009861,4927
942,"loop_select_fusion_1.kd",2,8,1082,1279882,1279882,8192,256,0,0,8,0,16,64,"0x0","0x7ed35b989d00",4181362058612470,4181362059005935,4181362059010822,4181362059016331,4887
943,"loop_broadcast_fusion_4.kd",2,8,1083,1279882,1279882,16,16,0,0,4,4,16,64,"0x0","0x7ed35b989d40",4181362058620402,4181362059010822,4181362059015710,4181362059020617,4888
944,"__amd_rocclr_fillBufferAligned.kd",2,8,1084,1279882,1279882,77824,256,0,0,12,4,48,64,"0x0","0x7ed361483580",4181362058632300,4181362059015710,4181362059029330,4181362059036561,13620
945,"__amd_rocclr_fillBufferAligned.kd",2,8,1085,1279882,1279882,16128,256,0,0,12,4,48,64,"0x0","0x7ed361483580",4181362058638780,4181362059029330,4181362059034377,4181362059041338,5047
946,"transformer_engine::fused_attn_rocm::populate_rng_state_kernel(long*, long const*, long) [clone .kd]",2,8,1086,1279882,1279882,1,1,0,0,8,0,16,64,"0x0","0x7ed35b9ad380",4181362058648935,4181362059034377,4181362059039265,4181362059046075,4888
947,"__amd_rocclr_fillBufferAligned.kd",2,8,1087,1279882,1279882,256,256,0,0,12,4,48,64,"0x0","0x7ed361483580",4181362058658118,4181362059039265,4181362059043992,4181362059050532,4727
948,"ck_fused_attn::get_runtime_max_seqlen_kernel(unsigned long, int const*, int const*, unsigned long*) [clone .kd]",2,8,1088,1279882,1279882,4096,128,0,0,4,4,32,64,"0x0","0x7ed35b978940",4181362058664017,4181362059043992,4181362059049800,4181362059056921,5808
949,"__amd_rocclr_copyBuffer.kd",2,8,1089,1279882,1279882,512,512,0,0,16,0,32,64,"0x7f13dfc72200","0x7ed361483600",4181362058673031,4181362059049800,4181362059055329,4181362059063461,5529
950,"__amd_rocclr_fillBufferAligned.kd",2,8,1091,1279882,1279882,256,256,0,0,12,4,48,64,"0x0","0x7ed361483580",4181362059103340,4181362059114657,4181362059116660,4181362059142228,2003
951,"ck_fused_attn::get_runtime_max_seqlen_kernel(unsigned long, int const*, int const*, unsigned long*) [clone .kd]",2,8,1092,1279882,1279882,4096,128,0,0,4,4,32,64,"0x0","0x7ed35b978940",4181362059114707,4181362059122949,4181362059132203,4181362059152884,9254
952,"__amd_rocclr_copyBuffer.kd",2,8,1093,1279882,1279882,512,512,0,0,16,0,32,64,"0x7f13dfdea000","0x7ed361483600",4181362059121858,4181362059132203,4181362059137531,4181362059147967,5328
953,"void transformer_engine::fused_attn_rocm::compute_scores_kernel<__half, transformer_engine::fused_attn_rocm::SmallSeqConfig<8, 128, 256, false, (transformer_engine::fused_attn_rocm::CausalMaskType)0>, 1>(__half const*, __half const*, __half*, float, int const*, int const*, int, int) [clone .kd]",2,8,1095,1279882,1279882,64000,64,0,0,100,4,48,64,"0x0","0x7ed33c14ec00",4181362059165042,4181362059174987,4181362059216568,4181362059216449,41581
954,"void transformer_engine::fused_attn_rocm::apply_mask_and_softmax_kernel<__half, transformer_engine::fused_attn_rocm::SmallSeqConfig<8, 128, 256, false, (transformer_engine::fused_attn_rocm::CausalMaskType)0> >(__half*, __half const*, float, int const*, int, int) [clone .kd]",2,8,1096,1279882,1279882,512000,256,1024,0,16,0,16,64,"0x0","0x7ed33c14ec40",4181362059173034,4181362059216568,4181362059222017,4181362059225222,5449
955,"void transformer_engine::fused_attn_rocm::compute_output_kernel<__half, transformer_engine::fused_attn_rocm::SmallSeqConfig<8, 128, 256, false, (transformer_engine::fused_attn_rocm::CausalMaskType)0>, 2, 8>(__half const*, __half const*, __half*, int const*, int const*, int, int) [clone .kd]",2,8,1097,1279882,1279882,512000,64,16384,0,20,4,32,64,"0x0","0x7ed33c14ec80",4181362059180215,4181362059222017,4181362059273493,4181362059276989,51476
956,"loop_broadcast_fusion_5.kd",2,8,1098,1279882,1279882,2048000,256,0,0,4,4,16,64,"0x0","0x7ed35b989d80",4181362059190400,4181362059273493,4181362059281585,4181362059285622,8092
957,"__amd_rocclr_fillBufferAligned.kd",2,8,1099,1279882,1279882,77824,256,0,0,12,4,48,64,"0x0","0x7ed361483580",4181362059204351,4181362059281585,4181362059288355,4181362059290399,6770
958,"__amd_rocclr_fillBufferAligned.kd",2,8,1100,1279882,1279882,77824,256,0,0,12,4,48,64,"0x0","0x7ed361483580",4181362059219273,4181362059288355,4181362059311069,4181362059314474,22714
959,"__amd_rocclr_fillBufferAligned.kd",2,8,1101,1279882,1279882,77824,256,0,0,12,4,48,64,"0x0","0x7ed361483580",4181362059238762,4181362059311069,4181362059333302,4181362059345250,22233
960,"__amd_rocclr_fillBufferAligned.kd",2,8,1102,1279882,1279882,256,256,0,0,12,4,48,64,"0x0","0x7ed361483580",4181362059247004,4181362059333302,4181362059338189,4181362059340463,4887
961,"ck_fused_attn::get_runtime_max_seqlen_kernel(unsigned long, int const*, int const*, unsigned long*) [clone .kd]",2,8,1103,1279882,1279882,4096,128,0,0,4,4,32,64,"0x0","0x7ed35b978940",4181362059254135,4181362059338189,4181362059344158,4181362059352040,5969
962,"__amd_rocclr_copyBuffer.kd",2,8,1104,1279882,1279882,512,512,0,0,16,0,32,64,"0x7f13dfde9f00","0x7ed361483600",4181362059261115,4181362059344158,4181362059349967,4181362059356898,5809
963,"__amd_rocclr_fillBufferAligned.kd",2,8,1106,1279882,1279882,256,256,0,0,12,4,48,64,"0x0","0x7ed361483580",4181362059374664,4181362059386581,4181362059388704,4181362059388585,2123
964,"ck_fused_attn::get_runtime_max_seqlen_kernel(unsigned long, int const*, int const*, unsigned long*) [clone .kd]",2,8,1107,1279882,1279882,4096,128,0,0,4,4,32,64,"0x0","0x7ed35b978940",4181362059386241,4181362059394914,4181362059400883,4181362059400573,5969
965,"__amd_rocclr_copyBuffer.kd",2,8,1108,1279882,1279882,512,512,0,0,16,0,32,64,"0x7f13dfde9e00","0x7ed361483600",4181362059393502,4181362059405730,4181362059409856,4181362059416236,4126
966,"void transformer_engine::fused_attn_rocm::compute_grad_v_kernel<__half, transformer_engine::fused_attn_rocm::SmallSeqConfig<8, 128, 256, false, (transformer_engine::fused_attn_rocm::CausalMaskType)0>, 16, 16>(__half const*, __half const*, __half*, int const*, int const*, int, int) [clone .kd]",2,8,1110,1279882,1279882,256000,64,16384,0,28,4,32,64,"0x0","0x7ed33c150400",4181362059431118,4181362059442064,4181362059509805,4181362059520441,67741
967,"void transformer_engine::fused_attn_rocm::compute_grad_attn_kernel<__half, transformer_engine::fused_attn_rocm::SmallSeqConfig<8, 128, 256, false, (transformer_engine::fused_attn_rocm::CausalMaskType)0>, 16>(__half const*, __half const*, __half*, int const*, int const*, int, int) [clone .kd]",2,8,1111,1279882,1279882,8000,64,0,0,104,0,64,64,"0x0","0x7ed33c150440",4181362059440221,4181362059509805,4181362059857321,4181362059862009,347516
968,"void transformer_engine::fused_attn_rocm::softmax_backward_kernel<__half, transformer_engine::fused_attn_rocm::SmallSeqConfig<8, 128, 256, false, (transformer_engine::fused_attn_rocm::CausalMaskType)0> >(__half const*, __half const*, __half*, float, int const*, int, int) [clone .kd]",2,8,1112,1279882,1279882,512000,256,1024,0,12,4,16,64,"0x0","0x7ed33c150480",4181362059446801,4181362059857321,4181362059863491,4181362059869079,6170
969,"void transformer_engine::fused_attn_rocm::compute_grad_qk_kernel<__half, transformer_engine::fused_attn_rocm::SmallSeqConfig<8, 128, 256, false, (transformer_engine::fused_attn_rocm::CausalMaskType)0>, 4, 16>(__half const*, __half const*, __half const*, __half*, __half*, float, int const*, int const*, int, int) [clone .kd]",2,8,1113,1279882,1279882,1024000,64,16384,0,36,4,64,64,"0x0","0x7ed33c1504c0",4181362059454342,4181362059863491,4181362060051530,4181362060052983,188039
970,"input_reduce_fusion.kd",2,8,1114,1279882,1279882,524288,256,512,0,16,0,16,64,"0x0","0x7ed35b989dc0",4181362059464357,4181362060051530,4181362060061345,4181362060063448,9815
971,"input_reduce_fusion_3.kd",2,8,1115,1279882,1279882,128,128,512,0,24,0,16,64,"0x0","0x7ed35b989e00",4181362059471298,4181362060061345,4181362060066272,4181362060068556,4927
972,"loop_convert_fusion.kd",2,8,1116,1279882,1279882,1,1,0,0,4,4,16,64,"0x0","0x7ed35b989e40",4181362059478298,4181362060066272,4181362060070719,4181362060073473,4447
973,"input_reduce_reduce_window_fusion_3.kd",2,8,1119,1279882,1279882,8192,256,0,0,28,4,48,64,"0x0","0x7ed35b989300",4181362059600981,4181362060083297,4181362060094594,4181362060099081,11297
974,"loop_reduce_window_fusion_11.kd",2,8,1120,1279882,1279882,2048,256,0,0,8,0,16,64,"0x0","0x7ed35b989340",4181362059610455,4181362060094594,4181362060099642,4181362060104129,5048
975,"loop_slice_fusion_5.kd",2,8,1121,1279882,1279882,8,8,0,0,20,4,16,64,"0x0","0x7ed35b989380",4181362059618166,4181362060099642,4181362060105891,4181362060108906,6249
976,"loop_broadcast_fusion_2.kd",2,8,1122,1279882,1279882,32000,256,0,0,4,4,16,64,"0x0","0x7ed35b9893c0",4181362059625787,4181362060105891,4181362060111700,4181362060113623,5809
977,"input_scatter_fusion_2.kd",2,8,1123,1279882,1279882,32000,256,0,0,12,4,32,64,"0x0","0x7ed35b989400",4181362059633379,4181362060111700,4181362060119591,4181362060125861,7891
978,"loop_reduce_window_fusion_10.kd",2,8,1124,1279882,1279882,32000,256,0,0,8,0,16,64,"0x0","0x7ed35b989440",4181362059640459,4181362060119591,4181362060125560,4181362060131119,5969
979,"loop_reduce_window_fusion_11.kd",2,8,1125,1279882,1279882,2048,256,0,0,8,0,16,64,"0x0","0x7ed35b989340",4181362059647279,4181362060125560,4181362060130688,4181362060135886,5128
980,"loop_slice_fusion_5.kd",2,8,1126,1279882,1279882,8,8,0,0,20,4,16,64,"0x0","0x7ed35b989380",4181362059654059,4181362060130688,4181362060135695,4181362060142075,5007
981,"loop_slice_fusion_1.kd",2,8,1127,1279882,1279882,125,125,0,0,8,0,16,64,"0x0","0x7ed35b989480",4181362059660449,4181362060135695,4181362060140382,4181362060146983,4687
982,"input_reduce_fusion_1.kd",2,8,1128,1279882,1279882,64,64,0,0,8,0,16,64,"0x0","0x7ed35b9894c0",4181362059667540,4181362060140382,4181362060145109,4181362060151579,4727
983,"loop_select_fusion_5.kd",2,8,1129,1279882,1279882,32000,256,0,0,8,0,32,64,"0x0","0x7ed35b989500",4181362059675061,4181362060145109,4181362060150117,4181362060156206,5008
984,"loop_select_fusion_2.kd",2,8,1130,1279882,1279882,32000,256,0,0,4,4,16,64,"0x0","0x7ed35b989540",4181362059682051,4181362060150117,4181362060154804,4181362060160963,4687
985,"loop_reduce_window_fusion_10.kd",2,8,1131,1279882,1279882,32000,256,0,0,8,0,16,64,"0x0","0x7ed35b989440",4181362059688741,4181362060154804,4181362060159531,4181362060166121,4727
986,"loop_reduce_window_fusion_11.kd",2,8,1132,1279882,1279882,2048,256,0,0,8,0,16,64,"0x0","0x7ed35b989340",4181362059695922,4181362060159531,4181362060164378,4181362060170508,4847
987,"loop_slice_fusion_5.kd",2,8,1133,1279882,1279882,8,8,0,0,20,4,16,64,"0x0","0x7ed35b989380",4181362059702502,4181362060164378,4181362060168945,4181362060175184,4567
988,"input_concatenate_fusion.kd",2,8,1134,1279882,1279882,32000,256,0,0,12,4,32,64,"0x0","0x7ed35b989580",4181362059709532,4181362060168945,4181362060174433,4181362060180032,5488
989,"loop_compare_fusion.kd",2,8,1135,1279882,1279882,36096,256,0,0,4,4,16,64,"0x0","0x7ed35b9895c0",4181362059717053,4181362060174433,4181362060179320,4181362060184769,4887
990,"input_reduce_reduce_window_fusion.kd",2,8,1136,1279882,1279882,11520,256,0,0,24,0,48,64,"0x0","0x7ed35b989600",4181362059725335,4181362060179320,4181362060187813,4181362060189406,8493
991,"loop_reduce_window_fusion_2.kd",2,8,1137,1279882,1279882,2304,256,0,0,8,0,16,64,"0x0","0x7ed35b989640",4181362059732586,4181362060187813,4181362060192740,4181362060194053,4927
992,"loop_slice_fusion_8.kd",2,8,1138,1279882,1279882,9,9,0,0,20,4,16,64,"0x0","0x7ed35b989680",4181362059739977,4181362060192740,4181362060197427,4181362060198439,4687
993,"loop_broadcast_fusion.kd",2,8,1139,1279882,1279882,36096,256,0,0,4,4,16,64,"0x0","0x7ed35b9896c0",4181362059746837,4181362060197427,4181362060202395,4181362060204358,4968
994,"input_scatter_fusion.kd",2,8,1140,1279882,1279882,36096,256,0,0,12,4,32,64,"0x0","0x7ed35b989700",4181362059753688,4181362060202395,4181362060209445,4181362060214883,7050
995,"loop_reduce_window_fusion_1.kd",2,8,1141,1279882,1279882,36096,256,0,0,8,0,16,64,"0x0","0x7ed35b989740",4181362059761329,4181362060209445,4181362060214252,4181362060220161,4807
996,"loop_reduce_window_fusion_2.kd",2,8,1142,1279882,1279882,2304,256,0,0,8,0,16,64,"0x0","0x7ed35b989640",4181362059768019,4181362060214252,4181362060219620,4181362060224778,5368
997,"loop_slice_fusion_8.kd",2,8,1143,1279882,1279882,9,9,0,0,20,4,16,64,"0x0","0x7ed35b989680",4181362059775360,4181362060219620,4181362060224307,4181362060229535,4687
998,"loop_slice_fusion.kd",2,8,1144,1279882,1279882,141,141,0,0,8,0,16,64,"0x0","0x7ed35b989780",4181362059783161,4181362060224307,4181362060228994,4181362060234202,4687
999,"input_reduce_fusion_2.kd",2,8,1145,1279882,1279882,64,64,0,0,8,0,16,64,"0x0","0x7ed35b9897c0",4181362059790593,4181362060228994,4181362060233721,4181362060243746,4727
1000,"loop_select_fusion_4.kd",2,8,1146,1279882,1279882,36096,256,0,0,8,0,32,64,"0x0","0x7ed35b989800",4181362059798234,4181362060233721,4181362060238608,4181362060248554,4887
1001,"loop_select_fusion.kd",2,8,1147,1279882,1279882,36096,256,0,0,8,0,16,64,"0x0","0x7ed35b989840",4181362059804543,4181362060238608,4181362060243536,4181362060253211,4928
1002,"loop_compare_fusion_2.kd",2,8,1148,1279882,1279882,4096,256,0,0,4,4,16,64,"0x0","0x7ed35b989880",4181362059812475,4181362060243536,4181362060248343,4181362060257737,4807
1003,"input_reduce_reduce_window_fusion_2.kd",2,8,1149,1279882,1279882,256,256,512,0,20,4,32,64,"0x0","0x7ed35b9898c0",4181362059819335,4181362060248343,4181362060264166,4181362060265238,15823
1004,"loop_slice_fusion_3.kd",2,8,1150,1279882,1279882,16,16,0,0,20,4,16,64,"0x0","0x7ed35b989900",4181362059826035,4181362060264166,4181362060268853,4181362060269855,4687
1005,"loop_broadcast_fusion_3.kd",2,8,1151,1279882,1279882,4096,256,0,0,4,4,16,64,"0x0","0x7ed35b989940",4181362059834017,4181362060268853,4181362060273741,4181362060276014,4888
1006,"input_scatter_fusion_3.kd",2,8,1152,1279882,1279882,4096,256,0,0,8,0,32,64,"0x0","0x7ed35b989980",4181362059840687,4181362060273741,4181362060279549,4181362060282374,5808
1007,"loop_reduce_window_fusion_13.kd",2,8,1153,1279882,1279882,4096,256,0,0,8,0,16,64,"0x0","0x7ed35b9899c0",4181362059848358,4181362060279549,4181362060284316,4181362060289184,4767
1008,"loop_slice_fusion_3.kd",2,8,1154,1279882,1279882,16,16,0,0,20,4,16,64,"0x0","0x7ed35b989900",4181362059855509,4181362060284316,4181362060289003,4181362060298758,4687
1009,"loop_remainder_fusion.kd",2,8,1155,1279882,1279882,4096,256,0,0,12,4,16,64,"0x0","0x7ed35b989a00",4181362059865524,4181362060289003,4181362060294371,4181362060294151,5368
1010,"loop_select_fusion_3.kd",2,8,1156,1279882,1279882,4096,256,0,0,8,0,32,64,"0x0","0x7ed35b989a40",4181362059876390,4181362060294371,4181362060299138,4181362060305739,4767
1011,"loop_reduce_window_fusion_13.kd",2,8,1157,1279882,1279882,4096,256,0,0,8,0,16,64,"0x0","0x7ed35b9899c0",4181362059885113,4181362060299138,4181362060303906,4181362060310496,4768
1012,"loop_slice_fusion_3.kd",2,8,1158,1279882,1279882,16,16,0,0,20,4,16,64,"0x0","0x7ed35b989900",4181362059892043,4181362060303906,4181362060308552,4181362060315002,4646
1013,"input_concatenate_fusion_1.kd",2,8,1159,1279882,1279882,4096,256,0,0,8,0,32,64,"0x0","0x7ed35b989a80",4181362059898803,4181362060308552,4181362060314001,4181362060321762,5449
1014,"loop_compare_fusion_1.kd",2,8,1160,1279882,1279882,8192,256,0,0,4,4,16,64,"0x0","0x7ed35b989ac0",4181362059906525,4181362060314001,4181362060318848,4181362060326249,4847
1015,"input_reduce_reduce_window_fusion_1.kd",2,8,1161,1279882,1279882,512,512,512,0,20,4,48,64,"0x0","0x7ed35b989b00",4181362059914046,4181362060318848,4181362060335593,4181362060344016,16745
1016,"loop_reduce_window_fusion_6.kd",2,8,1162,1279882,1279882,32,32,0,0,32,0,16,64,"0x0","0x7ed35b989b40",4181362059920406,4181362060335593,4181362060347891,4181362060350665,12298
1017,"loop_broadcast_fusion_1.kd",2,8,1163,1279882,1279882,8192,256,0,0,4,4,16,64,"0x0","0x7ed35b989b80",4181362059927075,4181362060347891,4181362060352938,4181362060355212,5047
1018,"input_scatter_fusion_1.kd",2,8,1164,1279882,1279882,8192,256,0,0,8,0,32,64,"0x0","0x7ed35b989bc0",4181362059933906,4181362060352938,4181362060358387,4181362060361812,5449
1019,"loop_reduce_window_fusion_5.kd",2,8,1165,1279882,1279882,8192,256,0,0,8,0,16,64,"0x0","0x7ed35b989c00",4181362059941237,4181362060358387,4181362060363434,4181362060368482,5047
1020,"loop_reduce_window_fusion_4.kd",2,8,1166,1279882,1279882,512,256,0,0,8,0,16,64,"0x0","0x7ed35b989c40",4181362059947856,4181362060363434,4181362060368401,4181362060373009,4967
1021,"loop_reduce_window_fusion_3.kd",2,8,1167,1279882,1279882,32,32,0,0,8,0,16,64,"0x0","0x7ed35b989c80",4181362059955398,4181362060368401,4181362060373088,4181362060382042,4687
1022,"loop_select_fusion_6.kd",2,8,1168,1279882,1279882,8192,256,0,0,8,0,32,64,"0x0","0x7ed35b989cc0",4181362059963009,4181362060373088,4181362060378056,4181362060377786,4968
1023,"loop_select_fusion_1.kd",2,8,1169,1279882,1279882,8192,256,0,0,8,0,16,64,"0x0","0x7ed35b989d00",4181362059971201,4181362060378056,4181362060382983,4181362060388592,4927
1024,"loop_broadcast_fusion_4.kd",2,8,1170,1279882,1279882,16,16,0,0,4,4,16,64,"0x0","0x7ed35b989d40",4181362059978822,4181362060382983,4181362060387830,4181362060392888,4847
1025,"__amd_rocclr_fillBufferAligned.kd",2,8,1171,1279882,1279882,77824,256,0,0,12,4,48,64,"0x0","0x7ed361483580",4181362059989338,4181362060387830,4181362060401210,4181362060418116,13380
1026,"__amd_rocclr_fillBufferAligned.kd",2,8,1172,1279882,1279882,16128,256,0,0,12,4,48,64,"0x0","0x7ed361483580",4181362059996288,4181362060401210,4181362060406098,4181362060409022,4888
1027,"transformer_engine::fused_attn_rocm::populate_rng_state_kernel(long*, long const*, long) [clone .kd]",2,8,1173,1279882,1279882,1,1,0,0,8,0,16,64,"0x0","0x7ed35b9ad380",4181362060005392,4181362060406098,4181362060410985,4181362060413469,4887
1028,"__amd_rocclr_fillBufferAligned.kd",2,8,1174,1279882,1279882,256,256,0,0,12,4,48,64,"0x0","0x7ed361483580",4181362060014996,4181362060410985,4181362060415712,4181362060424515,4727
1029,"ck_fused_attn::get_runtime_max_seqlen_kernel(unsigned long, int const*, int const*, unsigned long*) [clone .kd]",2,8,1175,1279882,1279882,4096,128,0,0,4,4,32,64,"0x0","0x7ed35b978940",4181362060022127,4181362060415712,4181362060421561,4181362060436203,5849
1030,"__amd_rocclr_copyBuffer.kd",2,8,1176,1279882,1279882,512,512,0,0,16,0,32,64,"0x7f13dfde9c00","0x7ed361483600",4181362060029418,4181362060421561,4181362060427289,4181362060429042,5728
1031,"__amd_rocclr_fillBufferAligned.kd",2,8,1178,1279882,1279882,256,256,0,0,12,4,48,64,"0x0","0x7ed361483580",4181362060470043,4181362060480648,4181362060482651,4181362060506137,2003
1032,"ck_fused_attn::get_runtime_max_seqlen_kernel(unsigned long, int const*, int const*, unsigned long*) [clone .kd]",2,8,1179,1279882,1279882,4096,128,0,0,4,4,32,64,"0x0","0x7ed35b978940",4181362060479928,4181362060488380,4181362060496632,4181362060517003,8252
1033,"__amd_rocclr_copyBuffer.kd",2,8,1180,1279882,1279882,512,512,0,0,16,0,32,64,"0x7f13dfde9b00","0x7ed361483600",4181362060487309,4181362060496632,4181362060502601,4181362060511745,5969
1034,"void transformer_engine::fused_attn_rocm::compute_scores_kernel<__half, transformer_engine::fused_attn_rocm::SmallSeqConfig<8, 128, 256, false, (transformer_engine::fused_attn_rocm::CausalMaskType)0>, 1>(__half const*, __half const*, __half*, float, int const*, int const*, int, int) [clone .kd]",2,8,1182,1279882,1279882,64000,64,0,0,100,4,48,64,"0x0","0x7ed33c14ec00",4181362060528149,4181362060538334,4181362060580757,4181362060588119,42423
1035,"void transformer_engine::fused_attn_rocm::apply_mask_and_softmax_kernel<__half, transformer_engine::fused_attn_rocm::SmallSeqConfig<8, 128, 256, false, (transformer_engine::fused_attn_rocm::CausalMaskType)0> >(__half*, __half const*, float, int const*, int, int) [clone .kd]",2,8,1183,1279882,1279882,512000,256,1024,0,16,0,16,64,"0x0","0x7ed33c14ec40",4181362060536121,4181362060580757,4181362060586045,4181362060596391,5288
1036,"void transformer_engine::fused_attn_rocm::compute_output_kernel<__half, transformer_engine::fused_attn_rocm::SmallSeqConfig<8, 128, 256, false, (transformer_engine::fused_attn_rocm::CausalMaskType)0>, 2, 8>(__half const*, __half const*, __half*, int const*, int const*, int, int) [clone .kd]",2,8,1184,1279882,1279882,512000,64,16384,0,20,4,32,64,"0x0","0x7ed33c14ec80",4181362060543572,4181362060586045,4181362060640286,4181362060646125,54241
1037,"loop_broadcast_fusion_5.kd",2,8,1185,1279882,1279882,2048000,256,0,0,4,4,16,64,"0x0","0x7ed35b989d80",4181362060552986,4181362060640286,4181362060648378,4181362060654337,8092
1038,"__amd_rocclr_fillBufferAligned.kd",2,8,1186,1279882,1279882,77824,256,0,0,12,4,48,64,"0x0","0x7ed361483580",4181362060576001,4181362060648378,4181362060655268,4181362060659635,6890
1039,"__amd_rocclr_fillBufferAligned.kd",2,8,1187,1279882,1279882,77824,256,0,0,12,4,48,64,"0x0","0x7ed361483580",4181362060582480,4181362060655268,4181362060677782,4181362060684101,22514
1040,"__amd_rocclr_fillBufferAligned.kd",2,8,1188,1279882,1279882,77824,256,0,0,12,4,48,64,"0x0","0x7ed361483580",4181362060589621,4181362060677782,4181362060700535,4181362060701537,22753
1041,"__amd_rocclr_fillBufferAligned.kd",2,8,1189,1279882,1279882,256,256,0,0,12,4,48,64,"0x0","0x7ed361483580",4181362060611433,4181362060700535,4181362060705343,4181362060708267,4808
1042,"ck_fused_attn::get_runtime_max_seqlen_kernel(unsigned long, int const*, int const*, unsigned long*) [clone .kd]",2,8,1190,1279882,1279882,4096,128,0,0,4,4,32,64,"0x0","0x7ed35b978940",4181362060618173,4181362060705343,4181362060711271,4181362060714637,5928
1043,"__amd_rocclr_copyBuffer.kd",2,8,1191,1279882,1279882,512,512,0,0,16,0,32,64,"0x7f13dfde8b80","0x7ed361483600",4181362060626305,4181362060711271,4181362060716840,4181362060719574,5569
1044,"__amd_rocclr_fillBufferAligned.kd",2,8,1193,1279882,1279882,256,256,0,0,12,4,48,64,"0x0","0x7ed361483580",4181362060734737,4181362060753454,4181362060755417,4181362060763329,1963
1045,"ck_fused_attn::get_runtime_max_seqlen_kernel(unsigned long, int const*, int const*, unsigned long*) [clone .kd]",2,8,1194,1279882,1279882,4096,128,0,0,4,4,32,64,"0x0","0x7ed35b978940",4181362060752713,4181362060761746,4181362060767675,4181362060771852,5929
1046,"__amd_rocclr_copyBuffer.kd",2,8,1195,1279882,1279882,512,512,0,0,16,0,32,64,"0x7f13dfc72100","0x7ed361483600",4181362060760174,4181362060772522,4181362060777169,4181362060777030,4647
1047,"void transformer_engine::fused_attn_rocm::compute_grad_v_kernel<__half, transformer_engine::fused_attn_rocm::SmallSeqConfig<8, 128, 256, false, (transformer_engine::fused_attn_rocm::CausalMaskType)0>, 16, 16>(__half const*, __half const*, __half*, int const*, int const*, int, int) [clone .kd]",2,8,1197,1279882,1279882,256000,64,16384,0,28,4,32,64,"0x0","0x7ed33c150400",4181362060792533,4181362060803929,4181362060873873,4181362060884219,69944
1048,"void transformer_engine::fused_attn_rocm::compute_grad_attn_kernel<__half, transformer_engine::fused_attn_rocm::SmallSeqConfig<8, 128, 256, false, (transformer_engine::fused_attn_rocm::CausalMaskType)0>, 16>(__half const*, __half const*, __half*, int const*, int const*, int, int) [clone .kd]",2,8,1198,1279882,1279882,8000,64,0,0,104,0,64,64,"0x0","0x7ed33c150440",4181362060801846,4181362060873873,4181362061221951,4181362061225026,348078
1049,"void transformer_engine::fused_attn_rocm::softmax_backward_kernel<__half, transformer_engine::fused_attn_rocm::SmallSeqConfig<8, 128, 256, false, (transformer_engine::fused_attn_rocm::CausalMaskType)0> >(__half const*, __half const*, __half*, float, int const*, int, int) [clone .kd]",2,8,1199,1279882,1279882,512000,256,1024,0,12,4,16,64,"0x0","0x7ed33c150480",4181362060809708,4181362061221951,4181362061228120,4181362061233468,6169
1050,"void transformer_engine::fused_attn_rocm::compute_grad_qk_kernel<__half, transformer_engine::fused_attn_rocm::SmallSeqConfig<8, 128, 256, false, (transformer_engine::fused_attn_rocm::CausalMaskType)0>, 4, 16>(__half const*, __half const*, __half const*, __half*, __half*, float, int const*, int const*, int, int) [clone .kd]",2,8,1200,1279882,1279882,1024000,64,16384,0,36,4,64,64,"0x0","0x7ed33c1504c0",4181362060820695,4181362061228120,4181362061416200,4181362061432995,188080
1051,"input_reduce_fusion.kd",2,8,1201,1279882,1279882,524288,256,512,0,16,0,16,64,"0x0","0x7ed35b989dc0",4181362060828917,4181362061416200,4181362061426615,4181362061438994,10415
1052,"input_reduce_fusion_3.kd",2,8,1202,1279882,1279882,128,128,512,0,24,0,16,64,"0x0","0x7ed35b989e00",4181362060835276,4181362061426615,4181362061432344,4181362061443361,5729
1053,"loop_convert_fusion.kd",2,8,1203,1279882,1279882,1,1,0,0,4,4,16,64,"0x0","0x7ed35b989e40",4181362060842176,4181362061432344,4181362061436670,4181362061448158,4326
1054,"input_reduce_reduce_window_fusion_3.kd",2,8,1206,1279882,1279882,8192,256,0,0,28,4,48,64,"0x0","0x7ed35b989300",4181362060965119,4181362061449810,4181362061461427,4181362061479955,11617
1055,"loop_reduce_window_fusion_11.kd",2,8,1207,1279882,1279882,2048,256,0,0,8,0,16,64,"0x0","0x7ed35b989340",4181362060974213,4181362061461427,4181362061468758,4181362061484802,7331
1056,"loop_slice_fusion_5.kd",2,8,1208,1279882,1279882,8,8,0,0,20,4,16,64,"0x0","0x7ed35b989380",4181362060981023,4181362061468758,4181362061474206,4181362061489539,5448
1057,"loop_broadcast_fusion_2.kd",2,8,1209,1279882,1279882,32000,256,0,0,4,4,16,64,"0x0","0x7ed35b9893c0",4181362060987993,4181362061474206,4181362061480295,4181362061493936,6089
1058,"input_scatter_fusion_2.kd",2,8,1210,1279882,1279882,32000,256,0,0,12,4,32,64,"0x0","0x7ed35b989400",4181362060995074,4181362061480295,4181362061487506,4181362061499003,7211
1059,"loop_reduce_window_fusion_10.kd",2,8,1211,1279882,1279882,32000,256,0,0,8,0,16,64,"0x0","0x7ed35b989440",4181362061001543,4181362061487506,4181362061492273,4181362061503861,4767
1060,"loop_reduce_window_fusion_11.kd",2,8,1212,1279882,1279882,2048,256,0,0,8,0,16,64,"0x0","0x7ed35b989340",4181362061009085,4181362061492273,4181362061497160,4181362061508207,4887
1061,"loop_slice_fusion_5.kd",2,8,1213,1279882,1279882,8,8,0,0,20,4,16,64,"0x0","0x7ed35b989380",4181362061016345,4181362061497160,4181362061501807,4181362061514486,4647
1062,"loop_slice_fusion_1.kd",2,8,1214,1279882,1279882,125,125,0,0,8,0,16,64,"0x0","0x7ed35b989480",4181362061023556,4181362061501807,4181362061506494,4181362061519924,4687
1063,"input_reduce_fusion_1.kd",2,8,1215,1279882,1279882,64,64,0,0,8,0,16,64,"0x0","0x7ed35b9894c0",4181362061030436,4181362061506494,4181362061511221,4181362061524992,4727
1064,"loop_select_fusion_5.kd",2,8,1216,1279882,1279882,32000,256,0,0,8,0,32,64,"0x0","0x7ed35b989500",4181362061037767,4181362061511221,4181362061516148,4181362061529689,4927
1065,"loop_select_fusion_2.kd",2,8,1217,1279882,1279882,32000,256,0,0,4,4,16,64,"0x0","0x7ed35b989540",4181362061045579,4181362061516148,4181362061520916,4181362061534606,4768
1066,"loop_reduce_window_fusion_10.kd",2,8,1218,1279882,1279882,32000,256,0,0,8,0,16,64,"0x0","0x7ed35b989440",4181362061052579,4181362061520916,4181362061525683,4181362061539383,4767
1067,"loop_reduce_window_fusion_11.kd",2,8,1219,1279882,1279882,2048,256,0,0,8,0,16,64,"0x0","0x7ed35b989340",4181362061059239,4181362061525683,4181362061530610,4181362061543770,4927
1068,"loop_slice_fusion_5.kd",2,8,1220,1279882,1279882,8,8,0,0,20,4,16,64,"0x0","0x7ed35b989380",4181362061066120,4181362061530610,4181362061535297,4181362061548417,4687
1069,"input_concatenate_fusion.kd",2,8,1221,1279882,1279882,32000,256,0,0,12,4,32,64,"0x0","0x7ed35b989580",4181362061072769,4181362061535297,4181362061540465,4181362061553344,5168
1070,"loop_compare_fusion.kd",2,8,1222,1279882,1279882,36096,256,0,0,4,4,16,64,"0x0","0x7ed35b9895c0",4181362061079369,4181362061540465,4181362061545352,4181362061558231,4887
1071,"input_reduce_reduce_window_fusion.kd",2,8,1223,1279882,1279882,11520,256,0,0,24,0,48,64,"0x0","0x7ed35b989600",4181362061086590,4181362061545352,4181362061553844,4181362061562958,8492
1072,"loop_reduce_window_fusion_2.kd",2,8,1224,1279882,1279882,2304,256,0,0,8,0,16,64,"0x0","0x7ed35b989640",4181362061093881,4181362061553844,4181362061559333,4181362061567575,5489
1073,"loop_slice_fusion_8.kd",2,8,1225,1279882,1279882,9,9,0,0,20,4,16,64,"0x0","0x7ed35b989680",4181362061101252,4181362061559333,4181362061563940,4181362061574015,4607
1074,"loop_broadcast_fusion.kd",2,8,1226,1279882,1279882,36096,256,0,0,4,4,16,64,"0x0","0x7ed35b9896c0",4181362061108503,4181362061563940,4181362061568907,4181362061579042,4967
1075,"input_scatter_fusion.kd",2,8,1227,1279882,1279882,36096,256,0,0,12,4,32,64,"0x0","0x7ed35b989700",4181362061115423,4181362061568907,4181362061575837,4181362061584050,6930
1076,"loop_reduce_window_fusion_1.kd",2,8,1228,1279882,1279882,36096,256,0,0,8,0,16,64,"0x0","0x7ed35b989740",4181362061123285,4181362061575837,4181362061580684,4181362061588366,4847
1077,"loop_reduce_window_fusion_2.kd",2,8,1229,1279882,1279882,2304,256,0,0,8,0,16,64,"0x0","0x7ed35b989640",4181362061130445,4181362061580684,4181362061585572,4181362061592973,4888
1078,"loop_slice_fusion_8.kd",2,8,1230,1279882,1279882,9,9,0,0,20,4,16,64,"0x0","0x7ed35b989680",4181362061137976,4181362061585572,4181362061590219,4181362061597630,4647
1079,"loop_slice_fusion.kd",2,8,1231,1279882,1279882,141,141,0,0,8,0,16,64,"0x0","0x7ed35b989780",4181362061145117,4181362061590219,4181362061594866,4181362061602467,4647
1080,"input_reduce_fusion_2.kd",2,8,1232,1279882,1279882,64,64,0,0,8,0,16,64,"0x0","0x7ed35b9897c0",4181362061151446,4181362061594866,4181362061599593,4181362061609958,4727
1081,"loop_select_fusion_4.kd",2,8,1233,1279882,1279882,36096,256,0,0,8,0,32,64,"0x0","0x7ed35b989800",4181362061159398,4181362061599593,4181362061604560,4181362061614936,4967
1082,"loop_select_fusion.kd",2,8,1234,1279882,1279882,36096,256,0,0,8,0,16,64,"0x0","0x7ed35b989840",4181362061165968,4181362061604560,4181362061609527,4181362061619823,4967
1083,"loop_compare_fusion_2.kd",2,8,1235,1279882,1279882,4096,256,0,0,4,4,16,64,"0x0","0x7ed35b989880",4181362061173249,4181362061609527,4181362061614254,4181362061624490,4727
1084,"input_reduce_reduce_window_fusion_2.kd",2,8,1236,1279882,1279882,256,256,512,0,20,4,32,64,"0x0","0x7ed35b9898c0",4181362061180870,4181362061614254,4181362061630519,4181362061631581,16265
1085,"loop_slice_fusion_3.kd",2,8,1237,1279882,1279882,16,16,0,0,20,4,16,64,"0x0","0x7ed35b989900",4181362061187390,4181362061630519,4181362061635205,4181362061635987,4686
1086,"loop_broadcast_fusion_3.kd",2,8,1238,1279882,1279882,4096,256,0,0,4,4,16,64,"0x0","0x7ed35b989940",4181362061195482,4181362061635205,4181362061640213,4181362061641505,5008
1087,"input_scatter_fusion_3.kd",2,8,1239,1279882,1279882,4096,256,0,0,8,0,32,64,"0x0","0x7ed35b989980",4181362061202202,4181362061640213,4181362061646302,4181362061648165,6089
1088,"loop_reduce_window_fusion_13.kd",2,8,1240,1279882,1279882,4096,256,0,0,8,0,16,64,"0x0","0x7ed35b9899c0",4181362061209012,4181362061646302,4181362061651069,4181362061654715,4767
1089,"loop_slice_fusion_3.kd",2,8,1241,1279882,1279882,16,16,0,0,20,4,16,64,"0x0","0x7ed35b989900",4181362061216543,4181362061651069,4181362061655796,4181362061659452,4727
1090,"loop_remainder_fusion.kd",2,8,1242,1279882,1279882,4096,256,0,0,12,4,16,64,"0x0","0x7ed35b989a00",4181362061223474,4181362061655796,4181362061661404,4181362061670889,5608
1091,"loop_select_fusion_3.kd",2,8,1243,1279882,1279882,4096,256,0,0,8,0,32,64,"0x0","0x7ed35b989a40",4181362061250504,4181362061661404,4181362061666172,4181362061666262,4768
1092,"loop_reduce_window_fusion_13.kd",2,8,1244,1279882,1279882,4096,256,0,0,8,0,16,64,"0x0","0x7ed35b9899c0",4181362061258085,4181362061666172,4181362061670818,4181362061675306,4646
1093,"loop_slice_fusion_3.kd",2,8,1245,1279882,1279882,16,16,0,0,20,4,16,64,"0x0","0x7ed35b989900",4181362061265196,4181362061670818,4181362061675545,4181362061681925,4727
1094,"input_concatenate_fusion_1.kd",2,8,1246,1279882,1279882,4096,256,0,0,8,0,32,64,"0x0","0x7ed35b989a80",4181362061272036,4181362061675545,4181362061680793,4181362061686392,5248
1095,"loop_compare_fusion_1.kd",2,8,1247,1279882,1279882,8192,256,0,0,4,4,16,64,"0x0","0x7ed35b989ac0",4181362061279627,4181362061680793,4181362061685641,4181362061691199,4848
1096,"input_reduce_reduce_window_fusion_1.kd",2,8,1248,1279882,1279882,512,512,512,0,20,4,48,64,"0x0","0x7ed35b989b00",4181362061288090,4181362061685641,4181362061702225,4181362061708695,16584
1097,"loop_reduce_window_fusion_6.kd",2,8,1249,1279882,1279882,32,32,0,0,32,0,16,64,"0x0","0x7ed35b989b40",4181362061295491,4181362061702225,4181362061713923,4181362061713643,11698
1098,"loop_broadcast_fusion_1.kd",2,8,1250,1279882,1279882,8192,256,0,0,4,4,16,64,"0x0","0x7ed35b989b80",4181362061301870,4181362061713923,4181362061718970,4181362061723457,5047
1099,"input_scatter_fusion_1.kd",2,8,1251,1279882,1279882,8192,256,0,0,8,0,32,64,"0x0","0x7ed35b989bc0",4181362061310002,4181362061718970,4181362061724338,4181362061729917,5368
1100,"loop_reduce_window_fusion_5.kd",2,8,1252,1279882,1279882,8192,256,0,0,8,0,16,64,"0x0","0x7ed35b989c00",4181362061317584,4181362061724338,4181362061729386,4181362061734544,5048
1101,"loop_reduce_window_fusion_4.kd",2,8,1253,1279882,1279882,512,256,0,0,8,0,16,64,"0x0","0x7ed35b989c40",4181362061324584,4181362061729386,4181362061734393,4181362061739100,5007
1102,"loop_reduce_window_fusion_3.kd",2,8,1254,1279882,1279882,32,32,0,0,8,0,16,64,"0x0","0x7ed35b989c80",4181362061332586,4181362061734393,4181362061739200,4181362061745650,4807
1103,"loop_select_fusion_6.kd",2,8,1255,1279882,1279882,8192,256,0,0,8,0,32,64,"0x0","0x7ed35b989cc0",4181362061340578,4181362061739200,4181362061744127,4181362061750037,4927
1104,"loop_select_fusion_1.kd",2,8,1256,1279882,1279882,8192,256,0,0,8,0,16,64,"0x0","0x7ed35b989d00",4181362061348099,4181362061744127,4181362061749055,4181362061754293,4928
1105,"loop_broadcast_fusion_4.kd",2,8,1257,1279882,1279882,16,16,0,0,4,4,16,64,"0x0","0x7ed35b989d40",4181362061355310,4181362061749055,4181362061753902,4181362061760683,4847
1106,"__amd_rocclr_fillBufferAligned.kd",2,8,1258,1279882,1279882,77824,256,0,0,12,4,48,64,"0x0","0x7ed361483580",4181362061367177,4181362061753902,4181362061766761,4181362061767433,12859
1107,"__amd_rocclr_fillBufferAligned.kd",2,8,1259,1279882,1279882,16128,256,0,0,12,4,48,64,"0x0","0x7ed361483580",4181362061373477,4181362061766761,4181362061771889,4181362061771729,5128
1108,"transformer_engine::fused_attn_rocm::populate_rng_state_kernel(long*, long const*, long) [clone .kd]",2,8,1260,1279882,1279882,1,1,0,0,8,0,16,64,"0x0","0x7ed35b9ad380",4181362061383632,4181362061771889,4181362061776776,4181362061777988,4887
1109,"__amd_rocclr_fillBufferAligned.kd",2,8,1261,1279882,1279882,256,256,0,0,12,4,48,64,"0x0","0x7ed361483580",4181362061392635,4181362061776776,4181362061781543,4181362061781984,4767
1110,"ck_fused_attn::get_runtime_max_seqlen_kernel(unsigned long, int const*, int const*, unsigned long*) [clone .kd]",2,8,1262,1279882,1279882,4096,128,0,0,4,4,32,64,"0x0","0x7ed35b978940",4181362061398784,4181362061781543,4181362061787352,4181362061788454,5809
1111,"__amd_rocclr_copyBuffer.kd",2,8,1263,1279882,1279882,512,512,0,0,16,0,32,64,"0x7f13dfde9780","0x7ed361483600",4181362061407277,4181362061787352,4181362061792640,4181362061796356,5288
1112,"__amd_rocclr_fillBufferAligned.kd",2,8,1265,1279882,1279882,256,256,0,0,12,4,48,64,"0x0","0x7ed361483580",4181362061836055,4181362061846720,4181362061848683,4181362061873901,1963
1113,"ck_fused_attn::get_runtime_max_seqlen_kernel(unsigned long, int const*, int const*, unsigned long*) [clone .kd]",2,8,1266,1279882,1279882,4096,128,0,0,4,4,32,64,"0x0","0x7ed35b978940",4181362061846370,4181362061854492,4181362061863385,4181362061883996,8893
1114,"__amd_rocclr_copyBuffer.kd",2,8,1267,1279882,1279882,512,512,0,0,16,0,32,64,"0x7f13dfde9600","0x7ed361483600",4181362061853270,4181362061863385,4181362061868873,4181362061879219,5488
1115,"void transformer_engine::fused_attn_rocm::compute_scores_kernel<__half, transformer_engine::fused_attn_rocm::SmallSeqConfig<8, 128, 256, false, (transformer_engine::fused_attn_rocm::CausalMaskType)0>, 1>(__half const*, __half const*, __half*, float, int const*, int const*, int, int) [clone .kd]",2,8,1269,1279882,1279882,64000,64,0,0,100,4,48,64,"0x0","0x7ed33c14ec00",4181362061895143,4181362061904766,4181362061947029,4181362061947350,42263
1116,"void transformer_engine::fused_attn_rocm::apply_mask_and_softmax_kernel<__half, transformer_engine::fused_attn_rocm::SmallSeqConfig<8, 128, 256, false, (transformer_engine::fused_attn_rocm::CausalMaskType)0> >(__half*, __half const*, float, int const*, int, int) [clone .kd]",2,8,1270,1279882,1279882,512000,256,1024,0,16,0,16,64,"0x0","0x7ed33c14ec40",4181362061902804,4181362061947029,4181362061952357,4181362061955472,5328
1117,"void transformer_engine::fused_attn_rocm::compute_output_kernel<__half, transformer_engine::fused_attn_rocm::SmallSeqConfig<8, 128, 256, false, (transformer_engine::fused_attn_rocm::CausalMaskType)0>, 2, 8>(__half const*, __half const*, __half*, int const*, int const*, int, int) [clone .kd]",2,8,1271,1279882,1279882,512000,64,16384,0,20,4,32,64,"0x0","0x7ed33c14ec80",4181362061909724,4181362061952357,4181362062007679,4181362062013178,55322
1118,"loop_broadcast_fusion_5.kd",2,8,1272,1279882,1279882,2048000,256,0,0,4,4,16,64,"0x0","0x7ed35b989d80",4181362061926038,4181362062007679,4181362062015691,4181362062021941,8012
1119,"__amd_rocclr_fillBufferAligned.kd",2,8,1273,1279882,1279882,77824,256,0,0,12,4,48,64,"0x0","0x7ed361483580",4181362061940059,4181362062015691,4181362062022502,4181362062028982,6811
1120,"__amd_rocclr_fillBufferAligned.kd",2,8,1274,1279882,1279882,77824,256,0,0,12,4,48,64,"0x0","0x7ed361483580",4181362061946990,4181362062022502,4181362062044855,4181362062046818,22353
1121,"__amd_rocclr_fillBufferAligned.kd",2,8,1275,1279882,1279882,77824,256,0,0,12,4,48,64,"0x0","0x7ed361483580",4181362061969403,4181362062044855,4181362062067208,4181362062070634,22353
1122,"__amd_rocclr_fillBufferAligned.kd",2,8,1276,1279882,1279882,256,256,0,0,12,4,48,64,"0x0","0x7ed361483580",4181362061978146,4181362062067208,4181362062072015,4181362062077984,4807
1123,"ck_fused_attn::get_runtime_max_seqlen_kernel(unsigned long, int const*, int const*, unsigned long*) [clone .kd]",2,8,1277,1279882,1279882,4096,128,0,0,4,4,32,64,"0x0","0x7ed35b978940",4181362061984636,4181362062072015,4181362062078104,4181362062082611,6089
1124,"__amd_rocclr_copyBuffer.kd",2,8,1278,1279882,1279882,512,512,0,0,16,0,32,64,"0x7f13dfc71880","0x7ed361483600",4181362061992057,4181362062078104,4181362062083592,4181362062089552,5488
1125,"__amd_rocclr_fillBufferAligned.kd",2,8,1280,1279882,1279882,256,256,0,0,12,4,48,64,"0x0","0x7ed361483580",4181362062109391,4181362062121168,4181362062123331,4181362062125425,2163
1126,"ck_fused_attn::get_runtime_max_seqlen_kernel(unsigned long, int const*, int const*, unsigned long*) [clone .kd]",2,8,1281,1279882,1279882,4096,128,0,0,4,4,32,64,"0x0","0x7ed35b978940",4181362062120608,4181362062129140,4181362062135229,4181362062136001,6089
1127,"__amd_rocclr_copyBuffer.kd",2,8,1282,1279882,1279882,512,512,0,0,16,0,32,64,"0x7f13dfc71a00","0x7ed361483600",4181362062127939,4181362062151614,4181362062157783,4181362062163612,6169
1128,"void transformer_engine::fused_attn_rocm::compute_grad_v_kernel<__half, transformer_engine::fused_attn_rocm::SmallSeqConfig<8, 128, 256, false, (transformer_engine::fused_attn_rocm::CausalMaskType)0>, 16, 16>(__half const*, __half const*, __half*, int const*, int const*, int, int) [clone .kd]",2,8,1284,1279882,1279882,256000,64,16384,0,28,4,32,64,"0x0","0x7ed33c150400",4181362062179235,4181362062190792,4181362062256089,4181362062258593,65297
1129,"void transformer_engine::fused_attn_rocm::compute_grad_attn_kernel<__half, transformer_engine::fused_attn_rocm::SmallSeqConfig<8, 128, 256, false, (transformer_engine::fused_attn_rocm::CausalMaskType)0>, 16>(__half const*, __half const*, __half*, int const*, int const*, int, int) [clone .kd]",2,8,1285,1279882,1279882,8000,64,0,0,104,0,64,64,"0x0","0x7ed33c150440",4181362062188960,4181362062256089,4181362062603205,4181362062605389,347116
1130,"void transformer_engine::fused_attn_rocm::softmax_backward_kernel<__half, transformer_engine::fused_attn_rocm::SmallSeqConfig<8, 128, 256, false, (transformer_engine::fused_attn_rocm::CausalMaskType)0> >(__half const*, __half const*, __half*, float, int const*, int, int) [clone .kd]",2,8,1286,1279882,1279882,512000,256,1024,0,12,4,16,64,"0x0","0x7ed33c150480",4181362062198594,4181362062603205,4181362062609014,4181362062616986,5809
1131,"void transformer_engine::fused_attn_rocm::compute_grad_qk_kernel<__half, transformer_engine::fused_attn_rocm::SmallSeqConfig<8, 128, 256, false, (transformer_engine::fused_attn_rocm::CausalMaskType)0>, 4, 16>(__half const*, __half const*, __half const*, __half*, __half*, float, int const*, int const*, int, int) [clone .kd]",2,8,1287,1279882,1279882,1024000,64,16384,0,36,4,64,64,"0x0","0x7ed33c1504c0",4181362062206506,4181362062609014,4181362062804144,4181362062804585,195130
1132,"input_reduce_fusion.kd",2,8,1288,1279882,1279882,524288,256,512,0,16,0,16,64,"0x0","0x7ed35b989dc0",4181362062215078,4181362062804144,4181362062815120,4181362062831886,10976
1133,"input_reduce_fusion_3.kd",2,8,1289,1279882,1279882,128,128,512,0,24,0,16,64,"0x0","0x7ed35b989e00",4181362062222760,4181362062815120,4181362062820929,4181362062836983,5809
1134,"loop_convert_fusion.kd",2,8,1290,1279882,1279882,1,1,0,0,4,4,16,64,"0x0","0x7ed35b989e40",4181362062229680,4181362062820929,4181362062825295,4181362062841310,4366
1135,"input_reduce_reduce_window_fusion_3.kd",2,8,1293,1279882,1279882,8192,256,0,0,28,4,48,64,"0x0","0x7ed35b989300",4181362062354766,4181362062837073,4181362062848730,4181362062850263,11657
1136,"loop_reduce_window_fusion_11.kd",2,8,1294,1279882,1279882,2048,256,0,0,8,0,16,64,"0x0","0x7ed35b989340",4181362062364010,4181362062848730,4181362062856662,4181362062862461,7932
1137,"loop_slice_fusion_5.kd",2,8,1295,1279882,1279882,8,8,0,0,20,4,16,64,"0x0","0x7ed35b989380",4181362062370980,4181362062856662,4181362062862270,4181362062866878,5608
1138,"loop_broadcast_fusion_2.kd",2,8,1296,1279882,1279882,32000,256,0,0,4,4,16,64,"0x0","0x7ed35b9893c0",4181362062377430,4181362062862270,4181362062867839,4181362062871625,5569
1139,"input_scatter_fusion_2.kd",2,8,1297,1279882,1279882,32000,256,0,0,12,4,32,64,"0x0","0x7ed35b989400",4181362062384731,4181362062867839,4181362062876051,4181362062876702,8212
1140,"loop_reduce_window_fusion_10.kd",2,8,1298,1279882,1279882,32000,256,0,0,8,0,16,64,"0x0","0x7ed35b989440",4181362062391581,4181362062876051,4181362062881499,4181362062881419,5448
1141,"loop_reduce_window_fusion_11.kd",2,8,1299,1279882,1279882,2048,256,0,0,8,0,16,64,"0x0","0x7ed35b989340",4181362062399262,4181362062881499,4181362062886426,4181362062887228,4927
1142,"loop_slice_fusion_5.kd",2,8,1300,1279882,1279882,8,8,0,0,20,4,16,64,"0x0","0x7ed35b989380",4181362062405762,4181362062886426,4181362062891153,4181362062891925,4727
1143,"loop_slice_fusion_1.kd",2,8,1301,1279882,1279882,125,125,0,0,8,0,16,64,"0x0","0x7ed35b989480",4181362062413413,4181362062891153,4181362062895880,4181362062896362,4727
1144,"input_reduce_fusion_1.kd",2,8,1302,1279882,1279882,64,64,0,0,8,0,16,64,"0x0","0x7ed35b9894c0",4181362062420153,4181362062895880,4181362062900527,4181362062901299,4647
1145,"loop_select_fusion_5.kd",2,8,1303,1279882,1279882,32000,256,0,0,8,0,32,64,"0x0","0x7ed35b989500",4181362062427915,4181362062900527,4181362062905415,4181362062906166,4888
1146,"loop_select_fusion_2.kd",2,8,1304,1279882,1279882,32000,256,0,0,4,4,16,64,"0x0","0x7ed35b989540",4181362062435015,4181362062905415,4181362062910021,4181362062910633,4606
1147,"loop_reduce_window_fusion_10.kd",2,8,1305,1279882,1279882,32000,256,0,0,8,0,16,64,"0x0","0x7ed35b989440",4181362062442286,4181362062910021,4181362062914748,4181362062915260,4727
1148,"loop_reduce_window_fusion_11.kd",2,8,1306,1279882,1279882,2048,256,0,0,8,0,16,64,"0x0","0x7ed35b989340",4181362062448846,4181362062914748,4181362062919636,4181362062919847,4888
1149,"loop_slice_fusion_5.kd",2,8,1307,1279882,1279882,8,8,0,0,20,4,16,64,"0x0","0x7ed35b989380",4181362062455806,4181362062919636,4181362062924323,4181362062924263,4687
1150,"input_concatenate_fusion.kd",2,8,1308,1279882,1279882,32000,256,0,0,12,4,32,64,"0x0","0x7ed35b989580",4181362062462747,4181362062924323,4181362062929530,4181362062932776,5207
1151,"loop_compare_fusion.kd",2,8,1309,1279882,1279882,36096,256,0,0,4,4,16,64,"0x0","0x7ed35b9895c0",4181362062469647,4181362062929530,4181362062934578,4181362062937683,5048
1152,"input_reduce_reduce_window_fusion.kd",2,8,1310,1279882,1279882,11520,256,0,0,24,0,48,64,"0x0","0x7ed35b989600",4181362062476978,4181362062934578,4181362062943231,4181362062945164,8653
1153,"loop_reduce_window_fusion_2.kd",2,8,1311,1279882,1279882,2304,256,0,0,8,0,16,64,"0x0","0x7ed35b989640",4181362062483688,4181362062943231,4181362062948238,4181362062949541,5007
1154,"loop_slice_fusion_8.kd",2,8,1312,1279882,1279882,9,9,0,0,20,4,16,64,"0x0","0x7ed35b989680",4181362062490718,4181362062948238,4181362062952885,4181362062955570,4647
1155,"loop_broadcast_fusion.kd",2,8,1313,1279882,1279882,36096,256,0,0,4,4,16,64,"0x0","0x7ed35b9896c0",4181362062498129,4181362062952885,4181362062957813,4181362062960347,4928
1156,"input_scatter_fusion.kd",2,8,1314,1279882,1279882,36096,256,0,0,12,4,32,64,"0x0","0x7ed35b989700",4181362062506031,4181362062957813,4181362062964743,4181362062964713,6930
1157,"loop_reduce_window_fusion_1.kd",2,8,1315,1279882,1279882,36096,256,0,0,8,0,16,64,"0x0","0x7ed35b989740",4181362062515255,4181362062964743,4181362062969590,4181362062969330,4847
1158,"loop_reduce_window_fusion_2.kd",2,8,1316,1279882,1279882,2304,256,0,0,8,0,16,64,"0x0","0x7ed35b989640",4181362062523076,4181362062969590,4181362062974678,4181362062976230,5088
1159,"loop_slice_fusion_8.kd",2,8,1317,1279882,1279882,9,9,0,0,20,4,16,64,"0x0","0x7ed35b989680",4181362062529776,4181362062974678,4181362062979325,4181362062980627,4647
1160,"loop_slice_fusion.kd",2,8,1318,1279882,1279882,141,141,0,0,8,0,16,64,"0x0","0x7ed35b989780",4181362062537087,4181362062979325,4181362062984011,4181362062987477,4686
1161,"input_reduce_fusion_2.kd",2,8,1319,1279882,1279882,64,64,0,0,8,0,16,64,"0x0","0x7ed35b9897c0",4181362062545059,4181362062984011,4181362062988779,4181362062999445,4768
1162,"loop_select_fusion_4.kd",2,8,1320,1279882,1279882,36096,256,0,0,8,0,32,64,"0x0","0x7ed35b989800",4181362062552460,4181362062988779,4181362062993666,4181362062994918,4887
1163,"loop_select_fusion.kd",2,8,1321,1279882,1279882,36096,256,0,0,8,0,16,64,"0x0","0x7ed35b989840",4181362062560142,4181362062993666,4181362062998593,4181362063011192,4927
1164,"loop_compare_fusion_2.kd",2,8,1322,1279882,1279882,4096,256,0,0,4,4,16,64,"0x0","0x7ed35b989880",4181362062567282,4181362062998593,4181362063003360,4181362063006576,4767
1165,"input_reduce_reduce_window_fusion_2.kd",2,8,1323,1279882,1279882,256,256,512,0,20,4,32,64,"0x0","0x7ed35b9898c0",4181362062574924,4181362063003360,4181362063019304,4181362063037522,15944
1166,"loop_slice_fusion_3.kd",2,8,1324,1279882,1279882,16,16,0,0,20,4,16,64,"0x0","0x7ed35b989900",4181362062581523,4181362063019304,4181362063023991,4181362063041928,4687
1167,"loop_broadcast_fusion_3.kd",2,8,1325,1279882,1279882,4096,256,0,0,4,4,16,64,"0x0","0x7ed35b989940",4181362062588544,4181362063023991,4181362063028758,4181362063031092,4767
1168,"input_scatter_fusion_3.kd",2,8,1326,1279882,1279882,4096,256,0,0,8,0,32,64,"0x0","0x7ed35b989980",4181362062595244,4181362063028758,4181362063034687,4181362063082208,5929
1169,"loop_reduce_window_fusion_13.kd",2,8,1327,1279882,1279882,4096,256,0,0,8,0,16,64,"0x0","0x7ed35b9899c0",4181362062601543,4181362063034687,4181362063039414,4181362063048688,4727
1170,"loop_slice_fusion_3.kd",2,8,1328,1279882,1279882,16,16,0,0,20,4,16,64,"0x0","0x7ed35b989900",4181362062608313,4181362063039414,4181362063044101,4181362063053355,4687
1171,"loop_remainder_fusion.kd",2,8,1329,1279882,1279882,4096,256,0,0,12,4,16,64,"0x0","0x7ed35b989a00",4181362062632169,4181362063044101,4181362063049549,4181362063088928,5448
1172,"loop_select_fusion_3.kd",2,8,1330,1279882,1279882,4096,256,0,0,8,0,32,64,"0x0","0x7ed35b989a40",4181362062640341,4181362063049549,4181362063054276,4181362063058443,4727
1173,"loop_reduce_window_fusion_13.kd",2,8,1331,1279882,1279882,4096,256,0,0,8,0,16,64,"0x0","0x7ed35b9899c0",4181362062647211,4181362063054276,4181362063059003,4181362063063680,4727
1174,"loop_slice_fusion_3.kd",2,8,1332,1279882,1279882,16,16,0,0,20,4,16,64,"0x0","0x7ed35b989900",4181362062655063,4181362063059003,4181362063063650,4181362063068508,4647
1175,"input_concatenate_fusion_1.kd",2,8,1333,1279882,1279882,4096,256,0,0,8,0,32,64,"0x0","0x7ed35b989a80",4181362062662073,4181362063063650,4181362063069258,4181362063073135,5608
1176,"loop_compare_fusion_1.kd",2,8,1334,1279882,1279882,8192,256,0,0,4,4,16,64,"0x0","0x7ed35b989ac0",4181362062669745,4181362063069258,4181362063074226,4181362063077631,4968
1177,"input_reduce_reduce_window_fusion_1.kd",2,8,1335,1279882,1279882,512,512,512,0,20,4,48,64,"0x0","0x7ed35b989b00",4181362062677686,4181362063074226,4181362063092052,4181362063093585,17826
1178,"loop_reduce_window_fusion_6.kd",2,8,1336,1279882,1279882,32,32,0,0,32,0,16,64,"0x0","0x7ed35b989b40",4181362062685087,4181362063092052,4181362063103349,4181362063121326,11297
1179,"loop_broadcast_fusion_1.kd",2,8,1337,1279882,1279882,8192,256,0,0,4,4,16,64,"0x0","0x7ed35b989b80",4181362062691777,4181362063103349,4181362063108356,4181362063110079,5007
1180,"input_scatter_fusion_1.kd",2,8,1338,1279882,1279882,8192,256,0,0,8,0,32,64,"0x0","0x7ed35b989bc0",4181362062699068,4181362063108356,4181362063113484,4181362063116629,5128
1181,"loop_reduce_window_fusion_5.kd",2,8,1339,1279882,1279882,8192,256,0,0,8,0,16,64,"0x0","0x7ed35b989c00",4181362062706549,4181362063113484,4181362063118572,4181362063127986,5088
1182,"loop_reduce_window_fusion_4.kd",2,8,1340,1279882,1279882,512,256,0,0,8,0,16,64,"0x0","0x7ed35b989c40",4181362062712809,4181362063118572,4181362063123459,4181362063132543,4887
1183,"loop_reduce_window_fusion_3.kd",2,8,1341,1279882,1279882,32,32,0,0,8,0,16,64,"0x0","0x7ed35b989c80",4181362062720170,4181362063123459,4181362063128226,4181362063137160,4767
1184,"loop_select_fusion_6.kd",2,8,1342,1279882,1279882,8192,256,0,0,8,0,32,64,"0x0","0x7ed35b989cc0",4181362062727601,4181362063128226,4181362063133193,4181362063144050,4967
1185,"loop_select_fusion_1.kd",2,8,1343,1279882,1279882,8192,256,0,0,8,0,16,64,"0x0","0x7ed35b989d00",4181362062735613,4181362063133193,4181362063138201,4181362063153744,5008
1186,"loop_broadcast_fusion_4.kd",2,8,1344,1279882,1279882,16,16,0,0,4,4,16,64,"0x0","0x7ed35b989d40",4181362062742523,4181362063138201,4181362063143128,4181362063148937,4927
1187,"__amd_rocclr_fillBufferAligned.kd",2,8,1345,1279882,1279882,77824,256,0,0,12,4,48,64,"0x0","0x7ed361483580",4181362062755192,4181362063143128,4181362063156067,4181362063158211,12939
1188,"__amd_rocclr_fillBufferAligned.kd",2,8,1346,1279882,1279882,16128,256,0,0,12,4,48,64,"0x0","0x7ed361483580",4181362062761231,4181362063156067,4181362063160955,4181362063164430,4888
1189,"transformer_engine::fused_attn_rocm::populate_rng_state_kernel(long*, long const*, long) [clone .kd]",2,8,1347,1279882,1279882,1,1,0,0,8,0,16,64,"0x0","0x7ed35b9ad380",4181362062771596,4181362063160955,4181362063165922,4181362063168867,4967
1190,"__amd_rocclr_fillBufferAligned.kd",2,8,1348,1279882,1279882,256,256,0,0,12,4,48,64,"0x0","0x7ed361483580",4181362062781491,4181362063165922,4181362063170649,4181362063173614,4727
1191,"ck_fused_attn::get_runtime_max_seqlen_kernel(unsigned long, int const*, int const*, unsigned long*) [clone .kd]",2,8,1349,1279882,1279882,4096,128,0,0,4,4,32,64,"0x0","0x7ed35b978940",4181362062787890,4181362063170649,4181362063176418,4181362063179543,5769
1192,"__amd_rocclr_copyBuffer.kd",2,8,1350,1279882,1279882,512,512,0,0,16,0,32,64,"0x7f13dfc73b80","0x7ed361483600",4181362062797234,4181362063176418,4181362063181826,4181362063186083,5408
1193,"__amd_rocclr_fillBufferAligned.kd",2,8,1352,1279882,1279882,256,256,0,0,12,4,48,64,"0x0","0x7ed361483580",4181362063226322,4181362063242356,4181362063244399,4181362063267373,2043
1194,"ck_fused_attn::get_runtime_max_seqlen_kernel(unsigned long, int const*, int const*, unsigned long*) [clone .kd]",2,8,1353,1279882,1279882,4096,128,0,0,4,4,32,64,"0x0","0x7ed35b978940",4181362063242997,4181362063251329,4181362063259742,4181362063278089,8413
1195,"__amd_rocclr_copyBuffer.kd",2,8,1354,1279882,1279882,512,512,0,0,16,0,32,64,"0x7f13dfde9100","0x7ed361483600",4181362063250979,4181362063259742,4181362063266872,4181362063273072,7130
1196,"void transformer_engine::fused_attn_rocm::compute_scores_kernel<__half, transformer_engine::fused_attn_rocm::SmallSeqConfig<8, 128, 256, false, (transformer_engine::fused_attn_rocm::CausalMaskType)0>, 1>(__half const*, __half const*, __half*, float, int const*, int const*, int, int) [clone .kd]",2,8,1356,1279882,1279882,64000,64,0,0,100,4,48,64,"0x0","0x7ed33c14ec00",4181362063289456,4181362063306812,4181362063348554,4181362063352630,41742
1197,"void transformer_engine::fused_attn_rocm::apply_mask_and_softmax_kernel<__half, transformer_engine::fused_attn_rocm::SmallSeqConfig<8, 128, 256, false, (transformer_engine::fused_attn_rocm::CausalMaskType)0> >(__half*, __half const*, float, int const*, int, int) [clone .kd]",2,8,1357,1279882,1279882,512000,256,1024,0,16,0,16,64,"0x0","0x7ed33c14ec40",4181362063304549,4181362063348554,4181362063353842,4181362063360262,5288
1198,"void transformer_engine::fused_attn_rocm::compute_output_kernel<__half, transformer_engine::fused_attn_rocm::SmallSeqConfig<8, 128, 256, false, (transformer_engine::fused_attn_rocm::CausalMaskType)0>, 2, 8>(__half const*, __half const*, __half*, int const*, int const*, int, int) [clone .kd]",2,8,1358,1279882,1279882,512000,64,16384,0,20,4,32,64,"0x0","0x7ed33c14ec80",4181362063311789,4181362063353842,4181362063410606,4181362063414052,56764
1199,"loop_broadcast_fusion_5.kd",2,8,1359,1279882,1279882,2048000,256,0,0,4,4,16,64,"0x0","0x7ed35b989d80",4181362063321284,4181362063410606,4181362063418698,4181362063422865,8092
1200,"__amd_rocclr_fillBufferAligned.kd",2,8,1360,1279882,1279882,77824,256,0,0,12,4,48,64,"0x0","0x7ed361483580",4181362063335054,4181362063418698,4181362063425508,4181362063430005,6810
1201,"__amd_rocclr_fillBufferAligned.kd",2,8,1361,1279882,1279882,77824,256,0,0,12,4,48,64,"0x0","0x7ed361483580",4181362063341494,4181362063425508,4181362063448102,4181362063456214,22594
1202,"__amd_rocclr_fillBufferAligned.kd",2,8,1362,1279882,1279882,77824,256,0,0,12,4,48,64,"0x0","0x7ed361483580",4181362063348564,4181362063448102,4181362063470775,4181362063472148,22673
1203,"__amd_rocclr_fillBufferAligned.kd",2,8,1363,1279882,1279882,256,256,0,0,12,4,48,64,"0x0","0x7ed361483580",4181362063359070,4181362063470775,4181362063475502,4181362063478517,4727
1204,"ck_fused_attn::get_runtime_max_seqlen_kernel(unsigned long, int const*, int const*, unsigned long*) [clone .kd]",2,8,1364,1279882,1279882,4096,128,0,0,4,4,32,64,"0x0","0x7ed35b978940",4181362063374593,4181362063475502,4181362063481511,4181362063483525,6009
1205,"__amd_rocclr_copyBuffer.kd",2,8,1365,1279882,1279882,512,512,0,0,16,0,32,64,"0x7f13dfde9000","0x7ed361483600",4181362063382014,4181362063481511,4181362063487120,4181362063490085,5609
1206,"__amd_rocclr_fillBufferAligned.kd",2,8,1367,1279882,1279882,256,256,0,0,12,4,48,64,"0x0","0x7ed361483580",4181362063508732,4181362063519848,4181362063522012,4181362063524085,2164
1207,"ck_fused_attn::get_runtime_max_seqlen_kernel(unsigned long, int const*, int const*, unsigned long*) [clone .kd]",2,8,1368,1279882,1279882,4096,128,0,0,4,4,32,64,"0x0","0x7ed35b978940",4181362063519418,4181362063527460,4181362063533469,4181362063534911,6009
1208,"__amd_rocclr_copyBuffer.kd",2,8,1369,1279882,1279882,512,512,0,0,16,0,32,64,"0x7f13dfde8f00","0x7ed361483600",4181362063526299,4181362063538877,4181362063545126,4181362063550545,6249
1209,"void transformer_engine::fused_attn_rocm::compute_grad_v_kernel<__half, transformer_engine::fused_attn_rocm::SmallSeqConfig<8, 128, 256, false, (transformer_engine::fused_attn_rocm::CausalMaskType)0>, 16, 16>(__half const*, __half const*, __half*, int const*, int const*, int, int) [clone .kd]",2,8,1371,1279882,1279882,256000,64,16384,0,28,4,32,64,"0x0","0x7ed33c150400",4181362063565787,4181362063577454,4181362063644314,4181362063644464,66860
1210,"void transformer_engine::fused_attn_rocm::compute_grad_attn_kernel<__half, transformer_engine::fused_attn_rocm::SmallSeqConfig<8, 128, 256, false, (transformer_engine::fused_attn_rocm::CausalMaskType)0>, 16>(__half const*, __half const*, __half*, int const*, int const*, int, int) [clone .kd]",2,8,1372,1279882,1279882,8000,64,0,0,104,0,64,64,"0x0","0x7ed33c150440",4181362063575141,4181362063644314,4181362063992912,4181362064004930,348598
1211,"void transformer_engine::fused_attn_rocm::softmax_backward_kernel<__half, transformer_engine::fused_attn_rocm::SmallSeqConfig<8, 128, 256, false, (transformer_engine::fused_attn_rocm::CausalMaskType)0> >(__half const*, __half const*, __half*, float, int const*, int, int) [clone .kd]",2,8,1373,1279882,1279882,512000,256,1024,0,12,4,16,64,"0x0","0x7ed33c150480",4181362063582031,4181362063992912,4181362063999081,4181362064013854,6169
1212,"void transformer_engine::fused_attn_rocm::compute_grad_qk_kernel<__half, transformer_engine::fused_attn_rocm::SmallSeqConfig<8, 128, 256, false, (transformer_engine::fused_attn_rocm::CausalMaskType)0>, 4, 16>(__half const*, __half const*, __half const*, __half*, __half*, float, int const*, int const*, int, int) [clone .kd]",2,8,1374,1279882,1279882,1024000,64,16384,0,36,4,64,64,"0x0","0x7ed33c1504c0",4181362063589643,4181362063999081,4181362064188563,4181362064193060,189482
1213,"input_reduce_fusion.kd",2,8,1375,1279882,1279882,524288,256,512,0,16,0,16,64,"0x0","0x7ed35b989dc0",4181362063598235,4181362064188563,4181362064198498,4181362064199840,9935
1214,"input_reduce_fusion_3.kd",2,8,1376,1279882,1279882,128,128,512,0,24,0,16,64,"0x0","0x7ed35b989e00",4181362063604865,4181362064198498,4181362064203505,4181362064204507,5007
1215,"loop_convert_fusion.kd",2,8,1377,1279882,1279882,1,1,0,0,4,4,16,64,"0x0","0x7ed35b989e40",4181362063612206,4181362064203505,4181362064207912,4181362064215103,4407
1216,"input_reduce_reduce_window_fusion_3.kd",2,8,1380,1279882,1279882,8192,256,0,0,28,4,48,64,"0x0","0x7ed35b989300",4181362063732625,4181362064220691,4181362064232108,4181362064243916,11417
1217,"loop_reduce_window_fusion_11.kd",2,8,1381,1279882,1279882,2048,256,0,0,8,0,16,64,"0x0","0x7ed35b989340",4181362063742931,4181362064232108,4181362064239919,4181362064248513,7811
1218,"loop_slice_fusion_5.kd",2,8,1382,1279882,1279882,8,8,0,0,20,4,16,64,"0x0","0x7ed35b989380",4181362063750091,4181362064239919,4181362064245367,4181362064253590,5448
1219,"loop_broadcast_fusion_2.kd",2,8,1383,1279882,1279882,32000,256,0,0,4,4,16,64,"0x0","0x7ed35b9893c0",4181362063757643,4181362064245367,4181362064250335,4181362064258508,4968
1220,"input_scatter_fusion_2.kd",2,8,1384,1279882,1279882,32000,256,0,0,12,4,32,64,"0x0","0x7ed35b989400",4181362063765044,4181362064250335,4181362064257465,4181362064263455,7130
1221,"loop_reduce_window_fusion_10.kd",2,8,1385,1279882,1279882,32000,256,0,0,8,0,16,64,"0x0","0x7ed35b989440",4181362063771924,4181362064257465,4181362064262313,4181362064268232,4848
1222,"loop_reduce_window_fusion_11.kd",2,8,1386,1279882,1279882,2048,256,0,0,8,0,16,64,"0x0","0x7ed35b989340",4181362063778764,4181362064262313,4181362064267200,4181362064274762,4887
1223,"loop_slice_fusion_5.kd",2,8,1387,1279882,1279882,8,8,0,0,20,4,16,64,"0x0","0x7ed35b989380",4181362063786275,4181362064267200,4181362064271887,4181362064279489,4687
1224,"loop_slice_fusion_1.kd",2,8,1388,1279882,1279882,125,125,0,0,8,0,16,64,"0x0","0x7ed35b989480",4181362063793225,4181362064271887,4181362064276574,4181362064293019,4687
1225,"input_reduce_fusion_1.kd",2,8,1389,1279882,1279882,64,64,0,0,8,0,16,64,"0x0","0x7ed35b9894c0",4181362063800807,4181362064276574,4181362064281221,4181362064298026,4647
1226,"loop_select_fusion_5.kd",2,8,1390,1279882,1279882,32000,256,0,0,8,0,32,64,"0x0","0x7ed35b989500",4181362063808678,4181362064281221,4181362064286148,4181362064302703,4927
1227,"loop_select_fusion_2.kd",2,8,1391,1279882,1279882,32000,256,0,0,4,4,16,64,"0x0","0x7ed35b989540",4181362063815819,4181362064286148,4181362064290875,4181362064307540,4727
1228,"loop_reduce_window_fusion_10.kd",2,8,1392,1279882,1279882,32000,256,0,0,8,0,16,64,"0x0","0x7ed35b989440",4181362063822609,4181362064290875,4181362064295602,4181362064312137,4727
1229,"loop_reduce_window_fusion_11.kd",2,8,1393,1279882,1279882,2048,256,0,0,8,0,16,64,"0x0","0x7ed35b989340",4181362063829039,4181362064295602,4181362064300449,4181362064316694,4847
1230,"loop_slice_fusion_5.kd",2,8,1394,1279882,1279882,8,8,0,0,20,4,16,64,"0x0","0x7ed35b989380",4181362063835669,4181362064300449,4181362064305136,4181362064321321,4687
1231,"input_concatenate_fusion.kd",2,8,1395,1279882,1279882,32000,256,0,0,12,4,32,64,"0x0","0x7ed35b989580",4181362063842559,4181362064305136,4181362064310344,4181362064326489,5208
1232,"loop_compare_fusion.kd",2,8,1396,1279882,1279882,36096,256,0,0,4,4,16,64,"0x0","0x7ed35b9895c0",4181362063849499,4181362064310344,4181362064315271,4181362064331406,4927
1233,"input_reduce_reduce_window_fusion.kd",2,8,1397,1279882,1279882,11520,256,0,0,24,0,48,64,"0x0","0x7ed35b989600",4181362063856500,4181362064315271,4181362064323684,4181362064335873,8413
1234,"loop_reduce_window_fusion_2.kd",2,8,1398,1279882,1279882,2304,256,0,0,8,0,16,64,"0x0","0x7ed35b989640",4181362063863550,4181362064323684,4181362064328611,4181362064341661,4927
1235,"loop_slice_fusion_8.kd",2,8,1399,1279882,1279882,9,9,0,0,20,4,16,64,"0x0","0x7ed35b989680",4181362063871171,4181362064328611,4181362064333258,4181362064346689,4647
1236,"loop_broadcast_fusion.kd",2,8,1400,1279882,1279882,36096,256,0,0,4,4,16,64,"0x0","0x7ed35b9896c0",4181362063878933,4181362064333258,4181362064338185,4181362064351876,4927
1237,"input_scatter_fusion.kd",2,8,1401,1279882,1279882,36096,256,0,0,12,4,32,64,"0x0","0x7ed35b989700",4181362063887345,4181362064338185,4181362064345156,4181362064355982,6971
1238,"loop_reduce_window_fusion_1.kd",2,8,1402,1279882,1279882,36096,256,0,0,8,0,16,64,"0x0","0x7ed35b989740",4181362063894586,4181362064345156,4181362064349963,4181362064360740,4807
1239,"loop_reduce_window_fusion_2.kd",2,8,1403,1279882,1279882,2304,256,0,0,8,0,16,64,"0x0","0x7ed35b989640",4181362063901346,4181362064349963,4181362064354930,4181362064365427,4967
1240,"loop_slice_fusion_8.kd",2,8,1404,1279882,1279882,9,9,0,0,20,4,16,64,"0x0","0x7ed35b989680",4181362063908156,4181362064354930,4181362064359657,4181362064379097,4727
1241,"loop_slice_fusion.kd",2,8,1405,1279882,1279882,141,141,0,0,8,0,16,64,"0x0","0x7ed35b989780",4181362063915768,4181362064359657,4181362064364384,4181362064374660,4727
1242,"input_reduce_fusion_2.kd",2,8,1406,1279882,1279882,64,64,0,0,8,0,16,64,"0x0","0x7ed35b9897c0",4181362063922187,4181362064364384,4181362064369031,4181362064369893,4647
1243,"loop_select_fusion_4.kd",2,8,1407,1279882,1279882,36096,256,0,0,8,0,32,64,"0x0","0x7ed35b989800",4181362063930219,4181362064369031,4181362064373959,4181362064387710,4928
1244,"loop_select_fusion.kd",2,8,1408,1279882,1279882,36096,256,0,0,8,0,16,64,"0x0","0x7ed35b989840",4181362063937089,4181362064373959,4181362064378886,4181362064392707,4927
1245,"loop_compare_fusion_2.kd",2,8,1409,1279882,1279882,4096,256,0,0,4,4,16,64,"0x0","0x7ed35b989880",4181362063943960,4181362064378886,4181362064383693,4181362064397314,4807
1246,"input_reduce_reduce_window_fusion_2.kd",2,8,1410,1279882,1279882,256,256,512,0,20,4,32,64,"0x0","0x7ed35b9898c0",4181362063951781,4181362064383693,4181362064400118,4181362064401851,16425
1247,"loop_slice_fusion_3.kd",2,8,1411,1279882,1279882,16,16,0,0,20,4,16,64,"0x0","0x7ed35b989900",4181362063958812,4181362064400118,4181362064404805,4181362064407910,4687
1248,"loop_broadcast_fusion_3.kd",2,8,1412,1279882,1279882,4096,256,0,0,4,4,16,64,"0x0","0x7ed35b989940",4181362063966503,4181362064404805,4181362064409652,4181362064412807,4847
1249,"input_scatter_fusion_3.kd",2,8,1413,1279882,1279882,4096,256,0,0,8,0,32,64,"0x0","0x7ed35b989980",4181362063974415,4181362064409652,4181362064415300,4181362064417744,5648
1250,"loop_reduce_window_fusion_13.kd",2,8,1414,1279882,1279882,4096,256,0,0,8,0,16,64,"0x0","0x7ed35b9899c0",4181362063981365,4181362064415300,4181362064420067,4181362064428430,4767
1251,"loop_slice_fusion_3.kd",2,8,1415,1279882,1279882,16,16,0,0,20,4,16,64,"0x0","0x7ed35b989900",4181362063988306,4181362064420067,4181362064424754,4181362064424324,4687
1252,"loop_remainder_fusion.kd",2,8,1416,1279882,1279882,4096,256,0,0,12,4,16,64,"0x0","0x7ed35b989a00",4181362063995677,4181362064424754,4181362064430643,4181362064433067,5889
1253,"loop_select_fusion_3.kd",2,8,1417,1279882,1279882,4096,256,0,0,8,0,32,64,"0x0","0x7ed35b989a40",4181362064002677,4181362064430643,4181362064435490,4181362064439437,4847
1254,"loop_reduce_window_fusion_13.kd",2,8,1418,1279882,1279882,4096,256,0,0,8,0,16,64,"0x0","0x7ed35b9899c0",4181362064010669,4181362064435490,4181362064440137,4181362064443943,4647
1255,"loop_slice_fusion_3.kd",2,8,1419,1279882,1279882,16,16,0,0,20,4,16,64,"0x0","0x7ed35b989900",4181362064019492,4181362064440137,4181362064444824,4181362064448861,4687
1256,"input_concatenate_fusion_1.kd",2,8,1420,1279882,1279882,4096,256,0,0,8,0,32,64,"0x0","0x7ed35b989a80",4181362064028265,4181362064444824,4181362064450472,4181362064455631,5648
1257,"loop_compare_fusion_1.kd",2,8,1421,1279882,1279882,8192,256,0,0,4,4,16,64,"0x0","0x7ed35b989ac0",4181362064035275,4181362064450472,4181362064455360,4181362064460017,4888
1258,"input_reduce_reduce_window_fusion_1.kd",2,8,1422,1279882,1279882,512,512,512,0,20,4,48,64,"0x0","0x7ed35b989b00",4181362064043117,4181362064455360,4181362064472986,4181362064477643,17626
1259,"loop_reduce_window_fusion_6.kd",2,8,1423,1279882,1279882,32,32,0,0,32,0,16,64,"0x0","0x7ed35b989b40",4181362064050118,4181362064472986,4181362064483161,4181362064485946,10175
1260,"loop_broadcast_fusion_1.kd",2,8,1424,1279882,1279882,8192,256,0,0,4,4,16,64,"0x0","0x7ed35b989b80",4181362064058230,4181362064483161,4181362064488088,4181362064490442,4927
1261,"input_scatter_fusion_1.kd",2,8,1425,1279882,1279882,8192,256,0,0,8,0,32,64,"0x0","0x7ed35b989bc0",4181362064064950,4181362064488088,4181362064493296,4181362064494669,5208
1262,"loop_reduce_window_fusion_5.kd",2,8,1426,1279882,1279882,8192,256,0,0,8,0,16,64,"0x0","0x7ed35b989c00",4181362064072020,4181362064493296,4181362064498304,4181362064501419,5008
1263,"loop_reduce_window_fusion_4.kd",2,8,1427,1279882,1279882,512,256,0,0,8,0,16,64,"0x0","0x7ed35b989c40",4181362064078890,4181362064498304,4181362064503391,4181362064505675,5087
1264,"loop_reduce_window_fusion_3.kd",2,8,1428,1279882,1279882,32,32,0,0,8,0,16,64,"0x0","0x7ed35b989c80",4181362064084939,4181362064503391,4181362064508198,4181362064510142,4807
1265,"loop_select_fusion_6.kd",2,8,1429,1279882,1279882,8192,256,0,0,8,0,32,64,"0x0","0x7ed35b989cc0",4181362064092771,4181362064508198,4181362064513166,4181362064516010,4968
1266,"loop_select_fusion_1.kd",2,8,1430,1279882,1279882,8192,256,0,0,8,0,16,64,"0x0","0x7ed35b989d00",4181362064099862,4181362064513166,4181362064518053,4181362064520427,4887
1267,"loop_broadcast_fusion_4.kd",2,8,1431,1279882,1279882,16,16,0,0,4,4,16,64,"0x0","0x7ed35b989d40",4181362064106291,4181362064518053,4181362064522980,4181362064524443,4927
1268,"__amd_rocclr_fillBufferAligned.kd",2,8,1432,1279882,1279882,77824,256,0,0,12,4,48,64,"0x0","0x7ed361483580",4181362064117488,4181362064522980,4181362064536561,4181362064539616,13581
1269,"__amd_rocclr_fillBufferAligned.kd",2,8,1433,1279882,1279882,16128,256,0,0,12,4,48,64,"0x0","0x7ed361483580",4181362064124218,4181362064536561,4181362064541488,4181362064543782,4927
1270,"transformer_engine::fused_attn_rocm::populate_rng_state_kernel(long*, long const*, long) [clone .kd]",2,8,1434,1279882,1279882,1,1,0,0,8,0,16,64,"0x0","0x7ed35b9ad380",4181362064132390,4181362064541488,4181362064546455,4181362064548339,4967
1271,"__amd_rocclr_fillBufferAligned.kd",2,8,1435,1279882,1279882,256,256,0,0,12,4,48,64,"0x0","0x7ed361483580",4181362064141393,4181362064546455,4181362064551182,4181362064554528,4727
1272,"ck_fused_attn::get_runtime_max_seqlen_kernel(unsigned long, int const*, int const*, unsigned long*) [clone .kd]",2,8,1436,1279882,1279882,4096,128,0,0,4,4,32,64,"0x0","0x7ed35b978940",4181362064147352,4181362064551182,4181362064556991,4181362064561067,5809
1273,"__amd_rocclr_copyBuffer.kd",2,8,1437,1279882,1279882,512,512,0,0,16,0,32,64,"0x7f13dfc73880","0x7ed361483600",4181362064154553,4181362064556991,4181362064562639,4181362064567367,5648
1274,"__amd_rocclr_fillBufferAligned.kd",2,8,1439,1279882,1279882,256,256,0,0,12,4,48,64,"0x0","0x7ed361483580",4181362064607627,4181362064618322,4181362064620365,4181362064647606,2043
1275,"ck_fused_attn::get_runtime_max_seqlen_kernel(unsigned long, int const*, int const*, unsigned long*) [clone .kd]",2,8,1440,1279882,1279882,4096,128,0,0,4,4,32,64,"0x0","0x7ed35b978940",4181362064618944,4181362064627295,4181362064636750,4181362064657851,9455
1276,"__amd_rocclr_copyBuffer.kd",2,8,1441,1279882,1279882,512,512,0,0,16,0,32,64,"0x7f13dfde8c00","0x7ed361483600",4181362064626124,4181362064636750,4181362064642158,4181362064652964,5408
1277,"void transformer_engine::fused_attn_rocm::compute_scores_kernel<__half, transformer_engine::fused_attn_rocm::SmallSeqConfig<8, 128, 256, false, (transformer_engine::fused_attn_rocm::CausalMaskType)0>, 1>(__half const*, __half const*, __half*, float, int const*, int const*, int, int) [clone .kd]",2,8,1443,1279882,1279882,64000,64,0,0,100,4,48,64,"0x0","0x7ed33c14ec00",4181362064668818,4181362064678371,4181362064724640,4181362064732232,46269
1278,"void transformer_engine::fused_attn_rocm::apply_mask_and_softmax_kernel<__half, transformer_engine::fused_attn_rocm::SmallSeqConfig<8, 128, 256, false, (transformer_engine::fused_attn_rocm::CausalMaskType)0> >(__half*, __half const*, float, int const*, int, int) [clone .kd]",2,8,1444,1279882,1279882,512000,256,1024,0,16,0,16,64,"0x0","0x7ed33c14ec40",4181362064676179,4181362064724640,4181362064730048,4181362064738802,5408
1279,"void transformer_engine::fused_attn_rocm::compute_output_kernel<__half, transformer_engine::fused_attn_rocm::SmallSeqConfig<8, 128, 256, false, (transformer_engine::fused_attn_rocm::CausalMaskType)0>, 2, 8>(__half const*, __half const*, __half*, int const*, int const*, int, int) [clone .kd]",2,8,1445,1279882,1279882,512000,64,16384,0,20,4,32,64,"0x0","0x7ed33c14ec80",4181362064691471,4181362064730048,4181362064783328,4181362064796918,53280
1280,"loop_broadcast_fusion_5.kd",2,8,1446,1279882,1279882,2048000,256,0,0,4,4,16,64,"0x0","0x7ed35b989d80",4181362064700515,4181362064783328,4181362064791379,4181362064791170,8051
1281,"__amd_rocclr_fillBufferAligned.kd",2,8,1447,1279882,1279882,77824,256,0,0,12,4,48,64,"0x0","0x7ed361483580",4181362064714526,4181362064791379,4181362064798190,4181362064805842,6811
1282,"__amd_rocclr_fillBufferAligned.kd",2,8,1448,1279882,1279882,77824,256,0,0,12,4,48,64,"0x0","0x7ed361483580",4181362064720995,4181362064798190,4181362064820984,4181362064822036,22794
1283,"__amd_rocclr_fillBufferAligned.kd",2,8,1449,1279882,1279882,77824,256,0,0,12,4,48,64,"0x0","0x7ed361483580",4181362064727605,4181362064820984,4181362064843297,4181362064845881,22313
1284,"__amd_rocclr_fillBufferAligned.kd",2,8,1450,1279882,1279882,256,256,0,0,12,4,48,64,"0x0","0x7ed361483580",4181362064736108,4181362064843297,4181362064848184,4181362064852521,4887
1285,"ck_fused_attn::get_runtime_max_seqlen_kernel(unsigned long, int const*, int const*, unsigned long*) [clone .kd]",2,8,1451,1279882,1279882,4096,128,0,0,4,4,32,64,"0x0","0x7ed35b978940",4181362064744170,4181362064848184,4181362064854273,4181362064857568,6089
1286,"__amd_rocclr_copyBuffer.kd",2,8,1452,1279882,1279882,512,512,0,0,16,0,32,64,"0x7f13dfde8b00","0x7ed361483600",4181362064753424,4181362064854273,4181362064860042,4181362064862145,5769
1287,"__amd_rocclr_fillBufferAligned.kd",2,8,1454,1279882,1279882,256,256,0,0,12,4,48,64,"0x0","0x7ed361483580",4181362064880733,4181362064896776,4181362064898699,4181362064899110,1923
1288,"ck_fused_attn::get_runtime_max_seqlen_kernel(unsigned long, int const*, int const*, unsigned long*) [clone .kd]",2,8,1455,1279882,1279882,4096,128,0,0,4,4,32,64,"0x0","0x7ed35b978940",4181362064897418,4181362064915324,4181362064921333,4181362064923246,6009
1289,"__amd_rocclr_copyBuffer.kd",2,8,1456,1279882,1279882,512,512,0,0,16,0,32,64,"0x7f13dfc73480","0x7ed361483600",4181362064913852,4181362064926260,4181362064930587,4181362064930257,4327
1290,"void transformer_engine::fused_attn_rocm::compute_grad_v_kernel<__half, transformer_engine::fused_attn_rocm::SmallSeqConfig<8, 128, 256, false, (transformer_engine::fused_attn_rocm::CausalMaskType)0>, 16, 16>(__half const*, __half const*, __half*, int const*, int const*, int, int) [clone .kd]",2,8,1458,1279882,1279882,256000,64,16384,0,28,4,32,64,"0x0","0x7ed33c150400",4181362064944598,4181362064955303,4181362065025247,4181362065027201,69944
1291,"void transformer_engine::fused_attn_rocm::compute_grad_attn_kernel<__half, transformer_engine::fused_attn_rocm::SmallSeqConfig<8, 128, 256, false, (transformer_engine::fused_attn_rocm::CausalMaskType)0>, 16>(__half const*, __half const*, __half*, int const*, int const*, int, int) [clone .kd]",2,8,1459,1279882,1279882,8000,64,0,0,104,0,64,64,"0x0","0x7ed33c150440",4181362064953331,4181362065025247,4181362065374887,4181362065387607,349640
1292,"void transformer_engine::fused_attn_rocm::softmax_backward_kernel<__half, transformer_engine::fused_attn_rocm::SmallSeqConfig<8, 128, 256, false, (transformer_engine::fused_attn_rocm::CausalMaskType)0> >(__half const*, __half const*, __half*, float, int const*, int, int) [clone .kd]",2,8,1460,1279882,1279882,512000,256,1024,0,12,4,16,64,"0x0","0x7ed33c150480",4181362064962605,4181362065374887,4181362065380816,4181362065397832,5929
1293,"void transformer_engine::fused_attn_rocm::compute_grad_qk_kernel<__half, transformer_engine::fused_attn_rocm::SmallSeqConfig<8, 128, 256, false, (transformer_engine::fused_attn_rocm::CausalMaskType)0>, 4, 16>(__half const*, __half const*, __half const*, __half*, __half*, float, int const*, int const*, int, int) [clone .kd]",2,8,1461,1279882,1279882,1024000,64,16384,0,36,4,64,64,"0x0","0x7ed33c1504c0",4181362064970567,4181362065380816,4181362065573062,4181362065577740,192246
1294,"input_reduce_fusion.kd",2,8,1462,1279882,1279882,524288,256,512,0,16,0,16,64,"0x0","0x7ed35b989dc0",4181362064979139,4181362065573062,4181362065583357,4181362065585030,10295
1295,"input_reduce_fusion_3.kd",2,8,1463,1279882,1279882,128,128,512,0,24,0,16,64,"0x0","0x7ed35b989e00",4181362064986330,4181362065583357,4181362065589326,4181362065589868,5969
1296,"loop_convert_fusion.kd",2,8,1464,1279882,1279882,1,1,0,0,4,4,16,64,"0x0","0x7ed35b989e40",4181362064993330,4181362065589326,4181362065593573,4181362065594214,4247
1297,"input_reduce_reduce_window_fusion_3.kd",2,8,1467,1279882,1279882,8192,256,0,0,28,4,48,64,"0x0","0x7ed35b989300",4181362065113970,4181362065605711,4181362065618289,4181362065620032,12578
1298,"loop_reduce_window_fusion_11.kd",2,8,1468,1279882,1279882,2048,256,0,0,8,0,16,64,"0x0","0x7ed35b989340",4181362065123204,4181362065618289,4181362065624659,4181362065624920,6370
1299,"loop_slice_fusion_5.kd",2,8,1469,1279882,1279882,8,8,0,0,20,4,16,64,"0x0","0x7ed35b989380",4181362065130625,4181362065624659,4181362065630027,4181362065630258,5368
1300,"loop_broadcast_fusion_2.kd",2,8,1470,1279882,1279882,32000,256,0,0,4,4,16,64,"0x0","0x7ed35b9893c0",4181362065137234,4181362065630027,4181362065635835,4181362065635546,5808
1301,"input_scatter_fusion_2.kd",2,8,1471,1279882,1279882,32000,256,0,0,12,4,32,64,"0x0","0x7ed35b989400",4181362065144706,4181362065635835,4181362065644929,4181362065647984,9094
1302,"loop_reduce_window_fusion_10.kd",2,8,1472,1279882,1279882,32000,256,0,0,8,0,16,64,"0x0","0x7ed35b989440",4181362065150925,4181362065644929,4181362065649856,4181362065656477,4927
1303,"loop_reduce_window_fusion_11.kd",2,8,1473,1279882,1279882,2048,256,0,0,8,0,16,64,"0x0","0x7ed35b989340",4181362065158125,4181362065649856,4181362065655304,4181362065661074,5448
1304,"loop_slice_fusion_5.kd",2,8,1474,1279882,1279882,8,8,0,0,20,4,16,64,"0x0","0x7ed35b989380",4181362065164896,4181362065655304,4181362065659871,4181362065665841,4567
1305,"loop_slice_fusion_1.kd",2,8,1475,1279882,1279882,125,125,0,0,8,0,16,64,"0x0","0x7ed35b989480",4181362065171996,4181362065659871,4181362065664518,4181362065670708,4647
1306,"input_reduce_fusion_1.kd",2,8,1476,1279882,1279882,64,64,0,0,8,0,16,64,"0x0","0x7ed35b9894c0",4181362065178576,4181362065664518,4181362065669125,4181362065675215,4607
1307,"loop_select_fusion_5.kd",2,8,1477,1279882,1279882,32000,256,0,0,8,0,32,64,"0x0","0x7ed35b989500",4181362065186037,4181362065669125,4181362065674012,4181362065679721,4887
1308,"loop_select_fusion_2.kd",2,8,1478,1279882,1279882,32000,256,0,0,4,4,16,64,"0x0","0x7ed35b989540",4181362065193208,4181362065674012,4181362065678779,4181362065684498,4767
1309,"loop_reduce_window_fusion_10.kd",2,8,1479,1279882,1279882,32000,256,0,0,8,0,16,64,"0x0","0x7ed35b989440",4181362065200228,4181362065678779,4181362065683546,4181362065690187,4767
1310,"loop_reduce_window_fusion_11.kd",2,8,1480,1279882,1279882,2048,256,0,0,8,0,16,64,"0x0","0x7ed35b989340",4181362065207178,4181362065683546,4181362065688434,4181362065695365,4888
1311,"loop_slice_fusion_5.kd",2,8,1481,1279882,1279882,8,8,0,0,20,4,16,64,"0x0","0x7ed35b989380",4181362065214700,4181362065688434,4181362065693121,4181362065700001,4687
1312,"input_concatenate_fusion.kd",2,8,1482,1279882,1279882,32000,256,0,0,12,4,32,64,"0x0","0x7ed35b989580",4181362065222201,4181362065693121,4181362065698609,4181362065704678,5488
1313,"loop_compare_fusion.kd",2,8,1483,1279882,1279882,36096,256,0,0,4,4,16,64,"0x0","0x7ed35b9895c0",4181362065230052,4181362065698609,4181362065703456,4181362065709225,4847
1314,"input_reduce_reduce_window_fusion.kd",2,8,1484,1279882,1279882,11520,256,0,0,24,0,48,64,"0x0","0x7ed35b989600",4181362065237313,4181362065703456,4181362065711748,4181362065713852,8292
1315,"loop_reduce_window_fusion_2.kd",2,8,1485,1279882,1279882,2304,256,0,0,8,0,16,64,"0x0","0x7ed35b989640",4181362065243743,4181362065711748,4181362065716716,4181362065720722,4968
1316,"loop_slice_fusion_8.kd",2,8,1486,1279882,1279882,9,9,0,0,20,4,16,64,"0x0","0x7ed35b989680",4181362065251134,4181362065716716,4181362065721403,4181362065725589,4687
1317,"loop_broadcast_fusion.kd",2,8,1487,1279882,1279882,36096,256,0,0,4,4,16,64,"0x0","0x7ed35b9896c0",4181362065258274,4181362065721403,4181362065726330,4181362065730367,4927
1318,"input_scatter_fusion.kd",2,8,1488,1279882,1279882,36096,256,0,0,12,4,32,64,"0x0","0x7ed35b989700",4181362065266897,4181362065726330,4181362065733380,4181362065735214,7050
1319,"loop_reduce_window_fusion_1.kd",2,8,1489,1279882,1279882,36096,256,0,0,8,0,16,64,"0x0","0x7ed35b989740",4181362065275130,4181362065733380,4181362065738228,4181362065739660,4848
1320,"loop_reduce_window_fusion_2.kd",2,8,1490,1279882,1279882,2304,256,0,0,8,0,16,64,"0x0","0x7ed35b989640",4181362065282541,4181362065738228,4181362065743155,4181362065743937,4927
1321,"loop_slice_fusion_8.kd",2,8,1491,1279882,1279882,9,9,0,0,20,4,16,64,"0x0","0x7ed35b989680",4181362065289020,4181362065743155,4181362065747842,4181362065748193,4687
1322,"loop_slice_fusion.kd",2,8,1492,1279882,1279882,141,141,0,0,8,0,16,64,"0x0","0x7ed35b989780",4181362065296231,4181362065747842,4181362065752569,4181362065752560,4727
1323,"input_reduce_fusion_2.kd",2,8,1493,1279882,1279882,64,64,0,0,8,0,16,64,"0x0","0x7ed35b9897c0",4181362065302951,4181362065752569,4181362065757296,4181362065761152,4727
1324,"loop_select_fusion_4.kd",2,8,1494,1279882,1279882,36096,256,0,0,8,0,32,64,"0x0","0x7ed35b989800",4181362065310142,4181362065757296,4181362065762143,4181362065765869,4847
1325,"loop_select_fusion.kd",2,8,1495,1279882,1279882,36096,256,0,0,8,0,16,64,"0x0","0x7ed35b989840",4181362065317102,4181362065762143,4181362065767111,4181362065770526,4968
1326,"loop_compare_fusion_2.kd",2,8,1496,1279882,1279882,4096,256,0,0,4,4,16,64,"0x0","0x7ed35b989880",4181362065324223,4181362065767111,4181362065771918,4181362065775343,4807
1327,"input_reduce_reduce_window_fusion_2.kd",2,8,1497,1279882,1279882,256,256,512,0,20,4,32,64,"0x0","0x7ed35b9898c0",4181362065330582,4181362065771918,4181362065787982,4181362065796084,16064
1328,"loop_slice_fusion_3.kd",2,8,1498,1279882,1279882,16,16,0,0,20,4,16,64,"0x0","0x7ed35b989900",4181362065337592,4181362065787982,4181362065792629,4181362065801002,4647
1329,"loop_broadcast_fusion_3.kd",2,8,1499,1279882,1279882,4096,256,0,0,4,4,16,64,"0x0","0x7ed35b989940",4181362065345294,4181362065792629,4181362065797476,4181362065805498,4847
1330,"input_scatter_fusion_3.kd",2,8,1500,1279882,1279882,4096,256,0,0,8,0,32,64,"0x0","0x7ed35b989980",4181362065352595,4181362065797476,4181362065803405,4181362065809624,5929
1331,"loop_reduce_window_fusion_13.kd",2,8,1501,1279882,1279882,4096,256,0,0,8,0,16,64,"0x0","0x7ed35b9899c0",4181362065359685,4181362065803405,4181362065808172,4181362065820701,4767
1332,"loop_slice_fusion_3.kd",2,8,1502,1279882,1279882,16,16,0,0,20,4,16,64,"0x0","0x7ed35b989900",4181362065366435,4181362065808172,4181362065812899,4181362065816074,4727
1333,"loop_remainder_fusion.kd",2,8,1503,1279882,1279882,4096,256,0,0,12,4,16,64,"0x0","0x7ed35b989a00",4181362065373466,4181362065812899,4181362065818427,4181362065825598,5528
1334,"loop_select_fusion_3.kd",2,8,1504,1279882,1279882,4096,256,0,0,8,0,32,64,"0x0","0x7ed35b989a40",4181362065381438,4181362065818427,4181362065823154,4181362065832699,4727
1335,"loop_reduce_window_fusion_13.kd",2,8,1505,1279882,1279882,4096,256,0,0,8,0,16,64,"0x0","0x7ed35b9899c0",4181362065387807,4181362065823154,4181362065827921,4181362065846760,4767
1336,"loop_slice_fusion_3.kd",2,8,1506,1279882,1279882,16,16,0,0,20,4,16,64,"0x0","0x7ed35b989900",4181362065413165,4181362065827921,4181362065832528,4181362065851667,4607
1337,"input_concatenate_fusion_1.kd",2,8,1507,1279882,1279882,4096,256,0,0,8,0,32,64,"0x0","0x7ed35b989a80",4181362065419935,4181362065832528,4181362065837896,4181362065837836,5368
1338,"loop_compare_fusion_1.kd",2,8,1508,1279882,1279882,8192,256,0,0,4,4,16,64,"0x0","0x7ed35b989ac0",4181362065426124,4181362065837896,4181362065842783,4181362065842493,4887
1339,"input_reduce_reduce_window_fusion_1.kd",2,8,1509,1279882,1279882,512,512,512,0,20,4,48,64,"0x0","0x7ed35b989b00",4181362065432624,4181362065842783,4181362065860289,4181362065868903,17506
1340,"loop_reduce_window_fusion_6.kd",2,8,1510,1279882,1279882,32,32,0,0,32,0,16,64,"0x0","0x7ed35b989b40",4181362065440035,4181362065860289,4181362065871826,4181362065874861,11537
1341,"loop_broadcast_fusion_1.kd",2,8,1511,1279882,1279882,8192,256,0,0,4,4,16,64,"0x0","0x7ed35b989b80",4181362065447886,4181362065871826,4181362065876794,4181362065879248,4968
1342,"input_scatter_fusion_1.kd",2,8,1512,1279882,1279882,8192,256,0,0,8,0,32,64,"0x0","0x7ed35b989bc0",4181362065455628,4181362065876794,4181362065882162,4181362065886369,5368
1343,"loop_reduce_window_fusion_5.kd",2,8,1513,1279882,1279882,8192,256,0,0,8,0,16,64,"0x0","0x7ed35b989c00",4181362065463349,4181362065882162,4181362065887209,4181362065890945,5047
1344,"loop_reduce_window_fusion_4.kd",2,8,1514,1279882,1279882,512,256,0,0,8,0,16,64,"0x0","0x7ed35b989c40",4181362065469489,4181362065887209,4181362065892177,4181362065895432,4968
1345,"loop_reduce_window_fusion_3.kd",2,8,1515,1279882,1279882,32,32,0,0,8,0,16,64,"0x0","0x7ed35b989c80",4181362065476058,4181362065892177,4181362065896944,4181362065906338,4767
1346,"loop_select_fusion_6.kd",2,8,1516,1279882,1279882,8192,256,0,0,8,0,32,64,"0x0","0x7ed35b989cc0",4181362065483409,4181362065896944,4181362065901911,4181362065901551,4967
1347,"loop_select_fusion_1.kd",2,8,1517,1279882,1279882,8192,256,0,0,8,0,16,64,"0x0","0x7ed35b989d00",4181362065490440,4181362065901911,4181362065906758,4181362065913309,4847
1348,"loop_broadcast_fusion_4.kd",2,8,1518,1279882,1279882,16,16,0,0,4,4,16,64,"0x0","0x7ed35b989d40",4181362065498061,4181362065906758,4181362065911726,4181362065917916,4968
1349,"__amd_rocclr_fillBufferAligned.kd",2,8,1519,1279882,1279882,77824,256,0,0,12,4,48,64,"0x0","0x7ed361483580",4181362065509748,4181362065911726,4181362065925346,4181362065938907,13620
1350,"__amd_rocclr_fillBufferAligned.kd",2,8,1520,1279882,1279882,16128,256,0,0,12,4,48,64,"0x0","0x7ed361483580",4181362065515357,4181362065925346,4181362065930353,4181362065934070,5007
1351,"transformer_engine::fused_attn_rocm::populate_rng_state_kernel(long*, long const*, long) [clone .kd]",2,8,1521,1279882,1279882,1,1,0,0,8,0,16,64,"0x0","0x7ed35b9ad380",4181362065525452,4181362065930353,4181362065935201,4181362065943323,4848
1352,"__amd_rocclr_fillBufferAligned.kd",2,8,1522,1279882,1279882,256,256,0,0,12,4,48,64,"0x0","0x7ed361483580",4181362065534375,4181362065935201,4181362065939968,4181362065951525,4767
1353,"ck_fused_attn::get_runtime_max_seqlen_kernel(unsigned long, int const*, int const*, unsigned long*) [clone .kd]",2,8,1523,1279882,1279882,4096,128,0,0,4,4,32,64,"0x0","0x7ed35b978940",4181362065540735,4181362065939968,4181362065945776,4181362065961580,5808
1354,"__amd_rocclr_copyBuffer.kd",2,8,1524,1279882,1279882,512,512,0,0,16,0,32,64,"0x7f13dfde8800","0x7ed361483600",4181362065549037,4181362065945776,4181362065951705,4181362065956052,5929
1355,"__amd_rocclr_fillBufferAligned.kd",2,8,1526,1279882,1279882,256,256,0,0,12,4,48,64,"0x0","0x7ed361483580",4181362066000088,4181362066015280,4181362066017203,4181362066037884,1923
1356,"ck_fused_attn::get_runtime_max_seqlen_kernel(unsigned long, int const*, int const*, unsigned long*) [clone .kd]",2,8,1527,1279882,1279882,4096,128,0,0,4,4,32,64,"0x0","0x7ed35b978940",4181362066015661,4181362066028660,4181362066036872,4181362066047959,8212
1357,"__amd_rocclr_copyBuffer.kd",2,8,1528,1279882,1279882,512,512,0,0,16,0,32,64,"0x7f13dfde8700","0x7ed361483600",4181362066027448,4181362066036872,4181362066042881,4181362066043502,6009
1358,"void transformer_engine::fused_attn_rocm::compute_scores_kernel<__half, transformer_engine::fused_attn_rocm::SmallSeqConfig<8, 128, 256, false, (transformer_engine::fused_attn_rocm::CausalMaskType)0>, 1>(__half const*, __half const*, __half*, float, int const*, int const*, int, int) [clone .kd]",2,8,1530,1279882,1279882,64000,64,0,0,100,4,48,64,"0x0","0x7ed33c14ec00",4181362066059817,4181362066069440,4181362066111463,4181362066113627,42023
1359,"void transformer_engine::fused_attn_rocm::apply_mask_and_softmax_kernel<__half, transformer_engine::fused_attn_rocm::SmallSeqConfig<8, 128, 256, false, (transformer_engine::fused_attn_rocm::CausalMaskType)0> >(__half*, __half const*, float, int const*, int, int) [clone .kd]",2,8,1531,1279882,1279882,512000,256,1024,0,16,0,16,64,"0x0","0x7ed33c14ec40",4181362066067087,4181362066111463,4181362066116791,4181362066121428,5328
1360,"void transformer_engine::fused_attn_rocm::compute_output_kernel<__half, transformer_engine::fused_attn_rocm::SmallSeqConfig<8, 128, 256, false, (transformer_engine::fused_attn_rocm::CausalMaskType)0>, 2, 8>(__half const*, __half const*, __half*, int const*, int const*, int, int) [clone .kd]",2,8,1532,1279882,1279882,512000,64,16384,0,20,4,32,64,"0x0","0x7ed33c14ec80",4181362066074218,4181362066116791,4181362066170270,4181362066184802,53479
1361,"loop_broadcast_fusion_5.kd",2,8,1533,1279882,1279882,2048000,256,0,0,4,4,16,64,"0x0","0x7ed35b989d80",4181362066091554,4181362066170270,4181362066178362,4181362066178914,8092
1362,"__amd_rocclr_fillBufferAligned.kd",2,8,1534,1279882,1279882,77824,256,0,0,12,4,48,64,"0x0","0x7ed361483580",4181362066105725,4181362066178362,4181362066185212,4181362066193165,6850
1363,"__amd_rocclr_fillBufferAligned.kd",2,8,1535,1279882,1279882,77824,256,0,0,12,4,48,64,"0x0","0x7ed361483580",4181362066112325,4181362066185212,4181362066208167,4181362066208848,22955
1364,"__amd_rocclr_fillBufferAligned.kd",2,8,1536,1279882,1279882,77824,256,0,0,12,4,48,64,"0x0","0x7ed361483580",4181362066136400,4181362066208167,4181362066230720,4181362066233265,22553
1365,"__amd_rocclr_fillBufferAligned.kd",2,8,1537,1279882,1279882,256,256,0,0,12,4,48,64,"0x0","0x7ed361483580",4181362066144663,4181362066230720,4181362066235487,4181362066239854,4767
1366,"ck_fused_attn::get_runtime_max_seqlen_kernel(unsigned long, int const*, int const*, unsigned long*) [clone .kd]",2,8,1538,1279882,1279882,4096,128,0,0,4,4,32,64,"0x0","0x7ed35b978940",4181362066151062,4181362066235487,4181362066241536,4181362066244922,6049
1367,"__amd_rocclr_copyBuffer.kd",2,8,1539,1279882,1279882,512,512,0,0,16,0,32,64,"0x7f13dfde8600","0x7ed361483600",4181362066158203,4181362066241536,4181362066247104,4181362066249439,5568
1368,"__amd_rocclr_fillBufferAligned.kd",2,8,1541,1279882,1279882,256,256,0,0,12,4,48,64,"0x0","0x7ed361483580",4181362066264621,4181362066278271,4181362066280474,4181362066285442,2203
1369,"ck_fused_attn::get_runtime_max_seqlen_kernel(unsigned long, int const*, int const*, unsigned long*) [clone .kd]",2,8,1542,1279882,1279882,4096,128,0,0,4,4,32,64,"0x0","0x7ed35b978940",4181362066278832,4181362066287364,4181362066293413,4181362066295377,6049
1370,"__amd_rocclr_copyBuffer.kd",2,8,1543,1279882,1279882,512,512,0,0,16,0,32,64,"0x7f13dfde8500","0x7ed361483600",4181362066286263,4181362066300704,4181362066306673,4181362066311861,5969
1371,"void transformer_engine::fused_attn_rocm::compute_grad_v_kernel<__half, transformer_engine::fused_attn_rocm::SmallSeqConfig<8, 128, 256, false, (transformer_engine::fused_attn_rocm::CausalMaskType)0>, 16, 16>(__half const*, __half const*, __half*, int const*, int const*, int, int) [clone .kd]",2,8,1545,1279882,1279882,256000,64,16384,0,28,4,32,64,"0x0","0x7ed33c150400",4181362066327104,4181362066337719,4181362066403978,4181362066405501,66259
1372,"void transformer_engine::fused_attn_rocm::compute_grad_attn_kernel<__half, transformer_engine::fused_attn_rocm::SmallSeqConfig<8, 128, 256, false, (transformer_engine::fused_attn_rocm::CausalMaskType)0>, 16>(__half const*, __half const*, __half*, int const*, int const*, int, int) [clone .kd]",2,8,1546,1279882,1279882,8000,64,0,0,104,0,64,64,"0x0","0x7ed33c150440",4181362066335907,4181362066403978,4181362066752857,4181362066761781,348879
1373,"void transformer_engine::fused_attn_rocm::softmax_backward_kernel<__half, transformer_engine::fused_attn_rocm::SmallSeqConfig<8, 128, 256, false, (transformer_engine::fused_attn_rocm::CausalMaskType)0> >(__half const*, __half const*, __half*, float, int const*, int, int) [clone .kd]",2,8,1547,1279882,1279882,512000,256,1024,0,12,4,16,64,"0x0","0x7ed33c150480",4181362066345562,4181362066752857,4181362066759026,4181362066771094,6169
1374,"void transformer_engine::fused_attn_rocm::compute_grad_qk_kernel<__half, transformer_engine::fused_attn_rocm::SmallSeqConfig<8, 128, 256, false, (transformer_engine::fused_attn_rocm::CausalMaskType)0>, 4, 16>(__half const*, __half const*, __half const*, __half*, __half*, float, int const*, int const*, int, int) [clone .kd]",2,8,1548,1279882,1279882,1024000,64,16384,0,36,4,64,64,"0x0","0x7ed33c1504c0",4181362066356478,4181362066759026,4181362066949669,4181362066950581,190643
1375,"input_reduce_fusion.kd",2,8,1549,1279882,1279882,524288,256,512,0,16,0,16,64,"0x0","0x7ed35b989dc0",4181362066365041,4181362066949669,4181362066959885,4181362066959655,10216
1376,"input_reduce_fusion_3.kd",2,8,1550,1279882,1279882,128,128,512,0,24,0,16,64,"0x0","0x7ed35b989e00",4181362066371750,4181362066959885,4181362066964812,4181362066964502,4927
1377,"loop_convert_fusion.kd",2,8,1551,1279882,1279882,1,1,0,0,4,4,16,64,"0x0","0x7ed35b989e40",4181362066377729,4181362066964812,4181362066969218,4181362066969039,4406
1378,"input_reduce_reduce_window_fusion_3.kd",2,8,1554,1279882,1279882,8192,256,0,0,28,4,48,64,"0x0","0x7ed35b989300",4181362066507542,4181362066980235,4181362066991772,4181362066995027,11537
1379,"loop_reduce_window_fusion_11.kd",2,8,1555,1279882,1279882,2048,256,0,0,8,0,16,64,"0x0","0x7ed35b989340",4181362066518068,4181362066991772,4181362066999944,4181362066999945,8172
1380,"loop_slice_fusion_5.kd",2,8,1556,1279882,1279882,8,8,0,0,20,4,16,64,"0x0","0x7ed35b989380",4181362066525970,4181362066999944,4181362067005112,4181362067011822,5168
1381,"loop_broadcast_fusion_2.kd",2,8,1557,1279882,1279882,32000,256,0,0,4,4,16,64,"0x0","0x7ed35b9893c0",4181362066532470,4181362067005112,4181362067011081,4181362067016820,5969
1382,"input_scatter_fusion_2.kd",2,8,1558,1279882,1279882,32000,256,0,0,12,4,32,64,"0x0","0x7ed35b989400",4181362066540261,4181362067011081,4181362067019413,4181362067021657,8332
1383,"loop_reduce_window_fusion_10.kd",2,8,1559,1279882,1279882,32000,256,0,0,8,0,16,64,"0x0","0x7ed35b989440",4181362066547632,4181362067019413,4181362067024300,4181362067027476,4887
1384,"loop_reduce_window_fusion_11.kd",2,8,1560,1279882,1279882,2048,256,0,0,8,0,16,64,"0x0","0x7ed35b989340",4181362066555093,4181362067024300,4181362067029308,4181362067032033,5008
1385,"loop_slice_fusion_5.kd",2,8,1561,1279882,1279882,8,8,0,0,20,4,16,64,"0x0","0x7ed35b989380",4181362066561753,4181362067029308,4181362067033995,4181362067036499,4687
1386,"loop_slice_fusion_1.kd",2,8,1562,1279882,1279882,125,125,0,0,8,0,16,64,"0x0","0x7ed35b989480",4181362066568764,4181362067033995,4181362067038682,4181362067041026,4687
1387,"input_reduce_fusion_1.kd",2,8,1563,1279882,1279882,64,64,0,0,8,0,16,64,"0x0","0x7ed35b9894c0",4181362066575724,4181362067038682,4181362067043369,4181362067045262,4687
1388,"loop_select_fusion_5.kd",2,8,1564,1279882,1279882,32000,256,0,0,8,0,32,64,"0x0","0x7ed35b989500",4181362066583175,4181362067043369,4181362067048296,4181362067050240,4927
1389,"loop_select_fusion_2.kd",2,8,1565,1279882,1279882,32000,256,0,0,4,4,16,64,"0x0","0x7ed35b989540",4181362066590376,4181362067048296,4181362067053063,4181362067055087,4767
1390,"loop_reduce_window_fusion_10.kd",2,8,1566,1279882,1279882,32000,256,0,0,8,0,16,64,"0x0","0x7ed35b989440",4181362066597076,4181362067053063,4181362067057790,4181362067059674,4727
1391,"loop_reduce_window_fusion_11.kd",2,8,1567,1279882,1279882,2048,256,0,0,8,0,16,64,"0x0","0x7ed35b989340",4181362066603475,4181362067057790,4181362067062718,4181362067064341,4928
1392,"loop_slice_fusion_5.kd",2,8,1568,1279882,1279882,8,8,0,0,20,4,16,64,"0x0","0x7ed35b989380",4181362066610486,4181362067062718,4181362067067445,4181362067068597,4727
1393,"input_concatenate_fusion.kd",2,8,1569,1279882,1279882,32000,256,0,0,12,4,32,64,"0x0","0x7ed35b989580",4181362066617165,4181362067067445,4181362067072652,4181362067073164,5207
1394,"loop_compare_fusion.kd",2,8,1570,1279882,1279882,36096,256,0,0,4,4,16,64,"0x0","0x7ed35b9895c0",4181362066624877,4181362067072652,4181362067077620,4181362067077580,4968
1395,"input_reduce_reduce_window_fusion.kd",2,8,1571,1279882,1279882,11520,256,0,0,24,0,48,64,"0x0","0x7ed35b989600",4181362066632058,4181362067077620,4181362067085952,4181362067087946,8332
1396,"loop_reduce_window_fusion_2.kd",2,8,1572,1279882,1279882,2304,256,0,0,8,0,16,64,"0x0","0x7ed35b989640",4181362066638657,4181362067085952,4181362067090919,4181362067092432,4967
1397,"loop_slice_fusion_8.kd",2,8,1573,1279882,1279882,9,9,0,0,20,4,16,64,"0x0","0x7ed35b989680",4181362066646149,4181362067090919,4181362067095606,4181362067096809,4687
1398,"loop_broadcast_fusion.kd",2,8,1574,1279882,1279882,36096,256,0,0,4,4,16,64,"0x0","0x7ed35b9896c0",4181362066653049,4181362067095606,4181362067100534,4181362067101165,4928
1399,"input_scatter_fusion.kd",2,8,1575,1279882,1279882,36096,256,0,0,12,4,32,64,"0x0","0x7ed35b989700",4181362066660740,4181362067100534,4181362067107424,4181362067107835,6890
1400,"loop_reduce_window_fusion_1.kd",2,8,1576,1279882,1279882,36096,256,0,0,8,0,16,64,"0x0","0x7ed35b989740",4181362066668882,4181362067107424,4181362067112311,4181362067112001,4887
1401,"loop_reduce_window_fusion_2.kd",2,8,1577,1279882,1279882,2304,256,0,0,8,0,16,64,"0x0","0x7ed35b989640",4181362066676374,4181362067112311,4181362067117279,4181362067119022,4968
1402,"loop_slice_fusion_8.kd",2,8,1578,1279882,1279882,9,9,0,0,20,4,16,64,"0x0","0x7ed35b989680",4181362066682923,4181362067117279,4181362067122006,4181362067123769,4727
1403,"loop_slice_fusion.kd",2,8,1579,1279882,1279882,141,141,0,0,8,0,16,64,"0x0","0x7ed35b989780",4181362066689723,4181362067122006,4181362067126733,4181362067130579,4727
1404,"input_reduce_fusion_2.kd",2,8,1580,1279882,1279882,64,64,0,0,8,0,16,64,"0x0","0x7ed35b9897c0",4181362066696463,4181362067126733,4181362067131460,4181362067142096,4727
1405,"loop_select_fusion_4.kd",2,8,1581,1279882,1279882,36096,256,0,0,8,0,32,64,"0x0","0x7ed35b989800",4181362066704846,4181362067131460,4181362067136347,4181362067137680,4887
1406,"loop_select_fusion.kd",2,8,1582,1279882,1279882,36096,256,0,0,8,0,16,64,"0x0","0x7ed35b989840",4181362066712107,4181362067136347,4181362067141314,4181362067154274,4967
1407,"loop_compare_fusion_2.kd",2,8,1583,1279882,1279882,4096,256,0,0,4,4,16,64,"0x0","0x7ed35b989880",4181362066719007,4181362067141314,4181362067146122,4181362067149357,4808
1408,"input_reduce_reduce_window_fusion_2.kd",2,8,1584,1279882,1279882,256,256,512,0,20,4,32,64,"0x0","0x7ed35b9898c0",4181362066727229,4181362067146122,4181362067162025,4181362067162757,15903
1409,"loop_slice_fusion_3.kd",2,8,1585,1279882,1279882,16,16,0,0,20,4,16,64,"0x0","0x7ed35b989900",4181362066733839,4181362067162025,4181362067166752,4181362067169187,4727
1410,"loop_broadcast_fusion_3.kd",2,8,1586,1279882,1279882,4096,256,0,0,4,4,16,64,"0x0","0x7ed35b989940",4181362066741330,4181362067166752,4181362067171599,4181362067175906,4847
1411,"input_scatter_fusion_3.kd",2,8,1587,1279882,1279882,4096,256,0,0,8,0,32,64,"0x0","0x7ed35b989980",4181362066748461,4181362067171599,4181362067177648,4181362067180593,6049
1412,"loop_reduce_window_fusion_13.kd",2,8,1588,1279882,1279882,4096,256,0,0,8,0,16,64,"0x0","0x7ed35b9899c0",4181362066755702,4181362067177648,4181362067182616,4181362067186843,4968
1413,"loop_slice_fusion_3.kd",2,8,1589,1279882,1279882,16,16,0,0,20,4,16,64,"0x0","0x7ed35b989900",4181362066762552,4181362067182616,4181362067187263,4181362067191299,4647
1414,"loop_remainder_fusion.kd",2,8,1590,1279882,1279882,4096,256,0,0,12,4,16,64,"0x0","0x7ed35b989a00",4181362066785746,4181362067187263,4181362067192631,4181362067195926,5368
1415,"loop_select_fusion_3.kd",2,8,1591,1279882,1279882,4096,256,0,0,8,0,32,64,"0x0","0x7ed35b989a40",4181362066794319,4181362067192631,4181362067197438,4181362067202556,4807
1416,"loop_reduce_window_fusion_13.kd",2,8,1592,1279882,1279882,4096,256,0,0,8,0,16,64,"0x0","0x7ed35b9899c0",4181362066801680,4181362067197438,4181362067202165,4181362067207053,4727
1417,"loop_slice_fusion_3.kd",2,8,1593,1279882,1279882,16,16,0,0,20,4,16,64,"0x0","0x7ed35b989900",4181362066808931,4181362067202165,4181362067206772,4181362067211429,4607
1418,"input_concatenate_fusion_1.kd",2,8,1594,1279882,1279882,4096,256,0,0,8,0,32,64,"0x0","0x7ed35b989a80",4181362066815901,4181362067206772,4181362067212260,4181362067218280,5488
1419,"loop_compare_fusion_1.kd",2,8,1595,1279882,1279882,8192,256,0,0,4,4,16,64,"0x0","0x7ed35b989ac0",4181362066822982,4181362067212260,4181362067217147,4181362067222586,4887
1420,"input_reduce_reduce_window_fusion_1.kd",2,8,1596,1279882,1279882,512,512,512,0,20,4,48,64,"0x0","0x7ed35b989b00",4181362066830673,4181362067217147,4181362067234813,4181362067241474,17666
1421,"loop_reduce_window_fusion_6.kd",2,8,1597,1279882,1279882,32,32,0,0,32,0,16,64,"0x0","0x7ed35b989b40",4181362066837824,4181362067234813,4181362067243747,4181362067248494,8934
1422,"loop_broadcast_fusion_1.kd",2,8,1598,1279882,1279882,8192,256,0,0,4,4,16,64,"0x0","0x7ed35b989b80",4181362066845255,4181362067243747,4181362067248754,4181362067252951,5007
1423,"input_scatter_fusion_1.kd",2,8,1599,1279882,1279882,8192,256,0,0,8,0,32,64,"0x0","0x7ed35b989bc0",4181362066851784,4181362067248754,4181362067254002,4181362067257528,5248
1424,"loop_reduce_window_fusion_5.kd",2,8,1600,1279882,1279882,8192,256,0,0,8,0,16,64,"0x0","0x7ed35b989c00",4181362066859466,4181362067254002,4181362067259009,4181362067263947,5007
1425,"loop_reduce_window_fusion_4.kd",2,8,1601,1279882,1279882,512,256,0,0,8,0,16,64,"0x0","0x7ed35b989c40",4181362066866606,4181362067259009,4181362067264017,4181362067268494,5008
1426,"loop_reduce_window_fusion_3.kd",2,8,1602,1279882,1279882,32,32,0,0,8,0,16,64,"0x0","0x7ed35b989c80",4181362066873537,4181362067264017,4181362067268744,4181362067272991,4727
1427,"loop_select_fusion_6.kd",2,8,1603,1279882,1279882,8192,256,0,0,8,0,32,64,"0x0","0x7ed35b989cc0",4181362066879696,4181362067268744,4181362067273671,4181362067279831,4927
1428,"loop_select_fusion_1.kd",2,8,1604,1279882,1279882,8192,256,0,0,8,0,16,64,"0x0","0x7ed35b989d00",4181362066887818,4181362067273671,4181362067278599,4181362067284558,4928
1429,"loop_broadcast_fusion_4.kd",2,8,1605,1279882,1279882,16,16,0,0,4,4,16,64,"0x0","0x7ed35b989d40",4181362066894778,4181362067278599,4181362067283486,4181362067288834,4887
1430,"__amd_rocclr_fillBufferAligned.kd",2,8,1606,1279882,1279882,77824,256,0,0,12,4,48,64,"0x0","0x7ed361483580",4181362066906556,4181362067283486,4181362067297106,4181362067314192,13620
1431,"__amd_rocclr_fillBufferAligned.kd",2,8,1607,1279882,1279882,16128,256,0,0,12,4,48,64,"0x0","0x7ed361483580",4181362066913286,4181362067297106,4181362067302194,4181362067304778,5088
1432,"transformer_engine::fused_attn_rocm::populate_rng_state_kernel(long*, long const*, long) [clone .kd]",2,8,1608,1279882,1279882,1,1,0,0,8,0,16,64,"0x0","0x7ed35b9ad380",4181362066922209,4181362067302194,4181362067307081,4181362067309936,4887
1433,"__amd_rocclr_fillBufferAligned.kd",2,8,1609,1279882,1279882,256,256,0,0,12,4,48,64,"0x0","0x7ed361483580",4181362066930622,4181362067307081,4181362067311848,4181362067322414,4767
1434,"ck_fused_attn::get_runtime_max_seqlen_kernel(unsigned long, int const*, int const*, unsigned long*) [clone .kd]",2,8,1610,1279882,1279882,4096,128,0,0,4,4,32,64,"0x0","0x7ed35b978940",4181362066936761,4181362067311848,4181362067317737,4181362067332169,5889
1435,"__amd_rocclr_copyBuffer.kd",2,8,1611,1279882,1279882,512,512,0,0,16,0,32,64,"0x7f13dfde8300","0x7ed361483600",4181362066944002,4181362067317737,4181362067322945,4181362067326981,5208
1436,"__amd_rocclr_fillBufferAligned.kd",2,8,1613,1279882,1279882,256,256,0,0,12,4,48,64,"0x0","0x7ed361483580",4181362067365839,4181362067377185,4181362067379308,4181362067405668,2123
1437,"ck_fused_attn::get_runtime_max_seqlen_kernel(unsigned long, int const*, int const*, unsigned long*) [clone .kd]",2,8,1614,1279882,1279882,4096,128,0,0,4,4,32,64,"0x0","0x7ed35b978940",4181362067377556,4181362067385197,4181362067393449,4181362067415843,8252
1438,"__amd_rocclr_copyBuffer.kd",2,8,1615,1279882,1279882,512,512,0,0,16,0,32,64,"0x7f13dfde8200","0x7ed361483600",4181362067384296,4181362067393449,4181362067399939,4181362067411016,6490
1439,"void transformer_engine::fused_attn_rocm::compute_scores_kernel<__half, transformer_engine::fused_attn_rocm::SmallSeqConfig<8, 128, 256, false, (transformer_engine::fused_attn_rocm::CausalMaskType)0>, 1>(__half const*, __half const*, __half*, float, int const*, int const*, int, int) [clone .kd]",2,8,1617,1279882,1279882,64000,64,0,0,100,4,48,64,"0x0","0x7ed33c14ec00",4181362067428132,4181362067438116,4181362067477935,4181362067487029,39819
1440,"void transformer_engine::fused_attn_rocm::apply_mask_and_softmax_kernel<__half, transformer_engine::fused_attn_rocm::SmallSeqConfig<8, 128, 256, false, (transformer_engine::fused_attn_rocm::CausalMaskType)0> >(__half*, __half const*, float, int const*, int, int) [clone .kd]",2,8,1618,1279882,1279882,512000,256,1024,0,16,0,16,64,"0x0","0x7ed33c14ec40",4181362067435733,4181362067477935,4181362067483263,4181362067494741,5328
1441,"void transformer_engine::fused_attn_rocm::compute_output_kernel<__half, transformer_engine::fused_attn_rocm::SmallSeqConfig<8, 128, 256, false, (transformer_engine::fused_attn_rocm::CausalMaskType)0>, 2, 8>(__half const*, __half const*, __half*, int const*, int const*, int, int) [clone .kd]",2,8,1619,1279882,1279882,512000,64,16384,0,20,4,32,64,"0x0","0x7ed33c14ec80",4181362067442543,4181362067483263,4181362067538105,4181362067540919,54842
1442,"loop_broadcast_fusion_5.kd",2,8,1620,1279882,1279882,2048000,256,0,0,4,4,16,64,"0x0","0x7ed35b989d80",4181362067460960,4181362067538105,4181362067546116,4181362067552587,8011
1443,"__amd_rocclr_fillBufferAligned.kd",2,8,1621,1279882,1279882,77824,256,0,0,12,4,48,64,"0x0","0x7ed361483580",4181362067482783,4181362067546116,4181362067552967,4181362067557764,6851
1444,"__amd_rocclr_fillBufferAligned.kd",2,8,1622,1279882,1279882,77824,256,0,0,12,4,48,64,"0x0","0x7ed361483580",4181362067488952,4181362067552967,4181362067575400,4181362067582111,22433
1445,"__amd_rocclr_fillBufferAligned.kd",2,8,1623,1279882,1279882,77824,256,0,0,12,4,48,64,"0x0","0x7ed361483580",4181362067509392,4181362067575400,4181362067598034,4181362067598195,22634
1446,"__amd_rocclr_fillBufferAligned.kd",2,8,1624,1279882,1279882,256,256,0,0,12,4,48,64,"0x0","0x7ed361483580",4181362067518015,4181362067598034,4181362067602761,4181362067604784,4727
1447,"ck_fused_attn::get_runtime_max_seqlen_kernel(unsigned long, int const*, int const*, unsigned long*) [clone .kd]",2,8,1625,1279882,1279882,4096,128,0,0,4,4,32,64,"0x0","0x7ed35b978940",4181362067524385,4181362067602761,4181362067608890,4181362067611615,6129
1448,"__amd_rocclr_copyBuffer.kd",2,8,1626,1279882,1279882,512,512,0,0,16,0,32,64,"0x7f13dfc72200","0x7ed361483600",4181362067531395,4181362067608890,4181362067614298,4181362067619406,5408
1449,"__amd_rocclr_fillBufferAligned.kd",2,8,1628,1279882,1279882,256,256,0,0,12,4,48,64,"0x0","0x7ed361483580",4181362067638104,4181362067649310,4181362067651513,4181362067651784,2203
1450,"ck_fused_attn::get_runtime_max_seqlen_kernel(unsigned long, int const*, int const*, unsigned long*) [clone .kd]",2,8,1629,1279882,1279882,4096,128,0,0,4,4,32,64,"0x0","0x7ed35b978940",4181362067649110,4181362067658083,4181362067664613,4181362067672555,6530
1451,"__amd_rocclr_copyBuffer.kd",2,8,1630,1279882,1279882,512,512,0,0,16,0,32,64,"0x7f13dfdea000","0x7ed361483600",4181362067656571,4181362067669500,4181362067674107,4181362067678214,4607
1452,"void transformer_engine::fused_attn_rocm::compute_grad_v_kernel<__half, transformer_engine::fused_attn_rocm::SmallSeqConfig<8, 128, 256, false, (transformer_engine::fused_attn_rocm::CausalMaskType)0>, 16, 16>(__half const*, __half const*, __half*, int const*, int const*, int, int) [clone .kd]",2,8,1632,1279882,1279882,256000,64,16384,0,28,4,32,64,"0x0","0x7ed33c150400",4181362067693987,4181362067704712,4181362067771331,4181362067774857,66619
1453,"void transformer_engine::fused_attn_rocm::compute_grad_attn_kernel<__half, transformer_engine::fused_attn_rocm::SmallSeqConfig<8, 128, 256, false, (transformer_engine::fused_attn_rocm::CausalMaskType)0>, 16>(__half const*, __half const*, __half*, int const*, int const*, int, int) [clone .kd]",2,8,1633,1279882,1279882,8000,64,0,0,104,0,64,64,"0x0","0x7ed33c150440",4181362067702710,4181362067771331,4181362068120491,4181362068125098,349160
1454,"void transformer_engine::fused_attn_rocm::softmax_backward_kernel<__half, transformer_engine::fused_attn_rocm::SmallSeqConfig<8, 128, 256, false, (transformer_engine::fused_attn_rocm::CausalMaskType)0> >(__half const*, __half const*, __half*, float, int const*, int, int) [clone .kd]",2,8,1634,1279882,1279882,512000,256,1024,0,12,4,16,64,"0x0","0x7ed33c150480",4181362067712274,4181362068120491,4181362068126339,4181362068134512,5848
1455,"void transformer_engine::fused_attn_rocm::compute_grad_qk_kernel<__half, transformer_engine::fused_attn_rocm::SmallSeqConfig<8, 128, 256, false, (transformer_engine::fused_attn_rocm::CausalMaskType)0>, 4, 16>(__half const*, __half const*, __half const*, __half*, __half*, float, int const*, int const*, int, int) [clone .kd]",2,8,1635,1279882,1279882,1024000,64,16384,0,36,4,64,64,"0x0","0x7ed33c1504c0",4181362067723000,4181362068126339,4181362068318625,4181362068325036,192286
1456,"input_reduce_fusion.kd",2,8,1636,1279882,1279882,524288,256,512,0,16,0,16,64,"0x0","0x7ed35b989dc0",4181362067731222,4181362068318625,4181362068328200,4181362068332096,9575
1457,"input_reduce_fusion_3.kd",2,8,1637,1279882,1279882,128,128,512,0,24,0,16,64,"0x0","0x7ed35b989e00",4181362067738433,4181362068328200,4181362068333848,4181362068336483,5648
1458,"loop_convert_fusion.kd",2,8,1638,1279882,1279882,1,1,0,0,4,4,16,64,"0x0","0x7ed35b989e40",4181362067744853,4181362068333848,4181362068337894,4181362068344454,4046
1459,"input_reduce_reduce_window_fusion_3.kd",2,8,1641,1279882,1279882,8192,256,0,0,28,4,48,64,"0x0","0x7ed35b989300",4181362067865883,4181362068350553,4181362068362130,4181362068373848,11577
1460,"loop_reduce_window_fusion_11.kd",2,8,1642,1279882,1279882,2048,256,0,0,8,0,16,64,"0x0","0x7ed35b989340",4181362067875667,4181362068362130,4181362068369942,4181362068379286,7812
1461,"loop_slice_fusion_5.kd",2,8,1643,1279882,1279882,8,8,0,0,20,4,16,64,"0x0","0x7ed35b989380",4181362067883148,4181362068369942,4181362068376832,4181362068384464,6890
1462,"loop_broadcast_fusion_2.kd",2,8,1644,1279882,1279882,32000,256,0,0,4,4,16,64,"0x0","0x7ed35b9893c0",4181362067890259,4181362068376832,4181362068382641,4181362068389281,5809
1463,"input_scatter_fusion_2.kd",2,8,1645,1279882,1279882,32000,256,0,0,12,4,32,64,"0x0","0x7ed35b989400",4181362067897770,4181362068382641,4181362068389531,4181362068405565,6890
1464,"loop_reduce_window_fusion_10.kd",2,8,1646,1279882,1279882,32000,256,0,0,8,0,16,64,"0x0","0x7ed35b989440",4181362067904640,4181362068389531,4181362068407558,4181362068410292,18027
1465,"loop_reduce_window_fusion_11.kd",2,8,1647,1279882,1279882,2048,256,0,0,8,0,16,64,"0x0","0x7ed35b989340",4181362067912051,4181362068407558,4181362068412685,4181362068415160,5127
1466,"loop_slice_fusion_5.kd",2,8,1648,1279882,1279882,8,8,0,0,20,4,16,64,"0x0","0x7ed35b989380",4181362067918581,4181362068412685,4181362068417292,4181362068419536,4607
1467,"loop_slice_fusion_1.kd",2,8,1649,1279882,1279882,125,125,0,0,8,0,16,64,"0x0","0x7ed35b989480",4181362067925221,4181362068417292,4181362068421979,4181362068424003,4687
1468,"input_reduce_fusion_1.kd",2,8,1650,1279882,1279882,64,64,0,0,8,0,16,64,"0x0","0x7ed35b9894c0",4181362067932392,4181362068421979,4181362068426626,4181362068428479,4647
1469,"loop_select_fusion_5.kd",2,8,1651,1279882,1279882,32000,256,0,0,8,0,32,64,"0x0","0x7ed35b989500",4181362067939843,4181362068426626,4181362068431593,4181362068433517,4967
1470,"loop_select_fusion_2.kd",2,8,1652,1279882,1279882,32000,256,0,0,4,4,16,64,"0x0","0x7ed35b989540",4181362067947514,4181362068431593,4181362068436280,4181362068437903,4687
1471,"loop_reduce_window_fusion_10.kd",2,8,1653,1279882,1279882,32000,256,0,0,8,0,16,64,"0x0","0x7ed35b989440",4181362067954134,4181362068436280,4181362068441047,4181362068442480,4767
1472,"loop_reduce_window_fusion_11.kd",2,8,1654,1279882,1279882,2048,256,0,0,8,0,16,64,"0x0","0x7ed35b989340",4181362067960734,4181362068441047,4181362068446015,4181362068447077,4968
1473,"loop_slice_fusion_5.kd",2,8,1655,1279882,1279882,8,8,0,0,20,4,16,64,"0x0","0x7ed35b989380",4181362067967384,4181362068446015,4181362068450662,4181362068451594,4647
1474,"input_concatenate_fusion.kd",2,8,1656,1279882,1279882,32000,256,0,0,12,4,32,64,"0x0","0x7ed35b989580",4181362067974594,4181362068450662,4181362068455990,4181362068456201,5328
1475,"loop_compare_fusion.kd",2,8,1657,1279882,1279882,36096,256,0,0,4,4,16,64,"0x0","0x7ed35b9895c0",4181362067981835,4181362068455990,4181362068460957,4181362068460757,4967
1476,"input_reduce_reduce_window_fusion.kd",2,8,1658,1279882,1279882,11520,256,0,0,24,0,48,64,"0x0","0x7ed35b989600",4181362067988866,4181362068460957,4181362068469410,4181362068469771,8453
1477,"loop_reduce_window_fusion_2.kd",2,8,1659,1279882,1279882,2304,256,0,0,8,0,16,64,"0x0","0x7ed35b989640",4181362067996207,4181362068469410,4181362068474257,4181362068474167,4847
1478,"loop_slice_fusion_8.kd",2,8,1660,1279882,1279882,9,9,0,0,20,4,16,64,"0x0","0x7ed35b989680",4181362068003457,4181362068474257,4181362068478944,4181362068478514,4687
1479,"loop_broadcast_fusion.kd",2,8,1661,1279882,1279882,36096,256,0,0,4,4,16,64,"0x0","0x7ed35b9896c0",4181362068010508,4181362068478944,4181362068483911,4181362068485384,4967
1480,"input_scatter_fusion.kd",2,8,1662,1279882,1279882,36096,256,0,0,12,4,32,64,"0x0","0x7ed35b989700",4181362068018269,4181362068483911,4181362068490801,4181362068492294,6890
1481,"loop_reduce_window_fusion_1.kd",2,8,1663,1279882,1279882,36096,256,0,0,8,0,16,64,"0x0","0x7ed35b989740",4181362068026462,4181362068490801,4181362068495649,4181362068496230,4848
1482,"loop_reduce_window_fusion_2.kd",2,8,1664,1279882,1279882,2304,256,0,0,8,0,16,64,"0x0","0x7ed35b989640",4181362068032601,4181362068495649,4181362068500616,4181362068500507,4967
1483,"loop_slice_fusion_8.kd",2,8,1665,1279882,1279882,9,9,0,0,20,4,16,64,"0x0","0x7ed35b989680",4181362068039331,4181362068500616,4181362068505263,4181362068505083,4647
1484,"loop_slice_fusion.kd",2,8,1666,1279882,1279882,141,141,0,0,8,0,16,64,"0x0","0x7ed35b989780",4181362068045350,4181362068505263,4181362068509990,4181362068511964,4727
1485,"input_reduce_fusion_2.kd",2,8,1667,1279882,1279882,64,64,0,0,8,0,16,64,"0x0","0x7ed35b9897c0",4181362068052610,4181362068509990,4181362068514677,4181362068523711,4687
1486,"loop_select_fusion_4.kd",2,8,1668,1279882,1279882,36096,256,0,0,8,0,32,64,"0x0","0x7ed35b989800",4181362068060843,4181362068514677,4181362068519564,4181362068519134,4887
1487,"loop_select_fusion.kd",2,8,1669,1279882,1279882,36096,256,0,0,8,0,16,64,"0x0","0x7ed35b989840",4181362068067673,4181362068519564,4181362068524492,4181362068538663,4928
1488,"loop_compare_fusion_2.kd",2,8,1670,1279882,1279882,4096,256,0,0,4,4,16,64,"0x0","0x7ed35b989880",4181362068075444,4181362068524492,4181362068529299,4181362068530942,4807
1489,"input_reduce_reduce_window_fusion_2.kd",2,8,1671,1279882,1279882,256,256,512,0,20,4,32,64,"0x0","0x7ed35b9898c0",4181362068082325,4181362068529299,4181362068545763,4181362068545774,16464
1490,"loop_slice_fusion_3.kd",2,8,1672,1279882,1279882,16,16,0,0,20,4,16,64,"0x0","0x7ed35b989900",4181362068089796,4181362068545763,4181362068550410,4181362068553095,4647
1491,"loop_broadcast_fusion_3.kd",2,8,1673,1279882,1279882,4096,256,0,0,4,4,16,64,"0x0","0x7ed35b989940",4181362068097407,4181362068550410,4181362068555297,4181362068559725,4887
1492,"input_scatter_fusion_3.kd",2,8,1674,1279882,1279882,4096,256,0,0,8,0,32,64,"0x0","0x7ed35b989980",4181362068103666,4181362068555297,4181362068561306,4181362068566925,6009
1493,"loop_reduce_window_fusion_13.kd",2,8,1675,1279882,1279882,4096,256,0,0,8,0,16,64,"0x0","0x7ed35b9899c0",4181362068111107,4181362068561306,4181362068566073,4181362068589609,4767
1494,"loop_slice_fusion_3.kd",2,8,1676,1279882,1279882,16,16,0,0,20,4,16,64,"0x0","0x7ed35b989900",4181362068118819,4181362068566073,4181362068570760,4181362068571572,4687
1495,"loop_remainder_fusion.kd",2,8,1677,1279882,1279882,4096,256,0,0,12,4,16,64,"0x0","0x7ed35b989a00",4181362068126060,4181362068570760,4181362068576088,4181362068576349,5328
1496,"loop_select_fusion_3.kd",2,8,1678,1279882,1279882,4096,256,0,0,8,0,32,64,"0x0","0x7ed35b989a40",4181362068150806,4181362068576088,4181362068580855,4181362068581227,4767
1497,"loop_reduce_window_fusion_13.kd",2,8,1679,1279882,1279882,4096,256,0,0,8,0,16,64,"0x0","0x7ed35b9899c0",4181362068159279,4181362068580855,4181362068585582,4181362068585263,4727
1498,"loop_slice_fusion_3.kd",2,8,1680,1279882,1279882,16,16,0,0,20,4,16,64,"0x0","0x7ed35b989900",4181362068165639,4181362068585582,4181362068590269,4181362068596710,4687
1499,"input_concatenate_fusion_1.kd",2,8,1681,1279882,1279882,4096,256,0,0,8,0,32,64,"0x0","0x7ed35b989a80",4181362068173060,4181362068590269,4181362068595637,4181362068605803,5368
1500,"loop_compare_fusion_1.kd",2,8,1682,1279882,1279882,8192,256,0,0,4,4,16,64,"0x0","0x7ed35b989ac0",4181362068179229,4181362068595637,4181362068600525,4181362068601547,4888
1501,"input_reduce_reduce_window_fusion_1.kd",2,8,1683,1279882,1279882,512,512,512,0,20,4,48,64,"0x0","0x7ed35b989b00",4181362068186439,4181362068600525,4181362068618271,4181362068626414,17746
1502,"loop_reduce_window_fusion_6.kd",2,8,1684,1279882,1279882,32,32,0,0,32,0,16,64,"0x0","0x7ed35b989b40",4181362068193971,4181362068618271,4181362068626643,4181362068640755,8372
1503,"loop_broadcast_fusion_1.kd",2,8,1685,1279882,1279882,8192,256,0,0,4,4,16,64,"0x0","0x7ed35b989b80",4181362068200370,4181362068626643,4181362068631651,4181362068631451,5008
1504,"input_scatter_fusion_1.kd",2,8,1686,1279882,1279882,8192,256,0,0,8,0,32,64,"0x0","0x7ed35b989bc0",4181362068215102,4181362068631651,4181362068636698,4181362068636459,5047
1505,"loop_reduce_window_fusion_5.kd",2,8,1687,1279882,1279882,8192,256,0,0,8,0,16,64,"0x0","0x7ed35b989c00",4181362068222753,4181362068636698,4181362068641746,4181362068647315,5048
1506,"loop_reduce_window_fusion_4.kd",2,8,1688,1279882,1279882,512,256,0,0,8,0,16,64,"0x0","0x7ed35b989c40",4181362068229554,4181362068641746,4181362068646713,4181362068656539,4967
1507,"loop_reduce_window_fusion_3.kd",2,8,1689,1279882,1279882,32,32,0,0,8,0,16,64,"0x0","0x7ed35b989c80",4181362068236915,4181362068646713,4181362068651440,4181362068651922,4727
1508,"loop_select_fusion_6.kd",2,8,1690,1279882,1279882,8192,256,0,0,8,0,32,64,"0x0","0x7ed35b989cc0",4181362068244155,4181362068651440,4181362068656408,4181362068662828,4968
1509,"loop_select_fusion_1.kd",2,8,1691,1279882,1279882,8192,256,0,0,8,0,16,64,"0x0","0x7ed35b989d00",4181362068251426,4181362068656408,4181362068661295,4181362068671982,4887
1510,"loop_broadcast_fusion_4.kd",2,8,1692,1279882,1279882,16,16,0,0,4,4,16,64,"0x0","0x7ed35b989d40",4181362068258406,4181362068661295,4181362068666142,4181362068667605,4847
1511,"__amd_rocclr_fillBufferAligned.kd",2,8,1693,1279882,1279882,77824,256,0,0,12,4,48,64,"0x0","0x7ed361483580",4181362068269653,4181362068666142,4181362068680203,4181362068687515,14061
1512,"__amd_rocclr_fillBufferAligned.kd",2,8,1694,1279882,1279882,16128,256,0,0,12,4,48,64,"0x0","0x7ed361483580",4181362068275963,4181362068680203,4181362068685130,4181362068708476,4927
1513,"transformer_engine::fused_attn_rocm::populate_rng_state_kernel(long*, long const*, long) [clone .kd]",2,8,1695,1279882,1279882,1,1,0,0,8,0,16,64,"0x0","0x7ed35b9ad380",4181362068285607,4181362068685130,4181362068690098,4181362068692632,4968
1514,"__amd_rocclr_fillBufferAligned.kd",2,8,1696,1279882,1279882,256,256,0,0,12,4,48,64,"0x0","0x7ed361483580",4181362068294821,4181362068690098,4181362068694825,4181362068699222,4727
1515,"ck_fused_attn::get_runtime_max_seqlen_kernel(unsigned long, int const*, int const*, unsigned long*) [clone .kd]",2,8,1697,1279882,1279882,4096,128,0,0,4,4,32,64,"0x0","0x7ed35b978940",4181362068300990,4181362068694825,4181362068700674,4181362068704210,5849
1516,"__amd_rocclr_copyBuffer.kd",2,8,1698,1279882,1279882,512,512,0,0,16,0,32,64,"0x7f13dfde9e00","0x7ed361483600",4181362068310053,4181362068700674,4181362068706202,4181362068714705,5528
1517,"__amd_rocclr_fillBufferAligned.kd",2,8,1700,1279882,1279882,256,256,0,0,12,4,48,64,"0x0","0x7ed361483580",4181362068755295,4181362068766531,4181362068768454,4181362068796567,1923
1518,"ck_fused_attn::get_runtime_max_seqlen_kernel(unsigned long, int const*, int const*, unsigned long*) [clone .kd]",2,8,1701,1279882,1279882,4096,128,0,0,4,4,32,64,"0x0","0x7ed35b978940",4181362068768265,4181362068776627,4181362068785400,4181362068806321,8773
1519,"__amd_rocclr_copyBuffer.kd",2,8,1702,1279882,1279882,512,512,0,0,16,0,32,64,"0x7f13dfc71c80","0x7ed361483600",4181362068775335,4181362068785400,4181362068790888,4181362068801444,5488
1520,"void transformer_engine::fused_attn_rocm::compute_scores_kernel<__half, transformer_engine::fused_attn_rocm::SmallSeqConfig<8, 128, 256, false, (transformer_engine::fused_attn_rocm::CausalMaskType)0>, 1>(__half const*, __half const*, __half*, float, int const*, int const*, int, int) [clone .kd]",2,8,1704,1279882,1279882,64000,64,0,0,100,4,48,64,"0x0","0x7ed33c14ec00",4181362068817949,4181362068827743,4181362068867962,4181362068876506,40219
1521,"void transformer_engine::fused_attn_rocm::apply_mask_and_softmax_kernel<__half, transformer_engine::fused_attn_rocm::SmallSeqConfig<8, 128, 256, false, (transformer_engine::fused_attn_rocm::CausalMaskType)0> >(__half*, __half const*, float, int const*, int, int) [clone .kd]",2,8,1705,1279882,1279882,512000,256,1024,0,16,0,16,64,"0x0","0x7ed33c14ec40",4181362068825590,4181362068867962,4181362068873330,4181362068885559,5368
1522,"void transformer_engine::fused_attn_rocm::compute_output_kernel<__half, transformer_engine::fused_attn_rocm::SmallSeqConfig<8, 128, 256, false, (transformer_engine::fused_attn_rocm::CausalMaskType)0>, 2, 8>(__half const*, __half const*, __half*, int const*, int const*, int, int) [clone .kd]",2,8,1706,1279882,1279882,512000,64,16384,0,20,4,32,64,"0x0","0x7ed33c14ec80",4181362068832721,4181362068873330,4181362068928172,4181362068942103,54842
1523,"loop_broadcast_fusion_5.kd",2,8,1707,1279882,1279882,2048000,256,0,0,4,4,16,64,"0x0","0x7ed35b989d80",4181362068842065,4181362068928172,4181362068936224,4181362068936185,8052
1524,"__amd_rocclr_fillBufferAligned.kd",2,8,1708,1279882,1279882,77824,256,0,0,12,4,48,64,"0x0","0x7ed361483580",4181362068866561,4181362068936224,4181362068943074,4181362068949364,6850
1525,"__amd_rocclr_fillBufferAligned.kd",2,8,1709,1279882,1279882,77824,256,0,0,12,4,48,64,"0x0","0x7ed361483580",4181362068873101,4181362068943074,4181362068965828,4181362068973871,22754
1526,"__amd_rocclr_fillBufferAligned.kd",2,8,1710,1279882,1279882,77824,256,0,0,12,4,48,64,"0x0","0x7ed361483580",4181362068878799,4181362068965828,4181362068988782,4181362068989774,22954
1527,"__amd_rocclr_fillBufferAligned.kd",2,8,1711,1279882,1279882,256,256,0,0,12,4,48,64,"0x0","0x7ed361483580",4181362068901683,4181362068988782,4181362068993709,4181362068996454,4927
1528,"ck_fused_attn::get_runtime_max_seqlen_kernel(unsigned long, int const*, int const*, unsigned long*) [clone .kd]",2,8,1712,1279882,1279882,4096,128,0,0,4,4,32,64,"0x0","0x7ed35b978940",4181362068908453,4181362068993709,4181362068999798,4181362069003124,6089
1529,"__amd_rocclr_copyBuffer.kd",2,8,1713,1279882,1279882,512,512,0,0,16,0,32,64,"0x7f13dfde9c00","0x7ed361483600",4181362068916175,4181362068999798,4181362069005407,4181362069009694,5609
1530,"__amd_rocclr_fillBufferAligned.kd",2,8,1715,1279882,1279882,256,256,0,0,12,4,48,64,"0x0","0x7ed361483580",4181362069028432,4181362069040980,4181362069042943,4181362069045046,1963
1531,"ck_fused_attn::get_runtime_max_seqlen_kernel(unsigned long, int const*, int const*, unsigned long*) [clone .kd]",2,8,1716,1279882,1279882,4096,128,0,0,4,4,32,64,"0x0","0x7ed35b978940",4181362069040009,4181362069048711,4181362069058646,4181362069064405,9935
1532,"__amd_rocclr_copyBuffer.kd",2,8,1717,1279882,1279882,512,512,0,0,16,0,32,64,"0x7f13dfde9b00","0x7ed361483600",4181362069046989,4181362069058646,4181362069064134,4181362069069994,5488
1533,"void transformer_engine::fused_attn_rocm::compute_grad_v_kernel<__half, transformer_engine::fused_attn_rocm::SmallSeqConfig<8, 128, 256, false, (transformer_engine::fused_attn_rocm::CausalMaskType)0>, 16, 16>(__half const*, __half const*, __half*, int const*, int const*, int, int) [clone .kd]",2,8,1719,1279882,1279882,256000,64,16384,0,28,4,32,64,"0x0","0x7ed33c150400",4181362069085857,4181362069096823,4181362069165565,4181362069174078,68742
1534,"void transformer_engine::fused_attn_rocm::compute_grad_attn_kernel<__half, transformer_engine::fused_attn_rocm::SmallSeqConfig<8, 128, 256, false, (transformer_engine::fused_attn_rocm::CausalMaskType)0>, 16>(__half const*, __half const*, __half*, int const*, int const*, int, int) [clone .kd]",2,8,1720,1279882,1279882,8000,64,0,0,104,0,64,64,"0x0","0x7ed33c150440",4181362069094820,4181362069165565,4181362069513482,4181362069514124,347917
1535,"void transformer_engine::fused_attn_rocm::softmax_backward_kernel<__half, transformer_engine::fused_attn_rocm::SmallSeqConfig<8, 128, 256, false, (transformer_engine::fused_attn_rocm::CausalMaskType)0> >(__half const*, __half const*, __half*, float, int const*, int, int) [clone .kd]",2,8,1721,1279882,1279882,512000,256,1024,0,12,4,16,64,"0x0","0x7ed33c150480",4181362069102712,4181362069513482,4181362069519291,4181362069522376,5809
1536,"void transformer_engine::fused_attn_rocm::compute_grad_qk_kernel<__half, transformer_engine::fused_attn_rocm::SmallSeqConfig<8, 128, 256, false, (transformer_engine::fused_attn_rocm::CausalMaskType)0>, 4, 16>(__half const*, __half const*, __half const*, __half*, __half*, float, int const*, int const*, int, int) [clone .kd]",2,8,1722,1279882,1279882,1024000,64,16384,0,36,4,64,64,"0x0","0x7ed33c1504c0",4181362069110153,4181362069519291,4181362069706650,4181362069725118,187359
1537,"input_reduce_fusion.kd",2,8,1723,1279882,1279882,524288,256,512,0,16,0,16,64,"0x0","0x7ed35b989dc0",4181362069121150,4181362069706650,4181362069715823,4181362069731377,9173
1538,"input_reduce_fusion_3.kd",2,8,1724,1279882,1279882,128,128,512,0,24,0,16,64,"0x0","0x7ed35b989e00",4181362069127990,4181362069715823,4181362069720510,4181362069735924,4687
1539,"loop_convert_fusion.kd",2,8,1725,1279882,1279882,1,1,0,0,4,4,16,64,"0x0","0x7ed35b989e40",4181362069134710,4181362069720510,4181362069726159,4181362069740671,5649
1540,"input_reduce_reduce_window_fusion_3.kd",2,8,1728,1279882,1279882,8192,256,0,0,28,4,48,64,"0x0","0x7ed35b989300",4181362069256231,4181362069738016,4181362069749594,4181362069751798,11578
1541,"loop_reduce_window_fusion_11.kd",2,8,1729,1279882,1279882,2048,256,0,0,8,0,16,64,"0x0","0x7ed35b989340",4181362069266466,4181362069749594,4181362069757365,4181362069756905,7771
1542,"loop_slice_fusion_5.kd",2,8,1730,1279882,1279882,8,8,0,0,20,4,16,64,"0x0","0x7ed35b989380",4181362069274067,4181362069757365,4181362069762773,4181362069769364,5408
1543,"loop_broadcast_fusion_2.kd",2,8,1731,1279882,1279882,32000,256,0,0,4,4,16,64,"0x0","0x7ed35b9893c0",4181362069281568,4181362069762773,4181362069768742,4181362069774031,5969
1544,"input_scatter_fusion_2.kd",2,8,1732,1279882,1279882,32000,256,0,0,12,4,32,64,"0x0","0x7ed35b989400",4181362069289790,4181362069768742,4181362069775833,4181362069780901,7091
1545,"loop_reduce_window_fusion_10.kd",2,8,1733,1279882,1279882,32000,256,0,0,8,0,16,64,"0x0","0x7ed35b989440",4181362069297041,4181362069775833,4181362069780720,4181362069785608,4887
1546,"loop_reduce_window_fusion_11.kd",2,8,1734,1279882,1279882,2048,256,0,0,8,0,16,64,"0x0","0x7ed35b989340",4181362069304873,4181362069780720,4181362069785727,4181362069790345,5007
1547,"loop_slice_fusion_5.kd",2,8,1735,1279882,1279882,8,8,0,0,20,4,16,64,"0x0","0x7ed35b989380",4181362069312234,4181362069785727,4181362069790374,4181362069795092,4647
1548,"loop_slice_fusion_1.kd",2,8,1736,1279882,1279882,125,125,0,0,8,0,16,64,"0x0","0x7ed35b989480",4181362069318423,4181362069790374,4181362069795021,4181362069799539,4647
1549,"input_reduce_fusion_1.kd",2,8,1737,1279882,1279882,64,64,0,0,8,0,16,64,"0x0","0x7ed35b9894c0",4181362069326205,4181362069795021,4181362069799708,4181362069804175,4687
1550,"loop_select_fusion_5.kd",2,8,1738,1279882,1279882,32000,256,0,0,8,0,32,64,"0x0","0x7ed35b989500",4181362069333896,4181362069799708,4181362069804635,4181362069809373,4927
1551,"loop_select_fusion_2.kd",2,8,1739,1279882,1279882,32000,256,0,0,4,4,16,64,"0x0","0x7ed35b989540",4181362069340997,4181362069804635,4181362069809402,4181362069813940,4767
1552,"loop_reduce_window_fusion_10.kd",2,8,1740,1279882,1279882,32000,256,0,0,8,0,16,64,"0x0","0x7ed35b989440",4181362069347576,4181362069809402,4181362069814089,4181362069818947,4687
1553,"loop_reduce_window_fusion_11.kd",2,8,1741,1279882,1279882,2048,256,0,0,8,0,16,64,"0x0","0x7ed35b989340",4181362069354106,4181362069814089,4181362069818937,4181362069823785,4848
1554,"loop_slice_fusion_5.kd",2,8,1742,1279882,1279882,8,8,0,0,20,4,16,64,"0x0","0x7ed35b989380",4181362069360576,4181362069818937,4181362069823584,4181362069828542,4647
1555,"input_concatenate_fusion.kd",2,8,1743,1279882,1279882,32000,256,0,0,12,4,32,64,"0x0","0x7ed35b989580",4181362069368638,4181362069823584,4181362069829312,4181362069833018,5728
1556,"loop_compare_fusion.kd",2,8,1744,1279882,1279882,36096,256,0,0,4,4,16,64,"0x0","0x7ed35b9895c0",4181362069375298,4181362069829312,4181362069834279,4181362069839157,4967
1557,"input_reduce_reduce_window_fusion.kd",2,8,1745,1279882,1279882,11520,256,0,0,24,0,48,64,"0x0","0x7ed35b989600",4181362069383430,4181362069834279,4181362069842452,4181362069843554,8173
1558,"loop_reduce_window_fusion_2.kd",2,8,1746,1279882,1279882,2304,256,0,0,8,0,16,64,"0x0","0x7ed35b989640",4181362069390911,4181362069842452,4181362069847339,4181362069847991,4887
1559,"loop_slice_fusion_8.kd",2,8,1747,1279882,1279882,9,9,0,0,20,4,16,64,"0x0","0x7ed35b989680",4181362069398783,4181362069847339,4181362069851986,4181362069852207,4647
1560,"loop_broadcast_fusion.kd",2,8,1748,1279882,1279882,36096,256,0,0,4,4,16,64,"0x0","0x7ed35b9896c0",4181362069406364,4181362069851986,4181362069856913,4181362069856744,4927
1561,"input_scatter_fusion.kd",2,8,1749,1279882,1279882,36096,256,0,0,12,4,32,64,"0x0","0x7ed35b989700",4181362069413885,4181362069856913,4181362069863803,4181362069864856,6890
1562,"loop_reduce_window_fusion_1.kd",2,8,1750,1279882,1279882,36096,256,0,0,8,0,16,64,"0x0","0x7ed35b989740",4181362069421797,4181362069863803,4181362069868611,4181362069869513,4808
1563,"loop_reduce_window_fusion_2.kd",2,8,1751,1279882,1279882,2304,256,0,0,8,0,16,64,"0x0","0x7ed35b989640",4181362069429859,4181362069868611,4181362069873618,4181362069873849,5007
1564,"loop_slice_fusion_8.kd",2,8,1752,1279882,1279882,9,9,0,0,20,4,16,64,"0x0","0x7ed35b989680",4181362069437090,4181362069873618,4181362069878265,4181362069878266,4647
1565,"loop_slice_fusion.kd",2,8,1753,1279882,1279882,141,141,0,0,8,0,16,64,"0x0","0x7ed35b989780",4181362069444120,4181362069878265,4181362069882952,4181362069884966,4687
1566,"input_reduce_fusion_2.kd",2,8,1754,1279882,1279882,64,64,0,0,8,0,16,64,"0x0","0x7ed35b9897c0",4181362069451441,4181362069882952,4181362069887679,4181362069891545,4727
1567,"loop_select_fusion_4.kd",2,8,1755,1279882,1279882,36096,256,0,0,8,0,32,64,"0x0","0x7ed35b989800",4181362069459493,4181362069887679,4181362069892566,4181362069905656,4887
1568,"loop_select_fusion.kd",2,8,1756,1279882,1279882,36096,256,0,0,8,0,16,64,"0x0","0x7ed35b989840",4181362069467314,4181362069892566,4181362069897534,4181362069900839,4968
1569,"loop_compare_fusion_2.kd",2,8,1757,1279882,1279882,4096,256,0,0,4,4,16,64,"0x0","0x7ed35b989880",4181362069475246,4181362069897534,4181362069902301,4181362069912216,4767
1570,"input_reduce_reduce_window_fusion_2.kd",2,8,1758,1279882,1279882,256,256,512,0,20,4,32,64,"0x0","0x7ed35b9898c0",4181362069482717,4181362069902301,4181362069918284,4181362069919797,15983
1571,"loop_slice_fusion_3.kd",2,8,1759,1279882,1279882,16,16,0,0,20,4,16,64,"0x0","0x7ed35b989900",4181362069490389,4181362069918284,4181362069922931,4181362069926387,4647
1572,"loop_broadcast_fusion_3.kd",2,8,1760,1279882,1279882,4096,256,0,0,4,4,16,64,"0x0","0x7ed35b989940",4181362069497730,4181362069922931,4181362069927779,4181362069933408,4848
1573,"input_scatter_fusion_3.kd",2,8,1761,1279882,1279882,4096,256,0,0,8,0,32,64,"0x0","0x7ed35b989980",4181362069505111,4181362069927779,4181362069933787,4181362069942541,6008
1574,"loop_reduce_window_fusion_13.kd",2,8,1762,1279882,1279882,4096,256,0,0,8,0,16,64,"0x0","0x7ed35b9899c0",4181362069512552,4181362069933787,4181362069938595,4181362069938255,4808
1575,"loop_slice_fusion_3.kd",2,8,1763,1279882,1279882,16,16,0,0,20,4,16,64,"0x0","0x7ed35b989900",4181362069536067,4181362069938595,4181362069943282,4181362069949502,4687
1576,"loop_remainder_fusion.kd",2,8,1764,1279882,1279882,4096,256,0,0,12,4,16,64,"0x0","0x7ed35b989a00",4181362069543167,4181362069943282,4181362069948770,4181362069954108,5488
1577,"loop_select_fusion_3.kd",2,8,1765,1279882,1279882,4096,256,0,0,8,0,32,64,"0x0","0x7ed35b989a40",4181362069550839,4181362069948770,4181362069953617,4181362069958585,4847
1578,"loop_reduce_window_fusion_13.kd",2,8,1766,1279882,1279882,4096,256,0,0,8,0,16,64,"0x0","0x7ed35b9899c0",4181362069558300,4181362069953617,4181362069958384,4181362069965345,4767
1579,"loop_slice_fusion_3.kd",2,8,1767,1279882,1279882,16,16,0,0,20,4,16,64,"0x0","0x7ed35b989900",4181362069564850,4181362069958384,4181362069963071,4181362069970242,4687
1580,"input_concatenate_fusion_1.kd",2,8,1768,1279882,1279882,4096,256,0,0,8,0,32,64,"0x0","0x7ed35b989a80",4181362069571690,4181362069963071,4181362069968559,4181362069974679,5488
1581,"loop_compare_fusion_1.kd",2,8,1769,1279882,1279882,8192,256,0,0,4,4,16,64,"0x0","0x7ed35b989ac0",4181362069578650,4181362069968559,4181362069973406,4181362069983001,4847
1582,"input_reduce_reduce_window_fusion_1.kd",2,8,1770,1279882,1279882,512,512,512,0,20,4,48,64,"0x0","0x7ed35b989b00",4181362069587143,4181362069973406,4181362069991073,4181362070001078,17667
1583,"loop_reduce_window_fusion_6.kd",2,8,1771,1279882,1279882,32,32,0,0,32,0,16,64,"0x0","0x7ed35b989b40",4181362069593803,4181362069991073,4181362070002810,4181362070005214,11737
1584,"loop_broadcast_fusion_1.kd",2,8,1772,1279882,1279882,8192,256,0,0,4,4,16,64,"0x0","0x7ed35b989b80",4181362069600693,4181362070002810,4181362070007737,4181362070011294,4927
1585,"input_scatter_fusion_1.kd",2,8,1773,1279882,1279882,8192,256,0,0,8,0,32,64,"0x0","0x7ed35b989bc0",4181362069608274,4181362070007737,4181362070012905,4181362070015990,5168
1586,"loop_reduce_window_fusion_5.kd",2,8,1774,1279882,1279882,8192,256,0,0,8,0,16,64,"0x0","0x7ed35b989c00",4181362069614844,4181362070012905,4181362070017993,4181362070020147,5088
1587,"loop_reduce_window_fusion_4.kd",2,8,1775,1279882,1279882,512,256,0,0,8,0,16,64,"0x0","0x7ed35b989c40",4181362069621954,4181362070017993,4181362070022920,4181362070026376,4927
1588,"loop_reduce_window_fusion_3.kd",2,8,1776,1279882,1279882,32,32,0,0,8,0,16,64,"0x0","0x7ed35b989c80",4181362069629105,4181362070022920,4181362070027647,4181362070030903,4727
1589,"loop_select_fusion_6.kd",2,8,1777,1279882,1279882,8192,256,0,0,8,0,32,64,"0x0","0x7ed35b989cc0",4181362069636877,4181362070027647,4181362070032574,4181362070035099,4927
1590,"loop_select_fusion_1.kd",2,8,1778,1279882,1279882,8192,256,0,0,8,0,16,64,"0x0","0x7ed35b989d00",4181362069644879,4181362070032574,4181362070037382,4181362070039455,4808
1591,"loop_broadcast_fusion_4.kd",2,8,1779,1279882,1279882,16,16,0,0,4,4,16,64,"0x0","0x7ed35b989d40",4181362069652740,4181362070037382,4181362070042309,4181362070045454,4927
1592,"__amd_rocclr_fillBufferAligned.kd",2,8,1780,1279882,1279882,77824,256,0,0,12,4,48,64,"0x0","0x7ed361483580",4181362069663927,4181362070042309,4181362070055208,4181362070080176,12899
1593,"__amd_rocclr_fillBufferAligned.kd",2,8,1781,1279882,1279882,16128,256,0,0,12,4,48,64,"0x0","0x7ed361483580",4181362069670206,4181362070055208,4181362070060175,4181362070060597,4967
1594,"transformer_engine::fused_attn_rocm::populate_rng_state_kernel(long*, long const*, long) [clone .kd]",2,8,1782,1279882,1279882,1,1,0,0,8,0,16,64,"0x0","0x7ed35b9ad380",4181362069679029,4181362070060175,4181362070065063,4181362070065384,4888
1595,"__amd_rocclr_fillBufferAligned.kd",2,8,1783,1279882,1279882,256,256,0,0,12,4,48,64,"0x0","0x7ed361483580",4181362069689885,4181362070065063,4181362070069790,4181362070071583,4727
1596,"ck_fused_attn::get_runtime_max_seqlen_kernel(unsigned long, int const*, int const*, unsigned long*) [clone .kd]",2,8,1784,1279882,1279882,4096,128,0,0,4,4,32,64,"0x0","0x7ed35b978940",4181362069696996,4181362070069790,4181362070075518,4181362070075819,5728
1597,"__amd_rocclr_copyBuffer.kd",2,8,1785,1279882,1279882,512,512,0,0,16,0,32,64,"0x7f13dfc72100","0x7ed361483600",4181362069704507,4181362070075518,4181362070081207,4181362070084302,5689
1598,"__amd_rocclr_fillBufferAligned.kd",2,8,1787,1279882,1279882,256,256,0,0,12,4,48,64,"0x0","0x7ed361483580",4181362070125043,4181362070137130,4181362070139053,4181362070165022,1923
1599,"ck_fused_attn::get_runtime_max_seqlen_kernel(unsigned long, int const*, int const*, unsigned long*) [clone .kd]",2,8,1788,1279882,1279882,4096,128,0,0,4,4,32,64,"0x0","0x7ed35b978940",4181362070137922,4181362070146183,4181362070155517,4181362070175327,9334
1600,"__amd_rocclr_copyBuffer.kd",2,8,1789,1279882,1279882,512,512,0,0,16,0,32,64,"0x7f13dfde9800","0x7ed361483600",4181362070145133,4181362070155517,4181362070161166,4181362070170500,5649
1601,"void transformer_engine::fused_attn_rocm::compute_scores_kernel<__half, transformer_engine::fused_attn_rocm::SmallSeqConfig<8, 128, 256, false, (transformer_engine::fused_attn_rocm::CausalMaskType)0>, 1>(__half const*, __half const*, __half*, float, int const*, int const*, int, int) [clone .kd]",2,8,1791,1279882,1279882,64000,64,0,0,100,4,48,64,"0x0","0x7ed33c14ec00",4181362070186414,4181362070196859,4181362070238441,4181362070240575,41582
1602,"void transformer_engine::fused_attn_rocm::apply_mask_and_softmax_kernel<__half, transformer_engine::fused_attn_rocm::SmallSeqConfig<8, 128, 256, false, (transformer_engine::fused_attn_rocm::CausalMaskType)0> >(__half*, __half const*, float, int const*, int, int) [clone .kd]",2,8,1792,1279882,1279882,512000,256,1024,0,16,0,16,64,"0x0","0x7ed33c14ec40",4181362070194836,4181362070238441,4181362070243889,4181362070254886,5448
1603,"void transformer_engine::fused_attn_rocm::compute_output_kernel<__half, transformer_engine::fused_attn_rocm::SmallSeqConfig<8, 128, 256, false, (transformer_engine::fused_attn_rocm::CausalMaskType)0>, 2, 8>(__half const*, __half const*, __half*, int const*, int const*, int, int) [clone .kd]",2,8,1793,1279882,1279882,512000,64,16384,0,20,4,32,64,"0x0","0x7ed33c14ec80",4181362070201737,4181362070243889,4181362070297008,4181362070300784,53119
1604,"loop_broadcast_fusion_5.kd",2,8,1794,1279882,1279882,2048000,256,0,0,4,4,16,64,"0x0","0x7ed35b989d80",4181362070211471,4181362070297008,4181362070305060,4181362070308726,8052
1605,"__amd_rocclr_fillBufferAligned.kd",2,8,1795,1279882,1279882,77824,256,0,0,12,4,48,64,"0x0","0x7ed361483580",4181362070226243,4181362070305060,4181362070311910,4181362070315556,6850
1606,"__amd_rocclr_fillBufferAligned.kd",2,8,1796,1279882,1279882,77824,256,0,0,12,4,48,64,"0x0","0x7ed361483580",4181362070232673,4181362070311910,4181362070334343,4181362070339492,22433
1607,"__amd_rocclr_fillBufferAligned.kd",2,8,1797,1279882,1279882,77824,256,0,0,12,4,48,64,"0x0","0x7ed361483580",4181362070249398,4181362070334343,4181362070356737,4181362070364719,22394
1608,"__amd_rocclr_fillBufferAligned.kd",2,8,1798,1279882,1279882,256,256,0,0,12,4,48,64,"0x0","0x7ed361483580",4181362070258331,4181362070356737,4181362070361584,4181362070379161,4847
1609,"ck_fused_attn::get_runtime_max_seqlen_kernel(unsigned long, int const*, int const*, unsigned long*) [clone .kd]",2,8,1799,1279882,1279882,4096,128,0,0,4,4,32,64,"0x0","0x7ed35b978940",4181362070264390,4181362070361584,4181362070367673,4181362070369787,6089
1610,"__amd_rocclr_copyBuffer.kd",2,8,1800,1279882,1279882,512,512,0,0,16,0,32,64,"0x7f13dfde9780","0x7ed361483600",4181362070273193,4181362070367673,4181362070373521,4181362070374584,5848
1611,"__amd_rocclr_fillBufferAligned.kd",2,8,1802,1279882,1279882,256,256,0,0,12,4,48,64,"0x0","0x7ed361483580",4181362070393993,4181362070404608,4181362070406731,4181362070408604,2123
1612,"ck_fused_attn::get_runtime_max_seqlen_kernel(unsigned long, int const*, int const*, unsigned long*) [clone .kd]",2,8,1803,1279882,1279882,4096,128,0,0,4,4,32,64,"0x0","0x7ed35b978940",4181362070404268,4181362070412499,4181362070418629,4181362070419591,6130
1613,"__amd_rocclr_copyBuffer.kd",2,8,1804,1279882,1279882,512,512,0,0,16,0,32,64,"0x7f13dfde9600","0x7ed361483600",4181362070410908,4181362070423676,4181362070428203,4181362070435805,4527
1614,"void transformer_engine::fused_attn_rocm::compute_grad_v_kernel<__half, transformer_engine::fused_attn_rocm::SmallSeqConfig<8, 128, 256, false, (transformer_engine::fused_attn_rocm::CausalMaskType)0>, 16, 16>(__half const*, __half const*, __half*, int const*, int const*, int, int) [clone .kd]",2,8,1806,1279882,1279882,256000,64,16384,0,28,4,32,64,"0x0","0x7ed33c150400",4181362070451198,4181362070462293,4181362070529754,4181362070530716,67461
1615,"void transformer_engine::fused_attn_rocm::compute_grad_attn_kernel<__half, transformer_engine::fused_attn_rocm::SmallSeqConfig<8, 128, 256, false, (transformer_engine::fused_attn_rocm::CausalMaskType)0>, 16>(__half const*, __half const*, __half*, int const*, int const*, int, int) [clone .kd]",2,8,1807,1279882,1279882,8000,64,0,0,104,0,64,64,"0x0","0x7ed33c150440",4181362070460381,4181362070529754,4181362070879834,4181362070884442,350080
1616,"void transformer_engine::fused_attn_rocm::softmax_backward_kernel<__half, transformer_engine::fused_attn_rocm::SmallSeqConfig<8, 128, 256, false, (transformer_engine::fused_attn_rocm::CausalMaskType)0> >(__half const*, __half const*, __half*, float, int const*, int, int) [clone .kd]",2,8,1808,1279882,1279882,512000,256,1024,0,12,4,16,64,"0x0","0x7ed33c150480",4181362070467512,4181362070879834,4181362070885843,4181362070898213,6009
1617,"void transformer_engine::fused_attn_rocm::compute_grad_qk_kernel<__half, transformer_engine::fused_attn_rocm::SmallSeqConfig<8, 128, 256, false, (transformer_engine::fused_attn_rocm::CausalMaskType)0>, 4, 16>(__half const*, __half const*, __half const*, __half*, __half*, float, int const*, int const*, int, int) [clone .kd]",2,8,1809,1279882,1279882,1024000,64,16384,0,36,4,64,64,"0x0","0x7ed33c1504c0",4181362070475113,4181362070885843,4181362071074764,4181362071078561,188921
1618,"input_reduce_fusion.kd",2,8,1810,1279882,1279882,524288,256,512,0,16,0,16,64,"0x0","0x7ed35b989dc0",4181362070483896,4181362071074764,4181362071084339,4181362071085040,9575
1619,"input_reduce_fusion_3.kd",2,8,1811,1279882,1279882,128,128,512,0,24,0,16,64,"0x0","0x7ed35b989e00",4181362070493471,4181362071084339,4181362071089106,4181362071089788,4767
1620,"loop_convert_fusion.kd",2,8,1812,1279882,1279882,1,1,0,0,4,4,16,64,"0x0","0x7ed35b989e40",4181362070499650,4181362071089106,4181362071093432,4181362071094244,4326
1621,"input_reduce_reduce_window_fusion_3.kd",2,8,1815,1279882,1279882,8192,256,0,0,28,4,48,64,"0x0","0x7ed35b989300",4181362070623554,4181362071105770,4181362071117348,4181362071119812,11578
1622,"loop_reduce_window_fusion_11.kd",2,8,1816,1279882,1279882,2048,256,0,0,8,0,16,64,"0x0","0x7ed35b989340",4181362070633068,4181362071117348,4181362071125079,4181362071124800,7731
1623,"loop_slice_fusion_5.kd",2,8,1817,1279882,1279882,8,8,0,0,20,4,16,64,"0x0","0x7ed35b989380",4181362070640630,4181362071125079,4181362071130487,4181362071136627,5408
1624,"loop_broadcast_fusion_2.kd",2,8,1818,1279882,1279882,32000,256,0,0,4,4,16,64,"0x0","0x7ed35b9893c0",4181362070647800,4181362071130487,4181362071136456,4181362071143007,5969
1625,"input_scatter_fusion_2.kd",2,8,1819,1279882,1279882,32000,256,0,0,12,4,32,64,"0x0","0x7ed35b989400",4181362070655171,4181362071136456,4181362071144388,4181362071148435,7932
1626,"loop_reduce_window_fusion_10.kd",2,8,1820,1279882,1279882,32000,256,0,0,8,0,16,64,"0x0","0x7ed35b989440",4181362070661621,4181362071144388,4181362071149355,4181362071153262,4967
1627,"loop_reduce_window_fusion_11.kd",2,8,1821,1279882,1279882,2048,256,0,0,8,0,16,64,"0x0","0x7ed35b989340",4181362070668731,4181362071149355,4181362071154283,4181362071158390,4928
1628,"loop_slice_fusion_5.kd",2,8,1822,1279882,1279882,8,8,0,0,20,4,16,64,"0x0","0x7ed35b989380",4181362070675271,4181362071154283,4181362071158970,4181362071163036,4687
1629,"loop_slice_fusion_1.kd",2,8,1823,1279882,1279882,125,125,0,0,8,0,16,64,"0x0","0x7ed35b989480",4181362070682602,4181362071158970,4181362071163697,4181362071167794,4727
1630,"input_reduce_fusion_1.kd",2,8,1824,1279882,1279882,64,64,0,0,8,0,16,64,"0x0","0x7ed35b9894c0",4181362070689532,4181362071163697,4181362071168303,4181362071172671,4606
1631,"loop_select_fusion_5.kd",2,8,1825,1279882,1279882,32000,256,0,0,8,0,32,64,"0x0","0x7ed35b989500",4181362070696543,4181362071168303,4181362071173231,4181362071177728,4928
1632,"loop_select_fusion_2.kd",2,8,1826,1279882,1279882,32000,256,0,0,4,4,16,64,"0x0","0x7ed35b989540",4181362070703984,4181362071173231,4181362071177958,4181362071182435,4727
1633,"loop_reduce_window_fusion_10.kd",2,8,1827,1279882,1279882,32000,256,0,0,8,0,16,64,"0x0","0x7ed35b989440",4181362070710594,4181362071177958,4181362071182685,4181362071187393,4727
1634,"loop_reduce_window_fusion_11.kd",2,8,1828,1279882,1279882,2048,256,0,0,8,0,16,64,"0x0","0x7ed35b989340",4181362070718395,4181362071182685,4181362071187572,4181362071191869,4887
1635,"loop_slice_fusion_5.kd",2,8,1829,1279882,1279882,8,8,0,0,20,4,16,64,"0x0","0x7ed35b989380",4181362070724995,4181362071187572,4181362071192299,4181362071196596,4727
1636,"input_concatenate_fusion.kd",2,8,1830,1279882,1279882,32000,256,0,0,12,4,32,64,"0x0","0x7ed35b989580",4181362070732396,4181362071192299,4181362071197427,4181362071201253,5128
1637,"loop_compare_fusion.kd",2,8,1831,1279882,1279882,36096,256,0,0,4,4,16,64,"0x0","0x7ed35b9895c0",4181362070738986,4181362071197427,4181362071202394,4181362071207242,4967
1638,"input_reduce_reduce_window_fusion.kd",2,8,1832,1279882,1279882,11520,256,0,0,24,0,48,64,"0x0","0x7ed35b989600",4181362070747228,4181362071202394,4181362071210847,4181362071211749,8453
1639,"loop_reduce_window_fusion_2.kd",2,8,1833,1279882,1279882,2304,256,0,0,8,0,16,64,"0x0","0x7ed35b989640",4181362070753577,4181362071210847,4181362071215734,4181362071216386,4887
1640,"loop_slice_fusion_8.kd",2,8,1834,1279882,1279882,9,9,0,0,20,4,16,64,"0x0","0x7ed35b989680",4181362070760818,4181362071215734,4181362071220461,4181362071220983,4727
1641,"loop_broadcast_fusion.kd",2,8,1835,1279882,1279882,36096,256,0,0,4,4,16,64,"0x0","0x7ed35b9896c0",4181362070768139,4181362071220461,4181362071225388,4181362071225600,4927
1642,"input_scatter_fusion.kd",2,8,1836,1279882,1279882,36096,256,0,0,12,4,32,64,"0x0","0x7ed35b989700",4181362070776141,4181362071225388,4181362071232479,4181362071234182,7091
1643,"loop_reduce_window_fusion_1.kd",2,8,1837,1279882,1279882,36096,256,0,0,8,0,16,64,"0x0","0x7ed35b989740",4181362070783482,4181362071232479,4181362071237286,4181362071238629,4807
1644,"loop_reduce_window_fusion_2.kd",2,8,1838,1279882,1279882,2304,256,0,0,8,0,16,64,"0x0","0x7ed35b989640",4181362070790943,4181362071237286,4181362071242253,4181362071242805,4967
1645,"loop_slice_fusion_8.kd",2,8,1839,1279882,1279882,9,9,0,0,20,4,16,64,"0x0","0x7ed35b989680",4181362070797413,4181362071242253,4181362071247021,4181362071247162,4768
1646,"loop_slice_fusion.kd",2,8,1840,1279882,1279882,141,141,0,0,8,0,16,64,"0x0","0x7ed35b989780",4181362070803942,4181362071247021,4181362071251748,4181362071254392,4727
1647,"input_reduce_fusion_2.kd",2,8,1841,1279882,1279882,64,64,0,0,8,0,16,64,"0x0","0x7ed35b9897c0",4181362070811023,4181362071251748,4181362071256475,4181362071265479,4727
1648,"loop_select_fusion_4.kd",2,8,1842,1279882,1279882,36096,256,0,0,8,0,32,64,"0x0","0x7ed35b989800",4181362070818324,4181362071256475,4181362071261362,4181362071261072,4887
1649,"loop_select_fusion.kd",2,8,1843,1279882,1279882,36096,256,0,0,8,0,16,64,"0x0","0x7ed35b989840",4181362070825464,4181362071261362,4181362071266329,4181362071273951,4967
1650,"loop_compare_fusion_2.kd",2,8,1844,1279882,1279882,4096,256,0,0,4,4,16,64,"0x0","0x7ed35b989880",4181362070832555,4181362071266329,4181362071271096,4181362071278829,4767
1651,"input_reduce_reduce_window_fusion_2.kd",2,8,1845,1279882,1279882,256,256,512,0,20,4,32,64,"0x0","0x7ed35b9898c0",4181362070840477,4181362071271096,4181362071286599,4181362071298949,15503
1652,"loop_slice_fusion_3.kd",2,8,1846,1279882,1279882,16,16,0,0,20,4,16,64,"0x0","0x7ed35b989900",4181362070846776,4181362071286599,4181362071291407,4181362071303776,4808
1653,"loop_broadcast_fusion_3.kd",2,8,1847,1279882,1279882,4096,256,0,0,4,4,16,64,"0x0","0x7ed35b989940",4181362070854307,4181362071291407,4181362071296294,4181362071325748,4887
1654,"input_scatter_fusion_3.kd",2,8,1848,1279882,1279882,4096,256,0,0,8,0,32,64,"0x0","0x7ed35b989980",4181362070860507,4181362071296294,4181362071302263,4181362071321132,5969
1655,"loop_reduce_window_fusion_13.kd",2,8,1849,1279882,1279882,4096,256,0,0,8,0,16,64,"0x0","0x7ed35b9899c0",4181362070867066,4181362071302263,4181362071307070,4181362071308212,4807
1656,"loop_slice_fusion_3.kd",2,8,1850,1279882,1279882,16,16,0,0,20,4,16,64,"0x0","0x7ed35b989900",4181362070874277,4181362071307070,4181362071311757,4181362071312909,4687
1657,"loop_remainder_fusion.kd",2,8,1851,1279882,1279882,4096,256,0,0,12,4,16,64,"0x0","0x7ed35b989a00",4181362070881428,4181362071311757,4181362071317125,4181362071317106,5368
1658,"loop_select_fusion_3.kd",2,8,1852,1279882,1279882,4096,256,0,0,8,0,32,64,"0x0","0x7ed35b989a40",4181362070888378,4181362071317125,4181362071321932,4181362071332709,4807
1659,"loop_reduce_window_fusion_13.kd",2,8,1853,1279882,1279882,4096,256,0,0,8,0,16,64,"0x0","0x7ed35b9899c0",4181362070912644,4181362071321932,4181362071326739,4181362071345959,4807
1660,"loop_slice_fusion_3.kd",2,8,1854,1279882,1279882,16,16,0,0,20,4,16,64,"0x0","0x7ed35b989900",4181362070920406,4181362071326739,4181362071331346,4181362071351777,4607
1661,"input_concatenate_fusion_1.kd",2,8,1855,1279882,1279882,4096,256,0,0,8,0,32,64,"0x0","0x7ed35b989a80",4181362070927516,4181362071331346,4181362071336754,4181362071337175,5408
1662,"loop_compare_fusion_1.kd",2,8,1856,1279882,1279882,8192,256,0,0,4,4,16,64,"0x0","0x7ed35b989ac0",4181362070935368,4181362071336754,4181362071341601,4181362071341462,4847
1663,"input_reduce_reduce_window_fusion_1.kd",2,8,1857,1279882,1279882,512,512,512,0,20,4,48,64,"0x0","0x7ed35b989b00",4181362070942308,4181362071341601,4181362071358947,4181362071369183,17346
1664,"loop_reduce_window_fusion_6.kd",2,8,1858,1279882,1279882,32,32,0,0,32,0,16,64,"0x0","0x7ed35b989b40",4181362070948718,4181362071358947,4181362071369563,4181362071373650,10616
1665,"loop_broadcast_fusion_1.kd",2,8,1859,1279882,1279882,8192,256,0,0,4,4,16,64,"0x0","0x7ed35b989b80",4181362070956830,4181362071369563,4181362071374530,4181362071378517,4967
1666,"input_scatter_fusion_1.kd",2,8,1860,1279882,1279882,8192,256,0,0,8,0,32,64,"0x0","0x7ed35b989bc0",4181362070964121,4181362071374530,4181362071379858,4181362071385067,5328
1667,"loop_reduce_window_fusion_5.kd",2,8,1861,1279882,1279882,8192,256,0,0,8,0,16,64,"0x0","0x7ed35b989c00",4181362070971712,4181362071379858,4181362071384906,4181362071389814,5048
1668,"loop_reduce_window_fusion_4.kd",2,8,1862,1279882,1279882,512,256,0,0,8,0,16,64,"0x0","0x7ed35b989c40",4181362070978983,4181362071384906,4181362071389753,4181362071394621,4847
1669,"loop_reduce_window_fusion_3.kd",2,8,1863,1279882,1279882,32,32,0,0,8,0,16,64,"0x0","0x7ed35b989c80",4181362070985673,4181362071389753,4181362071394520,4181362071401301,4767
1670,"loop_select_fusion_6.kd",2,8,1864,1279882,1279882,8192,256,0,0,8,0,32,64,"0x0","0x7ed35b989cc0",4181362070992493,4181362071394520,4181362071399447,4181362071405527,4927
1671,"loop_select_fusion_1.kd",2,8,1865,1279882,1279882,8192,256,0,0,8,0,16,64,"0x0","0x7ed35b989d00",4181362071000124,4181362071399447,4181362071404375,4181362071410014,4928
1672,"loop_broadcast_fusion_4.kd",2,8,1866,1279882,1279882,16,16,0,0,4,4,16,64,"0x0","0x7ed35b989d40",4181362071007265,4181362071404375,4181362071409262,4181362071414480,4887
1673,"__amd_rocclr_fillBufferAligned.kd",2,8,1867,1279882,1279882,77824,256,0,0,12,4,48,64,"0x0","0x7ed361483580",4181362071019813,4181362071409262,4181362071422682,4181362071430514,13420
1674,"__amd_rocclr_fillBufferAligned.kd",2,8,1868,1279882,1279882,16128,256,0,0,12,4,48,64,"0x0","0x7ed361483580",4181362071026003,4181362071422682,4181362071427649,4181362071441190,4967
1675,"transformer_engine::fused_attn_rocm::populate_rng_state_kernel(long*, long const*, long) [clone .kd]",2,8,1869,1279882,1279882,1,1,0,0,8,0,16,64,"0x0","0x7ed35b9ad380",4181362071035407,4181362071427649,4181362071432536,4181362071445386,4887
1676,"__amd_rocclr_fillBufferAligned.kd",2,8,1870,1279882,1279882,256,256,0,0,12,4,48,64,"0x0","0x7ed361483580",4181362071044690,4181362071432536,4181362071437344,4181362071436974,4808
1677,"ck_fused_attn::get_runtime_max_seqlen_kernel(unsigned long, int const*, int const*, unsigned long*) [clone .kd]",2,8,1871,1279882,1279882,4096,128,0,0,4,4,32,64,"0x0","0x7ed35b978940",4181362071050930,4181362071437344,4181362071443112,4181362071451776,5768
1678,"__amd_rocclr_copyBuffer.kd",2,8,1872,1279882,1279882,512,512,0,0,16,0,32,64,"0x7f13dfc71a00","0x7ed361483600",4181362071060975,4181362071443112,4181362071448520,4181362071456333,5408
1679,"__amd_rocclr_fillBufferAligned.kd",2,8,1874,1279882,1279882,256,256,0,0,12,4,48,64,"0x0","0x7ed361483580",4181362071500218,4181362071517022,4181362071519025,4181362071540578,2003
1680,"ck_fused_attn::get_runtime_max_seqlen_kernel(unsigned long, int const*, int const*, unsigned long*) [clone .kd]",2,8,1875,1279882,1279882,4096,128,0,0,4,4,32,64,"0x0","0x7ed35b978940",4181362071517394,4181362071525314,4181362071534568,4181362071550643,9254
1681,"__amd_rocclr_copyBuffer.kd",2,8,1876,1279882,1279882,512,512,0,0,16,0,32,64,"0x7f13dfde9300","0x7ed361483600",4181362071524194,4181362071534568,4181362071539776,4181362071545595,5208
1682,"void transformer_engine::fused_attn_rocm::compute_scores_kernel<__half, transformer_engine::fused_attn_rocm::SmallSeqConfig<8, 128, 256, false, (transformer_engine::fused_attn_rocm::CausalMaskType)0>, 1>(__half const*, __half const*, __half*, float, int const*, int const*, int, int) [clone .kd]",2,8,1878,1279882,1279882,64000,64,0,0,100,4,48,64,"0x0","0x7ed33c14ec00",4181362071562400,4181362071572264,4181362071617371,4181362071625154,45107
1683,"void transformer_engine::fused_attn_rocm::apply_mask_and_softmax_kernel<__half, transformer_engine::fused_attn_rocm::SmallSeqConfig<8, 128, 256, false, (transformer_engine::fused_attn_rocm::CausalMaskType)0> >(__half*, __half const*, float, int const*, int, int) [clone .kd]",2,8,1879,1279882,1279882,512000,256,1024,0,16,0,16,64,"0x0","0x7ed33c14ec40",4181362071570172,4181362071617371,4181362071622659,4181362071632014,5288
1684,"void transformer_engine::fused_attn_rocm::compute_output_kernel<__half, transformer_engine::fused_attn_rocm::SmallSeqConfig<8, 128, 256, false, (transformer_engine::fused_attn_rocm::CausalMaskType)0>, 2, 8>(__half const*, __half const*, __half*, int const*, int const*, int, int) [clone .kd]",2,8,1880,1279882,1279882,512000,64,16384,0,20,4,32,64,"0x0","0x7ed33c14ec80",4181362071577283,4181362071622659,4181362071674817,4181362071691342,52158
1685,"loop_broadcast_fusion_5.kd",2,8,1881,1279882,1279882,2048000,256,0,0,4,4,16,64,"0x0","0x7ed35b989d80",4181362071585535,4181362071674817,4181362071682949,4181362071683300,8132
1686,"__amd_rocclr_fillBufferAligned.kd",2,8,1882,1279882,1279882,77824,256,0,0,12,4,48,64,"0x0","0x7ed361483580",4181362071606957,4181362071682949,4181362071689679,4181362071698353,6730
1687,"__amd_rocclr_fillBufferAligned.kd",2,8,1883,1279882,1279882,77824,256,0,0,12,4,48,64,"0x0","0x7ed361483580",4181362071613056,4181362071689679,4181362071712072,4181362071714447,22393
1688,"__amd_rocclr_fillBufferAligned.kd",2,8,1884,1279882,1279882,77824,256,0,0,12,4,48,64,"0x0","0x7ed361483580",4181362071619515,4181362071712072,4181362071734626,4181362071738272,22554
1689,"__amd_rocclr_fillBufferAligned.kd",2,8,1885,1279882,1279882,256,256,0,0,12,4,48,64,"0x0","0x7ed361483580",4181362071628389,4181362071734626,4181362071739513,4181362071745563,4887
1690,"ck_fused_attn::get_runtime_max_seqlen_kernel(unsigned long, int const*, int const*, unsigned long*) [clone .kd]",2,8,1886,1279882,1279882,4096,128,0,0,4,4,32,64,"0x0","0x7ed35b978940",4181362071636390,4181362071739513,4181362071745562,4181362071750260,6049
1691,"__amd_rocclr_copyBuffer.kd",2,8,1887,1279882,1279882,512,512,0,0,16,0,32,64,"0x7f13dfc73b80","0x7ed361483600",4181362071644933,4181362071745562,4181362071751090,4181362071755077,5528
1692,"__amd_rocclr_fillBufferAligned.kd",2,8,1889,1279882,1279882,256,256,0,0,12,4,48,64,"0x0","0x7ed361483580",4181362071769839,4181362071784500,4181362071786543,4181362071792863,2043
1693,"ck_fused_attn::get_runtime_max_seqlen_kernel(unsigned long, int const*, int const*, unsigned long*) [clone .kd]",2,8,1890,1279882,1279882,4096,128,0,0,4,4,32,64,"0x0","0x7ed35b978940",4181362071784401,4181362071793273,4181362071799162,4181362071799493,5889
1694,"__amd_rocclr_copyBuffer.kd",2,8,1891,1279882,1279882,512,512,0,0,16,0,32,64,"0x7f13dfde9100","0x7ed361483600",4181362071792142,4181362071814785,4181362071820914,4181362071826904,6129
1695,"void transformer_engine::fused_attn_rocm::compute_grad_v_kernel<__half, transformer_engine::fused_attn_rocm::SmallSeqConfig<8, 128, 256, false, (transformer_engine::fused_attn_rocm::CausalMaskType)0>, 16, 16>(__half const*, __half const*, __half*, int const*, int const*, int, int) [clone .kd]",2,8,1893,1279882,1279882,256000,64,16384,0,28,4,32,64,"0x0","0x7ed33c150400",4181362071842317,4181362071853042,4181362071922065,4181362071921905,69023
1696,"void transformer_engine::fused_attn_rocm::compute_grad_attn_kernel<__half, transformer_engine::fused_attn_rocm::SmallSeqConfig<8, 128, 256, false, (transformer_engine::fused_attn_rocm::CausalMaskType)0>, 16>(__half const*, __half const*, __half*, int const*, int const*, int, int) [clone .kd]",2,8,1894,1279882,1279882,8000,64,0,0,104,0,64,64,"0x0","0x7ed33c150440",4181362071851010,4181362071922065,4181362072268940,4181362072280018,346875
1697,"void transformer_engine::fused_attn_rocm::softmax_backward_kernel<__half, transformer_engine::fused_attn_rocm::SmallSeqConfig<8, 128, 256, false, (transformer_engine::fused_attn_rocm::CausalMaskType)0> >(__half const*, __half const*, __half*, float, int const*, int, int) [clone .kd]",2,8,1895,1279882,1279882,512000,256,1024,0,12,4,16,64,"0x0","0x7ed33c150480",4181362071858060,4181362072268940,4181362072275190,4181362072288711,6250
1698,"void transformer_engine::fused_attn_rocm::compute_grad_qk_kernel<__half, transformer_engine::fused_attn_rocm::SmallSeqConfig<8, 128, 256, false, (transformer_engine::fused_attn_rocm::CausalMaskType)0>, 4, 16>(__half const*, __half const*, __half const*, __half*, __half*, float, int const*, int const*, int, int) [clone .kd]",2,8,1896,1279882,1279882,1024000,64,16384,0,36,4,64,64,"0x0","0x7ed33c1504c0",4181362071865972,4181362072275190,4181362072464912,4181362072470611,189722
1699,"input_reduce_fusion.kd",2,8,1897,1279882,1279882,524288,256,512,0,16,0,16,64,"0x0","0x7ed35b989dc0",4181362071876748,4181362072464912,4181362072475448,4181362072478603,10536
1700,"input_reduce_fusion_3.kd",2,8,1898,1279882,1279882,128,128,512,0,24,0,16,64,"0x0","0x7ed35b989e00",4181362071884469,4181362072475448,4181362072481977,4181362072489609,6529
1701,"loop_convert_fusion.kd",2,8,1899,1279882,1279882,1,1,0,0,4,4,16,64,"0x0","0x7ed35b989e40",4181362071891550,4181362072481977,4181362072486744,4181362072494467,4767
1702,"input_reduce_reduce_window_fusion_3.kd",2,8,1902,1279882,1279882,8192,256,0,0,28,4,48,64,"0x0","0x7ed35b989300",4181362072013401,4181362072499203,4181362072511181,4181362072530350,11978
1703,"loop_reduce_window_fusion_11.kd",2,8,1903,1279882,1279882,2048,256,0,0,8,0,16,64,"0x0","0x7ed35b989340",4181362072022585,4181362072511181,4181362072518832,4181362072534907,7651
1704,"loop_slice_fusion_5.kd",2,8,1904,1279882,1279882,8,8,0,0,20,4,16,64,"0x0","0x7ed35b989380",4181362072030246,4181362072518832,4181362072523920,4181362072539373,5088
1705,"loop_broadcast_fusion_2.kd",2,8,1905,1279882,1279882,32000,256,0,0,4,4,16,64,"0x0","0x7ed35b9893c0",4181362072037187,4181362072523920,4181362072529768,4181362072547215,5848
1706,"input_scatter_fusion_2.kd",2,8,1906,1279882,1279882,32000,256,0,0,12,4,32,64,"0x0","0x7ed35b989400",4181362072045058,4181362072529768,4181362072536899,4181362072552112,7131
1707,"loop_reduce_window_fusion_10.kd",2,8,1907,1279882,1279882,32000,256,0,0,8,0,16,64,"0x0","0x7ed35b989440",4181362072051708,4181362072536899,4181362072541706,4181362072556779,4807
1708,"loop_reduce_window_fusion_11.kd",2,8,1908,1279882,1279882,2048,256,0,0,8,0,16,64,"0x0","0x7ed35b989340",4181362072059660,4181362072541706,4181362072546553,4181362072561486,4847
1709,"loop_slice_fusion_5.kd",2,8,1909,1279882,1279882,8,8,0,0,20,4,16,64,"0x0","0x7ed35b989380",4181362072066751,4181362072546553,4181362072551240,4181362072566173,4687
1710,"loop_slice_fusion_1.kd",2,8,1910,1279882,1279882,125,125,0,0,8,0,16,64,"0x0","0x7ed35b989480",4181362072073761,4181362072551240,4181362072555927,4181362072571722,4687
1711,"input_reduce_fusion_1.kd",2,8,1911,1279882,1279882,64,64,0,0,8,0,16,64,"0x0","0x7ed35b9894c0",4181362072081272,4181362072555927,4181362072560654,4181362072576579,4727
1712,"loop_select_fusion_5.kd",2,8,1912,1279882,1279882,32000,256,0,0,8,0,32,64,"0x0","0x7ed35b989500",4181362072089274,4181362072560654,4181362072565542,4181362072581236,4888
1713,"loop_select_fusion_2.kd",2,8,1913,1279882,1279882,32000,256,0,0,4,4,16,64,"0x0","0x7ed35b989540",4181362072096565,4181362072565542,4181362072570309,4181362072585963,4767
1714,"loop_reduce_window_fusion_10.kd",2,8,1914,1279882,1279882,32000,256,0,0,8,0,16,64,"0x0","0x7ed35b989440",4181362072104306,4181362072570309,4181362072575076,4181362072590720,4767
1715,"loop_reduce_window_fusion_11.kd",2,8,1915,1279882,1279882,2048,256,0,0,8,0,16,64,"0x0","0x7ed35b989340",4181362072111317,4181362072575076,4181362072580003,4181362072595397,4927
1716,"loop_slice_fusion_5.kd",2,8,1916,1279882,1279882,8,8,0,0,20,4,16,64,"0x0","0x7ed35b989380",4181362072118678,4181362072580003,4181362072584690,4181362072599964,4687
1717,"input_concatenate_fusion.kd",2,8,1917,1279882,1279882,32000,256,0,0,12,4,32,64,"0x0","0x7ed35b989580",4181362072125548,4181362072584690,4181362072589978,4181362072606353,5288
1718,"loop_compare_fusion.kd",2,8,1918,1279882,1279882,36096,256,0,0,4,4,16,64,"0x0","0x7ed35b9895c0",4181362072132328,4181362072589978,4181362072594825,4181362072611260,4847
1719,"input_reduce_reduce_window_fusion.kd",2,8,1919,1279882,1279882,11520,256,0,0,24,0,48,64,"0x0","0x7ed35b989600",4181362072139669,4181362072594825,4181362072603157,4181362072615977,8332
1720,"loop_reduce_window_fusion_2.kd",2,8,1920,1279882,1279882,2304,256,0,0,8,0,16,64,"0x0","0x7ed35b989640",4181362072147300,4181362072603157,4181362072608085,4181362072620835,4928
1721,"loop_slice_fusion_8.kd",2,8,1921,1279882,1279882,9,9,0,0,20,4,16,64,"0x0","0x7ed35b989680",4181362072153960,4181362072608085,4181362072612732,4181362072625301,4647
1722,"loop_broadcast_fusion.kd",2,8,1922,1279882,1279882,36096,256,0,0,4,4,16,64,"0x0","0x7ed35b9896c0",4181362072161642,4181362072612732,4181362072617739,4181362072630339,5007
1723,"input_scatter_fusion.kd",2,8,1923,1279882,1279882,36096,256,0,0,12,4,32,64,"0x0","0x7ed35b989700",4181362072169233,4181362072617739,4181362072624629,4181362072634895,6890
1724,"loop_reduce_window_fusion_1.kd",2,8,1924,1279882,1279882,36096,256,0,0,8,0,16,64,"0x0","0x7ed35b989740",4181362072177005,4181362072624629,4181362072629477,4181362072639382,4848
1725,"loop_reduce_window_fusion_2.kd",2,8,1925,1279882,1279882,2304,256,0,0,8,0,16,64,"0x0","0x7ed35b989640",4181362072183184,4181362072629477,4181362072634404,4181362072644029,4927
1726,"loop_slice_fusion_8.kd",2,8,1926,1279882,1279882,9,9,0,0,20,4,16,64,"0x0","0x7ed35b989680",4181362072190655,4181362072634404,4181362072639091,4181362072657539,4687
1727,"loop_slice_fusion.kd",2,8,1927,1279882,1279882,141,141,0,0,8,0,16,64,"0x0","0x7ed35b989780",4181362072198266,4181362072639091,4181362072643818,4181362072653463,4727
1728,"input_reduce_fusion_2.kd",2,8,1928,1279882,1279882,64,64,0,0,8,0,16,64,"0x0","0x7ed35b9897c0",4181362072205186,4181362072643818,4181362072648505,4181362072648756,4687
1729,"loop_select_fusion_4.kd",2,8,1929,1279882,1279882,36096,256,0,0,8,0,32,64,"0x0","0x7ed35b989800",4181362072229743,4181362072648505,4181362072653352,4181362072665351,4847
1730,"loop_select_fusion.kd",2,8,1930,1279882,1279882,36096,256,0,0,8,0,16,64,"0x0","0x7ed35b989840",4181362072237184,4181362072653352,4181362072658279,4181362072671710,4927
1731,"loop_compare_fusion_2.kd",2,8,1931,1279882,1279882,4096,256,0,0,4,4,16,64,"0x0","0x7ed35b989880",4181362072244074,4181362072658279,4181362072663087,4181362072676407,4808
1732,"input_reduce_reduce_window_fusion_2.kd",2,8,1932,1279882,1279882,256,256,512,0,20,4,32,64,"0x0","0x7ed35b9898c0",4181362072251465,4181362072663087,4181362072679110,4181362072681635,16023
1733,"loop_slice_fusion_3.kd",2,8,1933,1279882,1279882,16,16,0,0,20,4,16,64,"0x0","0x7ed35b989900",4181362072258185,4181362072679110,4181362072683757,4181362072693002,4647
1734,"loop_broadcast_fusion_3.kd",2,8,1934,1279882,1279882,4096,256,0,0,4,4,16,64,"0x0","0x7ed35b989940",4181362072266007,4181362072683757,4181362072688605,4181362072688525,4848
1735,"input_scatter_fusion_3.kd",2,8,1935,1279882,1279882,4096,256,0,0,8,0,32,64,"0x0","0x7ed35b989980",4181362072272847,4181362072688605,4181362072694573,4181362072697609,5968
1736,"loop_reduce_window_fusion_13.kd",2,8,1936,1279882,1279882,4096,256,0,0,8,0,16,64,"0x0","0x7ed35b9899c0",4181362072280799,4181362072694573,4181362072699300,4181362072704128,4727
1737,"loop_slice_fusion_3.kd",2,8,1937,1279882,1279882,16,16,0,0,20,4,16,64,"0x0","0x7ed35b989900",4181362072302691,4181362072699300,4181362072703987,4181362072708445,4687
1738,"loop_remainder_fusion.kd",2,8,1938,1279882,1279882,4096,256,0,0,12,4,16,64,"0x0","0x7ed35b989a00",4181362072309812,4181362072703987,4181362072709355,4181362072713202,5368
1739,"loop_select_fusion_3.kd",2,8,1939,1279882,1279882,4096,256,0,0,8,0,32,64,"0x0","0x7ed35b989a40",4181362072317554,4181362072709355,4181362072714123,4181362072719892,4768
1740,"loop_reduce_window_fusion_13.kd",2,8,1940,1279882,1279882,4096,256,0,0,8,0,16,64,"0x0","0x7ed35b9899c0",4181362072325746,4181362072714123,4181362072718809,4181362072724499,4686
1741,"loop_slice_fusion_3.kd",2,8,1941,1279882,1279882,16,16,0,0,20,4,16,64,"0x0","0x7ed35b989900",4181362072333087,4181362072718809,4181362072723577,4181362072729146,4768
1742,"input_concatenate_fusion_1.kd",2,8,1942,1279882,1279882,4096,256,0,0,8,0,32,64,"0x0","0x7ed35b989a80",4181362072339837,4181362072723577,4181362072729145,4181362072737348,5568
1743,"loop_compare_fusion_1.kd",2,8,1943,1279882,1279882,8192,256,0,0,4,4,16,64,"0x0","0x7ed35b989ac0",4181362072346426,4181362072729145,4181362072734032,4181362072741995,4887
1744,"input_reduce_reduce_window_fusion_1.kd",2,8,1944,1279882,1279882,512,512,512,0,20,4,48,64,"0x0","0x7ed35b989b00",4181362072353487,4181362072734032,4181362072751578,4181362072759521,17546
1745,"loop_reduce_window_fusion_6.kd",2,8,1945,1279882,1279882,32,32,0,0,32,0,16,64,"0x0","0x7ed35b989b40",4181362072360848,4181362072751578,4181362072760431,4181362072766311,8853
1746,"loop_broadcast_fusion_1.kd",2,8,1946,1279882,1279882,8192,256,0,0,4,4,16,64,"0x0","0x7ed35b989b80",4181362072368239,4181362072760431,4181362072765359,4181362072771038,4928
1747,"input_scatter_fusion_1.kd",2,8,1947,1279882,1279882,8192,256,0,0,8,0,32,64,"0x0","0x7ed35b989bc0",4181362072376481,4181362072765359,4181362072770607,4181362072775635,5248
1748,"loop_reduce_window_fusion_5.kd",2,8,1948,1279882,1279882,8192,256,0,0,8,0,16,64,"0x0","0x7ed35b989c00",4181362072383321,4181362072770607,4181362072775614,4181362072782094,5007
1749,"loop_reduce_window_fusion_4.kd",2,8,1949,1279882,1279882,512,256,0,0,8,0,16,64,"0x0","0x7ed35b989c40",4181362072391133,4181362072775614,4181362072780381,4181362072786611,4767
1750,"loop_reduce_window_fusion_3.kd",2,8,1950,1279882,1279882,32,32,0,0,8,0,16,64,"0x0","0x7ed35b989c80",4181362072397953,4181362072780381,4181362072785188,4181362072791548,4807
1751,"loop_select_fusion_6.kd",2,8,1951,1279882,1279882,8192,256,0,0,8,0,32,64,"0x0","0x7ed35b989cc0",4181362072405194,4181362072785188,4181362072790075,4181362072797858,4887
1752,"loop_select_fusion_1.kd",2,8,1952,1279882,1279882,8192,256,0,0,8,0,16,64,"0x0","0x7ed35b989d00",4181362072412695,4181362072790075,4181362072794923,4181362072802575,4848
1753,"loop_broadcast_fusion_4.kd",2,8,1953,1279882,1279882,16,16,0,0,4,4,16,64,"0x0","0x7ed35b989d40",4181362072420076,4181362072794923,4181362072799810,4181362072807242,4887
1754,"__amd_rocclr_fillBufferAligned.kd",2,8,1954,1279882,1279882,77824,256,0,0,12,4,48,64,"0x0","0x7ed361483580",4181362072431373,4181362072799810,4181362072813711,4181362072813621,13901
1755,"__amd_rocclr_fillBufferAligned.kd",2,8,1955,1279882,1279882,16128,256,0,0,12,4,48,64,"0x0","0x7ed361483580",4181362072438293,4181362072813711,4181362072818718,4181362072821203,5007
1756,"transformer_engine::fused_attn_rocm::populate_rng_state_kernel(long*, long const*, long) [clone .kd]",2,8,1956,1279882,1279882,1,1,0,0,8,0,16,64,"0x0","0x7ed35b9ad380",4181362072446215,4181362072818718,4181362072823605,4181362072827482,4887
1757,"__amd_rocclr_fillBufferAligned.kd",2,8,1957,1279882,1279882,256,256,0,0,12,4,48,64,"0x0","0x7ed361483580",4181362072455489,4181362072823605,4181362072828372,4181362072838528,4767
1758,"ck_fused_attn::get_runtime_max_seqlen_kernel(unsigned long, int const*, int const*, unsigned long*) [clone .kd]",2,8,1958,1279882,1279882,4096,128,0,0,4,4,32,64,"0x0","0x7ed35b978940",4181362072461818,4181362072828372,4181362072834141,4181362072834302,5769
1759,"__amd_rocclr_copyBuffer.kd",2,8,1959,1279882,1279882,512,512,0,0,16,0,32,64,"0x7f13dfde8f00","0x7ed361483600",4181362072469229,4181362072834141,4181362072839749,4181362072842795,5608
1760,"__amd_rocclr_fillBufferAligned.kd",2,8,1961,1279882,1279882,256,256,0,0,12,4,48,64,"0x0","0x7ed361483580",4181362072883395,4181362072893870,4181362072896113,4181362072922503,2243
1761,"ck_fused_attn::get_runtime_max_seqlen_kernel(unsigned long, int const*, int const*, unsigned long*) [clone .kd]",2,8,1962,1279882,1279882,4096,128,0,0,4,4,32,64,"0x0","0x7ed35b978940",4181362072894812,4181362072903324,4181362072912417,4181362072932388,9093
1762,"__amd_rocclr_copyBuffer.kd",2,8,1963,1279882,1279882,512,512,0,0,16,0,32,64,"0x7f13dfde8e00","0x7ed361483600",4181362072901993,4181362072912417,4181362072917785,4181362072927571,5368
1763,"void transformer_engine::fused_attn_rocm::compute_scores_kernel<__half, transformer_engine::fused_attn_rocm::SmallSeqConfig<8, 128, 256, false, (transformer_engine::fused_attn_rocm::CausalMaskType)0>, 1>(__half const*, __half const*, __half*, float, int const*, int const*, int, int) [clone .kd]",2,8,1965,1279882,1279882,64000,64,0,0,100,4,48,64,"0x0","0x7ed33c14ec00",4181362072943444,4181362072953879,4181362072999587,4181362073001601,45708
1764,"void transformer_engine::fused_attn_rocm::apply_mask_and_softmax_kernel<__half, transformer_engine::fused_attn_rocm::SmallSeqConfig<8, 128, 256, false, (transformer_engine::fused_attn_rocm::CausalMaskType)0> >(__half*, __half const*, float, int const*, int, int) [clone .kd]",2,8,1966,1279882,1279882,512000,256,1024,0,16,0,16,64,"0x0","0x7ed33c14ec40",4181362072951506,4181362072999587,4181362073004915,4181362073016433,5328
1765,"void transformer_engine::fused_attn_rocm::compute_output_kernel<__half, transformer_engine::fused_attn_rocm::SmallSeqConfig<8, 128, 256, false, (transformer_engine::fused_attn_rocm::CausalMaskType)0>, 2, 8>(__half const*, __half const*, __half*, int const*, int const*, int, int) [clone .kd]",2,8,1967,1279882,1279882,512000,64,16384,0,20,4,32,64,"0x0","0x7ed33c14ec80",4181362072958086,4181362073004915,4181362073059356,4181362073061330,54441
1766,"loop_broadcast_fusion_5.kd",2,8,1968,1279882,1279882,2048000,256,0,0,4,4,16,64,"0x0","0x7ed35b989d80",4181362072968301,4181362073059356,4181362073067448,4181362073068030,8092
1767,"__amd_rocclr_fillBufferAligned.kd",2,8,1969,1279882,1279882,77824,256,0,0,12,4,48,64,"0x0","0x7ed361483580",4181362072981571,4181362073067448,4181362073074338,4181362073074489,6890
1768,"__amd_rocclr_fillBufferAligned.kd",2,8,1970,1279882,1279882,77824,256,0,0,12,4,48,64,"0x0","0x7ed361483580",4181362072988852,4181362073074338,4181362073096691,4181362073099206,22353
1769,"__amd_rocclr_fillBufferAligned.kd",2,8,1971,1279882,1279882,77824,256,0,0,12,4,48,64,"0x0","0x7ed361483580",4181362072995882,4181362073096691,4181362073119245,4181362073122801,22554
1770,"__amd_rocclr_fillBufferAligned.kd",2,8,1972,1279882,1279882,256,256,0,0,12,4,48,64,"0x0","0x7ed361483580",4181362073013408,4181362073119245,4181362073123972,4181362073127618,4727
1771,"ck_fused_attn::get_runtime_max_seqlen_kernel(unsigned long, int const*, int const*, unsigned long*) [clone .kd]",2,8,1973,1279882,1279882,4096,128,0,0,4,4,32,64,"0x0","0x7ed35b978940",4181362073020349,4181362073123972,4181362073130021,4181362073134098,6049
1772,"__amd_rocclr_copyBuffer.kd",2,8,1974,1279882,1279882,512,512,0,0,16,0,32,64,"0x7f13dfc73880","0x7ed361483600",4181362073029032,4181362073130021,4181362073135269,4181362073138945,5248
1773,"__amd_rocclr_fillBufferAligned.kd",2,8,1976,1279882,1279882,256,256,0,0,12,4,48,64,"0x0","0x7ed361483580",4181362073153457,4181362073167837,4181362073169760,4181362073175169,1923
1774,"ck_fused_attn::get_runtime_max_seqlen_kernel(unsigned long, int const*, int const*, unsigned long*) [clone .kd]",2,8,1977,1279882,1279882,4096,128,0,0,4,4,32,64,"0x0","0x7ed35b978940",4181362073168709,4181362073177412,4181362073183300,4181362073185204,5888
1775,"__amd_rocclr_copyBuffer.kd",2,8,1978,1279882,1279882,512,512,0,0,16,0,32,64,"0x7f13dfde8c00","0x7ed361483600",4181362073175920,4181362073191272,4181362073197962,4181362073201067,6690
1776,"void transformer_engine::fused_attn_rocm::compute_grad_v_kernel<__half, transformer_engine::fused_attn_rocm::SmallSeqConfig<8, 128, 256, false, (transformer_engine::fused_attn_rocm::CausalMaskType)0>, 16, 16>(__half const*, __half const*, __half*, int const*, int const*, int, int) [clone .kd]",2,8,1980,1279882,1279882,256000,64,16384,0,28,4,32,64,"0x0","0x7ed33c150400",4181362073216080,4181362073227526,4181362073297270,4181362073297070,69744
1777,"void transformer_engine::fused_attn_rocm::compute_grad_attn_kernel<__half, transformer_engine::fused_attn_rocm::SmallSeqConfig<8, 128, 256, false, (transformer_engine::fused_attn_rocm::CausalMaskType)0>, 16>(__half const*, __half const*, __half*, int const*, int const*, int, int) [clone .kd]",2,8,1981,1279882,1279882,8000,64,0,0,104,0,64,64,"0x0","0x7ed33c150440",4181362073225704,4181362073297270,4181362073645227,4181362073647581,347957
1778,"void transformer_engine::fused_attn_rocm::softmax_backward_kernel<__half, transformer_engine::fused_attn_rocm::SmallSeqConfig<8, 128, 256, false, (transformer_engine::fused_attn_rocm::CausalMaskType)0> >(__half const*, __half const*, __half*, float, int const*, int, int) [clone .kd]",2,8,1982,1279882,1279882,512000,256,1024,0,12,4,16,64,"0x0","0x7ed33c150480",4181362073232845,4181362073645227,4181362073651437,4181362073656445,6210
1779,"void transformer_engine::fused_attn_rocm::compute_grad_qk_kernel<__half, transformer_engine::fused_attn_rocm::SmallSeqConfig<8, 128, 256, false, (transformer_engine::fused_attn_rocm::CausalMaskType)0>, 4, 16>(__half const*, __half const*, __half const*, __half*, __half*, float, int const*, int const*, int, int) [clone .kd]",2,8,1983,1279882,1279882,1024000,64,16384,0,36,4,64,64,"0x0","0x7ed33c1504c0",4181362073240646,4181362073651437,4181362073843442,4181362073860318,192005
1780,"input_reduce_fusion.kd",2,8,1984,1279882,1279882,524288,256,512,0,16,0,16,64,"0x0","0x7ed35b989dc0",4181362073249880,4181362073843442,4181362073852976,4181362073867008,9534
1781,"input_reduce_fusion_3.kd",2,8,1985,1279882,1279882,128,128,512,0,24,0,16,64,"0x0","0x7ed35b989e00",4181362073259154,4181362073852976,4181362073859185,4181362073871585,6209
1782,"loop_convert_fusion.kd",2,8,1986,1279882,1279882,1,1,0,0,4,4,16,64,"0x0","0x7ed35b989e40",4181362073265874,4181362073859185,4181362073863432,4181362073876201,4247
1783,"input_reduce_reduce_window_fusion_3.kd",2,8,1989,1279882,1279882,8192,256,0,0,28,4,48,64,"0x0","0x7ed35b989300",4181362073391791,4181362073875570,4181362073887027,4181362073888620,11457
1784,"loop_reduce_window_fusion_11.kd",2,8,1990,1279882,1279882,2048,256,0,0,8,0,16,64,"0x0","0x7ed35b989340",4181362073401566,4181362073887027,4181362073894478,4181362073900588,7451
1785,"loop_slice_fusion_5.kd",2,8,1991,1279882,1279882,8,8,0,0,20,4,16,64,"0x0","0x7ed35b989380",4181362073409377,4181362073894478,4181362073899646,4181362073907578,5168
1786,"loop_broadcast_fusion_2.kd",2,8,1992,1279882,1279882,32000,256,0,0,4,4,16,64,"0x0","0x7ed35b9893c0",4181362073416197,4181362073899646,4181362073904653,4181362073912215,5007
1787,"input_scatter_fusion_2.kd",2,8,1993,1279882,1279882,32000,256,0,0,12,4,32,64,"0x0","0x7ed35b989400",4181362073423648,4181362073904653,4181362073912545,4181362073917122,7892
1788,"loop_reduce_window_fusion_10.kd",2,8,1994,1279882,1279882,32000,256,0,0,8,0,16,64,"0x0","0x7ed35b989440",4181362073430288,4181362073912545,4181362073917432,4181362073921559,4887
1789,"loop_reduce_window_fusion_11.kd",2,8,1995,1279882,1279882,2048,256,0,0,8,0,16,64,"0x0","0x7ed35b989340",4181362073438491,4181362073917432,4181362073922440,4181362073926286,5008
1790,"loop_slice_fusion_5.kd",2,8,1996,1279882,1279882,8,8,0,0,20,4,16,64,"0x0","0x7ed35b989380",4181362073445040,4181362073922440,4181362073927086,4181362073930632,4646
1791,"loop_slice_fusion_1.kd",2,8,1997,1279882,1279882,125,125,0,0,8,0,16,64,"0x0","0x7ed35b989480",4181362073452521,4181362073927086,4181362073931773,4181362073935460,4687
1792,"input_reduce_fusion_1.kd",2,8,1998,1279882,1279882,64,64,0,0,8,0,16,64,"0x0","0x7ed35b9894c0",4181362073459812,4181362073931773,4181362073936420,4181362073941559,4647
1793,"loop_select_fusion_5.kd",2,8,1999,1279882,1279882,32000,256,0,0,8,0,32,64,"0x0","0x7ed35b989500",4181362073467313,4181362073936420,4181362073941348,4181362073946406,4928
1794,"loop_select_fusion_2.kd",2,8,2000,1279882,1279882,32000,256,0,0,4,4,16,64,"0x0","0x7ed35b989540",4181362073474264,4181362073941348,4181362073946115,4181362073951073,4767
1795,"loop_reduce_window_fusion_10.kd",2,8,2001,1279882,1279882,32000,256,0,0,8,0,16,64,"0x0","0x7ed35b989440",4181362073481084,4181362073946115,4181362073950842,4181362073955950,4727
1796,"loop_reduce_window_fusion_11.kd",2,8,2002,1279882,1279882,2048,256,0,0,8,0,16,64,"0x0","0x7ed35b989340",4181362073487844,4181362073950842,4181362073955689,4181362073960437,4847
1797,"loop_slice_fusion_5.kd",2,8,2003,1279882,1279882,8,8,0,0,20,4,16,64,"0x0","0x7ed35b989380",4181362073494975,4181362073955689,4181362073960416,4181362073965034,4727
1798,"input_concatenate_fusion.kd",2,8,2004,1279882,1279882,32000,256,0,0,12,4,32,64,"0x0","0x7ed35b989580",4181362073501464,4181362073960416,4181362073965624,4181362073971203,5208
1799,"loop_compare_fusion.kd",2,8,2005,1279882,1279882,36096,256,0,0,4,4,16,64,"0x0","0x7ed35b9895c0",4181362073508825,4181362073965624,4181362073970591,4181362073976971,4967
1800,"input_reduce_reduce_window_fusion.kd",2,8,2006,1279882,1279882,11520,256,0,0,24,0,48,64,"0x0","0x7ed35b989600",4181362073515876,4181362073970591,4181362073979124,4181362073981979,8533
1801,"loop_reduce_window_fusion_2.kd",2,8,2007,1279882,1279882,2304,256,0,0,8,0,16,64,"0x0","0x7ed35b989640",4181362073523106,4181362073979124,4181362073984011,4181362073987106,4887
1802,"loop_slice_fusion_8.kd",2,8,2008,1279882,1279882,9,9,0,0,20,4,16,64,"0x0","0x7ed35b989680",4181362073530017,4181362073984011,4181362073988738,4181362073992034,4727
1803,"loop_broadcast_fusion.kd",2,8,2009,1279882,1279882,36096,256,0,0,4,4,16,64,"0x0","0x7ed35b9896c0",4181362073537618,4181362073988738,4181362073993665,4181362073996761,4927
1804,"input_scatter_fusion.kd",2,8,2010,1279882,1279882,36096,256,0,0,12,4,32,64,"0x0","0x7ed35b989700",4181362073545900,4181362073993665,4181362074000636,4181362074001267,6971
1805,"loop_reduce_window_fusion_1.kd",2,8,2011,1279882,1279882,36096,256,0,0,8,0,16,64,"0x0","0x7ed35b989740",4181362073552951,4181362074000636,4181362074005483,4181362074005414,4847
1806,"loop_reduce_window_fusion_2.kd",2,8,2012,1279882,1279882,2304,256,0,0,8,0,16,64,"0x0","0x7ed35b989640",4181362073559410,4181362074005483,4181362074010450,4181362074013836,4967
1807,"loop_slice_fusion_8.kd",2,8,2013,1279882,1279882,9,9,0,0,20,4,16,64,"0x0","0x7ed35b989680",4181362073565730,4181362074010450,4181362074015338,4181362074018383,4888
1808,"loop_slice_fusion.kd",2,8,2014,1279882,1279882,141,141,0,0,8,0,16,64,"0x0","0x7ed35b989780",4181362073573301,4181362074015338,4181362074020025,4181362074029069,4687
1809,"input_reduce_fusion_2.kd",2,8,2015,1279882,1279882,64,64,0,0,8,0,16,64,"0x0","0x7ed35b9897c0",4181362073580011,4181362074020025,4181362074024752,4181362074024622,4727
1810,"loop_select_fusion_4.kd",2,8,2016,1279882,1279882,36096,256,0,0,8,0,32,64,"0x0","0x7ed35b989800",4181362073587102,4181362074024752,4181362074029599,4181362074034847,4847
1811,"loop_select_fusion.kd",2,8,2017,1279882,1279882,36096,256,0,0,8,0,16,64,"0x0","0x7ed35b989840",4181362073595324,4181362074029599,4181362074034566,4181362074039745,4967
1812,"loop_compare_fusion_2.kd",2,8,2018,1279882,1279882,4096,256,0,0,4,4,16,64,"0x0","0x7ed35b989880",4181362073603796,4181362074034566,4181362074039333,4181362074044502,4767
1813,"input_reduce_reduce_window_fusion_2.kd",2,8,2019,1279882,1279882,256,256,512,0,20,4,32,64,"0x0","0x7ed35b9898c0",4181362073611478,4181362074039333,4181362074055558,4181362074063901,16225
1814,"loop_slice_fusion_3.kd",2,8,2020,1279882,1279882,16,16,0,0,20,4,16,64,"0x0","0x7ed35b989900",4181362073618739,4181362074055558,4181362074060245,4181362074068978,4687
1815,"loop_broadcast_fusion_3.kd",2,8,2021,1279882,1279882,4096,256,0,0,4,4,16,64,"0x0","0x7ed35b989940",4181362073627361,4181362074060245,4181362074065052,4181362074073885,4807
1816,"input_scatter_fusion_3.kd",2,8,2022,1279882,1279882,4096,256,0,0,8,0,32,64,"0x0","0x7ed35b989980",4181362073634562,4181362074065052,4181362074070900,4181362074083630,5848
1817,"loop_reduce_window_fusion_13.kd",2,8,2023,1279882,1279882,4096,256,0,0,8,0,16,64,"0x0","0x7ed35b9899c0",4181362073640671,4181362074070900,4181362074075667,4181362074078572,4767
1818,"loop_slice_fusion_3.kd",2,8,2024,1279882,1279882,16,16,0,0,20,4,16,64,"0x0","0x7ed35b989900",4181362073647561,4181362074075667,4181362074080555,4181362074090400,4888
1819,"loop_remainder_fusion.kd",2,8,2025,1279882,1279882,4096,256,0,0,12,4,16,64,"0x0","0x7ed35b989a00",4181362073671557,4181362074080555,4181362074085923,4181362074104321,5368
1820,"loop_select_fusion_3.kd",2,8,2026,1279882,1279882,4096,256,0,0,8,0,32,64,"0x0","0x7ed35b989a40",4181362073680310,4181362074085923,4181362074090730,4181362074108847,4807
1821,"loop_reduce_window_fusion_13.kd",2,8,2027,1279882,1279882,4096,256,0,0,8,0,16,64,"0x0","0x7ed35b9899c0",4181362073687271,4181362074090730,4181362074095417,4181362074095307,4687
1822,"loop_slice_fusion_3.kd",2,8,2028,1279882,1279882,16,16,0,0,20,4,16,64,"0x0","0x7ed35b989900",4181362073694261,4181362074095417,4181362074100064,4181362074099674,4647
1823,"input_concatenate_fusion_1.kd",2,8,2029,1279882,1279882,4096,256,0,0,8,0,32,64,"0x0","0x7ed35b989a80",4181362073700350,4181362074100064,4181362074105352,4181362074120935,5288
1824,"loop_compare_fusion_1.kd",2,8,2030,1279882,1279882,8192,256,0,0,4,4,16,64,"0x0","0x7ed35b989ac0",4181362073708502,4181362074105352,4181362074110239,4181362074125222,4887
1825,"input_reduce_reduce_window_fusion_1.kd",2,8,2031,1279882,1279882,512,512,512,0,20,4,48,64,"0x0","0x7ed35b989b00",4181362073716143,4181362074110239,4181362074128145,4181362074129839,17906
1826,"loop_reduce_window_fusion_6.kd",2,8,2032,1279882,1279882,32,32,0,0,32,0,16,64,"0x0","0x7ed35b989b40",4181362073723084,4181362074128145,4181362074139482,4181362074146554,11337
1827,"loop_broadcast_fusion_1.kd",2,8,2033,1279882,1279882,8192,256,0,0,4,4,16,64,"0x0","0x7ed35b989b80",4181362073731416,4181362074139482,4181362074144610,4181362074151281,5128
1828,"input_scatter_fusion_1.kd",2,8,2034,1279882,1279882,8192,256,0,0,8,0,32,64,"0x0","0x7ed35b989bc0",4181362073739007,4181362074144610,4181362074149698,4181362074156078,5088
1829,"loop_reduce_window_fusion_5.kd",2,8,2035,1279882,1279882,8192,256,0,0,8,0,16,64,"0x0","0x7ed35b989c00",4181362073745517,4181362074149698,4181362074154785,4181362074163168,5087
1830,"loop_reduce_window_fusion_4.kd",2,8,2036,1279882,1279882,512,256,0,0,8,0,16,64,"0x0","0x7ed35b989c40",4181362073752387,4181362074154785,4181362074159712,4181362074167675,4927
1831,"loop_reduce_window_fusion_3.kd",2,8,2037,1279882,1279882,32,32,0,0,8,0,16,64,"0x0","0x7ed35b989c80",4181362073759238,4181362074159712,4181362074164480,4181362074172061,4768
1832,"loop_select_fusion_6.kd",2,8,2038,1279882,1279882,8192,256,0,0,8,0,32,64,"0x0","0x7ed35b989cc0",4181362073766218,4181362074164480,4181362074169367,4181362074179062,4887
1833,"loop_select_fusion_1.kd",2,8,2039,1279882,1279882,8192,256,0,0,8,0,16,64,"0x0","0x7ed35b989d00",4181362073773939,4181362074169367,4181362074174374,4181362074188085,5007
1834,"loop_broadcast_fusion_4.kd",2,8,2040,1279882,1279882,16,16,0,0,4,4,16,64,"0x0","0x7ed35b989d40",4181362073781831,4181362074174374,4181362074179302,4181362074183478,4928
1835,"__amd_rocclr_fillBufferAligned.kd",2,8,2041,1279882,1279882,77824,256,0,0,12,4,48,64,"0x0","0x7ed361483580",4181362073792888,4181362074179302,4181362074192722,4181362074194124,13420
1836,"__amd_rocclr_fillBufferAligned.kd",2,8,2042,1279882,1279882,16128,256,0,0,12,4,48,64,"0x0","0x7ed361483580",4181362073799808,4181362074192722,4181362074197769,4181362074200624,5047
1837,"transformer_engine::fused_attn_rocm::populate_rng_state_kernel(long*, long const*, long) [clone .kd]",2,8,2043,1279882,1279882,1,1,0,0,8,0,16,64,"0x0","0x7ed35b9ad380",4181362073809182,4181362074197769,4181362074202616,4181362074205491,4847
1838,"__amd_rocclr_fillBufferAligned.kd",2,8,2044,1279882,1279882,256,256,0,0,12,4,48,64,"0x0","0x7ed361483580",4181362073818416,4181362074202616,4181362074207383,4181362074210058,4767
1839,"ck_fused_attn::get_runtime_max_seqlen_kernel(unsigned long, int const*, int const*, unsigned long*) [clone .kd]",2,8,2045,1279882,1279882,4096,128,0,0,4,4,32,64,"0x0","0x7ed35b978940",4181362073824615,4181362074207383,4181362074213152,4181362074216067,5769
1840,"__amd_rocclr_copyBuffer.kd",2,8,2046,1279882,1279882,512,512,0,0,16,0,32,64,"0x7f13dfc73480","0x7ed361483600",4181362073834439,4181362074213152,4181362074218600,4181362074220564,5448
1841,"__amd_rocclr_fillBufferAligned.kd",2,8,2048,1279882,1279882,256,256,0,0,12,4,48,64,"0x0","0x7ed361483580",4181362074259732,4181362074271999,4181362074274002,4181362074303026,2003
1842,"ck_fused_attn::get_runtime_max_seqlen_kernel(unsigned long, int const*, int const*, unsigned long*) [clone .kd]",2,8,2049,1279882,1279882,4096,128,0,0,4,4,32,64,"0x0","0x7ed35b978940",4181362074269857,4181362074278129,4181362074283977,4181362074313201,5848
1843,"__amd_rocclr_copyBuffer.kd",2,8,2050,1279882,1279882,512,512,0,0,16,0,32,64,"0x7f13dfde8900","0x7ed361483600",4181362074277168,4181362074288865,4181362074294313,4181362074308144,5448
1844,"void transformer_engine::fused_attn_rocm::compute_scores_kernel<__half, transformer_engine::fused_attn_rocm::SmallSeqConfig<8, 128, 256, false, (transformer_engine::fused_attn_rocm::CausalMaskType)0>, 1>(__half const*, __half const*, __half*, float, int const*, int const*, int, int) [clone .kd]",2,8,2052,1279882,1279882,64000,64,0,0,100,4,48,64,"0x0","0x7ed33c14ec00",4181362074324538,4181362074334572,4181362074375193,4181362074376115,40621
1845,"void transformer_engine::fused_attn_rocm::apply_mask_and_softmax_kernel<__half, transformer_engine::fused_attn_rocm::SmallSeqConfig<8, 128, 256, false, (transformer_engine::fused_attn_rocm::CausalMaskType)0> >(__half*, __half const*, float, int const*, int, int) [clone .kd]",2,8,2053,1279882,1279882,512000,256,1024,0,16,0,16,64,"0x0","0x7ed33c14ec40",4181362074333712,4181362074375193,4181362074380521,4181362074384087,5328
1846,"void transformer_engine::fused_attn_rocm::compute_output_kernel<__half, transformer_engine::fused_attn_rocm::SmallSeqConfig<8, 128, 256, false, (transformer_engine::fused_attn_rocm::CausalMaskType)0>, 2, 8>(__half const*, __half const*, __half*, int const*, int const*, int, int) [clone .kd]",2,8,2054,1279882,1279882,512000,64,16384,0,20,4,32,64,"0x0","0x7ed33c14ec80",4181362074340232,4181362074380521,4181362074436564,4181362074438117,56043
1847,"loop_broadcast_fusion_5.kd",2,8,2055,1279882,1279882,2048000,256,0,0,4,4,16,64,"0x0","0x7ed35b989d80",4181362074349535,4181362074436564,4181362074444696,4181362074446760,8132
1848,"__amd_rocclr_fillBufferAligned.kd",2,8,2056,1279882,1279882,77824,256,0,0,12,4,48,64,"0x0","0x7ed361483580",4181362074369515,4181362074444696,4181362074451587,4181362074451657,6891
1849,"__amd_rocclr_fillBufferAligned.kd",2,8,2057,1279882,1279882,77824,256,0,0,12,4,48,64,"0x0","0x7ed361483580",4181362074377397,4181362074451587,4181362074474260,4181362074476745,22673
1850,"__amd_rocclr_fillBufferAligned.kd",2,8,2058,1279882,1279882,77824,256,0,0,12,4,48,64,"0x0","0x7ed361483580",4181362074400621,4181362074474260,4181362074497174,4181362074499999,22914
1851,"__amd_rocclr_fillBufferAligned.kd",2,8,2059,1279882,1279882,256,256,0,0,12,4,48,64,"0x0","0x7ed361483580",4181362074407902,4181362074497174,4181362074502062,4181362074506659,4888
1852,"ck_fused_attn::get_runtime_max_seqlen_kernel(unsigned long, int const*, int const*, unsigned long*) [clone .kd]",2,8,2060,1279882,1279882,4096,128,0,0,4,4,32,64,"0x0","0x7ed35b978940",4181362074414432,4181362074502062,4181362074508071,4181362074513499,6009
1853,"__amd_rocclr_copyBuffer.kd",2,8,2061,1279882,1279882,512,512,0,0,16,0,32,64,"0x7f13dfde8800","0x7ed361483600",4181362074423265,4181362074508071,4181362074513599,4181362074518376,5528
1854,"__amd_rocclr_fillBufferAligned.kd",2,8,2063,1279882,1279882,256,256,0,0,12,4,48,64,"0x0","0x7ed361483580",4181362074536734,4181362074550093,4181362074552296,4181362074557475,2203
1855,"ck_fused_attn::get_runtime_max_seqlen_kernel(unsigned long, int const*, int const*, unsigned long*) [clone .kd]",2,8,2064,1279882,1279882,4096,128,0,0,4,4,32,64,"0x0","0x7ed35b978940",4181362074549443,4181362074558225,4181362074564274,4181362074567790,6049
1856,"__amd_rocclr_copyBuffer.kd",2,8,2065,1279882,1279882,512,512,0,0,16,0,32,64,"0x7f13dfde8700","0x7ed361483600",4181362074557134,4181362074572566,4181362074578736,4181362074583203,6170
1857,"void transformer_engine::fused_attn_rocm::compute_grad_v_kernel<__half, transformer_engine::fused_attn_rocm::SmallSeqConfig<8, 128, 256, false, (transformer_engine::fused_attn_rocm::CausalMaskType)0>, 16, 16>(__half const*, __half const*, __half*, int const*, int const*, int, int) [clone .kd]",2,8,2067,1279882,1279882,256000,64,16384,0,28,4,32,64,"0x0","0x7ed33c150400",4181362074598255,4181362074609101,4181362074676681,4181362074678364,67580
1858,"void transformer_engine::fused_attn_rocm::compute_grad_attn_kernel<__half, transformer_engine::fused_attn_rocm::SmallSeqConfig<8, 128, 256, false, (transformer_engine::fused_attn_rocm::CausalMaskType)0>, 16>(__half const*, __half const*, __half*, int const*, int const*, int, int) [clone .kd]",2,8,2068,1279882,1279882,8000,64,0,0,104,0,64,64,"0x0","0x7ed33c150440",4181362074608100,4181362074676681,4181362075025680,4181362075038089,348999
1859,"void transformer_engine::fused_attn_rocm::softmax_backward_kernel<__half, transformer_engine::fused_attn_rocm::SmallSeqConfig<8, 128, 256, false, (transformer_engine::fused_attn_rocm::CausalMaskType)0> >(__half const*, __half const*, __half*, float, int const*, int, int) [clone .kd]",2,8,2069,1279882,1279882,512000,256,1024,0,12,4,16,64,"0x0","0x7ed33c150480",4181362074615110,4181362075025680,4181362075032170,4181362075046963,6490
1860,"void transformer_engine::fused_attn_rocm::compute_grad_qk_kernel<__half, transformer_engine::fused_attn_rocm::SmallSeqConfig<8, 128, 256, false, (transformer_engine::fused_attn_rocm::CausalMaskType)0>, 4, 16>(__half const*, __half const*, __half const*, __half*, __half*, float, int const*, int const*, int, int) [clone .kd]",2,8,2070,1279882,1279882,1024000,64,16384,0,36,4,64,64,"0x0","0x7ed33c1504c0",4181362074624815,4181362075032170,4181362075220410,4181362075226940,188240
1861,"input_reduce_fusion.kd",2,8,2071,1279882,1279882,524288,256,512,0,16,0,16,64,"0x0","0x7ed35b989dc0",4181362074632696,4181362075220410,4181362075231587,4181362075233941,11177
1862,"input_reduce_fusion_3.kd",2,8,2072,1279882,1279882,128,128,512,0,24,0,16,64,"0x0","0x7ed35b989e00",4181362074639316,4181362075231587,4181362075236474,4181362075238708,4887
1863,"loop_convert_fusion.kd",2,8,2073,1279882,1279882,1,1,0,0,4,4,16,64,"0x0","0x7ed35b989e40",4181362074647659,4181362075236474,4181362075240920,4181362075243765,4446
1864,"input_reduce_reduce_window_fusion_3.kd",2,8,2076,1279882,1279882,8192,256,0,0,28,4,48,64,"0x0","0x7ed35b989300",4181362074774668,4181362075251977,4181362075263474,4181362075273079,11497
1865,"loop_reduce_window_fusion_11.kd",2,8,2077,1279882,1279882,2048,256,0,0,8,0,16,64,"0x0","0x7ed35b989340",4181362074784442,4181362075263474,4181362075271125,4181362075277676,7651
1866,"loop_slice_fusion_5.kd",2,8,2078,1279882,1279882,8,8,0,0,20,4,16,64,"0x0","0x7ed35b989380",4181362074791392,4181362075271125,4181362075276333,4181362075284626,5208
1867,"loop_broadcast_fusion_2.kd",2,8,2079,1279882,1279882,32000,256,0,0,4,4,16,64,"0x0","0x7ed35b9893c0",4181362074798733,4181362075276333,4181362075281821,4181362075289623,5488
1868,"input_scatter_fusion_2.kd",2,8,2080,1279882,1279882,32000,256,0,0,12,4,32,64,"0x0","0x7ed35b989400",4181362074806345,4181362075281821,4181362075288872,4181362075294401,7051
1869,"loop_reduce_window_fusion_10.kd",2,8,2081,1279882,1279882,32000,256,0,0,8,0,16,64,"0x0","0x7ed35b989440",4181362074814697,4181362075288872,4181362075293719,4181362075298897,4847
1870,"loop_reduce_window_fusion_11.kd",2,8,2082,1279882,1279882,2048,256,0,0,8,0,16,64,"0x0","0x7ed35b989340",4181362074822519,4181362075293719,4181362075298646,4181362075303534,4927
1871,"loop_slice_fusion_5.kd",2,8,2083,1279882,1279882,8,8,0,0,20,4,16,64,"0x0","0x7ed35b989380",4181362074829850,4181362075298646,4181362075303373,4181362075308451,4727
1872,"loop_slice_fusion_1.kd",2,8,2084,1279882,1279882,125,125,0,0,8,0,16,64,"0x0","0x7ed35b989480",4181362074837321,4181362075303373,4181362075308020,4181362075313569,4647
1873,"input_reduce_fusion_1.kd",2,8,2085,1279882,1279882,64,64,0,0,8,0,16,64,"0x0","0x7ed35b9894c0",4181362074844171,4181362075308020,4181362075312667,4181362075318046,4647
1874,"loop_select_fusion_5.kd",2,8,2086,1279882,1279882,32000,256,0,0,8,0,32,64,"0x0","0x7ed35b989500",4181362074852043,4181362075312667,4181362075317635,4181362075322763,4968
1875,"loop_select_fusion_2.kd",2,8,2087,1279882,1279882,32000,256,0,0,4,4,16,64,"0x0","0x7ed35b989540",4181362074859524,4181362075317635,4181362075322442,4181362075327550,4807
1876,"loop_reduce_window_fusion_10.kd",2,8,2088,1279882,1279882,32000,256,0,0,8,0,16,64,"0x0","0x7ed35b989440",4181362074866274,4181362075322442,4181362075327169,4181362075332297,4727
1877,"loop_reduce_window_fusion_11.kd",2,8,2089,1279882,1279882,2048,256,0,0,8,0,16,64,"0x0","0x7ed35b989340",4181362074873144,4181362075327169,4181362075332096,4181362075337014,4927
1878,"loop_slice_fusion_5.kd",2,8,2090,1279882,1279882,8,8,0,0,20,4,16,64,"0x0","0x7ed35b989380",4181362074880375,4181362075332096,4181362075336823,4181362075343163,4727
1879,"input_concatenate_fusion.kd",2,8,2091,1279882,1279882,32000,256,0,0,12,4,32,64,"0x0","0x7ed35b989580",4181362074887966,4181362075336823,4181362075342031,4181362075347790,5208
1880,"loop_compare_fusion.kd",2,8,2092,1279882,1279882,36096,256,0,0,4,4,16,64,"0x0","0x7ed35b9895c0",4181362074895147,4181362075342031,4181362075346918,4181362075352166,4887
1881,"input_reduce_reduce_window_fusion.kd",2,8,2093,1279882,1279882,11520,256,0,0,24,0,48,64,"0x0","0x7ed35b989600",4181362074902147,4181362075346918,4181362075355371,4181362075356964,8453
1882,"loop_reduce_window_fusion_2.kd",2,8,2094,1279882,1279882,2304,256,0,0,8,0,16,64,"0x0","0x7ed35b989640",4181362074909158,4181362075355371,4181362075360218,4181362075361530,4847
1883,"loop_slice_fusion_8.kd",2,8,2095,1279882,1279882,9,9,0,0,20,4,16,64,"0x0","0x7ed35b989680",4181362074915948,4181362075360218,4181362075364945,4181362075365927,4727
1884,"loop_broadcast_fusion.kd",2,8,2096,1279882,1279882,36096,256,0,0,4,4,16,64,"0x0","0x7ed35b9896c0",4181362074923289,4181362075364945,4181362075369912,4181362075370584,4967
1885,"input_scatter_fusion.kd",2,8,2097,1279882,1279882,36096,256,0,0,12,4,32,64,"0x0","0x7ed35b989700",4181362074931190,4181362075369912,4181362075377123,4181362075378966,7211
1886,"loop_reduce_window_fusion_1.kd",2,8,2098,1279882,1279882,36096,256,0,0,8,0,16,64,"0x0","0x7ed35b989740",4181362074939973,4181362075377123,4181362075382090,4181362075383333,4967
1887,"loop_reduce_window_fusion_2.kd",2,8,2099,1279882,1279882,2304,256,0,0,8,0,16,64,"0x0","0x7ed35b989640",4181362074946243,4181362075382090,4181362075387018,4181362075387619,4928
1888,"loop_slice_fusion_8.kd",2,8,2100,1279882,1279882,9,9,0,0,20,4,16,64,"0x0","0x7ed35b989680",4181362074953213,4181362075387018,4181362075391625,4181362075391956,4607
1889,"loop_slice_fusion.kd",2,8,2101,1279882,1279882,141,141,0,0,8,0,16,64,"0x0","0x7ed35b989780",4181362074960013,4181362075391625,4181362075396312,4181362075399216,4687
1890,"input_reduce_fusion_2.kd",2,8,2102,1279882,1279882,64,64,0,0,8,0,16,64,"0x0","0x7ed35b9897c0",4181362074967284,4181362075396312,4181362075401039,4181362075411905,4727
1891,"loop_select_fusion_4.kd",2,8,2103,1279882,1279882,36096,256,0,0,8,0,32,64,"0x0","0x7ed35b989800",4181362074974585,4181362075401039,4181362075405926,4181362075406287,4887
1892,"loop_select_fusion.kd",2,8,2104,1279882,1279882,36096,256,0,0,8,0,16,64,"0x0","0x7ed35b989840",4181362074981125,4181362075405926,4181362075410853,4181362075419446,4927
1893,"loop_compare_fusion_2.kd",2,8,2105,1279882,1279882,4096,256,0,0,4,4,16,64,"0x0","0x7ed35b989880",4181362074988496,4181362075410853,4181362075415700,4181362075424504,4847
1894,"input_reduce_reduce_window_fusion_2.kd",2,8,2106,1279882,1279882,256,256,512,0,20,4,32,64,"0x0","0x7ed35b9898c0",4181362074996437,4181362075415700,4181362075432285,4181362075443903,16585
1895,"loop_slice_fusion_3.kd",2,8,2107,1279882,1279882,16,16,0,0,20,4,16,64,"0x0","0x7ed35b989900",4181362075003147,4181362075432285,4181362075437012,4181362075448650,4727
1896,"loop_broadcast_fusion_3.kd",2,8,2108,1279882,1279882,4096,256,0,0,4,4,16,64,"0x0","0x7ed35b989940",4181362075010468,4181362075437012,4181362075441899,4181362075466496,4887
1897,"input_scatter_fusion_3.kd",2,8,2109,1279882,1279882,4096,256,0,0,8,0,32,64,"0x0","0x7ed35b989980",4181362075016617,4181362075441899,4181362075448069,4181362075461970,6170
1898,"loop_reduce_window_fusion_13.kd",2,8,2110,1279882,1279882,4096,256,0,0,8,0,16,64,"0x0","0x7ed35b9899c0",4181362075024719,4181362075448069,4181362075452836,4181362075453497,4767
1899,"loop_slice_fusion_3.kd",2,8,2111,1279882,1279882,16,16,0,0,20,4,16,64,"0x0","0x7ed35b989900",4181362075031540,4181362075452836,4181362075457523,4181362075457814,4687
1900,"loop_remainder_fusion.kd",2,8,2112,1279882,1279882,4096,256,0,0,12,4,16,64,"0x0","0x7ed35b989a00",4181362075037769,4181362075457523,4181362075462931,4181362075473587,5408
1901,"loop_select_fusion_3.kd",2,8,2113,1279882,1279882,4096,256,0,0,8,0,32,64,"0x0","0x7ed35b989a40",4181362075063237,4181362075462931,4181362075467658,4181362075494809,4727
1902,"loop_reduce_window_fusion_13.kd",2,8,2114,1279882,1279882,4096,256,0,0,8,0,16,64,"0x0","0x7ed35b9899c0",4181362075070718,4181362075467658,4181362075472385,4181362075498794,4727
1903,"loop_slice_fusion_3.kd",2,8,2115,1279882,1279882,16,16,0,0,20,4,16,64,"0x0","0x7ed35b989900",4181362075076677,4181362075472385,4181362075477072,4181362075478584,4687
1904,"input_concatenate_fusion_1.kd",2,8,2116,1279882,1279882,4096,256,0,0,8,0,32,64,"0x0","0x7ed35b989a80",4181362075083877,4181362075477072,4181362075482440,4181362075483512,5368
1905,"loop_compare_fusion_1.kd",2,8,2117,1279882,1279882,8192,256,0,0,4,4,16,64,"0x0","0x7ed35b989ac0",4181362075091569,4181362075482440,4181362075487407,4181362075490262,4967
1906,"input_reduce_reduce_window_fusion_1.kd",2,8,2118,1279882,1279882,512,512,512,0,20,4,48,64,"0x0","0x7ed35b989b00",4181362075098299,4181362075487407,4181362075503631,4181362075505314,16224
1907,"loop_reduce_window_fusion_6.kd",2,8,2119,1279882,1279882,32,32,0,0,32,0,16,64,"0x0","0x7ed35b989b40",4181362075106361,4181362075503631,4181362075514127,4181362075522910,10496
1908,"loop_broadcast_fusion_1.kd",2,8,2120,1279882,1279882,8192,256,0,0,4,4,16,64,"0x0","0x7ed35b989b80",4181362075113522,4181362075514127,4181362075519134,4181362075527908,5007
1909,"input_scatter_fusion_1.kd",2,8,2121,1279882,1279882,8192,256,0,0,8,0,32,64,"0x0","0x7ed35b989bc0",4181362075119971,4181362075519134,4181362075524262,4181362075534698,5128
1910,"loop_reduce_window_fusion_5.kd",2,8,2122,1279882,1279882,8192,256,0,0,8,0,16,64,"0x0","0x7ed35b989c00",4181362075126891,4181362075524262,4181362075529229,4181362075552214,4967
1911,"loop_reduce_window_fusion_4.kd",2,8,2123,1279882,1279882,512,256,0,0,8,0,16,64,"0x0","0x7ed35b989c40",4181362075133762,4181362075529229,4181362075534076,4181362075556631,4847
1912,"loop_reduce_window_fusion_3.kd",2,8,2124,1279882,1279882,32,32,0,0,8,0,16,64,"0x0","0x7ed35b989c80",4181362075139991,4181362075534076,4181362075538803,4181362075539455,4727
1913,"loop_select_fusion_6.kd",2,8,2125,1279882,1279882,8192,256,0,0,8,0,32,64,"0x0","0x7ed35b989cc0",4181362075147362,4181362075538803,4181362075543771,4181362075544132,4968
1914,"loop_select_fusion_1.kd",2,8,2126,1279882,1279882,8192,256,0,0,8,0,16,64,"0x0","0x7ed35b989d00",4181362075155153,4181362075543771,4181362075548698,4181362075548468,4927
1915,"loop_broadcast_fusion_4.kd",2,8,2127,1279882,1279882,16,16,0,0,4,4,16,64,"0x0","0x7ed35b989d40",4181362075161914,4181362075548698,4181362075553545,4181362075562920,4847
1916,"__amd_rocclr_fillBufferAligned.kd",2,8,2128,1279882,1279882,77824,256,0,0,12,4,48,64,"0x0","0x7ed361483580",4181362075173180,4181362075553545,4181362075567286,4181362075568969,13741
1917,"__amd_rocclr_fillBufferAligned.kd",2,8,2129,1279882,1279882,16128,256,0,0,12,4,48,64,"0x0","0x7ed361483580",4181362075179339,4181362075567286,4181362075572293,4181362075575118,5007
1918,"transformer_engine::fused_attn_rocm::populate_rng_state_kernel(long*, long const*, long) [clone .kd]",2,8,2130,1279882,1279882,1,1,0,0,8,0,16,64,"0x0","0x7ed35b9ad380",4181362075187692,4181362075572293,4181362075577181,4181362075580095,4888
1919,"__amd_rocclr_fillBufferAligned.kd",2,8,2131,1279882,1279882,256,256,0,0,12,4,48,64,"0x0","0x7ed361483580",4181362075197677,4181362075577181,4181362075581948,4181362075585954,4767
1920,"ck_fused_attn::get_runtime_max_seqlen_kernel(unsigned long, int const*, int const*, unsigned long*) [clone .kd]",2,8,2132,1279882,1279882,4096,128,0,0,4,4,32,64,"0x0","0x7ed35b978940",4181362075203626,4181362075581948,4181362075587796,4181362075590691,5848
1921,"__amd_rocclr_copyBuffer.kd",2,8,2133,1279882,1279882,512,512,0,0,16,0,32,64,"0x7f13dfde8500","0x7ed361483600",4181362075212338,4181362075587796,4181362075593325,4181362075596870,5529
1922,"__amd_rocclr_fillBufferAligned.kd",2,8,2135,1279882,1279882,256,256,0,0,12,4,48,64,"0x0","0x7ed361483580",4181362075637821,4181362075648286,4181362075650369,4181362075675347,2083
1923,"ck_fused_attn::get_runtime_max_seqlen_kernel(unsigned long, int const*, int const*, unsigned long*) [clone .kd]",2,8,2136,1279882,1279882,4096,128,0,0,4,4,32,64,"0x0","0x7ed35b978940",4181362075648537,4181362075656258,4181362075661987,4181362075685712,5729
1924,"__amd_rocclr_copyBuffer.kd",2,8,2137,1279882,1279882,512,512,0,0,16,0,32,64,"0x7f13dfde8400","0x7ed361483600",4181362075655818,4181362075666914,4181362075671240,4181362075680735,4326
1925,"void transformer_engine::fused_attn_rocm::compute_scores_kernel<__half, transformer_engine::fused_attn_rocm::SmallSeqConfig<8, 128, 256, false, (transformer_engine::fused_attn_rocm::CausalMaskType)0>, 1>(__half const*, __half const*, __half*, float, int const*, int const*, int, int) [clone .kd]",2,8,2139,1279882,1279882,64000,64,0,0,100,4,48,64,"0x0","0x7ed33c14ec00",4181362075697650,4181362075707494,4181362075750358,4181362075750018,42864
1926,"void transformer_engine::fused_attn_rocm::apply_mask_and_softmax_kernel<__half, transformer_engine::fused_attn_rocm::SmallSeqConfig<8, 128, 256, false, (transformer_engine::fused_attn_rocm::CausalMaskType)0> >(__half*, __half const*, float, int const*, int, int) [clone .kd]",2,8,2140,1279882,1279882,512000,256,1024,0,16,0,16,64,"0x0","0x7ed33c14ec40",4181362075705091,4181362075750358,4181362075755686,4181362075757229,5328
1927,"void transformer_engine::fused_attn_rocm::compute_output_kernel<__half, transformer_engine::fused_attn_rocm::SmallSeqConfig<8, 128, 256, false, (transformer_engine::fused_attn_rocm::CausalMaskType)0>, 2, 8>(__half const*, __half const*, __half*, int const*, int const*, int, int) [clone .kd]",2,8,2141,1279882,1279882,512000,64,16384,0,20,4,32,64,"0x0","0x7ed33c14ec80",4181362075712312,4181362075755686,4181362075809486,4181362075824078,53800
1928,"loop_broadcast_fusion_5.kd",2,8,2142,1279882,1279882,2048000,256,0,0,4,4,16,64,"0x0","0x7ed35b989d80",4181362075728206,4181362075809486,4181362075817618,4181362075817939,8132
1929,"__amd_rocclr_fillBufferAligned.kd",2,8,2143,1279882,1279882,77824,256,0,0,12,4,48,64,"0x0","0x7ed361483580",4181362075743879,4181362075817618,4181362075824428,4181362075831359,6810
1930,"__amd_rocclr_fillBufferAligned.kd",2,8,2144,1279882,1279882,77824,256,0,0,12,4,48,64,"0x0","0x7ed361483580",4181362075750309,4181362075824428,4181362075847102,4181362075847183,22674
1931,"__amd_rocclr_fillBufferAligned.kd",2,8,2145,1279882,1279882,77824,256,0,0,12,4,48,64,"0x0","0x7ed361483580",4181362075774364,4181362075847102,4181362075870096,4181362075871198,22994
1932,"__amd_rocclr_fillBufferAligned.kd",2,8,2146,1279882,1279882,256,256,0,0,12,4,48,64,"0x0","0x7ed361483580",4181362075782476,4181362075870096,4181362075874823,4181362075877388,4727
1933,"ck_fused_attn::get_runtime_max_seqlen_kernel(unsigned long, int const*, int const*, unsigned long*) [clone .kd]",2,8,2147,1279882,1279882,4096,128,0,0,4,4,32,64,"0x0","0x7ed35b978940",4181362075789016,4181362075874823,4181362075880872,4181362075882415,6049
1934,"__amd_rocclr_copyBuffer.kd",2,8,2148,1279882,1279882,512,512,0,0,16,0,32,64,"0x7f13dfde8300","0x7ed361483600",4181362075796137,4181362075880872,4181362075886961,4181362075887042,6089
1935,"__amd_rocclr_fillBufferAligned.kd",2,8,2150,1279882,1279882,256,256,0,0,12,4,48,64,"0x0","0x7ed361483580",4181362075904658,4181362075919410,4181362075921453,4181362075923306,2043
1936,"ck_fused_attn::get_runtime_max_seqlen_kernel(unsigned long, int const*, int const*, unsigned long*) [clone .kd]",2,8,2151,1279882,1279882,4096,128,0,0,4,4,32,64,"0x0","0x7ed35b978940",4181362075918749,4181362075927782,4181362075933671,4181362075934673,5889
1937,"__amd_rocclr_copyBuffer.kd",2,8,2152,1279882,1279882,512,512,0,0,16,0,32,64,"0x7f13dfde8200","0x7ed361483600",4181362075926230,4181362075951337,4181362075958948,4181362075963215,7611
1938,"void transformer_engine::fused_attn_rocm::compute_grad_v_kernel<__half, transformer_engine::fused_attn_rocm::SmallSeqConfig<8, 128, 256, false, (transformer_engine::fused_attn_rocm::CausalMaskType)0>, 16, 16>(__half const*, __half const*, __half*, int const*, int const*, int, int) [clone .kd]",2,8,2154,1279882,1279882,256000,64,16384,0,28,4,32,64,"0x0","0x7ed33c150400",4181362075978538,4181362075989594,4181362076056894,4181362076058557,67300
1939,"void transformer_engine::fused_attn_rocm::compute_grad_attn_kernel<__half, transformer_engine::fused_attn_rocm::SmallSeqConfig<8, 128, 256, false, (transformer_engine::fused_attn_rocm::CausalMaskType)0>, 16>(__half const*, __half const*, __half*, int const*, int const*, int, int) [clone .kd]",2,8,2155,1279882,1279882,8000,64,0,0,104,0,64,64,"0x0","0x7ed33c150440",4181362075987591,4181362076056894,4181362076402288,4181362076405463,345394
1940,"void transformer_engine::fused_attn_rocm::softmax_backward_kernel<__half, transformer_engine::fused_attn_rocm::SmallSeqConfig<8, 128, 256, false, (transformer_engine::fused_attn_rocm::CausalMaskType)0> >(__half const*, __half const*, __half*, float, int const*, int, int) [clone .kd]",2,8,2156,1279882,1279882,512000,256,1024,0,12,4,16,64,"0x0","0x7ed33c150480",4181362075995083,4181362076402288,4181362076408337,4181362076414626,6049
1941,"void transformer_engine::fused_attn_rocm::compute_grad_qk_kernel<__half, transformer_engine::fused_attn_rocm::SmallSeqConfig<8, 128, 256, false, (transformer_engine::fused_attn_rocm::CausalMaskType)0>, 4, 16>(__half const*, __half const*, __half const*, __half*, __half*, float, int const*, int const*, int, int) [clone .kd]",2,8,2157,1279882,1279882,1024000,64,16384,0,36,4,64,64,"0x0","0x7ed33c1504c0",4181362076006329,4181362076408337,4181362076598940,4181362076601274,190603
1942,"input_reduce_fusion.kd",2,8,2158,1279882,1279882,524288,256,512,0,16,0,16,64,"0x0","0x7ed35b989dc0",4181362076014892,4181362076598940,4181362076609356,4181362076610858,10416
1943,"input_reduce_fusion_3.kd",2,8,2159,1279882,1279882,128,128,512,0,24,0,16,64,"0x0","0x7ed35b989e00",4181362076022443,4181362076609356,4181362076614884,4181362076615916,5528
1944,"loop_convert_fusion.kd",2,8,2160,1279882,1279882,1,1,0,0,4,4,16,64,"0x0","0x7ed35b989e40",4181362076028833,4181362076614884,4181362076619090,4181362076621074,4206
1945,"input_reduce_reduce_window_fusion_3.kd",2,8,2163,1279882,1279882,8192,256,0,0,28,4,48,64,"0x0","0x7ed35b989300",4181362076152937,4181362076631869,4181362076643406,4181362076646501,11537
1946,"loop_reduce_window_fusion_11.kd",2,8,2164,1279882,1279882,2048,256,0,0,8,0,16,64,"0x0","0x7ed35b989340",4181362076162922,4181362076643406,4181362076650136,4181362076653211,6730
1947,"loop_slice_fusion_5.kd",2,8,2165,1279882,1279882,8,8,0,0,20,4,16,64,"0x0","0x7ed35b989380",4181362076171144,4181362076650136,4181362076655264,4181362076657758,5128
1948,"loop_broadcast_fusion_2.kd",2,8,2166,1279882,1279882,32000,256,0,0,4,4,16,64,"0x0","0x7ed35b9893c0",4181362076178125,4181362076655264,4181362076660912,4181362076662135,5648
1949,"input_scatter_fusion_2.kd",2,8,2167,1279882,1279882,32000,256,0,0,12,4,32,64,"0x0","0x7ed35b989400",4181362076185516,4181362076660912,4181362076668684,4181362076674894,7772
1950,"loop_reduce_window_fusion_10.kd",2,8,2168,1279882,1279882,32000,256,0,0,8,0,16,64,"0x0","0x7ed35b989440",4181362076192326,4181362076668684,4181362076674573,4181362076679681,5889
1951,"loop_reduce_window_fusion_11.kd",2,8,2169,1279882,1279882,2048,256,0,0,8,0,16,64,"0x0","0x7ed35b989340",4181362076198755,4181362076674573,4181362076679700,4181362076684217,5127
1952,"loop_slice_fusion_5.kd",2,8,2170,1279882,1279882,8,8,0,0,20,4,16,64,"0x0","0x7ed35b989380",4181362076206307,4181362076679700,4181362076684748,4181362076689085,5048
1953,"loop_slice_fusion_1.kd",2,8,2171,1279882,1279882,125,125,0,0,8,0,16,64,"0x0","0x7ed35b989480",4181362076218965,4181362076684748,4181362076689515,4181362076693842,4767
1954,"input_reduce_fusion_1.kd",2,8,2172,1279882,1279882,64,64,0,0,8,0,16,64,"0x0","0x7ed35b9894c0",4181362076227048,4181362076689515,4181362076694202,4181362076698389,4687
1955,"loop_select_fusion_5.kd",2,8,2173,1279882,1279882,32000,256,0,0,8,0,32,64,"0x0","0x7ed35b989500",4181362076234388,4181362076694202,4181362076699129,4181362076702475,4927
1956,"loop_select_fusion_2.kd",2,8,2174,1279882,1279882,32000,256,0,0,4,4,16,64,"0x0","0x7ed35b989540",4181362076241769,4181362076699129,4181362076703896,4181362076707172,4767
1957,"loop_reduce_window_fusion_10.kd",2,8,2175,1279882,1279882,32000,256,0,0,8,0,16,64,"0x0","0x7ed35b989440",4181362076248890,4181362076703896,4181362076708663,4181362076712189,4767
1958,"loop_reduce_window_fusion_11.kd",2,8,2176,1279882,1279882,2048,256,0,0,8,0,16,64,"0x0","0x7ed35b989340",4181362076257353,4181362076708663,4181362076713591,4181362076716836,4928
1959,"loop_slice_fusion_5.kd",2,8,2177,1279882,1279882,8,8,0,0,20,4,16,64,"0x0","0x7ed35b989380",4181362076264103,4181362076713591,4181362076718278,4181362076723957,4687
1960,"input_concatenate_fusion.kd",2,8,2178,1279882,1279882,32000,256,0,0,12,4,32,64,"0x0","0x7ed35b989580",4181362076271133,4181362076718278,4181362076723525,4181362076728583,5247
1961,"loop_compare_fusion.kd",2,8,2179,1279882,1279882,36096,256,0,0,4,4,16,64,"0x0","0x7ed35b9895c0",4181362076277613,4181362076723525,4181362076728413,4181362076733290,4888
1962,"input_reduce_reduce_window_fusion.kd",2,8,2180,1279882,1279882,11520,256,0,0,24,0,48,64,"0x0","0x7ed35b989600",4181362076285705,4181362076728413,4181362076736905,4181362076737887,8492
1963,"loop_reduce_window_fusion_2.kd",2,8,2181,1279882,1279882,2304,256,0,0,8,0,16,64,"0x0","0x7ed35b989640",4181362076292675,4181362076736905,4181362076741753,4181362076742424,4848
1964,"loop_slice_fusion_8.kd",2,8,2182,1279882,1279882,9,9,0,0,20,4,16,64,"0x0","0x7ed35b989680",4181362076300166,4181362076741753,4181362076746440,4181362076746831,4687
1965,"loop_broadcast_fusion.kd",2,8,2183,1279882,1279882,36096,256,0,0,4,4,16,64,"0x0","0x7ed35b9896c0",4181362076307397,4181362076746440,4181362076751367,4181362076751147,4927
1966,"input_scatter_fusion.kd",2,8,2184,1279882,1279882,36096,256,0,0,12,4,32,64,"0x0","0x7ed35b989700",4181362076315719,4181362076751367,4181362076758497,4181362076759009,7130
1967,"loop_reduce_window_fusion_1.kd",2,8,2185,1279882,1279882,36096,256,0,0,8,0,16,64,"0x0","0x7ed35b989740",4181362076323491,4181362076758497,4181362076763345,4181362076763215,4848
1968,"loop_reduce_window_fusion_2.kd",2,8,2186,1279882,1279882,2304,256,0,0,8,0,16,64,"0x0","0x7ed35b989640",4181362076329981,4181362076763345,4181362076768392,4181362076770285,5047
1969,"loop_slice_fusion_8.kd",2,8,2187,1279882,1279882,9,9,0,0,20,4,16,64,"0x0","0x7ed35b989680",4181362076337312,4181362076768392,4181362076773159,4181362076775063,4767
1970,"loop_slice_fusion.kd",2,8,2188,1279882,1279882,141,141,0,0,8,0,16,64,"0x0","0x7ed35b989780",4181362076344322,4181362076773159,4181362076777806,4181362076787791,4647
1971,"input_reduce_fusion_2.kd",2,8,2189,1279882,1279882,64,64,0,0,8,0,16,64,"0x0","0x7ed35b9897c0",4181362076351202,4181362076777806,4181362076782493,4181362076782203,4687
1972,"loop_select_fusion_4.kd",2,8,2190,1279882,1279882,36096,256,0,0,8,0,32,64,"0x0","0x7ed35b989800",4181362076358974,4181362076782493,4181362076787380,4181362076799008,4887
1973,"loop_select_fusion.kd",2,8,2191,1279882,1279882,36096,256,0,0,8,0,16,64,"0x0","0x7ed35b989840",4181362076365854,4181362076787380,4181362076792388,4181362076794331,5008
1974,"loop_compare_fusion_2.kd",2,8,2192,1279882,1279882,4096,256,0,0,4,4,16,64,"0x0","0x7ed35b989880",4181362076373455,4181362076792388,4181362076797155,4181362076803375,4767
1975,"input_reduce_reduce_window_fusion_2.kd",2,8,2193,1279882,1279882,256,256,512,0,20,4,32,64,"0x0","0x7ed35b9898c0",4181362076380496,4181362076797155,4181362076813179,4181362076823625,16024
1976,"loop_slice_fusion_3.kd",2,8,2194,1279882,1279882,16,16,0,0,20,4,16,64,"0x0","0x7ed35b989900",4181362076387076,4181362076813179,4181362076817866,4181362076828522,4687
1977,"loop_broadcast_fusion_3.kd",2,8,2195,1279882,1279882,4096,256,0,0,4,4,16,64,"0x0","0x7ed35b989940",4181362076394787,4181362076817866,4181362076822753,4181362076846990,4887
1978,"input_scatter_fusion_3.kd",2,8,2196,1279882,1279882,4096,256,0,0,8,0,32,64,"0x0","0x7ed35b989980",4181362076401567,4181362076822753,4181362076828602,4181362076842303,5849
1979,"loop_reduce_window_fusion_13.kd",2,8,2197,1279882,1279882,4096,256,0,0,8,0,16,64,"0x0","0x7ed35b9899c0",4181362076408267,4181362076828602,4181362076833449,4181362076833149,4847
1980,"loop_slice_fusion_3.kd",2,8,2198,1279882,1279882,16,16,0,0,20,4,16,64,"0x0","0x7ed35b989900",4181362076428998,4181362076833449,4181362076838096,4181362076837786,4647
1981,"loop_remainder_fusion.kd",2,8,2199,1279882,1279882,4096,256,0,0,12,4,16,64,"0x0","0x7ed35b989a00",4181362076437090,4181362076838096,4181362076843424,4181362076853860,5328
1982,"loop_select_fusion_3.kd",2,8,2200,1279882,1279882,4096,256,0,0,8,0,32,64,"0x0","0x7ed35b989a40",4181362076444741,4181362076843424,4181362076848151,4181362076873279,4727
1983,"loop_reduce_window_fusion_13.kd",2,8,2201,1279882,1279882,4096,256,0,0,8,0,16,64,"0x0","0x7ed35b9899c0",4181362076452483,4181362076848151,4181362076852798,4181362076877865,4647
1984,"loop_slice_fusion_3.kd",2,8,2202,1279882,1279882,16,16,0,0,20,4,16,64,"0x0","0x7ed35b989900",4181362076459423,4181362076852798,4181362076857445,4181362076858567,4647
1985,"input_concatenate_fusion_1.kd",2,8,2203,1279882,1279882,4096,256,0,0,8,0,32,64,"0x0","0x7ed35b989a80",4181362076466043,4181362076857445,4181362076862933,4181362076863104,5488
1986,"loop_compare_fusion_1.kd",2,8,2204,1279882,1279882,8192,256,0,0,4,4,16,64,"0x0","0x7ed35b989ac0",4181362076473324,4181362076862933,4181362076867820,4181362076868732,4887
1987,"input_reduce_reduce_window_fusion_1.kd",2,8,2205,1279882,1279882,512,512,512,0,20,4,48,64,"0x0","0x7ed35b989b00",4181362076480484,4181362076867820,4181362076884565,4181362076884535,16745
1988,"loop_reduce_window_fusion_6.kd",2,8,2206,1279882,1279882,32,32,0,0,32,0,16,64,"0x0","0x7ed35b989b40",4181362076486353,4181362076884565,4181362076895541,4181362076901350,10976
1989,"loop_broadcast_fusion_1.kd",2,8,2207,1279882,1279882,8192,256,0,0,4,4,16,64,"0x0","0x7ed35b989b80",4181362076493954,4181362076895541,4181362076900549,4181362076906288,5008
1990,"input_scatter_fusion_1.kd",2,8,2208,1279882,1279882,8192,256,0,0,8,0,32,64,"0x0","0x7ed35b989bc0",4181362076500865,4181362076900549,4181362076905676,4181362076913008,5127
1991,"loop_reduce_window_fusion_5.kd",2,8,2209,1279882,1279882,8192,256,0,0,8,0,16,64,"0x0","0x7ed35b989c00",4181362076507745,4181362076905676,4181362076910764,4181362076917464,5088
1992,"loop_reduce_window_fusion_4.kd",2,8,2210,1279882,1279882,512,256,0,0,8,0,16,64,"0x0","0x7ed35b989c40",4181362076514415,4181362076910764,4181362076915771,4181362076921801,5007
1993,"loop_reduce_window_fusion_3.kd",2,8,2211,1279882,1279882,32,32,0,0,8,0,16,64,"0x0","0x7ed35b989c80",4181362076521435,4181362076915771,4181362076920538,4181362076926408,4767
1994,"loop_select_fusion_6.kd",2,8,2212,1279882,1279882,8192,256,0,0,8,0,32,64,"0x0","0x7ed35b989cc0",4181362076528266,4181362076920538,4181362076925466,4181362076933228,4928
1995,"loop_select_fusion_1.kd",2,8,2213,1279882,1279882,8192,256,0,0,8,0,16,64,"0x0","0x7ed35b989d00",4181362076535947,4181362076925466,4181362076930353,4181362076937674,4887
1996,"loop_broadcast_fusion_4.kd",2,8,2214,1279882,1279882,16,16,0,0,4,4,16,64,"0x0","0x7ed35b989d40",4181362076543308,4181362076930353,4181362076935200,4181362076943473,4847
1997,"__amd_rocclr_fillBufferAligned.kd",2,8,2215,1279882,1279882,77824,256,0,0,12,4,48,64,"0x0","0x7ed361483580",4181362076555035,4181362076935200,4181362076949341,4181362076949903,14141
1998,"__amd_rocclr_fillBufferAligned.kd",2,8,2216,1279882,1279882,16128,256,0,0,12,4,48,64,"0x0","0x7ed361483580",4181362076562126,4181362076949341,4181362076954349,4181362076954319,5008
1999,"transformer_engine::fused_attn_rocm::populate_rng_state_kernel(long*, long const*, long) [clone .kd]",2,8,2217,1279882,1279882,1,1,0,0,8,0,16,64,"0x0","0x7ed35b9ad380",4181362076571670,4181362076954349,4181362076959276,4181362076960699,4927
2000,"__amd_rocclr_fillBufferAligned.kd",2,8,2218,1279882,1279882,256,256,0,0,12,4,48,64,"0x0","0x7ed361483580",4181362076581364,4181362076959276,4181362076964123,4181362076967088,4847
2001,"ck_fused_attn::get_runtime_max_seqlen_kernel(unsigned long, int const*, int const*, unsigned long*) [clone .kd]",2,8,2219,1279882,1279882,4096,128,0,0,4,4,32,64,"0x0","0x7ed35b978940",4181362076587984,4181362076964123,4181362076969892,4181362076971715,5769
2002,"__amd_rocclr_copyBuffer.kd",2,8,2220,1279882,1279882,512,512,0,0,16,0,32,64,"0x7f13dfdea000","0x7ed361483600",4181362076596367,4181362076969892,4181362076975420,4181362076978085,5528
2003,"__amd_rocclr_fillBufferAligned.kd",2,8,2222,1279882,1279882,256,256,0,0,12,4,48,64,"0x0","0x7ed361483580",4181362077016191,4181362077027778,4181362077029781,4181362077055470,2003
2004,"ck_fused_attn::get_runtime_max_seqlen_kernel(unsigned long, int const*, int const*, unsigned long*) [clone .kd]",2,8,2223,1279882,1279882,4096,128,0,0,4,4,32,64,"0x0","0x7ed35b978940",4181362077026937,4181362077040116,4181362077045885,4181362077065965,5769
2005,"__amd_rocclr_copyBuffer.kd",2,8,2224,1279882,1279882,512,512,0,0,16,0,32,64,"0x7f13dfde9f00","0x7ed361483600",4181362077039095,4181362077050772,4181362077056901,4181362077060868,6129
2006,"void transformer_engine::fused_attn_rocm::compute_scores_kernel<__half, transformer_engine::fused_attn_rocm::SmallSeqConfig<8, 128, 256, false, (transformer_engine::fused_attn_rocm::CausalMaskType)0>, 1>(__half const*, __half const*, __half*, float, int const*, int const*, int, int) [clone .kd]",2,8,2226,1279882,1279882,64000,64,0,0,100,4,48,64,"0x0","0x7ed33c14ec00",4181362077076681,4181362077086545,4181362077130330,4181362077132975,43785
2007,"void transformer_engine::fused_attn_rocm::apply_mask_and_softmax_kernel<__half, transformer_engine::fused_attn_rocm::SmallSeqConfig<8, 128, 256, false, (transformer_engine::fused_attn_rocm::CausalMaskType)0> >(__half*, __half const*, float, int const*, int, int) [clone .kd]",2,8,2227,1279882,1279882,512000,256,1024,0,16,0,16,64,"0x0","0x7ed33c14ec40",4181362077084693,4181362077130330,4181362077135658,4181362077143380,5328
2008,"void transformer_engine::fused_attn_rocm::compute_output_kernel<__half, transformer_engine::fused_attn_rocm::SmallSeqConfig<8, 128, 256, false, (transformer_engine::fused_attn_rocm::CausalMaskType)0>, 2, 8>(__half const*, __half const*, __half*, int const*, int const*, int, int) [clone .kd]",2,8,2228,1279882,1279882,512000,64,16384,0,20,4,32,64,"0x0","0x7ed33c14ec80",4181362077091533,4181362077135658,4181362077189298,4181362077191692,53640
2009,"loop_broadcast_fusion_5.kd",2,8,2229,1279882,1279882,2048000,256,0,0,4,4,16,64,"0x0","0x7ed35b989d80",4181362077101007,4181362077189298,4181362077197310,4181362077199975,8012
2010,"__amd_rocclr_fillBufferAligned.kd",2,8,2230,1279882,1279882,77824,256,0,0,12,4,48,64,"0x0","0x7ed361483580",4181362077114287,4181362077197310,4181362077204120,4181362077206504,6810
2011,"__amd_rocclr_fillBufferAligned.kd",2,8,2231,1279882,1279882,77824,256,0,0,12,4,48,64,"0x0","0x7ed361483580",4181362077121668,4181362077204120,4181362077226634,4181362077230400,22514
2012,"__amd_rocclr_fillBufferAligned.kd",2,8,2232,1279882,1279882,77824,256,0,0,12,4,48,64,"0x0","0x7ed361483580",4181362077136310,4181362077226634,4181362077249067,4181362077258431,22433
2013,"__amd_rocclr_fillBufferAligned.kd",2,8,2233,1279882,1279882,256,256,0,0,12,4,48,64,"0x0","0x7ed361483580",4181362077158112,4181362077249067,4181362077253834,4181362077253694,4767
2014,"ck_fused_attn::get_runtime_max_seqlen_kernel(unsigned long, int const*, int const*, unsigned long*) [clone .kd]",2,8,2234,1279882,1279882,4096,128,0,0,4,4,32,64,"0x0","0x7ed35b978940",4181362077164792,4181362077253834,4181362077259923,4181362077262798,6089
2015,"__amd_rocclr_copyBuffer.kd",2,8,2235,1279882,1279882,512,512,0,0,16,0,32,64,"0x7f13dfde9e00","0x7ed361483600",4181362077173335,4181362077259923,4181362077265532,4181362077269358,5609
2016,"__amd_rocclr_fillBufferAligned.kd",2,8,2237,1279882,1279882,256,256,0,0,12,4,48,64,"0x0","0x7ed361483580",4181362077287635,4181362077298020,4181362077300023,4181362077308426,2003
2017,"ck_fused_attn::get_runtime_max_seqlen_kernel(unsigned long, int const*, int const*, unsigned long*) [clone .kd]",2,8,2238,1279882,1279882,4096,128,0,0,4,4,32,64,"0x0","0x7ed35b978940",4181362077297480,4181362077306232,4181362077312081,4181362077316267,5849
2018,"__amd_rocclr_copyBuffer.kd",2,8,2239,1279882,1279882,512,512,0,0,16,0,32,64,"0x7f13dfc71c80","0x7ed361483600",4181362077304780,4181362077316928,4181362077321775,4181362077322557,4847
2019,"void transformer_engine::fused_attn_rocm::compute_grad_v_kernel<__half, transformer_engine::fused_attn_rocm::SmallSeqConfig<8, 128, 256, false, (transformer_engine::fused_attn_rocm::CausalMaskType)0>, 16, 16>(__half const*, __half const*, __half*, int const*, int const*, int, int) [clone .kd]",2,8,2241,1279882,1279882,256000,64,16384,0,28,4,32,64,"0x0","0x7ed33c150400",4181362077338030,4181362077349416,4181362077416716,4181362077417238,67300
2020,"void transformer_engine::fused_attn_rocm::compute_grad_attn_kernel<__half, transformer_engine::fused_attn_rocm::SmallSeqConfig<8, 128, 256, false, (transformer_engine::fused_attn_rocm::CausalMaskType)0>, 16>(__half const*, __half const*, __half*, int const*, int const*, int, int) [clone .kd]",2,8,2242,1279882,1279882,8000,64,0,0,104,0,64,64,"0x0","0x7ed33c150440",4181362077348626,4181362077416716,4181362077763873,4181362077773367,347157
2021,"void transformer_engine::fused_attn_rocm::softmax_backward_kernel<__half, transformer_engine::fused_attn_rocm::SmallSeqConfig<8, 128, 256, false, (transformer_engine::fused_attn_rocm::CausalMaskType)0> >(__half const*, __half const*, __half*, float, int const*, int, int) [clone .kd]",2,8,2243,1279882,1279882,512000,256,1024,0,12,4,16,64,"0x0","0x7ed33c150480",4181362077355616,4181362077763873,4181362077769641,4181362077782521,5768
2022,"void transformer_engine::fused_attn_rocm::compute_grad_qk_kernel<__half, transformer_engine::fused_attn_rocm::SmallSeqConfig<8, 128, 256, false, (transformer_engine::fused_attn_rocm::CausalMaskType)0>, 4, 16>(__half const*, __half const*, __half const*, __half*, __half*, float, int const*, int const*, int, int) [clone .kd]",2,8,2244,1279882,1279882,1024000,64,16384,0,36,4,64,64,"0x0","0x7ed33c1504c0",4181362077363317,4181362077769641,4181362077961527,4181362077965894,191886
2023,"input_reduce_fusion.kd",2,8,2245,1279882,1279882,524288,256,512,0,16,0,16,64,"0x0","0x7ed35b989dc0",4181362077371219,4181362077961527,4181362077971181,4181362077972774,9654
2024,"input_reduce_fusion_3.kd",2,8,2246,1279882,1279882,128,128,512,0,24,0,16,64,"0x0","0x7ed35b989e00",4181362077380974,4181362077971181,4181362077976910,4181362077977221,5729
2025,"loop_convert_fusion.kd",2,8,2247,1279882,1279882,1,1,0,0,4,4,16,64,"0x0","0x7ed35b989e40",4181362077389336,4181362077976910,4181362077981356,4181362077982679,4446
2026,"input_reduce_reduce_window_fusion_3.kd",2,8,2250,1279882,1279882,8192,256,0,0,28,4,48,64,"0x0","0x7ed35b989300",4181362077513541,4181362077993334,4181362078005152,4181362078008026,11818
2027,"loop_reduce_window_fusion_11.kd",2,8,2251,1279882,1279882,2048,256,0,0,8,0,16,64,"0x0","0x7ed35b989340",4181362077523325,4181362078005152,4181362078012803,4181362078014897,7651
2028,"loop_slice_fusion_5.kd",2,8,2252,1279882,1279882,8,8,0,0,20,4,16,64,"0x0","0x7ed35b989380",4181362077530787,4181362078012803,4181362078018011,4181362078019503,5208
2029,"loop_broadcast_fusion_2.kd",2,8,2253,1279882,1279882,32000,256,0,0,4,4,16,64,"0x0","0x7ed35b9893c0",4181362077538178,4181362078018011,4181362078023779,4181362078024160,5768
2030,"input_scatter_fusion_2.kd",2,8,2254,1279882,1279882,32000,256,0,0,12,4,32,64,"0x0","0x7ed35b989400",4181362077546029,4181362078023931,4181362078032984,4181362078044050,9053
2031,"loop_reduce_window_fusion_10.kd",2,8,2255,1279882,1279882,32000,256,0,0,8,0,16,64,"0x0","0x7ed35b989440",4181362077552899,4181362078032984,4181362078037952,4181362078049438,4968
2032,"loop_reduce_window_fusion_11.kd",2,8,2256,1279882,1279882,2048,256,0,0,8,0,16,64,"0x0","0x7ed35b989340",4181362077560270,4181362078037952,4181362078043440,4181362078054175,5488
2033,"loop_slice_fusion_5.kd",2,8,2257,1279882,1279882,8,8,0,0,20,4,16,64,"0x0","0x7ed35b989380",4181362077567872,4181362078043440,4181362078048166,4181362078058762,4726
2034,"loop_slice_fusion_1.kd",2,8,2258,1279882,1279882,125,125,0,0,8,0,16,64,"0x0","0x7ed35b989480",4181362077574532,4181362078048166,4181362078052853,4181362078063669,4687
2035,"input_reduce_fusion_1.kd",2,8,2259,1279882,1279882,64,64,0,0,8,0,16,64,"0x0","0x7ed35b9894c0",4181362077581712,4181362078052853,4181362078057540,4181362078068106,4687
2036,"loop_select_fusion_5.kd",2,8,2260,1279882,1279882,32000,256,0,0,8,0,32,64,"0x0","0x7ed35b989500",4181362077589794,4181362078057540,4181362078062507,4181362078072532,4967
2037,"loop_select_fusion_2.kd",2,8,2261,1279882,1279882,32000,256,0,0,4,4,16,64,"0x0","0x7ed35b989540",4181362077597536,4181362078062507,4181362078067234,4181362078077299,4727
2038,"loop_reduce_window_fusion_10.kd",2,8,2262,1279882,1279882,32000,256,0,0,8,0,16,64,"0x0","0x7ed35b989440",4181362077604226,4181362078067234,4181362078072041,4181362078082096,4807
2039,"loop_reduce_window_fusion_11.kd",2,8,2263,1279882,1279882,2048,256,0,0,8,0,16,64,"0x0","0x7ed35b989340",4181362077610565,4181362078072041,4181362078076849,4181362078088326,4808
2040,"loop_slice_fusion_5.kd",2,8,2264,1279882,1279882,8,8,0,0,20,4,16,64,"0x0","0x7ed35b989380",4181362077617686,4181362078076849,4181362078081536,4181362078093163,4687
2041,"input_concatenate_fusion.kd",2,8,2265,1279882,1279882,32000,256,0,0,12,4,32,64,"0x0","0x7ed35b989580",4181362077624786,4181362078081536,4181362078086743,4181362078097419,5207
2042,"loop_compare_fusion.kd",2,8,2266,1279882,1279882,36096,256,0,0,4,4,16,64,"0x0","0x7ed35b9895c0",4181362077632308,4181362078086743,4181362078091631,4181362078102026,4888
2043,"input_reduce_reduce_window_fusion.kd",2,8,2267,1279882,1279882,11520,256,0,0,24,0,48,64,"0x0","0x7ed35b989600",4181362077639438,4181362078091631,4181362078099963,4181362078106863,8332
2044,"loop_reduce_window_fusion_2.kd",2,8,2268,1279882,1279882,2304,256,0,0,8,0,16,64,"0x0","0x7ed35b989640",4181362077645858,4181362078099963,4181362078104850,4181362078111610,4887
2045,"loop_slice_fusion_8.kd",2,8,2269,1279882,1279882,9,9,0,0,20,4,16,64,"0x0","0x7ed35b989680",4181362077652908,4181362078104850,4181362078109497,4181362078116267,4647
2046,"loop_broadcast_fusion.kd",2,8,2270,1279882,1279882,36096,256,0,0,4,4,16,64,"0x0","0x7ed35b9896c0",4181362077659378,4181362078109497,4181362078114424,4181362078120924,4927
2047,"input_scatter_fusion.kd",2,8,2271,1279882,1279882,36096,256,0,0,12,4,32,64,"0x0","0x7ed35b989700",4181362077666458,4181362078114424,4181362078121435,4181362078125281,7011
2048,"loop_reduce_window_fusion_1.kd",2,8,2272,1279882,1279882,36096,256,0,0,8,0,16,64,"0x0","0x7ed35b989740",4181362077674540,4181362078121435,4181362078126282,4181362078129607,4847
2049,"loop_reduce_window_fusion_2.kd",2,8,2273,1279882,1279882,2304,256,0,0,8,0,16,64,"0x0","0x7ed35b989640",4181362077681200,4181362078126282,4181362078131370,4181362078133904,5088
2050,"loop_slice_fusion_8.kd",2,8,2274,1279882,1279882,9,9,0,0,20,4,16,64,"0x0","0x7ed35b989680",4181362077688161,4181362078131370,4181362078136057,4181362078138340,4687
2051,"loop_slice_fusion.kd",2,8,2275,1279882,1279882,141,141,0,0,8,0,16,64,"0x0","0x7ed35b989780",4181362077695431,4181362078136057,4181362078140704,4181362078142847,4647
2052,"input_reduce_fusion_2.kd",2,8,2276,1279882,1279882,64,64,0,0,8,0,16,64,"0x0","0x7ed35b9897c0",4181362077703103,4181362078140704,4181362078145431,4181362078153062,4727
2053,"loop_select_fusion_4.kd",2,8,2277,1279882,1279882,36096,256,0,0,8,0,32,64,"0x0","0x7ed35b989800",4181362077710494,4181362078145431,4181362078150318,4181362078157959,4887
2054,"loop_select_fusion.kd",2,8,2278,1279882,1279882,36096,256,0,0,8,0,16,64,"0x0","0x7ed35b989840",4181362077717264,4181362078150318,4181362078155245,4181362078162716,4927
2055,"loop_compare_fusion_2.kd",2,8,2279,1279882,1279882,4096,256,0,0,4,4,16,64,"0x0","0x7ed35b989880",4181362077724324,4181362078155245,4181362078160052,4181362078167013,4807
2056,"input_reduce_reduce_window_fusion_2.kd",2,8,2280,1279882,1279882,256,256,512,0,20,4,32,64,"0x0","0x7ed35b9898c0",4181362077731215,4181362078160052,4181362078176357,4181362078186892,16305
2057,"loop_slice_fusion_3.kd",2,8,2281,1279882,1279882,16,16,0,0,20,4,16,64,"0x0","0x7ed35b989900",4181362077738365,4181362078176357,4181362078181204,4181362078191960,4847
2058,"loop_broadcast_fusion_3.kd",2,8,2282,1279882,1279882,4096,256,0,0,4,4,16,64,"0x0","0x7ed35b989940",4181362077746177,4181362078181204,4181362078186011,4181362078210237,4807
2059,"input_scatter_fusion_3.kd",2,8,2283,1279882,1279882,4096,256,0,0,8,0,32,64,"0x0","0x7ed35b989980",4181362077752767,4181362078186011,4181362078191780,4181362078205810,5769
2060,"loop_reduce_window_fusion_13.kd",2,8,2284,1279882,1279882,4096,256,0,0,8,0,16,64,"0x0","0x7ed35b9899c0",4181362077759547,4181362078191780,4181362078196547,4181362078196747,4767
2061,"loop_slice_fusion_3.kd",2,8,2285,1279882,1279882,16,16,0,0,20,4,16,64,"0x0","0x7ed35b989900",4181362077767028,4181362078196547,4181362078201274,4181362078201504,4727
2062,"loop_remainder_fusion.kd",2,8,2286,1279882,1279882,4096,256,0,0,12,4,16,64,"0x0","0x7ed35b989a00",4181362077773287,4181362078201274,4181362078206682,4181362078216987,5408
2063,"loop_select_fusion_3.kd",2,8,2287,1279882,1279882,4096,256,0,0,8,0,32,64,"0x0","0x7ed35b989a40",4181362077798495,4181362078206682,4181362078211609,4181362078236616,4927
2064,"loop_reduce_window_fusion_13.kd",2,8,2288,1279882,1279882,4096,256,0,0,8,0,16,64,"0x0","0x7ed35b9899c0",4181362077806146,4181362078211609,4181362078216296,4181362078240833,4687
2065,"loop_slice_fusion_3.kd",2,8,2289,1279882,1279882,16,16,0,0,20,4,16,64,"0x0","0x7ed35b989900",4181362077812516,4181362078216296,4181362078220983,4181362078221724,4687
2066,"input_concatenate_fusion_1.kd",2,8,2290,1279882,1279882,4096,256,0,0,8,0,32,64,"0x0","0x7ed35b989a80",4181362077819776,4181362078220983,4181362078226271,4181362078227833,5288
2067,"loop_compare_fusion_1.kd",2,8,2291,1279882,1279882,8192,256,0,0,4,4,16,64,"0x0","0x7ed35b989ac0",4181362077826026,4181362078226271,4181362078231158,4181362078232350,4887
2068,"input_reduce_reduce_window_fusion_1.kd",2,8,2292,1279882,1279882,512,512,512,0,20,4,48,64,"0x0","0x7ed35b989b00",4181362077832495,4181362078231158,4181362078248063,4181362078247563,16905
2069,"loop_reduce_window_fusion_6.kd",2,8,2293,1279882,1279882,32,32,0,0,32,0,16,64,"0x0","0x7ed35b989b40",4181362077838544,4181362078248063,4181362078259400,4181362078264398,11337
2070,"loop_broadcast_fusion_1.kd",2,8,2294,1279882,1279882,8192,256,0,0,4,4,16,64,"0x0","0x7ed35b989b80",4181362077846546,4181362078259400,4181362078264488,4181362078269435,5088
2071,"input_scatter_fusion_1.kd",2,8,2295,1279882,1279882,8192,256,0,0,8,0,32,64,"0x0","0x7ed35b989bc0",4181362077853847,4181362078264488,4181362078269615,4181362078276275,5127
2072,"loop_reduce_window_fusion_5.kd",2,8,2296,1279882,1279882,8192,256,0,0,8,0,16,64,"0x0","0x7ed35b989c00",4181362077861849,4181362078269615,4181362078274663,4181362078280652,5048
2073,"loop_reduce_window_fusion_4.kd",2,8,2297,1279882,1279882,512,256,0,0,8,0,16,64,"0x0","0x7ed35b989c40",4181362077868990,4181362078274663,4181362078279590,4181362078285038,4927
2074,"loop_reduce_window_fusion_3.kd",2,8,2298,1279882,1279882,32,32,0,0,8,0,16,64,"0x0","0x7ed35b989c80",4181362077875760,4181362078279590,4181362078284317,4181362078290006,4727
2075,"loop_select_fusion_6.kd",2,8,2299,1279882,1279882,8192,256,0,0,8,0,32,64,"0x0","0x7ed35b989cc0",4181362077884092,4181362078284317,4181362078289244,4181362078296325,4927
2076,"loop_select_fusion_1.kd",2,8,2300,1279882,1279882,8192,256,0,0,8,0,16,64,"0x0","0x7ed35b989d00",4181362077892605,4181362078289244,4181362078294172,4181362078300782,4928
2077,"loop_broadcast_fusion_4.kd",2,8,2301,1279882,1279882,16,16,0,0,4,4,16,64,"0x0","0x7ed35b989d40",4181362077899335,4181362078294172,4181362078298979,4181362078306711,4807
2078,"__amd_rocclr_fillBufferAligned.kd",2,8,2302,1279882,1279882,77824,256,0,0,12,4,48,64,"0x0","0x7ed361483580",4181362077910662,4181362078298979,4181362078313440,4181362078313360,14461
2079,"__amd_rocclr_fillBufferAligned.kd",2,8,2303,1279882,1279882,16128,256,0,0,12,4,48,64,"0x0","0x7ed361483580",4181362077917492,4181362078313440,4181362078318448,4181362078318528,5008
2080,"transformer_engine::fused_attn_rocm::populate_rng_state_kernel(long*, long const*, long) [clone .kd]",2,8,2304,1279882,1279882,1,1,0,0,8,0,16,64,"0x0","0x7ed35b9ad380",4181362077926475,4181362078318448,4181362078323335,4181362078324357,4887
2081,"__amd_rocclr_fillBufferAligned.kd",2,8,2305,1279882,1279882,256,256,0,0,12,4,48,64,"0x0","0x7ed361483580",4181362077936800,4181362078323335,4181362078328062,4181362078328583,4727
2082,"ck_fused_attn::get_runtime_max_seqlen_kernel(unsigned long, int const*, int const*, unsigned long*) [clone .kd]",2,8,2306,1279882,1279882,4096,128,0,0,4,4,32,64,"0x0","0x7ed35b978940",4181362077942679,4181362078328062,4181362078333831,4181362078334772,5769
2083,"__amd_rocclr_copyBuffer.kd",2,8,2307,1279882,1279882,512,512,0,0,16,0,32,64,"0x7f13dfde9b00","0x7ed361483600",4181362077950801,4181362078333831,4181362078339199,4181362078338959,5368
2084,"__amd_rocclr_fillBufferAligned.kd",2,8,2309,1279882,1279882,256,256,0,0,12,4,48,64,"0x0","0x7ed361483580",4181362078379178,4181362078390195,4181362078392198,4181362078418006,2003
2085,"ck_fused_attn::get_runtime_max_seqlen_kernel(unsigned long, int const*, int const*, unsigned long*) [clone .kd]",2,8,2310,1279882,1279882,4096,128,0,0,4,4,32,64,"0x0","0x7ed35b978940",4181362078390525,4181362078398687,4181362078408382,4181362078428301,9695
2086,"__amd_rocclr_copyBuffer.kd",2,8,2311,1279882,1279882,512,512,0,0,16,0,32,64,"0x7f13dfde8b80","0x7ed361483600",4181362078397856,4181362078408382,4181362078413830,4181362078423044,5448
2087,"void transformer_engine::fused_attn_rocm::compute_scores_kernel<__half, transformer_engine::fused_attn_rocm::SmallSeqConfig<8, 128, 256, false, (transformer_engine::fused_attn_rocm::CausalMaskType)0>, 1>(__half const*, __half const*, __half*, float, int const*, int const*, int, int) [clone .kd]",2,8,2313,1279882,1279882,64000,64,0,0,100,4,48,64,"0x0","0x7ed33c14ec00",4181362078439638,4181362078449563,4181362078490183,4181362078491936,40620
2088,"void transformer_engine::fused_attn_rocm::apply_mask_and_softmax_kernel<__half, transformer_engine::fused_attn_rocm::SmallSeqConfig<8, 128, 256, false, (transformer_engine::fused_attn_rocm::CausalMaskType)0> >(__half*, __half const*, float, int const*, int, int) [clone .kd]",2,8,2314,1279882,1279882,512000,256,1024,0,16,0,16,64,"0x0","0x7ed33c14ec40",4181362078447260,4181362078490183,4181362078495471,4181362078501060,5288
2089,"void transformer_engine::fused_attn_rocm::compute_output_kernel<__half, transformer_engine::fused_attn_rocm::SmallSeqConfig<8, 128, 256, false, (transformer_engine::fused_attn_rocm::CausalMaskType)0>, 2, 8>(__half const*, __half const*, __half*, int const*, int const*, int, int) [clone .kd]",2,8,2315,1279882,1279882,512000,64,16384,0,20,4,32,64,"0x0","0x7ed33c14ec80",4181362078454280,4181362078495471,4181362078548750,4181362078550974,53279
2090,"loop_broadcast_fusion_5.kd",2,8,2316,1279882,1279882,2048000,256,0,0,4,4,16,64,"0x0","0x7ed35b989d80",4181362078463714,4181362078548750,4181362078556802,4181362078559577,8052
2091,"__amd_rocclr_fillBufferAligned.kd",2,8,2317,1279882,1279882,77824,256,0,0,12,4,48,64,"0x0","0x7ed361483580",4181362078485547,4181362078556802,4181362078563532,4181362078565906,6730
2092,"__amd_rocclr_fillBufferAligned.kd",2,8,2318,1279882,1279882,77824,256,0,0,12,4,48,64,"0x0","0x7ed361483580",4181362078492267,4181362078563532,4181362078586406,4181362078590092,22874
2093,"__amd_rocclr_fillBufferAligned.kd",2,8,2319,1279882,1279882,77824,256,0,0,12,4,48,64,"0x0","0x7ed361483580",4181362078514960,4181362078586406,4181362078609160,4181362078618685,22754
2094,"__amd_rocclr_fillBufferAligned.kd",2,8,2320,1279882,1279882,256,256,0,0,12,4,48,64,"0x0","0x7ed361483580",4181362078524264,4181362078609160,4181362078613847,4181362078614178,4687
2095,"ck_fused_attn::get_runtime_max_seqlen_kernel(unsigned long, int const*, int const*, unsigned long*) [clone .kd]",2,8,2321,1279882,1279882,4096,128,0,0,4,4,32,64,"0x0","0x7ed35b978940",4181362078530584,4181362078613847,4181362078619936,4181362078623582,6089
2096,"__amd_rocclr_copyBuffer.kd",2,8,2322,1279882,1279882,512,512,0,0,16,0,32,64,"0x7f13dfc72100","0x7ed361483600",4181362078537995,4181362078619936,4181362078625224,4181362078630853,5288
2097,"__amd_rocclr_fillBufferAligned.kd",2,8,2324,1279882,1279882,256,256,0,0,12,4,48,64,"0x0","0x7ed361483580",4181362078646035,4181362078659275,4181362078661438,4181362078668879,2163
2098,"ck_fused_attn::get_runtime_max_seqlen_kernel(unsigned long, int const*, int const*, unsigned long*) [clone .kd]",2,8,2325,1279882,1279882,4096,128,0,0,4,4,32,64,"0x0","0x7ed35b978940",4181362078659475,4181362078668208,4181362078674297,4181362078677282,6089
2099,"__amd_rocclr_copyBuffer.kd",2,8,2326,1279882,1279882,512,512,0,0,16,0,32,64,"0x7f13dfde9800","0x7ed361483600",4181362078666696,4181362078692084,4181362078698533,4181362078704302,6449
2100,"void transformer_engine::fused_attn_rocm::compute_grad_v_kernel<__half, transformer_engine::fused_attn_rocm::SmallSeqConfig<8, 128, 256, false, (transformer_engine::fused_attn_rocm::CausalMaskType)0>, 16, 16>(__half const*, __half const*, __half*, int const*, int const*, int, int) [clone .kd]",2,8,2328,1279882,1279882,256000,64,16384,0,28,4,32,64,"0x0","0x7ed33c150400",4181362078719074,4181362078730581,4181362078794556,4181362078794336,63975
2101,"void transformer_engine::fused_attn_rocm::compute_grad_attn_kernel<__half, transformer_engine::fused_attn_rocm::SmallSeqConfig<8, 128, 256, false, (transformer_engine::fused_attn_rocm::CausalMaskType)0>, 16>(__half const*, __half const*, __half*, int const*, int const*, int, int) [clone .kd]",2,8,2329,1279882,1279882,8000,64,0,0,104,0,64,64,"0x0","0x7ed33c150440",4181362078728608,4181362078794556,4181362079143154,4181362079145358,348598
2102,"void transformer_engine::fused_attn_rocm::softmax_backward_kernel<__half, transformer_engine::fused_attn_rocm::SmallSeqConfig<8, 128, 256, false, (transformer_engine::fused_attn_rocm::CausalMaskType)0> >(__half const*, __half const*, __half*, float, int const*, int, int) [clone .kd]",2,8,2330,1279882,1279882,512000,256,1024,0,12,4,16,64,"0x0","0x7ed33c150480",4181362078735248,4181362079143154,4181362079149203,4181362079154411,6049
2103,"void transformer_engine::fused_attn_rocm::compute_grad_qk_kernel<__half, transformer_engine::fused_attn_rocm::SmallSeqConfig<8, 128, 256, false, (transformer_engine::fused_attn_rocm::CausalMaskType)0>, 4, 16>(__half const*, __half const*, __half const*, __half*, __half*, float, int const*, int const*, int, int) [clone .kd]",2,8,2331,1279882,1279882,1024000,64,16384,0,36,4,64,64,"0x0","0x7ed33c1504c0",4181362078745693,4181362079149203,4181362079344053,4181362079353177,194850
2104,"input_reduce_fusion.kd",2,8,2332,1279882,1279882,524288,256,512,0,16,0,16,64,"0x0","0x7ed35b989dc0",4181362078754847,4181362079344053,4181362079354108,4181362079360858,10055
2105,"input_reduce_fusion_3.kd",2,8,2333,1279882,1279882,128,128,512,0,24,0,16,64,"0x0","0x7ed35b989e00",4181362078761207,4181362079354108,4181362079359837,4181362079365485,5729
2106,"loop_convert_fusion.kd",2,8,2334,1279882,1279882,1,1,0,0,4,4,16,64,"0x0","0x7ed35b989e40",4181362078768317,4181362079359837,4181362079364243,4181362079373517,4406
2107,"input_reduce_reduce_window_fusion_3.kd",2,8,2337,1279882,1279882,8192,256,0,0,28,4,48,64,"0x0","0x7ed35b989300",4181362078890419,4181362079376181,4181362079387878,4181362079390402,11697
2108,"loop_reduce_window_fusion_11.kd",2,8,2338,1279882,1279882,2048,256,0,0,8,0,16,64,"0x0","0x7ed35b989340",4181362078900123,4181362079387878,4181362079395690,4181362079395009,7812
2109,"loop_slice_fusion_5.kd",2,8,2339,1279882,1279882,8,8,0,0,20,4,16,64,"0x0","0x7ed35b989380",4181362078907354,4181362079395690,4181362079400778,4181362079406687,5088
2110,"loop_broadcast_fusion_2.kd",2,8,2340,1279882,1279882,32000,256,0,0,4,4,16,64,"0x0","0x7ed35b9893c0",4181362078914735,4181362079400778,4181362079406706,4181362079411323,5928
2111,"input_scatter_fusion_2.kd",2,8,2341,1279882,1279882,32000,256,0,0,12,4,32,64,"0x0","0x7ed35b989400",4181362078921936,4181362079406706,4181362079414158,4181362079416802,7452
2112,"loop_reduce_window_fusion_10.kd",2,8,2342,1279882,1279882,32000,256,0,0,8,0,16,64,"0x0","0x7ed35b989440",4181362078929477,4181362079414158,4181362079418885,4181362079421689,4727
2113,"loop_reduce_window_fusion_11.kd",2,8,2343,1279882,1279882,2048,256,0,0,8,0,16,64,"0x0","0x7ed35b989340",4181362078936938,4181362079418885,4181362079423812,4181362079426256,4927
2114,"loop_slice_fusion_5.kd",2,8,2344,1279882,1279882,8,8,0,0,20,4,16,64,"0x0","0x7ed35b989380",4181362078943287,4181362079423812,4181362079428499,4181362079431023,4687
2115,"loop_slice_fusion_1.kd",2,8,2345,1279882,1279882,125,125,0,0,8,0,16,64,"0x0","0x7ed35b989480",4181362078950558,4181362079428499,4181362079433226,4181362079435600,4727
2116,"input_reduce_fusion_1.kd",2,8,2346,1279882,1279882,64,64,0,0,8,0,16,64,"0x0","0x7ed35b9894c0",4181362078957058,4181362079433226,4181362079437873,4181362079439906,4647
2117,"loop_select_fusion_5.kd",2,8,2347,1279882,1279882,32000,256,0,0,8,0,32,64,"0x0","0x7ed35b989500",4181362078964439,4181362079437873,4181362079442840,4181362079444312,4967
2118,"loop_select_fusion_2.kd",2,8,2348,1279882,1279882,32000,256,0,0,4,4,16,64,"0x0","0x7ed35b989540",4181362078971199,4181362079442840,4181362079447607,4181362079448469,4767
2119,"loop_reduce_window_fusion_10.kd",2,8,2349,1279882,1279882,32000,256,0,0,8,0,16,64,"0x0","0x7ed35b989440",4181362078977929,4181362079447607,4181362079452334,4181362079452855,4727
2120,"loop_reduce_window_fusion_11.kd",2,8,2350,1279882,1279882,2048,256,0,0,8,0,16,64,"0x0","0x7ed35b989340",4181362078984659,4181362079452334,4181362079457181,4181362079458654,4847
2121,"loop_slice_fusion_5.kd",2,8,2351,1279882,1279882,8,8,0,0,20,4,16,64,"0x0","0x7ed35b989380",4181362078991739,4181362079457181,4181362079461909,4181362079462950,4728
2122,"input_concatenate_fusion.kd",2,8,2352,1279882,1279882,32000,256,0,0,12,4,32,64,"0x0","0x7ed35b989580",4181362078999130,4181362079461909,4181362079467116,4181362079467697,5207
2123,"loop_compare_fusion.kd",2,8,2353,1279882,1279882,36096,256,0,0,4,4,16,64,"0x0","0x7ed35b9895c0",4181362079006992,4181362079467116,4181362079472044,4181362079472104,4928
2124,"input_reduce_reduce_window_fusion.kd",2,8,2354,1279882,1279882,11520,256,0,0,24,0,48,64,"0x0","0x7ed35b989600",4181362079014513,4181362079472044,4181362079480296,4181362079480647,8252
2125,"loop_reduce_window_fusion_2.kd",2,8,2355,1279882,1279882,2304,256,0,0,8,0,16,64,"0x0","0x7ed35b989640",4181362079021203,4181362079480296,4181362079485183,4181362079485724,4887
2126,"loop_slice_fusion_8.kd",2,8,2356,1279882,1279882,9,9,0,0,20,4,16,64,"0x0","0x7ed35b989680",4181362079028234,4181362079485183,4181362079489910,4181362079490381,4727
2127,"loop_broadcast_fusion.kd",2,8,2357,1279882,1279882,36096,256,0,0,4,4,16,64,"0x0","0x7ed35b9896c0",4181362079034894,4181362079489910,4181362079494878,4181362079494918,4968
2128,"input_scatter_fusion.kd",2,8,2358,1279882,1279882,36096,256,0,0,12,4,32,64,"0x0","0x7ed35b989700",4181362079042996,4181362079494878,4181362079501968,4181362079501888,7090
2129,"loop_reduce_window_fusion_1.kd",2,8,2359,1279882,1279882,36096,256,0,0,8,0,16,64,"0x0","0x7ed35b989740",4181362079051258,4181362079501968,4181362079506815,4181362079506455,4847
2130,"loop_reduce_window_fusion_2.kd",2,8,2360,1279882,1279882,2304,256,0,0,8,0,16,64,"0x0","0x7ed35b989640",4181362079058649,4181362079506815,4181362079511823,4181362079513515,5008
2131,"loop_slice_fusion_8.kd",2,8,2361,1279882,1279882,9,9,0,0,20,4,16,64,"0x0","0x7ed35b989680",4181362079065609,4181362079511823,4181362079516510,4181362079517822,4687
2132,"loop_slice_fusion.kd",2,8,2362,1279882,1279882,141,141,0,0,8,0,16,64,"0x0","0x7ed35b989780",4181362079074062,4181362079516510,4181362079521197,4181362079532153,4687
2133,"input_reduce_fusion_2.kd",2,8,2363,1279882,1279882,64,64,0,0,8,0,16,64,"0x0","0x7ed35b9897c0",4181362079080782,4181362079521197,4181362079525924,4181362079527787,4727
2134,"loop_select_fusion_4.kd",2,8,2364,1279882,1279882,36096,256,0,0,8,0,32,64,"0x0","0x7ed35b989800",4181362079087912,4181362079525924,4181362079530811,4181362079544532,4887
2135,"loop_select_fusion.kd",2,8,2365,1279882,1279882,36096,256,0,0,8,0,16,64,"0x0","0x7ed35b989840",4181362079095273,4181362079530811,4181362079535698,4181362079539594,4887
2136,"loop_compare_fusion_2.kd",2,8,2366,1279882,1279882,4096,256,0,0,4,4,16,64,"0x0","0x7ed35b989880",4181362079102634,4181362079535698,4181362079540505,4181362079552053,4807
2137,"input_reduce_reduce_window_fusion_2.kd",2,8,2367,1279882,1279882,256,256,512,0,20,4,32,64,"0x0","0x7ed35b9898c0",4181362079110115,4181362079540505,4181362079557371,4181362079559213,16866
2138,"loop_slice_fusion_3.kd",2,8,2368,1279882,1279882,16,16,0,0,20,4,16,64,"0x0","0x7ed35b989900",4181362079117667,4181362079557371,4181362079562057,4181362079566114,4686
2139,"loop_broadcast_fusion_3.kd",2,8,2369,1279882,1279882,4096,256,0,0,4,4,16,64,"0x0","0x7ed35b989940",4181362079124597,4181362079562057,4181362079566865,4181362079577691,4808
2140,"input_scatter_fusion_3.kd",2,8,2370,1279882,1279882,4096,256,0,0,8,0,32,64,"0x0","0x7ed35b989980",4181362079132038,4181362079566865,4181362079572914,4181362079573274,6049
2141,"loop_reduce_window_fusion_13.kd",2,8,2371,1279882,1279882,4096,256,0,0,8,0,16,64,"0x0","0x7ed35b9899c0",4181362079139289,4181362079572914,4181362079577641,4181362079584601,4727
2142,"loop_slice_fusion_3.kd",2,8,2372,1279882,1279882,16,16,0,0,20,4,16,64,"0x0","0x7ed35b989900",4181362079146760,4181362079577641,4181362079582328,4181362079589348,4687
2143,"loop_remainder_fusion.kd",2,8,2373,1279882,1279882,4096,256,0,0,12,4,16,64,"0x0","0x7ed35b989a00",4181362079168202,4181362079582328,4181362079587696,4181362079594085,5368
2144,"loop_select_fusion_3.kd",2,8,2374,1279882,1279882,4096,256,0,0,8,0,32,64,"0x0","0x7ed35b989a40",4181362079175853,4181362079587696,4181362079592383,4181362079601026,4687
2145,"loop_reduce_window_fusion_13.kd",2,8,2375,1279882,1279882,4096,256,0,0,8,0,16,64,"0x0","0x7ed35b9899c0",4181362079182273,4181362079592383,4181362079597110,4181362079616459,4727
2146,"loop_slice_fusion_3.kd",2,8,2376,1279882,1279882,16,16,0,0,20,4,16,64,"0x0","0x7ed35b989900",4181362079188472,4181362079597110,4181362079601757,4181362079621145,4647
2147,"input_concatenate_fusion_1.kd",2,8,2377,1279882,1279882,4096,256,0,0,8,0,32,64,"0x0","0x7ed35b989a80",4181362079196153,4181362079601757,4181362079607165,4181362079607375,5408
2148,"loop_compare_fusion_1.kd",2,8,2378,1279882,1279882,8192,256,0,0,4,4,16,64,"0x0","0x7ed35b989ac0",4181362079202413,4181362079607165,4181362079612052,4181362079611932,4887
2149,"input_reduce_reduce_window_fusion_1.kd",2,8,2379,1279882,1279882,512,512,512,0,20,4,48,64,"0x0","0x7ed35b989b00",4181362079208862,4181362079612052,4181362079629398,4181362079639172,17346
2150,"loop_reduce_window_fusion_6.kd",2,8,2380,1279882,1279882,32,32,0,0,32,0,16,64,"0x0","0x7ed35b989b40",4181362079216283,4181362079629398,4181362079640734,4181362079643799,11336
2151,"loop_broadcast_fusion_1.kd",2,8,2381,1279882,1279882,8192,256,0,0,4,4,16,64,"0x0","0x7ed35b989b80",4181362079222663,4181362079640734,4181362079645822,4181362079648456,5088
2152,"input_scatter_fusion_1.kd",2,8,2382,1279882,1279882,8192,256,0,0,8,0,32,64,"0x0","0x7ed35b989bc0",4181362079229203,4181362079645822,4181362079651070,4181362079654916,5248
2153,"loop_reduce_window_fusion_5.kd",2,8,2383,1279882,1279882,8192,256,0,0,8,0,16,64,"0x0","0x7ed35b989c00",4181362079236704,4181362079651070,4181362079656157,4181362079659452,5087
2154,"loop_reduce_window_fusion_4.kd",2,8,2384,1279882,1279882,512,256,0,0,8,0,16,64,"0x0","0x7ed35b989c40",4181362079243454,4181362079656157,4181362079661285,4181362079663979,5128
2155,"loop_reduce_window_fusion_3.kd",2,8,2385,1279882,1279882,32,32,0,0,8,0,16,64,"0x0","0x7ed35b989c80",4181362079250815,4181362079661285,4181362079666092,4181362079670659,4807
2156,"loop_select_fusion_6.kd",2,8,2386,1279882,1279882,8192,256,0,0,8,0,32,64,"0x0","0x7ed35b989cc0",4181362079258877,4181362079666092,4181362079670979,4181362079675116,4887
2157,"loop_select_fusion_1.kd",2,8,2387,1279882,1279882,8192,256,0,0,8,0,16,64,"0x0","0x7ed35b989d00",4181362079265847,4181362079670979,4181362079675867,4181362079685311,4888
2158,"loop_broadcast_fusion_4.kd",2,8,2388,1279882,1279882,16,16,0,0,4,4,16,64,"0x0","0x7ed35b989d40",4181362079272727,4181362079675867,4181362079680754,4181362079681295,4887
2159,"__amd_rocclr_fillBufferAligned.kd",2,8,2389,1279882,1279882,77824,256,0,0,12,4,48,64,"0x0","0x7ed361483580",4181362079284305,4181362079680754,4181362079694254,4181362079700584,13500
2160,"__amd_rocclr_fillBufferAligned.kd",2,8,2390,1279882,1279882,16128,256,0,0,12,4,48,64,"0x0","0x7ed361483580",4181362079290414,4181362079694254,4181362079699181,4181362079704900,4927
2161,"transformer_engine::fused_attn_rocm::populate_rng_state_kernel(long*, long const*, long) [clone .kd]",2,8,2391,1279882,1279882,1,1,0,0,8,0,16,64,"0x0","0x7ed35b9ad380",4181362079299467,4181362079699181,4181362079704109,4181362079711199,4928
2162,"__amd_rocclr_fillBufferAligned.kd",2,8,2392,1279882,1279882,256,256,0,0,12,4,48,64,"0x0","0x7ed361483580",4181362079309542,4181362079704109,4181362079708836,4181362079715977,4727
2163,"ck_fused_attn::get_runtime_max_seqlen_kernel(unsigned long, int const*, int const*, unsigned long*) [clone .kd]",2,8,2393,1279882,1279882,4096,128,0,0,4,4,32,64,"0x0","0x7ed35b978940",4181362079316372,4181362079708836,4181362079714604,4181362079720804,5768
2164,"__amd_rocclr_copyBuffer.kd",2,8,2394,1279882,1279882,512,512,0,0,16,0,32,64,"0x7f13dfde9600","0x7ed361483600",4181362079324645,4181362079714604,4181362079720213,4181362079727484,5609
2165,"__amd_rocclr_fillBufferAligned.kd",2,8,2396,1279882,1279882,256,256,0,0,12,4,48,64,"0x0","0x7ed361483580",4181362079767253,4181362079776977,4181362079778980,4181362079804859,2003
2166,"ck_fused_attn::get_runtime_max_seqlen_kernel(unsigned long, int const*, int const*, unsigned long*) [clone .kd]",2,8,2397,1279882,1279882,4096,128,0,0,4,4,32,64,"0x0","0x7ed35b978940",4181362079776867,4181362079786551,4181362079794764,4181362079815495,8213
2167,"__amd_rocclr_copyBuffer.kd",2,8,2398,1279882,1279882,512,512,0,0,16,0,32,64,"0x7f13dfc71880","0x7ed361483600",4181362079785520,4181362079794764,4181362079801013,4181362079810687,6249
2168,"void transformer_engine::fused_attn_rocm::compute_scores_kernel<__half, transformer_engine::fused_attn_rocm::SmallSeqConfig<8, 128, 256, false, (transformer_engine::fused_attn_rocm::CausalMaskType)0>, 1>(__half const*, __half const*, __half*, float, int const*, int const*, int, int) [clone .kd]",2,8,2400,1279882,1279882,64000,64,0,0,100,4,48,64,"0x0","0x7ed33c14ec00",4181362079827182,4181362079837267,4181362079879730,4181362079881543,42463
2169,"void transformer_engine::fused_attn_rocm::apply_mask_and_softmax_kernel<__half, transformer_engine::fused_attn_rocm::SmallSeqConfig<8, 128, 256, false, (transformer_engine::fused_attn_rocm::CausalMaskType)0> >(__half*, __half const*, float, int const*, int, int) [clone .kd]",2,8,2401,1279882,1279882,512000,256,1024,0,16,0,16,64,"0x0","0x7ed33c14ec40",4181362079834813,4181362079879730,4181362079885058,4181362079890646,5328
2170,"void transformer_engine::fused_attn_rocm::compute_output_kernel<__half, transformer_engine::fused_attn_rocm::SmallSeqConfig<8, 128, 256, false, (transformer_engine::fused_attn_rocm::CausalMaskType)0>, 2, 8>(__half const*, __half const*, __half*, int const*, int const*, int, int) [clone .kd]",2,8,2402,1279882,1279882,512000,64,16384,0,20,4,32,64,"0x0","0x7ed33c14ec80",4181362079842565,4181362079885058,4181362079938537,4181362079939789,53479
2171,"loop_broadcast_fusion_5.kd",2,8,2403,1279882,1279882,2048000,256,0,0,4,4,16,64,"0x0","0x7ed35b989d80",4181362079852029,4181362079938537,4181362079946589,4181362079947691,8052
2172,"__amd_rocclr_fillBufferAligned.kd",2,8,2404,1279882,1279882,77824,256,0,0,12,4,48,64,"0x0","0x7ed361483580",4181362079873951,4181362079946589,4181362079953440,4181362079954441,6851
2173,"__amd_rocclr_fillBufferAligned.kd",2,8,2405,1279882,1279882,77824,256,0,0,12,4,48,64,"0x0","0x7ed361483580",4181362079879640,4181362079953440,4181362079975713,4181362079978928,22273
2174,"__amd_rocclr_fillBufferAligned.kd",2,8,2406,1279882,1279882,77824,256,0,0,12,4,48,64,"0x0","0x7ed361483580",4181362079903966,4181362079975713,4181362079998787,4181362080002753,23074
2175,"__amd_rocclr_fillBufferAligned.kd",2,8,2407,1279882,1279882,256,256,0,0,12,4,48,64,"0x0","0x7ed361483580",4181362079913110,4181362079998787,4181362080003594,4181362080009573,4807
2176,"ck_fused_attn::get_runtime_max_seqlen_kernel(unsigned long, int const*, int const*, unsigned long*) [clone .kd]",2,8,2408,1279882,1279882,4096,128,0,0,4,4,32,64,"0x0","0x7ed35b978940",4181362079919599,4181362080003594,4181362080009643,4181362080014280,6049
2177,"__amd_rocclr_copyBuffer.kd",2,8,2409,1279882,1279882,512,512,0,0,16,0,32,64,"0x7f13dfc71a00","0x7ed361483600",4181362079926650,4181362080009643,4181362080015211,4181362080021030,5568
2178,"__amd_rocclr_fillBufferAligned.kd",2,8,2411,1279882,1279882,256,256,0,0,12,4,48,64,"0x0","0x7ed361483580",4181362080039948,4181362080052186,4181362080054189,4181362080055341,2003
2179,"ck_fused_attn::get_runtime_max_seqlen_kernel(unsigned long, int const*, int const*, unsigned long*) [clone .kd]",2,8,2412,1279882,1279882,4096,128,0,0,4,4,32,64,"0x0","0x7ed35b978940",4181362080051185,4181362080059557,4181362080065406,4181362080066959,5849
2180,"__amd_rocclr_copyBuffer.kd",2,8,2413,1279882,1279882,512,512,0,0,16,0,32,64,"0x7f13dfde9300","0x7ed361483600",4181362080058236,4181362080073017,4181362080079467,4181362080082802,6450
2181,"void transformer_engine::fused_attn_rocm::compute_grad_v_kernel<__half, transformer_engine::fused_attn_rocm::SmallSeqConfig<8, 128, 256, false, (transformer_engine::fused_attn_rocm::CausalMaskType)0>, 16, 16>(__half const*, __half const*, __half*, int const*, int const*, int, int) [clone .kd]",2,8,2415,1279882,1279882,256000,64,16384,0,28,4,32,64,"0x0","0x7ed33c150400",4181362080098405,4181362080110633,4181362080179095,4181362080189691,68462
2182,"void transformer_engine::fused_attn_rocm::compute_grad_attn_kernel<__half, transformer_engine::fused_attn_rocm::SmallSeqConfig<8, 128, 256, false, (transformer_engine::fused_attn_rocm::CausalMaskType)0>, 16>(__half const*, __half const*, __half*, int const*, int const*, int, int) [clone .kd]",2,8,2416,1279882,1279882,8000,64,0,0,104,0,64,64,"0x0","0x7ed33c150440",4181362080108520,4181362080179095,4181362080527373,4181362080535906,348278
2183,"void transformer_engine::fused_attn_rocm::softmax_backward_kernel<__half, transformer_engine::fused_attn_rocm::SmallSeqConfig<8, 128, 256, false, (transformer_engine::fused_attn_rocm::CausalMaskType)0> >(__half const*, __half const*, __half*, float, int const*, int, int) [clone .kd]",2,8,2417,1279882,1279882,512000,256,1024,0,12,4,16,64,"0x0","0x7ed33c150480",4181362080115901,4181362080527373,4181362080533262,4181362080545370,5889
2184,"void transformer_engine::fused_attn_rocm::compute_grad_qk_kernel<__half, transformer_engine::fused_attn_rocm::SmallSeqConfig<8, 128, 256, false, (transformer_engine::fused_attn_rocm::CausalMaskType)0>, 4, 16>(__half const*, __half const*, __half const*, __half*, __half*, float, int const*, int const*, int, int) [clone .kd]",2,8,2418,1279882,1279882,1024000,64,16384,0,36,4,64,64,"0x0","0x7ed33c1504c0",4181362080124104,4181362080533262,4181362080706720,4181362080723315,173458
2185,"input_reduce_fusion.kd",2,8,2419,1279882,1279882,524288,256,512,0,16,0,16,64,"0x0","0x7ed35b989dc0",4181362080135591,4181362080706720,4181362080715813,4181362080731076,9093
2186,"input_reduce_fusion_3.kd",2,8,2420,1279882,1279882,128,128,512,0,24,0,16,64,"0x0","0x7ed35b989e00",4181362080142641,4181362080715813,4181362080721302,4181362080737536,5489
2187,"loop_convert_fusion.kd",2,8,2421,1279882,1279882,1,1,0,0,4,4,16,64,"0x0","0x7ed35b989e40",4181362080149421,4181362080721302,4181362080725428,4181362080743745,4126
2188,"input_reduce_reduce_window_fusion_3.kd",2,8,2424,1279882,1279882,8192,256,0,0,28,4,48,64,"0x0","0x7ed35b989300",4181362080279635,4181362080738207,4181362080749864,4181362080753039,11657
2189,"loop_reduce_window_fusion_11.kd",2,8,2425,1279882,1279882,2048,256,0,0,8,0,16,64,"0x0","0x7ed35b989340",4181362080289820,4181362080749864,4181362080757676,4181362080766329,7812
2190,"loop_slice_fusion_5.kd",2,8,2426,1279882,1279882,8,8,0,0,20,4,16,64,"0x0","0x7ed35b989380",4181362080296500,4181362080757676,4181362080762803,4181362080770855,5127
2191,"loop_broadcast_fusion_2.kd",2,8,2427,1279882,1279882,32000,256,0,0,4,4,16,64,"0x0","0x7ed35b9893c0",4181362080303340,4181362080762803,4181362080768492,4181362080775673,5689
2192,"input_scatter_fusion_2.kd",2,8,2428,1279882,1279882,32000,256,0,0,12,4,32,64,"0x0","0x7ed35b989400",4181362080310831,4181362080768492,4181362080776223,4181362080780870,7731
2193,"loop_reduce_window_fusion_10.kd",2,8,2429,1279882,1279882,32000,256,0,0,8,0,16,64,"0x0","0x7ed35b989440",4181362080318583,4181362080776223,4181362080781912,4181362080785738,5689
2194,"loop_reduce_window_fusion_11.kd",2,8,2430,1279882,1279882,2048,256,0,0,8,0,16,64,"0x0","0x7ed35b989340",4181362080326164,4181362080781912,4181362080787841,4181362080790495,5929
2195,"loop_slice_fusion_5.kd",2,8,2431,1279882,1279882,8,8,0,0,20,4,16,64,"0x0","0x7ed35b989380",4181362080333265,4181362080787841,4181362080792568,4181362080795112,4727
2196,"loop_slice_fusion_1.kd",2,8,2432,1279882,1279882,125,125,0,0,8,0,16,64,"0x0","0x7ed35b989480",4181362080340555,4181362080792568,4181362080798256,4181362080799708,5688
2197,"input_reduce_fusion_1.kd",2,8,2433,1279882,1279882,64,64,0,0,8,0,16,64,"0x0","0x7ed35b9894c0",4181362080347636,4181362080798256,4181362080802983,4181362080804345,4727
2198,"loop_select_fusion_5.kd",2,8,2434,1279882,1279882,32000,256,0,0,8,0,32,64,"0x0","0x7ed35b989500",4181362080355998,4181362080802983,4181362080808672,4181362080808972,5689
2199,"loop_select_fusion_2.kd",2,8,2435,1279882,1279882,32000,256,0,0,4,4,16,64,"0x0","0x7ed35b989540",4181362080364351,4181362080808672,4181362080813399,4181362080813228,4727
2200,"loop_reduce_window_fusion_10.kd",2,8,2436,1279882,1279882,32000,256,0,0,8,0,16,64,"0x0","0x7ed35b989440",4181362080371261,4181362080813399,4181362080819087,4181362080827269,5688
2201,"loop_reduce_window_fusion_11.kd",2,8,2437,1279882,1279882,2048,256,0,0,8,0,16,64,"0x0","0x7ed35b989340",4181362080377691,4181362080819087,4181362080825296,4181362080831836,6209
2202,"loop_slice_fusion_5.kd",2,8,2438,1279882,1279882,8,8,0,0,20,4,16,64,"0x0","0x7ed35b989380",4181362080384611,4181362080825296,4181362080831065,4181362080836743,5769
2203,"input_concatenate_fusion.kd",2,8,2439,1279882,1279882,32000,256,0,0,12,4,32,64,"0x0","0x7ed35b989580",4181362080391391,4181362080831065,4181362080837194,4181362080841430,6129
2204,"loop_compare_fusion.kd",2,8,2440,1279882,1279882,36096,256,0,0,4,4,16,64,"0x0","0x7ed35b9895c0",4181362080398622,4181362080837194,4181362080842081,4181362080846408,4887
2205,"input_reduce_reduce_window_fusion.kd",2,8,2441,1279882,1279882,11520,256,0,0,24,0,48,64,"0x0","0x7ed35b989600",4181362080405662,4181362080842081,4181362080850494,4181362080850904,8413
2206,"loop_reduce_window_fusion_2.kd",2,8,2442,1279882,1279882,2304,256,0,0,8,0,16,64,"0x0","0x7ed35b989640",4181362080413534,4181362080850494,4181362080855381,4181362080855431,4887
2207,"loop_slice_fusion_8.kd",2,8,2443,1279882,1279882,9,9,0,0,20,4,16,64,"0x0","0x7ed35b989680",4181362080420334,4181362080855381,4181362080859988,4181362080859708,4607
2208,"loop_broadcast_fusion.kd",2,8,2444,1279882,1279882,36096,256,0,0,4,4,16,64,"0x0","0x7ed35b9896c0",4181362080427795,4181362080859988,4181362080864875,4181362080864294,4887
2209,"input_scatter_fusion.kd",2,8,2445,1279882,1279882,36096,256,0,0,12,4,32,64,"0x0","0x7ed35b989700",4181362080435407,4181362080864875,4181362080871845,4181362080872256,6970
2210,"loop_reduce_window_fusion_1.kd",2,8,2446,1279882,1279882,36096,256,0,0,8,0,16,64,"0x0","0x7ed35b989740",4181362080442918,4181362080871845,4181362080876693,4181362080876753,4848
2211,"loop_reduce_window_fusion_2.kd",2,8,2447,1279882,1279882,2304,256,0,0,8,0,16,64,"0x0","0x7ed35b989640",4181362080450038,4181362080876693,4181362080881620,4181362080880989,4927
2212,"loop_slice_fusion_8.kd",2,8,2448,1279882,1279882,9,9,0,0,20,4,16,64,"0x0","0x7ed35b989680",4181362080456798,4181362080881620,4181362080886267,4181362080885686,4647
2213,"loop_slice_fusion.kd",2,8,2449,1279882,1279882,141,141,0,0,8,0,16,64,"0x0","0x7ed35b989780",4181362080464470,4181362080886267,4181362080890954,4181362080894409,4687
2214,"input_reduce_fusion_2.kd",2,8,2450,1279882,1279882,64,64,0,0,8,0,16,64,"0x0","0x7ed35b9897c0",4181362080471410,4181362080890954,4181362080895641,4181362080906667,4687
2215,"loop_select_fusion_4.kd",2,8,2451,1279882,1279882,36096,256,0,0,8,0,32,64,"0x0","0x7ed35b989800",4181362080478471,4181362080895641,4181362080900448,4181362080902231,4807
2216,"loop_select_fusion.kd",2,8,2452,1279882,1279882,36096,256,0,0,8,0,16,64,"0x0","0x7ed35b989840",4181362080486422,4181362080900448,4181362080905415,4181362080913658,4967
2217,"loop_compare_fusion_2.kd",2,8,2453,1279882,1279882,4096,256,0,0,4,4,16,64,"0x0","0x7ed35b989880",4181362080492642,4181362080905415,4181362080910223,4181362080918315,4808
2218,"input_reduce_reduce_window_fusion_2.kd",2,8,2454,1279882,1279882,256,256,512,0,20,4,32,64,"0x0","0x7ed35b9898c0",4181362080500764,4181362080910223,4181362080926807,4181362080938475,16584
2219,"loop_slice_fusion_3.kd",2,8,2455,1279882,1279882,16,16,0,0,20,4,16,64,"0x0","0x7ed35b989900",4181362080507744,4181362080926807,4181362080931534,4181362080965755,4727
2220,"loop_broadcast_fusion_3.kd",2,8,2456,1279882,1279882,4096,256,0,0,4,4,16,64,"0x0","0x7ed35b989940",4181362080514604,4181362080931534,4181362080936462,4181362080961289,4928
2221,"input_scatter_fusion_3.kd",2,8,2457,1279882,1279882,4096,256,0,0,8,0,32,64,"0x0","0x7ed35b989980",4181362080522376,4181362080936462,4181362080942511,4181362080943332,6049
2222,"loop_reduce_window_fusion_13.kd",2,8,2458,1279882,1279882,4096,256,0,0,8,0,16,64,"0x0","0x7ed35b9899c0",4181362080528966,4181362080942511,4181362080947278,4181362080947959,4767
2223,"loop_slice_fusion_3.kd",2,8,2459,1279882,1279882,16,16,0,0,20,4,16,64,"0x0","0x7ed35b989900",4181362080535275,4181362080947278,4181362080951965,4181362080952606,4687
2224,"loop_remainder_fusion.kd",2,8,2460,1279882,1279882,4096,256,0,0,12,4,16,64,"0x0","0x7ed35b989a00",4181362080559882,4181362080951965,4181362080957413,4181362080956902,5448
2225,"loop_select_fusion_3.kd",2,8,2461,1279882,1279882,4096,256,0,0,8,0,32,64,"0x0","0x7ed35b989a40",4181362080568755,4181362080957413,4181362080962140,4181362080983752,4727
2226,"loop_reduce_window_fusion_13.kd",2,8,2462,1279882,1279882,4096,256,0,0,8,0,16,64,"0x0","0x7ed35b9899c0",4181362080576136,4181362080962140,4181362080966987,4181362080977302,4847
2227,"loop_slice_fusion_3.kd",2,8,2463,1279882,1279882,16,16,0,0,20,4,16,64,"0x0","0x7ed35b989900",4181362080583176,4181362080966987,4181362080971634,4181362080972676,4647
2228,"input_concatenate_fusion_1.kd",2,8,2464,1279882,1279882,4096,256,0,0,8,0,32,64,"0x0","0x7ed35b989a80",4181362080590457,4181362080971634,4181362080977122,4181362080988149,5488
2229,"loop_compare_fusion_1.kd",2,8,2465,1279882,1279882,8192,256,0,0,4,4,16,64,"0x0","0x7ed35b989ac0",4181362080598229,4181362080977122,4181362080982129,4181362080992816,5007
2230,"input_reduce_reduce_window_fusion_1.kd",2,8,2466,1279882,1279882,512,512,512,0,20,4,48,64,"0x0","0x7ed35b989b00",4181362080605259,4181362080982129,4181362080999836,4181362080999786,17707
2231,"loop_reduce_window_fusion_6.kd",2,8,2467,1279882,1279882,32,32,0,0,32,0,16,64,"0x0","0x7ed35b989b40",4181362080612169,4181362080999836,4181362081011133,4181362081016491,11297
2232,"loop_broadcast_fusion_1.kd",2,8,2468,1279882,1279882,8192,256,0,0,4,4,16,64,"0x0","0x7ed35b989b80",4181362080619590,4181362081011133,4181362081016140,4181362081021568,5007
2233,"input_scatter_fusion_1.kd",2,8,2469,1279882,1279882,8192,256,0,0,8,0,32,64,"0x0","0x7ed35b989bc0",4181362080627292,4181362081016140,4181362081021388,4181362081025995,5248
2234,"loop_reduce_window_fusion_5.kd",2,8,2470,1279882,1279882,8192,256,0,0,8,0,16,64,"0x0","0x7ed35b989c00",4181362080634483,4181362081021388,4181362081026475,4181362081030762,5087
2235,"loop_reduce_window_fusion_4.kd",2,8,2471,1279882,1279882,512,256,0,0,8,0,16,64,"0x0","0x7ed35b989c40",4181362080642154,4181362081026475,4181362081031363,4181362081035399,4888
2236,"loop_reduce_window_fusion_3.kd",2,8,2472,1279882,1279882,32,32,0,0,8,0,16,64,"0x0","0x7ed35b989c80",4181362080648964,4181362081031363,4181362081036170,4181362081039856,4807
2237,"loop_select_fusion_6.kd",2,8,2473,1279882,1279882,8192,256,0,0,8,0,32,64,"0x0","0x7ed35b989cc0",4181362080656295,4181362081036170,4181362081041057,4181362081044542,4887
2238,"loop_select_fusion_1.kd",2,8,2474,1279882,1279882,8192,256,0,0,8,0,16,64,"0x0","0x7ed35b989d00",4181362080664037,4181362081041057,4181362081045904,4181362081055809,4847
2239,"loop_broadcast_fusion_4.kd",2,8,2475,1279882,1279882,16,16,0,0,4,4,16,64,"0x0","0x7ed35b989d40",4181362080671317,4181362081045904,4181362081050792,4181362081051553,4888
2240,"__amd_rocclr_fillBufferAligned.kd",2,8,2476,1279882,1279882,77824,256,0,0,12,4,48,64,"0x0","0x7ed361483580",4181362080683135,4181362081050792,4181362081064652,4181362081076831,13860
2241,"__amd_rocclr_fillBufferAligned.kd",2,8,2477,1279882,1279882,16128,256,0,0,12,4,48,64,"0x0","0x7ed361483580",4181362080689695,4181362081064652,4181362081069780,4181362081072093,5128
2242,"transformer_engine::fused_attn_rocm::populate_rng_state_kernel(long*, long const*, long) [clone .kd]",2,8,2478,1279882,1279882,1,1,0,0,8,0,16,64,"0x0","0x7ed35b9ad380",4181362080698898,4181362081069780,4181362081074627,4181362081087476,4847
2243,"__amd_rocclr_fillBufferAligned.kd",2,8,2479,1279882,1279882,256,256,0,0,12,4,48,64,"0x0","0x7ed361483580",4181362080708613,4181362081074627,4181362081079354,4181362081083090,4727
2244,"ck_fused_attn::get_runtime_max_seqlen_kernel(unsigned long, int const*, int const*, unsigned long*) [clone .kd]",2,8,2480,1279882,1279882,4096,128,0,0,4,4,32,64,"0x0","0x7ed35b978940",4181362080714632,4181362081079354,4181362081085163,4181362081092023,5809
2245,"__amd_rocclr_copyBuffer.kd",2,8,2481,1279882,1279882,512,512,0,0,16,0,32,64,"0x7f13dfde9100","0x7ed361483600",4181362080722494,4181362081085163,4181362081090811,4181362081098923,5648
2246,"__amd_rocclr_fillBufferAligned.kd",2,8,2483,1279882,1279882,256,256,0,0,12,4,48,64,"0x0","0x7ed361483580",4181362081138272,4181362081148537,4181362081150500,4181362081177260,1963
2247,"ck_fused_attn::get_runtime_max_seqlen_kernel(unsigned long, int const*, int const*, unsigned long*) [clone .kd]",2,8,2484,1279882,1279882,4096,128,0,0,4,4,32,64,"0x0","0x7ed35b978940",4181362081147946,4181362081156749,4181362081162398,4181362081186854,5649
2248,"__amd_rocclr_copyBuffer.kd",2,8,2485,1279882,1279882,512,512,0,0,16,0,32,64,"0x7f13dfde9000","0x7ed361483600",4181362081156179,4181362081167245,4181362081172813,4181362081182067,5568
2249,"void transformer_engine::fused_attn_rocm::compute_scores_kernel<__half, transformer_engine::fused_attn_rocm::SmallSeqConfig<8, 128, 256, false, (transformer_engine::fused_attn_rocm::CausalMaskType)0>, 1>(__half const*, __half const*, __half*, float, int const*, int const*, int, int) [clone .kd]",2,8,2487,1279882,1279882,64000,64,0,0,100,4,48,64,"0x0","0x7ed33c14ec00",4181362081198742,4181362081209147,4181362081243518,4181362081248906,34371
2250,"void transformer_engine::fused_attn_rocm::apply_mask_and_softmax_kernel<__half, transformer_engine::fused_attn_rocm::SmallSeqConfig<8, 128, 256, false, (transformer_engine::fused_attn_rocm::CausalMaskType)0> >(__half*, __half const*, float, int const*, int, int) [clone .kd]",2,8,2488,1279882,1279882,512000,256,1024,0,16,0,16,64,"0x0","0x7ed33c14ec40",4181362081206754,4181362081243518,4181362081248926,4181362081258631,5408
2251,"void transformer_engine::fused_attn_rocm::compute_output_kernel<__half, transformer_engine::fused_attn_rocm::SmallSeqConfig<8, 128, 256, false, (transformer_engine::fused_attn_rocm::CausalMaskType)0>, 2, 8>(__half const*, __half const*, __half*, int const*, int const*, int, int) [clone .kd]",2,8,2489,1279882,1279882,512000,64,16384,0,20,4,32,64,"0x0","0x7ed33c14ec80",4181362081221606,4181362081248926,4181362081302326,4181362081316677,53400
2252,"loop_broadcast_fusion_5.kd",2,8,2490,1279882,1279882,2048000,256,0,0,4,4,16,64,"0x0","0x7ed35b989d80",4181362081230709,4181362081302326,4181362081310418,4181362081310999,8092
2253,"__amd_rocclr_fillBufferAligned.kd",2,8,2491,1279882,1279882,77824,256,0,0,12,4,48,64,"0x0","0x7ed361483580",4181362081243759,4181362081310418,4181362081317308,4181362081321625,6890
2254,"__amd_rocclr_fillBufferAligned.kd",2,8,2492,1279882,1279882,77824,256,0,0,12,4,48,64,"0x0","0x7ed361483580",4181362081250789,4181362081317308,4181362081339621,4181362081346572,22313
2255,"__amd_rocclr_fillBufferAligned.kd",2,8,2493,1279882,1279882,77824,256,0,0,12,4,48,64,"0x0","0x7ed361483580",4181362081271490,4181362081339621,4181362081362455,4181362081362195,22834
2256,"__amd_rocclr_fillBufferAligned.kd",2,8,2494,1279882,1279882,256,256,0,0,12,4,48,64,"0x0","0x7ed361483580",4181362081279792,4181362081362455,4181362081367102,4181362081369125,4647
2257,"ck_fused_attn::get_runtime_max_seqlen_kernel(unsigned long, int const*, int const*, unsigned long*) [clone .kd]",2,8,2495,1279882,1279882,4096,128,0,0,4,4,32,64,"0x0","0x7ed35b978940",4181362081286873,4181362081367102,4181362081373071,4181362081375925,5969
2258,"__amd_rocclr_copyBuffer.kd",2,8,2496,1279882,1279882,512,512,0,0,16,0,32,64,"0x7f13dfde8f00","0x7ed361483600",4181362081294755,4181362081373071,4181362081378799,4181362081382415,5728
2259,"__amd_rocclr_fillBufferAligned.kd",2,8,2498,1279882,1279882,256,256,0,0,12,4,48,64,"0x0","0x7ed361483580",4181362081400622,4181362081412690,4181362081414813,4181362081417397,2123
2260,"ck_fused_attn::get_runtime_max_seqlen_kernel(unsigned long, int const*, int const*, unsigned long*) [clone .kd]",2,8,2499,1279882,1279882,4096,128,0,0,4,4,32,64,"0x0","0x7ed35b978940",4181362081416696,4181362081431958,4181362081438128,4181362081438038,6170
2261,"__amd_rocclr_copyBuffer.kd",2,8,2500,1279882,1279882,512,512,0,0,16,0,32,64,"0x7f13dfde8e00","0x7ed361483600",4181362081430116,4181362081443015,4181362081447101,4181362081453551,4086
2262,"void transformer_engine::fused_attn_rocm::compute_grad_v_kernel<__half, transformer_engine::fused_attn_rocm::SmallSeqConfig<8, 128, 256, false, (transformer_engine::fused_attn_rocm::CausalMaskType)0>, 16, 16>(__half const*, __half const*, __half*, int const*, int const*, int, int) [clone .kd]",2,8,2502,1279882,1279882,256000,64,16384,0,28,4,32,64,"0x0","0x7ed33c150400",4181362081469755,4181362081481272,4181362081546809,4181362081553680,65537
2263,"void transformer_engine::fused_attn_rocm::compute_grad_attn_kernel<__half, transformer_engine::fused_attn_rocm::SmallSeqConfig<8, 128, 256, false, (transformer_engine::fused_attn_rocm::CausalMaskType)0>, 16>(__half const*, __half const*, __half*, int const*, int const*, int, int) [clone .kd]",2,8,2503,1279882,1279882,8000,64,0,0,104,0,64,64,"0x0","0x7ed33c150440",4181362081479119,4181362081546809,4181362081897010,4181362081904041,350201
2264,"void transformer_engine::fused_attn_rocm::softmax_backward_kernel<__half, transformer_engine::fused_attn_rocm::SmallSeqConfig<8, 128, 256, false, (transformer_engine::fused_attn_rocm::CausalMaskType)0> >(__half const*, __half const*, __half*, float, int const*, int, int) [clone .kd]",2,8,2504,1279882,1279882,512000,256,1024,0,12,4,16,64,"0x0","0x7ed33c150480",4181362081489294,4181362081897010,4181362081902899,4181362081911121,5889
2265,"void transformer_engine::fused_attn_rocm::compute_grad_qk_kernel<__half, transformer_engine::fused_attn_rocm::SmallSeqConfig<8, 128, 256, false, (transformer_engine::fused_attn_rocm::CausalMaskType)0>, 4, 16>(__half const*, __half const*, __half const*, __half*, __half*, float, int const*, int const*, int, int) [clone .kd]",2,8,2505,1279882,1279882,1024000,64,16384,0,36,4,64,64,"0x0","0x7ed33c1504c0",4181362081497306,4181362081902899,4181362082096387,4181362082101134,193488
2266,"input_reduce_fusion.kd",2,8,2506,1279882,1279882,524288,256,512,0,16,0,16,64,"0x0","0x7ed35b989dc0",4181362081506029,4181362082096387,4181362082105721,4181362082108014,9334
2267,"input_reduce_fusion_3.kd",2,8,2507,1279882,1279882,128,128,512,0,24,0,16,64,"0x0","0x7ed35b989e00",4181362081513220,4181362082105721,4181362082111209,4181362082112982,5488
2268,"loop_convert_fusion.kd",2,8,2508,1279882,1279882,1,1,0,0,4,4,16,64,"0x0","0x7ed35b989e40",4181362081519769,4181362082111209,4181362082115335,4181362082120102,4126
2269,"input_reduce_reduce_window_fusion_3.kd",2,8,2511,1279882,1279882,8192,256,0,0,28,4,48,64,"0x0","0x7ed35b989300",4181362081643914,4181362082128154,4181362082140412,4181362082150047,12258
2270,"loop_reduce_window_fusion_11.kd",2,8,2512,1279882,1279882,2048,256,0,0,8,0,16,64,"0x0","0x7ed35b989340",4181362081653238,4181362082140412,4181362082147102,4181362082154984,6690
2271,"loop_slice_fusion_5.kd",2,8,2513,1279882,1279882,8,8,0,0,20,4,16,64,"0x0","0x7ed35b989380",4181362081661079,4181362082147102,4181362082152550,4181362082167342,5448
2272,"loop_broadcast_fusion_2.kd",2,8,2514,1279882,1279882,32000,256,0,0,4,4,16,64,"0x0","0x7ed35b9893c0",4181362081667990,4181362082152550,4181362082157237,4181362082172580,4687
2273,"input_scatter_fusion_2.kd",2,8,2515,1279882,1279882,32000,256,0,0,12,4,32,64,"0x0","0x7ed35b989400",4181362081676733,4181362082157237,4181362082164969,4181362082177588,7732
2274,"loop_reduce_window_fusion_10.kd",2,8,2516,1279882,1279882,32000,256,0,0,8,0,16,64,"0x0","0x7ed35b989440",4181362081683943,4181362082164969,4181362082169776,4181362082182956,4807
2275,"loop_reduce_window_fusion_11.kd",2,8,2517,1279882,1279882,2048,256,0,0,8,0,16,64,"0x0","0x7ed35b989340",4181362081691084,4181362082169776,4181362082174663,4181362082188053,4887
2276,"loop_slice_fusion_5.kd",2,8,2518,1279882,1279882,8,8,0,0,20,4,16,64,"0x0","0x7ed35b989380",4181362081697574,4181362082174663,4181362082179350,4181362082192660,4687
2277,"loop_slice_fusion_1.kd",2,8,2519,1279882,1279882,125,125,0,0,8,0,16,64,"0x0","0x7ed35b989480",4181362081704895,4181362082179350,4181362082183797,4181362082197467,4447
2278,"input_reduce_fusion_1.kd",2,8,2520,1279882,1279882,64,64,0,0,8,0,16,64,"0x0","0x7ed35b9894c0",4181362081711524,4181362082183797,4181362082188444,4181362082202354,4647
2279,"loop_select_fusion_5.kd",2,8,2521,1279882,1279882,32000,256,0,0,8,0,32,64,"0x0","0x7ed35b989500",4181362081719146,4181362082188444,4181362082193411,4181362082206941,4967
2280,"loop_select_fusion_2.kd",2,8,2522,1279882,1279882,32000,256,0,0,4,4,16,64,"0x0","0x7ed35b989540",4181362081726367,4181362082193411,4181362082198178,4181362082211398,4767
2281,"loop_reduce_window_fusion_10.kd",2,8,2523,1279882,1279882,32000,256,0,0,8,0,16,64,"0x0","0x7ed35b989440",4181362081732996,4181362082198178,4181362082202985,4181362082217637,4807
2282,"loop_reduce_window_fusion_11.kd",2,8,2524,1279882,1279882,2048,256,0,0,8,0,16,64,"0x0","0x7ed35b989340",4181362081740347,4181362082202985,4181362082207872,4181362082222294,4887
2283,"loop_slice_fusion_5.kd",2,8,2525,1279882,1279882,8,8,0,0,20,4,16,64,"0x0","0x7ed35b989380",4181362081747007,4181362082207872,4181362082212559,4181362082226801,4687
2284,"input_concatenate_fusion.kd",2,8,2526,1279882,1279882,32000,256,0,0,12,4,32,64,"0x0","0x7ed35b989580",4181362081754659,4181362082212559,4181362082217727,4181362082231558,5168
2285,"loop_compare_fusion.kd",2,8,2527,1279882,1279882,36096,256,0,0,4,4,16,64,"0x0","0x7ed35b9895c0",4181362081761268,4181362082217727,4181362082222695,4181362082236135,4968
2286,"input_reduce_reduce_window_fusion.kd",2,8,2528,1279882,1279882,11520,256,0,0,24,0,48,64,"0x0","0x7ed35b989600",4181362081768459,4181362082222695,4181362082231147,4181362082240521,8452
2287,"loop_reduce_window_fusion_2.kd",2,8,2529,1279882,1279882,2304,256,0,0,8,0,16,64,"0x0","0x7ed35b989640",4181362081774769,4181362082231147,4181362082236155,4181362082245138,5008
2288,"loop_slice_fusion_8.kd",2,8,2530,1279882,1279882,9,9,0,0,20,4,16,64,"0x0","0x7ed35b989680",4181362081782029,4181362082236155,4181362082240842,4181362082250055,4687
2289,"loop_broadcast_fusion.kd",2,8,2531,1279882,1279882,36096,256,0,0,4,4,16,64,"0x0","0x7ed35b9896c0",4181362081788980,4181362082240842,4181362082245809,4181362082254903,4967
2290,"input_scatter_fusion.kd",2,8,2532,1279882,1279882,36096,256,0,0,12,4,32,64,"0x0","0x7ed35b989700",4181362081796691,4181362082245809,4181362082252739,4181362082259449,6930
2291,"loop_reduce_window_fusion_1.kd",2,8,2533,1279882,1279882,36096,256,0,0,8,0,16,64,"0x0","0x7ed35b989740",4181362081805835,4181362082252739,4181362082257626,4181362082263916,4887
2292,"loop_reduce_window_fusion_2.kd",2,8,2534,1279882,1279882,2304,256,0,0,8,0,16,64,"0x0","0x7ed35b989640",4181362081812445,4181362082257626,4181362082262634,4181362082268222,5008
2293,"loop_slice_fusion_8.kd",2,8,2535,1279882,1279882,9,9,0,0,20,4,16,64,"0x0","0x7ed35b989680",4181362081819305,4181362082262634,4181362082267321,4181362082274332,4687
2294,"loop_slice_fusion.kd",2,8,2536,1279882,1279882,141,141,0,0,8,0,16,64,"0x0","0x7ed35b989780",4181362081826786,4181362082267321,4181362082272048,4181362082279349,4727
2295,"input_reduce_fusion_2.kd",2,8,2537,1279882,1279882,64,64,0,0,8,0,16,64,"0x0","0x7ed35b9897c0",4181362081834177,4181362082272048,4181362082276775,4181362082287671,4727
2296,"loop_select_fusion_4.kd",2,8,2538,1279882,1279882,36096,256,0,0,8,0,32,64,"0x0","0x7ed35b989800",4181362081841878,4181362082276775,4181362082281662,4181362082293190,4887
2297,"loop_select_fusion.kd",2,8,2539,1279882,1279882,36096,256,0,0,8,0,16,64,"0x0","0x7ed35b989840",4181362081850571,4181362082281662,4181362082286630,4181362082298127,4968
2298,"loop_compare_fusion_2.kd",2,8,2540,1279882,1279882,4096,256,0,0,4,4,16,64,"0x0","0x7ed35b989880",4181362081858503,4181362082286630,4181362082291317,4181362082302754,4687
2299,"input_reduce_reduce_window_fusion_2.kd",2,8,2541,1279882,1279882,256,256,512,0,20,4,32,64,"0x0","0x7ed35b9898c0",4181362081865323,4181362082291317,4181362082307541,4181362082308052,16224
2300,"loop_slice_fusion_3.kd",2,8,2542,1279882,1279882,16,16,0,0,20,4,16,64,"0x0","0x7ed35b989900",4181362081873075,4181362082307541,4181362082312228,4181362082314822,4687
2301,"loop_broadcast_fusion_3.kd",2,8,2543,1279882,1279882,4096,256,0,0,4,4,16,64,"0x0","0x7ed35b989940",4181362081880125,4181362082312228,4181362082317075,4181362082321512,4847
2302,"input_scatter_fusion_3.kd",2,8,2544,1279882,1279882,4096,256,0,0,8,0,32,64,"0x0","0x7ed35b989980",4181362081887556,4181362082317075,4181362082323044,4181362082326499,5969
2303,"loop_reduce_window_fusion_13.kd",2,8,2545,1279882,1279882,4096,256,0,0,8,0,16,64,"0x0","0x7ed35b9899c0",4181362081894877,4181362082323044,4181362082327811,4181362082337846,4767
2304,"loop_slice_fusion_3.kd",2,8,2546,1279882,1279882,16,16,0,0,20,4,16,64,"0x0","0x7ed35b989900",4181362081901287,4181362082327811,4181362082332498,4181362082333600,4687
2305,"loop_remainder_fusion.kd",2,8,2547,1279882,1279882,4096,256,0,0,12,4,16,64,"0x0","0x7ed35b989a00",4181362081909048,4181362082332498,4181362082337826,4181362082342323,5328
2306,"loop_select_fusion_3.kd",2,8,2548,1279882,1279882,4096,256,0,0,8,0,32,64,"0x0","0x7ed35b989a40",4181362081919974,4181362082337826,4181362082342553,4181362082352277,4727
2307,"loop_reduce_window_fusion_13.kd",2,8,2549,1279882,1279882,4096,256,0,0,8,0,16,64,"0x0","0x7ed35b9899c0",4181362081929489,4181362082342553,4181362082347280,4181362082361742,4727
2308,"loop_slice_fusion_3.kd",2,8,2550,1279882,1279882,16,16,0,0,20,4,16,64,"0x0","0x7ed35b989900",4181362081936719,4181362082347280,4181362082351967,4181362082366739,4687
2309,"input_concatenate_fusion_1.kd",2,8,2551,1279882,1279882,4096,256,0,0,8,0,32,64,"0x0","0x7ed35b989a80",4181362081943139,4181362082351967,4181362082357655,4181362082357475,5688
2310,"loop_compare_fusion_1.kd",2,8,2552,1279882,1279882,8192,256,0,0,4,4,16,64,"0x0","0x7ed35b989ac0",4181362081949859,4181362082357655,4181362082362543,4181362082372868,4888
2311,"input_reduce_reduce_window_fusion_1.kd",2,8,2553,1279882,1279882,512,512,512,0,20,4,48,64,"0x0","0x7ed35b989b00",4181362081956629,4181362082362543,4181362082380089,4181362082379748,17546
2312,"loop_reduce_window_fusion_6.kd",2,8,2554,1279882,1279882,32,32,0,0,32,0,16,64,"0x0","0x7ed35b989b40",4181362081963780,4181362082380089,4181362082392106,4181362082406849,12017
2313,"loop_broadcast_fusion_1.kd",2,8,2555,1279882,1279882,8192,256,0,0,4,4,16,64,"0x0","0x7ed35b989b80",4181362081970249,4181362082392106,4181362082397154,4181362082396814,5048
2314,"input_scatter_fusion_1.kd",2,8,2556,1279882,1279882,8192,256,0,0,8,0,32,64,"0x0","0x7ed35b989bc0",4181362081977580,4181362082397154,4181362082402402,4181362082402011,5248
2315,"loop_reduce_window_fusion_5.kd",2,8,2557,1279882,1279882,8192,256,0,0,8,0,16,64,"0x0","0x7ed35b989c00",4181362081985602,4181362082402402,4181362082407409,4181362082413368,5007
2316,"loop_reduce_window_fusion_4.kd",2,8,2558,1279882,1279882,512,256,0,0,8,0,16,64,"0x0","0x7ed35b989c40",4181362081992192,4181362082407409,4181362082412497,4181362082417575,5088
2317,"loop_reduce_window_fusion_3.kd",2,8,2559,1279882,1279882,32,32,0,0,8,0,16,64,"0x0","0x7ed35b989c80",4181362081998802,4181362082412497,4181362082417264,4181362082422231,4767
2318,"loop_select_fusion_6.kd",2,8,2560,1279882,1279882,8192,256,0,0,8,0,32,64,"0x0","0x7ed35b989cc0",4181362082006343,4181362082417264,4181362082422191,4181362082430714,4927
2319,"loop_select_fusion_1.kd",2,8,2561,1279882,1279882,8192,256,0,0,8,0,16,64,"0x0","0x7ed35b989d00",4181362082013764,4181362082422191,4181362082427119,4181362082439758,4928
2320,"loop_broadcast_fusion_4.kd",2,8,2562,1279882,1279882,16,16,0,0,4,4,16,64,"0x0","0x7ed35b989d40",4181362082021145,4181362082427119,4181362082431966,4181362082435151,4847
2321,"__amd_rocclr_fillBufferAligned.kd",2,8,2563,1279882,1279882,77824,256,0,0,12,4,48,64,"0x0","0x7ed361483580",4181362082034154,4181362082431966,4181362082445586,4181362082446307,13620
2322,"__amd_rocclr_fillBufferAligned.kd",2,8,2564,1279882,1279882,16128,256,0,0,12,4,48,64,"0x0","0x7ed361483580",4181362082040674,4181362082445586,4181362082450754,4181362082452927,5168
2323,"transformer_engine::fused_attn_rocm::populate_rng_state_kernel(long*, long const*, long) [clone .kd]",2,8,2565,1279882,1279882,1,1,0,0,8,0,16,64,"0x0","0x7ed35b9ad380",4181362082049647,4181362082450754,4181362082455641,4181362082457384,4887
2324,"__amd_rocclr_fillBufferAligned.kd",2,8,2566,1279882,1279882,256,256,0,0,12,4,48,64,"0x0","0x7ed361483580",4181362082058460,4181362082455641,4181362082460408,4181362082463793,4767
2325,"ck_fused_attn::get_runtime_max_seqlen_kernel(unsigned long, int const*, int const*, unsigned long*) [clone .kd]",2,8,2567,1279882,1279882,4096,128,0,0,4,4,32,64,"0x0","0x7ed35b978940",4181362082064950,4181362082460408,4181362082466217,4181362082470473,5809
2326,"__amd_rocclr_copyBuffer.kd",2,8,2568,1279882,1279882,512,512,0,0,16,0,32,64,"0x7f13dfde8c00","0x7ed361483600",4181362082073182,4181362082466217,4181362082471825,4181362082475481,5608
2327,"__amd_rocclr_fillBufferAligned.kd",2,8,2570,1279882,1279882,256,256,0,0,12,4,48,64,"0x0","0x7ed361483580",4181362082515210,4181362082525184,4181362082527227,4181362082559175,2043
2328,"ck_fused_attn::get_runtime_max_seqlen_kernel(unsigned long, int const*, int const*, unsigned long*) [clone .kd]",2,8,2571,1279882,1279882,4096,128,0,0,4,4,32,64,"0x0","0x7ed35b978940",4181362082525675,4181362082533957,4181362082539846,4181362082569751,5889
2329,"__amd_rocclr_copyBuffer.kd",2,8,2572,1279882,1279882,512,512,0,0,16,0,32,64,"0x7f13dfde8b00","0x7ed361483600",4181362082532996,4181362082544774,4181362082550342,4181362082565144,5568
2330,"void transformer_engine::fused_attn_rocm::compute_scores_kernel<__half, transformer_engine::fused_attn_rocm::SmallSeqConfig<8, 128, 256, false, (transformer_engine::fused_attn_rocm::CausalMaskType)0>, 1>(__half const*, __half const*, __half*, float, int const*, int const*, int, int) [clone .kd]",2,8,2574,1279882,1279882,64000,64,0,0,100,4,48,64,"0x0","0x7ed33c14ec00",4181362082581689,4181362082591924,4181362082632504,4181362082633015,40580
2331,"void transformer_engine::fused_attn_rocm::apply_mask_and_softmax_kernel<__half, transformer_engine::fused_attn_rocm::SmallSeqConfig<8, 128, 256, false, (transformer_engine::fused_attn_rocm::CausalMaskType)0> >(__half*, __half const*, float, int const*, int, int) [clone .kd]",2,8,2575,1279882,1279882,512000,256,1024,0,16,0,16,64,"0x0","0x7ed33c14ec40",4181362082589420,4181362082632504,4181362082637792,4181362082645884,5288
2332,"void transformer_engine::fused_attn_rocm::compute_output_kernel<__half, transformer_engine::fused_attn_rocm::SmallSeqConfig<8, 128, 256, false, (transformer_engine::fused_attn_rocm::CausalMaskType)0>, 2, 8>(__half const*, __half const*, __half*, int const*, int const*, int, int) [clone .kd]",2,8,2576,1279882,1279882,512000,64,16384,0,20,4,32,64,"0x0","0x7ed33c14ec80",4181362082596370,4181362082637792,4181362082692313,4181362082694807,54521
2333,"loop_broadcast_fusion_5.kd",2,8,2577,1279882,1279882,2048000,256,0,0,4,4,16,64,"0x0","0x7ed35b989d80",4181362082613426,4181362082692313,4181362082700405,4181362082703530,8092
2334,"__amd_rocclr_fillBufferAligned.kd",2,8,2578,1279882,1279882,77824,256,0,0,12,4,48,64,"0x0","0x7ed361483580",4181362082627707,4181362082700405,4181362082707135,4181362082708607,6730
2335,"__amd_rocclr_fillBufferAligned.kd",2,8,2579,1279882,1279882,77824,256,0,0,12,4,48,64,"0x0","0x7ed361483580",4181362082635409,4181362082707135,4181362082729488,4181362082732894,22353
2336,"__amd_rocclr_fillBufferAligned.kd",2,8,2580,1279882,1279882,77824,256,0,0,12,4,48,64,"0x0","0x7ed361483580",4181362082651402,4181362082729488,4181362082752122,4181362082757610,22634
2337,"__amd_rocclr_fillBufferAligned.kd",2,8,2581,1279882,1279882,256,256,0,0,12,4,48,64,"0x0","0x7ed361483580",4181362082659965,4181362082752122,4181362082756889,4181362082762337,4767
2338,"ck_fused_attn::get_runtime_max_seqlen_kernel(unsigned long, int const*, int const*, unsigned long*) [clone .kd]",2,8,2582,1279882,1279882,4096,128,0,0,4,4,32,64,"0x0","0x7ed35b978940",4181362082666475,4181362082756889,4181362082762978,4181362082769057,6089
2339,"__amd_rocclr_copyBuffer.kd",2,8,2583,1279882,1279882,512,512,0,0,16,0,32,64,"0x7f13dfc73480","0x7ed361483600",4181362082675148,4181362082762978,4181362082768626,4181362082774165,5648
2340,"__amd_rocclr_fillBufferAligned.kd",2,8,2585,1279882,1279882,256,256,0,0,12,4,48,64,"0x0","0x7ed361483580",4181362082792783,4181362082802156,4181362082804279,4181362082806703,2123
2341,"ck_fused_attn::get_runtime_max_seqlen_kernel(unsigned long, int const*, int const*, unsigned long*) [clone .kd]",2,8,2586,1279882,1279882,4096,128,0,0,4,4,32,64,"0x0","0x7ed35b978940",4181362082801736,4181362082811090,4181362082817139,4181362082818341,6049
2342,"__amd_rocclr_copyBuffer.kd",2,8,2587,1279882,1279882,512,512,0,0,16,0,32,64,"0x7f13dfde8900","0x7ed361483600",4181362082810018,4181362082834164,4181362082840253,4181362082845721,6089
2343,"void transformer_engine::fused_attn_rocm::compute_grad_v_kernel<__half, transformer_engine::fused_attn_rocm::SmallSeqConfig<8, 128, 256, false, (transformer_engine::fused_attn_rocm::CausalMaskType)0>, 16, 16>(__half const*, __half const*, __half*, int const*, int const*, int, int) [clone .kd]",2,8,2589,1279882,1279882,256000,64,16384,0,28,4,32,64,"0x0","0x7ed33c150400",4181362082860834,4181362082872180,4181362082938960,4181362082939891,66780
2344,"void transformer_engine::fused_attn_rocm::compute_grad_attn_kernel<__half, transformer_engine::fused_attn_rocm::SmallSeqConfig<8, 128, 256, false, (transformer_engine::fused_attn_rocm::CausalMaskType)0>, 16>(__half const*, __half const*, __half*, int const*, int const*, int, int) [clone .kd]",2,8,2590,1279882,1279882,8000,64,0,0,104,0,64,64,"0x0","0x7ed33c150440",4181362082871510,4181362082938960,4181362083287238,4181362083287939,348278
2345,"void transformer_engine::fused_attn_rocm::softmax_backward_kernel<__half, transformer_engine::fused_attn_rocm::SmallSeqConfig<8, 128, 256, false, (transformer_engine::fused_attn_rocm::CausalMaskType)0> >(__half const*, __half const*, __half*, float, int const*, int, int) [clone .kd]",2,8,2591,1279882,1279882,512000,256,1024,0,12,4,16,64,"0x0","0x7ed33c150480",4181362082881244,4181362083287238,4181362083293086,4181362083300137,5848
2346,"void transformer_engine::fused_attn_rocm::compute_grad_qk_kernel<__half, transformer_engine::fused_attn_rocm::SmallSeqConfig<8, 128, 256, false, (transformer_engine::fused_attn_rocm::CausalMaskType)0>, 4, 16>(__half const*, __half const*, __half const*, __half*, __half*, float, int const*, int const*, int, int) [clone .kd]",2,8,2592,1279882,1279882,1024000,64,16384,0,36,4,64,64,"0x0","0x7ed33c1504c0",4181362082889506,4181362083293086,4181362083487375,4181362083504882,194289
2347,"input_reduce_fusion.kd",2,8,2593,1279882,1279882,524288,256,512,0,16,0,16,64,"0x0","0x7ed35b989dc0",4181362082897629,4181362083487375,4181362083496950,4181362083510911,9575
2348,"input_reduce_fusion_3.kd",2,8,2594,1279882,1279882,128,128,512,0,24,0,16,64,"0x0","0x7ed35b989e00",4181362082905170,4181362083496950,4181362083502638,4181362083515918,5688
2349,"loop_convert_fusion.kd",2,8,2595,1279882,1279882,1,1,0,0,4,4,16,64,"0x0","0x7ed35b989e40",4181362082913342,4181362083502638,4181362083506965,4181362083522177,4327
2350,"input_reduce_reduce_window_fusion_3.kd",2,8,2598,1279882,1279882,8192,256,0,0,28,4,48,64,"0x0","0x7ed35b989300",4181362083037957,4181362083519984,4181362083531641,4181362083531231,11657
2351,"loop_reduce_window_fusion_11.kd",2,8,2599,1279882,1279882,2048,256,0,0,8,0,16,64,"0x0","0x7ed35b989340",4181362083047191,4181362083531641,4181362083539493,4181362083543139,7852
2352,"loop_slice_fusion_5.kd",2,8,2600,1279882,1279882,8,8,0,0,20,4,16,64,"0x0","0x7ed35b989380",4181362083054772,4181362083539493,4181362083546063,4181362083547926,6570
2353,"loop_broadcast_fusion_2.kd",2,8,2601,1279882,1279882,32000,256,0,0,4,4,16,64,"0x0","0x7ed35b9893c0",4181362083061492,4181362083546063,4181362083551551,4181362083552823,5488
2354,"input_scatter_fusion_2.kd",2,8,2602,1279882,1279882,32000,256,0,0,12,4,32,64,"0x0","0x7ed35b989400",4181362083068913,4181362083551551,4181362083558441,4181362083557961,6890
2355,"loop_reduce_window_fusion_10.kd",2,8,2603,1279882,1279882,32000,256,0,0,8,0,16,64,"0x0","0x7ed35b989440",4181362083075483,4181362083558441,4181362083563328,4181362083566253,4887
2356,"loop_reduce_window_fusion_11.kd",2,8,2604,1279882,1279882,2048,256,0,0,8,0,16,64,"0x0","0x7ed35b989340",4181362083083375,4181362083563328,4181362083568216,4181362083571120,4888
2357,"loop_slice_fusion_5.kd",2,8,2605,1279882,1279882,8,8,0,0,20,4,16,64,"0x0","0x7ed35b989380",4181362083090195,4181362083568216,4181362083573063,4181362083575667,4847
2358,"loop_slice_fusion_1.kd",2,8,2606,1279882,1279882,125,125,0,0,8,0,16,64,"0x0","0x7ed35b989480",4181362083097285,4181362083573063,4181362083577870,4181362083580534,4807
2359,"input_reduce_fusion_1.kd",2,8,2607,1279882,1279882,64,64,0,0,8,0,16,64,"0x0","0x7ed35b9894c0",4181362083104656,4181362083577870,4181362083582517,4181362083585602,4647
2360,"loop_select_fusion_5.kd",2,8,2608,1279882,1279882,32000,256,0,0,8,0,32,64,"0x0","0x7ed35b989500",4181362083112318,4181362083582517,4181362083587404,4181362083590389,4887
2361,"loop_select_fusion_2.kd",2,8,2609,1279882,1279882,32000,256,0,0,4,4,16,64,"0x0","0x7ed35b989540",4181362083120550,4181362083587404,4181362083592091,4181362083596889,4687
2362,"loop_reduce_window_fusion_10.kd",2,8,2610,1279882,1279882,32000,256,0,0,8,0,16,64,"0x0","0x7ed35b989440",4181362083127410,4181362083592091,4181362083596858,4181362083601535,4767
2363,"loop_reduce_window_fusion_11.kd",2,8,2611,1279882,1279882,2048,256,0,0,8,0,16,64,"0x0","0x7ed35b989340",4181362083135102,4181362083596858,4181362083601786,4181362083606323,4928
2364,"loop_slice_fusion_5.kd",2,8,2612,1279882,1279882,8,8,0,0,20,4,16,64,"0x0","0x7ed35b989380",4181362083143034,4181362083601786,4181362083606513,4181362083610979,4727
2365,"input_concatenate_fusion.kd",2,8,2613,1279882,1279882,32000,256,0,0,12,4,32,64,"0x0","0x7ed35b989580",4181362083149473,4181362083606513,4181362083611841,4181362083615676,5328
2366,"loop_compare_fusion.kd",2,8,2614,1279882,1279882,36096,256,0,0,4,4,16,64,"0x0","0x7ed35b9895c0",4181362083156934,4181362083611841,4181362083616728,4181362083620644,4887
2367,"input_reduce_reduce_window_fusion.kd",2,8,2615,1279882,1279882,11520,256,0,0,24,0,48,64,"0x0","0x7ed35b989600",4181362083163985,4181362083616728,4181362083624900,4181362083625501,8172
2368,"loop_reduce_window_fusion_2.kd",2,8,2616,1279882,1279882,2304,256,0,0,8,0,16,64,"0x0","0x7ed35b989640",4181362083171586,4181362083624900,4181362083629867,4181362083629928,4967
2369,"loop_slice_fusion_8.kd",2,8,2617,1279882,1279882,9,9,0,0,20,4,16,64,"0x0","0x7ed35b989680",4181362083178396,4181362083629867,4181362083634554,4181362083634535,4687
2370,"loop_broadcast_fusion.kd",2,8,2618,1279882,1279882,36096,256,0,0,4,4,16,64,"0x0","0x7ed35b9896c0",4181362083187229,4181362083634554,4181362083639482,4181362083639171,4928
2371,"input_scatter_fusion.kd",2,8,2619,1279882,1279882,36096,256,0,0,12,4,32,64,"0x0","0x7ed35b989700",4181362083194760,4181362083639482,4181362083646412,4181362083647444,6930
2372,"loop_reduce_window_fusion_1.kd",2,8,2620,1279882,1279882,36096,256,0,0,8,0,16,64,"0x0","0x7ed35b989740",4181362083201811,4181362083646412,4181362083651259,4181362083652061,4847
2373,"loop_reduce_window_fusion_2.kd",2,8,2621,1279882,1279882,2304,256,0,0,8,0,16,64,"0x0","0x7ed35b989640",4181362083209262,4181362083651259,4181362083656186,4181362083656607,4927
2374,"loop_slice_fusion_8.kd",2,8,2622,1279882,1279882,9,9,0,0,20,4,16,64,"0x0","0x7ed35b989680",4181362083215842,4181362083656186,4181362083660873,4181362083662176,4687
2375,"loop_slice_fusion.kd",2,8,2623,1279882,1279882,141,141,0,0,8,0,16,64,"0x0","0x7ed35b989780",4181362083223704,4181362083660873,4181362083665560,4181362083669006,4687
2376,"input_reduce_fusion_2.kd",2,8,2624,1279882,1279882,64,64,0,0,8,0,16,64,"0x0","0x7ed35b9897c0",4181362083230974,4181362083665560,4181362083670287,4181362083680182,4727
2377,"loop_select_fusion_4.kd",2,8,2625,1279882,1279882,36096,256,0,0,8,0,32,64,"0x0","0x7ed35b989800",4181362083238636,4181362083670287,4181362083675135,4181362083675756,4848
2378,"loop_select_fusion.kd",2,8,2626,1279882,1279882,36096,256,0,0,8,0,16,64,"0x0","0x7ed35b989840",4181362083246167,4181362083675135,4181362083680062,4181362083691690,4927
2379,"loop_compare_fusion_2.kd",2,8,2627,1279882,1279882,4096,256,0,0,4,4,16,64,"0x0","0x7ed35b989880",4181362083253748,4181362083680062,4181362083684909,4181362083686963,4847
2380,"input_reduce_reduce_window_fusion_2.kd",2,8,2628,1279882,1279882,256,256,512,0,20,4,32,64,"0x0","0x7ed35b9898c0",4181362083261540,4181362083684909,4181362083701093,4181362083715845,16184
2381,"loop_slice_fusion_3.kd",2,8,2629,1279882,1279882,16,16,0,0,20,4,16,64,"0x0","0x7ed35b989900",4181362083267819,4181362083701093,4181362083705780,4181362083710938,4687
2382,"loop_broadcast_fusion_3.kd",2,8,2630,1279882,1279882,4096,256,0,0,4,4,16,64,"0x0","0x7ed35b989940",4181362083274629,4181362083705780,4181362083710708,4181362083720252,4928
2383,"input_scatter_fusion_3.kd",2,8,2631,1279882,1279882,4096,256,0,0,8,0,32,64,"0x0","0x7ed35b989980",4181362083282261,4181362083710708,4181362083717077,4181362083724849,6369
2384,"loop_reduce_window_fusion_13.kd",2,8,2632,1279882,1279882,4096,256,0,0,8,0,16,64,"0x0","0x7ed35b9899c0",4181362083288640,4181362083717077,4181362083721844,4181362083761553,4767
2385,"loop_slice_fusion_3.kd",2,8,2633,1279882,1279882,16,16,0,0,20,4,16,64,"0x0","0x7ed35b989900",4181362083304724,4181362083721844,4181362083726491,4181362083729366,4647
2386,"loop_remainder_fusion.kd",2,8,2634,1279882,1279882,4096,256,0,0,12,4,16,64,"0x0","0x7ed35b989a00",4181362083313858,4181362083726491,4181362083731939,4181362083734043,5448
2387,"loop_select_fusion_3.kd",2,8,2635,1279882,1279882,4096,256,0,0,8,0,32,64,"0x0","0x7ed35b989a40",4181362083322440,4181362083731939,4181362083736706,4181362083739961,4767
2388,"loop_reduce_window_fusion_13.kd",2,8,2636,1279882,1279882,4096,256,0,0,8,0,16,64,"0x0","0x7ed35b9899c0",4181362083329931,4181362083736706,4181362083741433,4181362083744528,4727
2389,"loop_slice_fusion_3.kd",2,8,2637,1279882,1279882,16,16,0,0,20,4,16,64,"0x0","0x7ed35b989900",4181362083337252,4181362083741433,4181362083746120,4181362083748965,4687
2390,"input_concatenate_fusion_1.kd",2,8,2638,1279882,1279882,4096,256,0,0,8,0,32,64,"0x0","0x7ed35b989a80",4181362083344083,4181362083746120,4181362083751729,4181362083753161,5609
2391,"loop_compare_fusion_1.kd",2,8,2639,1279882,1279882,8192,256,0,0,4,4,16,64,"0x0","0x7ed35b989ac0",4181362083350212,4181362083751729,4181362083756576,4181362083757347,4847
2392,"input_reduce_reduce_window_fusion_1.kd",2,8,2640,1279882,1279882,512,512,512,0,20,4,48,64,"0x0","0x7ed35b989b00",4181362083357623,4181362083756576,4181362083773841,4181362083778569,17265
2393,"loop_reduce_window_fusion_6.kd",2,8,2641,1279882,1279882,32,32,0,0,32,0,16,64,"0x0","0x7ed35b989b40",4181362083364733,4181362083773841,4181362083784377,4181362083786230,10536
2394,"loop_broadcast_fusion_1.kd",2,8,2642,1279882,1279882,8192,256,0,0,4,4,16,64,"0x0","0x7ed35b989b80",4181362083371914,4181362083784377,4181362083789545,4181362083793811,5168
2395,"input_scatter_fusion_1.kd",2,8,2643,1279882,1279882,8192,256,0,0,8,0,32,64,"0x0","0x7ed35b989bc0",4181362083380056,4181362083789545,4181362083794672,4181362083798809,5127
2396,"loop_reduce_window_fusion_5.kd",2,8,2644,1279882,1279882,8192,256,0,0,8,0,16,64,"0x0","0x7ed35b989c00",4181362083387447,4181362083794672,4181362083799760,4181362083805499,5088
2397,"loop_reduce_window_fusion_4.kd",2,8,2645,1279882,1279882,512,256,0,0,8,0,16,64,"0x0","0x7ed35b989c40",4181362083394347,4181362083799760,4181362083804687,4181362083809785,4927
2398,"loop_reduce_window_fusion_3.kd",2,8,2646,1279882,1279882,32,32,0,0,8,0,16,64,"0x0","0x7ed35b989c80",4181362083402009,4181362083804687,4181362083809454,4181362083814031,4767
2399,"loop_select_fusion_6.kd",2,8,2647,1279882,1279882,8192,256,0,0,8,0,32,64,"0x0","0x7ed35b989cc0",4181362083409440,4181362083809454,4181362083814382,4181362083822033,4928
2400,"loop_select_fusion_1.kd",2,8,2648,1279882,1279882,8192,256,0,0,8,0,16,64,"0x0","0x7ed35b989d00",4181362083416701,4181362083814382,4181362083819309,4181362083830897,4927
2401,"loop_broadcast_fusion_4.kd",2,8,2649,1279882,1279882,16,16,0,0,4,4,16,64,"0x0","0x7ed35b989d40",4181362083423821,4181362083819309,4181362083824156,4181362083826570,4847
2402,"__amd_rocclr_fillBufferAligned.kd",2,8,2650,1279882,1279882,77824,256,0,0,12,4,48,64,"0x0","0x7ed361483580",4181362083435849,4181362083824156,4181362083838137,4181362083856655,13981
2403,"__amd_rocclr_fillBufferAligned.kd",2,8,2651,1279882,1279882,16128,256,0,0,12,4,48,64,"0x0","0x7ed361483580",4181362083441898,4181362083838137,4181362083843265,4181362083847211,5128
2404,"transformer_engine::fused_attn_rocm::populate_rng_state_kernel(long*, long const*, long) [clone .kd]",2,8,2652,1279882,1279882,1,1,0,0,8,0,16,64,"0x0","0x7ed35b9ad380",4181362083451823,4181362083843265,4181362083848192,4181362083852178,4927
2405,"__amd_rocclr_fillBufferAligned.kd",2,8,2653,1279882,1279882,256,256,0,0,12,4,48,64,"0x0","0x7ed361483580",4181362083461057,4181362083848192,4181362083852959,4181362083862814,4767
2406,"ck_fused_attn::get_runtime_max_seqlen_kernel(unsigned long, int const*, int const*, unsigned long*) [clone .kd]",2,8,2654,1279882,1279882,4096,128,0,0,4,4,32,64,"0x0","0x7ed35b978940",4181362083467736,4181362083852959,4181362083858768,4181362083872138,5809
2407,"__amd_rocclr_copyBuffer.kd",2,8,2655,1279882,1279882,512,512,0,0,16,0,32,64,"0x7f13dfde8700","0x7ed361483600",4181362083477571,4181362083858768,4181362083864016,4181362083867311,5248
2408,"__amd_rocclr_fillBufferAligned.kd",2,8,2657,1279882,1279882,256,256,0,0,12,4,48,64,"0x0","0x7ed361483580",4181362083906249,4181362083917615,4181362083919578,4181362083941000,1963
2409,"ck_fused_attn::get_runtime_max_seqlen_kernel(unsigned long, int const*, int const*, unsigned long*) [clone .kd]",2,8,2658,1279882,1279882,4096,128,0,0,4,4,32,64,"0x0","0x7ed35b978940",4181362083916203,4181362083924946,4181362083930635,4181362083950985,5689
2410,"__amd_rocclr_copyBuffer.kd",2,8,2659,1279882,1279882,512,512,0,0,16,0,32,64,"0x7f13dfde8600","0x7ed361483600",4181362083924035,4181362083935442,4181362083939768,4181362083946178,4326
2411,"void transformer_engine::fused_attn_rocm::compute_scores_kernel<__half, transformer_engine::fused_attn_rocm::SmallSeqConfig<8, 128, 256, false, (transformer_engine::fused_attn_rocm::CausalMaskType)0>, 1>(__half const*, __half const*, __half*, float, int const*, int const*, int, int) [clone .kd]",2,8,2661,1279882,1279882,64000,64,0,0,100,4,48,64,"0x0","0x7ed33c14ec00",4181362083962142,4181362083972297,4181362084014880,4181362084016152,42583
2412,"void transformer_engine::fused_attn_rocm::apply_mask_and_softmax_kernel<__half, transformer_engine::fused_attn_rocm::SmallSeqConfig<8, 128, 256, false, (transformer_engine::fused_attn_rocm::CausalMaskType)0> >(__half*, __half const*, float, int const*, int, int) [clone .kd]",2,8,2662,1279882,1279882,512000,256,1024,0,16,0,16,64,"0x0","0x7ed33c14ec40",4181362083969613,4181362084014880,4181362084020128,4181362084022682,5248
2413,"void transformer_engine::fused_attn_rocm::compute_output_kernel<__half, transformer_engine::fused_attn_rocm::SmallSeqConfig<8, 128, 256, false, (transformer_engine::fused_attn_rocm::CausalMaskType)0>, 2, 8>(__half const*, __half const*, __half*, int const*, int const*, int, int) [clone .kd]",2,8,2663,1279882,1279882,512000,64,16384,0,20,4,32,64,"0x0","0x7ed33c14ec80",4181362083985376,4181362084020128,4181362084073687,4181362084078405,53559
2414,"loop_broadcast_fusion_5.kd",2,8,2664,1279882,1279882,2048000,256,0,0,4,4,16,64,"0x0","0x7ed35b989d80",4181362083993639,4181362084073687,4181362084081739,4181362084087048,8052
2415,"__amd_rocclr_fillBufferAligned.kd",2,8,2665,1279882,1279882,77824,256,0,0,12,4,48,64,"0x0","0x7ed361483580",4181362084007710,4181362084081739,4181362084088630,4181362084092085,6891
2416,"__amd_rocclr_fillBufferAligned.kd",2,8,2666,1279882,1279882,77824,256,0,0,12,4,48,64,"0x0","0x7ed361483580",4181362084013648,4181362084088630,4181362084110823,4181362084116712,22193
2417,"__amd_rocclr_fillBufferAligned.kd",2,8,2667,1279882,1279882,77824,256,0,0,12,4,48,64,"0x0","0x7ed361483580",4181362084020609,4181362084110823,4181362084133657,4181362084146155,22834
2418,"__amd_rocclr_fillBufferAligned.kd",2,8,2668,1279882,1279882,256,256,0,0,12,4,48,64,"0x0","0x7ed361483580",4181362084039266,4181362084133657,4181362084138344,4181362084141148,4687
2419,"ck_fused_attn::get_runtime_max_seqlen_kernel(unsigned long, int const*, int const*, unsigned long*) [clone .kd]",2,8,2669,1279882,1279882,4096,128,0,0,4,4,32,64,"0x0","0x7ed35b978940",4181362084046197,4181362084138344,4181362084144312,4181362084152615,5968
2420,"__amd_rocclr_copyBuffer.kd",2,8,2670,1279882,1279882,512,512,0,0,16,0,32,64,"0x7f13dfde8500","0x7ed361483600",4181362084053818,4181362084144312,4181362084149560,4181362084159035,5248
2421,"__amd_rocclr_fillBufferAligned.kd",2,8,2672,1279882,1279882,256,256,0,0,12,4,48,64,"0x0","0x7ed361483580",4181362084174007,4181362084187897,4181362084190101,4181362084195379,2204
2422,"ck_fused_attn::get_runtime_max_seqlen_kernel(unsigned long, int const*, int const*, unsigned long*) [clone .kd]",2,8,2673,1279882,1279882,4096,128,0,0,4,4,32,64,"0x0","0x7ed35b978940",4181362084188819,4181362084197952,4181362084203841,4181362084205343,5889
2423,"__amd_rocclr_copyBuffer.kd",2,8,2674,1279882,1279882,512,512,0,0,16,0,32,64,"0x7f13dfde8400","0x7ed361483600",4181362084195889,4181362084211412,4181362084217742,4181362084218353,6330
2424,"void transformer_engine::fused_attn_rocm::compute_grad_v_kernel<__half, transformer_engine::fused_attn_rocm::SmallSeqConfig<8, 128, 256, false, (transformer_engine::fused_attn_rocm::CausalMaskType)0>, 16, 16>(__half const*, __half const*, __half*, int const*, int const*, int, int) [clone .kd]",2,8,2676,1279882,1279882,256000,64,16384,0,28,4,32,64,"0x0","0x7ed33c150400",4181362084233936,4181362084247546,4181362084316088,4181362084317390,68542
2425,"void transformer_engine::fused_attn_rocm::compute_grad_attn_kernel<__half, transformer_engine::fused_attn_rocm::SmallSeqConfig<8, 128, 256, false, (transformer_engine::fused_attn_rocm::CausalMaskType)0>, 16>(__half const*, __half const*, __half*, int const*, int const*, int, int) [clone .kd]",2,8,2677,1279882,1279882,8000,64,0,0,104,0,64,64,"0x0","0x7ed33c150440",4181362084245583,4181362084316088,4181362084664085,4181362084667581,347997
2426,"void transformer_engine::fused_attn_rocm::softmax_backward_kernel<__half, transformer_engine::fused_attn_rocm::SmallSeqConfig<8, 128, 256, false, (transformer_engine::fused_attn_rocm::CausalMaskType)0> >(__half const*, __half const*, __half*, float, int const*, int, int) [clone .kd]",2,8,2678,1279882,1279882,512000,256,1024,0,12,4,16,64,"0x0","0x7ed33c150480",4181362084252103,4181362084664085,4181362084670054,4181362084676164,5969
2427,"void transformer_engine::fused_attn_rocm::compute_grad_qk_kernel<__half, transformer_engine::fused_attn_rocm::SmallSeqConfig<8, 128, 256, false, (transformer_engine::fused_attn_rocm::CausalMaskType)0>, 4, 16>(__half const*, __half const*, __half const*, __half*, __half*, float, int const*, int const*, int, int) [clone .kd]",2,8,2679,1279882,1279882,1024000,64,16384,0,36,4,64,64,"0x0","0x7ed33c1504c0",4181362084259694,4181362084670054,4181362084855290,4181362084870052,185236
2428,"input_reduce_fusion.kd",2,8,2680,1279882,1279882,524288,256,512,0,16,0,16,64,"0x0","0x7ed35b989dc0",4181362084268537,4181362084855290,4181362084865465,4181362084876181,10175
2429,"input_reduce_fusion_3.kd",2,8,2681,1279882,1279882,128,128,512,0,24,0,16,64,"0x0","0x7ed35b989e00",4181362084275989,4181362084865465,4181362084871274,4181362084883722,5809
2430,"loop_convert_fusion.kd",2,8,2682,1279882,1279882,1,1,0,0,4,4,16,64,"0x0","0x7ed35b989e40",4181362084282618,4181362084871274,4181362084875800,4181362084888850,4526
2431,"input_reduce_reduce_window_fusion_3.kd",2,8,2685,1279882,1279882,8192,256,0,0,28,4,48,64,"0x0","0x7ed35b989300",4181362084407484,4181362084887858,4181362084899275,4181362084901369,11417
2432,"loop_reduce_window_fusion_11.kd",2,8,2686,1279882,1279882,2048,256,0,0,8,0,16,64,"0x0","0x7ed35b989340",4181362084416558,4181362084899275,4181362084904643,4181362084905955,5368
2433,"loop_slice_fusion_5.kd",2,8,2687,1279882,1279882,8,8,0,0,20,4,16,64,"0x0","0x7ed35b989380",4181362084424059,4181362084904643,4181362084909571,4181362084910552,4928
2434,"loop_broadcast_fusion_2.kd",2,8,2688,1279882,1279882,32000,256,0,0,4,4,16,64,"0x0","0x7ed35b9893c0",4181362084431099,4181362084909571,4181362084916741,4181362084922370,7170
2435,"input_scatter_fusion_2.kd",2,8,2689,1279882,1279882,32000,256,0,0,12,4,32,64,"0x0","0x7ed35b989400",4181362084439171,4181362084916741,4181362084925514,4181362084927177,8773
2436,"loop_reduce_window_fusion_10.kd",2,8,2690,1279882,1279882,32000,256,0,0,8,0,16,64,"0x0","0x7ed35b989440",4181362084446672,4181362084925514,4181362084931163,4181362084931804,5649
2437,"loop_reduce_window_fusion_11.kd",2,8,2691,1279882,1279882,2048,256,0,0,8,0,16,64,"0x0","0x7ed35b989340",4181362084454174,4181362084931163,4181362084935890,4181362084936050,4727
2438,"loop_slice_fusion_5.kd",2,8,2692,1279882,1279882,8,8,0,0,20,4,16,64,"0x0","0x7ed35b989380",4181362084461424,4181362084935890,4181362084940537,4181362084940587,4647
2439,"loop_slice_fusion_1.kd",2,8,2693,1279882,1279882,125,125,0,0,8,0,16,64,"0x0","0x7ed35b989480",4181362084468244,4181362084940537,4181362084945224,4181362084945284,4687
2440,"input_reduce_fusion_1.kd",2,8,2694,1279882,1279882,64,64,0,0,8,0,16,64,"0x0","0x7ed35b9894c0",4181362084475816,4181362084945224,4181362084949951,4181362084949520,4727
2441,"loop_select_fusion_5.kd",2,8,2695,1279882,1279882,32000,256,0,0,8,0,32,64,"0x0","0x7ed35b989500",4181362084483357,4181362084949951,4181362084954958,4181362084957863,5007
2442,"loop_select_fusion_2.kd",2,8,2696,1279882,1279882,32000,256,0,0,4,4,16,64,"0x0","0x7ed35b989540",4181362084490898,4181362084954958,4181362084959645,4181362084965244,4687
2443,"loop_reduce_window_fusion_10.kd",2,8,2697,1279882,1279882,32000,256,0,0,8,0,16,64,"0x0","0x7ed35b989440",4181362084498079,4181362084959645,4181362084964332,4181362084970371,4687
2444,"loop_reduce_window_fusion_11.kd",2,8,2698,1279882,1279882,2048,256,0,0,8,0,16,64,"0x0","0x7ed35b989340",4181362084504879,4181362084964332,4181362084969299,4181362084975058,4967
2445,"loop_slice_fusion_5.kd",2,8,2699,1279882,1279882,8,8,0,0,20,4,16,64,"0x0","0x7ed35b989380",4181362084511369,4181362084969299,4181362084973986,4181362084979745,4687
2446,"input_concatenate_fusion.kd",2,8,2700,1279882,1279882,32000,256,0,0,12,4,32,64,"0x0","0x7ed35b989580",4181362084518920,4181362084973986,4181362084979194,4181362084984472,5208
2447,"loop_compare_fusion.kd",2,8,2701,1279882,1279882,36096,256,0,0,4,4,16,64,"0x0","0x7ed35b9895c0",4181362084526481,4181362084979194,4181362084984081,4181362084989219,4887
2448,"input_reduce_reduce_window_fusion.kd",2,8,2702,1279882,1279882,11520,256,0,0,24,0,48,64,"0x0","0x7ed35b989600",4181362084534183,4181362084984081,4181362084992294,4181362084993846,8213
2449,"loop_reduce_window_fusion_2.kd",2,8,2703,1279882,1279882,2304,256,0,0,8,0,16,64,"0x0","0x7ed35b989640",4181362084541323,4181362084992294,4181362084997181,4181362084998213,4887
2450,"loop_slice_fusion_8.kd",2,8,2704,1279882,1279882,9,9,0,0,20,4,16,64,"0x0","0x7ed35b989680",4181362084548203,4181362084997181,4181362085001868,4181362085002679,4687
2451,"loop_broadcast_fusion.kd",2,8,2705,1279882,1279882,36096,256,0,0,4,4,16,64,"0x0","0x7ed35b9896c0",4181362084555494,4181362085001868,4181362085006795,4181362085007156,4927
2452,"input_scatter_fusion.kd",2,8,2706,1279882,1279882,36096,256,0,0,12,4,32,64,"0x0","0x7ed35b989700",4181362084563236,4181362085006795,4181362085013685,4181362085014026,6890
2453,"loop_reduce_window_fusion_1.kd",2,8,2707,1279882,1279882,36096,256,0,0,8,0,16,64,"0x0","0x7ed35b989740",4181362084570286,4181362085013685,4181362085018613,4181362085018413,4928
2454,"loop_reduce_window_fusion_2.kd",2,8,2708,1279882,1279882,2304,256,0,0,8,0,16,64,"0x0","0x7ed35b989640",4181362084576936,4181362085018613,4181362085023700,4181362085024492,5087
2455,"loop_slice_fusion_8.kd",2,8,2709,1279882,1279882,9,9,0,0,20,4,16,64,"0x0","0x7ed35b989680",4181362084583646,4181362085023700,4181362085028387,4181362085029239,4687
2456,"loop_slice_fusion.kd",2,8,2710,1279882,1279882,141,141,0,0,8,0,16,64,"0x0","0x7ed35b989780",4181362084590797,4181362085028387,4181362085033074,4181362085036209,4687
2457,"input_reduce_fusion_2.kd",2,8,2711,1279882,1279882,64,64,0,0,8,0,16,64,"0x0","0x7ed35b9897c0",4181362084597637,4181362085033074,4181362085037721,4181362085048357,4647
2458,"loop_select_fusion_4.kd",2,8,2712,1279882,1279882,36096,256,0,0,8,0,32,64,"0x0","0x7ed35b989800",4181362084605629,4181362085037721,4181362085042649,4181362085043550,4928
2459,"loop_select_fusion.kd",2,8,2713,1279882,1279882,36096,256,0,0,8,0,16,64,"0x0","0x7ed35b989840",4181362084612349,4181362085042649,4181362085047616,4181362085059975,4967
2460,"loop_compare_fusion_2.kd",2,8,2714,1279882,1279882,4096,256,0,0,4,4,16,64,"0x0","0x7ed35b989880",4181362084620992,4181362085047616,4181362085052383,4181362085055568,4767
2461,"input_reduce_reduce_window_fusion_2.kd",2,8,2715,1279882,1279882,256,256,512,0,20,4,32,64,"0x0","0x7ed35b9898c0",4181362084628272,4181362085052383,4181362085069448,4181362085083920,17065
2462,"loop_slice_fusion_3.kd",2,8,2716,1279882,1279882,16,16,0,0,20,4,16,64,"0x0","0x7ed35b989900",4181362084635684,4181362085069448,4181362085074135,4181362085125772,4687
2463,"loop_broadcast_fusion_3.kd",2,8,2717,1279882,1279882,4096,256,0,0,4,4,16,64,"0x0","0x7ed35b989940",4181362084644487,4181362085074135,4181362085078942,4181362085079303,4807
2464,"input_scatter_fusion_3.kd",2,8,2718,1279882,1279882,4096,256,0,0,8,0,32,64,"0x0","0x7ed35b989980",4181362084651848,4181362085078942,4181362085084751,4181362085088287,5809
2465,"loop_reduce_window_fusion_13.kd",2,8,2719,1279882,1279882,4096,256,0,0,8,0,16,64,"0x0","0x7ed35b9899c0",4181362084658838,4181362085084751,4181362085089518,4181362085092633,4767
2466,"loop_slice_fusion_3.kd",2,8,2720,1279882,1279882,16,16,0,0,20,4,16,64,"0x0","0x7ed35b989900",4181362084665999,4181362085089518,4181362085094245,4181362085097040,4727
2467,"loop_remainder_fusion.kd",2,8,2721,1279882,1279882,4096,256,0,0,12,4,16,64,"0x0","0x7ed35b989a00",4181362084691426,4181362085094245,4181362085099493,4181362085101596,5248
2468,"loop_select_fusion_3.kd",2,8,2722,1279882,1279882,4096,256,0,0,8,0,32,64,"0x0","0x7ed35b989a40",4181362084700650,4181362085099493,4181362085104220,4181362085107736,4727
2469,"loop_reduce_window_fusion_13.kd",2,8,2723,1279882,1279882,4096,256,0,0,8,0,16,64,"0x0","0x7ed35b9899c0",4181362084707881,4181362085104220,4181362085108907,4181362085112112,4687
2470,"loop_slice_fusion_3.kd",2,8,2724,1279882,1279882,16,16,0,0,20,4,16,64,"0x0","0x7ed35b989900",4181362084714451,4181362085108907,4181362085113514,4181362085116378,4607
2471,"input_concatenate_fusion_1.kd",2,8,2725,1279882,1279882,4096,256,0,0,8,0,32,64,"0x0","0x7ed35b989a80",4181362084720790,4181362085113514,4181362085118802,4181362085121146,5288
2472,"loop_compare_fusion_1.kd",2,8,2726,1279882,1279882,8192,256,0,0,4,4,16,64,"0x0","0x7ed35b989ac0",4181362084728692,4181362085118802,4181362085123769,4181362085130349,4967
2473,"input_reduce_reduce_window_fusion_1.kd",2,8,2727,1279882,1279882,512,512,512,0,20,4,48,64,"0x0","0x7ed35b989b00",4181362084736003,4181362085123769,4181362085140955,4181362085147395,17186
2474,"loop_reduce_window_fusion_6.kd",2,8,2728,1279882,1279882,32,32,0,0,32,0,16,64,"0x0","0x7ed35b989b40",4181362084742683,4181362085140955,4181362085152211,4181362085152242,11256
2475,"loop_broadcast_fusion_1.kd",2,8,2729,1279882,1279882,8192,256,0,0,4,4,16,64,"0x0","0x7ed35b989b80",4181362084749192,4181362085152211,4181362085157339,4181362085156919,5128
2476,"input_scatter_fusion_1.kd",2,8,2730,1279882,1279882,8192,256,0,0,8,0,32,64,"0x0","0x7ed35b989bc0",4181362084756533,4181362085157339,4181362085162387,4181362085162978,5048
2477,"loop_reduce_window_fusion_5.kd",2,8,2731,1279882,1279882,8192,256,0,0,8,0,16,64,"0x0","0x7ed35b989c00",4181362084763273,4181362085162387,4181362085167474,4181362085167194,5087
2478,"loop_reduce_window_fusion_4.kd",2,8,2732,1279882,1279882,512,256,0,0,8,0,16,64,"0x0","0x7ed35b989c40",4181362084770574,4181362085167474,4181362085172401,4181362085173453,4927
2479,"loop_reduce_window_fusion_3.kd",2,8,2733,1279882,1279882,32,32,0,0,8,0,16,64,"0x0","0x7ed35b989c80",4181362084777745,4181362085172401,4181362085177169,4181362085181806,4768
2480,"loop_select_fusion_6.kd",2,8,2734,1279882,1279882,8192,256,0,0,8,0,32,64,"0x0","0x7ed35b989cc0",4181362084785176,4181362085177169,4181362085182136,4181362085191210,4967
2481,"loop_select_fusion_1.kd",2,8,2735,1279882,1279882,8192,256,0,0,8,0,16,64,"0x0","0x7ed35b989d00",4181362084792487,4181362085182136,4181362085187023,4181362085186713,4887
2482,"loop_broadcast_fusion_4.kd",2,8,2736,1279882,1279882,16,16,0,0,4,4,16,64,"0x0","0x7ed35b989d40",4181362084800068,4181362085187023,4181362085191951,4181362085197519,4928
2483,"__amd_rocclr_fillBufferAligned.kd",2,8,2737,1279882,1279882,77824,256,0,0,12,4,48,64,"0x0","0x7ed361483580",4181362084810594,4181362085191951,4181362085205851,4181362085213833,13900
2484,"__amd_rocclr_fillBufferAligned.kd",2,8,2738,1279882,1279882,16128,256,0,0,12,4,48,64,"0x0","0x7ed361483580",4181362084817654,4181362085205851,4181362085210859,4181362085231059,5008
2485,"transformer_engine::fused_attn_rocm::populate_rng_state_kernel(long*, long const*, long) [clone .kd]",2,8,2739,1279882,1279882,1,1,0,0,8,0,16,64,"0x0","0x7ed35b9ad380",4181362084826587,4181362085210859,4181362085215786,4181362085218631,4927
2486,"__amd_rocclr_fillBufferAligned.kd",2,8,2740,1279882,1279882,256,256,0,0,12,4,48,64,"0x0","0x7ed361483580",4181362084836322,4181362085215786,4181362085220553,4181362085223007,4767
2487,"ck_fused_attn::get_runtime_max_seqlen_kernel(unsigned long, int const*, int const*, unsigned long*) [clone .kd]",2,8,2741,1279882,1279882,4096,128,0,0,4,4,32,64,"0x0","0x7ed35b978940",4181362084842731,4181362085220553,4181362085226402,4181362085227203,5849
2488,"__amd_rocclr_copyBuffer.kd",2,8,2742,1279882,1279882,512,512,0,0,16,0,32,64,"0x7f13dfde8200","0x7ed361483600",4181362084851224,4181362085226402,4181362085232130,4181362085237018,5728
2489,"__amd_rocclr_fillBufferAligned.kd",2,8,2744,1279882,1279882,256,256,0,0,12,4,48,64,"0x0","0x7ed361483580",4181362085276527,4181362085287453,4181362085289416,4181362085311969,1963
2490,"ck_fused_attn::get_runtime_max_seqlen_kernel(unsigned long, int const*, int const*, unsigned long*) [clone .kd]",2,8,2745,1279882,1279882,4096,128,0,0,4,4,32,64,"0x0","0x7ed35b978940",4181362085286131,4181362085294824,4181362085303957,4181362085324057,9133
2491,"__amd_rocclr_copyBuffer.kd",2,8,2746,1279882,1279882,512,512,0,0,16,0,32,64,"0x7f13dfc72200","0x7ed361483600",4181362085293542,4181362085303957,4181362085309445,4181362085317087,5488
2492,"void transformer_engine::fused_attn_rocm::compute_scores_kernel<__half, transformer_engine::fused_attn_rocm::SmallSeqConfig<8, 128, 256, false, (transformer_engine::fused_attn_rocm::CausalMaskType)0>, 1>(__half const*, __half const*, __half*, float, int const*, int const*, int, int) [clone .kd]",2,8,2748,1279882,1279882,64000,64,0,0,100,4,48,64,"0x0","0x7ed33c14ec00",4181362085332951,4181362085343376,4181362085388523,4181362085389134,45147
2493,"void transformer_engine::fused_attn_rocm::apply_mask_and_softmax_kernel<__half, transformer_engine::fused_attn_rocm::SmallSeqConfig<8, 128, 256, false, (transformer_engine::fused_attn_rocm::CausalMaskType)0> >(__half*, __half const*, float, int const*, int, int) [clone .kd]",2,8,2749,1279882,1279882,512000,256,1024,0,16,0,16,64,"0x0","0x7ed33c14ec40",4181362085340832,4181362085388523,4181362085393931,4181362085402404,5408
2494,"void transformer_engine::fused_attn_rocm::compute_output_kernel<__half, transformer_engine::fused_attn_rocm::SmallSeqConfig<8, 128, 256, false, (transformer_engine::fused_attn_rocm::CausalMaskType)0>, 2, 8>(__half const*, __half const*, __half*, int const*, int const*, int, int) [clone .kd]",2,8,2750,1279882,1279882,512000,64,16384,0,20,4,32,64,"0x0","0x7ed33c14ec80",4181362085356576,4181362085393931,4181362085446609,4181362085448042,52678
2495,"loop_broadcast_fusion_5.kd",2,8,2751,1279882,1279882,2048000,256,0,0,4,4,16,64,"0x0","0x7ed35b989d80",4181362085364918,4181362085446609,4181362085454701,4181362085454371,8092
2496,"__amd_rocclr_fillBufferAligned.kd",2,8,2752,1279882,1279882,77824,256,0,0,12,4,48,64,"0x0","0x7ed361483580",4181362085379540,4181362085454701,4181362085461511,4181362085462023,6810
2497,"__amd_rocclr_fillBufferAligned.kd",2,8,2753,1279882,1279882,77824,256,0,0,12,4,48,64,"0x0","0x7ed361483580",4181362085385639,4181362085461511,4181362085483745,4181362085486409,22234
2498,"__amd_rocclr_fillBufferAligned.kd",2,8,2754,1279882,1279882,77824,256,0,0,12,4,48,64,"0x0","0x7ed361483580",4181362085391978,4181362085483745,4181362085506699,4181362085510124,22954
2499,"__amd_rocclr_fillBufferAligned.kd",2,8,2755,1279882,1279882,256,256,0,0,12,4,48,64,"0x0","0x7ed361483580",4181362085407592,4181362085506699,4181362085511426,4181362085516804,4727
2500,"ck_fused_attn::get_runtime_max_seqlen_kernel(unsigned long, int const*, int const*, unsigned long*) [clone .kd]",2,8,2756,1279882,1279882,4096,128,0,0,4,4,32,64,"0x0","0x7ed35b978940",4181362085415583,4181362085511426,4181362085517515,4181362085522002,6089
2501,"__amd_rocclr_copyBuffer.kd",2,8,2757,1279882,1279882,512,512,0,0,16,0,32,64,"0x7f13dfdea000","0x7ed361483600",4181362085423535,4181362085517515,4181362085523163,4181362085530094,5648
2502,"__amd_rocclr_fillBufferAligned.kd",2,8,2759,1279882,1279882,256,256,0,0,12,4,48,64,"0x0","0x7ed361483580",4181362085548721,4181362085560739,4181362085562942,4181362085562732,2203
2503,"ck_fused_attn::get_runtime_max_seqlen_kernel(unsigned long, int const*, int const*, unsigned long*) [clone .kd]",2,8,2760,1279882,1279882,4096,128,0,0,4,4,32,64,"0x0","0x7ed35b978940",4181362085560189,4181362085568591,4181362085574520,4181362085582552,5929
2504,"__amd_rocclr_copyBuffer.kd",2,8,2761,1279882,1279882,512,512,0,0,16,0,32,64,"0x7f13dfde9f00","0x7ed361483600",4181362085566969,4181362085579367,4181362085583693,4181362085588150,4326
2505,"void transformer_engine::fused_attn_rocm::compute_grad_v_kernel<__half, transformer_engine::fused_attn_rocm::SmallSeqConfig<8, 128, 256, false, (transformer_engine::fused_attn_rocm::CausalMaskType)0>, 16, 16>(__half const*, __half const*, __half*, int const*, int const*, int, int) [clone .kd]",2,8,2763,1279882,1279882,256000,64,16384,0,28,4,32,64,"0x0","0x7ed33c150400",4181362085603753,4181362085617143,4181362085683121,4181362085689811,65978
2506,"void transformer_engine::fused_attn_rocm::compute_grad_attn_kernel<__half, transformer_engine::fused_attn_rocm::SmallSeqConfig<8, 128, 256, false, (transformer_engine::fused_attn_rocm::CausalMaskType)0>, 16>(__half const*, __half const*, __half*, int const*, int const*, int, int) [clone .kd]",2,8,2764,1279882,1279882,8000,64,0,0,104,0,64,64,"0x0","0x7ed33c150440",4181362085615260,4181362085683121,4181362086033001,4181362086036617,349880
2507,"void transformer_engine::fused_attn_rocm::softmax_backward_kernel<__half, transformer_engine::fused_attn_rocm::SmallSeqConfig<8, 128, 256, false, (transformer_engine::fused_attn_rocm::CausalMaskType)0> >(__half const*, __half const*, __half*, float, int const*, int, int) [clone .kd]",2,8,2765,1279882,1279882,512000,256,1024,0,12,4,16,64,"0x0","0x7ed33c150480",4181362085622051,4181362086033001,4181362086038970,4181362086044359,5969
2508,"void transformer_engine::fused_attn_rocm::compute_grad_qk_kernel<__half, transformer_engine::fused_attn_rocm::SmallSeqConfig<8, 128, 256, false, (transformer_engine::fused_attn_rocm::CausalMaskType)0>, 4, 16>(__half const*, __half const*, __half const*, __half*, __half*, float, int const*, int const*, int, int) [clone .kd]",2,8,2766,1279882,1279882,1024000,64,16384,0,36,4,64,64,"0x0","0x7ed33c1504c0",4181362085629632,4181362086038970,4181362086234060,4181362086241782,195090
2509,"input_reduce_fusion.kd",2,8,2767,1279882,1279882,524288,256,512,0,16,0,16,64,"0x0","0x7ed35b989dc0",4181362085638365,4181362086234060,4181362086243995,4181362086248322,9935
2510,"input_reduce_fusion_3.kd",2,8,2768,1279882,1279882,128,128,512,0,24,0,16,64,"0x0","0x7ed35b989e00",4181362085645495,4181362086243995,4181362086249483,4181362086255673,5488
2511,"loop_convert_fusion.kd",2,8,2769,1279882,1279882,1,1,0,0,4,4,16,64,"0x0","0x7ed35b989e40",4181362085652225,4181362086249483,4181362086253650,4181362086260500,4167
2512,"input_reduce_reduce_window_fusion_3.kd",2,8,2772,1279882,1279882,8192,256,0,0,28,4,48,64,"0x0","0x7ed35b989300",4181362085774437,4181362086266509,4181362086278286,4181362086289133,11777
2513,"loop_reduce_window_fusion_11.kd",2,8,2773,1279882,1279882,2048,256,0,0,8,0,16,64,"0x0","0x7ed35b989340",4181362085785003,4181362086278286,4181362086285978,4181362086294080,7692
2514,"loop_slice_fusion_5.kd",2,8,2774,1279882,1279882,8,8,0,0,20,4,16,64,"0x0","0x7ed35b989380",4181362085792164,4181362086285978,4181362086291426,4181362086298817,5448
2515,"loop_broadcast_fusion_2.kd",2,8,2775,1279882,1279882,32000,256,0,0,4,4,16,64,"0x0","0x7ed35b9893c0",4181362085799354,4181362086291426,4181362086296193,4181362086303965,4767
2516,"input_scatter_fusion_2.kd",2,8,2776,1279882,1279882,32000,256,0,0,12,4,32,64,"0x0","0x7ed35b989400",4181362085807536,4181362086296193,4181362086303364,4181362086308722,7171
2517,"loop_reduce_window_fusion_10.kd",2,8,2777,1279882,1279882,32000,256,0,0,8,0,16,64,"0x0","0x7ed35b989440",4181362085814717,4181362086303364,4181362086308211,4181362086313469,4847
2518,"loop_reduce_window_fusion_11.kd",2,8,2778,1279882,1279882,2048,256,0,0,8,0,16,64,"0x0","0x7ed35b989340",4181362085821647,4181362086308211,4181362086313178,4181362086318516,4967
2519,"loop_slice_fusion_5.kd",2,8,2779,1279882,1279882,8,8,0,0,20,4,16,64,"0x0","0x7ed35b989380",4181362085828758,4181362086313178,4181362086317865,4181362086323053,4687
2520,"loop_slice_fusion_1.kd",2,8,2780,1279882,1279882,125,125,0,0,8,0,16,64,"0x0","0x7ed35b989480",4181362085835458,4181362086317865,4181362086322512,4181362086336373,4647
2521,"input_reduce_fusion_1.kd",2,8,2781,1279882,1279882,64,64,0,0,8,0,16,64,"0x0","0x7ed35b9894c0",4181362085842098,4181362086322512,4181362086327159,4181362086341230,4647
2522,"loop_select_fusion_5.kd",2,8,2782,1279882,1279882,32000,256,0,0,8,0,32,64,"0x0","0x7ed35b989500",4181362085849959,4181362086327159,4181362086332126,4181362086347610,4967
2523,"loop_select_fusion_2.kd",2,8,2783,1279882,1279882,32000,256,0,0,4,4,16,64,"0x0","0x7ed35b989540",4181362085857210,4181362086332126,4181362086336853,4181362086352547,4727
2524,"loop_reduce_window_fusion_10.kd",2,8,2784,1279882,1279882,32000,256,0,0,8,0,16,64,"0x0","0x7ed35b989440",4181362085864211,4181362086336853,4181362086341620,4181362086357274,4767
2525,"loop_reduce_window_fusion_11.kd",2,8,2785,1279882,1279882,2048,256,0,0,8,0,16,64,"0x0","0x7ed35b989340",4181362085871151,4181362086341620,4181362086346508,4181362086361941,4888
2526,"loop_slice_fusion_5.kd",2,8,2786,1279882,1279882,8,8,0,0,20,4,16,64,"0x0","0x7ed35b989380",4181362085878171,4181362086346508,4181362086351235,4181362086366548,4727
2527,"input_concatenate_fusion.kd",2,8,2787,1279882,1279882,32000,256,0,0,12,4,32,64,"0x0","0x7ed35b989580",4181362085884932,4181362086351235,4181362086356483,4181362086371345,5248
2528,"loop_compare_fusion.kd",2,8,2788,1279882,1279882,36096,256,0,0,4,4,16,64,"0x0","0x7ed35b9895c0",4181362085892242,4181362086356483,4181362086361290,4181362086376132,4807
2529,"input_reduce_reduce_window_fusion.kd",2,8,2789,1279882,1279882,11520,256,0,0,24,0,48,64,"0x0","0x7ed35b989600",4181362085899163,4181362086361290,4181362086369622,4181362086380699,8332
2530,"loop_reduce_window_fusion_2.kd",2,8,2790,1279882,1279882,2304,256,0,0,8,0,16,64,"0x0","0x7ed35b989640",4181362085906183,4181362086369622,4181362086374509,4181362086385676,4887
2531,"loop_slice_fusion_8.kd",2,8,2791,1279882,1279882,9,9,0,0,20,4,16,64,"0x0","0x7ed35b989680",4181362085913274,4181362086374509,4181362086379196,4181362086390443,4687
2532,"loop_broadcast_fusion.kd",2,8,2792,1279882,1279882,36096,256,0,0,4,4,16,64,"0x0","0x7ed35b9896c0",4181362085921135,4181362086379196,4181362086383923,4181362086395250,4727
2533,"input_scatter_fusion.kd",2,8,2793,1279882,1279882,36096,256,0,0,12,4,32,64,"0x0","0x7ed35b989700",4181362085928907,4181362086383923,4181362086391094,4181362086399497,7171
2534,"loop_reduce_window_fusion_1.kd",2,8,2794,1279882,1279882,36096,256,0,0,8,0,16,64,"0x0","0x7ed35b989740",4181362085935857,4181362086391094,4181362086395661,4181362086403993,4567
2535,"loop_reduce_window_fusion_2.kd",2,8,2795,1279882,1279882,2304,256,0,0,8,0,16,64,"0x0","0x7ed35b989640",4181362085942978,4181362086395661,4181362086400628,4181362086409922,4967
2536,"loop_slice_fusion_8.kd",2,8,2796,1279882,1279882,9,9,0,0,20,4,16,64,"0x0","0x7ed35b989680",4181362085949698,4181362086400628,4181362086405355,4181362086423713,4727
2537,"loop_slice_fusion.kd",2,8,2797,1279882,1279882,141,141,0,0,8,0,16,64,"0x0","0x7ed35b989780",4181362085957680,4181362086405355,4181362086410082,4181362086419326,4727
2538,"input_reduce_fusion_2.kd",2,8,2798,1279882,1279882,64,64,0,0,8,0,16,64,"0x0","0x7ed35b9897c0",4181362085963879,4181362086410082,4181362086414809,4181362086414790,4727
2539,"loop_select_fusion_4.kd",2,8,2799,1279882,1279882,36096,256,0,0,8,0,32,64,"0x0","0x7ed35b989800",4181362085972281,4181362086414809,4181362086419697,4181362086431805,4888
2540,"loop_select_fusion.kd",2,8,2800,1279882,1279882,36096,256,0,0,8,0,16,64,"0x0","0x7ed35b989840",4181362085978861,4181362086419697,4181362086424624,4181362086436482,4927
2541,"loop_compare_fusion_2.kd",2,8,2801,1279882,1279882,4096,256,0,0,4,4,16,64,"0x0","0x7ed35b989880",4181362085987174,4181362086424624,4181362086429431,4181362086440838,4807
2542,"input_reduce_reduce_window_fusion_2.kd",2,8,2802,1279882,1279882,256,256,512,0,20,4,32,64,"0x0","0x7ed35b9898c0",4181362085995105,4181362086429431,4181362086445815,4181362086445255,16384
2543,"loop_slice_fusion_3.kd",2,8,2803,1279882,1279882,16,16,0,0,20,4,16,64,"0x0","0x7ed35b989900",4181362086001595,4181362086445815,4181362086450542,4181362086451975,4727
2544,"loop_broadcast_fusion_3.kd",2,8,2804,1279882,1279882,4096,256,0,0,4,4,16,64,"0x0","0x7ed35b989940",4181362086008776,4181362086450542,4181362086455350,4181362086456532,4808
2545,"input_scatter_fusion_3.kd",2,8,2805,1279882,1279882,4096,256,0,0,8,0,32,64,"0x0","0x7ed35b989980",4181362086015646,4181362086455350,4181362086461238,4181362086463462,5888
2546,"loop_reduce_window_fusion_13.kd",2,8,2806,1279882,1279882,4096,256,0,0,8,0,16,64,"0x0","0x7ed35b9899c0",4181362086022666,4181362086461238,4181362086466045,4181362086470272,4807
2547,"loop_slice_fusion_3.kd",2,8,2807,1279882,1279882,16,16,0,0,20,4,16,64,"0x0","0x7ed35b989900",4181362086029306,4181362086466045,4181362086470692,4181362086483772,4647
2548,"loop_remainder_fusion.kd",2,8,2808,1279882,1279882,4096,256,0,0,12,4,16,64,"0x0","0x7ed35b989a00",4181362086035756,4181362086470692,4181362086476060,4181362086479366,5368
2549,"loop_select_fusion_3.kd",2,8,2809,1279882,1279882,4096,256,0,0,8,0,32,64,"0x0","0x7ed35b989a40",4181362086059481,4181362086476060,4181362086480827,4181362086490863,4767
2550,"loop_reduce_window_fusion_13.kd",2,8,2810,1279882,1279882,4096,256,0,0,8,0,16,64,"0x0","0x7ed35b9899c0",4181362086066632,4181362086480827,4181362086485554,4181362086504613,4727
2551,"loop_slice_fusion_3.kd",2,8,2811,1279882,1279882,16,16,0,0,20,4,16,64,"0x0","0x7ed35b989900",4181362086072841,4181362086485554,4181362086490201,4181362086509310,4647
2552,"input_concatenate_fusion_1.kd",2,8,2812,1279882,1279882,4096,256,0,0,8,0,32,64,"0x0","0x7ed35b989a80",4181362086080663,4181362086490201,4181362086495489,4181362086495600,5288
2553,"loop_compare_fusion_1.kd",2,8,2813,1279882,1279882,8192,256,0,0,4,4,16,64,"0x0","0x7ed35b989ac0",4181362086087863,4181362086495489,4181362086500377,4181362086499996,4888
2554,"input_reduce_reduce_window_fusion_1.kd",2,8,2814,1279882,1279882,512,512,512,0,20,4,48,64,"0x0","0x7ed35b989b00",4181362086094563,4181362086500377,4181362086517923,4181362086526305,17546
2555,"loop_reduce_window_fusion_6.kd",2,8,2815,1279882,1279882,32,32,0,0,32,0,16,64,"0x0","0x7ed35b989b40",4181362086103106,4181362086517923,4181362086528659,4181362086531123,10736
2556,"loop_broadcast_fusion_1.kd",2,8,2816,1279882,1279882,8192,256,0,0,4,4,16,64,"0x0","0x7ed35b989b80",4181362086110477,4181362086528659,4181362086533626,4181362086535679,4967
2557,"input_scatter_fusion_1.kd",2,8,2817,1279882,1279882,8192,256,0,0,8,0,32,64,"0x0","0x7ed35b989bc0",4181362086117618,4181362086533626,4181362086538714,4181362086542089,5088
2558,"loop_reduce_window_fusion_5.kd",2,8,2818,1279882,1279882,8192,256,0,0,8,0,16,64,"0x0","0x7ed35b989c00",4181362086125039,4181362086538714,4181362086543801,4181362086546626,5087
2559,"loop_reduce_window_fusion_4.kd",2,8,2819,1279882,1279882,512,256,0,0,8,0,16,64,"0x0","0x7ed35b989c40",4181362086131809,4181362086543801,4181362086548768,4181362086550932,4967
2560,"loop_reduce_window_fusion_3.kd",2,8,2820,1279882,1279882,32,32,0,0,8,0,16,64,"0x0","0x7ed35b989c80",4181362086138419,4181362086548768,4181362086553536,4181362086559004,4768
2561,"loop_select_fusion_6.kd",2,8,2821,1279882,1279882,8192,256,0,0,8,0,32,64,"0x0","0x7ed35b989cc0",4181362086146350,4181362086553536,4181362086558503,4181362086563471,4967
2562,"loop_select_fusion_1.kd",2,8,2822,1279882,1279882,8192,256,0,0,8,0,16,64,"0x0","0x7ed35b989d00",4181362086153731,4181362086558503,4181362086563390,4181362086568258,4887
2563,"loop_broadcast_fusion_4.kd",2,8,2823,1279882,1279882,16,16,0,0,4,4,16,64,"0x0","0x7ed35b989d40",4181362086159971,4181362086563390,4181362086568318,4181362086574818,4928
2564,"__amd_rocclr_fillBufferAligned.kd",2,8,2824,1279882,1279882,77824,256,0,0,12,4,48,64,"0x0","0x7ed361483580",4181362086172199,4181362086568318,4181362086581297,4181362086581578,12979
2565,"__amd_rocclr_fillBufferAligned.kd",2,8,2825,1279882,1279882,16128,256,0,0,12,4,48,64,"0x0","0x7ed361483580",4181362086179690,4181362086581297,4181362086586224,4181362086586054,4927
2566,"transformer_engine::fused_attn_rocm::populate_rng_state_kernel(long*, long const*, long) [clone .kd]",2,8,2826,1279882,1279882,1,1,0,0,8,0,16,64,"0x0","0x7ed35b9ad380",4181362086188763,4181362086586224,4181362086591071,4181362086591673,4847
2567,"__amd_rocclr_fillBufferAligned.kd",2,8,2827,1279882,1279882,256,256,0,0,12,4,48,64,"0x0","0x7ed361483580",4181362086198107,4181362086591071,4181362086595798,4181362086595879,4727
2568,"ck_fused_attn::get_runtime_max_seqlen_kernel(unsigned long, int const*, int const*, unsigned long*) [clone .kd]",2,8,2828,1279882,1279882,4096,128,0,0,4,4,32,64,"0x0","0x7ed35b978940",4181362086204096,4181362086595798,4181362086601607,4181362086602409,5809
2569,"__amd_rocclr_copyBuffer.kd",2,8,2829,1279882,1279882,512,512,0,0,16,0,32,64,"0x7f13dfc71c80","0x7ed361483600",4181362086212919,4181362086601607,4181362086607296,4181362086608628,5689
2570,"__amd_rocclr_fillBufferAligned.kd",2,8,2831,1279882,1279882,256,256,0,0,12,4,48,64,"0x0","0x7ed361483580",4181362086649068,4181362086665742,4181362086667866,4181362086690099,2124
2571,"ck_fused_attn::get_runtime_max_seqlen_kernel(unsigned long, int const*, int const*, unsigned long*) [clone .kd]",2,8,2832,1279882,1279882,4096,128,0,0,4,4,32,64,"0x0","0x7ed35b978940",4181362086665933,4181362086674756,4181362086682928,4181362086701636,8172
2572,"__amd_rocclr_copyBuffer.kd",2,8,2833,1279882,1279882,512,512,0,0,16,0,32,64,"0x7f13dfde9c00","0x7ed361483600",4181362086673645,4181362086682928,4181362086688977,4181362086695056,6049
2573,"void transformer_engine::fused_attn_rocm::compute_scores_kernel<__half, transformer_engine::fused_attn_rocm::SmallSeqConfig<8, 128, 256, false, (transformer_engine::fused_attn_rocm::CausalMaskType)0>, 1>(__half const*, __half const*, __half*, float, int const*, int const*, int, int) [clone .kd]",2,8,2835,1279882,1279882,64000,64,0,0,100,4,48,64,"0x0","0x7ed33c14ec00",4181362086711962,4181362086722146,4181362086764610,4181362086766623,42464
2574,"void transformer_engine::fused_attn_rocm::apply_mask_and_softmax_kernel<__half, transformer_engine::fused_attn_rocm::SmallSeqConfig<8, 128, 256, false, (transformer_engine::fused_attn_rocm::CausalMaskType)0> >(__half*, __half const*, float, int const*, int, int) [clone .kd]",2,8,2836,1279882,1279882,512000,256,1024,0,16,0,16,64,"0x0","0x7ed33c14ec40",4181362086719813,4181362086764610,4181362086769937,4181362086773012,5327
2575,"void transformer_engine::fused_attn_rocm::compute_output_kernel<__half, transformer_engine::fused_attn_rocm::SmallSeqConfig<8, 128, 256, false, (transformer_engine::fused_attn_rocm::CausalMaskType)0>, 2, 8>(__half const*, __half const*, __half*, int const*, int const*, int, int) [clone .kd]",2,8,2837,1279882,1279882,512000,64,16384,0,20,4,32,64,"0x0","0x7ed33c14ec80",4181362086726934,4181362086769937,4181362086822816,4181362086830578,52879
2576,"loop_broadcast_fusion_5.kd",2,8,2838,1279882,1279882,2048000,256,0,0,4,4,16,64,"0x0","0x7ed35b989d80",4181362086735957,4181362086822816,4181362086830988,4181362086843277,8172
2577,"__amd_rocclr_fillBufferAligned.kd",2,8,2839,1279882,1279882,77824,256,0,0,12,4,48,64,"0x0","0x7ed361483580",4181362086757269,4181362086830988,4181362086838079,4181362086839010,7091
2578,"__amd_rocclr_fillBufferAligned.kd",2,8,2840,1279882,1279882,77824,256,0,0,12,4,48,64,"0x0","0x7ed361483580",4181362086763628,4181362086838079,4181362086860672,4181362086868364,22593
2579,"__amd_rocclr_fillBufferAligned.kd",2,8,2841,1279882,1279882,77824,256,0,0,12,4,48,64,"0x0","0x7ed361483580",4181362086770438,4181362086860672,4181362086882945,4181362086883917,22273
2580,"__amd_rocclr_fillBufferAligned.kd",2,8,2842,1279882,1279882,256,256,0,0,12,4,48,64,"0x0","0x7ed361483580",4181362086782547,4181362086882945,4181362086887673,4181362086890677,4728
2581,"ck_fused_attn::get_runtime_max_seqlen_kernel(unsigned long, int const*, int const*, unsigned long*) [clone .kd]",2,8,2843,1279882,1279882,4096,128,0,0,4,4,32,64,"0x0","0x7ed35b978940",4181362086789337,4181362086887673,4181362086893641,4181362086897447,5968
2582,"__amd_rocclr_copyBuffer.kd",2,8,2844,1279882,1279882,512,512,0,0,16,0,32,64,"0x7f13dfde9b00","0x7ed361483600",4181362086796808,4181362086893641,4181362086899530,4181362086904037,5889
2583,"__amd_rocclr_fillBufferAligned.kd",2,8,2846,1279882,1279882,256,256,0,0,12,4,48,64,"0x0","0x7ed361483580",4181362086925459,4181362086935544,4181362086937707,4181362086941283,2163
2584,"ck_fused_attn::get_runtime_max_seqlen_kernel(unsigned long, int const*, int const*, unsigned long*) [clone .kd]",2,8,2847,1279882,1279882,4096,128,0,0,4,4,32,64,"0x0","0x7ed35b978940",4181362086934432,4181362086943516,4181362086949605,4181362086950737,6089
2585,"__amd_rocclr_copyBuffer.kd",2,8,2848,1279882,1279882,512,512,0,0,16,0,32,64,"0x7f13dfde8b80","0x7ed361483600",4181362086942204,4181362086954452,4181362086959860,4181362086967321,5408
2586,"void transformer_engine::fused_attn_rocm::compute_grad_v_kernel<__half, transformer_engine::fused_attn_rocm::SmallSeqConfig<8, 128, 256, false, (transformer_engine::fused_attn_rocm::CausalMaskType)0>, 16, 16>(__half const*, __half const*, __half*, int const*, int const*, int, int) [clone .kd]",2,8,2850,1279882,1279882,256000,64,16384,0,28,4,32,64,"0x0","0x7ed33c150400",4181362086982704,4181362086993710,4181362087061571,4181362087061181,67861
2587,"void transformer_engine::fused_attn_rocm::compute_grad_attn_kernel<__half, transformer_engine::fused_attn_rocm::SmallSeqConfig<8, 128, 256, false, (transformer_engine::fused_attn_rocm::CausalMaskType)0>, 16>(__half const*, __half const*, __half*, int const*, int const*, int, int) [clone .kd]",2,8,2851,1279882,1279882,8000,64,0,0,104,0,64,64,"0x0","0x7ed33c150440",4181362086991557,4181362087061571,4181362087408006,4181362087407526,346435
2588,"void transformer_engine::fused_attn_rocm::softmax_backward_kernel<__half, transformer_engine::fused_attn_rocm::SmallSeqConfig<8, 128, 256, false, (transformer_engine::fused_attn_rocm::CausalMaskType)0> >(__half const*, __half const*, __half*, float, int const*, int, int) [clone .kd]",2,8,2852,1279882,1279882,512000,256,1024,0,12,4,16,64,"0x0","0x7ed33c150480",4181362086998508,4181362087408006,4181362087414015,4181362087416409,6009
2589,"void transformer_engine::fused_attn_rocm::compute_grad_qk_kernel<__half, transformer_engine::fused_attn_rocm::SmallSeqConfig<8, 128, 256, false, (transformer_engine::fused_attn_rocm::CausalMaskType)0>, 4, 16>(__half const*, __half const*, __half const*, __half*, __half*, float, int const*, int const*, int, int) [clone .kd]",2,8,2853,1279882,1279882,1024000,64,16384,0,36,4,64,64,"0x0","0x7ed33c1504c0",4181362087009244,4181362087414015,4181362087606221,4181362087622075,192206
2590,"input_reduce_fusion.kd",2,8,2854,1279882,1279882,524288,256,512,0,16,0,16,64,"0x0","0x7ed35b989dc0",4181362087018227,4181362087606221,4181362087616276,4181362087633592,10055
2591,"input_reduce_fusion_3.kd",2,8,2855,1279882,1279882,128,128,512,0,24,0,16,64,"0x0","0x7ed35b989e00",4181362087024356,4181362087616276,4181362087621244,4181362087638710,4968
2592,"loop_convert_fusion.kd",2,8,2856,1279882,1279882,1,1,0,0,4,4,16,64,"0x0","0x7ed35b989e40",4181362087031216,4181362087621244,4181362087625650,4181362087643066,4406
2593,"input_reduce_reduce_window_fusion_3.kd",2,8,2859,1279882,1279882,8192,256,0,0,28,4,48,64,"0x0","0x7ed35b989300",4181362087155221,4181362087638269,4181362087649566,4181362087649306,11297
2594,"loop_reduce_window_fusion_11.kd",2,8,2860,1279882,1279882,2048,256,0,0,8,0,16,64,"0x0","0x7ed35b989340",4181362087164354,4181362087649566,4181362087656857,4181362087661293,7291
2595,"loop_slice_fusion_5.kd",2,8,2861,1279882,1279882,8,8,0,0,20,4,16,64,"0x0","0x7ed35b989380",4181362087171725,4181362087656857,4181362087662305,4181362087666241,5448
2596,"loop_broadcast_fusion_2.kd",2,8,2862,1279882,1279882,32000,256,0,0,4,4,16,64,"0x0","0x7ed35b9893c0",4181362087179477,4181362087662305,4181362087667192,4181362087671559,4887
2597,"input_scatter_fusion_2.kd",2,8,2863,1279882,1279882,32000,256,0,0,12,4,32,64,"0x0","0x7ed35b989400",4181362087186507,4181362087667192,4181362087674363,4181362087676676,7171
2598,"loop_reduce_window_fusion_10.kd",2,8,2864,1279882,1279882,32000,256,0,0,8,0,16,64,"0x0","0x7ed35b989440",4181362087194028,4181362087674363,4181362087679130,4181362087681353,4767
2599,"loop_reduce_window_fusion_11.kd",2,8,2865,1279882,1279882,2048,256,0,0,8,0,16,64,"0x0","0x7ed35b989340",4181362087201239,4181362087679130,4181362087684017,4181362087686060,4887
2600,"loop_slice_fusion_5.kd",2,8,2866,1279882,1279882,8,8,0,0,20,4,16,64,"0x0","0x7ed35b989380",4181362087208089,4181362087684017,4181362087688744,4181362087690687,4727
2601,"loop_slice_fusion_1.kd",2,8,2867,1279882,1279882,125,125,0,0,8,0,16,64,"0x0","0x7ed35b989480",4181362087215530,4181362087688744,4181362087693471,4181362087694903,4727
2602,"input_reduce_fusion_1.kd",2,8,2868,1279882,1279882,64,64,0,0,8,0,16,64,"0x0","0x7ed35b9894c0",4181362087223042,4181362087693471,4181362087698158,4181362087699650,4687
2603,"loop_select_fusion_5.kd",2,8,2869,1279882,1279882,32000,256,0,0,8,0,32,64,"0x0","0x7ed35b989500",4181362087230463,4181362087698158,4181362087703085,4181362087706701,4927
2604,"loop_select_fusion_2.kd",2,8,2870,1279882,1279882,32000,256,0,0,4,4,16,64,"0x0","0x7ed35b989540",4181362087237113,4181362087703085,4181362087707852,4181362087711468,4767
2605,"loop_reduce_window_fusion_10.kd",2,8,2871,1279882,1279882,32000,256,0,0,8,0,16,64,"0x0","0x7ed35b989440",4181362087244313,4181362087707852,4181362087712579,4181362087716586,4727
2606,"loop_reduce_window_fusion_11.kd",2,8,2872,1279882,1279882,2048,256,0,0,8,0,16,64,"0x0","0x7ed35b989340",4181362087250563,4181362087712579,4181362087717507,4181362087721152,4928
2607,"loop_slice_fusion_5.kd",2,8,2873,1279882,1279882,8,8,0,0,20,4,16,64,"0x0","0x7ed35b989380",4181362087257463,4181362087717507,4181362087722234,4181362087726160,4727
2608,"input_concatenate_fusion.kd",2,8,2874,1279882,1279882,32000,256,0,0,12,4,32,64,"0x0","0x7ed35b989580",4181362087264263,4181362087722234,4181362087727482,4181362087730817,5248
2609,"loop_compare_fusion.kd",2,8,2875,1279882,1279882,36096,256,0,0,4,4,16,64,"0x0","0x7ed35b9895c0",4181362087271724,4181362087727482,4181362087732449,4181362087735263,4967
2610,"input_reduce_reduce_window_fusion.kd",2,8,2876,1279882,1279882,11520,256,0,0,24,0,48,64,"0x0","0x7ed35b989600",4181362087278534,4181362087732449,4181362087740781,4181362087743986,8332
2611,"loop_reduce_window_fusion_2.kd",2,8,2877,1279882,1279882,2304,256,0,0,8,0,16,64,"0x0","0x7ed35b989640",4181362087286676,4181362087740781,4181362087745789,4181362087749214,5008
2612,"loop_slice_fusion_8.kd",2,8,2878,1279882,1279882,9,9,0,0,20,4,16,64,"0x0","0x7ed35b989680",4181362087293947,4181362087745789,4181362087750436,4181362087753911,4647
2613,"loop_broadcast_fusion.kd",2,8,2879,1279882,1279882,36096,256,0,0,4,4,16,64,"0x0","0x7ed35b9896c0",4181362087301929,4181362087750436,4181362087755363,4181362087758388,4927
2614,"input_scatter_fusion.kd",2,8,2880,1279882,1279882,36096,256,0,0,12,4,32,64,"0x0","0x7ed35b989700",4181362087310061,4181362087755363,4181362087762253,4181362087762434,6890
2615,"loop_reduce_window_fusion_1.kd",2,8,2881,1279882,1279882,36096,256,0,0,8,0,16,64,"0x0","0x7ed35b989740",4181362087316911,4181362087762253,4181362087767181,4181362087769094,4928
2616,"loop_reduce_window_fusion_2.kd",2,8,2882,1279882,1279882,2304,256,0,0,8,0,16,64,"0x0","0x7ed35b989640",4181362087324002,4181362087767181,4181362087772228,4181362087773500,5047
2617,"loop_slice_fusion_8.kd",2,8,2883,1279882,1279882,9,9,0,0,20,4,16,64,"0x0","0x7ed35b989680",4181362087331343,4181362087772228,4181362087776875,4181362087777987,4647
2618,"loop_slice_fusion.kd",2,8,2884,1279882,1279882,141,141,0,0,8,0,16,64,"0x0","0x7ed35b989780",4181362087338193,4181362087776875,4181362087781562,4181362087784867,4687
2619,"input_reduce_fusion_2.kd",2,8,2885,1279882,1279882,64,64,0,0,8,0,16,64,"0x0","0x7ed35b9897c0",4181362087345584,4181362087781562,4181362087786249,4181362087796695,4687
2620,"loop_select_fusion_4.kd",2,8,2886,1279882,1279882,36096,256,0,0,8,0,32,64,"0x0","0x7ed35b989800",4181362087352995,4181362087786249,4181362087791136,4181362087792198,4887
2621,"loop_select_fusion.kd",2,8,2887,1279882,1279882,36096,256,0,0,8,0,16,64,"0x0","0x7ed35b989840",4181362087360476,4181362087791136,4181362087796064,4181362087808482,4928
2622,"loop_compare_fusion_2.kd",2,8,2888,1279882,1279882,4096,256,0,0,4,4,16,64,"0x0","0x7ed35b989880",4181362087367246,4181362087796064,4181362087800871,4181362087803916,4807
2623,"input_reduce_reduce_window_fusion_2.kd",2,8,2889,1279882,1279882,256,256,512,0,20,4,32,64,"0x0","0x7ed35b9898c0",4181362087375198,4181362087800871,4181362087816854,4181362087832678,15983
2624,"loop_slice_fusion_3.kd",2,8,2890,1279882,1279882,16,16,0,0,20,4,16,64,"0x0","0x7ed35b989900",4181362087381517,4181362087816854,4181362087821541,4181362087837345,4687
2625,"loop_broadcast_fusion_3.kd",2,8,2891,1279882,1279882,4096,256,0,0,4,4,16,64,"0x0","0x7ed35b989940",4181362087389029,4181362087821541,4181362087826309,4181362087828071,4768
2626,"input_scatter_fusion_3.kd",2,8,2892,1279882,1279882,4096,256,0,0,8,0,32,64,"0x0","0x7ed35b989980",4181362087396339,4181362087826309,4181362087832157,4181362087870134,5848
2627,"loop_reduce_window_fusion_13.kd",2,8,2893,1279882,1279882,4096,256,0,0,8,0,16,64,"0x0","0x7ed35b9899c0",4181362087403410,4181362087832157,4181362087837004,4181362087865808,4847
2628,"loop_slice_fusion_3.kd",2,8,2894,1279882,1279882,16,16,0,0,20,4,16,64,"0x0","0x7ed35b989900",4181362087409799,4181362087837004,4181362087841691,4181362087842092,4687
2629,"loop_remainder_fusion.kd",2,8,2895,1279882,1279882,4096,256,0,0,12,4,16,64,"0x0","0x7ed35b989a00",4181362087423830,4181362087841691,4181362087847059,4181362087846759,5368
2630,"loop_select_fusion_3.kd",2,8,2896,1279882,1279882,4096,256,0,0,8,0,32,64,"0x0","0x7ed35b989a40",4181362087442578,4181362087847059,4181362087851867,4181362087852738,4808
2631,"loop_reduce_window_fusion_13.kd",2,8,2897,1279882,1279882,4096,256,0,0,8,0,16,64,"0x0","0x7ed35b9899c0",4181362087450059,4181362087851867,4181362087856634,4181362087857115,4767
2632,"loop_slice_fusion_3.kd",2,8,2898,1279882,1279882,16,16,0,0,20,4,16,64,"0x0","0x7ed35b989900",4181362087456429,4181362087856634,4181362087861240,4181362087861411,4606
2633,"input_concatenate_fusion_1.kd",2,8,2899,1279882,1279882,4096,256,0,0,8,0,32,64,"0x0","0x7ed35b989a80",4181362087463950,4181362087861240,4181362087866769,4181362087877114,5529
2634,"loop_compare_fusion_1.kd",2,8,2900,1279882,1279882,8192,256,0,0,4,4,16,64,"0x0","0x7ed35b989ac0",4181362087471511,4181362087866769,4181362087871696,4181362087881351,4927
2635,"input_reduce_reduce_window_fusion_1.kd",2,8,2901,1279882,1279882,512,512,512,0,20,4,48,64,"0x0","0x7ed35b989b00",4181362087478211,4181362087871696,4181362087889322,4181362087907880,17626
2636,"loop_reduce_window_fusion_6.kd",2,8,2902,1279882,1279882,32,32,0,0,32,0,16,64,"0x0","0x7ed35b989b40",4181362087485322,4181362087889322,4181362087897975,4181362087898687,8653
2637,"loop_broadcast_fusion_1.kd",2,8,2903,1279882,1279882,8192,256,0,0,4,4,16,64,"0x0","0x7ed35b989b80",4181362087492332,4181362087897975,4181362087903023,4181362087903323,5048
2638,"input_scatter_fusion_1.kd",2,8,2904,1279882,1279882,8192,256,0,0,8,0,32,64,"0x0","0x7ed35b989bc0",4181362087499703,4181362087903023,4181362087908270,4181362087914250,5247
2639,"loop_reduce_window_fusion_5.kd",2,8,2905,1279882,1279882,8192,256,0,0,8,0,16,64,"0x0","0x7ed35b989c00",4181362087506894,4181362087908270,4181362087913278,4181362087918606,5008
2640,"loop_reduce_window_fusion_4.kd",2,8,2906,1279882,1279882,512,256,0,0,8,0,16,64,"0x0","0x7ed35b989c40",4181362087513293,4181362087913278,4181362087918285,4181362087924535,5007
2641,"loop_reduce_window_fusion_3.kd",2,8,2907,1279882,1279882,32,32,0,0,8,0,16,64,"0x0","0x7ed35b989c80",4181362087519563,4181362087918285,4181362087923052,4181362087931595,4767
2642,"loop_select_fusion_6.kd",2,8,2908,1279882,1279882,8192,256,0,0,8,0,32,64,"0x0","0x7ed35b989cc0",4181362087527585,4181362087923052,4181362087927940,4181362087935862,4888
2643,"loop_select_fusion_1.kd",2,8,2909,1279882,1279882,8192,256,0,0,8,0,16,64,"0x0","0x7ed35b989d00",4181362087534595,4181362087927940,4181362087932867,4181362087944725,4927
2644,"loop_broadcast_fusion_4.kd",2,8,2910,1279882,1279882,16,16,0,0,4,4,16,64,"0x0","0x7ed35b989d40",4181362087542226,4181362087932867,4181362087937754,4181362087940499,4887
2645,"__amd_rocclr_fillBufferAligned.kd",2,8,2911,1279882,1279882,77824,256,0,0,12,4,48,64,"0x0","0x7ed361483580",4181362087553824,4181362087937754,4181362087951174,4181362087951175,13420
2646,"__amd_rocclr_fillBufferAligned.kd",2,8,2912,1279882,1279882,16128,256,0,0,12,4,48,64,"0x0","0x7ed361483580",4181362087559923,4181362087951174,4181362087956302,4181362087957654,5128
2647,"transformer_engine::fused_attn_rocm::populate_rng_state_kernel(long*, long const*, long) [clone .kd]",2,8,2913,1279882,1279882,1,1,0,0,8,0,16,64,"0x0","0x7ed35b9ad380",4181362087569006,4181362087956302,4181362087961349,4181362087962181,5047
2648,"__amd_rocclr_fillBufferAligned.kd",2,8,2914,1279882,1279882,256,256,0,0,12,4,48,64,"0x0","0x7ed361483580",4181362087578060,4181362087961349,4181362087966116,4181362087968400,4767
2649,"ck_fused_attn::get_runtime_max_seqlen_kernel(unsigned long, int const*, int const*, unsigned long*) [clone .kd]",2,8,2915,1279882,1279882,4096,128,0,0,4,4,32,64,"0x0","0x7ed35b978940",4181362087584259,4181362087966116,4181362087972206,4181362087972456,6090
2650,"__amd_rocclr_copyBuffer.kd",2,8,2916,1279882,1279882,512,512,0,0,16,0,32,64,"0x7f13dfde9800","0x7ed361483600",4181362087592601,4181362087972206,4181362087977694,4181362087979156,5488
2651,"__amd_rocclr_fillBufferAligned.kd",2,8,2918,1279882,1279882,256,256,0,0,12,4,48,64,"0x0","0x7ed361483580",4181362088017503,4181362088029691,4181362088031614,4181362088059546,1923
2652,"ck_fused_attn::get_runtime_max_seqlen_kernel(unsigned long, int const*, int const*, unsigned long*) [clone .kd]",2,8,2919,1279882,1279882,4096,128,0,0,4,4,32,64,"0x0","0x7ed35b978940",4181362088028259,4181362088037142,4181362088042871,4181362088072976,5729
2653,"__amd_rocclr_copyBuffer.kd",2,8,2920,1279882,1279882,512,512,0,0,16,0,32,64,"0x7f13dfde9780","0x7ed361483600",4181362088035630,4181362088047798,4181362088053206,4181362088067718,5408
2654,"void transformer_engine::fused_attn_rocm::compute_scores_kernel<__half, transformer_engine::fused_attn_rocm::SmallSeqConfig<8, 128, 256, false, (transformer_engine::fused_attn_rocm::CausalMaskType)0>, 1>(__half const*, __half const*, __half*, float, int const*, int const*, int, int) [clone .kd]",2,8,2922,1279882,1279882,64000,64,0,0,100,4,48,64,"0x0","0x7ed33c14ec00",4181362088083882,4181362088094147,4181362088139614,4181362088139194,45467
2655,"void transformer_engine::fused_attn_rocm::apply_mask_and_softmax_kernel<__half, transformer_engine::fused_attn_rocm::SmallSeqConfig<8, 128, 256, false, (transformer_engine::fused_attn_rocm::CausalMaskType)0> >(__half*, __half const*, float, int const*, int, int) [clone .kd]",2,8,2923,1279882,1279882,512000,256,1024,0,16,0,16,64,"0x0","0x7ed33c14ec40",4181362088091734,4181362088139614,4181362088145023,4181362088145484,5409
2656,"void transformer_engine::fused_attn_rocm::compute_output_kernel<__half, transformer_engine::fused_attn_rocm::SmallSeqConfig<8, 128, 256, false, (transformer_engine::fused_attn_rocm::CausalMaskType)0>, 2, 8>(__half const*, __half const*, __half*, int const*, int const*, int, int) [clone .kd]",2,8,2924,1279882,1279882,512000,64,16384,0,20,4,32,64,"0x0","0x7ed33c14ec80",4181362088099045,4181362088145023,4181362088197981,4181362088203109,52958
2657,"loop_broadcast_fusion_5.kd",2,8,2925,1279882,1279882,2048000,256,0,0,4,4,16,64,"0x0","0x7ed35b989d80",4181362088108088,4181362088197981,4181362088206113,4181362088223730,8132
2658,"__amd_rocclr_fillBufferAligned.kd",2,8,2926,1279882,1279882,77824,256,0,0,12,4,48,64,"0x0","0x7ed361483580",4181362088120466,4181362088206113,4181362088213044,4181362088218182,6931
2659,"__amd_rocclr_fillBufferAligned.kd",2,8,2927,1279882,1279882,77824,256,0,0,12,4,48,64,"0x0","0x7ed361483580",4181362088128228,4181362088213044,4181362088235477,4181362088240895,22433
2660,"__amd_rocclr_fillBufferAligned.kd",2,8,2928,1279882,1279882,77824,256,0,0,12,4,48,64,"0x0","0x7ed361483580",4181362088143160,4181362088235477,4181362088257910,4181362088257360,22433
2661,"__amd_rocclr_fillBufferAligned.kd",2,8,2929,1279882,1279882,256,256,0,0,12,4,48,64,"0x0","0x7ed361483580",4181362088163080,4181362088257910,4181362088262597,4181362088264070,4687
2662,"ck_fused_attn::get_runtime_max_seqlen_kernel(unsigned long, int const*, int const*, unsigned long*) [clone .kd]",2,8,2930,1279882,1279882,4096,128,0,0,4,4,32,64,"0x0","0x7ed35b978940",4181362088170180,4181362088262597,4181362088268646,4181362088272603,6049
2663,"__amd_rocclr_copyBuffer.kd",2,8,2931,1279882,1279882,512,512,0,0,16,0,32,64,"0x7f13dfde9600","0x7ed361483600",4181362088178052,4181362088268646,4181362088274255,4181362088277590,5609
2664,"__amd_rocclr_fillBufferAligned.kd",2,8,2933,1279882,1279882,256,256,0,0,12,4,48,64,"0x0","0x7ed361483580",4181362088297640,4181362088307464,4181362088309507,4181362088313914,2043
2665,"ck_fused_attn::get_runtime_max_seqlen_kernel(unsigned long, int const*, int const*, unsigned long*) [clone .kd]",2,8,2934,1279882,1279882,4096,128,0,0,4,4,32,64,"0x0","0x7ed35b978940",4181362088306112,4181362088315276,4181362088321205,4181362088324360,5929
2666,"__amd_rocclr_copyBuffer.kd",2,8,2935,1279882,1279882,512,512,0,0,16,0,32,64,"0x7f13dfc71880","0x7ed361483600",4181362088313473,4181362088329577,4181362088335626,4181362088340363,6049
2667,"void transformer_engine::fused_attn_rocm::compute_grad_v_kernel<__half, transformer_engine::fused_attn_rocm::SmallSeqConfig<8, 128, 256, false, (transformer_engine::fused_attn_rocm::CausalMaskType)0>, 16, 16>(__half const*, __half const*, __half*, int const*, int const*, int, int) [clone .kd]",2,8,2937,1279882,1279882,256000,64,16384,0,28,4,32,64,"0x0","0x7ed33c150400",4181362088355606,4181362088366672,4181362088435895,4181362088440763,69223
2668,"void transformer_engine::fused_attn_rocm::compute_grad_attn_kernel<__half, transformer_engine::fused_attn_rocm::SmallSeqConfig<8, 128, 256, false, (transformer_engine::fused_attn_rocm::CausalMaskType)0>, 16>(__half const*, __half const*, __half*, int const*, int const*, int, int) [clone .kd]",2,8,2938,1279882,1279882,8000,64,0,0,104,0,64,64,"0x0","0x7ed33c150440",4181362088365511,4181362088435895,4181362088785295,4181362088788550,349400
2669,"void transformer_engine::fused_attn_rocm::softmax_backward_kernel<__half, transformer_engine::fused_attn_rocm::SmallSeqConfig<8, 128, 256, false, (transformer_engine::fused_attn_rocm::CausalMaskType)0> >(__half const*, __half const*, __half*, float, int const*, int, int) [clone .kd]",2,8,2939,1279882,1279882,512000,256,1024,0,12,4,16,64,"0x0","0x7ed33c150480",4181362088372551,4181362088785295,4181362088791424,4181362088797373,6129
2670,"void transformer_engine::fused_attn_rocm::compute_grad_qk_kernel<__half, transformer_engine::fused_attn_rocm::SmallSeqConfig<8, 128, 256, false, (transformer_engine::fused_attn_rocm::CausalMaskType)0>, 4, 16>(__half const*, __half const*, __half const*, __half*, __half*, float, int const*, int const*, int, int) [clone .kd]",2,8,2940,1279882,1279882,1024000,64,16384,0,36,4,64,64,"0x0","0x7ed33c1504c0",4181362088380894,4181362088791424,4181362088977581,4181362088977891,186157
2671,"input_reduce_fusion.kd",2,8,2941,1279882,1279882,524288,256,512,0,16,0,16,64,"0x0","0x7ed35b989dc0",4181362088388605,4181362088977581,4181362088988156,4181362088987536,10575
2672,"input_reduce_fusion_3.kd",2,8,2942,1279882,1279882,128,128,512,0,24,0,16,64,"0x0","0x7ed35b989e00",4181362088397599,4181362088988156,4181362088993725,4181362088995608,5569
2673,"loop_convert_fusion.kd",2,8,2943,1279882,1279882,1,1,0,0,4,4,16,64,"0x0","0x7ed35b989e40",4181362088405650,4181362088993725,4181362088997851,4181362089000175,4126
2674,"input_reduce_reduce_window_fusion_3.kd",2,8,2946,1279882,1279882,8192,256,0,0,28,4,48,64,"0x0","0x7ed35b989300",4181362088531097,4181362089010670,4181362089021967,4181362089025012,11297
2675,"loop_reduce_window_fusion_11.kd",2,8,2947,1279882,1279882,2048,256,0,0,8,0,16,64,"0x0","0x7ed35b989340",4181362088540942,4181362089021967,4181362089029939,4181362089030199,7972
2676,"loop_slice_fusion_5.kd",2,8,2948,1279882,1279882,8,8,0,0,20,4,16,64,"0x0","0x7ed35b989380",4181362088548343,4181362089029939,4181362089035186,4181362089041957,5247
2677,"loop_broadcast_fusion_2.kd",2,8,2949,1279882,1279882,32000,256,0,0,4,4,16,64,"0x0","0x7ed35b9893c0",4181362088555674,4181362089035186,4181362089041275,4181362089047024,6089
2678,"input_scatter_fusion_2.kd",2,8,2950,1279882,1279882,32000,256,0,0,12,4,32,64,"0x0","0x7ed35b989400",4181362088562504,4181362089041275,4181362089049408,4181362089052152,8133
2679,"loop_reduce_window_fusion_10.kd",2,8,2951,1279882,1279882,32000,256,0,0,8,0,16,64,"0x0","0x7ed35b989440",4181362088568853,4181362089049408,4181362089054335,4181362089057079,4927
2680,"loop_reduce_window_fusion_11.kd",2,8,2952,1279882,1279882,2048,256,0,0,8,0,16,64,"0x0","0x7ed35b989340",4181362088575503,4181362089054335,4181362089059342,4181362089061776,5007
2681,"loop_slice_fusion_5.kd",2,8,2953,1279882,1279882,8,8,0,0,20,4,16,64,"0x0","0x7ed35b989380",4181362088581953,4181362089059342,4181362089063989,4181362089066213,4647
2682,"loop_slice_fusion_1.kd",2,8,2954,1279882,1279882,125,125,0,0,8,0,16,64,"0x0","0x7ed35b989480",4181362088588072,4181362089063989,4181362089068676,4181362089070659,4687
2683,"input_reduce_fusion_1.kd",2,8,2955,1279882,1279882,64,64,0,0,8,0,16,64,"0x0","0x7ed35b9894c0",4181362088594672,4181362089068676,4181362089073323,4181362089078151,4647
2684,"loop_select_fusion_5.kd",2,8,2956,1279882,1279882,32000,256,0,0,8,0,32,64,"0x0","0x7ed35b989500",4181362088601802,4181362089073323,4181362089078250,4181362089083438,4927
2685,"loop_select_fusion_2.kd",2,8,2957,1279882,1279882,32000,256,0,0,4,4,16,64,"0x0","0x7ed35b989540",4181362088608843,4181362089078250,4181362089083058,4181362089088316,4808
2686,"loop_reduce_window_fusion_10.kd",2,8,2958,1279882,1279882,32000,256,0,0,8,0,16,64,"0x0","0x7ed35b989440",4181362088615172,4181362089083058,4181362089087825,4181362089093093,4767
2687,"loop_reduce_window_fusion_11.kd",2,8,2959,1279882,1279882,2048,256,0,0,8,0,16,64,"0x0","0x7ed35b989340",4181362088622994,4181362089087825,4181362089092712,4181362089097810,4887
2688,"loop_slice_fusion_5.kd",2,8,2960,1279882,1279882,8,8,0,0,20,4,16,64,"0x0","0x7ed35b989380",4181362088629624,4181362089092712,4181362089097439,4181362089102367,4727
2689,"input_concatenate_fusion.kd",2,8,2961,1279882,1279882,32000,256,0,0,12,4,32,64,"0x0","0x7ed35b989580",4181362088636714,4181362089097439,4181362089102687,4181362089107234,5248
2690,"loop_compare_fusion.kd",2,8,2962,1279882,1279882,36096,256,0,0,4,4,16,64,"0x0","0x7ed35b9895c0",4181362088643664,4181362089102687,4181362089107614,4181362089111690,4927
2691,"input_reduce_reduce_window_fusion.kd",2,8,2963,1279882,1279882,11520,256,0,0,24,0,48,64,"0x0","0x7ed35b989600",4181362088652037,4181362089107614,4181362089115746,4181362089116207,8132
2692,"loop_reduce_window_fusion_2.kd",2,8,2964,1279882,1279882,2304,256,0,0,8,0,16,64,"0x0","0x7ed35b989640",4181362088659198,4181362089115746,4181362089120593,4181362089120944,4847
2693,"loop_slice_fusion_8.kd",2,8,2965,1279882,1279882,9,9,0,0,20,4,16,64,"0x0","0x7ed35b989680",4181362088666288,4181362089120593,4181362089125200,4181362089125421,4607
2694,"loop_broadcast_fusion.kd",2,8,2966,1279882,1279882,36096,256,0,0,4,4,16,64,"0x0","0x7ed35b9896c0",4181362088673449,4181362089125200,4181362089130168,4181362089130068,4968
2695,"input_scatter_fusion.kd",2,8,2967,1279882,1279882,36096,256,0,0,12,4,32,64,"0x0","0x7ed35b989700",4181362088680529,4181362089130168,4181362089136978,4181362089138450,6810
2696,"loop_reduce_window_fusion_1.kd",2,8,2968,1279882,1279882,36096,256,0,0,8,0,16,64,"0x0","0x7ed35b989740",4181362088688782,4181362089136978,4181362089141825,4181362089145711,4847
2697,"loop_reduce_window_fusion_2.kd",2,8,2969,1279882,1279882,2304,256,0,0,8,0,16,64,"0x0","0x7ed35b989640",4181362088695612,4181362089141825,4181362089146752,4181362089150558,4927
2698,"loop_slice_fusion_8.kd",2,8,2970,1279882,1279882,9,9,0,0,20,4,16,64,"0x0","0x7ed35b989680",4181362088702862,4181362089146752,4181362089151439,4181362089160012,4687
2699,"loop_slice_fusion.kd",2,8,2971,1279882,1279882,141,141,0,0,8,0,16,64,"0x0","0x7ed35b989780",4181362088710133,4181362089151439,4181362089156126,4181362089155646,4687
2700,"input_reduce_fusion_2.kd",2,8,2972,1279882,1279882,64,64,0,0,8,0,16,64,"0x0","0x7ed35b9897c0",4181362088716272,4181362089156126,4181362089160813,4181362089171770,4687
2701,"loop_select_fusion_4.kd",2,8,2973,1279882,1279882,36096,256,0,0,8,0,32,64,"0x0","0x7ed35b989800",4181362088724254,4181362089160813,4181362089165701,4181362089167093,4888
2702,"loop_select_fusion.kd",2,8,2974,1279882,1279882,36096,256,0,0,8,0,16,64,"0x0","0x7ed35b989840",4181362088731505,4181362089165701,4181362089170668,4181362089178620,4967
2703,"loop_compare_fusion_2.kd",2,8,2975,1279882,1279882,4096,256,0,0,4,4,16,64,"0x0","0x7ed35b989880",4181362088738516,4181362089170668,4181362089175435,4181362089183177,4767
2704,"input_reduce_reduce_window_fusion_2.kd",2,8,2976,1279882,1279882,256,256,512,0,20,4,32,64,"0x0","0x7ed35b9898c0",4181362088746197,4181362089175435,4181362089191659,4181362089251238,16224
2705,"loop_slice_fusion_3.kd",2,8,2977,1279882,1279882,16,16,0,0,20,4,16,64,"0x0","0x7ed35b989900",4181362088753698,4181362089191659,4181362089196346,4181362089208775,4687
2706,"loop_broadcast_fusion_3.kd",2,8,2978,1279882,1279882,4096,256,0,0,4,4,16,64,"0x0","0x7ed35b989940",4181362088761189,4181362089196346,4181362089201233,4181362089203827,4887
2707,"input_scatter_fusion_3.kd",2,8,2979,1279882,1279882,4096,256,0,0,8,0,32,64,"0x0","0x7ed35b989980",4181362088767839,4181362089201233,4181362089207282,4181362089257938,6049
2708,"loop_reduce_window_fusion_13.kd",2,8,2980,1279882,1279882,4096,256,0,0,8,0,16,64,"0x0","0x7ed35b9899c0",4181362088774669,4181362089207282,4181362089212090,4181362089213602,4808
2709,"loop_slice_fusion_3.kd",2,8,2981,1279882,1279882,16,16,0,0,20,4,16,64,"0x0","0x7ed35b989900",4181362088781680,4181362089212090,4181362089216736,4181362089218059,4646
2710,"loop_remainder_fusion.kd",2,8,2982,1279882,1279882,4096,256,0,0,12,4,16,64,"0x0","0x7ed35b989a00",4181362088788400,4181362089216736,4181362089222144,4181362089224408,5408
2711,"loop_select_fusion_3.kd",2,8,2983,1279882,1279882,4096,256,0,0,8,0,32,64,"0x0","0x7ed35b989a40",4181362088811985,4181362089222144,4181362089226992,4181362089228905,4848
2712,"loop_reduce_window_fusion_13.kd",2,8,2984,1279882,1279882,4096,256,0,0,8,0,16,64,"0x0","0x7ed35b9899c0",4181362088819005,4181362089226992,4181362089231719,4181362089233432,4727
2713,"loop_slice_fusion_3.kd",2,8,2985,1279882,1279882,16,16,0,0,20,4,16,64,"0x0","0x7ed35b989900",4181362088825305,4181362089231719,4181362089236446,4181362089237618,4727
2714,"input_concatenate_fusion_1.kd",2,8,2986,1279882,1279882,4096,256,0,0,8,0,32,64,"0x0","0x7ed35b989a80",4181362088831724,4181362089236446,4181362089242014,4181362089242084,5568
2715,"loop_compare_fusion_1.kd",2,8,2987,1279882,1279882,8192,256,0,0,4,4,16,64,"0x0","0x7ed35b989ac0",4181362088838915,4181362089242014,4181362089246901,4181362089246661,4887
2716,"input_reduce_reduce_window_fusion_1.kd",2,8,2988,1279882,1279882,512,512,512,0,20,4,48,64,"0x0","0x7ed35b989b00",4181362088845915,4181362089246901,4181362089263286,4181362089262785,16385
2717,"loop_reduce_window_fusion_6.kd",2,8,2989,1279882,1279882,32,32,0,0,32,0,16,64,"0x0","0x7ed35b989b40",4181362088853597,4181362089263286,4181362089275344,4181362089279610,12058
2718,"loop_broadcast_fusion_1.kd",2,8,2990,1279882,1279882,8192,256,0,0,4,4,16,64,"0x0","0x7ed35b989b80",4181362088861218,4181362089275344,4181362089280311,4181362089286711,4967
2719,"input_scatter_fusion_1.kd",2,8,2991,1279882,1279882,8192,256,0,0,8,0,32,64,"0x0","0x7ed35b989bc0",4181362088867938,4181362089280311,4181362089285639,4181362089291207,5328
2720,"loop_reduce_window_fusion_5.kd",2,8,2992,1279882,1279882,8192,256,0,0,8,0,16,64,"0x0","0x7ed35b989c00",4181362088875740,4181362089285639,4181362089290646,4181362089295664,5007
2721,"loop_reduce_window_fusion_4.kd",2,8,2993,1279882,1279882,512,256,0,0,8,0,16,64,"0x0","0x7ed35b989c40",4181362088883371,4181362089290646,4181362089295574,4181362089303576,4928
2722,"loop_reduce_window_fusion_3.kd",2,8,2994,1279882,1279882,32,32,0,0,8,0,16,64,"0x0","0x7ed35b989c80",4181362088889811,4181362089295574,4181362089300341,4181362089307742,4767
2723,"loop_select_fusion_6.kd",2,8,2995,1279882,1279882,8192,256,0,0,8,0,32,64,"0x0","0x7ed35b989cc0",4181362088896480,4181362089300341,4181362089305268,4181362089316455,4927
2724,"loop_select_fusion_1.kd",2,8,2996,1279882,1279882,8192,256,0,0,8,0,16,64,"0x0","0x7ed35b989d00",4181362088904562,4181362089305268,4181362089310155,4181362089312319,4887
2725,"loop_broadcast_fusion_4.kd",2,8,2997,1279882,1279882,16,16,0,0,4,4,16,64,"0x0","0x7ed35b989d40",4181362088910992,4181362089310155,4181362089315043,4181362089322774,4888
2726,"__amd_rocclr_fillBufferAligned.kd",2,8,2998,1279882,1279882,77824,256,0,0,12,4,48,64,"0x0","0x7ed361483580",4181362088922539,4181362089315043,4181362089329224,4181362089329675,14181
2727,"__amd_rocclr_fillBufferAligned.kd",2,8,2999,1279882,1279882,16128,256,0,0,12,4,48,64,"0x0","0x7ed361483580",4181362088928949,4181362089329224,4181362089334151,4181362089336274,4927
2728,"transformer_engine::fused_attn_rocm::populate_rng_state_kernel(long*, long const*, long) [clone .kd]",2,8,3000,1279882,1279882,1,1,0,0,8,0,16,64,"0x0","0x7ed35b9ad380",4181362088937702,4181362089334151,4181362089339078,4181362089341092,4927
2729,"__amd_rocclr_fillBufferAligned.kd",2,8,3001,1279882,1279882,256,256,0,0,12,4,48,64,"0x0","0x7ed361483580",4181362088947316,4181362089339078,4181362089343805,4181362089347681,4727
2730,"ck_fused_attn::get_runtime_max_seqlen_kernel(unsigned long, int const*, int const*, unsigned long*) [clone .kd]",2,8,3002,1279882,1279882,4096,128,0,0,4,4,32,64,"0x0","0x7ed35b978940",4181362088954096,4181362089343805,4181362089349654,4181362089351938,5849
2731,"__amd_rocclr_copyBuffer.kd",2,8,3003,1279882,1279882,512,512,0,0,16,0,32,64,"0x7f13dfde9300","0x7ed361483600",4181362088962899,4181362089349654,4181362089355303,4181362089358197,5649
2732,"__amd_rocclr_fillBufferAligned.kd",2,8,3005,1279882,1279882,256,256,0,0,12,4,48,64,"0x0","0x7ed361483580",4181362089403294,4181362089414310,4181362089416273,4181362089438657,1963
2733,"ck_fused_attn::get_runtime_max_seqlen_kernel(unsigned long, int const*, int const*, unsigned long*) [clone .kd]",2,8,3006,1279882,1279882,4096,128,0,0,4,4,32,64,"0x0","0x7ed35b978940",4181362089414230,4181362089422322,4181362089431696,4181362089451065,9374
2734,"__amd_rocclr_copyBuffer.kd",2,8,3007,1279882,1279882,512,512,0,0,16,0,32,64,"0x7f13dfc73b80","0x7ed361483600",4181362089420970,4181362089431696,4181362089437024,4181362089445847,5328
2735,"void transformer_engine::fused_attn_rocm::compute_scores_kernel<__half, transformer_engine::fused_attn_rocm::SmallSeqConfig<8, 128, 256, false, (transformer_engine::fused_attn_rocm::CausalMaskType)0>, 1>(__half const*, __half const*, __half*, float, int const*, int const*, int, int) [clone .kd]",2,8,3009,1279882,1279882,64000,64,0,0,100,4,48,64,"0x0","0x7ed33c14ec00",4181362089461831,4181362089472236,4181362089513137,4181362089517684,40901
2736,"void transformer_engine::fused_attn_rocm::apply_mask_and_softmax_kernel<__half, transformer_engine::fused_attn_rocm::SmallSeqConfig<8, 128, 256, false, (transformer_engine::fused_attn_rocm::CausalMaskType)0> >(__half*, __half const*, float, int const*, int, int) [clone .kd]",2,8,3010,1279882,1279882,512000,256,1024,0,16,0,16,64,"0x0","0x7ed33c14ec40",4181362089471165,4181362089513137,4181362089518505,4181362089524244,5368
2737,"void transformer_engine::fused_attn_rocm::compute_output_kernel<__half, transformer_engine::fused_attn_rocm::SmallSeqConfig<8, 128, 256, false, (transformer_engine::fused_attn_rocm::CausalMaskType)0>, 2, 8>(__half const*, __half const*, __half*, int const*, int const*, int, int) [clone .kd]",2,8,3011,1279882,1279882,512000,64,16384,0,20,4,32,64,"0x0","0x7ed33c14ec80",4181362089478105,4181362089518505,4181362089572385,4181362089572255,53880
2738,"loop_broadcast_fusion_5.kd",2,8,3012,1279882,1279882,2048000,256,0,0,4,4,16,64,"0x0","0x7ed35b989d80",4181362089487349,4181362089572385,4181362089580437,4181362089580578,8052
2739,"__amd_rocclr_fillBufferAligned.kd",2,8,3013,1279882,1279882,77824,256,0,0,12,4,48,64,"0x0","0x7ed361483580",4181362089501410,4181362089580437,4181362089587167,4181362089587438,6730
2740,"__amd_rocclr_fillBufferAligned.kd",2,8,3014,1279882,1279882,77824,256,0,0,12,4,48,64,"0x0","0x7ed361483580",4181362089508380,4181362089587167,4181362089609360,4181362089611624,22193
2741,"__amd_rocclr_fillBufferAligned.kd",2,8,3015,1279882,1279882,77824,256,0,0,12,4,48,64,"0x0","0x7ed361483580",4181362089522551,4181362089609360,4181362089631794,4181362089634949,22434
2742,"__amd_rocclr_fillBufferAligned.kd",2,8,3016,1279882,1279882,256,256,0,0,12,4,48,64,"0x0","0x7ed361483580",4181362089538425,4181362089631794,4181362089636481,4181362089641568,4687
2743,"ck_fused_attn::get_runtime_max_seqlen_kernel(unsigned long, int const*, int const*, unsigned long*) [clone .kd]",2,8,3017,1279882,1279882,4096,128,0,0,4,4,32,64,"0x0","0x7ed35b978940",4181362089544885,4181362089636481,4181362089642490,4181362089653146,6009
2744,"__amd_rocclr_copyBuffer.kd",2,8,3018,1279882,1279882,512,512,0,0,16,0,32,64,"0x7f13dfde9100","0x7ed361483600",4181362089552816,4181362089642490,4181362089647818,4181362089647958,5328
2745,"__amd_rocclr_fillBufferAligned.kd",2,8,3020,1279882,1279882,256,256,0,0,12,4,48,64,"0x0","0x7ed361483580",4181362089666355,4181362089681107,4181362089683230,4181362089686435,2123
2746,"ck_fused_attn::get_runtime_max_seqlen_kernel(unsigned long, int const*, int const*, unsigned long*) [clone .kd]",2,8,3021,1279882,1279882,4096,128,0,0,4,4,32,64,"0x0","0x7ed35b978940",4181362089679665,4181362089688518,4181362089694647,4181362089696590,6129
2747,"__amd_rocclr_copyBuffer.kd",2,8,3022,1279882,1279882,512,512,0,0,16,0,32,64,"0x7f13dfde9000","0x7ed361483600",4181362089686966,4181362089701778,4181362089707827,4181362089712494,6049
2748,"void transformer_engine::fused_attn_rocm::compute_grad_v_kernel<__half, transformer_engine::fused_attn_rocm::SmallSeqConfig<8, 128, 256, false, (transformer_engine::fused_attn_rocm::CausalMaskType)0>, 16, 16>(__half const*, __half const*, __half*, int const*, int const*, int, int) [clone .kd]",2,8,3024,1279882,1279882,256000,64,16384,0,28,4,32,64,"0x0","0x7ed33c150400",4181362089727987,4181362089739033,4181362089804290,4181362089806544,65257
2749,"void transformer_engine::fused_attn_rocm::compute_grad_attn_kernel<__half, transformer_engine::fused_attn_rocm::SmallSeqConfig<8, 128, 256, false, (transformer_engine::fused_attn_rocm::CausalMaskType)0>, 16>(__half const*, __half const*, __half*, int const*, int const*, int, int) [clone .kd]",2,8,3025,1279882,1279882,8000,64,0,0,104,0,64,64,"0x0","0x7ed33c150440",4181362089737060,4181362089804290,4181362090152128,4181362090152859,347838
2750,"void transformer_engine::fused_attn_rocm::softmax_backward_kernel<__half, transformer_engine::fused_attn_rocm::SmallSeqConfig<8, 128, 256, false, (transformer_engine::fused_attn_rocm::CausalMaskType)0> >(__half const*, __half const*, __half*, float, int const*, int, int) [clone .kd]",2,8,3026,1279882,1279882,512000,256,1024,0,12,4,16,64,"0x0","0x7ed33c150480",4181362089744642,4181362090152128,4181362090157976,4181362090161031,5848
2751,"void transformer_engine::fused_attn_rocm::compute_grad_qk_kernel<__half, transformer_engine::fused_attn_rocm::SmallSeqConfig<8, 128, 256, false, (transformer_engine::fused_attn_rocm::CausalMaskType)0>, 4, 16>(__half const*, __half const*, __half const*, __half*, __half*, float, int const*, int const*, int, int) [clone .kd]",2,8,3027,1279882,1279882,1024000,64,16384,0,36,4,64,64,"0x0","0x7ed33c1504c0",4181362089752273,4181362090157976,4181362090349341,4181362090361800,191365
2752,"input_reduce_fusion.kd",2,8,3028,1279882,1279882,524288,256,512,0,16,0,16,64,"0x0","0x7ed35b989dc0",4181362089761687,4181362090349341,4181362090359756,4181362090369982,10415
2753,"input_reduce_fusion_3.kd",2,8,3029,1279882,1279882,128,128,512,0,24,0,16,64,"0x0","0x7ed35b989e00",4181362089770811,4181362090359756,4181362090365245,4181362090374478,5489
2754,"loop_convert_fusion.kd",2,8,3030,1279882,1279882,1,1,0,0,4,4,16,64,"0x0","0x7ed35b989e40",4181362089777891,4181362090365245,4181362090369371,4181362090378865,4126
2755,"input_reduce_reduce_window_fusion_3.kd",2,8,3033,1279882,1279882,8192,256,0,0,28,4,48,64,"0x0","0x7ed35b989300",4181362089902587,4181362090382270,4181362090393847,4181362090408319,11577
2756,"loop_reduce_window_fusion_11.kd",2,8,3034,1279882,1279882,2048,256,0,0,8,0,16,64,"0x0","0x7ed35b989340",4181362089912421,4181362090393847,4181362090401218,4181362090413066,7371
2757,"loop_slice_fusion_5.kd",2,8,3035,1279882,1279882,8,8,0,0,20,4,16,64,"0x0","0x7ed35b989380",4181362089920684,4181362090401218,4181362090406346,4181362090417803,5128
2758,"loop_broadcast_fusion_2.kd",2,8,3036,1279882,1279882,32000,256,0,0,4,4,16,64,"0x0","0x7ed35b9893c0",4181362089927414,4181362090406346,4181362090412154,4181362090422820,5808
2759,"input_scatter_fusion_2.kd",2,8,3037,1279882,1279882,32000,256,0,0,12,4,32,64,"0x0","0x7ed35b989400",4181362089934754,4181362090412154,4181362090419125,4181362090427708,6971
2760,"loop_reduce_window_fusion_10.kd",2,8,3038,1279882,1279882,32000,256,0,0,8,0,16,64,"0x0","0x7ed35b989440",4181362089941835,4181362090419125,4181362090424012,4181362090432014,4887
2761,"loop_reduce_window_fusion_11.kd",2,8,3039,1279882,1279882,2048,256,0,0,8,0,16,64,"0x0","0x7ed35b989340",4181362089949066,4181362090424012,4181362090428859,4181362090436691,4847
2762,"loop_slice_fusion_5.kd",2,8,3040,1279882,1279882,8,8,0,0,20,4,16,64,"0x0","0x7ed35b989380",4181362089956447,4181362090428859,4181362090433546,4181362090441138,4687
2763,"loop_slice_fusion_1.kd",2,8,3041,1279882,1279882,125,125,0,0,8,0,16,64,"0x0","0x7ed35b989480",4181362089963898,4181362090433546,4181362090438153,4181362090454507,4607
2764,"input_reduce_fusion_1.kd",2,8,3042,1279882,1279882,64,64,0,0,8,0,16,64,"0x0","0x7ed35b9894c0",4181362089971549,4181362090438153,4181362090442840,4181362090460947,4687
2765,"loop_select_fusion_5.kd",2,8,3043,1279882,1279882,32000,256,0,0,8,0,32,64,"0x0","0x7ed35b989500",4181362089980022,4181362090442840,4181362090447767,4181362090465313,4927
2766,"loop_select_fusion_2.kd",2,8,3044,1279882,1279882,32000,256,0,0,4,4,16,64,"0x0","0x7ed35b989540",4181362089987894,4181362090447767,4181362090452534,4181362090470241,4767
2767,"loop_reduce_window_fusion_10.kd",2,8,3045,1279882,1279882,32000,256,0,0,8,0,16,64,"0x0","0x7ed35b989440",4181362089994954,4181362090452534,4181362090457342,4181362090474908,4808
2768,"loop_reduce_window_fusion_11.kd",2,8,3046,1279882,1279882,2048,256,0,0,8,0,16,64,"0x0","0x7ed35b989340",4181362090002135,4181362090457342,4181362090462189,4181362090479334,4847
2769,"loop_slice_fusion_5.kd",2,8,3047,1279882,1279882,8,8,0,0,20,4,16,64,"0x0","0x7ed35b989380",4181362090009345,4181362090462189,4181362090466836,4181362090484091,4647
2770,"input_concatenate_fusion.kd",2,8,3048,1279882,1279882,32000,256,0,0,12,4,32,64,"0x0","0x7ed35b989580",4181362090016296,4181362090466836,4181362090472164,4181362090489039,5328
2771,"loop_compare_fusion.kd",2,8,3049,1279882,1279882,36096,256,0,0,4,4,16,64,"0x0","0x7ed35b9895c0",4181362090023446,4181362090472164,4181362090477211,4181362090493896,5047
2772,"input_reduce_reduce_window_fusion.kd",2,8,3050,1279882,1279882,11520,256,0,0,24,0,48,64,"0x0","0x7ed35b989600",4181362090030697,4181362090477211,4181362090485543,4181362090498543,8332
2773,"loop_reduce_window_fusion_2.kd",2,8,3051,1279882,1279882,2304,256,0,0,8,0,16,64,"0x0","0x7ed35b989640",4181362090038068,4181362090485543,4181362090490431,4181362090503570,4888
2774,"loop_slice_fusion_8.kd",2,8,3052,1279882,1279882,9,9,0,0,20,4,16,64,"0x0","0x7ed35b989680",4181362090045429,4181362090490431,4181362090495078,4181362090508317,4647
2775,"loop_broadcast_fusion.kd",2,8,3053,1279882,1279882,36096,256,0,0,4,4,16,64,"0x0","0x7ed35b9896c0",4181362090053321,4181362090495078,4181362090500005,4181362090512974,4927
2776,"input_scatter_fusion.kd",2,8,3054,1279882,1279882,36096,256,0,0,12,4,32,64,"0x0","0x7ed35b989700",4181362090060912,4181362090500005,4181362090506935,4181362090519013,6930
2777,"loop_reduce_window_fusion_1.kd",2,8,3055,1279882,1279882,36096,256,0,0,8,0,16,64,"0x0","0x7ed35b989740",4181362090068423,4181362090506935,4181362090511823,4181362090523460,4888
2778,"loop_reduce_window_fusion_2.kd",2,8,3056,1279882,1279882,2304,256,0,0,8,0,16,64,"0x0","0x7ed35b989640",4181362090075233,4181362090511823,4181362090516790,4181362090527917,4967
2779,"loop_slice_fusion_8.kd",2,8,3057,1279882,1279882,9,9,0,0,20,4,16,64,"0x0","0x7ed35b989680",4181362090081853,4181362090516790,4181362090521437,4181362090542929,4647
2780,"loop_slice_fusion.kd",2,8,3058,1279882,1279882,141,141,0,0,8,0,16,64,"0x0","0x7ed35b989780",4181362090089264,4181362090521437,4181362090526084,4181362090537861,4647
2781,"input_reduce_fusion_2.kd",2,8,3059,1279882,1279882,64,64,0,0,8,0,16,64,"0x0","0x7ed35b9897c0",4181362090096024,4181362090526084,4181362090530811,4181362090532654,4727
2782,"loop_select_fusion_4.kd",2,8,3060,1279882,1279882,36096,256,0,0,8,0,32,64,"0x0","0x7ed35b989800",4181362090103876,4181362090530811,4181362090535658,4181362090551081,4847
2783,"loop_select_fusion.kd",2,8,3061,1279882,1279882,36096,256,0,0,8,0,16,64,"0x0","0x7ed35b989840",4181362090110977,4181362090535658,4181362090540625,4181362090556078,4967
2784,"loop_compare_fusion_2.kd",2,8,3062,1279882,1279882,4096,256,0,0,4,4,16,64,"0x0","0x7ed35b989880",4181362090118197,4181362090540625,4181362090545392,4181362090560906,4767
2785,"input_reduce_reduce_window_fusion_2.kd",2,8,3063,1279882,1279882,256,256,512,0,20,4,32,64,"0x0","0x7ed35b9898c0",4181362090126189,4181362090545392,4181362090562137,4181362090566003,16745
2786,"loop_slice_fusion_3.kd",2,8,3064,1279882,1279882,16,16,0,0,20,4,16,64,"0x0","0x7ed35b989900",4181362090132348,4181362090562137,4181362090566824,4181362090576960,4687
2787,"loop_broadcast_fusion_3.kd",2,8,3065,1279882,1279882,4096,256,0,0,4,4,16,64,"0x0","0x7ed35b989940",4181362090140480,4181362090566824,4181362090571632,4181362090572773,4808
2788,"input_scatter_fusion_3.kd",2,8,3066,1279882,1279882,4096,256,0,0,8,0,32,64,"0x0","0x7ed35b989980",4181362090147391,4181362090571632,4181362090577560,4181362090581516,5928
2789,"loop_reduce_window_fusion_13.kd",2,8,3067,1279882,1279882,4096,256,0,0,8,0,16,64,"0x0","0x7ed35b9899c0",4181362090153750,4181362090577560,4181362090582287,4181362090590369,4727
2790,"loop_slice_fusion_3.kd",2,8,3068,1279882,1279882,16,16,0,0,20,4,16,64,"0x0","0x7ed35b989900",4181362090175002,4181362090582287,4181362090586974,4181362090595167,4687
2791,"loop_remainder_fusion.kd",2,8,3069,1279882,1279882,4096,256,0,0,12,4,16,64,"0x0","0x7ed35b989a00",4181362090182493,4181362090586974,4181362090592422,4181362090600254,5448
2792,"loop_select_fusion_3.kd",2,8,3070,1279882,1279882,4096,256,0,0,8,0,32,64,"0x0","0x7ed35b989a40",4181362090189583,4181362090592422,4181362090597270,4181362090607114,4848
2793,"loop_reduce_window_fusion_13.kd",2,8,3071,1279882,1279882,4096,256,0,0,8,0,16,64,"0x0","0x7ed35b9899c0",4181362090196804,4181362090597270,4181362090602037,4181362090615787,4767
2794,"loop_slice_fusion_3.kd",2,8,3072,1279882,1279882,16,16,0,0,20,4,16,64,"0x0","0x7ed35b989900",4181362090203855,4181362090602037,4181362090606684,4181362090620164,4647
2795,"input_concatenate_fusion_1.kd",2,8,3073,1279882,1279882,4096,256,0,0,8,0,32,64,"0x0","0x7ed35b989a80",4181362090210795,4181362090606684,4181362090612212,4181362090611641,5528
2796,"loop_compare_fusion_1.kd",2,8,3074,1279882,1279882,8192,256,0,0,4,4,16,64,"0x0","0x7ed35b989ac0",4181362090217395,4181362090612212,4181362090617139,4181362090626493,4927
2797,"input_reduce_reduce_window_fusion_1.kd",2,8,3075,1279882,1279882,512,512,512,0,20,4,48,64,"0x0","0x7ed35b989b00",4181362090224946,4181362090617139,4181362090634846,4181362090643969,17707
2798,"loop_reduce_window_fusion_6.kd",2,8,3076,1279882,1279882,32,32,0,0,32,0,16,64,"0x0","0x7ed35b989b40",4181362090231396,4181362090634846,4181362090643218,4181362090648336,8372
2799,"loop_broadcast_fusion_1.kd",2,8,3077,1279882,1279882,8192,256,0,0,4,4,16,64,"0x0","0x7ed35b989b80",4181362090238076,4181362090643218,4181362090648185,4181362090655366,4967
2800,"input_scatter_fusion_1.kd",2,8,3078,1279882,1279882,8192,256,0,0,8,0,32,64,"0x0","0x7ed35b989bc0",4181362090245106,4181362090648185,4181362090653273,4181362090660394,5088
2801,"loop_reduce_window_fusion_5.kd",2,8,3079,1279882,1279882,8192,256,0,0,8,0,16,64,"0x0","0x7ed35b989c00",4181362090251455,4181362090653273,4181362090658320,4181362090666613,5047
2802,"loop_reduce_window_fusion_4.kd",2,8,3080,1279882,1279882,512,256,0,0,8,0,16,64,"0x0","0x7ed35b989c40",4181362090259017,4181362090658320,4181362090663288,4181362090673343,4968
2803,"loop_reduce_window_fusion_3.kd",2,8,3081,1279882,1279882,32,32,0,0,8,0,16,64,"0x0","0x7ed35b989c80",4181362090265787,4181362090663288,4181362090668015,4181362090682026,4727
2804,"loop_select_fusion_6.kd",2,8,3082,1279882,1279882,8192,256,0,0,8,0,32,64,"0x0","0x7ed35b989cc0",4181362090272857,4181362090668015,4181362090672902,4181362090686542,4887
2805,"loop_select_fusion_1.kd",2,8,3083,1279882,1279882,8192,256,0,0,8,0,16,64,"0x0","0x7ed35b989d00",4181362090280378,4181362090672902,4181362090677789,4181362090677860,4887
2806,"loop_broadcast_fusion_4.kd",2,8,3084,1279882,1279882,16,16,0,0,4,4,16,64,"0x0","0x7ed35b989d40",4181362090287299,4181362090677789,4181362090682637,4181362090692612,4848
2807,"__amd_rocclr_fillBufferAligned.kd",2,8,3085,1279882,1279882,77824,256,0,0,12,4,48,64,"0x0","0x7ed361483580",4181362090298455,4181362090682637,4181362090695736,4181362090696938,13099
2808,"__amd_rocclr_fillBufferAligned.kd",2,8,3086,1279882,1279882,16128,256,0,0,12,4,48,64,"0x0","0x7ed361483580",4181362090305426,4181362090695736,4181362090700864,4181362090701475,5128
2809,"transformer_engine::fused_attn_rocm::populate_rng_state_kernel(long*, long const*, long) [clone .kd]",2,8,3087,1279882,1279882,1,1,0,0,8,0,16,64,"0x0","0x7ed35b9ad380",4181362090314069,4181362090700864,4181362090705711,4181362090707534,4847
2810,"__amd_rocclr_fillBufferAligned.kd",2,8,3088,1279882,1279882,256,256,0,0,12,4,48,64,"0x0","0x7ed361483580",4181362090323683,4181362090705711,4181362090710518,4181362090711590,4807
2811,"ck_fused_attn::get_runtime_max_seqlen_kernel(unsigned long, int const*, int const*, unsigned long*) [clone .kd]",2,8,3089,1279882,1279882,4096,128,0,0,4,4,32,64,"0x0","0x7ed35b978940",4181362090330743,4181362090710518,4181362090716447,4181362090716076,5929
2812,"__amd_rocclr_copyBuffer.kd",2,8,3090,1279882,1279882,512,512,0,0,16,0,32,64,"0x7f13dfde8e00","0x7ed361483600",4181362090338235,4181362090716447,4181362090721735,4181362090722045,5288
2813,"__amd_rocclr_fillBufferAligned.kd",2,8,3092,1279882,1279882,256,256,0,0,12,4,48,64,"0x0","0x7ed361483580",4181362090761865,4181362090772771,4181362090774774,4181362090801163,2003
2814,"ck_fused_attn::get_runtime_max_seqlen_kernel(unsigned long, int const*, int const*, unsigned long*) [clone .kd]",2,8,3093,1279882,1279882,4096,128,0,0,4,4,32,64,"0x0","0x7ed35b978940",4181362090772761,4181362090781944,4181362090790157,4181362090811318,8213
2815,"__amd_rocclr_copyBuffer.kd",2,8,3094,1279882,1279882,512,512,0,0,16,0,32,64,"0x7f13dfc73880","0x7ed361483600",4181362090781163,4181362090790157,4181362090796606,4181362090806451,6449
2816,"void transformer_engine::fused_attn_rocm::compute_scores_kernel<__half, transformer_engine::fused_attn_rocm::SmallSeqConfig<8, 128, 256, false, (transformer_engine::fused_attn_rocm::CausalMaskType)0>, 1>(__half const*, __half const*, __half*, float, int const*, int const*, int, int) [clone .kd]",2,8,3096,1279882,1279882,64000,64,0,0,100,4,48,64,"0x0","0x7ed33c14ec00",4181362090822985,4181362090833100,4181362090879730,4181362090879980,46630
2817,"void transformer_engine::fused_attn_rocm::apply_mask_and_softmax_kernel<__half, transformer_engine::fused_attn_rocm::SmallSeqConfig<8, 128, 256, false, (transformer_engine::fused_attn_rocm::CausalMaskType)0> >(__half*, __half const*, float, int const*, int, int) [clone .kd]",2,8,3097,1279882,1279882,512000,256,1024,0,16,0,16,64,"0x0","0x7ed33c14ec40",4181362090830737,4181362090879730,4181362090885018,4181362090888433,5288
2818,"void transformer_engine::fused_attn_rocm::compute_output_kernel<__half, transformer_engine::fused_attn_rocm::SmallSeqConfig<8, 128, 256, false, (transformer_engine::fused_attn_rocm::CausalMaskType)0>, 2, 8>(__half const*, __half const*, __half*, int const*, int const*, int, int) [clone .kd]",2,8,3098,1279882,1279882,512000,64,16384,0,20,4,32,64,"0x0","0x7ed33c14ec80",4181362090837928,4181362090885018,4181362090939499,4181362090944907,54481
2819,"loop_broadcast_fusion_5.kd",2,8,3099,1279882,1279882,2048000,256,0,0,4,4,16,64,"0x0","0x7ed35b989d80",4181362090846981,4181362090939499,4181362090947751,4181362090952188,8252
2820,"__amd_rocclr_fillBufferAligned.kd",2,8,3100,1279882,1279882,77824,256,0,0,12,4,48,64,"0x0","0x7ed361483580",4181362090867972,4181362090947751,4181362090954561,4181362090958647,6810
2821,"__amd_rocclr_fillBufferAligned.kd",2,8,3101,1279882,1279882,77824,256,0,0,12,4,48,64,"0x0","0x7ed361483580",4181362090874442,4181362090954561,4181362090976994,4181362090982903,22433
2822,"__amd_rocclr_fillBufferAligned.kd",2,8,3102,1279882,1279882,77824,256,0,0,12,4,48,64,"0x0","0x7ed361483580",4181362090881723,4181362090976994,4181362090999388,4181362091007269,22394
2823,"__amd_rocclr_fillBufferAligned.kd",2,8,3103,1279882,1279882,256,256,0,0,12,4,48,64,"0x0","0x7ed361483580",4181362090903585,4181362090999388,4181362091004275,4181362091024325,4887
2824,"ck_fused_attn::get_runtime_max_seqlen_kernel(unsigned long, int const*, int const*, unsigned long*) [clone .kd]",2,8,3104,1279882,1279882,4096,128,0,0,4,4,32,64,"0x0","0x7ed35b978940",4181362090909875,4181362091004275,4181362091010284,4181362091014650,6009
2825,"__amd_rocclr_copyBuffer.kd",2,8,3105,1279882,1279882,512,512,0,0,16,0,32,64,"0x7f13dfde8c00","0x7ed361483600",4181362090916775,4181362091010284,4181362091016133,4181362091019568,5849
2826,"__amd_rocclr_fillBufferAligned.kd",2,8,3107,1279882,1279882,256,256,0,0,12,4,48,64,"0x0","0x7ed361483580",4181362091039247,4181362091051024,4181362091053068,4181362091053769,2044
2827,"ck_fused_attn::get_runtime_max_seqlen_kernel(unsigned long, int const*, int const*, unsigned long*) [clone .kd]",2,8,3108,1279882,1279882,4096,128,0,0,4,4,32,64,"0x0","0x7ed35b978940",4181362091050384,4181362091059637,4181362091065526,4181362091073348,5889
2828,"__amd_rocclr_copyBuffer.kd",2,8,3109,1279882,1279882,512,512,0,0,16,0,32,64,"0x7f13dfde8b00","0x7ed361483600",4181362091057765,4181362091070574,4181362091076502,4181362091078986,5928
2829,"void transformer_engine::fused_attn_rocm::compute_grad_v_kernel<__half, transformer_engine::fused_attn_rocm::SmallSeqConfig<8, 128, 256, false, (transformer_engine::fused_attn_rocm::CausalMaskType)0>, 16, 16>(__half const*, __half const*, __half*, int const*, int const*, int, int) [clone .kd]",2,8,3111,1279882,1279882,256000,64,16384,0,28,4,32,64,"0x0","0x7ed33c150400",4181362091094699,4181362091105866,4181362091175770,4181362091183912,69904
2830,"void transformer_engine::fused_attn_rocm::compute_grad_attn_kernel<__half, transformer_engine::fused_attn_rocm::SmallSeqConfig<8, 128, 256, false, (transformer_engine::fused_attn_rocm::CausalMaskType)0>, 16>(__half const*, __half const*, __half*, int const*, int const*, int, int) [clone .kd]",2,8,3112,1279882,1279882,8000,64,0,0,104,0,64,64,"0x0","0x7ed33c150440",4181362091103913,4181362091175770,4181362091524689,4181362091526201,348919
2831,"void transformer_engine::fused_attn_rocm::softmax_backward_kernel<__half, transformer_engine::fused_attn_rocm::SmallSeqConfig<8, 128, 256, false, (transformer_engine::fused_attn_rocm::CausalMaskType)0> >(__half const*, __half const*, __half*, float, int const*, int, int) [clone .kd]",2,8,3113,1279882,1279882,512000,256,1024,0,12,4,16,64,"0x0","0x7ed33c150480",4181362091111324,4181362091524689,4181362091530618,4181362091534594,5929
2832,"void transformer_engine::fused_attn_rocm::compute_grad_qk_kernel<__half, transformer_engine::fused_attn_rocm::SmallSeqConfig<8, 128, 256, false, (transformer_engine::fused_attn_rocm::CausalMaskType)0>, 4, 16>(__half const*, __half const*, __half const*, __half*, __half*, float, int const*, int const*, int, int) [clone .kd]",2,8,3114,1279882,1279882,1024000,64,16384,0,36,4,64,64,"0x0","0x7ed33c1504c0",4181362091119286,4181362091530618,4181362091728672,4181362091730856,198054
2833,"input_reduce_fusion.kd",2,8,3115,1279882,1279882,524288,256,512,0,16,0,16,64,"0x0","0x7ed35b989dc0",4181362091130222,4181362091728672,4181362091738287,4181362091738377,9615
2834,"input_reduce_fusion_3.kd",2,8,3116,1279882,1279882,128,128,512,0,24,0,16,64,"0x0","0x7ed35b989e00",4181362091137012,4181362091738287,4181362091743775,4181362091745878,5488
2835,"loop_convert_fusion.kd",2,8,3117,1279882,1279882,1,1,0,0,4,4,16,64,"0x0","0x7ed35b989e40",4181362091143592,4181362091743775,4181362091747941,4181362091750565,4166
2836,"input_reduce_reduce_window_fusion_3.kd",2,8,3120,1279882,1279882,8192,256,0,0,28,4,48,64,"0x0","0x7ed35b989300",4181362091267406,4181362091762483,4181362091773299,4181362091775742,10816
2837,"loop_reduce_window_fusion_11.kd",2,8,3121,1279882,1279882,2048,256,0,0,8,0,16,64,"0x0","0x7ed35b989340",4181362091277341,4181362091773299,4181362091780790,4181362091780760,7491
2838,"loop_slice_fusion_5.kd",2,8,3122,1279882,1279882,8,8,0,0,20,4,16,64,"0x0","0x7ed35b989380",4181362091284492,4181362091780790,4181362091786078,4181362091785477,5288
2839,"loop_broadcast_fusion_2.kd",2,8,3123,1279882,1279882,32000,256,0,0,4,4,16,64,"0x0","0x7ed35b9893c0",4181362091290380,4181362091786078,4181362091791966,4181362091797314,5888
2840,"input_scatter_fusion_2.kd",2,8,3124,1279882,1279882,32000,256,0,0,12,4,32,64,"0x0","0x7ed35b989400",4181362091297551,4181362091791966,4181362091800058,4181362091802422,8092
2841,"loop_reduce_window_fusion_10.kd",2,8,3125,1279882,1279882,32000,256,0,0,8,0,16,64,"0x0","0x7ed35b989440",4181362091304191,4181362091800058,4181362091804745,4181362091809262,4687
2842,"loop_reduce_window_fusion_11.kd",2,8,3126,1279882,1279882,2048,256,0,0,8,0,16,64,"0x0","0x7ed35b989340",4181362091312013,4181362091804745,4181362091809553,4181362091813989,4808
2843,"loop_slice_fusion_5.kd",2,8,3127,1279882,1279882,8,8,0,0,20,4,16,64,"0x0","0x7ed35b989380",4181362091319033,4181362091809553,4181362091814240,4181362091818876,4687
2844,"loop_slice_fusion_1.kd",2,8,3128,1279882,1279882,125,125,0,0,8,0,16,64,"0x0","0x7ed35b989480",4181362091326634,4181362091814240,4181362091818967,4181362091825236,4727
2845,"input_reduce_fusion_1.kd",2,8,3129,1279882,1279882,64,64,0,0,8,0,16,64,"0x0","0x7ed35b9894c0",4181362091333394,4181362091818967,4181362091823734,4181362091829883,4767
2846,"loop_select_fusion_5.kd",2,8,3130,1279882,1279882,32000,256,0,0,8,0,32,64,"0x0","0x7ed35b989500",4181362091341296,4181362091823734,4181362091828661,4181362091834500,4927
2847,"loop_select_fusion_2.kd",2,8,3131,1279882,1279882,32000,256,0,0,4,4,16,64,"0x0","0x7ed35b989540",4181362091349198,4181362091828661,4181362091833428,4181362091839247,4767
2848,"loop_reduce_window_fusion_10.kd",2,8,3132,1279882,1279882,32000,256,0,0,8,0,16,64,"0x0","0x7ed35b989440",4181362091356949,4181362091833428,4181362091838155,4181362091843994,4727
2849,"loop_reduce_window_fusion_11.kd",2,8,3133,1279882,1279882,2048,256,0,0,8,0,16,64,"0x0","0x7ed35b989340",4181362091364431,4181362091838155,4181362091843002,4181362091848761,4847
2850,"loop_slice_fusion_5.kd",2,8,3134,1279882,1279882,8,8,0,0,20,4,16,64,"0x0","0x7ed35b989380",4181362091371391,4181362091843002,4181362091847729,4181362091853778,4727
2851,"input_concatenate_fusion.kd",2,8,3135,1279882,1279882,32000,256,0,0,12,4,32,64,"0x0","0x7ed35b989580",4181362091377770,4181362091847729,4181362091853017,4181362091858786,5288
2852,"loop_compare_fusion.kd",2,8,3136,1279882,1279882,36096,256,0,0,4,4,16,64,"0x0","0x7ed35b9895c0",4181362091385422,4181362091853017,4181362091857905,4181362091863353,4888
2853,"input_reduce_reduce_window_fusion.kd",2,8,3137,1279882,1279882,11520,256,0,0,24,0,48,64,"0x0","0x7ed35b989600",4181362091392322,4181362091857905,4181362091866197,4181362091867919,8292
2854,"loop_reduce_window_fusion_2.kd",2,8,3138,1279882,1279882,2304,256,0,0,8,0,16,64,"0x0","0x7ed35b989640",4181362091400064,4181362091866197,4181362091871124,4181362091872276,4927
2855,"loop_slice_fusion_8.kd",2,8,3139,1279882,1279882,9,9,0,0,20,4,16,64,"0x0","0x7ed35b989680",4181362091407435,4181362091871124,4181362091875731,4181362091877193,4607
2856,"loop_broadcast_fusion.kd",2,8,3140,1279882,1279882,36096,256,0,0,4,4,16,64,"0x0","0x7ed35b9896c0",4181362091414465,4181362091875731,4181362091880658,4181362091881530,4927
2857,"input_scatter_fusion.kd",2,8,3141,1279882,1279882,36096,256,0,0,12,4,32,64,"0x0","0x7ed35b989700",4181362091421956,4181362091880658,4181362091887589,4181362091887178,6931
2858,"loop_reduce_window_fusion_1.kd",2,8,3142,1279882,1279882,36096,256,0,0,8,0,16,64,"0x0","0x7ed35b989740",4181362091429167,4181362091887589,4181362091892396,4181362091895040,4807
2859,"loop_reduce_window_fusion_2.kd",2,8,3143,1279882,1279882,2304,256,0,0,8,0,16,64,"0x0","0x7ed35b989640",4181362091436007,4181362091892396,4181362091897403,4181362091899617,5007
2860,"loop_slice_fusion_8.kd",2,8,3144,1279882,1279882,9,9,0,0,20,4,16,64,"0x0","0x7ed35b989680",4181362091443308,4181362091897403,4181362091902130,4181362091904193,4727
2861,"loop_slice_fusion.kd",2,8,3145,1279882,1279882,141,141,0,0,8,0,16,64,"0x0","0x7ed35b989780",4181362091450669,4181362091902130,4181362091906817,4181362091915740,4687
2862,"input_reduce_fusion_2.kd",2,8,3146,1279882,1279882,64,64,0,0,8,0,16,64,"0x0","0x7ed35b9897c0",4181362091457389,4181362091906817,4181362091911504,4181362091911124,4687
2863,"loop_select_fusion_4.kd",2,8,3147,1279882,1279882,36096,256,0,0,8,0,32,64,"0x0","0x7ed35b989800",4181362091464169,4181362091911504,4181362091916351,4181362091922611,4847
2864,"loop_select_fusion.kd",2,8,3148,1279882,1279882,36096,256,0,0,8,0,16,64,"0x0","0x7ed35b989840",4181362091471460,4181362091916351,4181362091921319,4181362091927488,4968
2865,"loop_compare_fusion_2.kd",2,8,3149,1279882,1279882,4096,256,0,0,4,4,16,64,"0x0","0x7ed35b989880",4181362091478570,4181362091921319,4181362091926086,4181362091932095,4767
2866,"input_reduce_reduce_window_fusion_2.kd",2,8,3150,1279882,1279882,256,256,512,0,20,4,32,64,"0x0","0x7ed35b9898c0",4181362091486402,4181362091926086,4181362091942110,4181362091952004,16024
2867,"loop_slice_fusion_3.kd",2,8,3151,1279882,1279882,16,16,0,0,20,4,16,64,"0x0","0x7ed35b989900",4181362091492631,4181362091942110,4181362091946877,4181362091956741,4767
2868,"loop_broadcast_fusion_3.kd",2,8,3152,1279882,1279882,4096,256,0,0,4,4,16,64,"0x0","0x7ed35b989940",4181362091499592,4181362091946877,4181362091951724,4181362091961448,4847
2869,"input_scatter_fusion_3.kd",2,8,3153,1279882,1279882,4096,256,0,0,8,0,32,64,"0x0","0x7ed35b989980",4181362091506272,4181362091951724,4181362091957853,4181362091967477,6129
2870,"loop_reduce_window_fusion_13.kd",2,8,3154,1279882,1279882,4096,256,0,0,8,0,16,64,"0x0","0x7ed35b9899c0",4181362091513032,4181362091957853,4181362091962660,4181362091976481,4807
2871,"loop_slice_fusion_3.kd",2,8,3155,1279882,1279882,16,16,0,0,20,4,16,64,"0x0","0x7ed35b989900",4181362091519421,4181362091962660,4181362091967347,4181362091971754,4687
2872,"loop_remainder_fusion.kd",2,8,3156,1279882,1279882,4096,256,0,0,12,4,16,64,"0x0","0x7ed35b989a00",4181362091526161,4181362091967347,4181362091972755,4181362091983621,5408
2873,"loop_select_fusion_3.kd",2,8,3157,1279882,1279882,4096,256,0,0,8,0,32,64,"0x0","0x7ed35b989a40",4181362091550337,4181362091972755,4181362091977562,4181362092002049,4807
2874,"loop_reduce_window_fusion_13.kd",2,8,3158,1279882,1279882,4096,256,0,0,8,0,16,64,"0x0","0x7ed35b9899c0",4181362091558169,4181362091977562,4181362091982249,4181362092006025,4687
2875,"loop_slice_fusion_3.kd",2,8,3159,1279882,1279882,16,16,0,0,20,4,16,64,"0x0","0x7ed35b989900",4181362091563977,4181362091982249,4181362091986936,4181362091988429,4687
2876,"input_concatenate_fusion_1.kd",2,8,3160,1279882,1279882,4096,256,0,0,8,0,32,64,"0x0","0x7ed35b989a80",4181362091572480,4181362091986936,4181362091992625,4181362091993055,5689
2877,"loop_compare_fusion_1.kd",2,8,3161,1279882,1279882,8192,256,0,0,4,4,16,64,"0x0","0x7ed35b989ac0",4181362091579080,4181362091992625,4181362091997472,4181362091997612,4847
2878,"input_reduce_reduce_window_fusion_1.kd",2,8,3162,1279882,1279882,512,512,512,0,20,4,48,64,"0x0","0x7ed35b989b00",4181362091585750,4181362091997472,4181362092014898,4181362092023531,17426
2879,"loop_reduce_window_fusion_6.kd",2,8,3163,1279882,1279882,32,32,0,0,32,0,16,64,"0x0","0x7ed35b989b40",4181362091593421,4181362092014898,4181362092024432,4181362092028188,9534
2880,"loop_broadcast_fusion_1.kd",2,8,3164,1279882,1279882,8192,256,0,0,4,4,16,64,"0x0","0x7ed35b989b80",4181362091600662,4181362092024432,4181362092029480,4181362092033035,5048
2881,"input_scatter_fusion_1.kd",2,8,3165,1279882,1279882,8192,256,0,0,8,0,32,64,"0x0","0x7ed35b989bc0",4181362091607222,4181362092029480,4181362092034607,4181362092039565,5127
2882,"loop_reduce_window_fusion_5.kd",2,8,3166,1279882,1279882,8192,256,0,0,8,0,16,64,"0x0","0x7ed35b989c00",4181362091614673,4181362092034607,4181362092039655,4181362092046645,5048
2883,"loop_reduce_window_fusion_4.kd",2,8,3167,1279882,1279882,512,256,0,0,8,0,16,64,"0x0","0x7ed35b989c40",4181362091621934,4181362092039655,4181362092044582,4181362092051422,4927
2884,"loop_reduce_window_fusion_3.kd",2,8,3168,1279882,1279882,32,32,0,0,8,0,16,64,"0x0","0x7ed35b989c80",4181362091628053,4181362092044582,4181362092049309,4181362092062539,4727
2885,"loop_select_fusion_6.kd",2,8,3169,1279882,1279882,8192,256,0,0,8,0,32,64,"0x0","0x7ed35b989cc0",4181362091635514,4181362092049309,4181362092054277,4181362092056169,4968
2886,"loop_select_fusion_1.kd",2,8,3170,1279882,1279882,8192,256,0,0,8,0,16,64,"0x0","0x7ed35b989d00",4181362091643405,4181362092054277,4181362092059204,4181362092067356,4927
2887,"loop_broadcast_fusion_4.kd",2,8,3171,1279882,1279882,16,16,0,0,4,4,16,64,"0x0","0x7ed35b989d40",4181362091650596,4181362092059204,4181362092064051,4181362092071863,4847
2888,"__amd_rocclr_fillBufferAligned.kd",2,8,3172,1279882,1279882,77824,256,0,0,12,4,48,64,"0x0","0x7ed361483580",4181362091661843,4181362092064051,4181362092077952,4181362092078472,13901
2889,"__amd_rocclr_fillBufferAligned.kd",2,8,3173,1279882,1279882,16128,256,0,0,12,4,48,64,"0x0","0x7ed361483580",4181362091668583,4181362092077952,4181362092082919,4181362092082739,4967
2890,"transformer_engine::fused_attn_rocm::populate_rng_state_kernel(long*, long const*, long) [clone .kd]",2,8,3174,1279882,1279882,1,1,0,0,8,0,16,64,"0x0","0x7ed35b9ad380",4181362091678087,4181362092082919,4181362092087847,4181362092087306,4928
2891,"__amd_rocclr_fillBufferAligned.kd",2,8,3175,1279882,1279882,256,256,0,0,12,4,48,64,"0x0","0x7ed361483580",4181362091688102,4181362092087847,4181362092092574,4181362092093395,4727
2892,"ck_fused_attn::get_runtime_max_seqlen_kernel(unsigned long, int const*, int const*, unsigned long*) [clone .kd]",2,8,3176,1279882,1279882,4096,128,0,0,4,4,32,64,"0x0","0x7ed35b978940",4181362091694291,4181362092092574,4181362092098422,4181362092099694,5848
2893,"__amd_rocclr_copyBuffer.kd",2,8,3177,1279882,1279882,512,512,0,0,16,0,32,64,"0x7f13dfde8900","0x7ed361483600",4181362091702974,4181362092098422,4181362092104191,4181362092106144,5769
2894,"__amd_rocclr_fillBufferAligned.kd",2,8,3179,1279882,1279882,256,256,0,0,12,4,48,64,"0x0","0x7ed361483580",4181362092145903,4181362092157150,4181362092159473,4181362092183929,2323
2895,"ck_fused_attn::get_runtime_max_seqlen_kernel(unsigned long, int const*, int const*, unsigned long*) [clone .kd]",2,8,3180,1279882,1279882,4096,128,0,0,4,4,32,64,"0x0","0x7ed35b978940",4181362092156799,4181362092165402,4181362092175016,4181362092193463,9614
2896,"__amd_rocclr_copyBuffer.kd",2,8,3181,1279882,1279882,512,512,0,0,16,0,32,64,"0x7f13dfde8800","0x7ed361483600",4181362092164320,4181362092175016,4181362092180464,4181362092188887,5448
2897,"void transformer_engine::fused_attn_rocm::compute_scores_kernel<__half, transformer_engine::fused_attn_rocm::SmallSeqConfig<8, 128, 256, false, (transformer_engine::fused_attn_rocm::CausalMaskType)0>, 1>(__half const*, __half const*, __half*, float, int const*, int const*, int, int) [clone .kd]",2,8,3183,1279882,1279882,64000,64,0,0,100,4,48,64,"0x0","0x7ed33c14ec00",4181362092204700,4181362092219522,4181362092262106,4181362092264770,42584
2898,"void transformer_engine::fused_attn_rocm::apply_mask_and_softmax_kernel<__half, transformer_engine::fused_attn_rocm::SmallSeqConfig<8, 128, 256, false, (transformer_engine::fused_attn_rocm::CausalMaskType)0> >(__half*, __half const*, float, int const*, int, int) [clone .kd]",2,8,3184,1279882,1279882,512000,256,1024,0,16,0,16,64,"0x0","0x7ed33c14ec40",4181362092217509,4181362092262106,4181362092267474,4181362092280793,5368
2899,"void transformer_engine::fused_attn_rocm::compute_output_kernel<__half, transformer_engine::fused_attn_rocm::SmallSeqConfig<8, 128, 256, false, (transformer_engine::fused_attn_rocm::CausalMaskType)0>, 2, 8>(__half const*, __half const*, __half*, int const*, int const*, int, int) [clone .kd]",2,8,3185,1279882,1279882,512000,64,16384,0,20,4,32,64,"0x0","0x7ed33c14ec80",4181362092224269,4181362092267474,4181362092319952,4181362092333742,52478
2900,"loop_broadcast_fusion_5.kd",2,8,3186,1279882,1279882,2048000,256,0,0,4,4,16,64,"0x0","0x7ed35b989d80",4181362092233854,4181362092319952,4181362092328044,4181362092327663,8092
2901,"__amd_rocclr_fillBufferAligned.kd",2,8,3187,1279882,1279882,77824,256,0,0,12,4,48,64,"0x0","0x7ed361483580",4181362092247604,4181362092328044,4181362092334774,4181362092341303,6730
2902,"__amd_rocclr_fillBufferAligned.kd",2,8,3188,1279882,1279882,77824,256,0,0,12,4,48,64,"0x0","0x7ed361483580",4181362092262086,4181362092334774,4181362092357688,4181362092365650,22914
2903,"__amd_rocclr_fillBufferAligned.kd",2,8,3189,1279882,1279882,77824,256,0,0,12,4,48,64,"0x0","0x7ed361483580",4181362092268775,4181362092357688,4181362092380362,4181362092382034,22674
2904,"__amd_rocclr_fillBufferAligned.kd",2,8,3190,1279882,1279882,256,256,0,0,12,4,48,64,"0x0","0x7ed361483580",4181362092283537,4181362092380362,4181362092385169,4181362092392289,4807
2905,"ck_fused_attn::get_runtime_max_seqlen_kernel(unsigned long, int const*, int const*, unsigned long*) [clone .kd]",2,8,3191,1279882,1279882,4096,128,0,0,4,4,32,64,"0x0","0x7ed35b978940",4181362092295365,4181362092385169,4181362092391218,4181362092396816,6049
2906,"__amd_rocclr_copyBuffer.kd",2,8,3192,1279882,1279882,512,512,0,0,16,0,32,64,"0x7f13dfde8700","0x7ed361483600",4181362092303507,4181362092391218,4181362092397066,4181362092401353,5848
2907,"__amd_rocclr_fillBufferAligned.kd",2,8,3194,1279882,1279882,256,256,0,0,12,4,48,64,"0x0","0x7ed361483580",4181362092415864,4181362092430797,4181362092433040,4181362092437687,2243
2908,"ck_fused_attn::get_runtime_max_seqlen_kernel(unsigned long, int const*, int const*, unsigned long*) [clone .kd]",2,8,3195,1279882,1279882,4096,128,0,0,4,4,32,64,"0x0","0x7ed35b978940",4181362092430456,4181362092439409,4181362092445258,4181362092447211,5849
2909,"__amd_rocclr_copyBuffer.kd",2,8,3196,1279882,1279882,512,512,0,0,16,0,32,64,"0x7f13dfde8600","0x7ed361483600",4181362092437747,4181362092453190,4181362092459720,4181362092462343,6530
2910,"void transformer_engine::fused_attn_rocm::compute_grad_v_kernel<__half, transformer_engine::fused_attn_rocm::SmallSeqConfig<8, 128, 256, false, (transformer_engine::fused_attn_rocm::CausalMaskType)0>, 16, 16>(__half const*, __half const*, __half*, int const*, int const*, int, int) [clone .kd]",2,8,3198,1279882,1279882,256000,64,16384,0,28,4,32,64,"0x0","0x7ed33c150400",4181362092477576,4181362092488843,4181362092558627,4181362092565697,69784
2911,"void transformer_engine::fused_attn_rocm::compute_grad_attn_kernel<__half, transformer_engine::fused_attn_rocm::SmallSeqConfig<8, 128, 256, false, (transformer_engine::fused_attn_rocm::CausalMaskType)0>, 16>(__half const*, __half const*, __half*, int const*, int const*, int, int) [clone .kd]",2,8,3199,1279882,1279882,8000,64,0,0,104,0,64,64,"0x0","0x7ed33c150440",4181362092486820,4181362092558627,4181362092904862,4181362092912002,346235
2912,"void transformer_engine::fused_attn_rocm::softmax_backward_kernel<__half, transformer_engine::fused_attn_rocm::SmallSeqConfig<8, 128, 256, false, (transformer_engine::fused_attn_rocm::CausalMaskType)0> >(__half const*, __half const*, __half*, float, int const*, int, int) [clone .kd]",2,8,3200,1279882,1279882,512000,256,1024,0,12,4,16,64,"0x0","0x7ed33c150480",4181362092493720,4181362092904862,4181362092911632,4181362092920935,6770
2913,"void transformer_engine::fused_attn_rocm::compute_grad_qk_kernel<__half, transformer_engine::fused_attn_rocm::SmallSeqConfig<8, 128, 256, false, (transformer_engine::fused_attn_rocm::CausalMaskType)0>, 4, 16>(__half const*, __half const*, __half const*, __half*, __half*, float, int const*, int const*, int, int) [clone .kd]",2,8,3201,1279882,1279882,1024000,64,16384,0,36,4,64,64,"0x0","0x7ed33c1504c0",4181362092501812,4181362092911632,4181362093106962,4181362093120282,195330
2914,"input_reduce_fusion.kd",2,8,3202,1279882,1279882,524288,256,512,0,16,0,16,64,"0x0","0x7ed35b989dc0",4181362092512378,4181362093106962,4181362093116376,4181362093126221,9414
2915,"input_reduce_fusion_3.kd",2,8,3203,1279882,1279882,128,128,512,0,24,0,16,64,"0x0","0x7ed35b989e00",4181362092519518,4181362093116376,4181362093123347,4181362093131198,6971
2916,"loop_convert_fusion.kd",2,8,3204,1279882,1279882,1,1,0,0,4,4,16,64,"0x0","0x7ed35b989e40",4181362092526008,4181362093123347,4181362093128594,4181362093136085,5247
2917,"input_reduce_reduce_window_fusion_3.kd",2,8,3207,1279882,1279882,8192,256,0,0,28,4,48,64,"0x0","0x7ed35b989300",4181362092647979,4181362093141133,4181362093152550,4181362093165830,11417
2918,"loop_reduce_window_fusion_11.kd",2,8,3208,1279882,1279882,2048,256,0,0,8,0,16,64,"0x0","0x7ed35b989340",4181362092657504,4181362093152550,4181362093160001,4181362093170677,7451
2919,"loop_slice_fusion_5.kd",2,8,3209,1279882,1279882,8,8,0,0,20,4,16,64,"0x0","0x7ed35b989380",4181362092665465,4181362093160001,4181362093165489,4181362093175384,5488
2920,"loop_broadcast_fusion_2.kd",2,8,3210,1279882,1279882,32000,256,0,0,4,4,16,64,"0x0","0x7ed35b9893c0",4181362092672095,4181362093165489,4181362093170857,4181362093179891,5368
2921,"input_scatter_fusion_2.kd",2,8,3211,1279882,1279882,32000,256,0,0,12,4,32,64,"0x0","0x7ed35b989400",4181362092679957,4181362093170857,4181362093178108,4181362093185138,7251
2922,"loop_reduce_window_fusion_10.kd",2,8,3212,1279882,1279882,32000,256,0,0,8,0,16,64,"0x0","0x7ed35b989440",4181362092687338,4181362093178108,4181362093182915,4181362093189615,4807
2923,"loop_reduce_window_fusion_11.kd",2,8,3213,1279882,1279882,2048,256,0,0,8,0,16,64,"0x0","0x7ed35b989340",4181362092694669,4181362093182915,4181362093187842,4181362093194092,4927
2924,"loop_slice_fusion_5.kd",2,8,3214,1279882,1279882,8,8,0,0,20,4,16,64,"0x0","0x7ed35b989380",4181362092701689,4181362093187842,4181362093192529,4181362093198789,4687
2925,"loop_slice_fusion_1.kd",2,8,3215,1279882,1279882,125,125,0,0,8,0,16,64,"0x0","0x7ed35b989480",4181362092708479,4181362093192529,4181362093197216,4181362093205409,4687
2926,"input_reduce_fusion_1.kd",2,8,3216,1279882,1279882,64,64,0,0,8,0,16,64,"0x0","0x7ed35b9894c0",4181362092715079,4181362093197216,4181362093201943,4181362093210496,4727
2927,"loop_select_fusion_5.kd",2,8,3217,1279882,1279882,32000,256,0,0,8,0,32,64,"0x0","0x7ed35b989500",4181362092722661,4181362093201943,4181362093206911,4181362093215043,4968
2928,"loop_select_fusion_2.kd",2,8,3218,1279882,1279882,32000,256,0,0,4,4,16,64,"0x0","0x7ed35b989540",4181362092730963,4181362093206911,4181362093211678,4181362093219700,4767
2929,"loop_reduce_window_fusion_10.kd",2,8,3219,1279882,1279882,32000,256,0,0,8,0,16,64,"0x0","0x7ed35b989440",4181362092738284,4181362093211678,4181362093216445,4181362093224667,4767
2930,"loop_reduce_window_fusion_11.kd",2,8,3220,1279882,1279882,2048,256,0,0,8,0,16,64,"0x0","0x7ed35b989340",4181362092746266,4181362093216445,4181362093221332,4181362093229354,4887
2931,"loop_slice_fusion_5.kd",2,8,3221,1279882,1279882,8,8,0,0,20,4,16,64,"0x0","0x7ed35b989380",4181362092752475,4181362093221332,4181362093226019,4181362093233871,4687
2932,"input_concatenate_fusion.kd",2,8,3222,1279882,1279882,32000,256,0,0,12,4,32,64,"0x0","0x7ed35b989580",4181362092760016,4181362093226019,4181362093231187,4181362093238468,5168
2933,"loop_compare_fusion.kd",2,8,3223,1279882,1279882,36096,256,0,0,4,4,16,64,"0x0","0x7ed35b9895c0",4181362092767057,4181362093231187,4181362093236154,4181362093243215,4967
2934,"input_reduce_reduce_window_fusion.kd",2,8,3224,1279882,1279882,11520,256,0,0,24,0,48,64,"0x0","0x7ed35b989600",4181362092774377,4181362093236154,4181362093244326,4181362093247852,8172
2935,"loop_reduce_window_fusion_2.kd",2,8,3225,1279882,1279882,2304,256,0,0,8,0,16,64,"0x0","0x7ed35b989640",4181362092781218,4181362093244326,4181362093249294,4181362093252489,4968
2936,"loop_slice_fusion_8.kd",2,8,3226,1279882,1279882,9,9,0,0,20,4,16,64,"0x0","0x7ed35b989680",4181362092788969,4181362093249294,4181362093253981,4181362093257236,4687
2937,"loop_broadcast_fusion.kd",2,8,3227,1279882,1279882,36096,256,0,0,4,4,16,64,"0x0","0x7ed35b9896c0",4181362092796110,4181362093253981,4181362093258908,4181362093263044,4927
2938,"input_scatter_fusion.kd",2,8,3228,1279882,1279882,36096,256,0,0,12,4,32,64,"0x0","0x7ed35b989700",4181362092803551,4181362093258908,4181362093265959,4181362093267521,7051
2939,"loop_reduce_window_fusion_1.kd",2,8,3229,1279882,1279882,36096,256,0,0,8,0,16,64,"0x0","0x7ed35b989740",4181362092811242,4181362093265959,4181362093270846,4181362093271968,4887
2940,"loop_reduce_window_fusion_2.kd",2,8,3230,1279882,1279882,2304,256,0,0,8,0,16,64,"0x0","0x7ed35b989640",4181362092818123,4181362093270846,4181362093275853,4181362093276214,5007
2941,"loop_slice_fusion_8.kd",2,8,3231,1279882,1279882,9,9,0,0,20,4,16,64,"0x0","0x7ed35b989680",4181362092825624,4181362093275853,4181362093280540,4181362093280670,4687
2942,"loop_slice_fusion.kd",2,8,3232,1279882,1279882,141,141,0,0,8,0,16,64,"0x0","0x7ed35b989780",4181362092832173,4181362093280540,4181362093285267,4181362093285337,4727
2943,"input_reduce_fusion_2.kd",2,8,3233,1279882,1279882,64,64,0,0,8,0,16,64,"0x0","0x7ed35b9897c0",4181362092839454,4181362093285267,4181362093290034,4181362093293129,4767
2944,"loop_select_fusion_4.kd",2,8,3234,1279882,1279882,36096,256,0,0,8,0,32,64,"0x0","0x7ed35b989800",4181362092847466,4181362093290034,4181362093294922,4181362093298056,4888
2945,"loop_select_fusion.kd",2,8,3235,1279882,1279882,36096,256,0,0,8,0,16,64,"0x0","0x7ed35b989840",4181362092854116,4181362093294922,4181362093299849,4181362093302533,4927
2946,"loop_compare_fusion_2.kd",2,8,3236,1279882,1279882,4096,256,0,0,4,4,16,64,"0x0","0x7ed35b989880",4181362092862018,4181362093299849,4181362093304616,4181362093307110,4767
2947,"input_reduce_reduce_window_fusion_2.kd",2,8,3237,1279882,1279882,256,256,512,0,20,4,32,64,"0x0","0x7ed35b9898c0",4181362092868317,4181362093304616,4181362093320039,4181362093326208,15423
2948,"loop_slice_fusion_3.kd",2,8,3238,1279882,1279882,16,16,0,0,20,4,16,64,"0x0","0x7ed35b989900",4181362092876409,4181362093320039,4181362093324686,4181362093331025,4647
2949,"loop_broadcast_fusion_3.kd",2,8,3239,1279882,1279882,4096,256,0,0,4,4,16,64,"0x0","0x7ed35b989940",4181362092883600,4181362093324686,4181362093329573,4181362093341801,4887
2950,"input_scatter_fusion_3.kd",2,8,3240,1279882,1279882,4096,256,0,0,8,0,32,64,"0x0","0x7ed35b989980",4181362092890310,4181362093329573,4181362093335742,4181362093335853,6169
2951,"loop_reduce_window_fusion_13.kd",2,8,3241,1279882,1279882,4096,256,0,0,8,0,16,64,"0x0","0x7ed35b9899c0",4181362092897531,4181362093335742,4181362093340469,4181362093348922,4727
2952,"loop_slice_fusion_3.kd",2,8,3242,1279882,1279882,16,16,0,0,20,4,16,64,"0x0","0x7ed35b989900",4181362092904481,4181362093340469,4181362093345156,4181362093353699,4687
2953,"loop_remainder_fusion.kd",2,8,3243,1279882,1279882,4096,256,0,0,12,4,16,64,"0x0","0x7ed35b989a00",4181362092911001,4181362093345156,4181362093350725,4181362093358446,5569
2954,"loop_select_fusion_3.kd",2,8,3244,1279882,1279882,4096,256,0,0,8,0,32,64,"0x0","0x7ed35b989a40",4181362092939493,4181362093350725,4181362093355492,4181362093365246,4767
2955,"loop_reduce_window_fusion_13.kd",2,8,3245,1279882,1279882,4096,256,0,0,8,0,16,64,"0x0","0x7ed35b9899c0",4181362092946734,4181362093355492,4181362093360179,4181362093378927,4687
2956,"loop_slice_fusion_3.kd",2,8,3246,1279882,1279882,16,16,0,0,20,4,16,64,"0x0","0x7ed35b989900",4181362092952783,4181362093360179,4181362093364866,4181362093383333,4687
2957,"input_concatenate_fusion_1.kd",2,8,3247,1279882,1279882,4096,256,0,0,8,0,32,64,"0x0","0x7ed35b989a80",4181362092959893,4181362093364866,4181362093370194,4181362093369833,5328
2958,"loop_compare_fusion_1.kd",2,8,3248,1279882,1279882,8192,256,0,0,4,4,16,64,"0x0","0x7ed35b989ac0",4181362092966593,4181362093370194,4181362093375121,4181362093374490,4927
2959,"input_reduce_reduce_window_fusion_1.kd",2,8,3249,1279882,1279882,512,512,512,0,20,4,48,64,"0x0","0x7ed35b989b00",4181362092973674,4181362093375121,4181362093392226,4181362093400619,17105
2960,"loop_reduce_window_fusion_6.kd",2,8,3250,1279882,1279882,32,32,0,0,32,0,16,64,"0x0","0x7ed35b989b40",4181362092980835,4181362093392226,4181362093403683,4181362093405136,11457
2961,"loop_broadcast_fusion_1.kd",2,8,3251,1279882,1279882,8192,256,0,0,4,4,16,64,"0x0","0x7ed35b989b80",4181362092989047,4181362093403683,4181362093408691,4181362093409642,5008
2962,"input_scatter_fusion_1.kd",2,8,3252,1279882,1279882,8192,256,0,0,8,0,32,64,"0x0","0x7ed35b989bc0",4181362092996418,4181362093408691,4181362093414139,4181362093419337,5448
2963,"loop_reduce_window_fusion_5.kd",2,8,3253,1279882,1279882,8192,256,0,0,8,0,16,64,"0x0","0x7ed35b989c00",4181362093004350,4181362093414139,4181362093419227,4181362093423593,5088
2964,"loop_reduce_window_fusion_4.kd",2,8,3254,1279882,1279882,512,256,0,0,8,0,16,64,"0x0","0x7ed35b989c40",4181362093010849,4181362093419227,4181362093424114,4181362093428150,4887
2965,"loop_reduce_window_fusion_3.kd",2,8,3255,1279882,1279882,32,32,0,0,8,0,16,64,"0x0","0x7ed35b989c80",4181362093018110,4181362093424114,4181362093428881,4181362093434409,4767
2966,"loop_select_fusion_6.kd",2,8,3256,1279882,1279882,8192,256,0,0,8,0,32,64,"0x0","0x7ed35b989cc0",4181362093025781,4181362093428881,4181362093433848,4181362093438575,4967
2967,"loop_select_fusion_1.kd",2,8,3257,1279882,1279882,8192,256,0,0,8,0,16,64,"0x0","0x7ed35b989d00",4181362093032531,4181362093433848,4181362093438696,4181362093443242,4848
2968,"loop_broadcast_fusion_4.kd",2,8,3258,1279882,1279882,16,16,0,0,4,4,16,64,"0x0","0x7ed35b989d40",4181362093040163,4181362093438696,4181362093443543,4181362093449832,4847
2969,"__amd_rocclr_fillBufferAligned.kd",2,8,3259,1279882,1279882,77824,256,0,0,12,4,48,64,"0x0","0x7ed361483580",4181362093051810,4181362093443543,4181362093458004,4181362093465465,14461
2970,"__amd_rocclr_fillBufferAligned.kd",2,8,3260,1279882,1279882,16128,256,0,0,12,4,48,64,"0x0","0x7ed361483580",4181362093058079,4181362093458004,4181362093462972,4181362093470613,4968
2971,"transformer_engine::fused_attn_rocm::populate_rng_state_kernel(long*, long const*, long) [clone .kd]",2,8,3261,1279882,1279882,1,1,0,0,8,0,16,64,"0x0","0x7ed35b9ad380",4181362093067203,4181362093462972,4181362093467859,4181362093477463,4887
2972,"__amd_rocclr_fillBufferAligned.kd",2,8,3262,1279882,1279882,256,256,0,0,12,4,48,64,"0x0","0x7ed361483580",4181362093076587,4181362093467859,4181362093472626,4181362093482220,4767
2973,"ck_fused_attn::get_runtime_max_seqlen_kernel(unsigned long, int const*, int const*, unsigned long*) [clone .kd]",2,8,3263,1279882,1279882,4096,128,0,0,4,4,32,64,"0x0","0x7ed35b978940",4181362093084228,4181362093472626,4181362093478435,4181362093486667,5809
2974,"__amd_rocclr_copyBuffer.kd",2,8,3264,1279882,1279882,512,512,0,0,16,0,32,64,"0x7f13dfde8400","0x7ed361483600",4181362093093122,4181362093478435,4181362093484123,4181362093494529,5688
2975,"__amd_rocclr_fillBufferAligned.kd",2,8,3266,1279882,1279882,256,256,0,0,12,4,48,64,"0x0","0x7ed361483580",4181362093534147,4181362093545134,4181362093547137,4181362093580356,2003
2976,"ck_fused_attn::get_runtime_max_seqlen_kernel(unsigned long, int const*, int const*, unsigned long*) [clone .kd]",2,8,3267,1279882,1279882,4096,128,0,0,4,4,32,64,"0x0","0x7ed35b978940",4181362093546105,4181362093554227,4181362093560116,4181362093590561,5889
2977,"__amd_rocclr_copyBuffer.kd",2,8,3268,1279882,1279882,512,512,0,0,16,0,32,64,"0x7f13dfde8300","0x7ed361483600",4181362093555649,4181362093564923,4181362093570492,4181362093585584,5569
2978,"void transformer_engine::fused_attn_rocm::compute_scores_kernel<__half, transformer_engine::fused_attn_rocm::SmallSeqConfig<8, 128, 256, false, (transformer_engine::fused_attn_rocm::CausalMaskType)0>, 1>(__half const*, __half const*, __half*, float, int const*, int const*, int, int) [clone .kd]",2,8,3270,1279882,1279882,64000,64,0,0,100,4,48,64,"0x0","0x7ed33c14ec00",4181362093601287,4181362093611513,4181362093658102,4181362093664321,46589
2979,"void transformer_engine::fused_attn_rocm::apply_mask_and_softmax_kernel<__half, transformer_engine::fused_attn_rocm::SmallSeqConfig<8, 128, 256, false, (transformer_engine::fused_attn_rocm::CausalMaskType)0> >(__half*, __half const*, float, int const*, int, int) [clone .kd]",2,8,3271,1279882,1279882,512000,256,1024,0,16,0,16,64,"0x0","0x7ed33c14ec40",4181362093609459,4181362093658102,4181362093663390,4181362093670460,5288
2980,"void transformer_engine::fused_attn_rocm::compute_output_kernel<__half, transformer_engine::fused_attn_rocm::SmallSeqConfig<8, 128, 256, false, (transformer_engine::fused_attn_rocm::CausalMaskType)0>, 2, 8>(__half const*, __half const*, __half*, int const*, int const*, int, int) [clone .kd]",2,8,3272,1279882,1279882,512000,64,16384,0,20,4,32,64,"0x0","0x7ed33c14ec80",4181362093616350,4181362093663390,4181362093715307,4181362093721136,51917
2981,"loop_broadcast_fusion_5.kd",2,8,3273,1279882,1279882,2048000,256,0,0,4,4,16,64,"0x0","0x7ed35b989d80",4181362093625704,4181362093715307,4181362093723399,4181362093729308,8092
2982,"__amd_rocclr_fillBufferAligned.kd",2,8,3274,1279882,1279882,77824,256,0,0,12,4,48,64,"0x0","0x7ed361483580",4181362093639444,4181362093723399,4181362093730329,4181362093736328,6930
2983,"__amd_rocclr_fillBufferAligned.kd",2,8,3275,1279882,1279882,77824,256,0,0,12,4,48,64,"0x0","0x7ed361483580",4181362093653034,4181362093730329,4181362093752843,4181362093752332,22514
2984,"__amd_rocclr_fillBufferAligned.kd",2,8,3276,1279882,1279882,77824,256,0,0,12,4,48,64,"0x0","0x7ed361483580",4181362093659534,4181362093752843,4181362093775677,4181362093777810,22834
2985,"__amd_rocclr_fillBufferAligned.kd",2,8,3277,1279882,1279882,256,256,0,0,12,4,48,64,"0x0","0x7ed361483580",4181362093667676,4181362093775677,4181362093780364,4181362093784279,4687
2986,"ck_fused_attn::get_runtime_max_seqlen_kernel(unsigned long, int const*, int const*, unsigned long*) [clone .kd]",2,8,3278,1279882,1279882,4096,128,0,0,4,4,32,64,"0x0","0x7ed35b978940",4181362093675968,4181362093780364,4181362093786413,4181362093789107,6049
2987,"__amd_rocclr_copyBuffer.kd",2,8,3279,1279882,1279882,512,512,0,0,16,0,32,64,"0x7f13dfde8200","0x7ed361483600",4181362093684351,4181362093786413,4181362093791941,4181362093795386,5528
2988,"__amd_rocclr_fillBufferAligned.kd",2,8,3281,1279882,1279882,256,256,0,0,12,4,48,64,"0x0","0x7ed361483580",4181362093813964,4181362093827073,4181362093829236,4181362093831430,2163
2989,"ck_fused_attn::get_runtime_max_seqlen_kernel(unsigned long, int const*, int const*, unsigned long*) [clone .kd]",2,8,3282,1279882,1279882,4096,128,0,0,4,4,32,64,"0x0","0x7ed35b978940",4181362093827303,4181362093835806,4181362093841855,4181362093842907,6049
2990,"__amd_rocclr_copyBuffer.kd",2,8,3283,1279882,1279882,512,512,0,0,16,0,32,64,"0x7f13dfc72200","0x7ed361483600",4181362093834454,4181362093858360,4181362093864409,4181362093870137,6049
2991,"void transformer_engine::fused_attn_rocm::compute_grad_v_kernel<__half, transformer_engine::fused_attn_rocm::SmallSeqConfig<8, 128, 256, false, (transformer_engine::fused_attn_rocm::CausalMaskType)0>, 16, 16>(__half const*, __half const*, __half*, int const*, int const*, int, int) [clone .kd]",2,8,3285,1279882,1279882,256000,64,16384,0,28,4,32,64,"0x0","0x7ed33c150400",4181362093886181,4181362093897378,4181362093964478,4181362093965229,67100
2992,"void transformer_engine::fused_attn_rocm::compute_grad_attn_kernel<__half, transformer_engine::fused_attn_rocm::SmallSeqConfig<8, 128, 256, false, (transformer_engine::fused_attn_rocm::CausalMaskType)0>, 16>(__half const*, __half const*, __half*, int const*, int const*, int, int) [clone .kd]",2,8,3286,1279882,1279882,8000,64,0,0,104,0,64,64,"0x0","0x7ed33c150440",4181362093894934,4181362093964478,4181362094312315,4181362094314178,347837
2993,"void transformer_engine::fused_attn_rocm::softmax_backward_kernel<__half, transformer_engine::fused_attn_rocm::SmallSeqConfig<8, 128, 256, false, (transformer_engine::fused_attn_rocm::CausalMaskType)0> >(__half const*, __half const*, __half*, float, int const*, int, int) [clone .kd]",2,8,3287,1279882,1279882,512000,256,1024,0,12,4,16,64,"0x0","0x7ed33c150480",4181362093901914,4181362094312315,4181362094317763,4181362094322019,5448
2994,"void transformer_engine::fused_attn_rocm::compute_grad_qk_kernel<__half, transformer_engine::fused_attn_rocm::SmallSeqConfig<8, 128, 256, false, (transformer_engine::fused_attn_rocm::CausalMaskType)0>, 4, 16>(__half const*, __half const*, __half const*, __half*, __half*, float, int const*, int const*, int, int) [clone .kd]",2,8,3288,1279882,1279882,1024000,64,16384,0,36,4,64,64,"0x0","0x7ed33c1504c0",4181362093910748,4181362094317763,4181362094508687,4181362094510349,190924
2995,"input_reduce_fusion.kd",2,8,3289,1279882,1279882,524288,256,512,0,16,0,16,64,"0x0","0x7ed35b989dc0",4181362093922265,4181362094508687,4181362094519022,4181362094518832,10335
2996,"input_reduce_fusion_3.kd",2,8,3290,1279882,1279882,128,128,512,0,24,0,16,64,"0x0","0x7ed35b989e00",4181362093929485,4181362094519022,4181362094524551,4181362094526483,5529
2997,"loop_convert_fusion.kd",2,8,3291,1279882,1279882,1,1,0,0,4,4,16,64,"0x0","0x7ed35b989e40",4181362093936055,4181362094524551,4181362094528717,4181362094531040,4166
2998,"input_reduce_reduce_window_fusion_3.kd",2,8,3294,1279882,1279882,8192,256,0,0,28,4,48,64,"0x0","0x7ed35b989300",4181362094065948,4181362094541656,4181362094553393,4181362094555406,11737
2999,"loop_reduce_window_fusion_11.kd",2,8,3295,1279882,1279882,2048,256,0,0,8,0,16,64,"0x0","0x7ed35b989340",4181362094075763,4181362094553393,4181362094561005,4181362094560534,7612
3000,"loop_slice_fusion_5.kd",2,8,3296,1279882,1279882,8,8,0,0,20,4,16,64,"0x0","0x7ed35b989380",4181362094083104,4181362094561005,4181362094566212,4181362094565702,5207
3001,"loop_broadcast_fusion_2.kd",2,8,3297,1279882,1279882,32000,256,0,0,4,4,16,64,"0x0","0x7ed35b9893c0",4181362094090194,4181362094566212,4181362094572141,4181362094578130,5929
3002,"input_scatter_fusion_2.kd",2,8,3298,1279882,1279882,32000,256,0,0,12,4,32,64,"0x0","0x7ed35b989400",4181362094097836,4181362094572141,4181362094580233,4181362094583178,8092
3003,"loop_reduce_window_fusion_10.kd",2,8,3299,1279882,1279882,32000,256,0,0,8,0,16,64,"0x0","0x7ed35b989440",4181362094105407,4181362094580233,4181362094584960,4181362094588836,4727
3004,"loop_reduce_window_fusion_11.kd",2,8,3300,1279882,1279882,2048,256,0,0,8,0,16,64,"0x0","0x7ed35b989340",4181362094114260,4181362094584960,4181362094589808,4181362094593493,4848
3005,"loop_slice_fusion_5.kd",2,8,3301,1279882,1279882,8,8,0,0,20,4,16,64,"0x0","0x7ed35b989380",4181362094120990,4181362094589808,4181362094594495,4181362094599522,4687
3006,"loop_slice_fusion_1.kd",2,8,3302,1279882,1279882,125,125,0,0,8,0,16,64,"0x0","0x7ed35b989480",4181362094127199,4181362094594495,4181362094599182,4181362094604179,4687
3007,"input_reduce_fusion_1.kd",2,8,3303,1279882,1279882,64,64,0,0,8,0,16,64,"0x0","0x7ed35b9894c0",4181362094134560,4181362094599182,4181362094603909,4181362094608686,4727
3008,"loop_select_fusion_5.kd",2,8,3304,1279882,1279882,32000,256,0,0,8,0,32,64,"0x0","0x7ed35b989500",4181362094141681,4181362094603909,4181362094608796,4181362094613383,4887
3009,"loop_select_fusion_2.kd",2,8,3305,1279882,1279882,32000,256,0,0,4,4,16,64,"0x0","0x7ed35b989540",4181362094149102,4181362094608796,4181362094613523,4181362094618120,4727
3010,"loop_reduce_window_fusion_10.kd",2,8,3306,1279882,1279882,32000,256,0,0,8,0,16,64,"0x0","0x7ed35b989440",4181362094155331,4181362094613523,4181362094618290,4181362094622867,4767
3011,"loop_reduce_window_fusion_11.kd",2,8,3307,1279882,1279882,2048,256,0,0,8,0,16,64,"0x0","0x7ed35b989340",4181362094162422,4181362094618290,4181362094623177,4181362094627604,4887
3012,"loop_slice_fusion_5.kd",2,8,3308,1279882,1279882,8,8,0,0,20,4,16,64,"0x0","0x7ed35b989380",4181362094168871,4181362094623177,4181362094627864,4181362094632090,4687
3013,"input_concatenate_fusion.kd",2,8,3309,1279882,1279882,32000,256,0,0,12,4,32,64,"0x0","0x7ed35b989580",4181362094176413,4181362094627864,4181362094633112,4181362094636888,5248
3014,"loop_compare_fusion.kd",2,8,3310,1279882,1279882,36096,256,0,0,4,4,16,64,"0x0","0x7ed35b9895c0",4181362094184395,4181362094633112,4181362094637999,4181362094641665,4887
3015,"input_reduce_reduce_window_fusion.kd",2,8,3311,1279882,1279882,11520,256,0,0,24,0,48,64,"0x0","0x7ed35b989600",4181362094192386,4181362094637999,4181362094646572,4181362094646332,8573
3016,"loop_reduce_window_fusion_2.kd",2,8,3312,1279882,1279882,2304,256,0,0,8,0,16,64,"0x0","0x7ed35b989640",4181362094199617,4181362094646572,4181362094651579,4181362094654364,5007
3017,"loop_slice_fusion_8.kd",2,8,3313,1279882,1279882,9,9,0,0,20,4,16,64,"0x0","0x7ed35b989680",4181362094207589,4181362094651579,4181362094656266,4181362094658840,4687
3018,"loop_broadcast_fusion.kd",2,8,3314,1279882,1279882,36096,256,0,0,4,4,16,64,"0x0","0x7ed35b9896c0",4181362094214850,4181362094656266,4181362094661194,4181362094665380,4928
3019,"input_scatter_fusion.kd",2,8,3315,1279882,1279882,36096,256,0,0,12,4,32,64,"0x0","0x7ed35b989700",4181362094222962,4181362094661194,4181362094668244,4181362094669656,7050
3020,"loop_reduce_window_fusion_1.kd",2,8,3316,1279882,1279882,36096,256,0,0,8,0,16,64,"0x0","0x7ed35b989740",4181362094229822,4181362094668244,4181362094673051,4181362094674083,4807
3021,"loop_reduce_window_fusion_2.kd",2,8,3317,1279882,1279882,2304,256,0,0,8,0,16,64,"0x0","0x7ed35b989640",4181362094236091,4181362094673051,4181362094678059,4181362094678570,5008
3022,"loop_slice_fusion_8.kd",2,8,3318,1279882,1279882,9,9,0,0,20,4,16,64,"0x0","0x7ed35b989680",4181362094242862,4181362094678059,4181362094682706,4181362094682846,4647
3023,"loop_slice_fusion.kd",2,8,3319,1279882,1279882,141,141,0,0,8,0,16,64,"0x0","0x7ed35b989780",4181362094249722,4181362094682706,4181362094687353,4181362094689856,4647
3024,"input_reduce_fusion_2.kd",2,8,3320,1279882,1279882,64,64,0,0,8,0,16,64,"0x0","0x7ed35b9897c0",4181362094256542,4181362094687353,4181362094692080,4181362094701914,4727
3025,"loop_select_fusion_4.kd",2,8,3321,1279882,1279882,36096,256,0,0,8,0,32,64,"0x0","0x7ed35b989800",4181362094264984,4181362094692080,4181362094697007,4181362094697307,4927
3026,"loop_select_fusion.kd",2,8,3322,1279882,1279882,36096,256,0,0,8,0,16,64,"0x0","0x7ed35b989840",4181362094271875,4181362094697007,4181362094701974,4181362094713942,4967
3027,"loop_compare_fusion_2.kd",2,8,3323,1279882,1279882,4096,256,0,0,4,4,16,64,"0x0","0x7ed35b989880",4181362094280147,4181362094701974,4181362094706782,4181362094709325,4808
3028,"input_reduce_reduce_window_fusion_2.kd",2,8,3324,1279882,1279882,256,256,512,0,20,4,32,64,"0x0","0x7ed35b9898c0",4181362094287067,4181362094706782,4181362094723166,4181362094738118,16384
3029,"loop_slice_fusion_3.kd",2,8,3325,1279882,1279882,16,16,0,0,20,4,16,64,"0x0","0x7ed35b989900",4181362094293797,4181362094723166,4181362094727893,4181362094752229,4727
3030,"loop_broadcast_fusion_3.kd",2,8,3326,1279882,1279882,4096,256,0,0,4,4,16,64,"0x0","0x7ed35b989940",4181362094301889,4181362094727893,4181362094732700,4181362094733011,4807
3031,"input_scatter_fusion_3.kd",2,8,3327,1279882,1279882,4096,256,0,0,8,0,32,64,"0x0","0x7ed35b989980",4181362094308319,4181362094732700,4181362094738549,4181362094758999,5849
3032,"loop_reduce_window_fusion_13.kd",2,8,3328,1279882,1279882,4096,256,0,0,8,0,16,64,"0x0","0x7ed35b9899c0",4181362094315079,4181362094738549,4181362094743316,4181362094743817,4767
3033,"loop_slice_fusion_3.kd",2,8,3329,1279882,1279882,16,16,0,0,20,4,16,64,"0x0","0x7ed35b989900",4181362094339075,4181362094743316,4181362094747963,4181362094748113,4647
3034,"loop_remainder_fusion.kd",2,8,3330,1279882,1279882,4096,256,0,0,12,4,16,64,"0x0","0x7ed35b989a00",4181362094346506,4181362094747963,4181362094753331,4181362094777026,5368
3035,"loop_select_fusion_3.kd",2,8,3331,1279882,1279882,4096,256,0,0,8,0,32,64,"0x0","0x7ed35b989a40",4181362094354337,4181362094753331,4181362094758138,4181362094782284,4807
3036,"loop_reduce_window_fusion_13.kd",2,8,3332,1279882,1279882,4096,256,0,0,8,0,16,64,"0x0","0x7ed35b9899c0",4181362094361488,4181362094758138,4181362094762905,4181362094763546,4767
3037,"loop_slice_fusion_3.kd",2,8,3333,1279882,1279882,16,16,0,0,20,4,16,64,"0x0","0x7ed35b989900",4181362094368959,4181362094762905,4181362094767592,4181362094768263,4687
3038,"input_concatenate_fusion_1.kd",2,8,3334,1279882,1279882,4096,256,0,0,8,0,32,64,"0x0","0x7ed35b989a80",4181362094375409,4181362094767592,4181362094773160,4181362094772549,5568
3039,"loop_compare_fusion_1.kd",2,8,3335,1279882,1279882,8192,256,0,0,4,4,16,64,"0x0","0x7ed35b989ac0",4181362094382770,4181362094773160,4181362094778007,4181362094789054,4847
3040,"input_reduce_reduce_window_fusion_1.kd",2,8,3336,1279882,1279882,512,512,512,0,20,4,48,64,"0x0","0x7ed35b989b00",4181362094390171,4181362094778007,4181362094794873,4181362094796335,16866
3041,"loop_reduce_window_fusion_6.kd",2,8,3337,1279882,1279882,32,32,0,0,32,0,16,64,"0x0","0x7ed35b989b40",4181362094396540,4181362094794873,4181362094805368,4181362094824687,10495
3042,"loop_broadcast_fusion_1.kd",2,8,3338,1279882,1279882,8192,256,0,0,4,4,16,64,"0x0","0x7ed35b989b80",4181362094403430,4181362094805368,4181362094810336,4181362094813300,4968
3043,"input_scatter_fusion_1.kd",2,8,3339,1279882,1279882,8192,256,0,0,8,0,32,64,"0x0","0x7ed35b989bc0",4181362094410631,4181362094810336,4181362094815543,4181362094818307,5207
3044,"loop_reduce_window_fusion_5.kd",2,8,3340,1279882,1279882,8192,256,0,0,8,0,16,64,"0x0","0x7ed35b989c00",4181362094417411,4181362094815543,4181362094820631,4181362094831367,5088
3045,"loop_reduce_window_fusion_4.kd",2,8,3341,1279882,1279882,512,256,0,0,8,0,16,64,"0x0","0x7ed35b989c40",4181362094424161,4181362094820631,4181362094825478,4181362094835984,4847
3046,"loop_reduce_window_fusion_3.kd",2,8,3342,1279882,1279882,32,32,0,0,8,0,16,64,"0x0","0x7ed35b989c80",4181362094431232,4181362094825478,4181362094830245,4181362094840570,4767
3047,"loop_select_fusion_6.kd",2,8,3343,1279882,1279882,8192,256,0,0,8,0,32,64,"0x0","0x7ed35b989cc0",4181362094438432,4181362094830245,4181362094835132,4181362094847140,4887
3048,"loop_select_fusion_1.kd",2,8,3344,1279882,1279882,8192,256,0,0,8,0,16,64,"0x0","0x7ed35b989d00",4181362094445663,4181362094835132,4181362094839980,4181362094851637,4848
3049,"loop_broadcast_fusion_4.kd",2,8,3345,1279882,1279882,16,16,0,0,4,4,16,64,"0x0","0x7ed35b989d40",4181362094452724,4181362094839980,4181362094844907,4181362094856324,4927
3050,"__amd_rocclr_fillBufferAligned.kd",2,8,3346,1279882,1279882,77824,256,0,0,12,4,48,64,"0x0","0x7ed361483580",4181362094463460,4181362094844907,4181362094857846,4181362094862713,12939
3051,"__amd_rocclr_fillBufferAligned.kd",2,8,3347,1279882,1279882,16128,256,0,0,12,4,48,64,"0x0","0x7ed361483580",4181362094469388,4181362094857846,4181362094862934,4181362094866950,5088
3052,"transformer_engine::fused_attn_rocm::populate_rng_state_kernel(long*, long const*, long) [clone .kd]",2,8,3348,1279882,1279882,1,1,0,0,8,0,16,64,"0x0","0x7ed35b9ad380",4181362094478512,4181362094862934,4181362094867821,4181362094871807,4887
3053,"__amd_rocclr_fillBufferAligned.kd",2,8,3349,1279882,1279882,256,256,0,0,12,4,48,64,"0x0","0x7ed361483580",4181362094488507,4181362094867821,4181362094872588,4181362094878437,4767
3054,"ck_fused_attn::get_runtime_max_seqlen_kernel(unsigned long, int const*, int const*, unsigned long*) [clone .kd]",2,8,3350,1279882,1279882,4096,128,0,0,4,4,32,64,"0x0","0x7ed35b978940",4181362094495167,4181362094872588,4181362094878317,4181362094889674,5729
3055,"__amd_rocclr_copyBuffer.kd",2,8,3351,1279882,1279882,512,512,0,0,16,0,32,64,"0x7f13dfde9f00","0x7ed361483600",4181362094503159,4181362094878317,4181362094883805,4181362094883364,5488
3056,"__amd_rocclr_fillBufferAligned.kd",2,8,3353,1279882,1279882,256,256,0,0,12,4,48,64,"0x0","0x7ed361483580",4181362094923784,4181362094933278,4181362094935321,4181362094956233,2043
3057,"ck_fused_attn::get_runtime_max_seqlen_kernel(unsigned long, int const*, int const*, unsigned long*) [clone .kd]",2,8,3354,1279882,1279882,4096,128,0,0,4,4,32,64,"0x0","0x7ed35b978940",4181362094932307,4181362094940649,4181362094950143,4181362094966027,9494
3058,"__amd_rocclr_copyBuffer.kd",2,8,3355,1279882,1279882,512,512,0,0,16,0,32,64,"0x7f13dfde9e00","0x7ed361483600",4181362094939518,4181362094950143,4181362094955552,4181362094961350,5409
3059,"void transformer_engine::fused_attn_rocm::compute_scores_kernel<__half, transformer_engine::fused_attn_rocm::SmallSeqConfig<8, 128, 256, false, (transformer_engine::fused_attn_rocm::CausalMaskType)0>, 1>(__half const*, __half const*, __half*, float, int const*, int const*, int, int) [clone .kd]",2,8,3357,1279882,1279882,64000,64,0,0,100,4,48,64,"0x0","0x7ed33c14ec00",4181362094978506,4181362094988320,4181362095033387,4181362095042911,45067
3060,"void transformer_engine::fused_attn_rocm::apply_mask_and_softmax_kernel<__half, transformer_engine::fused_attn_rocm::SmallSeqConfig<8, 128, 256, false, (transformer_engine::fused_attn_rocm::CausalMaskType)0> >(__half*, __half const*, float, int const*, int, int) [clone .kd]",2,8,3358,1279882,1279882,512000,256,1024,0,16,0,16,64,"0x0","0x7ed33c14ec40",4181362094986187,4181362095033387,4181362095038795,4181362095050923,5408
3061,"void transformer_engine::fused_attn_rocm::compute_output_kernel<__half, transformer_engine::fused_attn_rocm::SmallSeqConfig<8, 128, 256, false, (transformer_engine::fused_attn_rocm::CausalMaskType)0>, 2, 8>(__half const*, __half const*, __half*, int const*, int const*, int, int) [clone .kd]",2,8,3359,1279882,1279882,512000,64,16384,0,20,4,32,64,"0x0","0x7ed33c14ec80",4181362094992907,4181362095038795,4181362095092675,4181362095096381,53880
3062,"loop_broadcast_fusion_5.kd",2,8,3360,1279882,1279882,2048000,256,0,0,4,4,16,64,"0x0","0x7ed35b989d80",4181362095010643,4181362095092675,4181362095100727,4181362095105675,8052
3063,"__amd_rocclr_fillBufferAligned.kd",2,8,3361,1279882,1279882,77824,256,0,0,12,4,48,64,"0x0","0x7ed361483580",4181362095023693,4181362095100727,4181362095107658,4181362095112695,6931
3064,"__amd_rocclr_fillBufferAligned.kd",2,8,3362,1279882,1279882,77824,256,0,0,12,4,48,64,"0x0","0x7ed361483580",4181362095030433,4181362095107658,4181362095130372,4181362095137091,22714
3065,"__amd_rocclr_fillBufferAligned.kd",2,8,3363,1279882,1279882,77824,256,0,0,12,4,48,64,"0x0","0x7ed361483580",4181362095037563,4181362095130372,4181362095152885,4181362095155078,22513
3066,"__amd_rocclr_fillBufferAligned.kd",2,8,3364,1279882,1279882,256,256,0,0,12,4,48,64,"0x0","0x7ed361483580",4181362095045876,4181362095152885,4181362095157692,4181362095161738,4807
3067,"ck_fused_attn::get_runtime_max_seqlen_kernel(unsigned long, int const*, int const*, unsigned long*) [clone .kd]",2,8,3365,1279882,1279882,4096,128,0,0,4,4,32,64,"0x0","0x7ed35b978940",4181362095065225,4181362095157692,4181362095163701,4181362095166525,6009
3068,"__amd_rocclr_copyBuffer.kd",2,8,3366,1279882,1279882,512,512,0,0,16,0,32,64,"0x7f13dfc71c80","0x7ed361483600",4181362095072966,4181362095163701,4181362095168989,4181362095173085,5288
3069,"__amd_rocclr_fillBufferAligned.kd",2,8,3368,1279882,1279882,256,256,0,0,12,4,48,64,"0x0","0x7ed361483580",4181362095191362,4181362095202719,4181362095204682,4181362095205103,1963
3070,"ck_fused_attn::get_runtime_max_seqlen_kernel(unsigned long, int const*, int const*, unsigned long*) [clone .kd]",2,8,3369,1279882,1279882,4096,128,0,0,4,4,32,64,"0x0","0x7ed35b978940",4181362095201968,4181362095210891,4181362095216780,4181362095216450,5889
3071,"__amd_rocclr_copyBuffer.kd",2,8,3370,1279882,1279882,512,512,0,0,16,0,32,64,"0x7f13dfde9c00","0x7ed361483600",4181362095209329,4181362095221707,4181362095227196,4181362095232023,5489
3072,"void transformer_engine::fused_attn_rocm::compute_grad_v_kernel<__half, transformer_engine::fused_attn_rocm::SmallSeqConfig<8, 128, 256, false, (transformer_engine::fused_attn_rocm::CausalMaskType)0>, 16, 16>(__half const*, __half const*, __half*, int const*, int const*, int, int) [clone .kd]",2,8,3372,1279882,1279882,256000,64,16384,0,28,4,32,64,"0x0","0x7ed33c150400",4181362095247255,4181362095258682,4181362095327745,4181362095327364,69063
3073,"void transformer_engine::fused_attn_rocm::compute_grad_attn_kernel<__half, transformer_engine::fused_attn_rocm::SmallSeqConfig<8, 128, 256, false, (transformer_engine::fused_attn_rocm::CausalMaskType)0>, 16>(__half const*, __half const*, __half*, int const*, int const*, int, int) [clone .kd]",2,8,3373,1279882,1279882,8000,64,0,0,104,0,64,64,"0x0","0x7ed33c150440",4181362095256529,4181362095327745,4181362095681030,4181362095685677,353285
3074,"void transformer_engine::fused_attn_rocm::softmax_backward_kernel<__half, transformer_engine::fused_attn_rocm::SmallSeqConfig<8, 128, 256, false, (transformer_engine::fused_attn_rocm::CausalMaskType)0> >(__half const*, __half const*, __half*, float, int const*, int, int) [clone .kd]",2,8,3374,1279882,1279882,512000,256,1024,0,12,4,16,64,"0x0","0x7ed33c150480",4181362095264100,4181362095681030,4181362095686959,4181362095693970,5929
3075,"void transformer_engine::fused_attn_rocm::compute_grad_qk_kernel<__half, transformer_engine::fused_attn_rocm::SmallSeqConfig<8, 128, 256, false, (transformer_engine::fused_attn_rocm::CausalMaskType)0>, 4, 16>(__half const*, __half const*, __half const*, __half*, __half*, float, int const*, int const*, int, int) [clone .kd]",2,8,3375,1279882,1279882,1024000,64,16384,0,36,4,64,64,"0x0","0x7ed33c1504c0",4181362095274596,4181362095686959,4181362095874118,4181362095876611,187159
3076,"input_reduce_fusion.kd",2,8,3376,1279882,1279882,524288,256,512,0,16,0,16,64,"0x0","0x7ed35b989dc0",4181362095283279,4181362095874118,4181362095883371,4181362095882690,9253
3077,"input_reduce_fusion_3.kd",2,8,3377,1279882,1279882,128,128,512,0,24,0,16,64,"0x0","0x7ed35b989e00",4181362095290289,4181362095883371,4181362095888860,4181362095890833,5489
3078,"loop_convert_fusion.kd",2,8,3378,1279882,1279882,1,1,0,0,4,4,16,64,"0x0","0x7ed35b989e40",4181362095297119,4181362095888860,4181362095893026,4181362095895329,4166
3079,"input_reduce_reduce_window_fusion_3.kd",2,8,3381,1279882,1279882,8192,256,0,0,28,4,48,64,"0x0","0x7ed35b989300",4181362095421264,4181362095905765,4181362095917502,4181362095919926,11737
3080,"loop_reduce_window_fusion_11.kd",2,8,3382,1279882,1279882,2048,256,0,0,8,0,16,64,"0x0","0x7ed35b989340",4181362095431650,4181362095917502,4181362095922590,4181362095924663,5088
3081,"loop_slice_fusion_5.kd",2,8,3383,1279882,1279882,8,8,0,0,20,4,16,64,"0x0","0x7ed35b989380",4181362095439061,4181362095922590,4181362095929921,4181362095929370,7331
3082,"loop_broadcast_fusion_2.kd",2,8,3384,1279882,1279882,32000,256,0,0,4,4,16,64,"0x0","0x7ed35b9893c0",4181362095446412,4181362095929921,4181362095935209,4181362095941708,5288
3083,"input_scatter_fusion_2.kd",2,8,3385,1279882,1279882,32000,256,0,0,12,4,32,64,"0x0","0x7ed35b989400",4181362095454554,4181362095935209,4181362095944542,4181362095946575,9333
3084,"loop_reduce_window_fusion_10.kd",2,8,3386,1279882,1279882,32000,256,0,0,8,0,16,64,"0x0","0x7ed35b989440",4181362095461985,4181362095944542,4181362095950391,4181362095951423,5849
3085,"loop_reduce_window_fusion_11.kd",2,8,3387,1279882,1279882,2048,256,0,0,8,0,16,64,"0x0","0x7ed35b989340",4181362095470127,4181362095950391,4181362095955118,4181362095955819,4727
3086,"loop_slice_fusion_5.kd",2,8,3388,1279882,1279882,8,8,0,0,20,4,16,64,"0x0","0x7ed35b989380",4181362095476677,4181362095955118,4181362095959805,4181362095961938,4687
3087,"loop_slice_fusion_1.kd",2,8,3389,1279882,1279882,125,125,0,0,8,0,16,64,"0x0","0x7ed35b989480",4181362095484278,4181362095959805,4181362095964452,4181362095966465,4647
3088,"input_reduce_fusion_1.kd",2,8,3390,1279882,1279882,64,64,0,0,8,0,16,64,"0x0","0x7ed35b9894c0",4181362095492811,4181362095964452,4181362095969179,4181362095971172,4727
3089,"loop_select_fusion_5.kd",2,8,3391,1279882,1279882,32000,256,0,0,8,0,32,64,"0x0","0x7ed35b989500",4181362095500632,4181362095969179,4181362095974106,4181362095975929,4927
3090,"loop_select_fusion_2.kd",2,8,3392,1279882,1279882,32000,256,0,0,4,4,16,64,"0x0","0x7ed35b989540",4181362095507502,4181362095974106,4181362095978833,4181362095981567,4727
3091,"loop_reduce_window_fusion_10.kd",2,8,3393,1279882,1279882,32000,256,0,0,8,0,16,64,"0x0","0x7ed35b989440",4181362095514222,4181362095978833,4181362095983600,4181362095986705,4767
3092,"loop_reduce_window_fusion_11.kd",2,8,3394,1279882,1279882,2048,256,0,0,8,0,16,64,"0x0","0x7ed35b989340",4181362095520562,4181362095983600,4181362095988568,4181362095991042,4968
3093,"loop_slice_fusion_5.kd",2,8,3395,1279882,1279882,8,8,0,0,20,4,16,64,"0x0","0x7ed35b989380",4181362095527252,4181362095988568,4181362095993215,4181362095995779,4647
3094,"input_concatenate_fusion.kd",2,8,3396,1279882,1279882,32000,256,0,0,12,4,32,64,"0x0","0x7ed35b989580",4181362095533791,4181362095993215,4181362095998382,4181362096000516,5167
3095,"loop_compare_fusion.kd",2,8,3397,1279882,1279882,36096,256,0,0,4,4,16,64,"0x0","0x7ed35b9895c0",4181362095541152,4181362095998382,4181362096003350,4181362096005223,4968
3096,"input_reduce_reduce_window_fusion.kd",2,8,3398,1279882,1279882,11520,256,0,0,24,0,48,64,"0x0","0x7ed35b989600",4181362095549415,4181362096003350,4181362096011963,4181362096013225,8613
3097,"loop_reduce_window_fusion_2.kd",2,8,3399,1279882,1279882,2304,256,0,0,8,0,16,64,"0x0","0x7ed35b989640",4181362095556035,4181362096011963,4181362096016850,4181362096017741,4887
3098,"loop_slice_fusion_8.kd",2,8,3400,1279882,1279882,9,9,0,0,20,4,16,64,"0x0","0x7ed35b989680",4181362095562985,4181362096016850,4181362096021457,4181362096023860,4607
3099,"loop_broadcast_fusion.kd",2,8,3401,1279882,1279882,36096,256,0,0,4,4,16,64,"0x0","0x7ed35b9896c0",4181362095569905,4181362096021457,4181362096026384,4181362096028698,4927
3100,"input_scatter_fusion.kd",2,8,3402,1279882,1279882,36096,256,0,0,12,4,32,64,"0x0","0x7ed35b989700",4181362095578338,4181362096026384,4181362096033314,4181362096032994,6930
3101,"loop_reduce_window_fusion_1.kd",2,8,3403,1279882,1279882,36096,256,0,0,8,0,16,64,"0x0","0x7ed35b989740",4181362095585388,4181362096033314,4181362096038122,4181362096039804,4808
3102,"loop_reduce_window_fusion_2.kd",2,8,3404,1279882,1279882,2304,256,0,0,8,0,16,64,"0x0","0x7ed35b989640",4181362095592719,4181362096038122,4181362096043129,4181362096044521,5007
3103,"loop_slice_fusion_8.kd",2,8,3405,1279882,1279882,9,9,0,0,20,4,16,64,"0x0","0x7ed35b989680",4181362095599629,4181362096043129,4181362096047856,4181362096049038,4727
3104,"loop_slice_fusion.kd",2,8,3406,1279882,1279882,141,141,0,0,8,0,16,64,"0x0","0x7ed35b989780",4181362095606810,4181362096047856,4181362096052543,4181362096055918,4687
3105,"input_reduce_fusion_2.kd",2,8,3407,1279882,1279882,64,64,0,0,8,0,16,64,"0x0","0x7ed35b9897c0",4181362095613851,4181362096052543,4181362096057230,4181362096067886,4687
3106,"loop_select_fusion_4.kd",2,8,3408,1279882,1279882,36096,256,0,0,8,0,32,64,"0x0","0x7ed35b989800",4181362095621562,4181362096057230,4181362096062077,4181362096063279,4847
3107,"loop_select_fusion.kd",2,8,3409,1279882,1279882,36096,256,0,0,8,0,16,64,"0x0","0x7ed35b989840",4181362095628132,4181362096062077,4181362096067005,4181362096079794,4928
3108,"loop_compare_fusion_2.kd",2,8,3410,1279882,1279882,4096,256,0,0,4,4,16,64,"0x0","0x7ed35b989880",4181362095635663,4181362096067005,4181362096071772,4181362096074976,4767
3109,"input_reduce_reduce_window_fusion_2.kd",2,8,3411,1279882,1279882,256,256,512,0,20,4,32,64,"0x0","0x7ed35b9898c0",4181362095642333,4181362096071772,4181362096088076,4181362096103549,16304
3110,"loop_slice_fusion_3.kd",2,8,3412,1279882,1279882,16,16,0,0,20,4,16,64,"0x0","0x7ed35b989900",4181362095650415,4181362096088076,4181362096092723,4181362096109498,4647
3111,"loop_broadcast_fusion_3.kd",2,8,3413,1279882,1279882,4096,256,0,0,4,4,16,64,"0x0","0x7ed35b989940",4181362095657576,4181362096092723,4181362096097490,4181362096098772,4767
3112,"input_scatter_fusion_3.kd",2,8,3414,1279882,1279882,4096,256,0,0,8,0,32,64,"0x0","0x7ed35b989980",4181362095664606,4181362096097490,4181362096103339,4181362096147845,5849
3113,"loop_reduce_window_fusion_13.kd",2,8,3415,1279882,1279882,4096,256,0,0,8,0,16,64,"0x0","0x7ed35b9899c0",4181362095672538,4181362096103339,4181362096108106,4181362096138821,4767
3114,"loop_slice_fusion_3.kd",2,8,3416,1279882,1279882,16,16,0,0,20,4,16,64,"0x0","0x7ed35b989900",4181362095679078,4181362096108106,4181362096112833,4181362096114004,4727
3115,"loop_remainder_fusion.kd",2,8,3417,1279882,1279882,4096,256,0,0,12,4,16,64,"0x0","0x7ed35b989a00",4181362095685788,4181362096112833,4181362096118080,4181362096118812,5247
3116,"loop_select_fusion_3.kd",2,8,3418,1279882,1279882,4096,256,0,0,8,0,32,64,"0x0","0x7ed35b989a40",4181362095710945,4181362096118080,4181362096122888,4181362096123228,4808
3117,"loop_reduce_window_fusion_13.kd",2,8,3419,1279882,1279882,4096,256,0,0,8,0,16,64,"0x0","0x7ed35b9899c0",4181362095718196,4181362096122888,4181362096127735,4181362096127655,4847
3118,"loop_slice_fusion_3.kd",2,8,3420,1279882,1279882,16,16,0,0,20,4,16,64,"0x0","0x7ed35b989900",4181362095724345,4181362096127735,4181362096132462,4181362096131861,4727
3119,"input_concatenate_fusion_1.kd",2,8,3421,1279882,1279882,4096,256,0,0,8,0,32,64,"0x0","0x7ed35b989a80",4181362095730955,4181362096132462,4181362096138110,4181362096152141,5648
3120,"loop_compare_fusion_1.kd",2,8,3422,1279882,1279882,8192,256,0,0,4,4,16,64,"0x0","0x7ed35b989ac0",4181362095738466,4181362096138110,4181362096143038,4181362096143298,4928
3121,"input_reduce_reduce_window_fusion_1.kd",2,8,3423,1279882,1279882,512,512,512,0,20,4,48,64,"0x0","0x7ed35b989b00",4181362095745096,4181362096143038,4181362096160944,4181362096169827,17906
3122,"loop_reduce_window_fusion_6.kd",2,8,3424,1279882,1279882,32,32,0,0,32,0,16,64,"0x0","0x7ed35b989b40",4181362095752957,4181362096160944,4181362096172802,4181362096174384,11858
3123,"loop_broadcast_fusion_1.kd",2,8,3425,1279882,1279882,8192,256,0,0,4,4,16,64,"0x0","0x7ed35b989b80",4181362095760098,4181362096172802,4181362096177809,4181362096180433,5007
3124,"input_scatter_fusion_1.kd",2,8,3426,1279882,1279882,8192,256,0,0,8,0,32,64,"0x0","0x7ed35b989bc0",4181362095767990,4181362096177809,4181362096183618,4181362096187354,5809
3125,"loop_reduce_window_fusion_5.kd",2,8,3427,1279882,1279882,8192,256,0,0,8,0,16,64,"0x0","0x7ed35b989c00",4181362095776052,4181362096183618,4181362096188665,4181362096191520,5047
3126,"loop_reduce_window_fusion_4.kd",2,8,3428,1279882,1279882,512,256,0,0,8,0,16,64,"0x0","0x7ed35b989c40",4181362095782832,4181362096188665,4181362096193633,4181362096196056,4968
3127,"loop_reduce_window_fusion_3.kd",2,8,3429,1279882,1279882,32,32,0,0,8,0,16,64,"0x0","0x7ed35b989c80",4181362095790523,4181362096193633,4181362096198440,4181362096202726,4807
3128,"loop_select_fusion_6.kd",2,8,3430,1279882,1279882,8192,256,0,0,8,0,32,64,"0x0","0x7ed35b989cc0",4181362095798185,4181362096198440,4181362096203367,4181362096213162,4927
3129,"loop_select_fusion_1.kd",2,8,3431,1279882,1279882,8192,256,0,0,8,0,16,64,"0x0","0x7ed35b989d00",4181362095804674,4181362096203367,4181362096208255,4181362096219802,4888
3130,"loop_broadcast_fusion_4.kd",2,8,3432,1279882,1279882,16,16,0,0,4,4,16,64,"0x0","0x7ed35b989d40",4181362095811254,4181362096208255,4181362096213262,4181362096223928,5007
3131,"__amd_rocclr_fillBufferAligned.kd",2,8,3433,1279882,1279882,77824,256,0,0,12,4,48,64,"0x0","0x7ed361483580",4181362095822281,4181362096213262,4181362096226802,4181362096230307,13540
3132,"__amd_rocclr_fillBufferAligned.kd",2,8,3434,1279882,1279882,16128,256,0,0,12,4,48,64,"0x0","0x7ed361483580",4181362095828570,4181362096226802,4181362096231930,4181362096234954,5128
3133,"transformer_engine::fused_attn_rocm::populate_rng_state_kernel(long*, long const*, long) [clone .kd]",2,8,3435,1279882,1279882,1,1,0,0,8,0,16,64,"0x0","0x7ed35b9ad380",4181362095837954,4181362096231930,4181362096236857,4181362096239241,4927
3134,"__amd_rocclr_fillBufferAligned.kd",2,8,3436,1279882,1279882,256,256,0,0,12,4,48,64,"0x0","0x7ed361483580",4181362095847077,4181362096236857,4181362096241624,4181362096246261,4767
3135,"ck_fused_attn::get_runtime_max_seqlen_kernel(unsigned long, int const*, int const*, unsigned long*) [clone .kd]",2,8,3437,1279882,1279882,4096,128,0,0,4,4,32,64,"0x0","0x7ed35b978940",4181362095852926,4181362096241624,4181362096247473,4181362096250768,5849
3136,"__amd_rocclr_copyBuffer.kd",2,8,3438,1279882,1279882,512,512,0,0,16,0,32,64,"0x7f13dfde8b80","0x7ed361483600",4181362095860988,4181362096247473,4181362096253041,4181362096258620,5568
3137,"__amd_rocclr_fillBufferAligned.kd",2,8,3440,1279882,1279882,256,256,0,0,12,4,48,64,"0x0","0x7ed361483580",4181362096299570,4181362096310727,4181362096312650,4181362096338318,1923
3138,"ck_fused_attn::get_runtime_max_seqlen_kernel(unsigned long, int const*, int const*, unsigned long*) [clone .kd]",2,8,3441,1279882,1279882,4096,128,0,0,4,4,32,64,"0x0","0x7ed35b978940",4181362096310827,4181362096319180,4181362096327352,4181362096348163,8172
3139,"__amd_rocclr_copyBuffer.kd",2,8,3442,1279882,1279882,512,512,0,0,16,0,32,64,"0x7f13dfc72100","0x7ed361483600",4181362096318328,4181362096327352,4181362096333641,4181362096343275,6289
3140,"void transformer_engine::fused_attn_rocm::compute_scores_kernel<__half, transformer_engine::fused_attn_rocm::SmallSeqConfig<8, 128, 256, false, (transformer_engine::fused_attn_rocm::CausalMaskType)0>, 1>(__half const*, __half const*, __half*, float, int const*, int const*, int, int) [clone .kd]",2,8,3444,1279882,1279882,64000,64,0,0,100,4,48,64,"0x0","0x7ed33c14ec00",4181362096359099,4181362096369414,4181362096415923,4181362096421332,46509
3141,"void transformer_engine::fused_attn_rocm::apply_mask_and_softmax_kernel<__half, transformer_engine::fused_attn_rocm::SmallSeqConfig<8, 128, 256, false, (transformer_engine::fused_attn_rocm::CausalMaskType)0> >(__half*, __half const*, float, int const*, int, int) [clone .kd]",2,8,3445,1279882,1279882,512000,256,1024,0,16,0,16,64,"0x0","0x7ed33c14ec40",4181362096367001,4181362096415923,4181362096421291,4181362096428082,5368
3142,"void transformer_engine::fused_attn_rocm::compute_output_kernel<__half, transformer_engine::fused_attn_rocm::SmallSeqConfig<8, 128, 256, false, (transformer_engine::fused_attn_rocm::CausalMaskType)0>, 2, 8>(__half const*, __half const*, __half*, int const*, int const*, int, int) [clone .kd]",2,8,3446,1279882,1279882,512000,64,16384,0,20,4,32,64,"0x0","0x7ed33c14ec80",4181362096374171,4181362096421291,4181362096474931,4181362096482162,53640
3143,"loop_broadcast_fusion_5.kd",2,8,3447,1279882,1279882,2048000,256,0,0,4,4,16,64,"0x0","0x7ed35b989d80",4181362096391798,4181362096474931,4181362096482983,4181362096495111,8052
3144,"__amd_rocclr_fillBufferAligned.kd",2,8,3448,1279882,1279882,77824,256,0,0,12,4,48,64,"0x0","0x7ed361483580",4181362096405238,4181362096482983,4181362096489954,4181362096490655,6971
3145,"__amd_rocclr_fillBufferAligned.kd",2,8,3449,1279882,1279882,77824,256,0,0,12,4,48,64,"0x0","0x7ed361483580",4181362096412038,4181362096489954,4181362096512547,4181362096512798,22593
3146,"__amd_rocclr_fillBufferAligned.kd",2,8,3450,1279882,1279882,77824,256,0,0,12,4,48,64,"0x0","0x7ed361483580",4181362096418607,4181362096512547,4181362096534981,4181362096536713,22434
3147,"__amd_rocclr_fillBufferAligned.kd",2,8,3451,1279882,1279882,256,256,0,0,12,4,48,64,"0x0","0x7ed361483580",4181362096427140,4181362096534981,4181362096539668,4181362096543303,4687
3148,"ck_fused_attn::get_runtime_max_seqlen_kernel(unsigned long, int const*, int const*, unsigned long*) [clone .kd]",2,8,3452,1279882,1279882,4096,128,0,0,4,4,32,64,"0x0","0x7ed35b978940",4181362096442663,4181362096539668,4181362096545757,4181362096550464,6089
3149,"__amd_rocclr_copyBuffer.kd",2,8,3453,1279882,1279882,512,512,0,0,16,0,32,64,"0x7f13dfde9800","0x7ed361483600",4181362096450194,4181362096545757,4181362096551165,4181362096555080,5408
3150,"__amd_rocclr_fillBufferAligned.kd",2,8,3455,1279882,1279882,256,256,0,0,12,4,48,64,"0x0","0x7ed361483580",4181362096573959,4181362096586657,4181362096588660,4181362096589462,2003
3151,"ck_fused_attn::get_runtime_max_seqlen_kernel(unsigned long, int const*, int const*, unsigned long*) [clone .kd]",2,8,3456,1279882,1279882,4096,128,0,0,4,4,32,64,"0x0","0x7ed35b978940",4181362096585566,4181362096594629,4181362096600758,4181362096601159,6129
3152,"__amd_rocclr_copyBuffer.kd",2,8,3457,1279882,1279882,512,512,0,0,16,0,32,64,"0x7f13dfde9780","0x7ed361483600",4181362096592716,4181362096616862,4181362096623512,4181362096628139,6650
3153,"void transformer_engine::fused_attn_rocm::compute_grad_v_kernel<__half, transformer_engine::fused_attn_rocm::SmallSeqConfig<8, 128, 256, false, (transformer_engine::fused_attn_rocm::CausalMaskType)0>, 16, 16>(__half const*, __half const*, __half*, int const*, int const*, int, int) [clone .kd]",2,8,3459,1279882,1279882,256000,64,16384,0,28,4,32,64,"0x0","0x7ed33c150400",4181362096643252,4181362096654919,4181362096720857,4181362096721268,65938
3154,"void transformer_engine::fused_attn_rocm::compute_grad_attn_kernel<__half, transformer_engine::fused_attn_rocm::SmallSeqConfig<8, 128, 256, false, (transformer_engine::fused_attn_rocm::CausalMaskType)0>, 16>(__half const*, __half const*, __half*, int const*, int const*, int, int) [clone .kd]",2,8,3460,1279882,1279882,8000,64,0,0,104,0,64,64,"0x0","0x7ed33c150440",4181362096653327,4181362096720857,4181362097069896,4181362097077067,349039
3155,"void transformer_engine::fused_attn_rocm::softmax_backward_kernel<__half, transformer_engine::fused_attn_rocm::SmallSeqConfig<8, 128, 256, false, (transformer_engine::fused_attn_rocm::CausalMaskType)0> >(__half const*, __half const*, __half*, float, int const*, int, int) [clone .kd]",2,8,3461,1279882,1279882,512000,256,1024,0,12,4,16,64,"0x0","0x7ed33c150480",4181362096660467,4181362097069896,4181362097075745,4181362097087012,5849
3156,"void transformer_engine::fused_attn_rocm::compute_grad_qk_kernel<__half, transformer_engine::fused_attn_rocm::SmallSeqConfig<8, 128, 256, false, (transformer_engine::fused_attn_rocm::CausalMaskType)0>, 4, 16>(__half const*, __half const*, __half const*, __half*, __half*, float, int const*, int const*, int, int) [clone .kd]",2,8,3462,1279882,1279882,1024000,64,16384,0,36,4,64,64,"0x0","0x7ed33c1504c0",4181362096671303,4181362097075745,4181362097269593,4181362097286378,193848
3157,"input_reduce_fusion.kd",2,8,3463,1279882,1279882,524288,256,512,0,16,0,16,64,"0x0","0x7ed35b989dc0",4181362096680697,4181362097269593,4181362097279528,4181362097293078,9935
3158,"input_reduce_fusion_3.kd",2,8,3464,1279882,1279882,128,128,512,0,24,0,16,64,"0x0","0x7ed35b989e00",4181362096687698,4181362097279528,4181362097285417,4181362097297845,5889
3159,"loop_convert_fusion.kd",2,8,3465,1279882,1279882,1,1,0,0,4,4,16,64,"0x0","0x7ed35b989e40",4181362096694087,4181362097285417,4181362097289823,4181362097302792,4406
3160,"input_reduce_reduce_window_fusion_3.kd",2,8,3468,1279882,1279882,8192,256,0,0,28,4,48,64,"0x0","0x7ed35b989300",4181362096823249,4181362097301761,4181362097313058,4181362097314590,11297
3161,"loop_reduce_window_fusion_11.kd",2,8,3469,1279882,1279882,2048,256,0,0,8,0,16,64,"0x0","0x7ed35b989340",4181362096832213,4181362097313058,4181362097321590,4181362097326668,8532
3162,"loop_slice_fusion_5.kd",2,8,3470,1279882,1279882,8,8,0,0,20,4,16,64,"0x0","0x7ed35b989380",4181362096839904,4181362097321590,4181362097328280,4181362097331675,6690
3163,"loop_broadcast_fusion_2.kd",2,8,3471,1279882,1279882,32000,256,0,0,4,4,16,64,"0x0","0x7ed35b9893c0",4181362096846844,4181362097328280,4181362097333448,4181362097336593,5168
3164,"input_scatter_fusion_2.kd",2,8,3472,1279882,1279882,32000,256,0,0,12,4,32,64,"0x0","0x7ed35b989400",4181362096854866,4181362097333448,4181362097340458,4181362097341400,7010
3165,"loop_reduce_window_fusion_10.kd",2,8,3473,1279882,1279882,32000,256,0,0,8,0,16,64,"0x0","0x7ed35b989440",4181362096861666,4181362097340458,4181362097345346,4181362097346007,4888
3166,"loop_reduce_window_fusion_11.kd",2,8,3474,1279882,1279882,2048,256,0,0,8,0,16,64,"0x0","0x7ed35b989340",4181362096869879,4181362097345346,4181362097350313,4181362097352597,4967
3167,"loop_slice_fusion_5.kd",2,8,3475,1279882,1279882,8,8,0,0,20,4,16,64,"0x0","0x7ed35b989380",4181362096876308,4181362097350313,4181362097355000,4181362097357243,4687
3168,"loop_slice_fusion_1.kd",2,8,3476,1279882,1279882,125,125,0,0,8,0,16,64,"0x0","0x7ed35b989480",4181362096883399,4181362097355000,4181362097359647,4181362097361590,4647
3169,"input_reduce_fusion_1.kd",2,8,3477,1279882,1279882,64,64,0,0,8,0,16,64,"0x0","0x7ed35b9894c0",4181362096890179,4181362097359647,4181362097364334,4181362097366968,4687
3170,"loop_select_fusion_5.kd",2,8,3478,1279882,1279882,32000,256,0,0,8,0,32,64,"0x0","0x7ed35b989500",4181362096898732,4181362097364334,4181362097369301,4181362097371585,4967
3171,"loop_select_fusion_2.kd",2,8,3479,1279882,1279882,32000,256,0,0,4,4,16,64,"0x0","0x7ed35b989540",4181362096905942,4181362097369301,4181362097374109,4181362097375841,4808
3172,"loop_reduce_window_fusion_10.kd",2,8,3480,1279882,1279882,32000,256,0,0,8,0,16,64,"0x0","0x7ed35b989440",4181362096913043,4181362097374109,4181362097378836,4181362097380378,4727
3173,"loop_reduce_window_fusion_11.kd",2,8,3481,1279882,1279882,2048,256,0,0,8,0,16,64,"0x0","0x7ed35b989340",4181362096919663,4181362097378836,4181362097383723,4181362097384985,4887
3174,"loop_slice_fusion_5.kd",2,8,3482,1279882,1279882,8,8,0,0,20,4,16,64,"0x0","0x7ed35b989380",4181362096926833,4181362097383723,4181362097388450,4181362097389411,4727
3175,"input_concatenate_fusion.kd",2,8,3483,1279882,1279882,32000,256,0,0,12,4,32,64,"0x0","0x7ed35b989580",4181362096933603,4181362097388450,4181362097394178,4181362097393638,5728
3176,"loop_compare_fusion.kd",2,8,3484,1279882,1279882,36096,256,0,0,4,4,16,64,"0x0","0x7ed35b9895c0",4181362096941435,4181362097394178,4181362097399146,4181362097401710,4968
3177,"input_reduce_reduce_window_fusion.kd",2,8,3485,1279882,1279882,11520,256,0,0,24,0,48,64,"0x0","0x7ed35b989600",4181362096948455,4181362097399146,4181362097407318,4181362097406767,8172
3178,"loop_reduce_window_fusion_2.kd",2,8,3486,1279882,1279882,2304,256,0,0,8,0,16,64,"0x0","0x7ed35b989640",4181362096955927,4181362097407318,4181362097412325,4181362097414008,5007
3179,"loop_slice_fusion_8.kd",2,8,3487,1279882,1279882,9,9,0,0,20,4,16,64,"0x0","0x7ed35b989680",4181362096962757,4181362097412325,4181362097417012,4181362097420007,4687
3180,"loop_broadcast_fusion.kd",2,8,3488,1279882,1279882,36096,256,0,0,4,4,16,64,"0x0","0x7ed35b9896c0",4181362096970899,4181362097417012,4181362097421940,4181362097424514,4928
3181,"input_scatter_fusion.kd",2,8,3489,1279882,1279882,36096,256,0,0,12,4,32,64,"0x0","0x7ed35b989700",4181362096978120,4181362097421940,4181362097429030,4181362097428459,7090
3182,"loop_reduce_window_fusion_1.kd",2,8,3490,1279882,1279882,36096,256,0,0,8,0,16,64,"0x0","0x7ed35b989740",4181362096985340,4181362097429030,4181362097433797,4181362097435360,4767
3183,"loop_reduce_window_fusion_2.kd",2,8,3491,1279882,1279882,2304,256,0,0,8,0,16,64,"0x0","0x7ed35b989640",4181362096992171,4181362097433797,4181362097438765,4181362097439636,4968
3184,"loop_slice_fusion_8.kd",2,8,3492,1279882,1279882,9,9,0,0,20,4,16,64,"0x0","0x7ed35b989680",4181362096998981,4181362097438765,4181362097443492,4181362097444113,4727
3185,"loop_slice_fusion.kd",2,8,3493,1279882,1279882,141,141,0,0,8,0,16,64,"0x0","0x7ed35b989780",4181362097006412,4181362097443492,4181362097448139,4181362097450923,4647
3186,"input_reduce_fusion_2.kd",2,8,3494,1279882,1279882,64,64,0,0,8,0,16,64,"0x0","0x7ed35b9897c0",4181362097013352,4181362097448139,4181362097452826,4181362097463251,4687
3187,"loop_select_fusion_4.kd",2,8,3495,1279882,1279882,36096,256,0,0,8,0,32,64,"0x0","0x7ed35b989800",4181362097020663,4181362097452826,4181362097457793,4181362097458815,4967
3188,"loop_select_fusion.kd",2,8,3496,1279882,1279882,36096,256,0,0,8,0,16,64,"0x0","0x7ed35b989840",4181362097028244,4181362097457793,4181362097462760,4181362097475369,4967
3189,"loop_compare_fusion_2.kd",2,8,3497,1279882,1279882,4096,256,0,0,4,4,16,64,"0x0","0x7ed35b989880",4181362097034634,4181362097462760,4181362097467648,4181362097470432,4888
3190,"input_reduce_reduce_window_fusion_2.kd",2,8,3498,1279882,1279882,256,256,512,0,20,4,32,64,"0x0","0x7ed35b9898c0",4181362097042325,4181362097467648,4181362097484633,4181362097500907,16985
3191,"loop_slice_fusion_3.kd",2,8,3499,1279882,1279882,16,16,0,0,20,4,16,64,"0x0","0x7ed35b989900",4181362097049105,4181362097484633,4181362097489280,4181362097528188,4647
3192,"loop_broadcast_fusion_3.kd",2,8,3500,1279882,1279882,4096,256,0,0,4,4,16,64,"0x0","0x7ed35b989940",4181362097056506,4181362097489280,4181362097494167,4181362097493947,4887
3193,"input_scatter_fusion_3.kd",2,8,3501,1279882,1279882,4096,256,0,0,8,0,32,64,"0x0","0x7ed35b989980",4181362097063867,4181362097494167,4181362097500016,4181362097505945,5849
3194,"loop_reduce_window_fusion_13.kd",2,8,3502,1279882,1279882,4096,256,0,0,8,0,16,64,"0x0","0x7ed35b9899c0",4181362097070918,4181362097500016,4181362097504783,4181362097510511,4767
3195,"loop_slice_fusion_3.kd",2,8,3503,1279882,1279882,16,16,0,0,20,4,16,64,"0x0","0x7ed35b989900",4181362097077578,4181362097504783,4181362097509470,4181362097535108,4687
3196,"loop_remainder_fusion.kd",2,8,3504,1279882,1279882,4096,256,0,0,12,4,16,64,"0x0","0x7ed35b989a00",4181362097102124,4181362097509470,4181362097514798,4181362097515068,5328
3197,"loop_select_fusion_3.kd",2,8,3505,1279882,1279882,4096,256,0,0,8,0,32,64,"0x0","0x7ed35b989a40",4181362097110396,4181362097514798,4181362097519605,4181362097519174,4807
3198,"loop_reduce_window_fusion_13.kd",2,8,3506,1279882,1279882,4096,256,0,0,8,0,16,64,"0x0","0x7ed35b9899c0",4181362097117407,4181362097519605,4181362097524332,4181362097523791,4727
3199,"loop_slice_fusion_3.kd",2,8,3507,1279882,1279882,16,16,0,0,20,4,16,64,"0x0","0x7ed35b989900",4181362097124487,4181362097524332,4181362097529019,4181362097544252,4687
3200,"input_concatenate_fusion_1.kd",2,8,3508,1279882,1279882,4096,256,0,0,8,0,32,64,"0x0","0x7ed35b989a80",4181362097131518,4181362097529019,4181362097534307,4181362097548518,5288
3201,"loop_compare_fusion_1.kd",2,8,3509,1279882,1279882,8192,256,0,0,4,4,16,64,"0x0","0x7ed35b989ac0",4181362097138478,4181362097534307,4181362097539154,4181362097539835,4847
3202,"input_reduce_reduce_window_fusion_1.kd",2,8,3510,1279882,1279882,512,512,512,0,20,4,48,64,"0x0","0x7ed35b989b00",4181362097146160,4181362097539154,4181362097556540,4181362097567737,17386
3203,"loop_reduce_window_fusion_6.kd",2,8,3511,1279882,1279882,32,32,0,0,32,0,16,64,"0x0","0x7ed35b989b40",4181362097152669,4181362097556540,4181362097567356,4181362097571943,10816
3204,"loop_broadcast_fusion_1.kd",2,8,3512,1279882,1279882,8192,256,0,0,4,4,16,64,"0x0","0x7ed35b989b80",4181362097159800,4181362097567356,4181362097572283,4181362097578402,4927
3205,"input_scatter_fusion_1.kd",2,8,3513,1279882,1279882,8192,256,0,0,8,0,32,64,"0x0","0x7ed35b989bc0",4181362097166740,4181362097572283,4181362097577411,4181362097585012,5128
3206,"loop_reduce_window_fusion_5.kd",2,8,3514,1279882,1279882,8192,256,0,0,8,0,16,64,"0x0","0x7ed35b989c00",4181362097173891,4181362097577411,4181362097582498,4181362097589459,5087
3207,"loop_reduce_window_fusion_4.kd",2,8,3515,1279882,1279882,512,256,0,0,8,0,16,64,"0x0","0x7ed35b989c40",4181362097180441,4181362097582498,4181362097587386,4181362097593946,4888
3208,"loop_reduce_window_fusion_3.kd",2,8,3516,1279882,1279882,32,32,0,0,8,0,16,64,"0x0","0x7ed35b989c80",4181362097188292,4181362097587386,4181362097592193,4181362097600145,4807
3209,"loop_select_fusion_6.kd",2,8,3517,1279882,1279882,8192,256,0,0,8,0,32,64,"0x0","0x7ed35b989cc0",4181362097195162,4181362097592193,4181362097597080,4181362097604702,4887
3210,"loop_select_fusion_1.kd",2,8,3518,1279882,1279882,8192,256,0,0,8,0,16,64,"0x0","0x7ed35b989d00",4181362097203605,4181362097597080,4181362097601967,4181362097613414,4887
3211,"loop_broadcast_fusion_4.kd",2,8,3519,1279882,1279882,16,16,0,0,4,4,16,64,"0x0","0x7ed35b989d40",4181362097211016,4181362097601967,4181362097606855,4181362097609318,4888
3212,"__amd_rocclr_fillBufferAligned.kd",2,8,3520,1279882,1279882,77824,256,0,0,12,4,48,64,"0x0","0x7ed361483580",4181362097222633,4181362097606855,4181362097620715,4181362097629018,13860
3213,"__amd_rocclr_fillBufferAligned.kd",2,8,3521,1279882,1279882,16128,256,0,0,12,4,48,64,"0x0","0x7ed361483580",4181362097228873,4181362097620715,4181362097625763,4181362097633745,5048
3214,"transformer_engine::fused_attn_rocm::populate_rng_state_kernel(long*, long const*, long) [clone .kd]",2,8,3522,1279882,1279882,1,1,0,0,8,0,16,64,"0x0","0x7ed35b9ad380",4181362097236614,4181362097625763,4181362097630690,4181362097638362,4927
3215,"__amd_rocclr_fillBufferAligned.kd",2,8,3523,1279882,1279882,256,256,0,0,12,4,48,64,"0x0","0x7ed361483580",4181362097246008,4181362097630690,4181362097635457,4181362097645112,4767
3216,"ck_fused_attn::get_runtime_max_seqlen_kernel(unsigned long, int const*, int const*, unsigned long*) [clone .kd]",2,8,3524,1279882,1279882,4096,128,0,0,4,4,32,64,"0x0","0x7ed35b978940",4181362097252448,4181362097635457,4181362097641266,4181362097655687,5809
3217,"__amd_rocclr_copyBuffer.kd",2,8,3525,1279882,1279882,512,512,0,0,16,0,32,64,"0x7f13dfc71880","0x7ed361483600",4181362097260149,4181362097641266,4181362097646714,4181362097650830,5448
3218,"__amd_rocclr_fillBufferAligned.kd",2,8,3527,1279882,1279882,256,256,0,0,12,4,48,64,"0x0","0x7ed361483580",4181362097689468,4181362097699713,4181362097701836,4181362097723218,2123
3219,"ck_fused_attn::get_runtime_max_seqlen_kernel(unsigned long, int const*, int const*, unsigned long*) [clone .kd]",2,8,3528,1279882,1279882,4096,128,0,0,4,4,32,64,"0x0","0x7ed35b978940",4181362097699102,4181362097708005,4181362097716257,4181362097733042,8252
3220,"__amd_rocclr_copyBuffer.kd",2,8,3529,1279882,1279882,512,512,0,0,16,0,32,64,"0x7f13dfc71a00","0x7ed361483600",4181362097706954,4181362097716257,4181362097722226,4181362097728235,5969
3221,"void transformer_engine::fused_attn_rocm::compute_scores_kernel<__half, transformer_engine::fused_attn_rocm::SmallSeqConfig<8, 128, 256, false, (transformer_engine::fused_attn_rocm::CausalMaskType)0>, 1>(__half const*, __half const*, __half*, float, int const*, int const*, int, int) [clone .kd]",2,8,3531,1279882,1279882,64000,64,0,0,100,4,48,64,"0x0","0x7ed33c14ec00",4181362097744529,4181362097754274,4181362097797458,4181362097799401,43184
3222,"void transformer_engine::fused_attn_rocm::apply_mask_and_softmax_kernel<__half, transformer_engine::fused_attn_rocm::SmallSeqConfig<8, 128, 256, false, (transformer_engine::fused_attn_rocm::CausalMaskType)0> >(__half*, __half const*, float, int const*, int, int) [clone .kd]",2,8,3532,1279882,1279882,512000,256,1024,0,16,0,16,64,"0x0","0x7ed33c14ec40",4181362097752331,4181362097797458,4181362097802826,4181362097810908,5368
3223,"void transformer_engine::fused_attn_rocm::compute_output_kernel<__half, transformer_engine::fused_attn_rocm::SmallSeqConfig<8, 128, 256, false, (transformer_engine::fused_attn_rocm::CausalMaskType)0>, 2, 8>(__half const*, __half const*, __half*, int const*, int const*, int, int) [clone .kd]",2,8,3533,1279882,1279882,512000,64,16384,0,20,4,32,64,"0x0","0x7ed33c14ec80",4181362097759131,4181362097802826,4181362097857267,4181362097863506,54441
3224,"loop_broadcast_fusion_5.kd",2,8,3534,1279882,1279882,2048000,256,0,0,4,4,16,64,"0x0","0x7ed35b989d80",4181362097776497,4181362097857267,4181362097865359,4181362097871849,8092
3225,"__amd_rocclr_fillBufferAligned.kd",2,8,3535,1279882,1279882,77824,256,0,0,12,4,48,64,"0x0","0x7ed361483580",4181362097789667,4181362097865359,4181362097872330,4181362097878639,6971
3226,"__amd_rocclr_fillBufferAligned.kd",2,8,3536,1279882,1279882,77824,256,0,0,12,4,48,64,"0x0","0x7ed361483580",4181362097796056,4181362097872330,4181362097894603,4181362097896285,22273
3227,"__amd_rocclr_fillBufferAligned.kd",2,8,3537,1279882,1279882,77824,256,0,0,12,4,48,64,"0x0","0x7ed361483580",4181362097802846,4181362097894603,4181362097917517,4181362097920501,22914
3228,"__amd_rocclr_fillBufferAligned.kd",2,8,3538,1279882,1279882,256,256,0,0,12,4,48,64,"0x0","0x7ed361483580",4181362097813752,4181362097917517,4181362097922404,4181362097926921,4887
3229,"ck_fused_attn::get_runtime_max_seqlen_kernel(unsigned long, int const*, int const*, unsigned long*) [clone .kd]",2,8,3539,1279882,1279882,4096,128,0,0,4,4,32,64,"0x0","0x7ed35b978940",4181362097821854,4181362097922404,4181362097928453,4181362097931968,6049
3230,"__amd_rocclr_copyBuffer.kd",2,8,3540,1279882,1279882,512,512,0,0,16,0,32,64,"0x7f13dfde9300","0x7ed361483600",4181362097829896,4181362097928453,4181362097938748,4181362097938628,10295
3231,"__amd_rocclr_fillBufferAligned.kd",2,8,3542,1279882,1279882,256,256,0,0,12,4,48,64,"0x0","0x7ed361483580",4181362097957737,4181362097969794,4181362097971918,4181362097972499,2124
3232,"ck_fused_attn::get_runtime_max_seqlen_kernel(unsigned long, int const*, int const*, unsigned long*) [clone .kd]",2,8,3543,1279882,1279882,4096,128,0,0,4,4,32,64,"0x0","0x7ed35b978940",4181362097969053,4181362097977205,4181362097983655,4181362097984907,6450
3233,"__amd_rocclr_copyBuffer.kd",2,8,3544,1279882,1279882,512,512,0,0,16,0,32,64,"0x7f13dfc73b80","0x7ed361483600",4181362097975813,4181362097994311,4181362098000761,4181362098008172,6450
3234,"void transformer_engine::fused_attn_rocm::compute_grad_v_kernel<__half, transformer_engine::fused_attn_rocm::SmallSeqConfig<8, 128, 256, false, (transformer_engine::fused_attn_rocm::CausalMaskType)0>, 16, 16>(__half const*, __half const*, __half*, int const*, int const*, int, int) [clone .kd]",2,8,3546,1279882,1279882,256000,64,16384,0,28,4,32,64,"0x0","0x7ed33c150400",4181362098023625,4181362098034611,4181362098099988,4181362098101450,65377
3235,"void transformer_engine::fused_attn_rocm::compute_grad_attn_kernel<__half, transformer_engine::fused_attn_rocm::SmallSeqConfig<8, 128, 256, false, (transformer_engine::fused_attn_rocm::CausalMaskType)0>, 16>(__half const*, __half const*, __half*, int const*, int const*, int, int) [clone .kd]",2,8,3547,1279882,1279882,8000,64,0,0,104,0,64,64,"0x0","0x7ed33c150440",4181362098032488,4181362098099988,4181362098445061,4181362098454295,345073
3236,"void transformer_engine::fused_attn_rocm::softmax_backward_kernel<__half, transformer_engine::fused_attn_rocm::SmallSeqConfig<8, 128, 256, false, (transformer_engine::fused_attn_rocm::CausalMaskType)0> >(__half const*, __half const*, __half*, float, int const*, int, int) [clone .kd]",2,8,3548,1279882,1279882,512000,256,1024,0,12,4,16,64,"0x0","0x7ed33c150480",4181362098039869,4181362098445061,4181362098450590,4181362098463569,5529
3237,"void transformer_engine::fused_attn_rocm::compute_grad_qk_kernel<__half, transformer_engine::fused_attn_rocm::SmallSeqConfig<8, 128, 256, false, (transformer_engine::fused_attn_rocm::CausalMaskType)0>, 4, 16>(__half const*, __half const*, __half const*, __half*, __half*, float, int const*, int const*, int, int) [clone .kd]",2,8,3549,1279882,1279882,1024000,64,16384,0,36,4,64,64,"0x0","0x7ed33c1504c0",4181362098050094,4181362098450590,4181362098643877,4181362098647392,193287
3238,"input_reduce_fusion.kd",2,8,3550,1279882,1279882,524288,256,512,0,16,0,16,64,"0x0","0x7ed35b989dc0",4181362098058567,4181362098643877,4181362098654252,4181362098654032,10375
3239,"input_reduce_fusion_3.kd",2,8,3551,1279882,1279882,128,128,512,0,24,0,16,64,"0x0","0x7ed35b989e00",4181362098064776,4181362098654252,4181362098659701,4181362098661684,5449
3240,"loop_convert_fusion.kd",2,8,3552,1279882,1279882,1,1,0,0,4,4,16,64,"0x0","0x7ed35b989e40",4181362098072167,4181362098659701,4181362098663827,4181362098666020,4126
3241,"input_reduce_reduce_window_fusion_3.kd",2,8,3555,1279882,1279882,8192,256,0,0,28,4,48,64,"0x0","0x7ed35b989300",4181362098201980,4181362098676526,4181362098687943,4181362098691348,11417
3242,"loop_reduce_window_fusion_11.kd",2,8,3556,1279882,1279882,2048,256,0,0,8,0,16,64,"0x0","0x7ed35b989340",4181362098211865,4181362098687943,4181362098695313,4181362098696956,7370
3243,"loop_slice_fusion_5.kd",2,8,3557,1279882,1279882,8,8,0,0,20,4,16,64,"0x0","0x7ed35b989380",4181362098219997,4181362098695313,4181362098700561,4181362098702304,5248
3244,"loop_broadcast_fusion_2.kd",2,8,3558,1279882,1279882,32000,256,0,0,4,4,16,64,"0x0","0x7ed35b9893c0",4181362098227308,4181362098700561,4181362098706170,4181362098707091,5609
3245,"input_scatter_fusion_2.kd",2,8,3559,1279882,1279882,32000,256,0,0,12,4,32,64,"0x0","0x7ed35b989400",4181362098237082,4181362098706170,4181362098714903,4181362098718929,8733
3246,"loop_reduce_window_fusion_10.kd",2,8,3560,1279882,1279882,32000,256,0,0,8,0,16,64,"0x0","0x7ed35b989440",4181362098244113,4181362098714903,4181362098719750,4181362098723836,4847
3247,"loop_reduce_window_fusion_11.kd",2,8,3561,1279882,1279882,2048,256,0,0,8,0,16,64,"0x0","0x7ed35b989340",4181362098251283,4181362098719750,4181362098725278,4181362098730055,5528
3248,"loop_slice_fusion_5.kd",2,8,3562,1279882,1279882,8,8,0,0,20,4,16,64,"0x0","0x7ed35b989380",4181362098257743,4181362098725278,4181362098730005,4181362098734882,4727
3249,"loop_slice_fusion_1.kd",2,8,3563,1279882,1279882,125,125,0,0,8,0,16,64,"0x0","0x7ed35b989480",4181362098265054,4181362098730005,4181362098734692,4181362098739579,4687
3250,"input_reduce_fusion_1.kd",2,8,3564,1279882,1279882,64,64,0,0,8,0,16,64,"0x0","0x7ed35b9894c0",4181362098272525,4181362098734692,4181362098739379,4181362098744186,4687
3251,"loop_select_fusion_5.kd",2,8,3565,1279882,1279882,32000,256,0,0,8,0,32,64,"0x0","0x7ed35b989500",4181362098280587,4181362098739379,4181362098744346,4181362098748853,4967
3252,"loop_select_fusion_2.kd",2,8,3566,1279882,1279882,32000,256,0,0,4,4,16,64,"0x0","0x7ed35b989540",4181362098287557,4181362098744346,4181362098749073,4181362098754592,4727
3253,"loop_reduce_window_fusion_10.kd",2,8,3567,1279882,1279882,32000,256,0,0,8,0,16,64,"0x0","0x7ed35b989440",4181362098294868,4181362098749073,4181362098753841,4181362098760771,4768
3254,"loop_reduce_window_fusion_11.kd",2,8,3568,1279882,1279882,2048,256,0,0,8,0,16,64,"0x0","0x7ed35b989340",4181362098301468,4181362098753841,4181362098758728,4181362098765498,4887
3255,"loop_slice_fusion_5.kd",2,8,3569,1279882,1279882,8,8,0,0,20,4,16,64,"0x0","0x7ed35b989380",4181362098308328,4181362098758728,4181362098763375,4181362098770165,4647
3256,"input_concatenate_fusion.kd",2,8,3570,1279882,1279882,32000,256,0,0,12,4,32,64,"0x0","0x7ed35b989580",4181362098315979,4181362098763375,4181362098768623,4181362098774692,5248
3257,"loop_compare_fusion.kd",2,8,3571,1279882,1279882,36096,256,0,0,4,4,16,64,"0x0","0x7ed35b9895c0",4181362098322890,4181362098768623,4181362098773590,4181362098779399,4967
3258,"input_reduce_reduce_window_fusion.kd",2,8,3572,1279882,1279882,11520,256,0,0,24,0,48,64,"0x0","0x7ed35b989600",4181362098329630,4181362098773590,4181362098781962,4181362098783815,8372
3259,"loop_reduce_window_fusion_2.kd",2,8,3573,1279882,1279882,2304,256,0,0,8,0,16,64,"0x0","0x7ed35b989640",4181362098336720,4181362098781962,4181362098786810,4181362098790255,4848
3260,"loop_slice_fusion_8.kd",2,8,3574,1279882,1279882,9,9,0,0,20,4,16,64,"0x0","0x7ed35b989680",4181362098344121,4181362098786810,4181362098791456,4181362098794701,4646
3261,"loop_broadcast_fusion.kd",2,8,3575,1279882,1279882,36096,256,0,0,4,4,16,64,"0x0","0x7ed35b9896c0",4181362098352313,4181362098791456,4181362098796384,4181362098799609,4928
3262,"input_scatter_fusion.kd",2,8,3576,1279882,1279882,36096,256,0,0,12,4,32,64,"0x0","0x7ed35b989700",4181362098359604,4181362098796384,4181362098803514,4181362098803775,7130
3263,"loop_reduce_window_fusion_1.kd",2,8,3577,1279882,1279882,36096,256,0,0,8,0,16,64,"0x0","0x7ed35b989740",4181362098367716,4181362098803514,4181362098808362,4181362098807931,4848
3264,"loop_reduce_window_fusion_2.kd",2,8,3578,1279882,1279882,2304,256,0,0,8,0,16,64,"0x0","0x7ed35b989640",4181362098374136,4181362098808362,4181362098813409,4181362098816033,5047
3265,"loop_slice_fusion_8.kd",2,8,3579,1279882,1279882,9,9,0,0,20,4,16,64,"0x0","0x7ed35b989680",4181362098380746,4181362098813409,4181362098818056,4181362098820610,4647
3266,"loop_slice_fusion.kd",2,8,3580,1279882,1279882,141,141,0,0,8,0,16,64,"0x0","0x7ed35b989780",4181362098388137,4181362098818056,4181362098822743,4181362098832177,4687
3267,"input_reduce_fusion_2.kd",2,8,3581,1279882,1279882,64,64,0,0,8,0,16,64,"0x0","0x7ed35b9897c0",4181362098395117,4181362098822743,4181362098827630,4181362098827550,4887
3268,"loop_select_fusion_4.kd",2,8,3582,1279882,1279882,36096,256,0,0,8,0,32,64,"0x0","0x7ed35b989800",4181362098401907,4181362098827630,4181362098832477,4181362098837044,4847
3269,"loop_select_fusion.kd",2,8,3583,1279882,1279882,36096,256,0,0,8,0,16,64,"0x0","0x7ed35b989840",4181362098409238,4181362098832477,4181362098837405,4181362098841902,4928
3270,"loop_compare_fusion_2.kd",2,8,3584,1279882,1279882,4096,256,0,0,4,4,16,64,"0x0","0x7ed35b989880",4181362098416549,4181362098837405,4181362098842212,4181362098846609,4807
3271,"input_reduce_reduce_window_fusion_2.kd",2,8,3585,1279882,1279882,256,256,512,0,20,4,32,64,"0x0","0x7ed35b9898c0",4181362098424120,4181362098842212,4181362098857795,4181362098911525,15583
3272,"loop_slice_fusion_3.kd",2,8,3586,1279882,1279882,16,16,0,0,20,4,16,64,"0x0","0x7ed35b989900",4181362098431111,4181362098857795,4181362098862362,4181362098865577,4567
3273,"loop_broadcast_fusion_3.kd",2,8,3587,1279882,1279882,4096,256,0,0,4,4,16,64,"0x0","0x7ed35b989940",4181362098438662,4181362098862362,4181362098867249,4181362098916052,4887
3274,"input_scatter_fusion_3.kd",2,8,3588,1279882,1279882,4096,256,0,0,8,0,32,64,"0x0","0x7ed35b989980",4181362098446013,4181362098867249,4181362098873138,4181362098875071,5889
3275,"loop_reduce_window_fusion_13.kd",2,8,3589,1279882,1279882,4096,256,0,0,8,0,16,64,"0x0","0x7ed35b9899c0",4181362098455086,4181362098873138,4181362098877825,4181362098879618,4687
3276,"loop_slice_fusion_3.kd",2,8,3590,1279882,1279882,16,16,0,0,20,4,16,64,"0x0","0x7ed35b989900",4181362098477440,4181362098877825,4181362098882512,4181362098884295,4687
3277,"loop_remainder_fusion.kd",2,8,3591,1279882,1279882,4096,256,0,0,12,4,16,64,"0x0","0x7ed35b989a00",4181362098484580,4181362098882512,4181362098887840,4181362098889172,5328
3278,"loop_select_fusion_3.kd",2,8,3592,1279882,1279882,4096,256,0,0,8,0,32,64,"0x0","0x7ed35b989a40",4181362098492161,4181362098887840,4181362098892607,4181362098893498,4767
3279,"loop_reduce_window_fusion_13.kd",2,8,3593,1279882,1279882,4096,256,0,0,8,0,16,64,"0x0","0x7ed35b9899c0",4181362098499402,4181362098892607,4181362098897374,4181362098898135,4767
3280,"loop_slice_fusion_3.kd",2,8,3594,1279882,1279882,16,16,0,0,20,4,16,64,"0x0","0x7ed35b989900",4181362098506353,4181362098897374,4181362098902061,4181362098902682,4687
3281,"input_concatenate_fusion_1.kd",2,8,3595,1279882,1279882,4096,256,0,0,8,0,32,64,"0x0","0x7ed35b989a80",4181362098512602,4181362098902061,4181362098907509,4181362098907058,5448
3282,"loop_compare_fusion_1.kd",2,8,3596,1279882,1279882,8192,256,0,0,4,4,16,64,"0x0","0x7ed35b989ac0",4181362098519752,4181362098907509,4181362098912476,4181362098922752,4967
3283,"input_reduce_reduce_window_fusion_1.kd",2,8,3597,1279882,1279882,512,512,512,0,20,4,48,64,"0x0","0x7ed35b989b00",4181362098527484,4181362098912476,4181362098928781,4181362098929963,16305
3284,"loop_reduce_window_fusion_6.kd",2,8,3598,1279882,1279882,32,32,0,0,32,0,16,64,"0x0","0x7ed35b989b40",4181362098534234,4181362098928781,4181362098939316,4181362098938916,10535
3285,"loop_broadcast_fusion_1.kd",2,8,3599,1279882,1279882,8192,256,0,0,4,4,16,64,"0x0","0x7ed35b989b80",4181362098540964,4181362098939316,4181362098944324,4181362098945305,5008
3286,"input_scatter_fusion_1.kd",2,8,3600,1279882,1279882,8192,256,0,0,8,0,32,64,"0x0","0x7ed35b989bc0",4181362098548235,4181362098944324,4181362098949492,4181362098949832,5168
3287,"loop_reduce_window_fusion_5.kd",2,8,3601,1279882,1279882,8192,256,0,0,8,0,16,64,"0x0","0x7ed35b989c00",4181362098554544,4181362098949492,4181362098954579,4181362098954249,5087
3288,"loop_reduce_window_fusion_4.kd",2,8,3602,1279882,1279882,512,256,0,0,8,0,16,64,"0x0","0x7ed35b989c40",4181362098562166,4181362098954579,4181362098959386,4181362098960208,4807
3289,"loop_reduce_window_fusion_3.kd",2,8,3603,1279882,1279882,32,32,0,0,8,0,16,64,"0x0","0x7ed35b989c80",4181362098568876,4181362098959386,4181362098964153,4181362098966387,4767
3290,"loop_select_fusion_6.kd",2,8,3604,1279882,1279882,8192,256,0,0,8,0,32,64,"0x0","0x7ed35b989cc0",4181362098576927,4181362098964153,4181362098969081,4181362098970513,4928
3291,"loop_select_fusion_1.kd",2,8,3605,1279882,1279882,8192,256,0,0,8,0,16,64,"0x0","0x7ed35b989d00",4181362098584429,4181362098969081,4181362098974048,4181362098974809,4967
3292,"loop_broadcast_fusion_4.kd",2,8,3606,1279882,1279882,16,16,0,0,4,4,16,64,"0x0","0x7ed35b989d40",4181362098591329,4181362098974048,4181362098978935,4181362098981099,4887
3293,"__amd_rocclr_fillBufferAligned.kd",2,8,3607,1279882,1279882,77824,256,0,0,12,4,48,64,"0x0","0x7ed361483580",4181362098602125,4181362098978935,4181362098991995,4181362098996502,13060
3294,"__amd_rocclr_fillBufferAligned.kd",2,8,3608,1279882,1279882,16128,256,0,0,12,4,48,64,"0x0","0x7ed361483580",4181362098608865,4181362098991995,4181362098996882,4181362099005906,4887
3295,"transformer_engine::fused_attn_rocm::populate_rng_state_kernel(long*, long const*, long) [clone .kd]",2,8,3609,1279882,1279882,1,1,0,0,8,0,16,64,"0x0","0x7ed35b9ad380",4181362098619270,4181362098996882,4181362099001729,4181362099001589,4847
3296,"__amd_rocclr_fillBufferAligned.kd",2,8,3610,1279882,1279882,256,256,0,0,12,4,48,64,"0x0","0x7ed361483580",4181362098628624,4181362099001729,4181362099006496,4181362099012255,4767
3297,"ck_fused_attn::get_runtime_max_seqlen_kernel(unsigned long, int const*, int const*, unsigned long*) [clone .kd]",2,8,3611,1279882,1279882,4096,128,0,0,4,4,32,64,"0x0","0x7ed35b978940",4181362098634944,4181362099006496,4181362099012225,4181362099023131,5729
3298,"__amd_rocclr_copyBuffer.kd",2,8,3612,1279882,1279882,512,512,0,0,16,0,32,64,"0x7f13dfde9000","0x7ed361483600",4181362098642765,4181362099012225,4181362099017913,4181362099018304,5688
3299,"__amd_rocclr_fillBufferAligned.kd",2,8,3614,1279882,1279882,256,256,0,0,12,4,48,64,"0x0","0x7ed361483580",4181362099057532,4181362099068709,4181362099070712,4181362099098964,2003
3300,"ck_fused_attn::get_runtime_max_seqlen_kernel(unsigned long, int const*, int const*, unsigned long*) [clone .kd]",2,8,3615,1279882,1279882,4096,128,0,0,4,4,32,64,"0x0","0x7ed35b978940",4181362099068148,4181362099077562,4181362099086375,4181362099109209,8813
3301,"__amd_rocclr_copyBuffer.kd",2,8,3616,1279882,1279882,512,512,0,0,16,0,32,64,"0x7f13dfde8f00","0x7ed361483600",4181362099076831,4181362099086375,4181362099093345,4181362099104512,6970
3302,"void transformer_engine::fused_attn_rocm::compute_scores_kernel<__half, transformer_engine::fused_attn_rocm::SmallSeqConfig<8, 128, 256, false, (transformer_engine::fused_attn_rocm::CausalMaskType)0>, 1>(__half const*, __half const*, __half*, float, int const*, int const*, int, int) [clone .kd]",2,8,3618,1279882,1279882,64000,64,0,0,100,4,48,64,"0x0","0x7ed33c14ec00",4181362099120516,4181362099130401,4181362099172864,4181362099174576,42463
3303,"void transformer_engine::fused_attn_rocm::apply_mask_and_softmax_kernel<__half, transformer_engine::fused_attn_rocm::SmallSeqConfig<8, 128, 256, false, (transformer_engine::fused_attn_rocm::CausalMaskType)0> >(__half*, __half const*, float, int const*, int, int) [clone .kd]",2,8,3619,1279882,1279882,512000,256,1024,0,16,0,16,64,"0x0","0x7ed33c14ec40",4181362099127897,4181362099172864,4181362099178272,4181362099182528,5408
3304,"void transformer_engine::fused_attn_rocm::compute_output_kernel<__half, transformer_engine::fused_attn_rocm::SmallSeqConfig<8, 128, 256, false, (transformer_engine::fused_attn_rocm::CausalMaskType)0>, 2, 8>(__half const*, __half const*, __half*, int const*, int const*, int, int) [clone .kd]",2,8,3620,1279882,1279882,512000,64,16384,0,20,4,32,64,"0x0","0x7ed33c14ec80",4181362099134877,4181362099178272,4181362099232312,4181362099246603,54040
3305,"loop_broadcast_fusion_5.kd",2,8,3621,1279882,1279882,2048000,256,0,0,4,4,16,64,"0x0","0x7ed35b989d80",4181362099145613,4181362099232312,4181362099240404,4181362099240865,8092
3306,"__amd_rocclr_fillBufferAligned.kd",2,8,3622,1279882,1279882,77824,256,0,0,12,4,48,64,"0x0","0x7ed361483580",4181362099159334,4181362099240404,4181362099247254,4181362099255707,6850
3307,"__amd_rocclr_fillBufferAligned.kd",2,8,3623,1279882,1279882,77824,256,0,0,12,4,48,64,"0x0","0x7ed361483580",4181362099174386,4181362099247254,4181362099269648,4181362099271380,22394
3308,"__amd_rocclr_fillBufferAligned.kd",2,8,3624,1279882,1279882,77824,256,0,0,12,4,48,64,"0x0","0x7ed361483580",4181362099195928,4181362099269648,4181362099292241,4181362099294895,22593
3309,"__amd_rocclr_fillBufferAligned.kd",2,8,3625,1279882,1279882,256,256,0,0,12,4,48,64,"0x0","0x7ed361483580",4181362099204311,4181362099292241,4181362099297008,4181362099301275,4767
3310,"ck_fused_attn::get_runtime_max_seqlen_kernel(unsigned long, int const*, int const*, unsigned long*) [clone .kd]",2,8,3626,1279882,1279882,4096,128,0,0,4,4,32,64,"0x0","0x7ed35b978940",4181362099212272,4181362099297008,4181362099303017,4181362099306493,6009
3311,"__amd_rocclr_copyBuffer.kd",2,8,3627,1279882,1279882,512,512,0,0,16,0,32,64,"0x7f13dfde8e00","0x7ed361483600",4181362099219483,4181362099303017,4181362099308586,4181362099311790,5569
3312,"__amd_rocclr_fillBufferAligned.kd",2,8,3629,1279882,1279882,256,256,0,0,12,4,48,64,"0x0","0x7ed361483580",4181362099326863,4181362099341234,4181362099343197,4181362099350328,1963
3313,"ck_fused_attn::get_runtime_max_seqlen_kernel(unsigned long, int const*, int const*, unsigned long*) [clone .kd]",2,8,3630,1279882,1279882,4096,128,0,0,4,4,32,64,"0x0","0x7ed35b978940",4181362099342376,4181362099352811,4181362099358740,4181362099359842,5929
3314,"__amd_rocclr_copyBuffer.kd",2,8,3631,1279882,1279882,512,512,0,0,16,0,32,64,"0x7f13dfc73880","0x7ed361483600",4181362099351089,4181362099365991,4181362099372521,4181362099375435,6530
3315,"void transformer_engine::fused_attn_rocm::compute_grad_v_kernel<__half, transformer_engine::fused_attn_rocm::SmallSeqConfig<8, 128, 256, false, (transformer_engine::fused_attn_rocm::CausalMaskType)0>, 16, 16>(__half const*, __half const*, __half*, int const*, int const*, int, int) [clone .kd]",2,8,3633,1279882,1279882,256000,64,16384,0,28,4,32,64,"0x0","0x7ed33c150400",4181362099391199,4181362099402686,4181362099471428,4181362099473050,68742
3316,"void transformer_engine::fused_attn_rocm::compute_grad_attn_kernel<__half, transformer_engine::fused_attn_rocm::SmallSeqConfig<8, 128, 256, false, (transformer_engine::fused_attn_rocm::CausalMaskType)0>, 16>(__half const*, __half const*, __half*, int const*, int const*, int, int) [clone .kd]",2,8,3634,1279882,1279882,8000,64,0,0,104,0,64,64,"0x0","0x7ed33c150440",4181362099400512,4181362099471428,4181362099820747,4181362099826276,349319
3317,"void transformer_engine::fused_attn_rocm::softmax_backward_kernel<__half, transformer_engine::fused_attn_rocm::SmallSeqConfig<8, 128, 256, false, (transformer_engine::fused_attn_rocm::CausalMaskType)0> >(__half const*, __half const*, __half*, float, int const*, int, int) [clone .kd]",2,8,3635,1279882,1279882,512000,256,1024,0,12,4,16,64,"0x0","0x7ed33c150480",4181362099407563,4181362099820747,4181362099826676,4181362099837522,5929
3318,"void transformer_engine::fused_attn_rocm::compute_grad_qk_kernel<__half, transformer_engine::fused_attn_rocm::SmallSeqConfig<8, 128, 256, false, (transformer_engine::fused_attn_rocm::CausalMaskType)0>, 4, 16>(__half const*, __half const*, __half const*, __half*, __half*, float, int const*, int const*, int, int) [clone .kd]",2,8,3636,1279882,1279882,1024000,64,16384,0,36,4,64,64,"0x0","0x7ed33c1504c0",4181362099415354,4181362099826676,4181362100022728,4181362100027936,196052
3319,"input_reduce_fusion.kd",2,8,3637,1279882,1279882,524288,256,512,0,16,0,16,64,"0x0","0x7ed35b989dc0",4181362099426381,4181362100022728,4181362100032262,4181362100035296,9534
3320,"input_reduce_fusion_3.kd",2,8,3638,1279882,1279882,128,128,512,0,24,0,16,64,"0x0","0x7ed35b989e00",4181362099432911,4181362100032262,4181362100037790,4181362100042067,5528
3321,"loop_convert_fusion.kd",2,8,3639,1279882,1279882,1,1,0,0,4,4,16,64,"0x0","0x7ed35b989e40",4181362099439400,4181362100037790,4181362100041996,4181362100050139,4206
