"Index","KernelName","gpu-id","queue-id","queue-index","pid","tid","grd","wgr","lds","scr","arch_vgpr","accum_vgpr","sgpr","wave_size","sig","obj","DispatchNs","BeginNs","EndNs","CompleteNs","DurationNs"
0,"__amd_rocclr_fillBufferAligned.kd",5,0,0,1282169,1283182,77824,256,0,0,12,4,48,64,"0x0","0x7f781d563580",4181372311352389,4181372311537545,4181372311549443,4181372311661238,11898
1,"__amd_rocclr_fillBufferAligned.kd",6,6,0,1282169,1283183,77824,256,0,0,12,4,48,64,"0x0","0x7f781d543580",4181372403276723,4181372403312837,4181372403323814,4181372403376000,10977
2,"__amd_rocclr_fillBufferAligned.kd",3,4,0,1282169,1283185,77824,256,0,0,12,4,48,64,"0x0","0x7f781d3f3580",4181372409399749,4181372409437286,4181372409446059,4181372409463374,8773
3,"__amd_rocclr_fillBufferAligned.kd",7,7,0,1282169,1283187,77824,256,0,0,12,4,48,64,"0x0","0x7f781d3d3580",4181372529432017,4181372529470854,4181372529482031,4181372529560448,11177
4,"__amd_rocclr_fillBufferAligned.kd",8,5,0,1282169,1283184,77824,256,0,0,12,4,48,64,"0x0","0x7f781d3b3580",4181372651840538,4181372651878094,4181372651888389,4181372651960516,10295
5,"__amd_rocclr_fillBufferAligned.kd",2,3,0,1282169,1283181,77824,256,0,0,12,4,48,64,"0x0","0x7f781d393580",4181372771721130,4181372771759527,4181372771770864,4181372771841289,11337
6,"__amd_rocclr_fillBufferAligned.kd",4,2,0,1282169,1283188,77824,256,0,0,12,4,48,64,"0x0","0x7f781d373580",4181372779385569,4181372779435052,4181372779446429,4181372779461011,11377
7,"__amd_rocclr_fillBufferAligned.kd",9,1,0,1282169,1283186,77824,256,0,0,12,4,48,64,"0x0","0x7f781d353580",4181372896195674,4181372896242154,4181372896252529,4181372896311667,10375
8,"__amd_rocclr_fillBufferAligned.kd",2,3,1,1282169,1282169,77824,256,0,0,12,4,48,64,"0x0","0x7f781d393580",4181373491340200,4181373491392859,4181373491404276,4181373491424906,11417
9,"__amd_rocclr_copyBuffer.kd",2,9,2,1282169,1283603,512,512,0,0,16,0,32,64,"0x0","0x7f781d393600",4181374467858192,4181374467936188,4181374467942998,4181374467957550,6810
10,"__amd_rocclr_copyBuffer.kd",2,8,2,1282169,1282169,512,512,0,0,16,0,32,64,"0x0","0x7f781d393600",4181374532825955,4181374532876971,4181374532880697,4181374532893986,3726
11,"input_concatenate_fusion.kd",2,8,5,1282169,1282169,1,1,0,0,4,4,16,64,"0x0","0x7f781cdb45c0",4181374667591995,4181374667652526,4181374667657093,4181374667674528,4567
12,"input_concatenate_fusion.kd",2,8,8,1282169,1282169,5,5,0,0,4,4,16,64,"0x0","0x7f781c98c5c0",4181374891448254,4181374891511519,4181374891515805,4181374891532810,4286
13,"wrapped_slice_4.kd",2,8,11,1282169,1282169,2,2,0,0,4,4,16,64,"0x0","0x7f781c09d040",4181375027190116,4181375027252509,4181375027256635,4181375027269173,4126
14,"wrapped_slice_3.kd",2,8,12,1282169,1282169,2,2,0,0,4,4,16,64,"0x0","0x7f781c09d080",4181375027246149,4181375027267330,4181375027269133,4181375027319889,1803
15,"wrapped_slice_2.kd",2,8,13,1282169,1282169,2,2,0,0,4,4,16,64,"0x0","0x7f781c09d0c0",4181375027265888,4181375027275823,4181375027277665,4181375027327931,1842
16,"wrapped_slice_1.kd",2,8,14,1282169,1282169,2,2,0,0,4,4,16,64,"0x0","0x7f781c09d100",4181375027274932,4181375027326418,4181375027328341,4181375027338306,1923
17,"wrapped_slice.kd",2,8,15,1282169,1282169,2,2,0,0,4,4,16,64,"0x0","0x7f781c09d140",4181375027324706,4181375027334911,4181375027336793,4181375027345437,1882
18,"__amd_rocclr_copyBuffer.kd",2,9,19,1282169,1283550,512,512,0,0,16,0,32,64,"0x0","0x7f781d393600",4181375231167651,4181375306865261,4181375306871471,4181375306893403,6210
19,"__amd_rocclr_copyBuffer.kd",2,9,20,1282169,1283593,512,512,0,0,16,0,32,64,"0x0","0x7f781d393600",4181375231262131,4181375306871471,4181375306875517,4181375306932752,4046
20,"loop_xor_fusion.kd",2,8,22,1282169,1282169,1,1,0,0,4,4,16,64,"0x0","0x7f781c08c980",4181375307108593,4181375307173879,4181375307177925,4181375307184226,4046
21,"loop_maximum_fusion.kd",2,8,23,1282169,1282169,2048000,256,0,0,12,4,32,64,"0x0","0x7f781c08c9c0",4181375307431483,4181375307470961,4181375307497991,4181375307500636,27030
22,"__amd_rocclr_copyBuffer.kd",2,9,30,1282169,1283517,512,512,0,0,16,0,32,64,"0x0","0x7f781d393600",4181375491909758,4181375566933387,4181375566939436,4181375566961739,6049
23,"__amd_rocclr_copyBuffer.kd",2,9,31,1282169,1283535,512,512,0,0,16,0,32,64,"0x0","0x7f781d393600",4181375492019271,4181375566939436,4181375566943843,4181375567004072,4407
24,"loop_xor_fusion.kd",2,8,30,1282169,1282169,1,1,0,0,4,4,16,64,"0x0","0x7f781c07cd00",4181375567188095,4181375567246612,4181375567252741,4181375567258490,6129
25,"loop_convert_subtract_fusion.kd",2,8,31,1282169,1282169,1,1,0,0,4,4,16,64,"0x0","0x7f781c07cd40",4181375567240403,4181375567252741,4181375567256987,4181375567571456,4246
26,"loop_maximum_fusion.kd",2,8,32,1282169,1282169,24576000,256,0,0,12,4,32,64,"0x0","0x7f781c07cd80",4181375567533109,4181375567579507,4181375567843590,4181375567850200,264083
27,"__amd_rocclr_copyBuffer.kd",2,9,41,1282169,1283535,512,512,0,0,16,0,32,64,"0x0","0x7f781d393600",4181375568240050,4181375568312447,4181375568316934,4181375568319658,4487
28,"__amd_rocclr_copyBuffer.kd",2,9,42,1282169,1283517,512,512,0,0,16,0,32,64,"0x0","0x7f781d393600",4181375568345977,4181375568408150,4181375568412236,4181375568413558,4086
29,"loop_xor_fusion.kd",2,8,38,1282169,1282169,1,1,0,0,4,4,16,64,"0x0","0x7f781c07cd00",4181375568519896,4181375568536981,4181375568540386,4181375568549650,3405
30,"loop_convert_subtract_fusion.kd",2,8,39,1282169,1282169,1,1,0,0,4,4,16,64,"0x0","0x7f781c07cd40",4181375568535419,4181375568550361,4181375568553045,4181375568571212,2684
31,"loop_maximum_fusion.kd",2,8,40,1282169,1282169,24576000,256,0,0,12,4,32,64,"0x0","0x7f781c07cd80",4181375568554317,4181375568567346,4181375568831299,4181375568830358,263953
32,"__amd_rocclr_copyBuffer.kd",2,9,51,1282169,1283517,512,512,0,0,16,0,32,64,"0x0","0x7f781d393600",4181375568844809,4181375568884859,4181375568889145,4181375568909536,4286
33,"__amd_rocclr_copyBuffer.kd",2,8,45,1282169,1282169,512,512,0,0,16,0,32,64,"0x0","0x7f781d393600",4181375568915164,4181375568928884,4181375568931768,4181375568933071,2884
34,"wrapped_broadcast.kd",2,8,48,1282169,1282169,4096,256,0,0,4,4,16,64,"0x0","0x7f781c070580",4181375711521675,4181375711583557,4181375711588124,4181375711613001,4567
35,"__amd_rocclr_copyBuffer.kd",2,9,61,1282169,1283517,512,512,0,0,16,0,32,64,"0x0","0x7f781d393600",4181375712265391,4181375712347733,4181375712352740,4181375712356006,5007
36,"__amd_rocclr_copyBuffer.kd",2,8,52,1282169,1282169,512,512,0,0,16,0,32,64,"0x0","0x7f781d393600",4181375712408283,4181375712431778,4181375712435103,4181375712437126,3325
37,"wrapped_broadcast.kd",2,8,55,1282169,1282169,4096,256,0,0,4,4,16,64,"0x0","0x7f781c070580",4181375712549874,4181375712565216,4181375712568140,4181375712575282,2924
38,"__amd_rocclr_copyBuffer.kd",2,9,71,1282169,1283517,512,512,0,0,16,0,32,64,"0x0","0x7f781d393600",4181375712746206,4181375712778173,4181375712782419,4181375712783351,4246
39,"__amd_rocclr_copyBuffer.kd",2,8,59,1282169,1282169,512,512,0,0,16,0,32,64,"0x0","0x7f781d393600",4181375712811683,4181375712826925,4181375712829329,4181375712839705,2404
40,"wrapped_broadcast.kd",2,8,62,1282169,1282169,4096,256,0,0,4,4,16,64,"0x0","0x7f781c070580",4181375712912513,4181375712929197,4181375712932883,4181375712939974,3686
41,"__amd_rocclr_copyBuffer.kd",2,9,81,1282169,1283517,512,512,0,0,16,0,32,64,"0x0","0x7f781d393600",4181375713055155,4181375713074654,4181375713079942,4181375713082276,5288
42,"__amd_rocclr_copyBuffer.kd",2,8,66,1282169,1282169,512,512,0,0,16,0,32,64,"0x0","0x7f781d393600",4181375713097058,4181375713110186,4181375713112870,4181375713123076,2684
43,"wrapped_broadcast.kd",2,8,69,1282169,1282169,4096,256,0,0,4,4,16,64,"0x0","0x7f781c070580",4181375713194733,4181375713209094,4181375713211898,4181375713219951,2804
44,"wrapped_iota.kd",2,8,72,1282169,1282169,4096,256,0,0,4,4,16,64,"0x0","0x7f781c068540",4181375835559820,4181375835629944,4181375835634511,4181375835646339,4567
45,"__amd_rocclr_copyBuffer.kd",2,8,75,1282169,1282169,1024,512,0,0,16,0,32,64,"0x0","0x7f781d393600",4181375959096649,4181375959167886,4181375959171371,4181375959183408,3485
46,"__amd_rocclr_copyBuffer.kd",2,9,97,1282169,1283517,512,512,0,0,16,0,32,64,"0x0","0x7f781d393600",4181375959988606,4181375960069987,4181375960074794,4181375960079551,4807
47,"__amd_rocclr_copyBuffer.kd",2,8,79,1282169,1282169,512,512,0,0,16,0,32,64,"0x0","0x7f781d393600",4181375960129295,4181375960159159,4181375960162124,4181375960163786,2965
48,"wrapped_broadcast.kd",2,8,82,1282169,1282169,4096,256,0,0,4,4,16,64,"0x0","0x7f781c070580",4181375960389762,4181375960420868,4181375960425515,4181375960434108,4647
49,"wrapped_concatenate.kd",2,8,85,1282169,1282169,4096,256,0,0,4,4,16,64,"0x0","0x7f781c058600",4181376107146666,4181376107213316,4181376107218163,4181376107232754,4847
50,"__amd_rocclr_copyBuffer.kd",2,9,119,1282169,1283535,512,512,0,0,16,0,32,64,"0x0","0x7f781d393600",4181376233618841,4181376315031612,4181376315037020,4181376315056970,5408
51,"loop_select_fusion.kd",2,8,93,1282169,1282169,48128,256,0,0,4,4,16,64,"0x0","0x7f781c050640",4181376315292560,4181376315356294,4181376315361782,4181376315368613,5488
52,"__amd_rocclr_copyBuffer.kd",2,8,96,1282169,1282169,512,512,0,0,16,0,32,64,"0x0","0x7f781d393600",4181376743862048,4181376743917902,4181376743924311,4181376743943269,6409
53,"__amd_rocclr_copyBuffer.kd",2,8,97,1282169,1282169,512,512,0,0,16,0,32,64,"0x0","0x7f781d393600",4181376743918322,4181376743937491,4181376743940816,4181376743991200,3325
54,"__amd_rocclr_copyBuffer.kd",2,8,98,1282169,1282169,512,512,0,0,16,0,32,64,"0x0","0x7f781d393600",4181376743939844,4181376743949348,4181376743952192,4181376743997479,2844
55,"loop_broadcast_maximum_fusion.kd",2,8,100,1282169,1282169,48128,256,0,0,4,4,16,64,"0x0","0x7f781c042c80",4181376744320540,4181376744343654,4181376744350424,4181376744352287,6770
56,"__amd_rocclr_copyBuffer.kd",2,8,101,1282169,1282169,12288,512,0,0,16,0,32,64,"0x0","0x7f781d393600",4181376744339408,4181376744350424,4181376744356794,4181376744369563,6370
57,"loop_transpose_fusion_1.kd",2,8,102,1282169,1282169,96000,256,0,0,4,4,16,64,"0x0","0x7f781c042cc0",4181376744347750,4181376744356794,4181376744361240,4181376744362352,4446
58,"input_scatter_fusion_2.kd",2,8,103,1282169,1282169,48128,256,0,0,4,4,16,64,"0x0","0x7f781c042d00",4181376744355171,4181376744367850,4181376744372457,4181376744379978,4607
59,"input_transpose_fusion_1.kd",2,8,104,1282169,1282169,32000,256,4608,0,8,0,16,64,"0x0","0x7f781c042d40",4181376744366007,4181376744376463,4181376744378947,4181376744393218,2484
60,"loop_broadcast_fusion.kd",2,8,105,1282169,1282169,48128,256,0,0,4,4,16,64,"0x0","0x7f781c042d80",4181376744374420,4181376744383914,4181376744386718,4181376744386969,2804
61,"input_scatter_fusion_1.kd",2,8,106,1282169,1282169,44032,256,0,0,4,4,16,64,"0x0","0x7f781c042dc0",4181376744383063,4181376744391926,4181376744395651,4181376744432116,3725
62,"input_concatenate_fusion.kd",2,8,107,1282169,1282169,44032,256,0,0,8,0,16,64,"0x0","0x7f781c042e00",4181376744390494,4181376744402261,4181376744405626,4181376744438165,3365
63,"input_maximum_transpose_fusion.kd",2,8,108,1282169,1282169,32000,256,4608,0,16,0,32,64,"0x0","0x7f781c042e40",4181376744415651,4181376744437834,4181376744444885,4181376744448160,7051
64,"loop_transpose_fusion_1.kd",2,8,109,1282169,1282169,96000,256,0,0,4,4,16,64,"0x0","0x7f781c042cc0",4181376744437023,4181376744477173,4181376744480257,4181376744481820,3084
65,"__amd_rocclr_copyBuffer.kd",2,8,110,1282169,1282169,12288,512,0,0,16,0,32,64,"0x0","0x7f781d393600",4181376744475300,4181376744484504,4181376744486987,4181376744489000,2483
66,"input_scatter_fusion_2.kd",2,8,111,1282169,1282169,48128,256,0,0,4,4,16,64,"0x0","0x7f781c042d00",4181376744483903,4181376744495600,4181376744500527,4181376744501008,4927
67,"input_transpose_fusion_2.kd",2,8,112,1282169,1282169,32000,256,4608,0,24,0,48,64,"0x0","0x7f781c042e80",4181376744495941,4181376744504974,4181376744515109,4181376744520828,10135
68,"wrapped_broadcast.kd",2,8,113,1282169,1282169,52224,256,0,0,4,4,16,64,"0x0","0x7f781c042ec0",4181376744503762,4181376744515109,4181376744521318,4181376744528199,6209
69,"input_scatter_fusion.kd",2,8,114,1282169,1282169,48128,256,0,0,4,4,16,64,"0x0","0x7f781c042f00",4181376744512325,4181376744521318,4181376744525925,4181376744537352,4607
70,"wrapped_transpose.kd",2,8,115,1282169,1282169,32000,256,4608,0,8,0,16,64,"0x0","0x7f781c042f40",4181376744519996,4181376744544152,4181376744547918,4181376744556170,3766
71,"input_transpose_fusion.kd",2,8,116,1282169,1282169,32000,256,4608,0,12,4,16,64,"0x0","0x7f781c042f80",4181376744550141,4181376744560136,4181376744563661,4181376744564963,3525
72,"loop_not_fusion.kd",2,8,119,1282169,1282169,48128,256,0,0,8,0,32,64,"0x0","0x7f781c03c680",4181376887559611,4181376887623887,4181376887629015,4181376887644267,5128
73,"__amd_rocclr_copyBuffer.kd",2,9,132,1282169,1283553,512,512,0,0,16,0,32,64,"0x0","0x7f781d393600",4181376920171393,4181377002893642,4181377002898729,4181377002922354,5087
74,"__amd_rocclr_copyBuffer.kd",2,8,124,1282169,1282169,512,512,0,0,16,0,32,64,"0x0","0x7f781d393600",4181377003124725,4181377003192365,4181377003195169,4181377003202651,2804
75,"__amd_rocclr_copyBuffer.kd",2,9,142,1282169,1283553,512,512,0,0,16,0,32,64,"0x0","0x7f781d393600",4181377132064490,4181377132142546,4181377132148515,4181377132166211,5969
76,"__amd_rocclr_copyBuffer.kd",2,8,130,1282169,1282169,512,512,0,0,16,0,32,64,"0x0","0x7f781d393600",4181377132277326,4181377132341201,4181377132344245,4181377132344947,3044
77,"__amd_rocclr_copyBuffer.kd",2,9,152,1282169,1283553,512,512,0,0,16,0,32,64,"0x0","0x7f781d393600",4181377132810029,4181377132828405,4181377132833292,4181377132834815,4887
78,"__amd_rocclr_copyBuffer.kd",2,8,136,1282169,1282169,512,512,0,0,16,0,32,64,"0x0","0x7f781d393600",4181377132872371,4181377132896106,4181377132898389,4181377132899061,2283
79,"__amd_rocclr_copyBuffer.kd",2,9,162,1282169,1283553,512,512,0,0,16,0,32,64,"0x0","0x7f781d393600",4181377133248541,4181377133271264,4181377133275190,4181377133278565,3926
80,"__amd_rocclr_copyBuffer.kd",2,8,142,1282169,1282169,512,512,0,0,16,0,32,64,"0x0","0x7f781d393600",4181377133311284,4181377133335760,4181377133338043,4181377133344984,2283
81,"__amd_rocclr_copyBuffer.kd",2,8,147,1282169,1283553,1024,512,0,0,16,0,32,64,"0x0","0x7f781d393600",4181377261805887,4181377261871195,4181377261874560,4181377261893307,3365
82,"input_compare_reduce_fusion_1.kd",2,8,163,1282169,1282169,8192,256,0,0,12,4,16,64,"0x0","0x7f7817b19c00",4181378939185972,4181378939248285,4181378939254334,4181378939276316,6049
83,"loop_slice_fusion_1.kd",2,8,164,1282169,1282169,3072,256,0,0,16,0,16,64,"0x0","0x7f7817b19c40",4181378939241184,4181378939262466,4181378939265431,4181378939337197,2965
84,"loop_reduce_window_fusion_16.kd",2,8,165,1282169,1282169,3072,256,0,0,8,0,16,64,"0x0","0x7f7817b19c80",4181378939261224,4181378939271680,4181378939276206,4181378939371979,4526
85,"loop_reduce_window_fusion_15.kd",2,8,166,1282169,1282169,192,192,0,0,8,0,16,64,"0x0","0x7f7817b19cc0",4181378939270858,4181378939280292,4181378939285139,4181378939365128,4847
86,"loop_broadcast_fusion_2.kd",2,8,167,1282169,1282169,48128,256,0,0,4,4,16,64,"0x0","0x7f7817b19d00",4181378939278800,4181378939343185,4181378939346591,4181378939357036,3406
87,"input_scatter_fusion_2.kd",2,8,168,1282169,1282169,48128,256,0,0,12,4,32,64,"0x0","0x7f7817b19d40",4181378939351648,4181378939388453,4181378939399990,4181378939407962,11537
88,"loop_reduce_window_fusion_14.kd",2,8,169,1282169,1282169,48128,256,0,0,8,0,16,64,"0x0","0x7f7817b19d80",4181378939388003,4181378939399990,4181378939404597,4181378939415954,4607
89,"loop_reduce_window_fusion_13.kd",2,8,170,1282169,1282169,3072,256,0,0,8,0,16,64,"0x0","0x7f7817b19dc0",4181378939396064,4181378939408683,4181378939414131,4181378939425308,5448
90,"loop_reduce_window_fusion_15.kd",2,8,171,1282169,1282169,192,192,0,0,8,0,16,64,"0x0","0x7f7817b19cc0",4181378939406109,4181378939432719,4181378939438327,4181378939452679,5608
91,"loop_slice_fusion_6.kd",2,8,172,1282169,1282169,12,12,0,0,4,4,16,64,"0x0","0x7f7817b19e00",4181378939431367,4181378939467090,4181378939471056,4181378939472799,3966
92,"input_reduce_fusion_1.kd",2,8,173,1282169,1282169,64,64,0,0,8,0,16,64,"0x0","0x7f7817b19e40",4181378939466589,4181378939475582,4181378939477665,4181378939486609,2083
93,"loop_select_fusion_5.kd",2,8,174,1282169,1282169,48128,256,0,0,12,4,32,64,"0x0","0x7f7817b19e80",4181378939481992,4181378939491286,4181378939495412,4181378939499298,4126
94,"loop_select_fusion_2.kd",2,8,175,1282169,1282169,48128,256,0,0,4,4,16,64,"0x0","0x7f7817b19ec0",4181378939490054,4181378939513879,4181378939517244,4181378939519789,3365
95,"loop_reduce_window_fusion_14.kd",2,8,176,1282169,1282169,48128,256,0,0,8,0,16,64,"0x0","0x7f7817b19d80",4181378939513569,4181378939522372,4181378939526498,4181378939530524,4126
96,"loop_reduce_window_fusion_13.kd",2,8,177,1282169,1282169,3072,256,0,0,8,0,16,64,"0x0","0x7f7817b19dc0",4181378939521571,4181378939534991,4181378939541280,4181378939542622,6289
97,"loop_reduce_window_fusion_15.kd",2,8,178,1282169,1282169,192,192,0,0,8,0,16,64,"0x0","0x7f7817b19cc0",4181378939533609,4181378939545246,4181378939550293,4181378939552227,5047
98,"input_concatenate_fusion.kd",2,8,179,1282169,1282169,48128,256,0,0,12,4,32,64,"0x0","0x7f7817b19f00",4181378939543664,4181378939557745,4181378939562632,4181378939563273,4887
99,"input_compare_reduce_fusion.kd",2,8,180,1282169,1282169,13312,256,0,0,12,4,16,64,"0x0","0x7f7817b19f40",4181378939557004,4181378939567078,4181378939570924,4181378939571576,3846
100,"loop_slice_fusion.kd",2,8,181,1282169,1282169,3328,256,0,0,16,0,16,64,"0x0","0x7f7817b19f80",4181378939565687,4181378939576132,4181378939578976,4181378939585056,2844
101,"loop_reduce_window_fusion_4.kd",2,8,182,1282169,1282169,3328,256,0,0,8,0,16,64,"0x0","0x7f7817b19fc0",4181378939574480,4181378939599487,4181378939604053,4181378939605125,4566
102,"loop_reduce_window_fusion_3.kd",2,8,183,1282169,1282169,208,208,0,0,8,0,16,64,"0x0","0x7f7817b1a000",4181378939598956,4181378939608500,4181378939614469,4181378939616983,5969
103,"loop_broadcast_fusion.kd",2,8,184,1282169,1282169,52224,256,0,0,4,4,16,64,"0x0","0x7f7817b1a040",4181378939607379,4181378939621600,4181378939624764,4181378939630042,3164
104,"input_scatter_fusion.kd",2,8,185,1282169,1282169,52224,256,0,0,12,4,32,64,"0x0","0x7f7817b1a080",4181378939628240,4181378939645435,4181378939657253,4181378939662351,11818
105,"loop_reduce_window_fusion_2.kd",2,8,186,1282169,1282169,52224,256,0,0,8,0,16,64,"0x0","0x7f7817b1a0c0",4181378939644324,4181378939657253,4181378939663782,4181378939669732,6529
106,"loop_reduce_window_fusion_1.kd",2,8,187,1282169,1282169,3328,256,0,0,8,0,16,64,"0x0","0x7f7817b1a100",4181378939655010,4181378939663782,4181378939670032,4181378939678364,6250
107,"loop_reduce_window_fusion_3.kd",2,8,188,1282169,1282169,208,208,0,0,8,0,16,64,"0x0","0x7f7817b1a000",4181378939661860,4181378939683972,4181378939689581,4181378939698875,5609
108,"loop_slice_fusion_5.kd",2,8,189,1282169,1282169,13,13,0,0,4,4,16,64,"0x0","0x7f7817b1a140",4181378939682581,4181378939693907,4181378939697032,4181378939704393,3125
109,"input_reduce_fusion_2.kd",2,8,190,1282169,1282169,64,64,0,0,8,0,16,64,"0x0","0x7f7817b1a180",4181378939691874,4181378939701158,4181378939703682,4181378939712836,2524
110,"loop_select_fusion_4.kd",2,8,191,1282169,1282169,52224,256,0,0,8,0,32,64,"0x0","0x7f7817b1a1c0",4181378939702010,4181378939718464,4181378939722269,4181378939722380,3805
111,"loop_select_fusion.kd",2,8,192,1282169,1282169,52224,256,0,0,8,0,16,64,"0x0","0x7f7817b1a200",4181378939717563,4181378939727918,4181378939730882,4181378939730892,2964
112,"loop_compare_fusion_1.kd",2,8,193,1282169,1282169,4096,256,0,0,4,4,16,64,"0x0","0x7f7817b1a240",4181378939727047,4181378939735729,4181378939738413,4181378939739345,2684
113,"input_reduce_reduce_window_fusion_1.kd",2,8,194,1282169,1282169,256,256,512,0,20,4,32,64,"0x0","0x7f7817b1a280",4181378939735319,4181378939745664,4181378939762169,4181378939769520,16505
114,"loop_slice_fusion_3.kd",2,8,195,1282169,1282169,16,16,0,0,20,4,16,64,"0x0","0x7f7817b1a2c0",4181378939745544,4181378939762169,4181378939767056,4181378939785924,4887
115,"loop_broadcast_fusion_3.kd",2,8,196,1282169,1282169,4096,256,0,0,4,4,16,64,"0x0","0x7f7817b1a300",4181378939753736,4181378939767056,4181378939772424,4181378939778273,5368
116,"input_scatter_fusion_3.kd",2,8,197,1282169,1282169,4096,256,0,0,8,0,32,64,"0x0","0x7f7817b1a340",4181378939762860,4181378939772424,4181378939779074,4181378939794727,6650
117,"loop_reduce_window_fusion_18.kd",2,8,198,1282169,1282169,4096,256,0,0,8,0,16,64,"0x0","0x7f7817b1a380",4181378939769490,4181378939800105,4181378939804271,4181378939805844,4166
118,"loop_slice_fusion_3.kd",2,8,199,1282169,1282169,16,16,0,0,20,4,16,64,"0x0","0x7f7817b1a2c0",4181378939797982,4181378939809078,4181378939811482,4181378939819805,2404
119,"loop_remainder_fusion.kd",2,8,200,1282169,1282169,4096,256,0,0,12,4,16,64,"0x0","0x7f7817b1a3c0",4181378939811122,4181378939824942,4181378939832313,4181378939833044,7371
120,"loop_select_fusion_3.kd",2,8,201,1282169,1282169,4096,256,0,0,8,0,32,64,"0x0","0x7f7817b1a400",4181378939831392,4181378939847896,4181378939851301,4181378939854006,3405
121,"loop_reduce_window_fusion_18.kd",2,8,202,1282169,1282169,4096,256,0,0,8,0,16,64,"0x0","0x7f7817b1a380",4181378939847596,4181378939858392,4181378939862518,4181378939863319,4126
122,"loop_slice_fusion_3.kd",2,8,203,1282169,1282169,16,16,0,0,20,4,16,64,"0x0","0x7f7817b1a2c0",4181378939857381,4181378939866644,4181378939867846,4181378939868707,1202
123,"input_concatenate_fusion_1.kd",2,8,204,1282169,1282169,4096,256,0,0,8,0,32,64,"0x0","0x7f7817b1a440",4181378939865873,4181378939882508,4181378939889438,4181378939891672,6930
124,"loop_compare_fusion.kd",2,8,205,1282169,1282169,8192,256,0,0,4,4,16,64,"0x0","0x7f7817b1a480",4181378939882258,4181378939893564,4181378939895206,4181378939898972,1642
125,"input_reduce_reduce_window_fusion.kd",2,8,206,1282169,1282169,512,512,512,0,20,4,48,64,"0x0","0x7f7817b1a4c0",4181378939890460,4181378939913073,4181378939931260,4181378939932863,18187
126,"loop_reduce_window_fusion_8.kd",2,8,207,1282169,1282169,32,32,0,0,32,0,16,64,"0x0","0x7f7817b1a500",4181378939912943,4181378939931260,4181378939940754,4181378939942537,9494
127,"loop_broadcast_fusion_1.kd",2,8,208,1282169,1282169,8192,256,0,0,4,4,16,64,"0x0","0x7f7817b1a540",4181378939921286,4181378939940754,4181378939946162,4181378939950129,5408
128,"input_scatter_fusion_1.kd",2,8,209,1282169,1282169,8192,256,0,0,8,0,32,64,"0x0","0x7f7817b1a580",4181378939929187,4181378939946162,4181378939952572,4181378939960073,6410
129,"loop_reduce_window_fusion_7.kd",2,8,210,1282169,1282169,8192,256,0,0,8,0,16,64,"0x0","0x7f7817b1a5c0",4181378939936669,4181378939952572,4181378939957900,4181378939965832,5328
130,"loop_reduce_window_fusion_6.kd",2,8,211,1282169,1282169,512,256,0,0,8,0,16,64,"0x0","0x7f7817b1a600",4181378939946343,4181378939957900,4181378939965110,4181378939973163,7210
131,"loop_reduce_window_fusion_5.kd",2,8,212,1282169,1282169,32,32,0,0,8,0,16,64,"0x0","0x7f7817b1a640",4181378939955647,4181378939965110,4181378939969397,4181378939981505,4287
132,"loop_select_fusion_6.kd",2,8,213,1282169,1282169,8192,256,0,0,8,0,32,64,"0x0","0x7f7817b1a680",4181378939966102,4181378939987343,4181378939991149,4181378939999031,3806
133,"loop_select_fusion_1.kd",2,8,214,1282169,1282169,8192,256,0,0,8,0,16,64,"0x0","0x7f7817b1a6c0",4181378939988976,4181378939997679,4181378940000683,4181378940008535,3004
134,"loop_broadcast_fusion_4.kd",2,8,215,1282169,1282169,16,16,0,0,4,4,16,64,"0x0","0x7f7817b1a700",4181378939996998,4181378940013582,4181378940015465,4181378940015946,1883
135,"__amd_rocclr_fillBufferAligned.kd",2,8,216,1282169,1282169,77824,256,0,0,12,4,48,64,"0x0","0x7f781d393580",4181378940061785,4181378940073271,4181378940082645,4181378940083587,9374
136,"__amd_rocclr_fillBufferAligned.kd",2,8,217,1282169,1282169,16128,256,0,0,12,4,48,64,"0x0","0x7f781d393580",4181378940070087,4181378940082645,4181378940087132,4181378940089766,4487
137,"transformer_engine::fused_attn_rocm::populate_rng_state_kernel(long*, long const*, long) [clone .kd]",2,8,218,1282169,1282169,1,1,0,0,8,0,16,64,"0x0","0x7f781c015380",4181378947949776,4181378947972258,4181378947975503,4181378947978689,3245
138,"__amd_rocclr_fillBufferAligned.kd",2,8,219,1282169,1282169,256,256,0,0,12,4,48,64,"0x0","0x7f781d393580",4181378947978148,4181378948006349,4181378948008432,4181378948008864,2083
139,"ck_fused_attn::get_runtime_max_seqlen_kernel(unsigned long, int const*, int const*, unsigned long*) [clone .kd]",2,8,220,1282169,1282169,4096,128,0,0,4,4,32,64,"0x0","0x7f781c004940",4181378952121781,4181378952143382,4181378952151634,4181378952154930,8252
140,"__amd_rocclr_copyBuffer.kd",2,8,221,1282169,1282169,512,512,0,0,16,0,32,64,"0x7fb89bde9a00","0x7f781d393600",4181378952162051,4181378952186726,4181378952193977,4181378952199106,7251
141,"__amd_rocclr_fillBufferAligned.kd",2,8,223,1282169,1282169,256,256,0,0,12,4,48,64,"0x0","0x7f781d393580",4181378952223812,4181378952233476,4181378952236119,4181378952307667,2643
142,"ck_fused_attn::get_runtime_max_seqlen_kernel(unsigned long, int const*, int const*, unsigned long*) [clone .kd]",2,8,224,1282169,1282169,4096,128,0,0,4,4,32,64,"0x0","0x7f781c004940",4181378952234418,4181378952243971,4181378952250100,4181378952319274,6129
143,"__amd_rocclr_copyBuffer.kd",2,8,225,1282169,1282169,512,512,0,0,16,0,32,64,"0x7fb89bde9180","0x7f781d393600",4181378952247307,4181378952256229,4181378952262879,4181378952313806,6650
144,"void transformer_engine::fused_attn_rocm::compute_scores_kernel<__half, transformer_engine::fused_attn_rocm::SmallSeqConfig<12, 128, 256, false, (transformer_engine::fused_attn_rocm::CausalMaskType)0>, 1>(__half const*, __half const*, __half*, float, int const*, int const*, int, int) [clone .kd]",2,8,227,1282169,1282169,64000,64,0,0,120,0,32,64,"0x0","0x7f780414ef00",4181378968485297,4181378968513326,4181378968563601,4181378968570023,50275
145,"void transformer_engine::fused_attn_rocm::apply_mask_and_softmax_kernel<__half, transformer_engine::fused_attn_rocm::SmallSeqConfig<12, 128, 256, false, (transformer_engine::fused_attn_rocm::CausalMaskType)0> >(__half*, __half const*, float, int const*, int, int) [clone .kd]",2,8,228,1282169,1282169,780288,256,1024,0,16,0,16,64,"0x0","0x7f780414ef40",4181378968509774,4181378968563601,4181378968569650,4181378968588140,6049
146,"void transformer_engine::fused_attn_rocm::compute_output_kernel<__half, transformer_engine::fused_attn_rocm::SmallSeqConfig<12, 128, 256, false, (transformer_engine::fused_attn_rocm::CausalMaskType)0>, 2, 8>(__half const*, __half const*, __half*, int const*, int const*, int, int) [clone .kd]",2,8,229,1282169,1282169,512000,64,24576,0,24,0,32,64,"0x0","0x7f780414ef80",4181378968517976,4181378968569650,4181378968664832,4181378968666537,95182
147,"loop_broadcast_fusion_5.kd",2,8,230,1282169,1282169,2048000,256,0,0,4,4,16,64,"0x0","0x7f7817b1a740",4181378968536724,4181378968664832,4181378968674566,4181378968676852,9734
148,"__amd_rocclr_fillBufferAligned.kd",2,8,231,1282169,1282169,77824,256,0,0,12,4,48,64,"0x0","0x7f781d393580",4181378968599828,4181378968674566,4181378968682258,4181378968683332,7692
149,"__amd_rocclr_fillBufferAligned.kd",2,8,232,1282169,1282169,77824,256,0,0,12,4,48,64,"0x0","0x7f781d393580",4181378968608531,4181378968682258,4181378968729007,4181378968730031,46749
150,"__amd_rocclr_fillBufferAligned.kd",2,8,233,1282169,1282169,77824,256,0,0,12,4,48,64,"0x0","0x7f781d393580",4181378968615000,4181378968729007,4181378968779723,4181378968793856,50716
151,"__amd_rocclr_fillBufferAligned.kd",2,8,234,1282169,1282169,256,256,0,0,12,4,48,64,"0x0","0x7f781d393580",4181378968623653,4181378968779723,4181378968784490,4181378968787176,4767
152,"ck_fused_attn::get_runtime_max_seqlen_kernel(unsigned long, int const*, int const*, unsigned long*) [clone .kd]",2,8,235,1282169,1282169,4096,128,0,0,4,4,32,64,"0x0","0x7f781c004940",4181378968638926,4181378968784490,4181378968791500,4181378968807336,7010
153,"__amd_rocclr_copyBuffer.kd",2,8,236,1282169,1282169,512,512,0,0,16,0,32,64,"0x7fb89bde9080","0x7f781d393600",4181378968654499,4181378968791500,4181378968797830,4181378968800666,6330
154,"__amd_rocclr_fillBufferAligned.kd",2,8,238,1282169,1282169,256,256,0,0,12,4,48,64,"0x0","0x7f781d393580",4181378968826855,4181378968838170,4181378968840493,4181378968849198,2323
155,"ck_fused_attn::get_runtime_max_seqlen_kernel(unsigned long, int const*, int const*, unsigned long*) [clone .kd]",2,8,239,1282169,1282169,4096,128,0,0,4,4,32,64,"0x0","0x7f781c004940",4181378968837251,4181378968848625,4181378968854834,4181378968855798,6209
156,"__amd_rocclr_copyBuffer.kd",2,8,240,1282169,1282169,512,512,0,0,16,0,32,64,"0x7fb89bde8f80","0x7f781d393600",4181378968848127,4181378968873102,4181378968880032,4181378968882929,6930
157,"void transformer_engine::fused_attn_rocm::compute_grad_v_kernel<__half, transformer_engine::fused_attn_rocm::SmallSeqConfig<12, 128, 256, false, (transformer_engine::fused_attn_rocm::CausalMaskType)0>, 16, 16>(__half const*, __half const*, __half*, int const*, int const*, int, int) [clone .kd]",2,8,242,1282169,1282169,256000,64,24576,0,28,4,32,64,"0x0","0x7f7804150800",4181378968905212,4181378968915805,4181378969009625,4181378969014364,93820
158,"void transformer_engine::fused_attn_rocm::compute_grad_attn_kernel<__half, transformer_engine::fused_attn_rocm::SmallSeqConfig<12, 128, 256, false, (transformer_engine::fused_attn_rocm::CausalMaskType)0>, 16>(__half const*, __half const*, __half*, int const*, int const*, int, int) [clone .kd]",2,8,243,1282169,1282169,8000,64,0,0,124,4,48,64,"0x0","0x7f7804150840",4181378968916899,4181378969009625,4181378969334388,4181378969336213,324763
159,"void transformer_engine::fused_attn_rocm::softmax_backward_kernel<__half, transformer_engine::fused_attn_rocm::SmallSeqConfig<12, 128, 256, false, (transformer_engine::fused_attn_rocm::CausalMaskType)0> >(__half const*, __half const*, __half*, float, int const*, int, int) [clone .kd]",2,8,244,1282169,1282169,780288,256,1024,0,16,0,16,64,"0x0","0x7f7804150880",4181378968926954,4181378969334388,4181378969340316,4181378969353549,5928
160,"void transformer_engine::fused_attn_rocm::compute_grad_qk_kernel<__half, transformer_engine::fused_attn_rocm::SmallSeqConfig<12, 128, 256, false, (transformer_engine::fused_attn_rocm::CausalMaskType)0>, 4, 16>(__half const*, __half const*, __half const*, __half*, __half*, float, int const*, int const*, int, int) [clone .kd]",2,8,245,1282169,1282169,1024000,64,24576,0,36,4,64,64,"0x0","0x7f78041508c0",4181378968935437,4181378969340316,4181378969692160,4181378969702808,351844
161,"input_reduce_fusion.kd",2,8,246,1282169,1282169,524288,256,512,0,16,0,16,64,"0x0","0x7f7817b1a780",4181378968947415,4181378969692160,4181378969703296,4181378969711691,11136
162,"input_reduce_fusion_3.kd",2,8,247,1282169,1282169,128,128,512,0,24,0,16,64,"0x0","0x7f7817b1a7c0",4181378968955707,4181378969703296,4181378969709465,4181378969718311,6169
163,"loop_convert_fusion.kd",2,8,248,1282169,1282169,1,1,0,0,4,4,16,64,"0x0","0x7f7817b1a800",4181378968963218,4181378969709465,4181378969713591,4181378969727324,4126
164,"input_compare_reduce_fusion_1.kd",2,8,251,1282169,1282169,8192,256,0,0,12,4,16,64,"0x0","0x7f7817b19c00",4181378969365226,4181378969728454,4181378969734783,4181378969741385,6329
165,"loop_slice_fusion_1.kd",2,8,252,1282169,1282169,3072,256,0,0,16,0,16,64,"0x0","0x7f7817b19c40",4181378969377294,4181378969734783,4181378969740191,4181378969747855,5408
166,"loop_reduce_window_fusion_16.kd",2,8,253,1282169,1282169,3072,256,0,0,8,0,16,64,"0x0","0x7f7817b19c80",4181378969385005,4181378969740191,4181378969746200,4181378969754735,6009
167,"loop_reduce_window_fusion_15.kd",2,8,254,1282169,1282169,192,192,0,0,8,0,16,64,"0x0","0x7f7817b19cc0",4181378969393768,4181378969746200,4181378969751328,4181378969760584,5128
168,"loop_broadcast_fusion_2.kd",2,8,255,1282169,1282169,48128,256,0,0,4,4,16,64,"0x0","0x7f7817b19d00",4181378969400699,4181378969751328,4181378969757056,4181378969766733,5728
169,"input_scatter_fusion_2.kd",2,8,256,1282169,1282169,48128,256,0,0,12,4,32,64,"0x0","0x7f7817b19d40",4181378969411625,4181378969757056,4181378969768954,4181378969772482,11898
170,"loop_reduce_window_fusion_14.kd",2,8,257,1282169,1282169,48128,256,0,0,8,0,16,64,"0x0","0x7f7817b19d80",4181378969422191,4181378969768954,4181378969774963,4181378969778280,6009
171,"loop_reduce_window_fusion_13.kd",2,8,258,1282169,1282169,3072,256,0,0,8,0,16,64,"0x0","0x7f7817b19dc0",4181378969436712,4181378969774963,4181378969782414,4181378969787033,7451
172,"loop_reduce_window_fusion_15.kd",2,8,259,1282169,1282169,192,192,0,0,8,0,16,64,"0x0","0x7f7817b19cc0",4181378969447308,4181378969782414,4181378969787181,4181378969792952,4767
173,"loop_slice_fusion_6.kd",2,8,260,1282169,1282169,12,12,0,0,4,4,16,64,"0x0","0x7f7817b19e00",4181378969463362,4181378969787181,4181378969792869,4181378969798911,5688
174,"input_reduce_fusion_1.kd",2,8,261,1282169,1282169,64,64,0,0,8,0,16,64,"0x0","0x7f7817b19e40",4181378969474979,4181378969792869,4181378969797596,4181378969805050,4727
175,"loop_select_fusion_5.kd",2,8,262,1282169,1282169,48128,256,0,0,12,4,32,64,"0x0","0x7f7817b19e80",4181378969491904,4181378969797596,4181378969803565,4181378969817278,5969
176,"loop_select_fusion_2.kd",2,8,263,1282169,1282169,48128,256,0,0,4,4,16,64,"0x0","0x7f7817b19ec0",4181378969503872,4181378969803565,4181378969809414,4181378969811079,5849
177,"loop_reduce_window_fusion_14.kd",2,8,264,1282169,1282169,48128,256,0,0,8,0,16,64,"0x0","0x7f7817b19d80",4181378969519976,4181378969809414,4181378969815383,4181378969851199,5969
178,"loop_reduce_window_fusion_13.kd",2,8,265,1282169,1282169,3072,256,0,0,8,0,16,64,"0x0","0x7f7817b19dc0",4181378969530792,4181378969815383,4181378969821512,4181378969856927,6129
179,"loop_reduce_window_fusion_15.kd",2,8,266,1282169,1282169,192,192,0,0,8,0,16,64,"0x0","0x7f7817b19cc0",4181378969537582,4181378969821512,4181378969827321,4181378969845320,5809
180,"input_concatenate_fusion.kd",2,8,267,1282169,1282169,48128,256,0,0,12,4,32,64,"0x0","0x7f7817b19f00",4181378969549840,4181378969827321,4181378969833410,4181378969837498,6089
181,"input_compare_reduce_fusion.kd",2,8,268,1282169,1282169,13312,256,0,0,12,4,16,64,"0x0","0x7f7817b19f40",4181378969566555,4181378969833410,4181378969839218,4181378969881934,5808
182,"loop_slice_fusion.kd",2,8,269,1282169,1282169,3328,256,0,0,16,0,16,64,"0x0","0x7f7817b19f80",4181378969580346,4181378969839218,4181378969845668,4181378969887893,6450
183,"loop_reduce_window_fusion_4.kd",2,8,270,1282169,1282169,3328,256,0,0,8,0,16,64,"0x0","0x7f7817b19fc0",4181378969597051,4181378969845668,4181378969850956,4181378969893672,5288
184,"loop_reduce_window_fusion_3.kd",2,8,271,1282169,1282169,208,208,0,0,8,0,16,64,"0x0","0x7f7817b1a000",4181378969608788,4181378969850956,4181378969857646,4181378969874063,6690
185,"loop_broadcast_fusion.kd",2,8,272,1282169,1282169,52224,256,0,0,4,4,16,64,"0x0","0x7f7817b1a040",4181378969626054,4181378969857646,4181378969863214,4181378969867223,5568
186,"input_scatter_fusion.kd",2,8,273,1282169,1282169,52224,256,0,0,12,4,32,64,"0x0","0x7f7817b1a080",4181378969639894,4181378969863214,4181378969874150,4181378969921323,10936
187,"loop_reduce_window_fusion_2.kd",2,8,274,1282169,1282169,52224,256,0,0,8,0,16,64,"0x0","0x7f7817b1a0c0",4181378969657701,4181378969874150,4181378969879478,4181378969932640,5328
188,"loop_reduce_window_fusion_1.kd",2,8,275,1282169,1282169,3328,256,0,0,8,0,16,64,"0x0","0x7f7817b1a100",4181378969669348,4181378969879478,4181378969885247,4181378969938619,5769
189,"loop_reduce_window_fusion_3.kd",2,8,276,1282169,1282169,208,208,0,0,8,0,16,64,"0x0","0x7f7817b1a000",4181378969676719,4181378969885247,4181378969890334,4181378969909445,5087
190,"loop_slice_fusion_5.kd",2,8,277,1282169,1282169,13,13,0,0,4,4,16,64,"0x0","0x7f7817b1a140",4181378969688296,4181378969890334,4181378969895302,4181378969927112,4968
191,"input_reduce_fusion_2.kd",2,8,278,1282169,1282169,64,64,0,0,8,0,16,64,"0x0","0x7f7817b1a180",4181378969696218,4181378969895302,4181378969900309,4181378969902936,5007
192,"loop_select_fusion_4.kd",2,8,279,1282169,1282169,52224,256,0,0,8,0,32,64,"0x0","0x7f7817b1a1c0",4181378969737650,4181378969900309,4181378969905757,4181378969915464,5448
193,"loop_select_fusion.kd",2,8,280,1282169,1282169,52224,256,0,0,8,0,16,64,"0x0","0x7f7817b1a200",4181378969746683,4181378969905757,4181378969911125,4181378969977296,5368
194,"loop_compare_fusion_1.kd",2,8,281,1282169,1282169,4096,256,0,0,4,4,16,64,"0x0","0x7f7817b1a240",4181378969836787,4181378969911125,4181378969916293,4181378969953371,5168
195,"input_reduce_reduce_window_fusion_1.kd",2,8,282,1282169,1282169,256,256,512,0,20,4,32,64,"0x0","0x7f7817b1a280",4181378969874283,4181378969916293,4181378969933318,4181378969947091,17025
196,"loop_slice_fusion_3.kd",2,8,283,1282169,1282169,16,16,0,0,20,4,16,64,"0x0","0x7f7817b1a2c0",4181378969911248,4181378969933318,4181378969938246,4181378969971788,4928
197,"loop_broadcast_fusion_3.kd",2,8,284,1282169,1282169,4096,256,0,0,4,4,16,64,"0x0","0x7f7817b1a300",4181378969923026,4181378969938246,4181378969942973,4181378969964768,4727
198,"input_scatter_fusion_3.kd",2,8,285,1282169,1282169,4096,256,0,0,8,0,32,64,"0x0","0x7f7817b1a340",4181378969932560,4181378969954029,4181378969961761,4181378969985498,7732
199,"loop_reduce_window_fusion_18.kd",2,8,286,1282169,1282169,4096,256,0,0,8,0,16,64,"0x0","0x7f7817b1a380",4181378969954252,4181378969994489,4181378969998535,4181378969999900,4046
200,"loop_slice_fusion_3.kd",2,8,287,1282169,1282169,16,16,0,0,20,4,16,64,"0x0","0x7f7817b1a2c0",4181378969994572,4181378970003262,4181378970005586,4181378970006049,2324
201,"loop_remainder_fusion.kd",2,8,288,1282169,1282169,4096,256,0,0,12,4,16,64,"0x0","0x7f7817b1a3c0",4181378970005268,4181378970021770,4181378970029101,4181378970035913,7331
202,"loop_select_fusion_3.kd",2,8,289,1282169,1282169,4096,256,0,0,8,0,32,64,"0x0","0x7f7817b1a400",4181378970038327,4181378970048289,4181378970051534,4181378970056804,3245
203,"loop_reduce_window_fusion_18.kd",2,8,290,1282169,1282169,4096,256,0,0,8,0,16,64,"0x0","0x7f7817b1a380",4181378970047100,4181378970055740,4181378970059666,4181378970066018,3926
204,"loop_slice_fusion_3.kd",2,8,291,1282169,1282169,16,16,0,0,20,4,16,64,"0x0","0x7f7817b1a2c0",4181378970054020,4181378970063552,4181378970065234,4181378970071506,1682
205,"input_concatenate_fusion_1.kd",2,8,292,1282169,1282169,4096,256,0,0,8,0,32,64,"0x0","0x7f7817b1a440",4181378970062072,4181378970071764,4181378970078294,4181378970080610,6530
206,"loop_compare_fusion.kd",2,8,293,1282169,1282169,8192,256,0,0,4,4,16,64,"0x0","0x7f7817b1a480",4181378970071586,4181378970086266,4181378970089390,4181378970091626,3124
207,"input_reduce_reduce_window_fusion.kd",2,8,294,1282169,1282169,512,512,512,0,20,4,48,64,"0x0","0x7f7817b1a4c0",4181378970086088,4181378970095960,4181378970114508,4181378970115762,18548
208,"loop_reduce_window_fusion_8.kd",2,8,295,1282169,1282169,32,32,0,0,32,0,16,64,"0x0","0x7f7817b1a500",4181378970096644,4181378970114508,4181378970126445,4181378970126929,11937
209,"loop_broadcast_fusion_1.kd",2,8,296,1282169,1282169,8192,256,0,0,4,4,16,64,"0x0","0x7f7817b1a540",4181378970105908,4181378970126445,4181378970133175,4181378970134911,6730
210,"input_scatter_fusion_1.kd",2,8,297,1282169,1282169,8192,256,0,0,8,0,32,64,"0x0","0x7f7817b1a580",4181378970114040,4181378970133175,4181378970141588,4181378970144535,8413
211,"loop_reduce_window_fusion_7.kd",2,8,298,1282169,1282169,8192,256,0,0,8,0,16,64,"0x0","0x7f7817b1a5c0",4181378970131886,4181378970141588,4181378970146235,4181378970150554,4647
212,"loop_reduce_window_fusion_6.kd",2,8,299,1282169,1282169,512,256,0,0,8,0,16,64,"0x0","0x7f7817b1a600",4181378970140900,4181378970150521,4181378970155368,4181378970159748,4847
213,"loop_reduce_window_fusion_5.kd",2,8,300,1282169,1282169,32,32,0,0,8,0,16,64,"0x0","0x7f7817b1a640",4181378970149462,4181378970165784,4181378970170070,4181378970170614,4286
214,"loop_select_fusion_6.kd",2,8,301,1282169,1282169,8192,256,0,0,8,0,32,64,"0x0","0x7f7817b1a680",4181378970169322,4181378970185654,4181378970189099,4181378970191495,3445
215,"loop_select_fusion_1.kd",2,8,302,1282169,1282169,8192,256,0,0,8,0,16,64,"0x0","0x7f7817b1a6c0",4181378970185125,4181378970194747,4181378970197591,4181378970199847,2844
216,"loop_broadcast_fusion_4.kd",2,8,303,1282169,1282169,16,16,0,0,4,4,16,64,"0x0","0x7f7817b1a700",4181378970193358,4181378970204081,4181378970205844,4181378970207378,1763
217,"__amd_rocclr_fillBufferAligned.kd",2,8,304,1282169,1282169,77824,256,0,0,12,4,48,64,"0x0","0x7f781d393580",4181378970211525,4181378970221266,4181378970240335,4181378970246917,19069
218,"__amd_rocclr_fillBufferAligned.kd",2,8,305,1282169,1282169,16128,256,0,0,12,4,48,64,"0x0","0x7f781d393580",4181378970219587,4181378970240335,4181378970245743,4181378970253407,5408
219,"transformer_engine::fused_attn_rocm::populate_rng_state_kernel(long*, long const*, long) [clone .kd]",2,8,306,1282169,1282169,1,1,0,0,8,0,16,64,"0x0","0x7f781c015380",4181378970235821,4181378970245743,4181378970249989,4181378970261950,4246
220,"__amd_rocclr_fillBufferAligned.kd",2,8,307,1282169,1282169,256,256,0,0,12,4,48,64,"0x0","0x7f781d393580",4181378970246847,4181378970267976,4181378970269939,4181378970270532,1963
221,"ck_fused_attn::get_runtime_max_seqlen_kernel(unsigned long, int const*, int const*, unsigned long*) [clone .kd]",2,8,308,1282169,1282169,4096,128,0,0,4,4,32,64,"0x0","0x7f781c004940",4181378970267708,4181378970287285,4181378970293614,4181378970298644,6329
222,"__amd_rocclr_copyBuffer.kd",2,8,309,1282169,1282169,512,512,0,0,16,0,32,64,"0x7fb89bde8d80","0x7f781d393600",4181378970288469,4181378970298822,4181378970305111,4181378970307067,6289
223,"__amd_rocclr_fillBufferAligned.kd",2,8,311,1282169,1282169,256,256,0,0,12,4,48,64,"0x0","0x7f781d393580",4181378970326776,4181378970339923,4181378970341886,4181378970389109,1963
224,"ck_fused_attn::get_runtime_max_seqlen_kernel(unsigned long, int const*, int const*, unsigned long*) [clone .kd]",2,8,312,1282169,1282169,4096,128,0,0,4,4,32,64,"0x0","0x7f781c004940",4181378970348789,4181378970357309,4181378970363238,4181378970400496,5929
225,"__amd_rocclr_copyBuffer.kd",2,8,313,1282169,1282169,512,512,0,0,16,0,32,64,"0x7fb89bde8c80","0x7f781d393600",4181378970356260,4181378970368285,4181378970374655,4181378970394767,6370
226,"void transformer_engine::fused_attn_rocm::compute_scores_kernel<__half, transformer_engine::fused_attn_rocm::SmallSeqConfig<12, 128, 256, false, (transformer_engine::fused_attn_rocm::CausalMaskType)0>, 1>(__half const*, __half const*, __half*, float, int const*, int const*, int, int) [clone .kd]",2,8,315,1282169,1282169,64000,64,0,0,120,0,32,64,"0x0","0x7f780414ef00",4181378970413815,4181378970423728,4181378970457658,4181378970463429,33930
227,"void transformer_engine::fused_attn_rocm::apply_mask_and_softmax_kernel<__half, transformer_engine::fused_attn_rocm::SmallSeqConfig<12, 128, 256, false, (transformer_engine::fused_attn_rocm::CausalMaskType)0> >(__half*, __half const*, float, int const*, int, int) [clone .kd]",2,8,316,1282169,1282169,780288,256,1024,0,16,0,16,64,"0x0","0x7f780414ef40",4181378970422118,4181378970457658,4181378970464468,4181378970470880,6810
228,"void transformer_engine::fused_attn_rocm::compute_output_kernel<__half, transformer_engine::fused_attn_rocm::SmallSeqConfig<12, 128, 256, false, (transformer_engine::fused_attn_rocm::CausalMaskType)0>, 2, 8>(__half const*, __half const*, __half*, int const*, int const*, int, int) [clone .kd]",2,8,317,1282169,1282169,512000,64,24576,0,24,0,32,64,"0x0","0x7f780414ef80",4181378970436870,4181378970464468,4181378970576074,4181378970579943,111606
229,"loop_broadcast_fusion_5.kd",2,8,318,1282169,1282169,2048000,256,0,0,4,4,16,64,"0x0","0x7f7817b1a740",4181378970445853,4181378970576074,4181378970585849,4181378970589096,9775
230,"__amd_rocclr_fillBufferAligned.kd",2,8,319,1282169,1282169,77824,256,0,0,12,4,48,64,"0x0","0x7f781d393580",4181378970459243,4181378970585849,4181378970593540,4181378970597278,7691
231,"__amd_rocclr_fillBufferAligned.kd",2,8,320,1282169,1282169,77824,256,0,0,12,4,48,64,"0x0","0x7f781d393580",4181378970469659,4181378970593540,4181378970637205,4181378970638590,43665
232,"__amd_rocclr_fillBufferAligned.kd",2,8,321,1282169,1282169,77824,256,0,0,12,4,48,64,"0x0","0x7f781d393580",4181378970484851,4181378970637205,4181378970680670,4181378970693802,43465
233,"__amd_rocclr_fillBufferAligned.kd",2,8,322,1282169,1282169,256,256,0,0,12,4,48,64,"0x0","0x7f781d393580",4181378970493013,4181378970680670,4181378970685397,4181378970687803,4727
234,"ck_fused_attn::get_runtime_max_seqlen_kernel(unsigned long, int const*, int const*, unsigned long*) [clone .kd]",2,8,323,1282169,1282169,4096,128,0,0,4,4,32,64,"0x0","0x7f781c004940",4181378970500264,4181378970685397,4181378970692007,4181378970700582,6610
235,"__amd_rocclr_copyBuffer.kd",2,8,324,1282169,1282169,512,512,0,0,16,0,32,64,"0x7fb89bde8b80","0x7f781d393600",4181378970509678,4181378970692007,4181378970698576,4181378970706531,6569
236,"__amd_rocclr_fillBufferAligned.kd",2,8,326,1282169,1282169,256,256,0,0,12,4,48,64,"0x0","0x7f781d393580",4181378970726701,4181378970742522,4181378970744885,4181378970752279,2363
237,"ck_fused_attn::get_runtime_max_seqlen_kernel(unsigned long, int const*, int const*, unsigned long*) [clone .kd]",2,8,327,1282169,1282169,4096,128,0,0,4,4,32,64,"0x0","0x7f781c004940",4181378970749885,4181378970767359,4181378970776532,4181378970784407,9173
238,"__amd_rocclr_copyBuffer.kd",2,8,328,1282169,1282169,512,512,0,0,16,0,32,64,"0x7fb89bde8a80","0x7f781d393600",4181378970766650,4181378970776532,4181378970782621,4181378970790065,6089
239,"void transformer_engine::fused_attn_rocm::compute_grad_v_kernel<__half, transformer_engine::fused_attn_rocm::SmallSeqConfig<12, 128, 256, false, (transformer_engine::fused_attn_rocm::CausalMaskType)0>, 16, 16>(__half const*, __half const*, __half*, int const*, int const*, int, int) [clone .kd]",2,8,330,1282169,1282169,256000,64,24576,0,28,4,32,64,"0x0","0x7f7804150800",4181378970806339,4181378970816031,4181378970911052,4181378970912177,95021
240,"void transformer_engine::fused_attn_rocm::compute_grad_attn_kernel<__half, transformer_engine::fused_attn_rocm::SmallSeqConfig<12, 128, 256, false, (transformer_engine::fused_attn_rocm::CausalMaskType)0>, 16>(__half const*, __half const*, __half*, int const*, int const*, int, int) [clone .kd]",2,8,331,1282169,1282169,8000,64,0,0,124,4,48,64,"0x0","0x7f7804150840",4181378970816054,4181378970911052,4181378971237498,4181378971252102,326446
241,"void transformer_engine::fused_attn_rocm::softmax_backward_kernel<__half, transformer_engine::fused_attn_rocm::SmallSeqConfig<12, 128, 256, false, (transformer_engine::fused_attn_rocm::CausalMaskType)0> >(__half const*, __half const*, __half*, float, int const*, int, int) [clone .kd]",2,8,332,1282169,1282169,780288,256,1024,0,16,0,16,64,"0x0","0x7f7804150880",4181378970824897,4181378971237498,4181378971244348,4181378971264330,6850
242,"void transformer_engine::fused_attn_rocm::compute_grad_qk_kernel<__half, transformer_engine::fused_attn_rocm::SmallSeqConfig<12, 128, 256, false, (transformer_engine::fused_attn_rocm::CausalMaskType)0>, 4, 16>(__half const*, __half const*, __half const*, __half*, __half*, float, int const*, int const*, int, int) [clone .kd]",2,8,333,1282169,1282169,1024000,64,24576,0,36,4,64,64,"0x0","0x7f78041508c0",4181378970833369,4181378971244348,4181378971612816,4181378971621081,368468
243,"input_reduce_fusion.kd",2,8,334,1282169,1282169,524288,256,512,0,16,0,16,64,"0x0","0x7f7817b1a780",4181378970842433,4181378971612816,4181378971624233,4181378971628031,11417
244,"input_reduce_fusion_3.kd",2,8,335,1282169,1282169,128,128,512,0,24,0,16,64,"0x0","0x7f7817b1a7c0",4181378970850215,4181378971624233,4181378971629921,4181378971633009,5688
245,"loop_convert_fusion.kd",2,8,336,1282169,1282169,1,1,0,0,4,4,16,64,"0x0","0x7f7817b1a800",4181378970859899,4181378971629921,4181378971635730,4181378971637986,5809
246,"input_compare_reduce_fusion_1.kd",2,8,339,1282169,1282169,8192,256,0,0,12,4,16,64,"0x0","0x7f7817b19c00",4181378970963263,4181378971647548,4181378971653797,4181378971662763,6249
247,"loop_slice_fusion_1.kd",2,8,340,1282169,1282169,3072,256,0,0,16,0,16,64,"0x0","0x7f7817b19c40",4181378970973157,4181378971653797,4181378971658884,4181378971667730,5087
248,"loop_reduce_window_fusion_16.kd",2,8,341,1282169,1282169,3072,256,0,0,8,0,16,64,"0x0","0x7f7817b19c80",4181378970981269,4181378971658884,4181378971666856,4181378971672287,7972
249,"loop_reduce_window_fusion_15.kd",2,8,342,1282169,1282169,192,192,0,0,8,0,16,64,"0x0","0x7f7817b19cc0",4181378970989732,4181378971666856,4181378971672144,4181378971677194,5288
250,"loop_broadcast_fusion_2.kd",2,8,343,1282169,1282169,48128,256,0,0,4,4,16,64,"0x0","0x7f7817b19d00",4181378970997093,4181378971672144,4181378971678233,4181378971682242,6089
251,"input_scatter_fusion_2.kd",2,8,344,1282169,1282169,48128,256,0,0,12,4,32,64,"0x0","0x7f7817b19d40",4181378971005325,4181378971678233,4181378971690211,4181378971697815,11978
252,"loop_reduce_window_fusion_14.kd",2,8,345,1282169,1282169,48128,256,0,0,8,0,16,64,"0x0","0x7f7817b19d80",4181378971014389,4181378971690211,4181378971696300,4181378971702031,6089
253,"loop_reduce_window_fusion_13.kd",2,8,346,1282169,1282169,3072,256,0,0,8,0,16,64,"0x0","0x7f7817b19dc0",4181378971022751,4181378971696300,4181378971702269,4181378971706368,5969
254,"loop_reduce_window_fusion_15.kd",2,8,347,1282169,1282169,192,192,0,0,8,0,16,64,"0x0","0x7f7817b19cc0",4181378971030403,4181378971702269,4181378971707837,4181378971710845,5568
255,"loop_slice_fusion_6.kd",2,8,348,1282169,1282169,12,12,0,0,4,4,16,64,"0x0","0x7f7817b19e00",4181378971037814,4181378971707837,4181378971712564,4181378971715511,4727
256,"input_reduce_fusion_1.kd",2,8,349,1282169,1282169,64,64,0,0,8,0,16,64,"0x0","0x7f7817b19e40",4181378971045295,4181378971712564,4181378971717291,4181378971720299,4727
257,"loop_select_fusion_5.kd",2,8,350,1282169,1282169,48128,256,0,0,12,4,32,64,"0x0","0x7f7817b19e80",4181378971053297,4181378971717291,4181378971722459,4181378971724976,5168
258,"loop_select_fusion_2.kd",2,8,351,1282169,1282169,48128,256,0,0,4,4,16,64,"0x0","0x7f7817b19ec0",4181378971061288,4181378971722459,4181378971727507,4181378971729642,5048
259,"loop_reduce_window_fusion_14.kd",2,8,352,1282169,1282169,48128,256,0,0,8,0,16,64,"0x0","0x7f7817b19d80",4181378971069120,4181378971727507,4181378971732594,4181378971734309,5087
260,"loop_reduce_window_fusion_13.kd",2,8,353,1282169,1282169,3072,256,0,0,8,0,16,64,"0x0","0x7f7817b19dc0",4181378971076431,4181378971732594,4181378971738443,4181378971739317,5849
261,"loop_reduce_window_fusion_15.kd",2,8,354,1282169,1282169,192,192,0,0,8,0,16,64,"0x0","0x7f7817b19cc0",4181378971082921,4181378971738443,4181378971743771,4181378971743693,5328
262,"input_concatenate_fusion.kd",2,8,355,1282169,1282169,48128,256,0,0,12,4,32,64,"0x0","0x7f7817b19f00",4181378971091784,4181378971743771,4181378971748858,4181378971752246,5087
263,"input_compare_reduce_fusion.kd",2,8,356,1282169,1282169,13312,256,0,0,12,4,16,64,"0x0","0x7f7817b19f40",4181378971099005,4181378971748858,4181378971753946,4181378971756873,5088
264,"loop_slice_fusion.kd",2,8,357,1282169,1282169,3328,256,0,0,16,0,16,64,"0x0","0x7f7817b19f80",4181378971107337,4181378971753946,4181378971758993,4181378971763242,5047
265,"loop_reduce_window_fusion_4.kd",2,8,358,1282169,1282169,3328,256,0,0,8,0,16,64,"0x0","0x7f7817b19fc0",4181378971114768,4181378971758993,4181378971764121,4181378971767759,5128
266,"loop_reduce_window_fusion_3.kd",2,8,359,1282169,1282169,208,208,0,0,8,0,16,64,"0x0","0x7f7817b1a000",4181378971122059,4181378971764121,4181378971769649,4181378971772676,5528
267,"loop_broadcast_fusion.kd",2,8,360,1282169,1282169,52224,256,0,0,4,4,16,64,"0x0","0x7f7817b1a040",4181378971129931,4181378971769649,4181378971775097,4181378971777373,5448
268,"input_scatter_fusion.kd",2,8,361,1282169,1282169,52224,256,0,0,12,4,32,64,"0x0","0x7f7817b1a080",4181378971137862,4181378971775097,4181378971785833,4181378971797513,10736
269,"loop_reduce_window_fusion_2.kd",2,8,362,1282169,1282169,52224,256,0,0,8,0,16,64,"0x0","0x7f7817b1a0c0",4181378971145954,4181378971785833,4181378971791041,4181378971802030,5208
270,"loop_reduce_window_fusion_1.kd",2,8,363,1282169,1282169,3328,256,0,0,8,0,16,64,"0x0","0x7f7817b1a100",4181378971153335,4181378971791041,4181378971797010,4181378971815891,5969
271,"loop_reduce_window_fusion_3.kd",2,8,364,1282169,1282169,208,208,0,0,8,0,16,64,"0x0","0x7f7817b1a000",4181378971160736,4181378971797010,4181378971801937,4181378971811604,4927
272,"loop_slice_fusion_5.kd",2,8,365,1282169,1282169,13,13,0,0,4,4,16,64,"0x0","0x7f7817b1a140",4181378971168708,4181378971801937,4181378971806905,4181378971807008,4968
273,"input_reduce_fusion_2.kd",2,8,366,1282169,1282169,64,64,0,0,8,0,16,64,"0x0","0x7f7817b1a180",4181378971186475,4181378971806905,4181378971811752,4181378971827338,4847
274,"loop_select_fusion_4.kd",2,8,367,1282169,1282169,52224,256,0,0,8,0,32,64,"0x0","0x7f7817b1a1c0",4181378971200946,4181378971811752,4181378971817120,4181378971832996,5368
275,"loop_select_fusion.kd",2,8,368,1282169,1282169,52224,256,0,0,8,0,16,64,"0x0","0x7f7817b1a200",4181378971210851,4181378971817120,4181378971822368,4181378971822911,5248
276,"loop_compare_fusion_1.kd",2,8,369,1282169,1282169,4096,256,0,0,4,4,16,64,"0x0","0x7f7817b1a240",4181378971217781,4181378971822368,4181378971827415,4181378971839756,5047
277,"input_reduce_reduce_window_fusion_1.kd",2,8,370,1282169,1282169,256,256,512,0,20,4,32,64,"0x0","0x7f7817b1a280",4181378971237781,4181378971827415,4181378971844440,4181378971847408,17025
278,"loop_slice_fusion_3.kd",2,8,371,1282169,1282169,16,16,0,0,20,4,16,64,"0x0","0x7f7817b1a2c0",4181378971279613,4181378971844440,4181378971849328,4181378971854969,4888
279,"loop_broadcast_fusion_3.kd",2,8,372,1282169,1282169,4096,256,0,0,4,4,16,64,"0x0","0x7f7817b1a300",4181378971288376,4181378971849328,4181378971854656,4181378971860327,5328
280,"input_scatter_fusion_3.kd",2,8,373,1282169,1282169,4096,256,0,0,8,0,32,64,"0x0","0x7f7817b1a340",4181378971295276,4181378971854656,4181378971861826,4181378971867377,7170
281,"loop_reduce_window_fusion_18.kd",2,8,374,1282169,1282169,4096,256,0,0,8,0,16,64,"0x0","0x7f7817b1a380",4181378971313333,4181378971861826,4181378971866834,4181378971871914,5008
282,"loop_slice_fusion_3.kd",2,8,375,1282169,1282169,16,16,0,0,20,4,16,64,"0x0","0x7f7817b1a2c0",4181378971327244,4181378971866834,4181378971871721,4181378971878935,4887
283,"loop_remainder_fusion.kd",2,8,376,1282169,1282169,4096,256,0,0,12,4,16,64,"0x0","0x7f7817b1a3c0",4181378971335977,4181378971871721,4181378971878331,4181378971883571,6610
284,"loop_select_fusion_3.kd",2,8,377,1282169,1282169,4096,256,0,0,8,0,32,64,"0x0","0x7f7817b1a400",4181378971349117,4181378971878331,4181378971883298,4181378971888038,4967
285,"loop_reduce_window_fusion_18.kd",2,8,378,1282169,1282169,4096,256,0,0,8,0,16,64,"0x0","0x7f7817b1a380",4181378971357509,4181378971883298,4181378971888346,4181378971894267,5048
286,"loop_slice_fusion_3.kd",2,8,379,1282169,1282169,16,16,0,0,20,4,16,64,"0x0","0x7f7817b1a2c0",4181378971370458,4181378971888346,4181378971893193,4181378971898774,4847
287,"input_concatenate_fusion_1.kd",2,8,380,1282169,1282169,4096,256,0,0,8,0,32,64,"0x0","0x7f7817b1a440",4181378971380002,4181378971893193,4181378971899843,4181378971902990,6650
288,"loop_compare_fusion.kd",2,8,381,1282169,1282169,8192,256,0,0,4,4,16,64,"0x0","0x7f7817b1a480",4181378971391830,4181378971899843,4181378971905010,4181378971909270,5167
289,"input_reduce_reduce_window_fusion.kd",2,8,382,1282169,1282169,512,512,512,0,20,4,48,64,"0x0","0x7f7817b1a4c0",4181378971400353,4181378971905010,4181378971922997,4181378971927427,17987
290,"loop_reduce_window_fusion_8.kd",2,8,383,1282169,1282169,32,32,0,0,32,0,16,64,"0x0","0x7f7817b1a500",4181378971414043,4181378971922997,4181378971935576,4181378971955338,12579
291,"loop_broadcast_fusion_1.kd",2,8,384,1282169,1282169,8192,256,0,0,4,4,16,64,"0x0","0x7f7817b1a540",4181378971422355,4181378971935576,4181378971940944,4181378971945704,5368
292,"input_scatter_fusion_1.kd",2,8,385,1282169,1282169,8192,256,0,0,8,0,32,64,"0x0","0x7f7817b1a580",4181378971435886,4181378971940944,4181378971947554,4181378971950952,6610
293,"loop_reduce_window_fusion_7.kd",2,8,386,1282169,1282169,8192,256,0,0,8,0,16,64,"0x0","0x7f7817b1a5c0",4181378971443357,4181378971947554,4181378971952882,4181378971966064,5328
294,"loop_reduce_window_fusion_6.kd",2,8,387,1282169,1282169,512,256,0,0,8,0,16,64,"0x0","0x7f7817b1a600",4181378971457448,4181378971952882,4181378971958610,4181378971959394,5728
295,"loop_reduce_window_fusion_5.kd",2,8,388,1282169,1282169,32,32,0,0,8,0,16,64,"0x0","0x7f7817b1a640",4181378971464929,4181378971958610,4181378971963578,4181378971970310,4968
296,"loop_select_fusion_6.kd",2,8,389,1282169,1282169,8192,256,0,0,8,0,32,64,"0x0","0x7f7817b1a680",4181378971480252,4181378971963578,4181378971968986,4181378971974977,5408
297,"loop_select_fusion_1.kd",2,8,390,1282169,1282169,8192,256,0,0,8,0,16,64,"0x0","0x7f7817b1a6c0",4181378971487983,4181378971968986,4181378971974153,4181378971979184,5167
298,"loop_broadcast_fusion_4.kd",2,8,391,1282169,1282169,16,16,0,0,4,4,16,64,"0x0","0x7f7817b1a700",4181378971502405,4181378971974153,4181378971979401,4181378971985483,5248
299,"__amd_rocclr_fillBufferAligned.kd",2,8,392,1282169,1282169,77824,256,0,0,12,4,48,64,"0x0","0x7f781d393580",4181378971514502,4181378971979401,4181378971996306,4181378972001076,16905
300,"__amd_rocclr_fillBufferAligned.kd",2,8,393,1282169,1282169,16128,256,0,0,12,4,48,64,"0x0","0x7f781d393580",4181378971524417,4181378971996306,4181378972001434,4181378972008187,5128
301,"transformer_engine::fused_attn_rocm::populate_rng_state_kernel(long*, long const*, long) [clone .kd]",2,8,394,1282169,1282169,1,1,0,0,8,0,16,64,"0x0","0x7f781c015380",4181378971533721,4181378972001434,4181378972006481,4181378972029629,5047
302,"__amd_rocclr_fillBufferAligned.kd",2,8,395,1282169,1282169,256,256,0,0,12,4,48,64,"0x0","0x7f781d393580",4181378971550947,4181378972006481,4181378972011329,4181378972012904,4848
303,"ck_fused_attn::get_runtime_max_seqlen_kernel(unsigned long, int const*, int const*, unsigned long*) [clone .kd]",2,8,396,1282169,1282169,4096,128,0,0,4,4,32,64,"0x0","0x7f781c004940",4181378971570195,4181378972011329,4181378972017498,4181378972019443,6169
304,"__amd_rocclr_copyBuffer.kd",2,8,397,1282169,1282169,512,512,0,0,16,0,32,64,"0x7fb89bde8880","0x7f781d393600",4181378971589995,4181378972017498,4181378972023627,4181378972024211,6129
305,"__amd_rocclr_fillBufferAligned.kd",2,8,399,1282169,1282169,256,256,0,0,12,4,48,64,"0x0","0x7f781d393580",4181378972066834,4181378972077267,4181378972079350,4181378972104210,2083
306,"ck_fused_attn::get_runtime_max_seqlen_kernel(unsigned long, int const*, int const*, unsigned long*) [clone .kd]",2,8,400,1282169,1282169,4096,128,0,0,4,4,32,64,"0x0","0x7f781c004940",4181378972075757,4181378972084197,4181378972093931,4181378972114244,9734
307,"__amd_rocclr_copyBuffer.kd",2,8,401,1282169,1282169,512,512,0,0,16,0,32,64,"0x7fb89bde8780","0x7f781d393600",4181378972083459,4181378972093931,4181378972099700,4181378972109047,5769
308,"void transformer_engine::fused_attn_rocm::compute_scores_kernel<__half, transformer_engine::fused_attn_rocm::SmallSeqConfig<12, 128, 256, false, (transformer_engine::fused_attn_rocm::CausalMaskType)0>, 1>(__half const*, __half const*, __half*, float, int const*, int const*, int, int) [clone .kd]",2,8,403,1282169,1282169,64000,64,0,0,120,0,32,64,"0x0","0x7f780414ef00",4181378972126142,4181378972173530,4181378972204456,4181378972215545,30926
309,"void transformer_engine::fused_attn_rocm::apply_mask_and_softmax_kernel<__half, transformer_engine::fused_attn_rocm::SmallSeqConfig<12, 128, 256, false, (transformer_engine::fused_attn_rocm::CausalMaskType)0> >(__half*, __half const*, float, int const*, int, int) [clone .kd]",2,8,404,1282169,1282169,780288,256,1024,0,16,0,16,64,"0x0","0x7f780414ef40",4181378972171399,4181378972204456,4181378972210104,4181378972222085,5648
310,"void transformer_engine::fused_attn_rocm::compute_output_kernel<__half, transformer_engine::fused_attn_rocm::SmallSeqConfig<12, 128, 256, false, (transformer_engine::fused_attn_rocm::CausalMaskType)0>, 2, 8>(__half const*, __half const*, __half*, int const*, int const*, int, int) [clone .kd]",2,8,405,1282169,1282169,512000,64,24576,0,24,0,32,64,"0x0","0x7f780414ef80",4181378972179201,4181378972210104,4181378972313738,4181378972313751,103634
311,"loop_broadcast_fusion_5.kd",2,8,406,1282169,1282169,2048000,256,0,0,4,4,16,64,"0x0","0x7f7817b1a740",4181378972189016,4181378972313738,4181378972322511,4181378972324718,8773
312,"__amd_rocclr_fillBufferAligned.kd",2,8,407,1282169,1282169,77824,256,0,0,12,4,48,64,"0x0","0x7f781d393580",4181378972204389,4181378972322511,4181378972329602,4181378972330146,7091
313,"__amd_rocclr_fillBufferAligned.kd",2,8,408,1282169,1282169,77824,256,0,0,12,4,48,64,"0x0","0x7f781d393580",4181378972250177,4181378972329602,4181378972367018,4181378972370846,37416
314,"__amd_rocclr_fillBufferAligned.kd",2,8,409,1282169,1282169,77824,256,0,0,12,4,48,64,"0x0","0x7f781d393580",4181378972258108,4181378972367018,4181378972403792,4181378972403835,36774
315,"__amd_rocclr_fillBufferAligned.kd",2,8,410,1282169,1282169,256,256,0,0,12,4,48,64,"0x0","0x7f781d393580",4181378972266831,4181378972403792,4181378972408519,4181378972410415,4727
316,"ck_fused_attn::get_runtime_max_seqlen_kernel(unsigned long, int const*, int const*, unsigned long*) [clone .kd]",2,8,411,1282169,1282169,4096,128,0,0,4,4,32,64,"0x0","0x7f781c004940",4181378972272820,4181378972408519,4181378972414929,4181378972417255,6410
317,"__amd_rocclr_copyBuffer.kd",2,8,412,1282169,1282169,512,512,0,0,16,0,32,64,"0x7fb89bde8680","0x7f781d393600",4181378972280392,4181378972414929,4181378972420898,4181378972421802,5969
318,"__amd_rocclr_fillBufferAligned.kd",2,8,414,1282169,1282169,256,256,0,0,12,4,48,64,"0x0","0x7f781d393580",4181378972441932,4181378972452024,4181378972454267,4181378972463274,2243
319,"ck_fused_attn::get_runtime_max_seqlen_kernel(unsigned long, int const*, int const*, unsigned long*) [clone .kd]",2,8,415,1282169,1282169,4096,128,0,0,4,4,32,64,"0x0","0x7f781c004940",4181378972451756,4181378972460356,4181378972466646,4181378972471536,6290
320,"__amd_rocclr_copyBuffer.kd",2,8,416,1282169,1282169,512,512,0,0,16,0,32,64,"0x7fb89bde8580","0x7f781d393600",4181378972459398,4181378972471653,4181378972476861,4181378972476964,5208
321,"void transformer_engine::fused_attn_rocm::compute_grad_v_kernel<__half, transformer_engine::fused_attn_rocm::SmallSeqConfig<12, 128, 256, false, (transformer_engine::fused_attn_rocm::CausalMaskType)0>, 16, 16>(__half const*, __half const*, __half*, int const*, int const*, int, int) [clone .kd]",2,8,418,1282169,1282169,256000,64,24576,0,28,4,32,64,"0x0","0x7f7804150800",4181378972492757,4181378972503501,4181378972590951,4181378972595761,87450
322,"void transformer_engine::fused_attn_rocm::compute_grad_attn_kernel<__half, transformer_engine::fused_attn_rocm::SmallSeqConfig<12, 128, 256, false, (transformer_engine::fused_attn_rocm::CausalMaskType)0>, 16>(__half const*, __half const*, __half*, int const*, int const*, int, int) [clone .kd]",2,8,419,1282169,1282169,8000,64,0,0,124,4,48,64,"0x0","0x7f7804150840",4181378972501781,4181378972590951,4181378972905298,4181378972908476,314347
323,"void transformer_engine::fused_attn_rocm::softmax_backward_kernel<__half, transformer_engine::fused_attn_rocm::SmallSeqConfig<12, 128, 256, false, (transformer_engine::fused_attn_rocm::CausalMaskType)0> >(__half const*, __half const*, __half*, float, int const*, int, int) [clone .kd]",2,8,420,1282169,1282169,780288,256,1024,0,16,0,16,64,"0x0","0x7f7804150880",4181378972509873,4181378972905298,4181378972911387,4181378972917589,6089
324,"void transformer_engine::fused_attn_rocm::compute_grad_qk_kernel<__half, transformer_engine::fused_attn_rocm::SmallSeqConfig<12, 128, 256, false, (transformer_engine::fused_attn_rocm::CausalMaskType)0>, 4, 16>(__half const*, __half const*, __half const*, __half*, __half*, float, int const*, int const*, int, int) [clone .kd]",2,8,421,1282169,1282169,1024000,64,24576,0,36,4,64,64,"0x0","0x7f78041508c0",4181378972520389,4181378972911387,4181378973294076,4181378973307639,382689
325,"input_reduce_fusion.kd",2,8,422,1282169,1282169,524288,256,512,0,16,0,16,64,"0x0","0x7f7817b1a780",4181378972528761,4181378973294076,4181378973303410,4181378973314820,9334
326,"input_reduce_fusion_3.kd",2,8,423,1282169,1282169,128,128,512,0,24,0,16,64,"0x0","0x7f7817b1a7c0",4181378972536342,4181378973303410,4181378973309299,4181378973319597,5889
327,"loop_convert_fusion.kd",2,8,424,1282169,1282169,1,1,0,0,4,4,16,64,"0x0","0x7f7817b1a800",4181378972544975,4181378973309299,4181378973313505,4181378973323984,4206
328,"input_compare_reduce_fusion_1.kd",2,8,427,1282169,1282169,8192,256,0,0,12,4,16,64,"0x0","0x7f7817b19c00",4181378972676230,4181378973326404,4181378973332894,4181378973355741,6490
329,"loop_slice_fusion_1.kd",2,8,428,1282169,1282169,3072,256,0,0,16,0,16,64,"0x0","0x7f7817b19c40",4181378972686666,4181378973332894,4181378973337781,4181378973360338,4887
330,"loop_reduce_window_fusion_16.kd",2,8,429,1282169,1282169,3072,256,0,0,8,0,16,64,"0x0","0x7f7817b19c80",4181378972693967,4181378973337781,4181378973345393,4181378973364714,7612
331,"loop_reduce_window_fusion_15.kd",2,8,430,1282169,1282169,192,192,0,0,8,0,16,64,"0x0","0x7f7817b19cc0",4181378972701648,4181378973345393,4181378973350680,4181378973369361,5287
332,"loop_broadcast_fusion_2.kd",2,8,431,1282169,1282169,48128,256,0,0,4,4,16,64,"0x0","0x7f7817b19d00",4181378972708709,4181378973350680,4181378973356609,4181378973377493,5929
333,"input_scatter_fusion_2.kd",2,8,432,1282169,1282169,48128,256,0,0,12,4,32,64,"0x0","0x7f7817b19d40",4181378972717392,4181378973356609,4181378973365062,4181378973382090,8453
334,"loop_reduce_window_fusion_14.kd",2,8,433,1282169,1282169,48128,256,0,0,8,0,16,64,"0x0","0x7f7817b19d80",4181378972724913,4181378973365062,4181378973369949,4181378973386827,4887
335,"loop_reduce_window_fusion_13.kd",2,8,434,1282169,1282169,3072,256,0,0,8,0,16,64,"0x0","0x7f7817b19dc0",4181378972732885,4181378973369949,4181378973374957,4181378973391564,5008
336,"loop_reduce_window_fusion_15.kd",2,8,435,1282169,1282169,192,192,0,0,8,0,16,64,"0x0","0x7f7817b19cc0",4181378972740987,4181378973374957,4181378973379563,4181378973397333,4606
337,"loop_slice_fusion_6.kd",2,8,436,1282169,1282169,12,12,0,0,4,4,16,64,"0x0","0x7f7817b19e00",4181378972748668,4181378973379563,4181378973384170,4181378973402340,4607
338,"input_reduce_fusion_1.kd",2,8,437,1282169,1282169,64,64,0,0,8,0,16,64,"0x0","0x7f7817b19e40",4181378972756199,4181378973384170,4181378973388817,4181378973407007,4647
339,"loop_select_fusion_5.kd",2,8,438,1282169,1282169,48128,256,0,0,12,4,32,64,"0x0","0x7f7817b19e80",4181378972764151,4181378973388817,4181378973393825,4181378973412255,5008
340,"loop_select_fusion_2.kd",2,8,439,1282169,1282169,48128,256,0,0,4,4,16,64,"0x0","0x7f7817b19ec0",4181378972771412,4181378973393825,4181378973398632,4181378973417433,4807
341,"loop_reduce_window_fusion_14.kd",2,8,440,1282169,1282169,48128,256,0,0,8,0,16,64,"0x0","0x7f7817b19d80",4181378972778442,4181378973398632,4181378973403559,4181378973421959,4927
342,"loop_reduce_window_fusion_13.kd",2,8,441,1282169,1282169,3072,256,0,0,8,0,16,64,"0x0","0x7f7817b19dc0",4181378972785212,4181378973403559,4181378973408607,4181378973426777,5048
343,"loop_reduce_window_fusion_15.kd",2,8,442,1282169,1282169,192,192,0,0,8,0,16,64,"0x0","0x7f7817b19cc0",4181378972792393,4181378973408607,4181378973413294,4181378973431393,4687
344,"input_concatenate_fusion.kd",2,8,443,1282169,1282169,48128,256,0,0,12,4,32,64,"0x0","0x7f7817b19f00",4181378972799353,4181378973413294,4181378973418181,4181378973435890,4887
345,"input_compare_reduce_fusion.kd",2,8,444,1282169,1282169,13312,256,0,0,12,4,16,64,"0x0","0x7f7817b19f40",4181378972806815,4181378973418181,4181378973423028,4181378973442550,4847
346,"loop_slice_fusion.kd",2,8,445,1282169,1282169,3328,256,0,0,16,0,16,64,"0x0","0x7f7817b19f80",4181378972813174,4181378973423028,4181378973427835,4181378973447287,4807
347,"loop_reduce_window_fusion_4.kd",2,8,446,1282169,1282169,3328,256,0,0,8,0,16,64,"0x0","0x7f7817b19fc0",4181378972820905,4181378973427835,4181378973432843,4181378973451774,5008
348,"loop_reduce_window_fusion_3.kd",2,8,447,1282169,1282169,208,208,0,0,8,0,16,64,"0x0","0x7f7817b1a000",4181378972827906,4181378973432843,4181378973437770,4181378973456711,4927
349,"loop_broadcast_fusion.kd",2,8,448,1282169,1282169,52224,256,0,0,4,4,16,64,"0x0","0x7f7817b1a040",4181378972835978,4181378973437770,4181378973442898,4181378973461007,5128
350,"input_scatter_fusion.kd",2,8,449,1282169,1282169,52224,256,0,0,12,4,32,64,"0x0","0x7f7817b1a080",4181378972843870,4181378973442898,4181378973451791,4181378973465634,8893
351,"loop_reduce_window_fusion_2.kd",2,8,450,1282169,1282169,52224,256,0,0,8,0,16,64,"0x0","0x7f7817b1a0c0",4181378972851501,4181378973451791,4181378973456758,4181378973470041,4967
352,"loop_reduce_window_fusion_1.kd",2,8,451,1282169,1282169,3328,256,0,0,8,0,16,64,"0x0","0x7f7817b1a100",4181378972858001,4181378973456758,4181378973461886,4181378973474688,5128
353,"loop_reduce_window_fusion_3.kd",2,8,452,1282169,1282169,208,208,0,0,8,0,16,64,"0x0","0x7f7817b1a000",4181378972865372,4181378973461886,4181378973466573,4181378973485564,4687
354,"loop_slice_fusion_5.kd",2,8,453,1282169,1282169,13,13,0,0,4,4,16,64,"0x0","0x7f7817b1a140",4181378972871991,4181378973466573,4181378973471300,4181378973480436,4727
355,"input_reduce_fusion_2.kd",2,8,454,1282169,1282169,64,64,0,0,8,0,16,64,"0x0","0x7f7817b1a180",4181378972879933,4181378973471300,4181378973476027,4181378973510421,4727
356,"loop_select_fusion_4.kd",2,8,455,1282169,1282169,52224,256,0,0,8,0,32,64,"0x0","0x7f7817b1a1c0",4181378972888506,4181378973476027,4181378973481114,4181378973505804,5087
357,"loop_select_fusion.kd",2,8,456,1282169,1282169,52224,256,0,0,8,0,16,64,"0x0","0x7f7817b1a200",4181378972895717,4181378973481114,4181378973486122,4181378973494227,5008
358,"loop_compare_fusion_1.kd",2,8,457,1282169,1282169,4096,256,0,0,4,4,16,64,"0x0","0x7f7817b1a240",4181378972902707,4181378973486122,4181378973491009,4181378973499294,4887
359,"input_reduce_reduce_window_fusion_1.kd",2,8,458,1282169,1282169,256,256,512,0,20,4,32,64,"0x0","0x7f7817b1a280",4181378972910028,4181378973491009,4181378973507153,4181378973517632,16144
360,"loop_slice_fusion_3.kd",2,8,459,1282169,1282169,16,16,0,0,20,4,16,64,"0x0","0x7f7817b1a2c0",4181378972930048,4181378973507153,4181378973512080,4181378973522459,4927
361,"loop_broadcast_fusion_3.kd",2,8,460,1282169,1282169,4096,256,0,0,4,4,16,64,"0x0","0x7f7817b1a300",4181378972938050,4181378973512080,4181378973517328,4181378973526956,5248
362,"input_scatter_fusion_3.kd",2,8,461,1282169,1282169,4096,256,0,0,8,0,32,64,"0x0","0x7f7817b1a340",4181378972945300,4181378973517328,4181378973523538,4181378973533936,6210
363,"loop_reduce_window_fusion_18.kd",2,8,462,1282169,1282169,4096,256,0,0,8,0,16,64,"0x0","0x7f7817b1a380",4181378972952461,4181378973523538,4181378973528345,4181378973538573,4807
364,"loop_slice_fusion_3.kd",2,8,463,1282169,1282169,16,16,0,0,20,4,16,64,"0x0","0x7f7817b1a2c0",4181378972960032,4181378973528345,4181378973533072,4181378973543370,4727
365,"loop_remainder_fusion.kd",2,8,464,1282169,1282169,4096,256,0,0,12,4,16,64,"0x0","0x7f7817b1a3c0",4181378972967544,4181378973533072,4181378973539001,4181378973550471,5929
366,"loop_select_fusion_3.kd",2,8,465,1282169,1282169,4096,256,0,0,8,0,32,64,"0x0","0x7f7817b1a400",4181378972975576,4181378973539001,4181378973543968,4181378973569849,4967
367,"loop_reduce_window_fusion_18.kd",2,8,466,1282169,1282169,4096,256,0,0,8,0,16,64,"0x0","0x7f7817b1a380",4181378972982326,4181378973543968,4181378973548855,4181378973576239,4887
368,"loop_slice_fusion_3.kd",2,8,467,1282169,1282169,16,16,0,0,20,4,16,64,"0x0","0x7f7817b1a2c0",4181378972990267,4181378973548855,4181378973553542,4181378973555348,4687
369,"input_concatenate_fusion_1.kd",2,8,468,1282169,1282169,4096,256,0,0,8,0,32,64,"0x0","0x7f7817b1a440",4181378972997919,4181378973553542,4181378973559791,4181378973560736,6249
370,"loop_compare_fusion.kd",2,8,469,1282169,1282169,8192,256,0,0,4,4,16,64,"0x0","0x7f7817b1a480",4181378973004809,4181378973559791,4181378973564719,4181378973564842,4928
371,"input_reduce_reduce_window_fusion.kd",2,8,470,1282169,1282169,512,512,512,0,20,4,48,64,"0x0","0x7f7817b1a4c0",4181378973012951,4181378973564719,4181378973581904,4181378973582458,17185
372,"loop_reduce_window_fusion_8.kd",2,8,471,1282169,1282169,32,32,0,0,32,0,16,64,"0x0","0x7f7817b1a500",4181378973021153,4181378973581904,4181378973592921,4181378973601436,11017
373,"loop_broadcast_fusion_1.kd",2,8,472,1282169,1282169,8192,256,0,0,4,4,16,64,"0x0","0x7f7817b1a540",4181378973028354,4181378973592921,4181378973598048,4181378973606233,5127
374,"input_scatter_fusion_1.kd",2,8,473,1282169,1282169,8192,256,0,0,8,0,32,64,"0x0","0x7f7817b1a580",4181378973036757,4181378973598048,4181378973603857,4181378973612943,5809
375,"loop_reduce_window_fusion_7.kd",2,8,474,1282169,1282169,8192,256,0,0,8,0,16,64,"0x0","0x7f7817b1a5c0",4181378973044889,4181378973603857,4181378973608945,4181378973617150,5088
376,"loop_reduce_window_fusion_6.kd",2,8,475,1282169,1282169,512,256,0,0,8,0,16,64,"0x0","0x7f7817b1a600",4181378973052650,4181378973608945,4181378973614032,4181378973621727,5087
377,"loop_reduce_window_fusion_5.kd",2,8,476,1282169,1282169,32,32,0,0,8,0,16,64,"0x0","0x7f7817b1a640",4181378973060812,4181378973614032,4181378973618839,4181378973628306,4807
378,"loop_select_fusion_6.kd",2,8,477,1282169,1282169,8192,256,0,0,8,0,32,64,"0x0","0x7f7817b1a680",4181378973068534,4181378973618839,4181378973624007,4181378973632503,5168
379,"loop_select_fusion_1.kd",2,8,478,1282169,1282169,8192,256,0,0,8,0,16,64,"0x0","0x7f7817b1a6c0",4181378973076796,4181378973624007,4181378973628974,4181378973636799,4967
380,"loop_broadcast_fusion_4.kd",2,8,479,1282169,1282169,16,16,0,0,4,4,16,64,"0x0","0x7f7817b1a700",4181378973084898,4181378973628974,4181378973634062,4181378973643028,5088
381,"__amd_rocclr_fillBufferAligned.kd",2,8,480,1282169,1282169,77824,256,0,0,12,4,48,64,"0x0","0x7f781d393580",4181378973096776,4181378973634062,4181378973648083,4181378973649518,14021
382,"__amd_rocclr_fillBufferAligned.kd",2,8,481,1282169,1282169,16128,256,0,0,12,4,48,64,"0x0","0x7f781d393580",4181378973104097,4181378973648083,4181378973653050,4181378973654015,4967
383,"transformer_engine::fused_attn_rocm::populate_rng_state_kernel(long*, long const*, long) [clone .kd]",2,8,482,1282169,1282169,1,1,0,0,8,0,16,64,"0x0","0x7f781c015380",4181378973113150,4181378973653050,4181378973657937,4181378973661846,4887
384,"__amd_rocclr_fillBufferAligned.kd",2,8,483,1282169,1282169,256,256,0,0,12,4,48,64,"0x0","0x7f781d393580",4181378973146770,4181378973657937,4181378973662584,4181378973666633,4647
385,"ck_fused_attn::get_runtime_max_seqlen_kernel(unsigned long, int const*, int const*, unsigned long*) [clone .kd]",2,8,484,1282169,1282169,4096,128,0,0,4,4,32,64,"0x0","0x7f781c004940",4181378973154321,4181378973662584,4181378973668473,4181378973671280,5889
386,"__amd_rocclr_copyBuffer.kd",2,8,485,1282169,1282169,512,512,0,0,16,0,32,64,"0x7fb89bde8380","0x7f781d393600",4181378973163205,4181378973668473,4181378973674162,4181378973678130,5689
387,"__amd_rocclr_fillBufferAligned.kd",2,8,487,1282169,1282169,256,256,0,0,12,4,48,64,"0x0","0x7f781d393580",4181378973722827,4181378973743465,4181378973745307,4181378973776797,1842
388,"ck_fused_attn::get_runtime_max_seqlen_kernel(unsigned long, int const*, int const*, unsigned long*) [clone .kd]",2,8,488,1282169,1282169,4096,128,0,0,4,4,32,64,"0x0","0x7f781c004940",4181378973743528,4181378973753119,4181378973758767,4181378973786962,5648
389,"__amd_rocclr_copyBuffer.kd",2,8,489,1282169,1282169,512,512,0,0,16,0,32,64,"0x7fb89bde8280","0x7f781d393600",4181378973755445,4181378973764015,4181378973769944,4181378973782215,5929
390,"void transformer_engine::fused_attn_rocm::compute_scores_kernel<__half, transformer_engine::fused_attn_rocm::SmallSeqConfig<12, 128, 256, false, (transformer_engine::fused_attn_rocm::CausalMaskType)0>, 1>(__half const*, __half const*, __half*, float, int const*, int const*, int, int) [clone .kd]",2,8,491,1282169,1282169,64000,64,0,0,120,0,32,64,"0x0","0x7f780414ef00",4181378973798920,4181378973808561,4181378973838446,4181378973840011,29885
391,"void transformer_engine::fused_attn_rocm::apply_mask_and_softmax_kernel<__half, transformer_engine::fused_attn_rocm::SmallSeqConfig<12, 128, 256, false, (transformer_engine::fused_attn_rocm::CausalMaskType)0> >(__half*, __half const*, float, int const*, int, int) [clone .kd]",2,8,492,1282169,1282169,780288,256,1024,0,16,0,16,64,"0x0","0x7f780414ef40",4181378973806521,4181378973838446,4181378973843934,4181378973849225,5488
392,"void transformer_engine::fused_attn_rocm::compute_output_kernel<__half, transformer_engine::fused_attn_rocm::SmallSeqConfig<12, 128, 256, false, (transformer_engine::fused_attn_rocm::CausalMaskType)0>, 2, 8>(__half const*, __half const*, __half*, int const*, int const*, int, int) [clone .kd]",2,8,493,1282169,1282169,512000,64,24576,0,24,0,32,64,"0x0","0x7f780414ef80",4181378973814233,4181378973843934,4181378973942360,4181378973945308,98426
393,"loop_broadcast_fusion_5.kd",2,8,494,1282169,1282169,2048000,256,0,0,4,4,16,64,"0x0","0x7f7817b1a740",4181378973824448,4181378973942360,4181378973950573,4181378973956414,8213
394,"__amd_rocclr_fillBufferAligned.kd",2,8,495,1282169,1282169,77824,256,0,0,12,4,48,64,"0x0","0x7f781d393580",4181378973840402,4181378973950573,4181378973957343,4181378973961282,6770
395,"__amd_rocclr_fillBufferAligned.kd",2,8,496,1282169,1282169,77824,256,0,0,12,4,48,64,"0x0","0x7f781d393580",4181378973862124,4181378973957343,4181378973990031,4181378973993519,32688
396,"__amd_rocclr_fillBufferAligned.kd",2,8,497,1282169,1282169,77824,256,0,0,12,4,48,64,"0x0","0x7f781d393580",4181378973870206,4181378973990031,4181378974022960,4181378974025547,32929
397,"__amd_rocclr_fillBufferAligned.kd",2,8,498,1282169,1282169,256,256,0,0,12,4,48,64,"0x0","0x7f781d393580",4181378973885769,4181378974022960,4181378974027687,4181378974032748,4727
398,"ck_fused_attn::get_runtime_max_seqlen_kernel(unsigned long, int const*, int const*, unsigned long*) [clone .kd]",2,8,499,1282169,1282169,4096,128,0,0,4,4,32,64,"0x0","0x7f781c004940",4181378973892359,4181378974027687,4181378974033897,4181378974039288,6210
399,"__amd_rocclr_copyBuffer.kd",2,8,500,1282169,1282169,512,512,0,0,16,0,32,64,"0x7fb89bde8180","0x7f781d393600",4181378973900050,4181378974033897,4181378974039545,4181378974043484,5648
400,"__amd_rocclr_fillBufferAligned.kd",2,8,502,1282169,1282169,256,256,0,0,12,4,48,64,"0x0","0x7f781d393580",4181378974062622,4181378974071873,4181378974073996,4181378974083463,2123
401,"ck_fused_attn::get_runtime_max_seqlen_kernel(unsigned long, int const*, int const*, unsigned long*) [clone .kd]",2,8,503,1282169,1282169,4096,128,0,0,4,4,32,64,"0x0","0x7f781c004940",4181378974071275,4181378974081207,4181378974087056,4181378974092797,5849
402,"__amd_rocclr_copyBuffer.kd",2,8,504,1282169,1282169,512,512,0,0,16,0,32,64,"0x7fb89bde9d80","0x7f781d393600",4181378974083293,4181378974100876,4181378974107646,4181378974108881,6770
403,"void transformer_engine::fused_attn_rocm::compute_grad_v_kernel<__half, transformer_engine::fused_attn_rocm::SmallSeqConfig<12, 128, 256, false, (transformer_engine::fused_attn_rocm::CausalMaskType)0>, 16, 16>(__half const*, __half const*, __half*, int const*, int const*, int, int) [clone .kd]",2,8,506,1282169,1282169,256000,64,24576,0,28,4,32,64,"0x0","0x7f7804150800",4181378974124504,4181378974135327,4181378974220334,4181378974224303,85007
404,"void transformer_engine::fused_attn_rocm::compute_grad_attn_kernel<__half, transformer_engine::fused_attn_rocm::SmallSeqConfig<12, 128, 256, false, (transformer_engine::fused_attn_rocm::CausalMaskType)0>, 16>(__half const*, __half const*, __half*, int const*, int const*, int, int) [clone .kd]",2,8,507,1282169,1282169,8000,64,0,0,124,4,48,64,"0x0","0x7f7804150840",4181378974133778,4181378974220334,4181378974523425,4181378974528004,303091
405,"void transformer_engine::fused_attn_rocm::softmax_backward_kernel<__half, transformer_engine::fused_attn_rocm::SmallSeqConfig<12, 128, 256, false, (transformer_engine::fused_attn_rocm::CausalMaskType)0> >(__half const*, __half const*, __half*, float, int const*, int, int) [clone .kd]",2,8,508,1282169,1282169,780288,256,1024,0,16,0,16,64,"0x0","0x7f7804150880",4181378974141239,4181378974523425,4181378974529393,4181378974536627,5968
406,"void transformer_engine::fused_attn_rocm::compute_grad_qk_kernel<__half, transformer_engine::fused_attn_rocm::SmallSeqConfig<12, 128, 256, false, (transformer_engine::fused_attn_rocm::CausalMaskType)0>, 4, 16>(__half const*, __half const*, __half const*, __half*, __half*, float, int const*, int const*, int, int) [clone .kd]",2,8,509,1282169,1282169,1024000,64,24576,0,36,4,64,64,"0x0","0x7f78041508c0",4181378974151575,4181378974529393,4181378974867817,4181378974868871,338424
407,"input_reduce_fusion.kd",2,8,510,1282169,1282169,524288,256,512,0,16,0,16,64,"0x0","0x7f7817b1a780",4181378974159206,4181378974867817,4181378974877311,4181378974879457,9494
408,"input_reduce_fusion_3.kd",2,8,511,1282169,1282169,128,128,512,0,24,0,16,64,"0x0","0x7f7817b1a7c0",4181378974166507,4181378974877311,4181378974883119,4181378974884304,5808
409,"loop_convert_fusion.kd",2,8,512,1282169,1282169,1,1,0,0,4,4,16,64,"0x0","0x7f7817b1a800",4181378974174819,4181378974883119,4181378974887246,4181378974889242,4127
410,"input_compare_reduce_fusion_1.kd",2,8,515,1282169,1282169,8192,256,0,0,12,4,16,64,"0x0","0x7f7817b19c00",4181378974299635,4181378974899183,4181378974905353,4181378974914559,6170
411,"loop_slice_fusion_1.kd",2,8,516,1282169,1282169,3072,256,0,0,16,0,16,64,"0x0","0x7f7817b19c40",4181378974310190,4181378974905353,4181378974910440,4181378974919507,5087
412,"loop_reduce_window_fusion_16.kd",2,8,517,1282169,1282169,3072,256,0,0,8,0,16,64,"0x0","0x7f7817b19c80",4181378974318072,4181378974910440,4181378974916810,4181378974924144,6370
413,"loop_reduce_window_fusion_15.kd",2,8,518,1282169,1282169,192,192,0,0,8,0,16,64,"0x0","0x7f7817b19cc0",4181378974325193,4181378974916810,4181378974922137,4181378974931114,5327
414,"loop_broadcast_fusion_2.kd",2,8,519,1282169,1282169,48128,256,0,0,4,4,16,64,"0x0","0x7f7817b19d00",4181378974332303,4181378974922137,4181378974927706,4181378974936362,5569
415,"input_scatter_fusion_2.kd",2,8,520,1282169,1282169,48128,256,0,0,12,4,32,64,"0x0","0x7f7817b19d40",4181378974339975,4181378974927706,4181378974937921,4181378974941239,10215
416,"loop_reduce_window_fusion_14.kd",2,8,521,1282169,1282169,48128,256,0,0,8,0,16,64,"0x0","0x7f7817b19d80",4181378974347416,4181378974937921,4181378974943730,4181378974945916,5809
417,"loop_reduce_window_fusion_13.kd",2,8,522,1282169,1282169,3072,256,0,0,8,0,16,64,"0x0","0x7f7817b19dc0",4181378974354426,4181378974943730,4181378974949618,4181378974950573,5888
418,"loop_reduce_window_fusion_15.kd",2,8,523,1282169,1282169,192,192,0,0,8,0,16,64,"0x0","0x7f7817b19cc0",4181378974361206,4181378974949618,4181378974954225,4181378974955510,4607
419,"loop_slice_fusion_6.kd",2,8,524,1282169,1282169,12,12,0,0,4,4,16,64,"0x0","0x7f7817b19e00",4181378974367736,4181378974954225,4181378974960114,4181378974959957,5889
420,"input_reduce_fusion_1.kd",2,8,525,1282169,1282169,64,64,0,0,8,0,16,64,"0x0","0x7f7817b19e40",4181378974374827,4181378974960114,4181378974965642,4181378974973167,5528
421,"loop_select_fusion_5.kd",2,8,526,1282169,1282169,48128,256,0,0,12,4,32,64,"0x0","0x7f7817b19e80",4181378974383009,4181378974965642,4181378974971611,4181378974977693,5969
422,"loop_select_fusion_2.kd",2,8,527,1282169,1282169,48128,256,0,0,4,4,16,64,"0x0","0x7f7817b19ec0",4181378974391001,4181378974971611,4181378974976498,4181378974982480,4887
423,"loop_reduce_window_fusion_14.kd",2,8,528,1282169,1282169,48128,256,0,0,8,0,16,64,"0x0","0x7f7817b19d80",4181378974397811,4181378974976498,4181378974982627,4181378974987087,6129
424,"loop_reduce_window_fusion_13.kd",2,8,529,1282169,1282169,3072,256,0,0,8,0,16,64,"0x0","0x7f7817b19dc0",4181378974405112,4181378974982627,4181378974987194,4181378974991554,4567
425,"loop_reduce_window_fusion_15.kd",2,8,530,1282169,1282169,192,192,0,0,8,0,16,64,"0x0","0x7f7817b19cc0",4181378974411481,4181378974987194,4181378974992041,4181378974995970,4847
426,"input_concatenate_fusion.kd",2,8,531,1282169,1282169,48128,256,0,0,12,4,32,64,"0x0","0x7f7817b19f00",4181378974418221,4181378974992041,4181378974996929,4181378975001909,4888
427,"input_compare_reduce_fusion.kd",2,8,532,1282169,1282169,13312,256,0,0,12,4,16,64,"0x0","0x7f7817b19f40",4181378974425332,4181378974996929,4181378975001856,4181378975006586,4927
428,"loop_slice_fusion.kd",2,8,533,1282169,1282169,3328,256,0,0,16,0,16,64,"0x0","0x7f7817b19f80",4181378974431851,4181378975001856,4181378975006663,4181378975011734,4807
429,"loop_reduce_window_fusion_4.kd",2,8,534,1282169,1282169,3328,256,0,0,8,0,16,64,"0x0","0x7f7817b19fc0",4181378974439613,4181378975006663,4181378975011671,4181378975027888,5008
430,"loop_reduce_window_fusion_3.kd",2,8,535,1282169,1282169,208,208,0,0,8,0,16,64,"0x0","0x7f7817b1a000",4181378974448937,4181378975011671,4181378975016518,4181378975032975,4847
431,"loop_broadcast_fusion.kd",2,8,536,1282169,1282169,52224,256,0,0,4,4,16,64,"0x0","0x7f7817b1a040",4181378974456278,4181378975016518,4181378975021686,4181378975037622,5168
432,"input_scatter_fusion.kd",2,8,537,1282169,1282169,52224,256,0,0,12,4,32,64,"0x0","0x7f7817b1a080",4181378974464210,4181378975021686,4181378975030579,4181378975042229,8893
433,"loop_reduce_window_fusion_2.kd",2,8,538,1282169,1282169,52224,256,0,0,8,0,16,64,"0x0","0x7f7817b1a0c0",4181378974471901,4181378975030579,4181378975035586,4181378975046616,5007
434,"loop_reduce_window_fusion_1.kd",2,8,539,1282169,1282169,3328,256,0,0,8,0,16,64,"0x0","0x7f7817b1a100",4181378974478260,4181378975035586,4181378975040794,4181378975051142,5208
435,"loop_reduce_window_fusion_3.kd",2,8,540,1282169,1282169,208,208,0,0,8,0,16,64,"0x0","0x7f7817b1a000",4181378974485481,4181378975040794,4181378975045521,4181378975060126,4727
436,"loop_slice_fusion_5.kd",2,8,541,1282169,1282169,13,13,0,0,4,4,16,64,"0x0","0x7f7817b1a140",4181378974492351,4181378975045521,4181378975050248,4181378975055499,4727
437,"input_reduce_fusion_2.kd",2,8,542,1282169,1282169,64,64,0,0,8,0,16,64,"0x0","0x7f7817b1a180",4181378974500243,4181378975050248,4181378975054975,4181378975084001,4727
438,"loop_select_fusion_4.kd",2,8,543,1282169,1282169,52224,256,0,0,8,0,32,64,"0x0","0x7f7817b1a1c0",4181378974507935,4181378975054975,4181378975060063,4181378975079334,5088
439,"loop_select_fusion.kd",2,8,544,1282169,1282169,52224,256,0,0,8,0,16,64,"0x0","0x7f7817b1a200",4181378974514765,4181378975060063,4181378975065030,4181378975068238,4967
440,"loop_compare_fusion_1.kd",2,8,545,1282169,1282169,4096,256,0,0,4,4,16,64,"0x0","0x7f7817b1a240",4181378974522466,4181378975065030,4181378975069957,4181378975074698,4927
441,"input_reduce_reduce_window_fusion_1.kd",2,8,546,1282169,1282169,256,256,512,0,20,4,32,64,"0x0","0x7f7817b1a280",4181378974529607,4181378975069957,4181378975086061,4181378975091112,16104
442,"loop_slice_fusion_3.kd",2,8,547,1282169,1282169,16,16,0,0,20,4,16,64,"0x0","0x7f7817b1a2c0",4181378974542476,4181378975086061,4181378975090908,4181378975095809,4847
443,"loop_broadcast_fusion_3.kd",2,8,548,1282169,1282169,4096,256,0,0,4,4,16,64,"0x0","0x7f7817b1a300",4181378974551449,4181378975090908,4181378975095996,4181378975099825,5088
444,"input_scatter_fusion_3.kd",2,8,549,1282169,1282169,4096,256,0,0,8,0,32,64,"0x0","0x7f7817b1a340",4181378974559702,4181378975095996,4181378975102205,4181378975106254,6209
445,"loop_reduce_window_fusion_18.kd",2,8,550,1282169,1282169,4096,256,0,0,8,0,16,64,"0x0","0x7f7817b1a380",4181378974567333,4181378975102205,4181378975107012,4181378975110961,4807
446,"loop_slice_fusion_3.kd",2,8,551,1282169,1282169,16,16,0,0,20,4,16,64,"0x0","0x7f7817b1a2c0",4181378974575515,4181378975107012,4181378975111780,4181378975115779,4768
447,"loop_remainder_fusion.kd",2,8,552,1282169,1282169,4096,256,0,0,12,4,16,64,"0x0","0x7f7817b1a3c0",4181378974582666,4181378975111780,4181378975117668,4181378975121938,5888
448,"loop_select_fusion_3.kd",2,8,553,1282169,1282169,4096,256,0,0,8,0,32,64,"0x0","0x7f7817b1a400",4181378974590397,4181378975117668,4181378975122435,4181378975126495,4767
449,"loop_reduce_window_fusion_18.kd",2,8,554,1282169,1282169,4096,256,0,0,8,0,16,64,"0x0","0x7f7817b1a380",4181378974598559,4181378975122435,4181378975127323,4181378975131632,4888
450,"loop_slice_fusion_3.kd",2,8,555,1282169,1282169,16,16,0,0,20,4,16,64,"0x0","0x7f7817b1a2c0",4181378974605380,4181378975127323,4181378975132050,4181378975138452,4727
451,"input_concatenate_fusion_1.kd",2,8,556,1282169,1282169,4096,256,0,0,8,0,32,64,"0x0","0x7f7817b1a440",4181378974613452,4181378975132050,4181378975138099,4181378975145613,6049
452,"loop_compare_fusion.kd",2,8,557,1282169,1282169,8192,256,0,0,4,4,16,64,"0x0","0x7f7817b1a480",4181378974620242,4181378975138099,4181378975143026,4181378975149959,4927
453,"input_reduce_reduce_window_fusion.kd",2,8,558,1282169,1282169,512,512,512,0,20,4,48,64,"0x0","0x7f7817b1a4c0",4181378974628394,4181378975143026,4181378975160292,4181378975168567,17266
454,"loop_reduce_window_fusion_8.kd",2,8,559,1282169,1282169,32,32,0,0,32,0,16,64,"0x0","0x7f7817b1a500",4181378974636005,4181378975160292,4181378975171188,4181378975175077,10896
455,"loop_broadcast_fusion_1.kd",2,8,560,1282169,1282169,8192,256,0,0,4,4,16,64,"0x0","0x7f7817b1a540",4181378974642154,4181378975171188,4181378975176356,4181378975179924,5168
456,"input_scatter_fusion_1.kd",2,8,561,1282169,1282169,8192,256,0,0,8,0,32,64,"0x0","0x7f7817b1a580",4181378974649745,4181378975176356,4181378975182124,4181378975184861,5768
457,"loop_reduce_window_fusion_7.kd",2,8,562,1282169,1282169,8192,256,0,0,8,0,16,64,"0x0","0x7f7817b1a5c0",4181378974658078,4181378975182124,4181378975187172,4181378975189608,5048
458,"loop_reduce_window_fusion_6.kd",2,8,563,1282169,1282169,512,256,0,0,8,0,16,64,"0x0","0x7f7817b1a600",4181378974665559,4181378975187172,4181378975192179,4181378975196298,5007
459,"loop_reduce_window_fusion_5.kd",2,8,564,1282169,1282169,32,32,0,0,8,0,16,64,"0x0","0x7f7817b1a640",4181378974673591,4181378975192179,4181378975196986,4181378975201666,4807
460,"loop_select_fusion_6.kd",2,8,565,1282169,1282169,8192,256,0,0,8,0,32,64,"0x0","0x7f7817b1a680",4181378974681933,4181378975196986,4181378975202154,4181378975206163,5168
461,"loop_select_fusion_1.kd",2,8,566,1282169,1282169,8192,256,0,0,8,0,16,64,"0x0","0x7f7817b1a6c0",4181378974689765,4181378975202154,4181378975207121,4181378975210800,4967
462,"loop_broadcast_fusion_4.kd",2,8,567,1282169,1282169,16,16,0,0,4,4,16,64,"0x0","0x7f7817b1a700",4181378974698178,4181378975207121,4181378975212209,4181378975217260,5088
463,"__amd_rocclr_fillBufferAligned.kd",2,8,568,1282169,1282169,77824,256,0,0,12,4,48,64,"0x0","0x7f781d393580",4181378974710416,4181378975212209,4181378975226110,4181378975232272,13901
464,"__amd_rocclr_fillBufferAligned.kd",2,8,569,1282169,1282169,16128,256,0,0,12,4,48,64,"0x0","0x7f781d393580",4181378974717947,4181378975226110,4181378975231197,4181378975239723,5087
465,"transformer_engine::fused_attn_rocm::populate_rng_state_kernel(long*, long const*, long) [clone .kd]",2,8,570,1282169,1282169,1,1,0,0,8,0,16,64,"0x0","0x7f781c015380",4181378974727091,4181378975231197,4181378975236124,4181378975246203,4927
466,"__amd_rocclr_fillBufferAligned.kd",2,8,571,1282169,1282169,256,256,0,0,12,4,48,64,"0x0","0x7f781d393580",4181378974737236,4181378975236124,4181378975240851,4181378975251080,4727
467,"ck_fused_attn::get_runtime_max_seqlen_kernel(unsigned long, int const*, int const*, unsigned long*) [clone .kd]",2,8,572,1282169,1282169,4096,128,0,0,4,4,32,64,"0x0","0x7f781c004940",4181378974743305,4181378975240851,4181378975246620,4181378975255567,5769
468,"__amd_rocclr_copyBuffer.kd",2,8,573,1282169,1282169,512,512,0,0,16,0,32,64,"0x7fb89bc76d80","0x7f781d393600",4181378974751136,4181378975246620,4181378975252108,4181378975261986,5488
469,"__amd_rocclr_fillBufferAligned.kd",2,8,575,1282169,1282169,256,256,0,0,12,4,48,64,"0x0","0x7f781d393580",4181378975308025,4181378975317766,4181378975319729,4181378975347994,1963
470,"ck_fused_attn::get_runtime_max_seqlen_kernel(unsigned long, int const*, int const*, unsigned long*) [clone .kd]",2,8,576,1282169,1282169,4096,128,0,0,4,4,32,64,"0x0","0x7f781c004940",4181378975317659,4181378975325698,4181378975334831,4181378975358480,9133
471,"__amd_rocclr_copyBuffer.kd",2,8,577,1282169,1282169,512,512,0,0,16,0,32,64,"0x7fb89bc76f00","0x7f781d393600",4181378975324769,4181378975334831,4181378975340239,4181378975353272,5408
472,"void transformer_engine::fused_attn_rocm::compute_scores_kernel<__half, transformer_engine::fused_attn_rocm::SmallSeqConfig<12, 128, 256, false, (transformer_engine::fused_attn_rocm::CausalMaskType)0>, 1>(__half const*, __half const*, __half*, float, int const*, int const*, int, int) [clone .kd]",2,8,579,1282169,1282169,64000,64,0,0,120,0,32,64,"0x0","0x7f780414ef00",4181378975369756,4181378975379578,4181378975409663,4181378975411669,30085
473,"void transformer_engine::fused_attn_rocm::apply_mask_and_softmax_kernel<__half, transformer_engine::fused_attn_rocm::SmallSeqConfig<12, 128, 256, false, (transformer_engine::fused_attn_rocm::CausalMaskType)0> >(__half*, __half const*, float, int const*, int, int) [clone .kd]",2,8,580,1282169,1282169,780288,256,1024,0,16,0,16,64,"0x0","0x7f780414ef40",4181378975378159,4181378975409663,4181378975415151,4181378975426070,5488
474,"void transformer_engine::fused_attn_rocm::compute_output_kernel<__half, transformer_engine::fused_attn_rocm::SmallSeqConfig<12, 128, 256, false, (transformer_engine::fused_attn_rocm::CausalMaskType)0>, 2, 8>(__half const*, __half const*, __half*, int const*, int const*, int, int) [clone .kd]",2,8,581,1282169,1282169,512000,64,24576,0,24,0,32,64,"0x0","0x7f780414ef80",4181378975385440,4181378975415151,4181378975514458,4181378975514562,99307
475,"loop_broadcast_fusion_5.kd",2,8,582,1282169,1282169,2048000,256,0,0,4,4,16,64,"0x0","0x7f7817b1a740",4181378975396696,4181378975514458,4181378975522791,4181378975523014,8333
476,"__amd_rocclr_fillBufferAligned.kd",2,8,583,1282169,1282169,77824,256,0,0,12,4,48,64,"0x0","0x7f781d393580",4181378975423106,4181378975522791,4181378975529681,4181378975529684,6890
477,"__amd_rocclr_fillBufferAligned.kd",2,8,584,1282169,1282169,77824,256,0,0,12,4,48,64,"0x0","0x7f781d393580",4181378975430136,4181378975529681,4181378975562289,4181378975570745,32608
478,"__amd_rocclr_fillBufferAligned.kd",2,8,585,1282169,1282169,77824,256,0,0,12,4,48,64,"0x0","0x7f781d393580",4181378975444968,4181378975562289,4181378975594938,4181378975607149,32649
479,"__amd_rocclr_fillBufferAligned.kd",2,8,586,1282169,1282169,256,256,0,0,12,4,48,64,"0x0","0x7f781d393580",4181378975453901,4181378975594938,4181378975599625,4181378975602533,4687
480,"ck_fused_attn::get_runtime_max_seqlen_kernel(unsigned long, int const*, int const*, unsigned long*) [clone .kd]",2,8,587,1282169,1282169,4096,128,0,0,4,4,32,64,"0x0","0x7f781c004940",4181378975460181,4181378975599625,4181378975605754,4181378975613319,6129
481,"__amd_rocclr_copyBuffer.kd",2,8,588,1282169,1282169,512,512,0,0,16,0,32,64,"0x7fb89bc71b80","0x7f781d393600",4181378975467982,4181378975605754,4181378975611643,4181378975617855,5889
482,"__amd_rocclr_fillBufferAligned.kd",2,8,590,1282169,1282169,256,256,0,0,12,4,48,64,"0x0","0x7f781d393580",4181378975637394,4181378975648818,4181378975650941,4181378975652437,2123
483,"ck_fused_attn::get_runtime_max_seqlen_kernel(unsigned long, int const*, int const*, unsigned long*) [clone .kd]",2,8,591,1282169,1282169,4096,128,0,0,4,4,32,64,"0x0","0x7f781c004940",4181378975648341,4181378975657952,4181378975664001,4181378975672787,6049
484,"__amd_rocclr_copyBuffer.kd",2,8,592,1282169,1282169,512,512,0,0,16,0,32,64,"0x7fb89bde9b80","0x7f781d393600",4181378975657785,4181378975668848,4181378975673054,4181378975677674,4206
485,"void transformer_engine::fused_attn_rocm::compute_grad_v_kernel<__half, transformer_engine::fused_attn_rocm::SmallSeqConfig<12, 128, 256, false, (transformer_engine::fused_attn_rocm::CausalMaskType)0>, 16, 16>(__half const*, __half const*, __half*, int const*, int const*, int, int) [clone .kd]",2,8,594,1282169,1282169,256000,64,24576,0,28,4,32,64,"0x0","0x7f7804150800",4181378975699967,4181378975710149,4181378975796598,4181378975797472,86449
486,"void transformer_engine::fused_attn_rocm::compute_grad_attn_kernel<__half, transformer_engine::fused_attn_rocm::SmallSeqConfig<12, 128, 256, false, (transformer_engine::fused_attn_rocm::CausalMaskType)0>, 16>(__half const*, __half const*, __half*, int const*, int const*, int, int) [clone .kd]",2,8,595,1282169,1282169,8000,64,0,0,124,4,48,64,"0x0","0x7f7804150840",4181378975708390,4181378975796598,4181378976097325,4181378976109467,300727
487,"void transformer_engine::fused_attn_rocm::softmax_backward_kernel<__half, transformer_engine::fused_attn_rocm::SmallSeqConfig<12, 128, 256, false, (transformer_engine::fused_attn_rocm::CausalMaskType)0> >(__half const*, __half const*, __half*, float, int const*, int, int) [clone .kd]",2,8,596,1282169,1282169,780288,256,1024,0,16,0,16,64,"0x0","0x7f7804150880",4181378975720588,4181378976097325,4181378976103294,4181378976118850,5969
488,"void transformer_engine::fused_attn_rocm::compute_grad_qk_kernel<__half, transformer_engine::fused_attn_rocm::SmallSeqConfig<12, 128, 256, false, (transformer_engine::fused_attn_rocm::CausalMaskType)0>, 4, 16>(__half const*, __half const*, __half const*, __half*, __half*, float, int const*, int const*, int, int) [clone .kd]",2,8,597,1282169,1282169,1024000,64,24576,0,36,4,64,64,"0x0","0x7f78041508c0",4181378975729211,4181378976103294,4181378976447566,4181378976459577,344272
489,"input_reduce_fusion.kd",2,8,598,1282169,1282169,524288,256,512,0,16,0,16,64,"0x0","0x7f7817b1a780",4181378975739757,4181378976447566,4181378976456539,4181378976467759,8973
490,"input_reduce_fusion_3.kd",2,8,599,1282169,1282169,128,128,512,0,24,0,16,64,"0x0","0x7f7817b1a7c0",4181378975746987,4181378976456539,4181378976462308,4181378976472476,5769
491,"loop_convert_fusion.kd",2,8,600,1282169,1282169,1,1,0,0,4,4,16,64,"0x0","0x7f7817b1a800",4181378975754098,4181378976462308,4181378976466394,4181378976477093,4086
492,"input_compare_reduce_fusion_1.kd",2,8,603,1282169,1282169,8192,256,0,0,12,4,16,64,"0x0","0x7f7817b19c00",4181378975882859,4181378976479013,4181378976485382,4181378976508149,6369
493,"loop_slice_fusion_1.kd",2,8,604,1282169,1282169,3072,256,0,0,16,0,16,64,"0x0","0x7f7817b19c40",4181378975892944,4181378976485382,4181378976490310,4181378976512536,4928
494,"loop_reduce_window_fusion_16.kd",2,8,605,1282169,1282169,3072,256,0,0,8,0,16,64,"0x0","0x7f7817b19c80",4181378975900646,4181378976490310,4181378976497080,4181378976518815,6770
495,"loop_reduce_window_fusion_15.kd",2,8,606,1282169,1282169,192,192,0,0,8,0,16,64,"0x0","0x7f7817b19cc0",4181378975907556,4181378976497080,4181378976502087,4181378976523743,5007
496,"loop_broadcast_fusion_2.kd",2,8,607,1282169,1282169,48128,256,0,0,4,4,16,64,"0x0","0x7f7817b19d00",4181378975914787,4181378976502087,4181378976507896,4181378976528890,5809
497,"input_scatter_fusion_2.kd",2,8,608,1282169,1282169,48128,256,0,0,12,4,32,64,"0x0","0x7f7817b19d40",4181378975922418,4181378976507896,4181378976517190,4181378976533056,9294
498,"loop_reduce_window_fusion_14.kd",2,8,609,1282169,1282169,48128,256,0,0,8,0,16,64,"0x0","0x7f7817b19d80",4181378975929669,4181378976517190,4181378976522117,4181378976537593,4927
499,"loop_reduce_window_fusion_13.kd",2,8,610,1282169,1282169,3072,256,0,0,8,0,16,64,"0x0","0x7f7817b19dc0",4181378975936900,4181378976522117,4181378976527164,4181378976541739,5047
500,"loop_reduce_window_fusion_15.kd",2,8,611,1282169,1282169,192,192,0,0,8,0,16,64,"0x0","0x7f7817b19cc0",4181378975944812,4181378976527164,4181378976531851,4181378976547989,4687
501,"loop_slice_fusion_6.kd",2,8,612,1282169,1282169,12,12,0,0,4,4,16,64,"0x0","0x7f7817b19e00",4181378975951001,4181378976531851,4181378976536458,4181378976553387,4607
502,"input_reduce_fusion_1.kd",2,8,613,1282169,1282169,64,64,0,0,8,0,16,64,"0x0","0x7f7817b19e40",4181378975958232,4181378976536458,4181378976541105,4181378976558384,4647
503,"loop_select_fusion_5.kd",2,8,614,1282169,1282169,48128,256,0,0,12,4,32,64,"0x0","0x7f7817b19e80",4181378975965903,4181378976541105,4181378976546073,4181378976563452,4968
504,"loop_select_fusion_2.kd",2,8,615,1282169,1282169,48128,256,0,0,4,4,16,64,"0x0","0x7f7817b19ec0",4181378975973825,4181378976546073,4181378976550960,4181378976568299,4887
505,"loop_reduce_window_fusion_14.kd",2,8,616,1282169,1282169,48128,256,0,0,8,0,16,64,"0x0","0x7f7817b19d80",4181378975980715,4181378976550960,4181378976555847,4181378976572766,4887
506,"loop_reduce_window_fusion_13.kd",2,8,617,1282169,1282169,3072,256,0,0,8,0,16,64,"0x0","0x7f7817b19dc0",4181378975987605,4181378976555847,4181378976560935,4181378976577152,5088
507,"loop_reduce_window_fusion_15.kd",2,8,618,1282169,1282169,192,192,0,0,8,0,16,64,"0x0","0x7f7817b19cc0",4181378975993995,4181378976560935,4181378976565742,4181378976583121,4807
508,"input_concatenate_fusion.kd",2,8,619,1282169,1282169,48128,256,0,0,12,4,32,64,"0x0","0x7f7817b19f00",4181378976001526,4181378976565742,4181378976570629,4181378976587668,4887
509,"input_compare_reduce_fusion.kd",2,8,620,1282169,1282169,13312,256,0,0,12,4,16,64,"0x0","0x7f7817b19f40",4181378976008346,4181378976570629,4181378976575516,4181378976592405,4887
510,"loop_slice_fusion.kd",2,8,621,1282169,1282169,3328,256,0,0,16,0,16,64,"0x0","0x7f7817b19f80",4181378976015567,4181378976575516,4181378976580364,4181378976597773,4848
511,"loop_reduce_window_fusion_4.kd",2,8,622,1282169,1282169,3328,256,0,0,8,0,16,64,"0x0","0x7f7817b19fc0",4181378976022387,4181378976580364,4181378976585331,4181378976602019,4967
512,"loop_reduce_window_fusion_3.kd",2,8,623,1282169,1282169,208,208,0,0,8,0,16,64,"0x0","0x7f7817b1a000",4181378976030108,4181378976585331,4181378976590258,4181378976606566,4927
513,"loop_broadcast_fusion.kd",2,8,624,1282169,1282169,52224,256,0,0,4,4,16,64,"0x0","0x7f7817b1a040",4181378976036358,4181378976590258,4181378976595346,4181378976610752,5088
514,"input_scatter_fusion.kd",2,8,625,1282169,1282169,52224,256,0,0,12,4,32,64,"0x0","0x7f7817b1a080",4181378976044740,4181378976595346,4181378976604239,4181378976615389,8893
515,"loop_reduce_window_fusion_2.kd",2,8,626,1282169,1282169,52224,256,0,0,8,0,16,64,"0x0","0x7f7817b1a0c0",4181378976052201,4181378976604239,4181378976609206,4181378976619946,4967
516,"loop_reduce_window_fusion_1.kd",2,8,627,1282169,1282169,3328,256,0,0,8,0,16,64,"0x0","0x7f7817b1a100",4181378976058691,4181378976609206,4181378976614414,4181378976624613,5208
517,"loop_reduce_window_fusion_3.kd",2,8,628,1282169,1282169,208,208,0,0,8,0,16,64,"0x0","0x7f7817b1a000",4181378976065822,4181378976614414,4181378976619141,4181378976633756,4727
518,"loop_slice_fusion_5.kd",2,8,629,1282169,1282169,13,13,0,0,4,4,16,64,"0x0","0x7f7817b1a140",4181378976072742,4181378976619141,4181378976623868,4181378976629260,4727
519,"input_reduce_fusion_2.kd",2,8,630,1282169,1282169,64,64,0,0,8,0,16,64,"0x0","0x7f7817b1a180",4181378976080453,4181378976623868,4181378976628635,4181378976657912,4767
520,"loop_select_fusion_4.kd",2,8,631,1282169,1282169,52224,256,0,0,8,0,32,64,"0x0","0x7f7817b1a1c0",4181378976088325,4181378976628635,4181378976633683,4181378976653225,5048
521,"loop_select_fusion.kd",2,8,632,1282169,1282169,52224,256,0,0,8,0,16,64,"0x0","0x7f7817b1a200",4181378976096157,4181378976633683,4181378976638650,4181378976643451,4967
522,"loop_compare_fusion_1.kd",2,8,633,1282169,1282169,4096,256,0,0,4,4,16,64,"0x0","0x7f7817b1a240",4181378976103778,4181378976638650,4181378976643497,4181378976648568,4847
523,"input_reduce_reduce_window_fusion_1.kd",2,8,634,1282169,1282169,256,256,512,0,20,4,32,64,"0x0","0x7f7817b1a280",4181378976111359,4181378976643497,4181378976659561,4181378976664772,16064
524,"loop_slice_fusion_3.kd",2,8,635,1282169,1282169,16,16,0,0,20,4,16,64,"0x0","0x7f7817b1a2c0",4181378976135075,4181378976659561,4181378976664328,4181378976669009,4767
525,"loop_broadcast_fusion_3.kd",2,8,636,1282169,1282169,4096,256,0,0,4,4,16,64,"0x0","0x7f7817b1a300",4181378976143287,4181378976664328,4181378976669416,4181378976673415,5088
526,"input_scatter_fusion_3.kd",2,8,637,1282169,1282169,4096,256,0,0,8,0,32,64,"0x0","0x7f7817b1a340",4181378976150077,4181378976669416,4181378976675625,4181378976680015,6209
527,"loop_reduce_window_fusion_18.kd",2,8,638,1282169,1282169,4096,256,0,0,8,0,16,64,"0x0","0x7f7817b1a380",4181378976157418,4181378976675625,4181378976680432,4181378976684342,4807
528,"loop_slice_fusion_3.kd",2,8,639,1282169,1282169,16,16,0,0,20,4,16,64,"0x0","0x7f7817b1a2c0",4181378976164558,4181378976680432,4181378976685199,4181378976688678,4767
529,"loop_remainder_fusion.kd",2,8,640,1282169,1282169,4096,256,0,0,12,4,16,64,"0x0","0x7f7817b1a3c0",4181378976172050,4181378976685199,4181378976691128,4181378976695458,5929
530,"loop_select_fusion_3.kd",2,8,641,1282169,1282169,4096,256,0,0,8,0,32,64,"0x0","0x7f7817b1a400",4181378976179541,4181378976691128,4181378976695895,4181378976699995,4767
531,"loop_reduce_window_fusion_18.kd",2,8,642,1282169,1282169,4096,256,0,0,8,0,16,64,"0x0","0x7f7817b1a380",4181378976187813,4181378976695895,4181378976700903,4181378976705012,5008
532,"loop_slice_fusion_3.kd",2,8,643,1282169,1282169,16,16,0,0,20,4,16,64,"0x0","0x7f7817b1a2c0",4181378976194874,4181378976700903,4181378976705590,4181378976713184,4687
533,"input_concatenate_fusion_1.kd",2,8,644,1282169,1282169,4096,256,0,0,8,0,32,64,"0x0","0x7f7817b1a440",4181378976201473,4181378976705590,4181378976711358,4181378976717951,5768
534,"loop_compare_fusion.kd",2,8,645,1282169,1282169,8192,256,0,0,4,4,16,64,"0x0","0x7f7817b1a480",4181378976214973,4181378976711358,4181378976716286,4181378976722699,4928
535,"input_reduce_reduce_window_fusion.kd",2,8,646,1282169,1282169,512,512,512,0,20,4,48,64,"0x0","0x7f7817b1a4c0",4181378976222565,4181378976716286,4181378976733752,4181378976739654,17466
536,"loop_reduce_window_fusion_8.kd",2,8,647,1282169,1282169,32,32,0,0,32,0,16,64,"0x0","0x7f7817b1a500",4181378976230967,4181378976733752,4181378976745409,4181378976746925,11657
537,"loop_broadcast_fusion_1.kd",2,8,648,1282169,1282169,8192,256,0,0,4,4,16,64,"0x0","0x7f7817b1a540",4181378976237497,4181378976745409,4181378976750697,4181378976751221,5288
538,"input_scatter_fusion_1.kd",2,8,649,1282169,1282169,8192,256,0,0,8,0,32,64,"0x0","0x7f7817b1a580",4181378976244908,4181378976750697,4181378976756546,4181378976757851,5849
539,"loop_reduce_window_fusion_7.kd",2,8,650,1282169,1282169,8192,256,0,0,8,0,16,64,"0x0","0x7f7817b1a5c0",4181378976253120,4181378976756546,4181378976761633,4181378976762648,5087
540,"loop_reduce_window_fusion_6.kd",2,8,651,1282169,1282169,512,256,0,0,8,0,16,64,"0x0","0x7f7817b1a600",4181378976259730,4181378976761633,4181378976767001,4181378976766884,5368
541,"loop_reduce_window_fusion_5.kd",2,8,652,1282169,1282169,32,32,0,0,8,0,16,64,"0x0","0x7f7817b1a640",4181378976267181,4181378976767001,4181378976771808,4181378976773164,4807
542,"loop_select_fusion_6.kd",2,8,653,1282169,1282169,8192,256,0,0,8,0,32,64,"0x0","0x7f7817b1a680",4181378976274031,4181378976771808,4181378976776936,4181378976777260,5128
543,"loop_select_fusion_1.kd",2,8,654,1282169,1282169,8192,256,0,0,8,0,16,64,"0x0","0x7f7817b1a6c0",4181378976282894,4181378976776936,4181378976781863,4181378976783870,4927
544,"loop_broadcast_fusion_4.kd",2,8,655,1282169,1282169,16,16,0,0,4,4,16,64,"0x0","0x7f7817b1a700",4181378976291247,4181378976781863,4181378976787111,4181378976791982,5248
545,"__amd_rocclr_fillBufferAligned.kd",2,8,656,1282169,1282169,77824,256,0,0,12,4,48,64,"0x0","0x7f781d393580",4181378976302974,4181378976787111,4181378976800651,4181378976807705,13540
546,"__amd_rocclr_fillBufferAligned.kd",2,8,657,1282169,1282169,16128,256,0,0,12,4,48,64,"0x0","0x7f781d393580",4181378976310055,4181378976800651,4181378976805659,4181378976812973,5008
547,"transformer_engine::fused_attn_rocm::populate_rng_state_kernel(long*, long const*, long) [clone .kd]",2,8,658,1282169,1282169,1,1,0,0,8,0,16,64,"0x0","0x7f781c015380",4181378976320340,4181378976805659,4181378976810626,4181378976819503,4967
548,"__amd_rocclr_fillBufferAligned.kd",2,8,659,1282169,1282169,256,256,0,0,12,4,48,64,"0x0","0x7f781d393580",4181378976330966,4181378976810626,4181378976815273,4181378976823869,4647
549,"ck_fused_attn::get_runtime_max_seqlen_kernel(unsigned long, int const*, int const*, unsigned long*) [clone .kd]",2,8,660,1282169,1282169,4096,128,0,0,4,4,32,64,"0x0","0x7f781c004940",4181378976337576,4181378976815273,4181378976821041,4181378976828496,5768
550,"__amd_rocclr_copyBuffer.kd",2,8,661,1282169,1282169,512,512,0,0,16,0,32,64,"0x7fb89bc76880","0x7f781d393600",4181378976348141,4181378976821041,4181378976826690,4181378976834615,5649
551,"__amd_rocclr_fillBufferAligned.kd",2,8,663,1282169,1282169,256,256,0,0,12,4,48,64,"0x0","0x7f781d393580",4181378976877298,4181378976896233,4181378976898316,4181378976936637,2083
552,"ck_fused_attn::get_runtime_max_seqlen_kernel(unsigned long, int const*, int const*, unsigned long*) [clone .kd]",2,8,664,1282169,1282169,4096,128,0,0,4,4,32,64,"0x0","0x7f781c004940",4181378976901695,4181378976910535,4181378976916383,4181378976947323,5848
553,"__amd_rocclr_copyBuffer.kd",2,8,665,1282169,1282169,512,512,0,0,16,0,32,64,"0x7fb89bc73500","0x7f781d393600",4181378976924639,4181378976933008,4181378976939257,4181378976942015,6249
554,"void transformer_engine::fused_attn_rocm::compute_scores_kernel<__half, transformer_engine::fused_attn_rocm::SmallSeqConfig<12, 128, 256, false, (transformer_engine::fused_attn_rocm::CausalMaskType)0>, 1>(__half const*, __half const*, __half*, float, int const*, int const*, int, int) [clone .kd]",2,8,667,1282169,1282169,64000,64,0,0,120,0,32,64,"0x0","0x7f780414ef00",4181378976959160,4181378976968981,4181378976999907,4181378977001363,30926
555,"void transformer_engine::fused_attn_rocm::apply_mask_and_softmax_kernel<__half, transformer_engine::fused_attn_rocm::SmallSeqConfig<12, 128, 256, false, (transformer_engine::fused_attn_rocm::CausalMaskType)0> >(__half*, __half const*, float, int const*, int, int) [clone .kd]",2,8,668,1282169,1282169,780288,256,1024,0,16,0,16,64,"0x0","0x7f780414ef40",4181378976967102,4181378976999907,4181378977005316,4181378977015774,5409
556,"void transformer_engine::fused_attn_rocm::compute_output_kernel<__half, transformer_engine::fused_attn_rocm::SmallSeqConfig<12, 128, 256, false, (transformer_engine::fused_attn_rocm::CausalMaskType)0>, 2, 8>(__half const*, __half const*, __half*, int const*, int const*, int, int) [clone .kd]",2,8,669,1282169,1282169,512000,64,24576,0,24,0,32,64,"0x0","0x7f780414ef80",4181378976974313,4181378977005316,4181378977107508,4181378977111036,102192
557,"loop_broadcast_fusion_5.kd",2,8,670,1282169,1282169,2048000,256,0,0,4,4,16,64,"0x0","0x7f7817b1a740",4181378976984999,4181378977107508,4181378977115960,4181378977120370,8452
558,"__amd_rocclr_fillBufferAligned.kd",2,8,671,1282169,1282169,77824,256,0,0,12,4,48,64,"0x0","0x7f781d393580",4181378977001633,4181378977115960,4181378977122770,4181378977125357,6810
559,"__amd_rocclr_fillBufferAligned.kd",2,8,672,1282169,1282169,77824,256,0,0,12,4,48,64,"0x0","0x7f781d393580",4181378977028243,4181378977122770,4181378977155058,4181378977157625,32288
560,"__amd_rocclr_fillBufferAligned.kd",2,8,673,1282169,1282169,77824,256,0,0,12,4,48,64,"0x0","0x7f781d393580",4181378977039930,4181378977155058,4181378977187466,4181378977189803,32408
561,"__amd_rocclr_fillBufferAligned.kd",2,8,674,1282169,1282169,256,256,0,0,12,4,48,64,"0x0","0x7f781d393580",4181378977047942,4181378977187466,4181378977192153,4181378977196754,4687
562,"ck_fused_attn::get_runtime_max_seqlen_kernel(unsigned long, int const*, int const*, unsigned long*) [clone .kd]",2,8,675,1282169,1282169,4096,128,0,0,4,4,32,64,"0x0","0x7f781c004940",4181378977054041,4181378977192153,4181378977198363,4181378977203163,6210
563,"__amd_rocclr_copyBuffer.kd",2,8,676,1282169,1282169,512,512,0,0,16,0,32,64,"0x7fb89bde9480","0x7f781d393600",4181378977061943,4181378977198363,4181378977204372,4181378977208050,6009
564,"__amd_rocclr_fillBufferAligned.kd",2,8,678,1282169,1282169,256,256,0,0,12,4,48,64,"0x0","0x7f781d393580",4181378977229302,4181378977240345,4181378977242468,4181378977250884,2123
565,"ck_fused_attn::get_runtime_max_seqlen_kernel(unsigned long, int const*, int const*, unsigned long*) [clone .kd]",2,8,679,1282169,1282169,4096,128,0,0,4,4,32,64,"0x0","0x7f781c004940",4181378977239647,4181378977247916,4181378977257731,4181378977259116,9815
566,"__amd_rocclr_copyBuffer.kd",2,8,680,1282169,1282169,512,512,0,0,16,0,32,64,"0x7fb89bc76680","0x7f781d393600",4181378977247329,4181378977257731,4181378977263099,4181378977265826,5368
567,"void transformer_engine::fused_attn_rocm::compute_grad_v_kernel<__half, transformer_engine::fused_attn_rocm::SmallSeqConfig<12, 128, 256, false, (transformer_engine::fused_attn_rocm::CausalMaskType)0>, 16, 16>(__half const*, __half const*, __half*, int const*, int const*, int, int) [clone .kd]",2,8,682,1282169,1282169,256000,64,24576,0,28,4,32,64,"0x0","0x7f7804150800",4181378977286207,4181378977297470,4181378977383919,4181378977390031,86449
568,"void transformer_engine::fused_attn_rocm::compute_grad_attn_kernel<__half, transformer_engine::fused_attn_rocm::SmallSeqConfig<12, 128, 256, false, (transformer_engine::fused_attn_rocm::CausalMaskType)0>, 16>(__half const*, __half const*, __half*, int const*, int const*, int, int) [clone .kd]",2,8,683,1282169,1282169,8000,64,0,0,124,4,48,64,"0x0","0x7f7804150840",4181378977295751,4181378977383919,4181378977682883,4181378977684189,298964
569,"void transformer_engine::fused_attn_rocm::softmax_backward_kernel<__half, transformer_engine::fused_attn_rocm::SmallSeqConfig<12, 128, 256, false, (transformer_engine::fused_attn_rocm::CausalMaskType)0> >(__half const*, __half const*, __half*, float, int const*, int, int) [clone .kd]",2,8,684,1282169,1282169,780288,256,1024,0,16,0,16,64,"0x0","0x7f7804150880",4181378977304033,4181378977682883,4181378977688852,4181378977692431,5969
570,"void transformer_engine::fused_attn_rocm::compute_grad_qk_kernel<__half, transformer_engine::fused_attn_rocm::SmallSeqConfig<12, 128, 256, false, (transformer_engine::fused_attn_rocm::CausalMaskType)0>, 4, 16>(__half const*, __half const*, __half const*, __half*, __half*, float, int const*, int const*, int, int) [clone .kd]",2,8,685,1282169,1282169,1024000,64,24576,0,36,4,64,64,"0x0","0x7f78041508c0",4181378977312245,4181378977688852,4181378978029719,4181378978039197,340867
571,"input_reduce_fusion.kd",2,8,686,1282169,1282169,524288,256,512,0,16,0,16,64,"0x0","0x7f7817b1a780",4181378977322080,4181378978029719,4181378978038492,4181378978045766,8773
572,"input_reduce_fusion_3.kd",2,8,687,1282169,1282169,128,128,512,0,24,0,16,64,"0x0","0x7f7817b1a7c0",4181378977328900,4181378978038492,4181378978044221,4181378978050914,5729
573,"loop_convert_fusion.kd",2,8,688,1282169,1282169,1,1,0,0,4,4,16,64,"0x0","0x7f7817b1a800",4181378977336822,4181378978044221,4181378978049468,4181378978055461,5247
574,"input_compare_reduce_fusion_1.kd",2,8,691,1282169,1282169,8192,256,0,0,12,4,16,64,"0x0","0x7f7817b19c00",4181378977473095,4181378978062287,4181378978068617,4181378978086918,6330
575,"loop_slice_fusion_1.kd",2,8,692,1282169,1282169,3072,256,0,0,16,0,16,64,"0x0","0x7f7817b19c40",4181378977483871,4181378978068617,4181378978073744,4181378978093457,5127
576,"loop_reduce_window_fusion_16.kd",2,8,693,1282169,1282169,3072,256,0,0,8,0,16,64,"0x0","0x7f7817b19c80",4181378977491482,4181378978073744,4181378978081636,4181378978097974,7892
577,"loop_reduce_window_fusion_15.kd",2,8,694,1282169,1282169,192,192,0,0,8,0,16,64,"0x0","0x7f7817b19cc0",4181378977499334,4181378978081636,4181378978088406,4181378978102571,6770
578,"loop_broadcast_fusion_2.kd",2,8,695,1282169,1282169,48128,256,0,0,4,4,16,64,"0x0","0x7f7817b19d00",4181378977506504,4181378978088406,4181378978094736,4181378978107208,6330
579,"input_scatter_fusion_2.kd",2,8,696,1282169,1282169,48128,256,0,0,12,4,32,64,"0x0","0x7f7817b19d40",4181378977514346,4181378978094736,4181378978102627,4181378978111995,7891
580,"loop_reduce_window_fusion_14.kd",2,8,697,1282169,1282169,48128,256,0,0,8,0,16,64,"0x0","0x7f7817b19d80",4181378977522017,4181378978102627,4181378978107515,4181378978116612,4888
581,"loop_reduce_window_fusion_13.kd",2,8,698,1282169,1282169,3072,256,0,0,8,0,16,64,"0x0","0x7f7817b19dc0",4181378977529008,4181378978107515,4181378978112522,4181378978121359,5007
582,"loop_reduce_window_fusion_15.kd",2,8,699,1282169,1282169,192,192,0,0,8,0,16,64,"0x0","0x7f7817b19cc0",4181378977535978,4181378978112522,4181378978117089,4181378978127448,4567
583,"loop_slice_fusion_6.kd",2,8,700,1282169,1282169,12,12,0,0,4,4,16,64,"0x0","0x7f7817b19e00",4181378977542628,4181378978117089,4181378978121696,4181378978132215,4607
584,"input_reduce_fusion_1.kd",2,8,701,1282169,1282169,64,64,0,0,8,0,16,64,"0x0","0x7f7817b19e40",4181378977550119,4181378978121696,4181378978126303,4181378978137012,4607
585,"loop_select_fusion_5.kd",2,8,702,1282169,1282169,48128,256,0,0,12,4,32,64,"0x0","0x7f7817b19e80",4181378977557911,4181378978126303,4181378978131310,4181378978141358,5007
586,"loop_select_fusion_2.kd",2,8,703,1282169,1282169,48128,256,0,0,4,4,16,64,"0x0","0x7f7817b19ec0",4181378977565762,4181378978131310,4181378978136157,4181378978145995,4847
587,"loop_reduce_window_fusion_14.kd",2,8,704,1282169,1282169,48128,256,0,0,8,0,16,64,"0x0","0x7f7817b19d80",4181378977573424,4181378978136157,4181378978141125,4181378978152635,4968
588,"loop_reduce_window_fusion_13.kd",2,8,705,1282169,1282169,3072,256,0,0,8,0,16,64,"0x0","0x7f7817b19dc0",4181378977580444,4181378978141125,4181378978146172,4181378978157312,5047
589,"loop_reduce_window_fusion_15.kd",2,8,706,1282169,1282169,192,192,0,0,8,0,16,64,"0x0","0x7f7817b19cc0",4181378977587435,4181378978146172,4181378978150859,4181378978161689,4687
590,"input_concatenate_fusion.kd",2,8,707,1282169,1282169,48128,256,0,0,12,4,32,64,"0x0","0x7f7817b19f00",4181378977594926,4181378978150859,4181378978155786,4181378978166546,4927
591,"input_compare_reduce_fusion.kd",2,8,708,1282169,1282169,13312,256,0,0,12,4,16,64,"0x0","0x7f7817b19f40",4181378977602096,4181378978155786,4181378978160714,4181378978171143,4928
592,"loop_slice_fusion.kd",2,8,709,1282169,1282169,3328,256,0,0,16,0,16,64,"0x0","0x7f7817b19f80",4181378977610168,4181378978160714,4181378978165561,4181378978175790,4847
593,"loop_reduce_window_fusion_4.kd",2,8,710,1282169,1282169,3328,256,0,0,8,0,16,64,"0x0","0x7f7817b19fc0",4181378977617750,4181378978165561,4181378978170488,4181378978180206,4927
594,"loop_reduce_window_fusion_3.kd",2,8,711,1282169,1282169,208,208,0,0,8,0,16,64,"0x0","0x7f7817b1a000",4181378977625782,4181378978170488,4181378978175416,4181378978184833,4928
595,"loop_broadcast_fusion.kd",2,8,712,1282169,1282169,52224,256,0,0,4,4,16,64,"0x0","0x7f7817b1a040",4181378977632301,4181378978175416,4181378978180583,4181378978189390,5167
596,"input_scatter_fusion.kd",2,8,713,1282169,1282169,52224,256,0,0,12,4,32,64,"0x0","0x7f7817b1a080",4181378977640454,4181378978180583,4181378978189316,4181378978193786,8733
597,"loop_reduce_window_fusion_2.kd",2,8,714,1282169,1282169,52224,256,0,0,8,0,16,64,"0x0","0x7f7817b1a0c0",4181378977647764,4181378978189316,4181378978194284,4181378978198574,4968
598,"loop_reduce_window_fusion_1.kd",2,8,715,1282169,1282169,3328,256,0,0,8,0,16,64,"0x0","0x7f7817b1a100",4181378977654845,4181378978194284,4181378978199411,4181378978212034,5127
599,"loop_reduce_window_fusion_3.kd",2,8,716,1282169,1282169,208,208,0,0,8,0,16,64,"0x0","0x7f7817b1a000",4181378977661725,4181378978199411,4181378978204138,4181378978207096,4727
600,"loop_slice_fusion_5.kd",2,8,717,1282169,1282169,13,13,0,0,4,4,16,64,"0x0","0x7f7817b1a140",4181378977668746,4181378978204138,4181378978208865,4181378978217602,4727
601,"input_reduce_fusion_2.kd",2,8,718,1282169,1282169,64,64,0,0,8,0,16,64,"0x0","0x7f7817b1a180",4181378977676117,4181378978208865,4181378978213633,4181378978233996,4768
602,"loop_select_fusion_4.kd",2,8,719,1282169,1282169,52224,256,0,0,8,0,32,64,"0x0","0x7f7817b1a1c0",4181378977684469,4181378978213633,4181378978218680,4181378978224542,5047
603,"loop_select_fusion.kd",2,8,720,1282169,1282169,52224,256,0,0,8,0,16,64,"0x0","0x7f7817b1a200",4181378977708845,4181378978218680,4181378978223687,4181378978238263,5007
604,"loop_compare_fusion_1.kd",2,8,721,1282169,1282169,4096,256,0,0,4,4,16,64,"0x0","0x7f7817b1a240",4181378977717017,4181378978223687,4181378978228655,4181378978229389,4968
605,"input_reduce_reduce_window_fusion_1.kd",2,8,722,1282169,1282169,256,256,512,0,20,4,32,64,"0x0","0x7f7817b1a280",4181378977725039,4181378978228655,4181378978243717,4181378978245163,15062
606,"loop_slice_fusion_3.kd",2,8,723,1282169,1282169,16,16,0,0,20,4,16,64,"0x0","0x7f7817b1a2c0",4181378977733362,4181378978243717,4181378978248484,4181378978250040,4767
607,"loop_broadcast_fusion_3.kd",2,8,724,1282169,1282169,4096,256,0,0,4,4,16,64,"0x0","0x7f7817b1a300",4181378977740853,4181378978248484,4181378978253572,4181378978254527,5088
608,"input_scatter_fusion_3.kd",2,8,725,1282169,1282169,4096,256,0,0,8,0,32,64,"0x0","0x7f7817b1a340",4181378977748584,4181378978253572,4181378978259621,4181378978261067,6049
609,"loop_reduce_window_fusion_18.kd",2,8,726,1282169,1282169,4096,256,0,0,8,0,16,64,"0x0","0x7f7817b1a380",4181378977756987,4181378978259621,4181378978264508,4181378978266124,4887
610,"loop_slice_fusion_3.kd",2,8,727,1282169,1282169,16,16,0,0,20,4,16,64,"0x0","0x7f7817b1a2c0",4181378977764728,4181378978264508,4181378978269235,4181378978270611,4727
611,"loop_remainder_fusion.kd",2,8,728,1282169,1282169,4096,256,0,0,12,4,16,64,"0x0","0x7f7817b1a3c0",4181378977772189,4181378978269235,4181378978275204,4181378978277401,5969
612,"loop_select_fusion_3.kd",2,8,729,1282169,1282169,4096,256,0,0,8,0,32,64,"0x0","0x7f7817b1a400",4181378977779170,4181378978275204,4181378978280011,4181378978281978,4807
613,"loop_reduce_window_fusion_18.kd",2,8,730,1282169,1282169,4096,256,0,0,8,0,16,64,"0x0","0x7f7817b1a380",4181378977786861,4181378978280011,4181378978284858,4181378978287947,4847
614,"loop_slice_fusion_3.kd",2,8,731,1282169,1282169,16,16,0,0,20,4,16,64,"0x0","0x7f7817b1a2c0",4181378977794212,4181378978284858,4181378978289545,4181378978294376,4687
615,"input_concatenate_fusion_1.kd",2,8,732,1282169,1282169,4096,256,0,0,8,0,32,64,"0x0","0x7f7817b1a440",4181378977801112,4181378978289545,4181378978295554,4181378978298682,6009
616,"loop_compare_fusion.kd",2,8,733,1282169,1282169,8192,256,0,0,4,4,16,64,"0x0","0x7f7817b1a480",4181378977809245,4181378978295554,4181378978300442,4181378978303309,4888
617,"input_reduce_reduce_window_fusion.kd",2,8,734,1282169,1282169,512,512,512,0,20,4,48,64,"0x0","0x7f7817b1a4c0",4181378977816585,4181378978300442,4181378978317547,4181378978320445,17105
618,"loop_reduce_window_fusion_8.kd",2,8,735,1282169,1282169,32,32,0,0,32,0,16,64,"0x0","0x7f7817b1a500",4181378977824798,4181378978317547,4181378978328243,4181378978338021,10696
619,"loop_broadcast_fusion_1.kd",2,8,736,1282169,1282169,8192,256,0,0,4,4,16,64,"0x0","0x7f7817b1a540",4181378977832880,4181378978328243,4181378978333371,4181378978342658,5128
620,"input_scatter_fusion_1.kd",2,8,737,1282169,1282169,8192,256,0,0,8,0,32,64,"0x0","0x7f7817b1a580",4181378977839630,4181378978333371,4181378978338939,4181378978349518,5568
621,"loop_reduce_window_fusion_7.kd",2,8,738,1282169,1282169,8192,256,0,0,8,0,16,64,"0x0","0x7f7817b1a5c0",4181378977846830,4181378978338939,4181378978343986,4181378978358511,5047
622,"loop_reduce_window_fusion_6.kd",2,8,739,1282169,1282169,512,256,0,0,8,0,16,64,"0x0","0x7f7817b1a600",4181378977854682,4181378978343986,4181378978349274,4181378978362818,5288
623,"loop_reduce_window_fusion_5.kd",2,8,740,1282169,1282169,32,32,0,0,8,0,16,64,"0x0","0x7f7817b1a640",4181378977861983,4181378978349274,4181378978354041,4181378978354075,4767
624,"loop_select_fusion_6.kd",2,8,741,1282169,1282169,8192,256,0,0,8,0,32,64,"0x0","0x7f7817b1a680",4181378977870586,4181378978354041,4181378978359209,4181378978369338,5168
625,"loop_select_fusion_1.kd",2,8,742,1282169,1282169,8192,256,0,0,8,0,16,64,"0x0","0x7f7817b1a6c0",4181378977878658,4181378978359209,4181378978364136,4181378978375226,4927
626,"loop_broadcast_fusion_4.kd",2,8,743,1282169,1282169,16,16,0,0,4,4,16,64,"0x0","0x7f7817b1a700",4181378977885678,4181378978364136,4181378978369224,4181378978379783,5088
627,"__amd_rocclr_fillBufferAligned.kd",2,8,744,1282169,1282169,77824,256,0,0,12,4,48,64,"0x0","0x7f781d393580",4181378977899268,4181378978369224,4181378978383966,4181378978385972,14742
628,"__amd_rocclr_fillBufferAligned.kd",2,8,745,1282169,1282169,16128,256,0,0,12,4,48,64,"0x0","0x7f781d393580",4181378977906369,4181378978383966,4181378978388933,4181378978390409,4967
629,"transformer_engine::fused_attn_rocm::populate_rng_state_kernel(long*, long const*, long) [clone .kd]",2,8,746,1282169,1282169,1,1,0,0,8,0,16,64,"0x0","0x7f781c015380",4181378977916795,4181378978388933,4181378978393820,4181378978394255,4887
630,"__amd_rocclr_fillBufferAligned.kd",2,8,747,1282169,1282169,256,256,0,0,12,4,48,64,"0x0","0x7f781d393580",4181378977927120,4181378978393820,4181378978398507,4181378978400464,4687
631,"ck_fused_attn::get_runtime_max_seqlen_kernel(unsigned long, int const*, int const*, unsigned long*) [clone .kd]",2,8,748,1282169,1282169,4096,128,0,0,4,4,32,64,"0x0","0x7f781c004940",4181378977932728,4181378978398507,4181378978404276,4181378978404660,5769
632,"__amd_rocclr_copyBuffer.kd",2,8,749,1282169,1282169,512,512,0,0,16,0,32,64,"0x7fb89bc71780","0x7f781d393600",4181378977944586,4181378978404276,4181378978409764,4181378978410659,5488
633,"__amd_rocclr_fillBufferAligned.kd",2,8,751,1282169,1282169,256,256,0,0,12,4,48,64,"0x0","0x7f781d393580",4181378978454204,4181378978468492,4181378978470414,4181378978502025,1922
634,"ck_fused_attn::get_runtime_max_seqlen_kernel(unsigned long, int const*, int const*, unsigned long*) [clone .kd]",2,8,752,1282169,1282169,4096,128,0,0,4,4,32,64,"0x0","0x7f781c004940",4181378978469206,4181378978477465,4181378978483113,4181378978511950,5648
635,"__amd_rocclr_copyBuffer.kd",2,8,753,1282169,1282169,512,512,0,0,16,0,32,64,"0x7fb89bc71900","0x7f781d393600",4181378978481765,4181378978490084,4181378978496453,4181378978507112,6369
636,"void transformer_engine::fused_attn_rocm::compute_scores_kernel<__half, transformer_engine::fused_attn_rocm::SmallSeqConfig<12, 128, 256, false, (transformer_engine::fused_attn_rocm::CausalMaskType)0>, 1>(__half const*, __half const*, __half*, float, int const*, int const*, int, int) [clone .kd]",2,8,755,1282169,1282169,64000,64,0,0,120,0,32,64,"0x0","0x7f780414ef00",4181378978524779,4181378978534470,4181378978563994,4181378978571258,29524
637,"void transformer_engine::fused_attn_rocm::apply_mask_and_softmax_kernel<__half, transformer_engine::fused_attn_rocm::SmallSeqConfig<12, 128, 256, false, (transformer_engine::fused_attn_rocm::CausalMaskType)0> >(__half*, __half const*, float, int const*, int, int) [clone .kd]",2,8,756,1282169,1282169,780288,256,1024,0,16,0,16,64,"0x0","0x7f780414ef40",4181378978532881,4181378978563994,4181378978569482,4181378978580602,5488
638,"void transformer_engine::fused_attn_rocm::compute_output_kernel<__half, transformer_engine::fused_attn_rocm::SmallSeqConfig<12, 128, 256, false, (transformer_engine::fused_attn_rocm::CausalMaskType)0>, 2, 8>(__half const*, __half const*, __half*, int const*, int const*, int, int) [clone .kd]",2,8,757,1282169,1282169,512000,64,24576,0,24,0,32,64,"0x0","0x7f780414ef80",4181378978540642,4181378978569482,4181378978667708,4181378978671577,98226
639,"loop_broadcast_fusion_5.kd",2,8,758,1282169,1282169,2048000,256,0,0,4,4,16,64,"0x0","0x7f7817b1a740",4181378978551529,4181378978667708,4181378978675960,4181378978680380,8252
640,"__amd_rocclr_fillBufferAligned.kd",2,8,759,1282169,1282169,77824,256,0,0,12,4,48,64,"0x0","0x7f781d393580",4181378978567933,4181378978675960,4181378978682850,4181378978685117,6890
641,"__amd_rocclr_fillBufferAligned.kd",2,8,760,1282169,1282169,77824,256,0,0,12,4,48,64,"0x0","0x7f781d393580",4181378978574282,4181378978682850,4181378978715299,4181378978717866,32449
642,"__amd_rocclr_fillBufferAligned.kd",2,8,761,1282169,1282169,77824,256,0,0,12,4,48,64,"0x0","0x7f781d393580",4181378978594232,4181378978715299,4181378978748428,4181378978749874,33129
643,"__amd_rocclr_fillBufferAligned.kd",2,8,762,1282169,1282169,256,256,0,0,12,4,48,64,"0x0","0x7f781d393580",4181378978611277,4181378978748428,4181378978753275,4181378978756313,4847
644,"ck_fused_attn::get_runtime_max_seqlen_kernel(unsigned long, int const*, int const*, unsigned long*) [clone .kd]",2,8,763,1282169,1282169,4096,128,0,0,4,4,32,64,"0x0","0x7f781c004940",4181378978617787,4181378978753275,4181378978759725,4181378978763554,6450
645,"__amd_rocclr_copyBuffer.kd",2,8,764,1282169,1282169,512,512,0,0,16,0,32,64,"0x7fb89bde9a00","0x7f781d393600",4181378978625499,4181378978759725,4181378978766455,4181378978767920,6730
646,"__amd_rocclr_fillBufferAligned.kd",2,8,766,1282169,1282169,256,256,0,0,12,4,48,64,"0x0","0x7f781d393580",4181378978783233,4181378978793094,4181378978795217,4181378978806818,2123
647,"ck_fused_attn::get_runtime_max_seqlen_kernel(unsigned long, int const*, int const*, unsigned long*) [clone .kd]",2,8,767,1282169,1282169,4096,128,0,0,4,4,32,64,"0x0","0x7f781c004940",4181378978795782,4181378978814166,4181378978823219,4181378978827449,9053
648,"__amd_rocclr_copyBuffer.kd",2,8,768,1282169,1282169,512,512,0,0,16,0,32,64,"0x7fb89bde9180","0x7f781d393600",4181378978813057,4181378978823219,4181378978829669,4181378978832456,6450
649,"void transformer_engine::fused_attn_rocm::compute_grad_v_kernel<__half, transformer_engine::fused_attn_rocm::SmallSeqConfig<12, 128, 256, false, (transformer_engine::fused_attn_rocm::CausalMaskType)0>, 16, 16>(__half const*, __half const*, __half*, int const*, int const*, int, int) [clone .kd]",2,8,770,1282169,1282169,256000,64,24576,0,28,4,32,64,"0x0","0x7f7804150800",4181378978848040,4181378978859914,4181378978946482,4181378978952184,86568
650,"void transformer_engine::fused_attn_rocm::compute_grad_attn_kernel<__half, transformer_engine::fused_attn_rocm::SmallSeqConfig<12, 128, 256, false, (transformer_engine::fused_attn_rocm::CausalMaskType)0>, 16>(__half const*, __half const*, __half*, int const*, int const*, int, int) [clone .kd]",2,8,771,1282169,1282169,8000,64,0,0,124,4,48,64,"0x0","0x7f7804150840",4181378978857934,4181378978946482,4181378979246008,4181378979255475,299526
651,"void transformer_engine::fused_attn_rocm::softmax_backward_kernel<__half, transformer_engine::fused_attn_rocm::SmallSeqConfig<12, 128, 256, false, (transformer_engine::fused_attn_rocm::CausalMaskType)0> >(__half const*, __half const*, __half*, float, int const*, int, int) [clone .kd]",2,8,772,1282169,1282169,780288,256,1024,0,16,0,16,64,"0x0","0x7f7804150880",4181378978868029,4181378979246008,4181378979252137,4181378979263838,6129
652,"void transformer_engine::fused_attn_rocm::compute_grad_qk_kernel<__half, transformer_engine::fused_attn_rocm::SmallSeqConfig<12, 128, 256, false, (transformer_engine::fused_attn_rocm::CausalMaskType)0>, 4, 16>(__half const*, __half const*, __half const*, __half*, __half*, float, int const*, int const*, int, int) [clone .kd]",2,8,773,1282169,1282169,1024000,64,24576,0,36,4,64,64,"0x0","0x7f78041508c0",4181378978876642,4181378979252137,4181378979594566,4181378979597965,342429
653,"input_reduce_fusion.kd",2,8,774,1282169,1282169,524288,256,512,0,16,0,16,64,"0x0","0x7f7817b1a780",4181378978885445,4181378979594566,4181378979602818,4181378979604825,8252
654,"input_reduce_fusion_3.kd",2,8,775,1282169,1282169,128,128,512,0,24,0,16,64,"0x0","0x7f7817b1a7c0",4181378978892886,4181378979602818,4181378979608547,4181378979609432,5729
655,"loop_convert_fusion.kd",2,8,776,1282169,1282169,1,1,0,0,4,4,16,64,"0x0","0x7f7817b1a800",4181378978899786,4181378979608547,4181378979612633,4181378979613808,4086
656,"input_compare_reduce_fusion_1.kd",2,8,779,1282169,1282169,8192,256,0,0,12,4,16,64,"0x0","0x7f7817b19c00",4181378979029049,4181378979626774,4181378979633264,4181378979641570,6490
657,"loop_slice_fusion_1.kd",2,8,780,1282169,1282169,3072,256,0,0,16,0,16,64,"0x0","0x7f7817b19c40",4181378979039244,4181378979633264,4181378979638512,4181378979646507,5248
658,"loop_reduce_window_fusion_16.kd",2,8,781,1282169,1282169,3072,256,0,0,8,0,16,64,"0x0","0x7f7817b19c80",4181378979046685,4181378979638512,4181378979645121,4181378979650844,6609
659,"loop_reduce_window_fusion_15.kd",2,8,782,1282169,1282169,192,192,0,0,8,0,16,64,"0x0","0x7f7817b19cc0",4181378979055027,4181378979645121,4181378979650409,4181378979655581,5288
660,"loop_broadcast_fusion_2.kd",2,8,783,1282169,1282169,48128,256,0,0,4,4,16,64,"0x0","0x7f7817b19d00",4181378979062118,4181378979650409,4181378979656298,4181378979660308,5889
661,"input_scatter_fusion_2.kd",2,8,784,1282169,1282169,48128,256,0,0,12,4,32,64,"0x0","0x7f7817b19d40",4181378979069699,4181378979656298,4181378979665512,4181378979673307,9214
662,"loop_reduce_window_fusion_14.kd",2,8,785,1282169,1282169,48128,256,0,0,8,0,16,64,"0x0","0x7f7817b19d80",4181378979077481,4181378979665512,4181378979670439,4181378979678004,4927
663,"loop_reduce_window_fusion_13.kd",2,8,786,1282169,1282169,3072,256,0,0,8,0,16,64,"0x0","0x7f7817b19dc0",4181378979085693,4181378979670439,4181378979676568,4181378979682831,6129
664,"loop_reduce_window_fusion_15.kd",2,8,787,1282169,1282169,192,192,0,0,8,0,16,64,"0x0","0x7f7817b19cc0",4181378979092814,4181378979676568,4181378979682898,4181378979687959,6330
665,"loop_slice_fusion_6.kd",2,8,788,1282169,1282169,12,12,0,0,4,4,16,64,"0x0","0x7f7817b19e00",4181378979099834,4181378979682898,4181378979687544,4181378979692345,4646
666,"input_reduce_fusion_1.kd",2,8,789,1282169,1282169,64,64,0,0,8,0,16,64,"0x0","0x7f7817b19e40",4181378979106804,4181378979687544,4181378979692191,4181378979696892,4647
667,"loop_select_fusion_5.kd",2,8,790,1282169,1282169,48128,256,0,0,12,4,32,64,"0x0","0x7f7817b19e80",4181378979115628,4181378979692191,4181378979697159,4181378979701469,4968
668,"loop_select_fusion_2.kd",2,8,791,1282169,1282169,48128,256,0,0,4,4,16,64,"0x0","0x7f7817b19ec0",4181378979123359,4181378979697159,4181378979702046,4181378979708059,4887
669,"loop_reduce_window_fusion_14.kd",2,8,792,1282169,1282169,48128,256,0,0,8,0,16,64,"0x0","0x7f7817b19d80",4181378979130600,4181378979702046,4181378979706973,4181378979712535,4927
670,"loop_reduce_window_fusion_13.kd",2,8,793,1282169,1282169,3072,256,0,0,8,0,16,64,"0x0","0x7f7817b19dc0",4181378979137700,4181378979706973,4181378979712101,4181378979717172,5128
671,"loop_reduce_window_fusion_15.kd",2,8,794,1282169,1282169,192,192,0,0,8,0,16,64,"0x0","0x7f7817b19cc0",4181378979144360,4181378979712101,4181378979716708,4181378979721719,4607
672,"input_concatenate_fusion.kd",2,8,795,1282169,1282169,48128,256,0,0,12,4,32,64,"0x0","0x7f7817b19f00",4181378979151972,4181378979716708,4181378979721635,4181378979726426,4927
673,"input_compare_reduce_fusion.kd",2,8,796,1282169,1282169,13312,256,0,0,12,4,16,64,"0x0","0x7f7817b19f40",4181378979159082,4181378979721635,4181378979726522,4181378979731033,4887
674,"loop_slice_fusion.kd",2,8,797,1282169,1282169,3328,256,0,0,16,0,16,64,"0x0","0x7f7817b19f80",4181378979166323,4181378979726522,4181378979731330,4181378979735790,4808
675,"loop_reduce_window_fusion_4.kd",2,8,798,1282169,1282169,3328,256,0,0,8,0,16,64,"0x0","0x7f7817b19fc0",4181378979173754,4181378979731330,4181378979736337,4181378979740447,5007
676,"loop_reduce_window_fusion_3.kd",2,8,799,1282169,1282169,208,208,0,0,8,0,16,64,"0x0","0x7f7817b1a000",4181378979181626,4181378979736337,4181378979741064,4181378979745114,4727
677,"loop_broadcast_fusion.kd",2,8,800,1282169,1282169,52224,256,0,0,4,4,16,64,"0x0","0x7f7817b1a040",4181378979188786,4181378979741064,4181378979746232,4181378979749620,5168
678,"input_scatter_fusion.kd",2,8,801,1282169,1282169,52224,256,0,0,12,4,32,64,"0x0","0x7f7817b1a080",4181378979196768,4181378979746232,4181378979755205,4181378979758283,8973
679,"loop_reduce_window_fusion_2.kd",2,8,802,1282169,1282169,52224,256,0,0,8,0,16,64,"0x0","0x7f7817b1a0c0",4181378979204119,4181378979755205,4181378979760172,4181378979762620,4967
680,"loop_reduce_window_fusion_1.kd",2,8,803,1282169,1282169,3328,256,0,0,8,0,16,64,"0x0","0x7f7817b1a100",4181378979210969,4181378979760172,4181378979765260,4181378979767307,5088
681,"loop_reduce_window_fusion_3.kd",2,8,804,1282169,1282169,208,208,0,0,8,0,16,64,"0x0","0x7f7817b1a000",4181378979218420,4181378979765260,4181378979770147,4181378979773065,4887
682,"loop_slice_fusion_5.kd",2,8,805,1282169,1282169,13,13,0,0,4,4,16,64,"0x0","0x7f7817b1a140",4181378979225251,4181378979770147,4181378979774874,4181378979788699,4727
683,"input_reduce_fusion_2.kd",2,8,806,1282169,1282169,64,64,0,0,8,0,16,64,"0x0","0x7f7817b1a180",4181378979232852,4181378979774874,4181378979779601,4181378979779865,4727
684,"loop_select_fusion_4.kd",2,8,807,1282169,1282169,52224,256,0,0,8,0,32,64,"0x0","0x7f7817b1a1c0",4181378979240083,4181378979779601,4181378979784649,4181378979784633,5048
685,"loop_select_fusion.kd",2,8,808,1282169,1282169,52224,256,0,0,8,0,16,64,"0x0","0x7f7817b1a200",4181378979247424,4181378979784649,4181378979789696,4181378979799935,5047
686,"loop_compare_fusion_1.kd",2,8,809,1282169,1282169,4096,256,0,0,4,4,16,64,"0x0","0x7f7817b1a240",4181378979254134,4181378979789696,4181378979794584,4181378979795569,4888
687,"input_reduce_reduce_window_fusion_1.kd",2,8,810,1282169,1282169,256,256,512,0,20,4,32,64,"0x0","0x7f7817b1a280",4181378979279381,4181378979794584,4181378979810127,4181378979828568,15543
688,"loop_slice_fusion_3.kd",2,8,811,1282169,1282169,16,16,0,0,20,4,16,64,"0x0","0x7f7817b1a2c0",4181378979287423,4181378979810127,4181378979814934,4181378979818934,4807
689,"loop_broadcast_fusion_3.kd",2,8,812,1282169,1282169,4096,256,0,0,4,4,16,64,"0x0","0x7f7817b1a300",4181378979294694,4181378979814934,4181378979820021,4181378979824011,5087
690,"input_scatter_fusion_3.kd",2,8,813,1282169,1282169,4096,256,0,0,8,0,32,64,"0x0","0x7f7817b1a340",4181378979302015,4181378979820021,4181378979826191,4181378979834907,6170
691,"loop_reduce_window_fusion_18.kd",2,8,814,1282169,1282169,4096,256,0,0,8,0,16,64,"0x0","0x7f7817b1a380",4181378979308975,4181378979826191,4181378979831038,4181378979839414,4847
692,"loop_slice_fusion_3.kd",2,8,815,1282169,1282169,16,16,0,0,20,4,16,64,"0x0","0x7f7817b1a2c0",4181378979317578,4181378979831038,4181378979835725,4181378979844131,4687
693,"loop_remainder_fusion.kd",2,8,816,1282169,1282169,4096,256,0,0,12,4,16,64,"0x0","0x7f7817b1a3c0",4181378979325399,4181378979835725,4181378979841533,4181378979851442,5808
694,"loop_select_fusion_3.kd",2,8,817,1282169,1282169,4096,256,0,0,8,0,32,64,"0x0","0x7f7817b1a400",4181378979332430,4181378979841533,4181378979846381,4181378979866024,4848
695,"loop_reduce_window_fusion_18.kd",2,8,818,1282169,1282169,4096,256,0,0,8,0,16,64,"0x0","0x7f7817b1a380",4181378979339921,4181378979846381,4181378979851228,4181378979870440,4847
696,"loop_slice_fusion_3.kd",2,8,819,1282169,1282169,16,16,0,0,20,4,16,64,"0x0","0x7f7817b1a2c0",4181378979346761,4181378979851228,4181378979855955,4181378979856990,4727
697,"input_concatenate_fusion_1.kd",2,8,820,1282169,1282169,4096,256,0,0,8,0,32,64,"0x0","0x7f7817b1a440",4181378979354192,4181378979855955,4181378979861804,4181378979861867,5849
698,"loop_compare_fusion.kd",2,8,821,1282169,1282169,8192,256,0,0,4,4,16,64,"0x0","0x7f7817b1a480",4181378979361904,4181378979861804,4181378979866731,4181378979877100,4927
699,"input_reduce_reduce_window_fusion.kd",2,8,822,1282169,1282169,512,512,512,0,20,4,48,64,"0x0","0x7f7817b1a4c0",4181378979369245,4181378979866731,4181378979883316,4181378979883880,16585
700,"loop_reduce_window_fusion_8.kd",2,8,823,1282169,1282169,32,32,0,0,32,0,16,64,"0x0","0x7f7817b1a500",4181378979377036,4181378979883316,4181378979894412,4181378979909989,11096
701,"loop_broadcast_fusion_1.kd",2,8,824,1282169,1282169,8192,256,0,0,4,4,16,64,"0x0","0x7f7817b1a540",4181378979385389,4181378979894412,4181378979899540,4181378979900966,5128
702,"input_scatter_fusion_1.kd",2,8,825,1282169,1282169,8192,256,0,0,8,0,32,64,"0x0","0x7f7817b1a580",4181378979392169,4181378979899540,4181378979904908,4181378979905753,5368
703,"loop_reduce_window_fusion_7.kd",2,8,826,1282169,1282169,8192,256,0,0,8,0,16,64,"0x0","0x7f7817b1a5c0",4181378979400381,4181378979904908,4181378979910156,4181378979916759,5248
704,"loop_reduce_window_fusion_6.kd",2,8,827,1282169,1282169,512,256,0,0,8,0,16,64,"0x0","0x7f7817b1a600",4181378979407301,4181378979910156,4181378979915083,4181378979931962,4927
705,"loop_reduce_window_fusion_5.kd",2,8,828,1282169,1282169,32,32,0,0,8,0,16,64,"0x0","0x7f7817b1a640",4181378979414572,4181378979915083,4181378979919890,4181378979921406,4807
706,"loop_select_fusion_6.kd",2,8,829,1282169,1282169,8192,256,0,0,8,0,32,64,"0x0","0x7f7817b1a680",4181378979423616,4181378979919890,4181378979925018,4181378979926023,5128
707,"loop_select_fusion_1.kd",2,8,830,1282169,1282169,8192,256,0,0,8,0,16,64,"0x0","0x7f7817b1a6c0",4181378979431998,4181378979925018,4181378979929985,4181378979938341,4967
708,"loop_broadcast_fusion_4.kd",2,8,831,1282169,1282169,16,16,0,0,4,4,16,64,"0x0","0x7f7817b1a700",4181378979438408,4181378979929985,4181378979935073,4181378979942577,5088
709,"__amd_rocclr_fillBufferAligned.kd",2,8,832,1282169,1282169,77824,256,0,0,12,4,48,64,"0x0","0x7f781d393580",4181378979450816,4181378979935073,4181378979947852,4181378979949107,12779
710,"__amd_rocclr_fillBufferAligned.kd",2,8,833,1282169,1282169,16128,256,0,0,12,4,48,64,"0x0","0x7f781d393580",4181378979457596,4181378979947852,4181378979952859,4181378979955507,5007
711,"transformer_engine::fused_attn_rocm::populate_rng_state_kernel(long*, long const*, long) [clone .kd]",2,8,834,1282169,1282169,1,1,0,0,8,0,16,64,"0x0","0x7f781c015380",4181378979468282,4181378979952859,4181378979957746,4181378979960174,4887
712,"__amd_rocclr_fillBufferAligned.kd",2,8,835,1282169,1282169,256,256,0,0,12,4,48,64,"0x0","0x7f781d393580",4181378979478517,4181378979957746,4181378979962473,4181378979964881,4727
713,"ck_fused_attn::get_runtime_max_seqlen_kernel(unsigned long, int const*, int const*, unsigned long*) [clone .kd]",2,8,836,1282169,1282169,4096,128,0,0,4,4,32,64,"0x0","0x7f781c004940",4181378979485818,4181378979962473,4181378979968242,4181378979971300,5769
714,"__amd_rocclr_copyBuffer.kd",2,8,837,1282169,1282169,512,512,0,0,16,0,32,64,"0x7fb89bde8f80","0x7f781d393600",4181378979494571,4181378979968242,4181378979973650,4181378979975787,5408
715,"__amd_rocclr_fillBufferAligned.kd",2,8,839,1282169,1282169,256,256,0,0,12,4,48,64,"0x0","0x7f781d393580",4181378980015866,4181378980026088,4181378980028171,4181378980055886,2083
716,"ck_fused_attn::get_runtime_max_seqlen_kernel(unsigned long, int const*, int const*, unsigned long*) [clone .kd]",2,8,840,1282169,1282169,4096,128,0,0,4,4,32,64,"0x0","0x7f781c004940",4181378980026652,4181378980035822,4181378980045597,4181378980066372,9775
717,"__amd_rocclr_copyBuffer.kd",2,8,841,1282169,1282169,512,512,0,0,16,0,32,64,"0x7fb89bc73b80","0x7f781d393600",4181378980035385,4181378980045597,4181378980051005,4181378980061424,5408
718,"void transformer_engine::fused_attn_rocm::compute_scores_kernel<__half, transformer_engine::fused_attn_rocm::SmallSeqConfig<12, 128, 256, false, (transformer_engine::fused_attn_rocm::CausalMaskType)0>, 1>(__half const*, __half const*, __half*, float, int const*, int const*, int, int) [clone .kd]",2,8,843,1282169,1282169,64000,64,0,0,120,0,32,64,"0x0","0x7f780414ef00",4181378980077208,4181378980095872,4181378980125956,4181378980129836,30084
719,"void transformer_engine::fused_attn_rocm::apply_mask_and_softmax_kernel<__half, transformer_engine::fused_attn_rocm::SmallSeqConfig<12, 128, 256, false, (transformer_engine::fused_attn_rocm::CausalMaskType)0> >(__half*, __half const*, float, int const*, int, int) [clone .kd]",2,8,844,1282169,1282169,780288,256,1024,0,16,0,16,64,"0x0","0x7f780414ef40",4181378980094143,4181378980125956,4181378980131364,4181378980137778,5408
720,"void transformer_engine::fused_attn_rocm::compute_output_kernel<__half, transformer_engine::fused_attn_rocm::SmallSeqConfig<12, 128, 256, false, (transformer_engine::fused_attn_rocm::CausalMaskType)0>, 2, 8>(__half const*, __half const*, __half*, int const*, int const*, int, int) [clone .kd]",2,8,845,1282169,1282169,512000,64,24576,0,24,0,32,64,"0x0","0x7f780414ef80",4181378980102615,4181378980131364,4181378980230031,4181378980231697,98667
721,"loop_broadcast_fusion_5.kd",2,8,846,1282169,1282169,2048000,256,0,0,4,4,16,64,"0x0","0x7f7817b1a740",4181378980112610,4181378980230031,4181378980238324,4181378980240671,8293
722,"__amd_rocclr_fillBufferAligned.kd",2,8,847,1282169,1282169,77824,256,0,0,12,4,48,64,"0x0","0x7f781d393580",4181378980127482,4181378980238324,4181378980245174,4181378980245518,6850
723,"__amd_rocclr_fillBufferAligned.kd",2,8,848,1282169,1282169,77824,256,0,0,12,4,48,64,"0x0","0x7f781d393580",4181378980150797,4181378980245174,4181378980277702,4181378980277806,32528
724,"__amd_rocclr_fillBufferAligned.kd",2,8,849,1282169,1282169,77824,256,0,0,12,4,48,64,"0x0","0x7f781d393580",4181378980158609,4181378980277702,4181378980310391,4181378980323454,32689
725,"__amd_rocclr_fillBufferAligned.kd",2,8,850,1282169,1282169,256,256,0,0,12,4,48,64,"0x0","0x7f781d393580",4181378980167212,4181378980310391,4181378980315038,4181378980317966,4647
726,"ck_fused_attn::get_runtime_max_seqlen_kernel(unsigned long, int const*, int const*, unsigned long*) [clone .kd]",2,8,851,1282169,1282169,4096,128,0,0,4,4,32,64,"0x0","0x7f781c004940",4181378980173791,4181378980315038,4181378980321247,4181378980330154,6209
727,"__amd_rocclr_copyBuffer.kd",2,8,852,1282169,1282169,512,512,0,0,16,0,32,64,"0x7fb89bde8d80","0x7f781d393600",4181378980181933,4181378980321247,4181378980326975,4181378980335422,5728
728,"__amd_rocclr_fillBufferAligned.kd",2,8,854,1282169,1282169,256,256,0,0,12,4,48,64,"0x0","0x7f781d393580",4181378980351496,4181378980364231,4181378980366354,4181378980375131,2123
729,"ck_fused_attn::get_runtime_max_seqlen_kernel(unsigned long, int const*, int const*, unsigned long*) [clone .kd]",2,8,855,1282169,1282169,4096,128,0,0,4,4,32,64,"0x0","0x7f781c004940",4181378980364425,4181378980373885,4181378980379974,4181378980384705,6089
730,"__amd_rocclr_copyBuffer.kd",2,8,856,1282169,1282169,512,512,0,0,16,0,32,64,"0x7fb89bde8c80","0x7f781d393600",4181378980372867,4181378980390590,4181378980397120,4181378980400148,6530
731,"void transformer_engine::fused_attn_rocm::compute_grad_v_kernel<__half, transformer_engine::fused_attn_rocm::SmallSeqConfig<12, 128, 256, false, (transformer_engine::fused_attn_rocm::CausalMaskType)0>, 16, 16>(__half const*, __half const*, __half*, int const*, int const*, int, int) [clone .kd]",2,8,858,1282169,1282169,256000,64,24576,0,28,4,32,64,"0x0","0x7f7804150800",4181378980415130,4181378980430169,4181378980516938,4181378980518945,86769
732,"void transformer_engine::fused_attn_rocm::compute_grad_attn_kernel<__half, transformer_engine::fused_attn_rocm::SmallSeqConfig<12, 128, 256, false, (transformer_engine::fused_attn_rocm::CausalMaskType)0>, 16>(__half const*, __half const*, __half*, int const*, int const*, int, int) [clone .kd]",2,8,859,1282169,1282169,8000,64,0,0,124,4,48,64,"0x0","0x7f7804150840",4181378980428180,4181378980516938,4181378980816824,4181378980823548,299886
733,"void transformer_engine::fused_attn_rocm::softmax_backward_kernel<__half, transformer_engine::fused_attn_rocm::SmallSeqConfig<12, 128, 256, false, (transformer_engine::fused_attn_rocm::CausalMaskType)0> >(__half const*, __half const*, __half*, float, int const*, int, int) [clone .kd]",2,8,860,1282169,1282169,780288,256,1024,0,16,0,16,64,"0x0","0x7f7804150880",4181378980435571,4181378980816824,4181378980822592,4181378980832451,5768
734,"void transformer_engine::fused_attn_rocm::compute_grad_qk_kernel<__half, transformer_engine::fused_attn_rocm::SmallSeqConfig<12, 128, 256, false, (transformer_engine::fused_attn_rocm::CausalMaskType)0>, 4, 16>(__half const*, __half const*, __half const*, __half*, __half*, float, int const*, int const*, int, int) [clone .kd]",2,8,861,1282169,1282169,1024000,64,24576,0,36,4,64,64,"0x0","0x7f78041508c0",4181378980443733,4181378980822592,4181378981161416,4181378981162341,338824
735,"input_reduce_fusion.kd",2,8,862,1282169,1282169,524288,256,512,0,16,0,16,64,"0x0","0x7f7817b1a780",4181378980452366,4181378981161416,4181378981171151,4181378981172406,9735
736,"input_reduce_fusion_3.kd",2,8,863,1282169,1282169,128,128,512,0,24,0,16,64,"0x0","0x7f7817b1a7c0",4181378980459266,4181378981171151,4181378981176839,4181378981176983,5688
737,"loop_convert_fusion.kd",2,8,864,1282169,1282169,1,1,0,0,4,4,16,64,"0x0","0x7f7817b1a800",4181378980465786,4181378981176839,4181378981180925,4181378981183042,4086
738,"input_compare_reduce_fusion_1.kd",2,8,867,1282169,1282169,8192,256,0,0,12,4,16,64,"0x0","0x7f7817b19c00",4181378980593946,4181378981193384,4181378981199753,4181378981208009,6369
739,"loop_slice_fusion_1.kd",2,8,868,1282169,1282169,3072,256,0,0,16,0,16,64,"0x0","0x7f7817b19c40",4181378980604011,4181378981199753,4181378981204601,4181378981213027,4848
740,"loop_reduce_window_fusion_16.kd",2,8,869,1282169,1282169,3072,256,0,0,8,0,16,64,"0x0","0x7f7817b19c80",4181378980611672,4181378981204601,4181378981211851,4181378981217684,7250
741,"loop_reduce_window_fusion_15.kd",2,8,870,1282169,1282169,192,192,0,0,8,0,16,64,"0x0","0x7f7817b19cc0",4181378980619574,4181378981211851,4181378981216779,4181378981222361,4928
742,"loop_broadcast_fusion_2.kd",2,8,871,1282169,1282169,48128,256,0,0,4,4,16,64,"0x0","0x7f7817b19d00",4181378980627135,4181378981216779,4181378981222467,4181378981227408,5688
743,"input_scatter_fusion_2.kd",2,8,872,1282169,1282169,48128,256,0,0,12,4,32,64,"0x0","0x7f7817b19d40",4181378980635528,4181378981222467,4181378981232843,4181378981240187,10376
744,"loop_reduce_window_fusion_14.kd",2,8,873,1282169,1282169,48128,256,0,0,8,0,16,64,"0x0","0x7f7817b19d80",4181378980643119,4181378981232843,4181378981238972,4181378981245495,6129
745,"loop_reduce_window_fusion_13.kd",2,8,874,1282169,1282169,3072,256,0,0,8,0,16,64,"0x0","0x7f7817b19dc0",4181378980650080,4181378981238972,4181378981243659,4181378981250212,4687
746,"loop_reduce_window_fusion_15.kd",2,8,875,1282169,1282169,192,192,0,0,8,0,16,64,"0x0","0x7f7817b19cc0",4181378980657801,4181378981243659,4181378981249748,4181378981255340,6089
747,"loop_slice_fusion_6.kd",2,8,876,1282169,1282169,12,12,0,0,4,4,16,64,"0x0","0x7f7817b19e00",4181378980665442,4181378981249748,4181378981254395,4181378981259947,4647
748,"input_reduce_fusion_1.kd",2,8,877,1282169,1282169,64,64,0,0,8,0,16,64,"0x0","0x7f7817b19e40",4181378980672863,4181378981254395,4181378981259042,4181378981264363,4647
749,"loop_select_fusion_5.kd",2,8,878,1282169,1282169,48128,256,0,0,12,4,32,64,"0x0","0x7f7817b19e80",4181378980680295,4181378981259042,4181378981264009,4181378981274548,4967
750,"loop_select_fusion_2.kd",2,8,879,1282169,1282169,48128,256,0,0,4,4,16,64,"0x0","0x7f7817b19ec0",4181378980687505,4181378981264009,4181378981268856,4181378981279365,4847
751,"loop_reduce_window_fusion_14.kd",2,8,880,1282169,1282169,48128,256,0,0,8,0,16,64,"0x0","0x7f7817b19d80",4181378980694065,4181378981268856,4181378981273783,4181378981283902,4927
752,"loop_reduce_window_fusion_13.kd",2,8,881,1282169,1282169,3072,256,0,0,8,0,16,64,"0x0","0x7f7817b19dc0",4181378980701346,4181378981273783,4181378981278871,4181378981288449,5088
753,"loop_reduce_window_fusion_15.kd",2,8,882,1282169,1282169,192,192,0,0,8,0,16,64,"0x0","0x7f7817b19cc0",4181378980708356,4181378981278871,4181378981283518,4181378981293006,4647
754,"input_concatenate_fusion.kd",2,8,883,1282169,1282169,48128,256,0,0,12,4,32,64,"0x0","0x7f7817b19f00",4181378980716238,4181378981283518,4181378981288485,4181378981297773,4967
755,"input_compare_reduce_fusion.kd",2,8,884,1282169,1282169,13312,256,0,0,12,4,16,64,"0x0","0x7f7817b19f40",4181378980722487,4181378981288485,4181378981293413,4181378981302450,4928
756,"loop_slice_fusion.kd",2,8,885,1282169,1282169,3328,256,0,0,16,0,16,64,"0x0","0x7f7817b19f80",4181378980729748,4181378981293413,4181378981298260,4181378981306786,4847
757,"loop_reduce_window_fusion_4.kd",2,8,886,1282169,1282169,3328,256,0,0,8,0,16,64,"0x0","0x7f7817b19fc0",4181378980737059,4181378981298260,4181378981303227,4181378981311303,4967
758,"loop_reduce_window_fusion_3.kd",2,8,887,1282169,1282169,208,208,0,0,8,0,16,64,"0x0","0x7f7817b1a000",4181378980744410,4181378981303227,4181378981308115,4181378981316100,4888
759,"loop_broadcast_fusion.kd",2,8,888,1282169,1282169,52224,256,0,0,4,4,16,64,"0x0","0x7f7817b1a040",4181378980751150,4181378981308115,4181378981313242,4181378981320527,5127
760,"input_scatter_fusion.kd",2,8,889,1282169,1282169,52224,256,0,0,12,4,32,64,"0x0","0x7f7817b1a080",4181378980758391,4181378981313242,4181378981322215,4181378981325244,8973
761,"loop_reduce_window_fusion_2.kd",2,8,890,1282169,1282169,52224,256,0,0,8,0,16,64,"0x0","0x7f7817b1a0c0",4181378980765551,4181378981322215,4181378981327223,4181378981329871,5008
762,"loop_reduce_window_fusion_1.kd",2,8,891,1282169,1282169,3328,256,0,0,8,0,16,64,"0x0","0x7f7817b1a100",4181378980772021,4181378981327223,4181378981332431,4181378981336761,5208
763,"loop_reduce_window_fusion_3.kd",2,8,892,1282169,1282169,208,208,0,0,8,0,16,64,"0x0","0x7f7817b1a000",4181378980779672,4181378981332431,4181378981337158,4181378981341137,4727
764,"loop_slice_fusion_5.kd",2,8,893,1282169,1282169,13,13,0,0,4,4,16,64,"0x0","0x7f7817b1a140",4181378980786663,4181378981337158,4181378981341885,4181378981349360,4727
765,"input_reduce_fusion_2.kd",2,8,894,1282169,1282169,64,64,0,0,8,0,16,64,"0x0","0x7f7817b1a180",4181378980794835,4181378981341885,4181378981346612,4181378981358733,4727
766,"loop_select_fusion_4.kd",2,8,895,1282169,1282169,52224,256,0,0,8,0,32,64,"0x0","0x7f7817b1a1c0",4181378980802977,4181378981346612,4181378981351699,4181378981354077,5087
767,"loop_select_fusion.kd",2,8,896,1282169,1282169,52224,256,0,0,8,0,16,64,"0x0","0x7f7817b1a200",4181378980809937,4181378981351699,4181378981356707,4181378981365484,5008
768,"loop_compare_fusion_1.kd",2,8,897,1282169,1282169,4096,256,0,0,4,4,16,64,"0x0","0x7f7817b1a240",4181378980817599,4181378981356707,4181378981361554,4181378981370000,4847
769,"input_reduce_reduce_window_fusion_1.kd",2,8,898,1282169,1282169,256,256,512,0,20,4,32,64,"0x0","0x7f7817b1a280",4181378980825010,4181378981361554,4181378981377578,4181378981432573,16024
770,"loop_slice_fusion_3.kd",2,8,899,1282169,1282169,16,16,0,0,20,4,16,64,"0x0","0x7f7817b1a2c0",4181378980847513,4181378981377578,4181378981382305,4181378981390320,4727
771,"loop_broadcast_fusion_3.kd",2,8,900,1282169,1282169,4096,256,0,0,4,4,16,64,"0x0","0x7f7817b1a300",4181378980856206,4181378981382305,4181378981387272,4181378981427736,4967
772,"input_scatter_fusion_3.kd",2,8,901,1282169,1282169,4096,256,0,0,8,0,32,64,"0x0","0x7f7817b1a340",4181378980863858,4181378981387272,4181378981393522,4181378981395188,6250
773,"loop_reduce_window_fusion_18.kd",2,8,902,1282169,1282169,4096,256,0,0,8,0,16,64,"0x0","0x7f7817b1a380",4181378980871659,4181378981393522,4181378981398369,4181378981400155,4847
774,"loop_slice_fusion_3.kd",2,8,903,1282169,1282169,16,16,0,0,20,4,16,64,"0x0","0x7f7817b1a2c0",4181378980878660,4181378981398369,4181378981403136,4181378981404642,4767
775,"loop_remainder_fusion.kd",2,8,904,1282169,1282169,4096,256,0,0,12,4,16,64,"0x0","0x7f7817b1a3c0",4181378980886461,4181378981403136,4181378981408985,4181378981409279,5849
776,"loop_select_fusion_3.kd",2,8,905,1282169,1282169,4096,256,0,0,8,0,32,64,"0x0","0x7f7817b1a400",4181378980893832,4181378981408985,4181378981413872,4181378981415227,4887
777,"loop_reduce_window_fusion_18.kd",2,8,906,1282169,1282169,4096,256,0,0,8,0,16,64,"0x0","0x7f7817b1a380",4181378980901634,4181378981413872,4181378981418759,4181378981419444,4887
778,"loop_slice_fusion_3.kd",2,8,907,1282169,1282169,16,16,0,0,20,4,16,64,"0x0","0x7f7817b1a2c0",4181378980909075,4181378981418759,4181378981423486,4181378981423570,4727
779,"input_concatenate_fusion_1.kd",2,8,908,1282169,1282169,4096,256,0,0,8,0,32,64,"0x0","0x7f7817b1a440",4181378980916766,4181378981423486,4181378981429295,4181378981439273,5809
780,"loop_compare_fusion.kd",2,8,909,1282169,1282169,8192,256,0,0,4,4,16,64,"0x0","0x7f7817b1a480",4181378980924968,4181378981429295,4181378981434422,4181378981443269,5127
781,"input_reduce_reduce_window_fusion.kd",2,8,910,1282169,1282169,512,512,512,0,20,4,48,64,"0x0","0x7f7817b1a4c0",4181378980932990,4181378981434422,4181378981451528,4181378981464791,17106
782,"loop_reduce_window_fusion_8.kd",2,8,911,1282169,1282169,32,32,0,0,32,0,16,64,"0x0","0x7f7817b1a500",4181378980939610,4181378981451528,4181378981460501,4181378981460455,8973
783,"loop_broadcast_fusion_1.kd",2,8,912,1282169,1282169,8192,256,0,0,4,4,16,64,"0x0","0x7f7817b1a540",4181378980947983,4181378981460501,4181378981465629,4181378981476098,5128
784,"input_scatter_fusion_1.kd",2,8,913,1282169,1282169,8192,256,0,0,8,0,32,64,"0x0","0x7f7817b1a580",4181378980954853,4181378981465629,4181378981471157,4181378981471541,5528
785,"loop_reduce_window_fusion_7.kd",2,8,914,1282169,1282169,8192,256,0,0,8,0,16,64,"0x0","0x7f7817b1a5c0",4181378980962684,4181378981471157,4181378981476205,4181378981480454,5048
786,"loop_reduce_window_fusion_6.kd",2,8,915,1282169,1282169,512,256,0,0,8,0,16,64,"0x0","0x7f7817b1a600",4181378980970326,4181378981476205,4181378981481372,4181378981485282,5167
787,"loop_reduce_window_fusion_5.kd",2,8,916,1282169,1282169,32,32,0,0,8,0,16,64,"0x0","0x7f7817b1a640",4181378980977677,4181378981481372,4181378981486139,4181378981493103,4767
788,"loop_select_fusion_6.kd",2,8,917,1282169,1282169,8192,256,0,0,8,0,32,64,"0x0","0x7f7817b1a680",4181378980986039,4181378981486139,4181378981491267,4181378981497570,5128
789,"loop_select_fusion_1.kd",2,8,918,1282169,1282169,8192,256,0,0,8,0,16,64,"0x0","0x7f7817b1a6c0",4181378980994021,4181378981491267,4181378981496234,4181378981506203,4967
790,"loop_broadcast_fusion_4.kd",2,8,919,1282169,1282169,16,16,0,0,4,4,16,64,"0x0","0x7f7817b1a700",4181378981000811,4181378981496234,4181378981501322,4181378981502127,5088
791,"__amd_rocclr_fillBufferAligned.kd",2,8,920,1282169,1282169,77824,256,0,0,12,4,48,64,"0x0","0x7f781d393580",4181378981014812,4181378981501322,4181378981514742,4181378981522587,13420
792,"__amd_rocclr_fillBufferAligned.kd",2,8,921,1282169,1282169,16128,256,0,0,12,4,48,64,"0x0","0x7f781d393580",4181378981021131,4181378981514742,4181378981519629,4181378981527234,4887
793,"transformer_engine::fused_attn_rocm::populate_rng_state_kernel(long*, long const*, long) [clone .kd]",2,8,922,1282169,1282169,1,1,0,0,8,0,16,64,"0x0","0x7f781c015380",4181378981031417,4181378981519629,4181378981524516,4181378981531460,4887
794,"__amd_rocclr_fillBufferAligned.kd",2,8,923,1282169,1282169,256,256,0,0,12,4,48,64,"0x0","0x7f781d393580",4181378981041201,4181378981524516,4181378981529243,4181378981537519,4727
795,"ck_fused_attn::get_runtime_max_seqlen_kernel(unsigned long, int const*, int const*, unsigned long*) [clone .kd]",2,8,924,1282169,1282169,4096,128,0,0,4,4,32,64,"0x0","0x7f781c004940",4181378981048682,4181378981529243,4181378981535052,4181378981546883,5809
796,"__amd_rocclr_copyBuffer.kd",2,8,925,1282169,1282169,512,512,0,0,16,0,32,64,"0x7fb89bde8a80","0x7f781d393600",4181378981056734,4181378981535052,4181378981540460,4181378981541696,5408
797,"__amd_rocclr_fillBufferAligned.kd",2,8,927,1282169,1282169,256,256,0,0,12,4,48,64,"0x0","0x7f781d393580",4181378981582466,4181378981592578,4181378981594621,4181378981621675,2043
798,"ck_fused_attn::get_runtime_max_seqlen_kernel(unsigned long, int const*, int const*, unsigned long*) [clone .kd]",2,8,928,1282169,1282169,4096,128,0,0,4,4,32,64,"0x0","0x7f781c004940",4181378981592922,4181378981600750,4181378981608722,4181378981632811,7972
799,"__amd_rocclr_copyBuffer.kd",2,8,929,1282169,1282169,512,512,0,0,16,0,32,64,"0x7fb89bc73c80","0x7f781d393600",4181378981599972,4181378981608722,4181378981614931,4181378981626382,6209
800,"void transformer_engine::fused_attn_rocm::compute_scores_kernel<__half, transformer_engine::fused_attn_rocm::SmallSeqConfig<12, 128, 256, false, (transformer_engine::fused_attn_rocm::CausalMaskType)0>, 1>(__half const*, __half const*, __half*, float, int const*, int const*, int, int) [clone .kd]",2,8,931,1282169,1282169,64000,64,0,0,120,0,32,64,"0x0","0x7f780414ef00",4181378981643607,4181378981662482,4181378981692486,4181378981693491,30004
801,"void transformer_engine::fused_attn_rocm::apply_mask_and_softmax_kernel<__half, transformer_engine::fused_attn_rocm::SmallSeqConfig<12, 128, 256, false, (transformer_engine::fused_attn_rocm::CausalMaskType)0> >(__half*, __half const*, float, int const*, int, int) [clone .kd]",2,8,932,1282169,1282169,780288,256,1024,0,16,0,16,64,"0x0","0x7f780414ef40",4181378981660552,4181378981692486,4181378981698135,4181378981707672,5649
802,"void transformer_engine::fused_attn_rocm::compute_output_kernel<__half, transformer_engine::fused_attn_rocm::SmallSeqConfig<12, 128, 256, false, (transformer_engine::fused_attn_rocm::CausalMaskType)0>, 2, 8>(__half const*, __half const*, __half*, int const*, int const*, int, int) [clone .kd]",2,8,933,1282169,1282169,512000,64,24576,0,24,0,32,64,"0x0","0x7f780414ef80",4181378981669646,4181378981698135,4181378981796200,4181378981797576,98065
803,"loop_broadcast_fusion_5.kd",2,8,934,1282169,1282169,2048000,256,0,0,4,4,16,64,"0x0","0x7f7817b1a740",4181378981679771,4181378981796200,4181378981804453,4181378981806179,8253
804,"__amd_rocclr_fillBufferAligned.kd",2,8,935,1282169,1282169,77824,256,0,0,12,4,48,64,"0x0","0x7f781d393580",4181378981693211,4181378981804453,4181378981811223,4181378981812969,6770
805,"__amd_rocclr_fillBufferAligned.kd",2,8,936,1282169,1282169,77824,256,0,0,12,4,48,64,"0x0","0x7f781d393580",4181378981720321,4181378981811223,4181378981843831,4181378981845708,32608
806,"__amd_rocclr_fillBufferAligned.kd",2,8,937,1282169,1282169,77824,256,0,0,12,4,48,64,"0x0","0x7f781d393580",4181378981728624,4181378981843831,4181378981876720,4181378981878016,32889
807,"__amd_rocclr_fillBufferAligned.kd",2,8,938,1282169,1282169,256,256,0,0,12,4,48,64,"0x0","0x7f781d393580",4181378981737266,4181378981876720,4181378981881447,4181378981884355,4727
808,"ck_fused_attn::get_runtime_max_seqlen_kernel(unsigned long, int const*, int const*, unsigned long*) [clone .kd]",2,8,939,1282169,1282169,4096,128,0,0,4,4,32,64,"0x0","0x7f781c004940",4181378981743736,4181378981881447,4181378981887656,4181378981891416,6209
809,"__amd_rocclr_copyBuffer.kd",2,8,940,1282169,1282169,512,512,0,0,16,0,32,64,"0x7fb89bde8880","0x7f781d393600",4181378981750837,4181378981887656,4181378981893505,4181378981897455,5849
810,"__amd_rocclr_fillBufferAligned.kd",2,8,942,1282169,1282169,256,256,0,0,12,4,48,64,"0x0","0x7f781d393580",4181378981913158,4181378981922148,4181378981924351,4181378981930033,2203
811,"ck_fused_attn::get_runtime_max_seqlen_kernel(unsigned long, int const*, int const*, unsigned long*) [clone .kd]",2,8,943,1282169,1282169,4096,128,0,0,4,4,32,64,"0x0","0x7f781c004940",4181378981922632,4181378981935768,4181378981941937,4181378981950333,6169
812,"__amd_rocclr_copyBuffer.kd",2,8,944,1282169,1282169,512,512,0,0,16,0,32,64,"0x7fb89bde8780","0x7f781d393600",4181378981934259,4181378981946784,4181378981952633,4181378981955311,5849
813,"void transformer_engine::fused_attn_rocm::compute_grad_v_kernel<__half, transformer_engine::fused_attn_rocm::SmallSeqConfig<12, 128, 256, false, (transformer_engine::fused_attn_rocm::CausalMaskType)0>, 16, 16>(__half const*, __half const*, __half*, int const*, int const*, int, int) [clone .kd]",2,8,946,1282169,1282169,256000,64,24576,0,28,4,32,64,"0x0","0x7f7804150800",4181378981971154,4181378981981155,4181378982065841,4181378982075299,84686
814,"void transformer_engine::fused_attn_rocm::compute_grad_attn_kernel<__half, transformer_engine::fused_attn_rocm::SmallSeqConfig<12, 128, 256, false, (transformer_engine::fused_attn_rocm::CausalMaskType)0>, 16>(__half const*, __half const*, __half*, int const*, int const*, int, int) [clone .kd]",2,8,947,1282169,1282169,8000,64,0,0,124,4,48,64,"0x0","0x7f7804150840",4181378981979927,4181378982065841,4181378982365928,4181378982371920,300087
815,"void transformer_engine::fused_attn_rocm::softmax_backward_kernel<__half, transformer_engine::fused_attn_rocm::SmallSeqConfig<12, 128, 256, false, (transformer_engine::fused_attn_rocm::CausalMaskType)0> >(__half const*, __half const*, __half*, float, int const*, int, int) [clone .kd]",2,8,948,1282169,1282169,780288,256,1024,0,16,0,16,64,"0x0","0x7f7804150880",4181378981990783,4181378982365928,4181378982371897,4181378982379972,5969
816,"void transformer_engine::fused_attn_rocm::compute_grad_qk_kernel<__half, transformer_engine::fused_attn_rocm::SmallSeqConfig<12, 128, 256, false, (transformer_engine::fused_attn_rocm::CausalMaskType)0>, 4, 16>(__half const*, __half const*, __half const*, __half*, __half*, float, int const*, int const*, int, int) [clone .kd]",2,8,949,1282169,1282169,1024000,64,24576,0,36,4,64,64,"0x0","0x7f78041508c0",4181378981999196,4181378982371897,4181378982719974,4181378982731655,348077
817,"input_reduce_fusion.kd",2,8,950,1282169,1282169,524288,256,512,0,16,0,16,64,"0x0","0x7f7817b1a780",4181378982007418,4181378982719974,4181378982728988,4181378982740088,9014
818,"input_reduce_fusion_3.kd",2,8,951,1282169,1282169,128,128,512,0,24,0,16,64,"0x0","0x7f7817b1a7c0",4181378982014499,4181378982728988,4181378982734436,4181378982745285,5448
819,"loop_convert_fusion.kd",2,8,952,1282169,1282169,1,1,0,0,4,4,16,64,"0x0","0x7f7817b1a800",4181378982021840,4181378982734436,4181378982739643,4181378982750193,5207
820,"input_compare_reduce_fusion_1.kd",2,8,955,1282169,1282169,8192,256,0,0,12,4,16,64,"0x0","0x7f7817b19c00",4181378982148127,4181378982752182,4181378982758231,4181378982780658,6049
821,"loop_slice_fusion_1.kd",2,8,956,1282169,1282169,3072,256,0,0,16,0,16,64,"0x0","0x7f7817b19c40",4181378982158343,4181378982758231,4181378982763359,4181378982785345,5128
822,"loop_reduce_window_fusion_16.kd",2,8,957,1282169,1282169,3072,256,0,0,8,0,16,64,"0x0","0x7f7817b19c80",4181378982165253,4181378982763359,4181378982769848,4181378982799887,6489
823,"loop_reduce_window_fusion_15.kd",2,8,958,1282169,1282169,192,192,0,0,8,0,16,64,"0x0","0x7f7817b19cc0",4181378982173655,4181378982769848,4181378982775096,4181378982804393,5248
824,"loop_broadcast_fusion_2.kd",2,8,959,1282169,1282169,48128,256,0,0,4,4,16,64,"0x0","0x7f7817b19d00",4181378982181487,4181378982775096,4181378982780985,4181378982808960,5889
825,"input_scatter_fusion_2.kd",2,8,960,1282169,1282169,48128,256,0,0,12,4,32,64,"0x0","0x7f7817b19d40",4181378982189028,4181378982780985,4181378982790599,4181378982813547,9614
826,"loop_reduce_window_fusion_14.kd",2,8,961,1282169,1282169,48128,256,0,0,8,0,16,64,"0x0","0x7f7817b19d80",4181378982196650,4181378982790599,4181378982795487,4181378982818474,4888
827,"loop_reduce_window_fusion_13.kd",2,8,962,1282169,1282169,3072,256,0,0,8,0,16,64,"0x0","0x7f7817b19dc0",4181378982204251,4181378982795487,4181378982800574,4181378982823021,5087
828,"loop_reduce_window_fusion_15.kd",2,8,963,1282169,1282169,192,192,0,0,8,0,16,64,"0x0","0x7f7817b19cc0",4181378982212323,4181378982800574,4181378982805221,4181378982827378,4647
829,"loop_slice_fusion_6.kd",2,8,964,1282169,1282169,12,12,0,0,4,4,16,64,"0x0","0x7f7817b19e00",4181378982218933,4181378982805221,4181378982809828,4181378982831904,4607
830,"input_reduce_fusion_1.kd",2,8,965,1282169,1282169,64,64,0,0,8,0,16,64,"0x0","0x7f7817b19e40",4181378982226264,4181378982809828,4181378982814475,4181378982838164,4647
831,"loop_select_fusion_5.kd",2,8,966,1282169,1282169,48128,256,0,0,12,4,32,64,"0x0","0x7f7817b19e80",4181378982233955,4181378982814475,4181378982819402,4181378982843241,4927
832,"loop_select_fusion_2.kd",2,8,967,1282169,1282169,48128,256,0,0,4,4,16,64,"0x0","0x7f7817b19ec0",4181378982241116,4181378982819402,4181378982824289,4181378982847858,4887
833,"loop_reduce_window_fusion_14.kd",2,8,968,1282169,1282169,48128,256,0,0,8,0,16,64,"0x0","0x7f7817b19d80",4181378982248667,4181378982824289,4181378982829217,4181378982852365,4928
834,"loop_reduce_window_fusion_13.kd",2,8,969,1282169,1282169,3072,256,0,0,8,0,16,64,"0x0","0x7f7817b19dc0",4181378982255187,4181378982829217,4181378982834304,4181378982856982,5087
835,"loop_reduce_window_fusion_15.kd",2,8,970,1282169,1282169,192,192,0,0,8,0,16,64,"0x0","0x7f7817b19cc0",4181378982262528,4181378982834304,4181378982838951,4181378982861328,4647
836,"input_concatenate_fusion.kd",2,8,971,1282169,1282169,48128,256,0,0,12,4,32,64,"0x0","0x7f7817b19f00",4181378982270189,4181378982838951,4181378982843838,4181378982865995,4887
837,"input_compare_reduce_fusion.kd",2,8,972,1282169,1282169,13312,256,0,0,12,4,16,64,"0x0","0x7f7817b19f40",4181378982277089,4181378982843838,4181378982848766,4181378982870672,4928
838,"loop_slice_fusion.kd",2,8,973,1282169,1282169,3328,256,0,0,16,0,16,64,"0x0","0x7f7817b19f80",4181378982284881,4181378982848766,4181378982853613,4181378982875179,4847
839,"loop_reduce_window_fusion_4.kd",2,8,974,1282169,1282169,3328,256,0,0,8,0,16,64,"0x0","0x7f7817b19fc0",4181378982292182,4181378982853613,4181378982858580,4181378982880677,4967
840,"loop_reduce_window_fusion_3.kd",2,8,975,1282169,1282169,208,208,0,0,8,0,16,64,"0x0","0x7f7817b1a000",4181378982299533,4181378982858580,4181378982863428,4181378982885624,4848
841,"loop_broadcast_fusion.kd",2,8,976,1282169,1282169,52224,256,0,0,4,4,16,64,"0x0","0x7f7817b1a040",4181378982306112,4181378982863428,4181378982868595,4181378982890201,5167
842,"input_scatter_fusion.kd",2,8,977,1282169,1282169,52224,256,0,0,12,4,32,64,"0x0","0x7f7817b1a080",4181378982314605,4181378982868595,4181378982877448,4181378982894808,8853
843,"loop_reduce_window_fusion_2.kd",2,8,978,1282169,1282169,52224,256,0,0,8,0,16,64,"0x0","0x7f7817b1a0c0",4181378982322006,4181378982877448,4181378982882416,4181378982900566,4968
844,"loop_reduce_window_fusion_1.kd",2,8,979,1282169,1282169,3328,256,0,0,8,0,16,64,"0x0","0x7f7817b1a100",4181378982329317,4181378982882416,4181378982887624,4181378982905223,5208
845,"loop_reduce_window_fusion_3.kd",2,8,980,1282169,1282169,208,208,0,0,8,0,16,64,"0x0","0x7f7817b1a000",4181378982336728,4181378982887624,4181378982892431,4181378982914547,4807
846,"loop_slice_fusion_5.kd",2,8,981,1282169,1282169,13,13,0,0,4,4,16,64,"0x0","0x7f7817b1a140",4181378982344279,4181378982892431,4181378982897158,4181378982936610,4727
847,"input_reduce_fusion_2.kd",2,8,982,1282169,1282169,64,64,0,0,8,0,16,64,"0x0","0x7f7817b1a180",4181378982351860,4181378982897158,4181378982901925,4181378982932013,4767
848,"loop_select_fusion_4.kd",2,8,983,1282169,1282169,52224,256,0,0,8,0,32,64,"0x0","0x7f7817b1a1c0",4181378982359592,4181378982901925,4181378982907012,4181378982910131,5087
849,"loop_select_fusion.kd",2,8,984,1282169,1282169,52224,256,0,0,8,0,16,64,"0x0","0x7f7817b1a200",4181378982367183,4181378982907012,4181378982912020,4181378982922719,5008
850,"loop_compare_fusion_1.kd",2,8,985,1282169,1282169,4096,256,0,0,4,4,16,64,"0x0","0x7f7817b1a240",4181378982374214,4181378982912020,4181378982916907,4181378982927536,4887
851,"input_reduce_reduce_window_fusion_1.kd",2,8,986,1282169,1282169,256,256,512,0,20,4,32,64,"0x0","0x7f7817b1a280",4181378982396357,4181378982916907,4181378982933291,4181378982943320,16384
852,"loop_slice_fusion_3.kd",2,8,987,1282169,1282169,16,16,0,0,20,4,16,64,"0x0","0x7f7817b1a2c0",4181378982404709,4181378982933291,4181378982938059,4181378982948037,4768
853,"loop_broadcast_fusion_3.kd",2,8,988,1282169,1282169,4096,256,0,0,4,4,16,64,"0x0","0x7f7817b1a300",4181378982412881,4181378982938059,4181378982942986,4181378982952504,4927
854,"input_scatter_fusion_3.kd",2,8,989,1282169,1282169,4096,256,0,0,8,0,32,64,"0x0","0x7f7817b1a340",4181378982420913,4181378982942986,4181378982949275,4181378982958983,6289
855,"loop_reduce_window_fusion_18.kd",2,8,990,1282169,1282169,4096,256,0,0,8,0,16,64,"0x0","0x7f7817b1a380",4181378982428134,4181378982949275,4181378982954082,4181378982979163,4807
856,"loop_slice_fusion_3.kd",2,8,991,1282169,1282169,16,16,0,0,20,4,16,64,"0x0","0x7f7817b1a2c0",4181378982435655,4181378982954082,4181378982958970,4181378982984081,4888
857,"loop_remainder_fusion.kd",2,8,992,1282169,1282169,4096,256,0,0,12,4,16,64,"0x0","0x7f7817b1a3c0",4181378982442736,4181378982958970,4181378982965059,4181378982965683,6089
858,"loop_select_fusion_3.kd",2,8,993,1282169,1282169,4096,256,0,0,8,0,32,64,"0x0","0x7f7817b1a400",4181378982450788,4181378982965059,4181378982969906,4181378982970450,4847
859,"loop_reduce_window_fusion_18.kd",2,8,994,1282169,1282169,4096,256,0,0,8,0,16,64,"0x0","0x7f7817b1a380",4181378982457708,4181378982969906,4181378982974833,4181378982975047,4927
860,"loop_slice_fusion_3.kd",2,8,995,1282169,1282169,16,16,0,0,20,4,16,64,"0x0","0x7f7817b1a2c0",4181378982463977,4181378982974833,4181378982979640,4181378982990901,4807
861,"input_concatenate_fusion_1.kd",2,8,996,1282169,1282169,4096,256,0,0,8,0,32,64,"0x0","0x7f7817b1a440",4181378982472069,4181378982979640,4181378982985409,4181378982995427,5769
862,"loop_compare_fusion.kd",2,8,997,1282169,1282169,8192,256,0,0,4,4,16,64,"0x0","0x7f7817b1a480",4181378982479420,4181378982985409,4181378982990376,4181378982999784,4967
863,"input_reduce_reduce_window_fusion.kd",2,8,998,1282169,1282169,512,512,512,0,20,4,48,64,"0x0","0x7f7817b1a4c0",4181378982486691,4181378982990376,4181378983007682,4181378983018862,17306
864,"loop_reduce_window_fusion_8.kd",2,8,999,1282169,1282169,32,32,0,0,32,0,16,64,"0x0","0x7f7817b1a500",4181378982495033,4181378983007682,4181378983017577,4181378983023089,9895
865,"loop_broadcast_fusion_1.kd",2,8,1000,1282169,1282169,8192,256,0,0,4,4,16,64,"0x0","0x7f7817b1a540",4181378982502474,4181378983017577,4181378983022785,4181378983027826,5208
866,"input_scatter_fusion_1.kd",2,8,1001,1282169,1282169,8192,256,0,0,8,0,32,64,"0x0","0x7f7817b1a580",4181378982509224,4181378983022785,4181378983027992,4181378983034195,5207
867,"loop_reduce_window_fusion_7.kd",2,8,1002,1282169,1282169,8192,256,0,0,8,0,16,64,"0x0","0x7f7817b1a5c0",4181378982516896,4181378983027992,4181378983033040,4181378983038642,5048
868,"loop_reduce_window_fusion_6.kd",2,8,1003,1282169,1282169,512,256,0,0,8,0,16,64,"0x0","0x7f7817b1a600",4181378982524707,4181378983033040,4181378983038047,4181378983044591,5007
869,"loop_reduce_window_fusion_5.kd",2,8,1004,1282169,1282169,32,32,0,0,8,0,16,64,"0x0","0x7f7817b1a640",4181378982531778,4181378983038047,4181378983042814,4181378983051321,4767
870,"loop_select_fusion_6.kd",2,8,1005,1282169,1282169,8192,256,0,0,8,0,32,64,"0x0","0x7f7817b1a680",4181378982539730,4181378983042814,4181378983047942,4181378983056228,5128
871,"loop_select_fusion_1.kd",2,8,1006,1282169,1282169,8192,256,0,0,8,0,16,64,"0x0","0x7f7817b1a6c0",4181378982547271,4181378983047942,4181378983052869,4181378983060564,4927
872,"loop_broadcast_fusion_4.kd",2,8,1007,1282169,1282169,16,16,0,0,4,4,16,64,"0x0","0x7f7817b1a700",4181378982553771,4181378983052869,4181378983057917,4181378983067384,5048
873,"__amd_rocclr_fillBufferAligned.kd",2,8,1008,1282169,1282169,77824,256,0,0,12,4,48,64,"0x0","0x7f781d393580",4181378982564877,4181378983057917,4181378983071337,4181378983072051,13420
874,"__amd_rocclr_fillBufferAligned.kd",2,8,1009,1282169,1282169,16128,256,0,0,12,4,48,64,"0x0","0x7f781d393580",4181378982571407,4181378983071337,4181378983076344,4181378983076218,5007
875,"transformer_engine::fused_attn_rocm::populate_rng_state_kernel(long*, long const*, long) [clone .kd]",2,8,1010,1282169,1282169,1,1,0,0,8,0,16,64,"0x0","0x7f781c015380",4181378982580631,4181378983076344,4181378983081231,4181378983082427,4887
876,"__amd_rocclr_fillBufferAligned.kd",2,8,1011,1282169,1282169,256,256,0,0,12,4,48,64,"0x0","0x7f781d393580",4181378982592568,4181378983081231,4181378983085918,4181378983086944,4687
877,"ck_fused_attn::get_runtime_max_seqlen_kernel(unsigned long, int const*, int const*, unsigned long*) [clone .kd]",2,8,1012,1282169,1282169,4096,128,0,0,4,4,32,64,"0x0","0x7f781c004940",4181378982599248,4181378983085918,4181378983091767,4181378983093533,5849
878,"__amd_rocclr_copyBuffer.kd",2,8,1013,1282169,1282169,512,512,0,0,16,0,32,64,"0x7fb89bde8580","0x7f781d393600",4181378982608923,4181378983091767,4181378983097295,4181378983100494,5528
879,"__amd_rocclr_fillBufferAligned.kd",2,8,1015,1282169,1282169,256,256,0,0,12,4,48,64,"0x0","0x7f781d393580",4181378983142116,4181378983153178,4181378983155101,4181378983180383,1923
880,"ck_fused_attn::get_runtime_max_seqlen_kernel(unsigned long, int const*, int const*, unsigned long*) [clone .kd]",2,8,1016,1282169,1282169,4096,128,0,0,4,4,32,64,"0x0","0x7f781c004940",4181378983153763,4181378983161671,4181378983170644,4181378983191769,8973
881,"__amd_rocclr_copyBuffer.kd",2,8,1017,1282169,1282169,512,512,0,0,16,0,32,64,"0x7fb89bde8480","0x7f781d393600",4181378983160593,4181378983170644,4181378983176133,4181378983186712,5489
882,"void transformer_engine::fused_attn_rocm::compute_scores_kernel<__half, transformer_engine::fused_attn_rocm::SmallSeqConfig<12, 128, 256, false, (transformer_engine::fused_attn_rocm::CausalMaskType)0>, 1>(__half const*, __half const*, __half*, float, int const*, int const*, int, int) [clone .kd]",2,8,1019,1282169,1282169,64000,64,0,0,120,0,32,64,"0x0","0x7f780414ef00",4181378983203096,4181378983213228,4181378983242752,4181378983243837,29524
883,"void transformer_engine::fused_attn_rocm::apply_mask_and_softmax_kernel<__half, transformer_engine::fused_attn_rocm::SmallSeqConfig<12, 128, 256, false, (transformer_engine::fused_attn_rocm::CausalMaskType)0> >(__half*, __half const*, float, int const*, int, int) [clone .kd]",2,8,1020,1282169,1282169,780288,256,1024,0,16,0,16,64,"0x0","0x7f780414ef40",4181378983211188,4181378983242752,4181378983248280,4181378983251538,5528
884,"void transformer_engine::fused_attn_rocm::compute_output_kernel<__half, transformer_engine::fused_attn_rocm::SmallSeqConfig<12, 128, 256, false, (transformer_engine::fused_attn_rocm::CausalMaskType)0>, 2, 8>(__half const*, __half const*, __half*, int const*, int const*, int, int) [clone .kd]",2,8,1021,1282169,1282169,512000,64,24576,0,24,0,32,64,"0x0","0x7f780414ef80",4181378983219751,4181378983248280,4181378983346947,4181378983349123,98667
885,"loop_broadcast_fusion_5.kd",2,8,1022,1282169,1282169,2048000,256,0,0,4,4,16,64,"0x0","0x7f7817b1a740",4181378983228584,4181378983346947,4181378983355199,4181378983358167,8252
886,"__amd_rocclr_fillBufferAligned.kd",2,8,1023,1282169,1282169,77824,256,0,0,12,4,48,64,"0x0","0x7f781d393580",4181378983243847,4181378983355199,4181378983362009,4181378983363375,6810
887,"__amd_rocclr_fillBufferAligned.kd",2,8,1024,1282169,1282169,77824,256,0,0,12,4,48,64,"0x0","0x7f781d393580",4181378983264918,4181378983362009,4181378983394938,4181378983397155,32929
888,"__amd_rocclr_fillBufferAligned.kd",2,8,1025,1282169,1282169,77824,256,0,0,12,4,48,64,"0x0","0x7f781d393580",4181378983272680,4181378983394938,4181378983427947,4181378983429233,33009
889,"__amd_rocclr_fillBufferAligned.kd",2,8,1026,1282169,1282169,256,256,0,0,12,4,48,64,"0x0","0x7f781d393580",4181378983290516,4181378983427947,4181378983432594,4181378983436383,4647
890,"ck_fused_attn::get_runtime_max_seqlen_kernel(unsigned long, int const*, int const*, unsigned long*) [clone .kd]",2,8,1027,1282169,1282169,4096,128,0,0,4,4,32,64,"0x0","0x7f781c004940",4181378983297076,4181378983432594,4181378983438763,4181378983444575,6169
891,"__amd_rocclr_copyBuffer.kd",2,8,1028,1282169,1282169,512,512,0,0,16,0,32,64,"0x7fb89bde8380","0x7f781d393600",4181378983304006,4181378983438763,4181378983444732,4181378983448832,5969
892,"__amd_rocclr_fillBufferAligned.kd",2,8,1030,1282169,1282169,256,256,0,0,12,4,48,64,"0x0","0x7f781d393580",4181378983464295,4181378983473976,4181378983476099,4181378983482121,2123
893,"ck_fused_attn::get_runtime_max_seqlen_kernel(unsigned long, int const*, int const*, unsigned long*) [clone .kd]",2,8,1031,1282169,1282169,4096,128,0,0,4,4,32,64,"0x0","0x7f781c004940",4181378983475592,4181378983486915,4181378983493004,4181378983494349,6089
894,"__amd_rocclr_copyBuffer.kd",2,8,1032,1282169,1282169,512,512,0,0,16,0,32,64,"0x7fb89bde8280","0x7f781d393600",4181378983485626,4181378983509709,4181378983516158,4181378983521149,6449
895,"void transformer_engine::fused_attn_rocm::compute_grad_v_kernel<__half, transformer_engine::fused_attn_rocm::SmallSeqConfig<12, 128, 256, false, (transformer_engine::fused_attn_rocm::CausalMaskType)0>, 16, 16>(__half const*, __half const*, __half*, int const*, int const*, int, int) [clone .kd]",2,8,1034,1282169,1282169,256000,64,24576,0,28,4,32,64,"0x0","0x7f7804150800",4181378983537233,4181378983551611,4181378983639662,4181378983643031,88051
896,"void transformer_engine::fused_attn_rocm::compute_grad_attn_kernel<__half, transformer_engine::fused_attn_rocm::SmallSeqConfig<12, 128, 256, false, (transformer_engine::fused_attn_rocm::CausalMaskType)0>, 16>(__half const*, __half const*, __half*, int const*, int const*, int, int) [clone .kd]",2,8,1035,1282169,1282169,8000,64,0,0,124,4,48,64,"0x0","0x7f7804150840",4181378983549892,4181378983639662,4181378983940589,4181378983948234,300927
897,"void transformer_engine::fused_attn_rocm::softmax_backward_kernel<__half, transformer_engine::fused_attn_rocm::SmallSeqConfig<12, 128, 256, false, (transformer_engine::fused_attn_rocm::CausalMaskType)0> >(__half const*, __half const*, __half*, float, int const*, int, int) [clone .kd]",2,8,1036,1282169,1282169,780288,256,1024,0,16,0,16,64,"0x0","0x7f7804150880",4181378983556792,4181378983940589,4181378983948201,4181378983955836,7612
898,"void transformer_engine::fused_attn_rocm::compute_grad_qk_kernel<__half, transformer_engine::fused_attn_rocm::SmallSeqConfig<12, 128, 256, false, (transformer_engine::fused_attn_rocm::CausalMaskType)0>, 4, 16>(__half const*, __half const*, __half const*, __half*, __half*, float, int const*, int const*, int, int) [clone .kd]",2,8,1037,1282169,1282169,1024000,64,24576,0,36,4,64,64,"0x0","0x7f78041508c0",4181378983565435,4181378983948201,4181378984287025,4181378984295601,338824
899,"input_reduce_fusion.kd",2,8,1038,1282169,1282169,524288,256,512,0,16,0,16,64,"0x0","0x7f7817b1a780",4181378983574318,4181378984287025,4181378984296559,4181378984304534,9534
900,"input_reduce_fusion_3.kd",2,8,1039,1282169,1282169,128,128,512,0,24,0,16,64,"0x0","0x7f7817b1a7c0",4181378983581689,4181378984296559,4181378984301366,4181378984309732,4807
901,"loop_convert_fusion.kd",2,8,1040,1282169,1282169,1,1,0,0,4,4,16,64,"0x0","0x7f7817b1a800",4181378983588039,4181378984301366,4181378984307175,4181378984314129,5809
902,"input_compare_reduce_fusion_1.kd",2,8,1043,1282169,1282169,8192,256,0,0,12,4,16,64,"0x0","0x7f7817b19c00",4181378983712965,4181378984319433,4181378984325882,4181378984344904,6449
903,"loop_slice_fusion_1.kd",2,8,1044,1282169,1282169,3072,256,0,0,16,0,16,64,"0x0","0x7f7817b19c40",4181378983723060,4181378984325882,4181378984331050,4181378984349852,5168
904,"loop_reduce_window_fusion_16.kd",2,8,1045,1282169,1282169,3072,256,0,0,8,0,16,64,"0x0","0x7f7817b19c80",4181378983730471,4181378984331050,4181378984338702,4181378984354328,7652
905,"loop_reduce_window_fusion_15.kd",2,8,1046,1282169,1282169,192,192,0,0,8,0,16,64,"0x0","0x7f7817b19cc0",4181378983737791,4181378984338702,4181378984344190,4181378984358795,5488
906,"loop_broadcast_fusion_2.kd",2,8,1047,1282169,1282169,48128,256,0,0,4,4,16,64,"0x0","0x7f7817b19d00",4181378983744351,4181378984344190,4181378984349037,4181378984363582,4847
907,"input_scatter_fusion_2.kd",2,8,1048,1282169,1282169,48128,256,0,0,12,4,32,64,"0x0","0x7f7817b19d40",4181378983751993,4181378984349037,4181378984357810,4181378984367899,8773
908,"loop_reduce_window_fusion_14.kd",2,8,1049,1282169,1282169,48128,256,0,0,8,0,16,64,"0x0","0x7f7817b19d80",4181378983759584,4181378984357810,4181378984362657,4181378984372275,4847
909,"loop_reduce_window_fusion_13.kd",2,8,1050,1282169,1282169,3072,256,0,0,8,0,16,64,"0x0","0x7f7817b19dc0",4181378983767285,4181378984362657,4181378984367825,4181378984376972,5168
910,"loop_reduce_window_fusion_15.kd",2,8,1051,1282169,1282169,192,192,0,0,8,0,16,64,"0x0","0x7f7817b19cc0",4181378983774045,4181378984367825,4181378984372512,4181378984381569,4687
911,"loop_slice_fusion_6.kd",2,8,1052,1282169,1282169,12,12,0,0,4,4,16,64,"0x0","0x7f7817b19e00",4181378983780956,4181378984372512,4181378984377159,4181378984388329,4647
912,"input_reduce_fusion_1.kd",2,8,1053,1282169,1282169,64,64,0,0,8,0,16,64,"0x0","0x7f7817b19e40",4181378983787425,4181378984377159,4181378984381766,4181378984393176,4607
913,"loop_select_fusion_5.kd",2,8,1054,1282169,1282169,48128,256,0,0,12,4,32,64,"0x0","0x7f7817b19e80",4181378983795708,4181378984381766,4181378984386733,4181378984397973,4967
914,"loop_select_fusion_2.kd",2,8,1055,1282169,1282169,48128,256,0,0,4,4,16,64,"0x0","0x7f7817b19ec0",4181378983802357,4181378984386733,4181378984391620,4181378984402710,4887
915,"loop_reduce_window_fusion_14.kd",2,8,1056,1282169,1282169,48128,256,0,0,8,0,16,64,"0x0","0x7f7817b19d80",4181378983809468,4181378984391620,4181378984396548,4181378984407277,4928
916,"loop_reduce_window_fusion_13.kd",2,8,1057,1282169,1282169,3072,256,0,0,8,0,16,64,"0x0","0x7f7817b19dc0",4181378983815577,4181378984396548,4181378984401635,4181378984411864,5087
917,"loop_reduce_window_fusion_15.kd",2,8,1058,1282169,1282169,192,192,0,0,8,0,16,64,"0x0","0x7f7817b19cc0",4181378983822928,4181378984401635,4181378984406322,4181378984416371,4687
918,"input_concatenate_fusion.kd",2,8,1059,1282169,1282169,48128,256,0,0,12,4,32,64,"0x0","0x7f7817b19f00",4181378983829898,4181378984406322,4181378984411249,4181378984421178,4927
919,"input_compare_reduce_fusion.kd",2,8,1060,1282169,1282169,13312,256,0,0,12,4,16,64,"0x0","0x7f7817b19f40",4181378983837690,4181378984411249,4181378984416177,4181378984425584,4928
920,"loop_slice_fusion.kd",2,8,1061,1282169,1282169,3328,256,0,0,16,0,16,64,"0x0","0x7f7817b19f80",4181378983844470,4181378984416177,4181378984421064,4181378984430151,4887
921,"loop_reduce_window_fusion_4.kd",2,8,1062,1282169,1282169,3328,256,0,0,8,0,16,64,"0x0","0x7f7817b19fc0",4181378983853133,4181378984421064,4181378984426071,4181378984434828,5007
922,"loop_reduce_window_fusion_3.kd",2,8,1063,1282169,1282169,208,208,0,0,8,0,16,64,"0x0","0x7f7817b1a000",4181378983859983,4181378984426071,4181378984430879,4181378984440126,4808
923,"loop_broadcast_fusion.kd",2,8,1064,1282169,1282169,52224,256,0,0,4,4,16,64,"0x0","0x7f7817b1a040",4181378983867334,4181378984430879,4181378984436046,4181378984446896,5167
924,"input_scatter_fusion.kd",2,8,1065,1282169,1282169,52224,256,0,0,12,4,32,64,"0x0","0x7f7817b1a080",4181378983875867,4181378984436046,4181378984445020,4181378984451323,8974
925,"loop_reduce_window_fusion_2.kd",2,8,1066,1282169,1282169,52224,256,0,0,8,0,16,64,"0x0","0x7f7817b1a0c0",4181378983883037,4181378984445020,4181378984450027,4181378984456210,5007
926,"loop_reduce_window_fusion_1.kd",2,8,1067,1282169,1282169,3328,256,0,0,8,0,16,64,"0x0","0x7f7817b1a100",4181378983890458,4181378984450027,4181378984455315,4181378984460717,5288
927,"loop_reduce_window_fusion_3.kd",2,8,1068,1282169,1282169,208,208,0,0,8,0,16,64,"0x0","0x7f7817b1a000",4181378983896928,4181378984455315,4181378984460082,4181378984469450,4767
928,"loop_slice_fusion_5.kd",2,8,1069,1282169,1282169,13,13,0,0,4,4,16,64,"0x0","0x7f7817b1a140",4181378983903868,4181378984460082,4181378984464849,4181378984465233,4767
929,"input_reduce_fusion_2.kd",2,8,1070,1282169,1282169,64,64,0,0,8,0,16,64,"0x0","0x7f7817b1a180",4181378983911650,4181378984464849,4181378984469576,4181378984477842,4727
930,"loop_select_fusion_4.kd",2,8,1071,1282169,1282169,52224,256,0,0,8,0,32,64,"0x0","0x7f7817b1a1c0",4181378983919472,4181378984469576,4181378984474664,4181378984487316,5088
931,"loop_select_fusion.kd",2,8,1072,1282169,1282169,52224,256,0,0,8,0,16,64,"0x0","0x7f7817b1a200",4181378983927063,4181378984474664,4181378984479631,4181378984482819,4967
932,"loop_compare_fusion_1.kd",2,8,1073,1282169,1282169,4096,256,0,0,4,4,16,64,"0x0","0x7f7817b1a240",4181378983933973,4181378984479631,4181378984484558,4181378984494076,4927
933,"input_reduce_reduce_window_fusion_1.kd",2,8,1074,1282169,1282169,256,256,512,0,20,4,32,64,"0x0","0x7f7817b1a280",4181378983942416,4181378984484558,4181378984500102,4181378984501217,15544
934,"loop_slice_fusion_3.kd",2,8,1075,1282169,1282169,16,16,0,0,20,4,16,64,"0x0","0x7f7817b1a2c0",4181378983949757,4181378984500102,4181378984504829,4181378984506364,4727
935,"loop_broadcast_fusion_3.kd",2,8,1076,1282169,1282169,4096,256,0,0,4,4,16,64,"0x0","0x7f7817b1a300",4181378983972370,4181378984504829,4181378984509916,4181378984513105,5087
936,"input_scatter_fusion_3.kd",2,8,1077,1282169,1282169,4096,256,0,0,8,0,32,64,"0x0","0x7f7817b1a340",4181378983980262,4181378984509916,4181378984516045,4181378984520626,6129
937,"loop_reduce_window_fusion_18.kd",2,8,1078,1282169,1282169,4096,256,0,0,8,0,16,64,"0x0","0x7f7817b1a380",4181378983987112,4181378984516045,4181378984520812,4181378984525152,4767
938,"loop_slice_fusion_3.kd",2,8,1079,1282169,1282169,16,16,0,0,20,4,16,64,"0x0","0x7f7817b1a2c0",4181378983995144,4181378984520812,4181378984525579,4181378984532103,4767
939,"loop_remainder_fusion.kd",2,8,1080,1282169,1282169,4096,256,0,0,12,4,16,64,"0x0","0x7f7817b1a3c0",4181378984002665,4181378984525579,4181378984531268,4181378984536309,5689
940,"loop_select_fusion_3.kd",2,8,1081,1282169,1282169,4096,256,0,0,8,0,32,64,"0x0","0x7f7817b1a400",4181378984010938,4181378984531268,4181378984536075,4181378984540966,4807
941,"loop_reduce_window_fusion_18.kd",2,8,1082,1282169,1282169,4096,256,0,0,8,0,16,64,"0x0","0x7f7817b1a380",4181378984018018,4181378984536075,4181378984540962,4181378984547626,4887
942,"loop_slice_fusion_3.kd",2,8,1083,1282169,1282169,16,16,0,0,20,4,16,64,"0x0","0x7f7817b1a2c0",4181378984025960,4181378984540962,4181378984545689,4181378984551932,4727
943,"input_concatenate_fusion_1.kd",2,8,1084,1282169,1282169,4096,256,0,0,8,0,32,64,"0x0","0x7f7817b1a440",4181378984033802,4181378984545689,4181378984551538,4181378984556449,5849
944,"loop_compare_fusion.kd",2,8,1085,1282169,1282169,8192,256,0,0,4,4,16,64,"0x0","0x7f7817b1a480",4181378984040091,4181378984551538,4181378984556505,4181378984563019,4967
945,"input_reduce_reduce_window_fusion.kd",2,8,1086,1282169,1282169,512,512,512,0,20,4,48,64,"0x0","0x7f7817b1a4c0",4181378984047833,4181378984556505,4181378984573771,4181378984579994,17266
946,"loop_reduce_window_fusion_8.kd",2,8,1087,1282169,1282169,32,32,0,0,32,0,16,64,"0x0","0x7f7817b1a500",4181378984055244,4181378984573771,4181378984585829,4181378984587225,12058
947,"loop_broadcast_fusion_1.kd",2,8,1088,1282169,1282169,8192,256,0,0,4,4,16,64,"0x0","0x7f7817b1a540",4181378984062655,4181378984585829,4181378984590957,4181378984593304,5128
948,"input_scatter_fusion_1.kd",2,8,1089,1282169,1282169,8192,256,0,0,8,0,32,64,"0x0","0x7f7817b1a580",4181378984070546,4181378984590957,4181378984596004,4181378984599403,5047
949,"loop_reduce_window_fusion_7.kd",2,8,1090,1282169,1282169,8192,256,0,0,8,0,16,64,"0x0","0x7f7817b1a5c0",4181378984078578,4181378984596004,4181378984601092,4181378984604140,5088
950,"loop_reduce_window_fusion_6.kd",2,8,1091,1282169,1282169,512,256,0,0,8,0,16,64,"0x0","0x7f7817b1a600",4181378984086019,4181378984601092,4181378984606059,4181378984610900,4967
951,"loop_reduce_window_fusion_5.kd",2,8,1092,1282169,1282169,32,32,0,0,8,0,16,64,"0x0","0x7f7817b1a640",4181378984094913,4181378984606059,4181378984610826,4181378984615767,4767
952,"loop_select_fusion_6.kd",2,8,1093,1282169,1282169,8192,256,0,0,8,0,32,64,"0x0","0x7f7817b1a680",4181378984103826,4181378984610826,4181378984615954,4181378984620214,5128
953,"loop_select_fusion_1.kd",2,8,1094,1282169,1282169,8192,256,0,0,8,0,16,64,"0x0","0x7f7817b1a6c0",4181378984113560,4181378984615954,4181378984620881,4181378984626503,4927
954,"loop_broadcast_fusion_4.kd",2,8,1095,1282169,1282169,16,16,0,0,4,4,16,64,"0x0","0x7f7817b1a700",4181378984122133,4181378984620881,4181378984625929,4181378984630890,5048
955,"__amd_rocclr_fillBufferAligned.kd",2,8,1096,1282169,1282169,77824,256,0,0,12,4,48,64,"0x0","0x7f781d393580",4181378984134161,4181378984625929,4181378984640310,4181378984656418,14381
956,"__amd_rocclr_fillBufferAligned.kd",2,8,1097,1282169,1282169,16128,256,0,0,12,4,48,64,"0x0","0x7f781d393580",4181378984141392,4181378984640310,4181378984645398,4181378984646944,5088
957,"transformer_engine::fused_attn_rocm::populate_rng_state_kernel(long*, long const*, long) [clone .kd]",2,8,1098,1282169,1282169,1,1,0,0,8,0,16,64,"0x0","0x7f781c015380",4181378984149744,4181378984645398,4181378984650245,4181378984651861,4847
958,"__amd_rocclr_fillBufferAligned.kd",2,8,1099,1282169,1282169,256,256,0,0,12,4,48,64,"0x0","0x7f781d393580",4181378984161141,4181378984650245,4181378984654972,4181378984662397,4727
959,"ck_fused_attn::get_runtime_max_seqlen_kernel(unsigned long, int const*, int const*, unsigned long*) [clone .kd]",2,8,1100,1282169,1282169,4096,128,0,0,4,4,32,64,"0x0","0x7f781c004940",4181378984167891,4181378984654972,4181378984660861,4181378984671710,5889
960,"__amd_rocclr_copyBuffer.kd",2,8,1101,1282169,1282169,512,512,0,0,16,0,32,64,"0x7fb89bde9d80","0x7f781d393600",4181378984176744,4181378984660861,4181378984666309,4181378984666973,5448
961,"__amd_rocclr_fillBufferAligned.kd",2,8,1103,1282169,1282169,256,256,0,0,12,4,48,64,"0x0","0x7f781d393580",4181378984707634,4181378984716664,4181378984718707,4181378984753061,2043
962,"ck_fused_attn::get_runtime_max_seqlen_kernel(unsigned long, int const*, int const*, unsigned long*) [clone .kd]",2,8,1104,1282169,1282169,4096,128,0,0,4,4,32,64,"0x0","0x7f781c004940",4181378984722826,4181378984731285,4181378984737134,4181378984762746,5849
963,"__amd_rocclr_copyBuffer.kd",2,8,1105,1282169,1282169,512,512,0,0,16,0,32,64,"0x7fb89bde9f80","0x7f781d393600",4181378984733182,4181378984741941,4181378984747710,4181378984758399,5769
964,"void transformer_engine::fused_attn_rocm::compute_scores_kernel<__half, transformer_engine::fused_attn_rocm::SmallSeqConfig<12, 128, 256, false, (transformer_engine::fused_attn_rocm::CausalMaskType)0>, 1>(__half const*, __half const*, __half*, float, int const*, int const*, int, int) [clone .kd]",2,8,1107,1282169,1282169,64000,64,0,0,120,0,32,64,"0x0","0x7f780414ef00",4181378984775365,4181378984791855,4181378984821860,4181378984824077,30005
965,"void transformer_engine::fused_attn_rocm::apply_mask_and_softmax_kernel<__half, transformer_engine::fused_attn_rocm::SmallSeqConfig<12, 128, 256, false, (transformer_engine::fused_attn_rocm::CausalMaskType)0> >(__half*, __half const*, float, int const*, int, int) [clone .kd]",2,8,1108,1282169,1282169,780288,256,1024,0,16,0,16,64,"0x0","0x7f780414ef40",4181378984789946,4181378984821860,4181378984827268,4181378984832249,5408
966,"void transformer_engine::fused_attn_rocm::compute_output_kernel<__half, transformer_engine::fused_attn_rocm::SmallSeqConfig<12, 128, 256, false, (transformer_engine::fused_attn_rocm::CausalMaskType)0>, 2, 8>(__half const*, __half const*, __half*, int const*, int const*, int, int) [clone .kd]",2,8,1109,1282169,1282169,512000,64,24576,0,24,0,32,64,"0x0","0x7f780414ef80",4181378984798519,4181378984827268,4181378984925935,4181378984927611,98667
967,"loop_broadcast_fusion_5.kd",2,8,1110,1282169,1282169,2048000,256,0,0,4,4,16,64,"0x0","0x7f7817b1a740",4181378984809375,4181378984925935,4181378984934147,4181378984936274,8212
968,"__amd_rocclr_fillBufferAligned.kd",2,8,1111,1282169,1282169,77824,256,0,0,12,4,48,64,"0x0","0x7f781d393580",4181378984823767,4181378984934147,4181378984940957,4181378984941081,6810
969,"__amd_rocclr_fillBufferAligned.kd",2,8,1112,1282169,1282169,77824,256,0,0,12,4,48,64,"0x0","0x7f781d393580",4181378984844477,4181378984940957,4181378984973966,4181378984982162,33009
970,"__amd_rocclr_fillBufferAligned.kd",2,8,1113,1282169,1282169,77824,256,0,0,12,4,48,64,"0x0","0x7f781d393580",4181378984852109,4181378984973966,4181378985006775,4181378985007169,32809
971,"__amd_rocclr_fillBufferAligned.kd",2,8,1114,1282169,1282169,256,256,0,0,12,4,48,64,"0x0","0x7f781d393580",4181378984859810,4181378985006775,4181378985011422,4181378985013989,4647
972,"ck_fused_attn::get_runtime_max_seqlen_kernel(unsigned long, int const*, int const*, unsigned long*) [clone .kd]",2,8,1115,1282169,1282169,4096,128,0,0,4,4,32,64,"0x0","0x7f781c004940",4181378984865789,4181378985011422,4181378985017631,4181378985021130,6209
973,"__amd_rocclr_copyBuffer.kd",2,8,1116,1282169,1282169,512,512,0,0,16,0,32,64,"0x7fb89bc76d80","0x7f781d393600",4181378984873601,4181378985017631,4181378985023440,4181378985025827,5809
974,"__amd_rocclr_fillBufferAligned.kd",2,8,1118,1282169,1282169,256,256,0,0,12,4,48,64,"0x0","0x7f781d393580",4181378985040889,4181378985050520,4181378985052603,4181378985052987,2083
975,"ck_fused_attn::get_runtime_max_seqlen_kernel(unsigned long, int const*, int const*, unsigned long*) [clone .kd]",2,8,1119,1282169,1282169,4096,128,0,0,4,4,32,64,"0x0","0x7f781c004940",4181378985050984,4181378985070109,4181378985076278,4181378985084875,6169
976,"__amd_rocclr_copyBuffer.kd",2,8,1120,1282169,1282169,512,512,0,0,16,0,32,64,"0x7fb89bc76f00","0x7f781d393600",4181378985068571,4181378985081126,4181378985085732,4181378985089892,4606
977,"void transformer_engine::fused_attn_rocm::compute_grad_v_kernel<__half, transformer_engine::fused_attn_rocm::SmallSeqConfig<12, 128, 256, false, (transformer_engine::fused_attn_rocm::CausalMaskType)0>, 16, 16>(__half const*, __half const*, __half*, int const*, int const*, int, int) [clone .kd]",2,8,1122,1282169,1282169,256000,64,24576,0,28,4,32,64,"0x0","0x7f7804150800",4181378985105626,4181378985119783,4181378985205951,4181378985209991,86168
978,"void transformer_engine::fused_attn_rocm::compute_grad_attn_kernel<__half, transformer_engine::fused_attn_rocm::SmallSeqConfig<12, 128, 256, false, (transformer_engine::fused_attn_rocm::CausalMaskType)0>, 16>(__half const*, __half const*, __half*, int const*, int const*, int, int) [clone .kd]",2,8,1123,1282169,1282169,8000,64,0,0,124,4,48,64,"0x0","0x7f7804150840",4181378985118044,4181378985205951,4181378985506719,4181378985508605,300768
979,"void transformer_engine::fused_attn_rocm::softmax_backward_kernel<__half, transformer_engine::fused_attn_rocm::SmallSeqConfig<12, 128, 256, false, (transformer_engine::fused_attn_rocm::CausalMaskType)0> >(__half const*, __half const*, __half*, float, int const*, int, int) [clone .kd]",2,8,1124,1282169,1282169,780288,256,1024,0,16,0,16,64,"0x0","0x7f7804150880",4181378985125465,4181378985506719,4181378985513729,4181378985520903,7010
980,"void transformer_engine::fused_attn_rocm::compute_grad_qk_kernel<__half, transformer_engine::fused_attn_rocm::SmallSeqConfig<12, 128, 256, false, (transformer_engine::fused_attn_rocm::CausalMaskType)0>, 4, 16>(__half const*, __half const*, __half const*, __half*, __half*, float, int const*, int const*, int, int) [clone .kd]",2,8,1125,1282169,1282169,1024000,64,24576,0,36,4,64,64,"0x0","0x7f78041508c0",4181378985133798,4181378985513729,4181378985847946,4181378985856002,334217
981,"input_reduce_fusion.kd",2,8,1126,1282169,1282169,524288,256,512,0,16,0,16,64,"0x0","0x7f7817b1a780",4181378985142731,4181378985847946,4181378985856919,4181378985862652,8973
982,"input_reduce_fusion_3.kd",2,8,1127,1282169,1282169,128,128,512,0,24,0,16,64,"0x0","0x7f7817b1a7c0",4181378985149801,4181378985856919,4181378985862568,4181378985867719,5649
983,"loop_convert_fusion.kd",2,8,1128,1282169,1282169,1,1,0,0,4,4,16,64,"0x0","0x7f7817b1a800",4181378985156311,4181378985862568,4181378985866814,4181378985871855,4246
984,"input_compare_reduce_fusion_1.kd",2,8,1131,1282169,1282169,8192,256,0,0,12,4,16,64,"0x0","0x7f7817b19c00",4181378985283180,4181378985881276,4181378985887405,4181378985895891,6129
985,"loop_slice_fusion_1.kd",2,8,1132,1282169,1282169,3072,256,0,0,16,0,16,64,"0x0","0x7f7817b19c40",4181378985293305,4181378985887405,4181378985892412,4181378985900638,5007
986,"loop_reduce_window_fusion_16.kd",2,8,1133,1282169,1282169,3072,256,0,0,8,0,16,64,"0x0","0x7f7817b19c80",4181378985300746,4181378985892412,4181378985900184,4181378985905285,7772
987,"loop_reduce_window_fusion_15.kd",2,8,1134,1282169,1282169,192,192,0,0,8,0,16,64,"0x0","0x7f7817b19cc0",4181378985307716,4181378985900184,4181378985905512,4181378985909732,5328
988,"loop_broadcast_fusion_2.kd",2,8,1135,1282169,1282169,48128,256,0,0,4,4,16,64,"0x0","0x7f7817b19d00",4181378985315508,4181378985905512,4181378985911440,4181378985914379,5928
989,"input_scatter_fusion_2.kd",2,8,1136,1282169,1282169,48128,256,0,0,12,4,32,64,"0x0","0x7f7817b19d40",4181378985323350,4181378985911440,4181378985921856,4181378985927688,10416
990,"loop_reduce_window_fusion_14.kd",2,8,1137,1282169,1282169,48128,256,0,0,8,0,16,64,"0x0","0x7f7817b19d80",4181378985330490,4181378985921856,4181378985927625,4181378985932796,5769
991,"loop_reduce_window_fusion_13.kd",2,8,1138,1282169,1282169,3072,256,0,0,8,0,16,64,"0x0","0x7f7817b19dc0",4181378985337601,4181378985927625,4181378985932672,4181378985938905,5047
992,"loop_reduce_window_fusion_15.kd",2,8,1139,1282169,1282169,192,192,0,0,8,0,16,64,"0x0","0x7f7817b19cc0",4181378985345913,4181378985932672,4181378985937519,4181378985943492,4847
993,"loop_slice_fusion_6.kd",2,8,1140,1282169,1282169,12,12,0,0,4,4,16,64,"0x0","0x7f7817b19e00",4181378985352383,4181378985937519,4181378985942206,4181378985947969,4687
994,"input_reduce_fusion_1.kd",2,8,1141,1282169,1282169,64,64,0,0,8,0,16,64,"0x0","0x7f7817b19e40",4181378985359744,4181378985942206,4181378985946893,4181378985952756,4687
995,"loop_select_fusion_5.kd",2,8,1142,1282169,1282169,48128,256,0,0,12,4,32,64,"0x0","0x7f7817b19e80",4181378985367055,4181378985946893,4181378985951861,4181378985957403,4968
996,"loop_select_fusion_2.kd",2,8,1143,1282169,1282169,48128,256,0,0,4,4,16,64,"0x0","0x7f7817b19ec0",4181378985374436,4181378985951861,4181378985956748,4181378985962570,4887
997,"loop_reduce_window_fusion_14.kd",2,8,1144,1282169,1282169,48128,256,0,0,8,0,16,64,"0x0","0x7f7817b19d80",4181378985381796,4181378985956748,4181378985961635,4181378985967898,4887
998,"loop_reduce_window_fusion_13.kd",2,8,1145,1282169,1282169,3072,256,0,0,8,0,16,64,"0x0","0x7f7817b19dc0",4181378985389067,4181378985961635,4181378985966763,4181378985972785,5128
999,"loop_reduce_window_fusion_15.kd",2,8,1146,1282169,1282169,192,192,0,0,8,0,16,64,"0x0","0x7f7817b19cc0",4181378985395817,4181378985966763,4181378985971410,4181378985977162,4647
1000,"input_concatenate_fusion.kd",2,8,1147,1282169,1282169,48128,256,0,0,12,4,32,64,"0x0","0x7f7817b19f00",4181378985403158,4181378985971410,4181378985976337,4181378985981569,4927
1001,"input_compare_reduce_fusion.kd",2,8,1148,1282169,1282169,13312,256,0,0,12,4,16,64,"0x0","0x7f7817b19f40",4181378985410419,4181378985976337,4181378985981304,4181378985986175,4967
1002,"loop_slice_fusion.kd",2,8,1149,1282169,1282169,3328,256,0,0,16,0,16,64,"0x0","0x7f7817b19f80",4181378985418141,4181378985981304,4181378985986152,4181378985990812,4848
1003,"loop_reduce_window_fusion_4.kd",2,8,1150,1282169,1282169,3328,256,0,0,8,0,16,64,"0x0","0x7f7817b19fc0",4181378985424991,4181378985986152,4181378985991079,4181378985995379,4927
1004,"loop_reduce_window_fusion_3.kd",2,8,1151,1282169,1282169,208,208,0,0,8,0,16,64,"0x0","0x7f7817b1a000",4181378985432482,4181378985991079,4181378985995806,4181378986001308,4727
1005,"loop_broadcast_fusion.kd",2,8,1152,1282169,1282169,52224,256,0,0,4,4,16,64,"0x0","0x7f7817b1a040",4181378985439582,4181378985995806,4181378986000974,4181378986005845,5168
1006,"input_scatter_fusion.kd",2,8,1153,1282169,1282169,52224,256,0,0,12,4,32,64,"0x0","0x7f7817b1a080",4181378985447644,4181378986000974,4181378986009787,4181378986010421,8813
1007,"loop_reduce_window_fusion_2.kd",2,8,1154,1282169,1282169,52224,256,0,0,8,0,16,64,"0x0","0x7f7817b1a0c0",4181378985455436,4181378986009787,4181378986014794,4181378986014828,5007
1008,"loop_reduce_window_fusion_1.kd",2,8,1155,1282169,1282169,3328,256,0,0,8,0,16,64,"0x0","0x7f7817b1a100",4181378985462727,4181378986014794,4181378986020002,4181378986023451,5208
1009,"loop_reduce_window_fusion_3.kd",2,8,1156,1282169,1282169,208,208,0,0,8,0,16,64,"0x0","0x7f7817b1a000",4181378985469046,4181378986020002,4181378986024729,4181378986028028,4727
1010,"loop_slice_fusion_5.kd",2,8,1157,1282169,1282169,13,13,0,0,4,4,16,64,"0x0","0x7f7817b1a140",4181378985476898,4181378986024729,4181378986029416,4181378986034637,4687
1011,"input_reduce_fusion_2.kd",2,8,1158,1282169,1282169,64,64,0,0,8,0,16,64,"0x0","0x7f7817b1a180",4181378985484800,4181378986029416,4181378986034143,4181378986039535,4727
1012,"loop_select_fusion_4.kd",2,8,1159,1282169,1282169,52224,256,0,0,8,0,32,64,"0x0","0x7f7817b1a1c0",4181378985492081,4181378986034143,4181378986039231,4181378986043811,5088
1013,"loop_select_fusion.kd",2,8,1160,1282169,1282169,52224,256,0,0,8,0,16,64,"0x0","0x7f7817b1a200",4181378985499652,4181378986039231,4181378986044238,4181378986048258,5007
1014,"loop_compare_fusion_1.kd",2,8,1161,1282169,1282169,4096,256,0,0,4,4,16,64,"0x0","0x7f7817b1a240",4181378985506432,4181378986044238,4181378986049125,4181378986055258,4887
1015,"input_reduce_reduce_window_fusion_1.kd",2,8,1162,1282169,1282169,256,256,512,0,20,4,32,64,"0x0","0x7f7817b1a280",4181378985514914,4181378986049125,4181378986065149,4181378986099684,16024
1016,"loop_slice_fusion_3.kd",2,8,1163,1282169,1282169,16,16,0,0,20,4,16,64,"0x0","0x7f7817b1a2c0",4181378985523337,4181378986065149,4181378986069916,4181378986095087,4767
1017,"loop_broadcast_fusion_3.kd",2,8,1164,1282169,1282169,4096,256,0,0,4,4,16,64,"0x0","0x7f7817b1a300",4181378985538800,4181378986069916,4181378986074884,4181378986075318,4968
1018,"input_scatter_fusion_3.kd",2,8,1165,1282169,1282169,4096,256,0,0,8,0,32,64,"0x0","0x7f7817b1a340",4181378985547142,4181378986074884,4181378986080933,4181378986082158,6049
1019,"loop_reduce_window_fusion_18.kd",2,8,1166,1282169,1282169,4096,256,0,0,8,0,16,64,"0x0","0x7f7817b1a380",4181378985554423,4181378986080933,4181378986085740,4181378986086394,4807
1020,"loop_slice_fusion_3.kd",2,8,1167,1282169,1282169,16,16,0,0,20,4,16,64,"0x0","0x7f7817b1a2c0",4181378985561844,4181378986085740,4181378986090507,4181378986091041,4767
1021,"loop_remainder_fusion.kd",2,8,1168,1282169,1282169,4096,256,0,0,12,4,16,64,"0x0","0x7f7817b1a3c0",4181378985568674,4181378986090507,4181378986096235,4181378986106154,5728
1022,"loop_select_fusion_3.kd",2,8,1169,1282169,1282169,4096,256,0,0,8,0,32,64,"0x0","0x7f7817b1a400",4181378985576546,4181378986096235,4181378986101042,4181378986115378,4807
1023,"loop_reduce_window_fusion_18.kd",2,8,1170,1282169,1282169,4096,256,0,0,8,0,16,64,"0x0","0x7f7817b1a380",4181378985584498,4181378986101042,4181378986105930,4181378986120085,4888
1024,"loop_slice_fusion_3.kd",2,8,1171,1282169,1282169,16,16,0,0,20,4,16,64,"0x0","0x7f7817b1a2c0",4181378985592199,4181378986105930,4181378986110737,4181378986110971,4807
1025,"input_concatenate_fusion_1.kd",2,8,1172,1282169,1282169,4096,256,0,0,8,0,32,64,"0x0","0x7f7817b1a440",4181378985600131,4181378986110737,4181378986116505,4181378986126724,5768
1026,"loop_compare_fusion.kd",2,8,1173,1282169,1282169,8192,256,0,0,4,4,16,64,"0x0","0x7f7817b1a480",4181378985606951,4181378986116505,4181378986121433,4181378986131562,4928
1027,"input_reduce_reduce_window_fusion.kd",2,8,1174,1282169,1282169,512,512,512,0,20,4,48,64,"0x0","0x7f7817b1a4c0",4181378985614342,4181378986121433,4181378986138538,4181378986138442,17105
1028,"loop_reduce_window_fusion_8.kd",2,8,1175,1282169,1282169,32,32,0,0,32,0,16,64,"0x0","0x7f7817b1a500",4181378985622024,4181378986138538,4181378986149555,4181378986155006,11017
1029,"loop_broadcast_fusion_1.kd",2,8,1176,1282169,1282169,8192,256,0,0,4,4,16,64,"0x0","0x7f7817b1a540",4181378985628744,4181378986149555,4181378986154722,4181378986160885,5167
1030,"input_scatter_fusion_1.kd",2,8,1177,1282169,1282169,8192,256,0,0,8,0,32,64,"0x0","0x7f7817b1a580",4181378985635864,4181378986154722,4181378986159890,4181378986164941,5168
1031,"loop_reduce_window_fusion_7.kd",2,8,1178,1282169,1282169,8192,256,0,0,8,0,16,64,"0x0","0x7f7817b1a5c0",4181378985644197,4181378986159890,4181378986164978,4181378986172022,5088
1032,"loop_reduce_window_fusion_6.kd",2,8,1179,1282169,1282169,512,256,0,0,8,0,16,64,"0x0","0x7f7817b1a600",4181378985651257,4181378986164978,4181378986170065,4181378986186093,5087
1033,"loop_reduce_window_fusion_5.kd",2,8,1180,1282169,1282169,32,32,0,0,8,0,16,64,"0x0","0x7f7817b1a640",4181378985660160,4181378986170065,4181378986175032,4181378986176719,4967
1034,"loop_select_fusion_6.kd",2,8,1181,1282169,1282169,8192,256,0,0,8,0,32,64,"0x0","0x7f7817b1a680",4181378985668363,4181378986175032,4181378986180120,4181378986181706,5088
1035,"loop_select_fusion_1.kd",2,8,1182,1282169,1282169,8192,256,0,0,8,0,16,64,"0x0","0x7f7817b1a6c0",4181378985675874,4181378986180120,4181378986185047,4181378986191991,4927
1036,"loop_broadcast_fusion_4.kd",2,8,1183,1282169,1282169,16,16,0,0,4,4,16,64,"0x0","0x7f7817b1a700",4181378985684296,4181378986185047,4181378986190095,4181378986196528,5048
1037,"__amd_rocclr_fillBufferAligned.kd",2,8,1184,1282169,1282169,77824,256,0,0,12,4,48,64,"0x0","0x7f781d393580",4181378985696294,4181378986190095,4181378986204757,4181378986221696,14662
1038,"__amd_rocclr_fillBufferAligned.kd",2,8,1185,1282169,1282169,16128,256,0,0,12,4,48,64,"0x0","0x7f781d393580",4181378985703695,4181378986204757,4181378986209644,4181378986212182,4887
1039,"transformer_engine::fused_attn_rocm::populate_rng_state_kernel(long*, long const*, long) [clone .kd]",2,8,1186,1282169,1282169,1,1,0,0,8,0,16,64,"0x0","0x7f781c015380",4181378985712969,4181378986209644,4181378986214491,4181378986217369,4847
1040,"__amd_rocclr_fillBufferAligned.kd",2,8,1187,1282169,1282169,256,256,0,0,12,4,48,64,"0x0","0x7f781d393580",4181378985723985,4181378986214491,4181378986219178,4181378986227614,4687
1041,"ck_fused_attn::get_runtime_max_seqlen_kernel(unsigned long, int const*, int const*, unsigned long*) [clone .kd]",2,8,1188,1282169,1282169,4096,128,0,0,4,4,32,64,"0x0","0x7f781c004940",4181378985732468,4181378986219178,4181378986225027,4181378986239011,5849
1042,"__amd_rocclr_copyBuffer.kd",2,8,1189,1282169,1282169,512,512,0,0,16,0,32,64,"0x7fb89bde9b80","0x7f781d393600",4181378985740440,4181378986225027,4181378986230395,4181378986234445,5368
1043,"__amd_rocclr_fillBufferAligned.kd",2,8,1191,1282169,1282169,256,256,0,0,12,4,48,64,"0x0","0x7f781d393580",4181378986275065,4181378986286158,4181378986288000,4181378986314974,1842
1044,"ck_fused_attn::get_runtime_max_seqlen_kernel(unsigned long, int const*, int const*, unsigned long*) [clone .kd]",2,8,1192,1282169,1282169,4096,128,0,0,4,4,32,64,"0x0","0x7f781c004940",4181378986291059,4181378986301300,4181378986309232,4181378986325350,7932
1045,"__amd_rocclr_copyBuffer.kd",2,8,1193,1282169,1282169,512,512,0,0,16,0,32,64,"0x7fb89bc76c80","0x7f781d393600",4181378986300533,4181378986309232,4181378986314961,4181378986320473,5729
1046,"void transformer_engine::fused_attn_rocm::compute_scores_kernel<__half, transformer_engine::fused_attn_rocm::SmallSeqConfig<12, 128, 256, false, (transformer_engine::fused_attn_rocm::CausalMaskType)0>, 1>(__half const*, __half const*, __half*, float, int const*, int const*, int, int) [clone .kd]",2,8,1195,1282169,1282169,64000,64,0,0,120,0,32,64,"0x0","0x7f780414ef00",4181378986337117,4181378986355661,4181378986385185,4181378986386401,29524
1047,"void transformer_engine::fused_attn_rocm::apply_mask_and_softmax_kernel<__half, transformer_engine::fused_attn_rocm::SmallSeqConfig<12, 128, 256, false, (transformer_engine::fused_attn_rocm::CausalMaskType)0> >(__half*, __half const*, float, int const*, int, int) [clone .kd]",2,8,1196,1282169,1282169,780288,256,1024,0,16,0,16,64,"0x0","0x7f780414ef40",4181378986354143,4181378986385185,4181378986390673,4181378986395724,5488
1048,"void transformer_engine::fused_attn_rocm::compute_output_kernel<__half, transformer_engine::fused_attn_rocm::SmallSeqConfig<12, 128, 256, false, (transformer_engine::fused_attn_rocm::CausalMaskType)0>, 2, 8>(__half const*, __half const*, __half*, int const*, int const*, int, int) [clone .kd]",2,8,1197,1282169,1282169,512000,64,24576,0,24,0,32,64,"0x0","0x7f780414ef80",4181378986362976,4181378986390673,4181378986490141,4181378986492749,99468
1049,"loop_broadcast_fusion_5.kd",2,8,1198,1282169,1282169,2048000,256,0,0,4,4,16,64,"0x0","0x7f7817b1a740",4181378986372670,4181378986490141,4181378986498393,4181378986501392,8252
1050,"__amd_rocclr_fillBufferAligned.kd",2,8,1199,1282169,1282169,77824,256,0,0,12,4,48,64,"0x0","0x7f781d393580",4181378986388904,4181378986498393,4181378986505123,4181378986506219,6730
1051,"__amd_rocclr_fillBufferAligned.kd",2,8,1200,1282169,1282169,77824,256,0,0,12,4,48,64,"0x0","0x7f781d393580",4181378986408273,4181378986505123,4181378986538092,4181378986541762,32969
1052,"__amd_rocclr_fillBufferAligned.kd",2,8,1201,1282169,1282169,77824,256,0,0,12,4,48,64,"0x0","0x7f781d393580",4181378986416245,4181378986538092,4181378986571021,4181378986574140,32929
1053,"__amd_rocclr_fillBufferAligned.kd",2,8,1202,1282169,1282169,256,256,0,0,12,4,48,64,"0x0","0x7f781d393580",4181378986423886,4181378986571021,4181378986575708,4181378986581060,4687
1054,"ck_fused_attn::get_runtime_max_seqlen_kernel(unsigned long, int const*, int const*, unsigned long*) [clone .kd]",2,8,1203,1282169,1282169,4096,128,0,0,4,4,32,64,"0x0","0x7f781c004940",4181378986430446,4181378986575708,4181378986581878,4181378986588121,6170
1055,"__amd_rocclr_copyBuffer.kd",2,8,1204,1282169,1282169,512,512,0,0,16,0,32,64,"0x7fb89bc76880","0x7f781d393600",4181378986437176,4181378986581878,4181378986587245,4181378986592577,5367
1056,"__amd_rocclr_fillBufferAligned.kd",2,8,1206,1282169,1282169,256,256,0,0,12,4,48,64,"0x0","0x7f781d393580",4181378986608291,4181378986618532,4181378986620455,4181378986629903,1923
1057,"ck_fused_attn::get_runtime_max_seqlen_kernel(unsigned long, int const*, int const*, unsigned long*) [clone .kd]",2,8,1207,1282169,1282169,4096,128,0,0,4,4,32,64,"0x0","0x7f781c004940",4181378986619037,4181378986631591,4181378986637640,4181378986639227,6049
1058,"__amd_rocclr_copyBuffer.kd",2,8,1208,1282169,1282169,512,512,0,0,16,0,32,64,"0x7fb89bc73500","0x7f781d393600",4181378986630524,4181378986646013,4181378986652623,4181378986655090,6610
1059,"void transformer_engine::fused_attn_rocm::compute_grad_v_kernel<__half, transformer_engine::fused_attn_rocm::SmallSeqConfig<12, 128, 256, false, (transformer_engine::fused_attn_rocm::CausalMaskType)0>, 16, 16>(__half const*, __half const*, __half*, int const*, int const*, int, int) [clone .kd]",2,8,1210,1282169,1282169,256000,64,24576,0,28,4,32,64,"0x0","0x7f7804150800",4181378986670774,4181378986682988,4181378986768795,4181378986777632,85807
1060,"void transformer_engine::fused_attn_rocm::compute_grad_attn_kernel<__half, transformer_engine::fused_attn_rocm::SmallSeqConfig<12, 128, 256, false, (transformer_engine::fused_attn_rocm::CausalMaskType)0>, 16>(__half const*, __half const*, __half*, int const*, int const*, int, int) [clone .kd]",2,8,1211,1282169,1282169,8000,64,0,0,124,4,48,64,"0x0","0x7f7804150840",4181378986681019,4181378986768795,4181378987071566,4181378987082566,302771
1061,"void transformer_engine::fused_attn_rocm::softmax_backward_kernel<__half, transformer_engine::fused_attn_rocm::SmallSeqConfig<12, 128, 256, false, (transformer_engine::fused_attn_rocm::CausalMaskType)0> >(__half const*, __half const*, __half*, float, int const*, int, int) [clone .kd]",2,8,1212,1282169,1282169,780288,256,1024,0,16,0,16,64,"0x0","0x7f7804150880",4181378986688690,4181378987071566,4181378987077414,4181378987092351,5848
1062,"void transformer_engine::fused_attn_rocm::compute_grad_qk_kernel<__half, transformer_engine::fused_attn_rocm::SmallSeqConfig<12, 128, 256, false, (transformer_engine::fused_attn_rocm::CausalMaskType)0>, 4, 16>(__half const*, __half const*, __half const*, __half*, __half*, float, int const*, int const*, int, int) [clone .kd]",2,8,1213,1282169,1282169,1024000,64,24576,0,36,4,64,64,"0x0","0x7f78041508c0",4181378986698545,4181378987077414,4181378987422167,4181378987428120,344753
1063,"input_reduce_fusion.kd",2,8,1214,1282169,1282169,524288,256,512,0,16,0,16,64,"0x0","0x7f7817b1a780",4181378986708079,4181378987422167,4181378987432663,4181378987434810,10496
1064,"input_reduce_fusion_3.kd",2,8,1215,1282169,1282169,128,128,512,0,24,0,16,64,"0x0","0x7f7817b1a7c0",4181378986715320,4181378987432663,4181378987437270,4181378987439547,4607
1065,"loop_convert_fusion.kd",2,8,1216,1282169,1282169,1,1,0,0,4,4,16,64,"0x0","0x7f7817b1a800",4181378986722951,4181378987437270,4181378987441356,4181378987444294,4086
1066,"input_compare_reduce_fusion_1.kd",2,8,1219,1282169,1282169,8192,256,0,0,12,4,16,64,"0x0","0x7f7817b19c00",4181378986851743,4181378987453374,4181378987459743,4181378987469121,6369
1067,"loop_slice_fusion_1.kd",2,8,1220,1282169,1282169,3072,256,0,0,16,0,16,64,"0x0","0x7f7817b19c40",4181378986861728,4181378987459743,4181378987464951,4181378987474048,5208
1068,"loop_reduce_window_fusion_16.kd",2,8,1221,1282169,1282169,3072,256,0,0,8,0,16,64,"0x0","0x7f7817b19c80",4181378986868888,4181378987464951,4181378987472522,4181378987478645,7571
1069,"loop_reduce_window_fusion_15.kd",2,8,1222,1282169,1282169,192,192,0,0,8,0,16,64,"0x0","0x7f7817b19cc0",4181378986875398,4181378987472522,4181378987477850,4181378987483322,5328
1070,"loop_broadcast_fusion_2.kd",2,8,1223,1282169,1282169,48128,256,0,0,4,4,16,64,"0x0","0x7f7817b19d00",4181378986883189,4181378987477850,4181378987483538,4181378987488149,5688
1071,"input_scatter_fusion_2.kd",2,8,1224,1282169,1282169,48128,256,0,0,12,4,32,64,"0x0","0x7f7817b19d40",4181378986891292,4181378987483538,4181378987493954,4181378987501209,10416
1072,"loop_reduce_window_fusion_14.kd",2,8,1225,1282169,1282169,48128,256,0,0,8,0,16,64,"0x0","0x7f7817b19d80",4181378986899333,4181378987493954,4181378987500123,4181378987507528,6169
1073,"loop_reduce_window_fusion_13.kd",2,8,1226,1282169,1282169,3072,256,0,0,8,0,16,64,"0x0","0x7f7817b19dc0",4181378986906534,4181378987500123,4181378987504810,4181378987512465,4687
1074,"loop_reduce_window_fusion_15.kd",2,8,1227,1282169,1282169,192,192,0,0,8,0,16,64,"0x0","0x7f7817b19cc0",4181378986913475,4181378987504810,4181378987510619,4181378987516992,5809
1075,"loop_slice_fusion_6.kd",2,8,1228,1282169,1282169,12,12,0,0,4,4,16,64,"0x0","0x7f7817b19e00",4181378986919594,4181378987510619,4181378987515186,4181378987521779,4567
1076,"input_reduce_fusion_1.kd",2,8,1229,1282169,1282169,64,64,0,0,8,0,16,64,"0x0","0x7f7817b19e40",4181378986927626,4181378987515186,4181378987519832,4181378987526466,4646
1077,"loop_select_fusion_5.kd",2,8,1230,1282169,1282169,48128,256,0,0,12,4,32,64,"0x0","0x7f7817b19e80",4181378986935417,4181378987519832,4181378987524840,4181378987531023,5008
1078,"loop_select_fusion_2.kd",2,8,1231,1282169,1282169,48128,256,0,0,4,4,16,64,"0x0","0x7f7817b19ec0",4181378986943269,4181378987524840,4181378987529727,4181378987535570,4887
1079,"loop_reduce_window_fusion_14.kd",2,8,1232,1282169,1282169,48128,256,0,0,8,0,16,64,"0x0","0x7f7817b19d80",4181378986949899,4181378987529727,4181378987534695,4181378987550492,4968
1080,"loop_reduce_window_fusion_13.kd",2,8,1233,1282169,1282169,3072,256,0,0,8,0,16,64,"0x0","0x7f7817b19dc0",4181378986956328,4181378987534695,4181378987539702,4181378987555459,5007
1081,"loop_reduce_window_fusion_15.kd",2,8,1234,1282169,1282169,192,192,0,0,8,0,16,64,"0x0","0x7f7817b19cc0",4181378986963168,4181378987539702,4181378987544429,4181378987560206,4727
1082,"input_concatenate_fusion.kd",2,8,1235,1282169,1282169,48128,256,0,0,12,4,32,64,"0x0","0x7f7817b19f00",4181378986970039,4181378987544429,4181378987549356,4181378987564803,4927
1083,"input_compare_reduce_fusion.kd",2,8,1236,1282169,1282169,13312,256,0,0,12,4,16,64,"0x0","0x7f7817b19f40",4181378986977880,4181378987549356,4181378987554284,4181378987569490,4928
1084,"loop_slice_fusion.kd",2,8,1237,1282169,1282169,3328,256,0,0,16,0,16,64,"0x0","0x7f7817b19f80",4181378986984831,4181378987554284,4181378987559131,4181378987575539,4847
1085,"loop_reduce_window_fusion_4.kd",2,8,1238,1282169,1282169,3328,256,0,0,8,0,16,64,"0x0","0x7f7817b19fc0",4181378986992792,4181378987559131,4181378987564018,4181378987580016,4887
1086,"loop_reduce_window_fusion_3.kd",2,8,1239,1282169,1282169,208,208,0,0,8,0,16,64,"0x0","0x7f7817b1a000",4181378986999683,4181378987564018,4181378987568785,4181378987585103,4767
1087,"loop_broadcast_fusion.kd",2,8,1240,1282169,1282169,52224,256,0,0,4,4,16,64,"0x0","0x7f7817b1a040",4181378987007064,4181378987568785,4181378987573913,4181378987589520,5128
1088,"input_scatter_fusion.kd",2,8,1241,1282169,1282169,52224,256,0,0,12,4,32,64,"0x0","0x7f7817b1a080",4181378987014615,4181378987573913,4181378987582926,4181378987594217,9013
1089,"loop_reduce_window_fusion_2.kd",2,8,1242,1282169,1282169,52224,256,0,0,8,0,16,64,"0x0","0x7f7817b1a0c0",4181378987022206,4181378987582926,4181378987587854,4181378987598854,4928
1090,"loop_reduce_window_fusion_1.kd",2,8,1243,1282169,1282169,3328,256,0,0,8,0,16,64,"0x0","0x7f7817b1a100",4181378987028866,4181378987587854,4181378987593021,4181378987603341,5167
1091,"loop_reduce_window_fusion_3.kd",2,8,1244,1282169,1282169,208,208,0,0,8,0,16,64,"0x0","0x7f7817b1a000",4181378987036918,4181378987593021,4181378987597748,4181378987612324,4727
1092,"loop_slice_fusion_5.kd",2,8,1245,1282169,1282169,13,13,0,0,4,4,16,64,"0x0","0x7f7817b1a140",4181378987044529,4181378987597748,4181378987602515,4181378987607987,4767
1093,"input_reduce_fusion_2.kd",2,8,1246,1282169,1282169,64,64,0,0,8,0,16,64,"0x0","0x7f7817b1a180",4181378987052061,4181378987602515,4181378987607242,4181378987634186,4727
1094,"loop_select_fusion_4.kd",2,8,1247,1282169,1282169,52224,256,0,0,8,0,32,64,"0x0","0x7f7817b1a1c0",4181378987060283,4181378987607242,4181378987612290,4181378987629680,5048
1095,"loop_select_fusion.kd",2,8,1248,1282169,1282169,52224,256,0,0,8,0,16,64,"0x0","0x7f7817b1a200",4181378987067233,4181378987612290,4181378987617297,4181378987620406,5007
1096,"loop_compare_fusion_1.kd",2,8,1249,1282169,1282169,4096,256,0,0,4,4,16,64,"0x0","0x7f7817b1a240",4181378987074845,4181378987617297,4181378987622185,4181378987625293,4888
1097,"input_reduce_reduce_window_fusion_1.kd",2,8,1250,1282169,1282169,256,256,512,0,20,4,32,64,"0x0","0x7f7817b1a280",4181378987082386,4181378987622185,4181378987638930,4181378987641908,16745
1098,"loop_slice_fusion_3.kd",2,8,1251,1282169,1282169,16,16,0,0,20,4,16,64,"0x0","0x7f7817b1a2c0",4181378987108404,4181378987638930,4181378987643617,4181378987646685,4687
1099,"loop_broadcast_fusion_3.kd",2,8,1252,1282169,1282169,4096,256,0,0,4,4,16,64,"0x0","0x7f7817b1a300",4181378987116667,4181378987643617,4181378987648704,4181378987651492,5087
1100,"input_scatter_fusion_3.kd",2,8,1253,1282169,1282169,4096,256,0,0,8,0,32,64,"0x0","0x7f7817b1a340",4181378987124508,4181378987648704,4181378987654793,4181378987658272,6089
1101,"loop_reduce_window_fusion_18.kd",2,8,1254,1282169,1282169,4096,256,0,0,8,0,16,64,"0x0","0x7f7817b1a380",4181378987132751,4181378987654793,4181378987659640,4181378987662789,4847
1102,"loop_slice_fusion_3.kd",2,8,1255,1282169,1282169,16,16,0,0,20,4,16,64,"0x0","0x7f7817b1a2c0",4181378987140041,4181378987659640,4181378987664367,4181378987667636,4727
1103,"loop_remainder_fusion.kd",2,8,1256,1282169,1282169,4096,256,0,0,12,4,16,64,"0x0","0x7f7817b1a3c0",4181378987147843,4181378987664367,4181378987670256,4181378987674296,5889
1104,"loop_select_fusion_3.kd",2,8,1257,1282169,1282169,4096,256,0,0,8,0,32,64,"0x0","0x7f7817b1a400",4181378987155915,4181378987670256,4181378987675063,4181378987678623,4807
1105,"loop_reduce_window_fusion_18.kd",2,8,1258,1282169,1282169,4096,256,0,0,8,0,16,64,"0x0","0x7f7817b1a380",4181378987162795,4181378987675063,4181378987679991,4181378987682879,4928
1106,"loop_slice_fusion_3.kd",2,8,1259,1282169,1282169,16,16,0,0,20,4,16,64,"0x0","0x7f7817b1a2c0",4181378987169866,4181378987679991,4181378987684718,4181378987689429,4727
1107,"input_concatenate_fusion_1.kd",2,8,1260,1282169,1282169,4096,256,0,0,8,0,32,64,"0x0","0x7f7817b1a440",4181378987177067,4181378987684718,4181378987690646,4181378987694096,5928
1108,"loop_compare_fusion.kd",2,8,1261,1282169,1282169,8192,256,0,0,4,4,16,64,"0x0","0x7f7817b1a480",4181378987184678,4181378987690646,4181378987695614,4181378987698572,4968
1109,"input_reduce_reduce_window_fusion.kd",2,8,1262,1282169,1282169,512,512,512,0,20,4,48,64,"0x0","0x7f7817b1a4c0",4181378987192710,4181378987695614,4181378987712198,4181378987718231,16584
1110,"loop_reduce_window_fusion_8.kd",2,8,1263,1282169,1282169,32,32,0,0,32,0,16,64,"0x0","0x7f7817b1a500",4181378987199360,4181378987712198,4181378987721773,4181378987722928,9575
1111,"loop_broadcast_fusion_1.kd",2,8,1264,1282169,1282169,8192,256,0,0,4,4,16,64,"0x0","0x7f7817b1a540",4181378987207432,4181378987721773,4181378987727061,4181378987727125,5288
1112,"input_scatter_fusion_1.kd",2,8,1265,1282169,1282169,8192,256,0,0,8,0,32,64,"0x0","0x7f7817b1a580",4181378987214683,4181378987727061,4181378987732348,4181378987733434,5287
1113,"loop_reduce_window_fusion_7.kd",2,8,1266,1282169,1282169,8192,256,0,0,8,0,16,64,"0x0","0x7f7817b1a5c0",4181378987222013,4181378987732348,4181378987737436,4181378987737390,5088
1114,"loop_reduce_window_fusion_6.kd",2,8,1267,1282169,1282169,512,256,0,0,8,0,16,64,"0x0","0x7f7817b1a600",4181378987229715,4181378987737436,4181378987742604,4181378987743880,5168
1115,"loop_reduce_window_fusion_5.kd",2,8,1268,1282169,1282169,32,32,0,0,8,0,16,64,"0x0","0x7f7817b1a640",4181378987236865,4181378987742604,4181378987747371,4181378987750169,4767
1116,"loop_select_fusion_6.kd",2,8,1269,1282169,1282169,8192,256,0,0,8,0,32,64,"0x0","0x7f7817b1a680",4181378987243465,4181378987747371,4181378987752498,4181378987756288,5127
1117,"loop_select_fusion_1.kd",2,8,1270,1282169,1282169,8192,256,0,0,8,0,16,64,"0x0","0x7f7817b1a6c0",4181378987251197,4181378987752498,4181378987757426,4181378987761005,4928
1118,"loop_broadcast_fusion_4.kd",2,8,1271,1282169,1282169,16,16,0,0,4,4,16,64,"0x0","0x7f7817b1a700",4181378987258888,4181378987757426,4181378987762473,4181378987767635,5047
1119,"__amd_rocclr_fillBufferAligned.kd",2,8,1272,1282169,1282169,77824,256,0,0,12,4,48,64,"0x0","0x7f781d393580",4181378987270445,4181378987762473,4181378987777255,4181378987787494,14782
1120,"__amd_rocclr_fillBufferAligned.kd",2,8,1273,1282169,1282169,16128,256,0,0,12,4,48,64,"0x0","0x7f781d393580",4181378987277446,4181378987777255,4181378987782223,4181378987782878,4968
1121,"transformer_engine::fused_attn_rocm::populate_rng_state_kernel(long*, long const*, long) [clone .kd]",2,8,1274,1282169,1282169,1,1,0,0,8,0,16,64,"0x0","0x7f781c015380",4181378987286269,4181378987782223,4181378987787150,4181378987793684,4927
1122,"__amd_rocclr_fillBufferAligned.kd",2,8,1275,1282169,1282169,256,256,0,0,12,4,48,64,"0x0","0x7f781d393580",4181378987296434,4181378987787150,4181378987791837,4181378987799983,4687
1123,"ck_fused_attn::get_runtime_max_seqlen_kernel(unsigned long, int const*, int const*, unsigned long*) [clone .kd]",2,8,1276,1282169,1282169,4096,128,0,0,4,4,32,64,"0x0","0x7f781c004940",4181378987304286,4181378987791837,4181378987797646,4181378987804770,5809
1124,"__amd_rocclr_copyBuffer.kd",2,8,1277,1282169,1282169,512,512,0,0,16,0,32,64,"0x7fb89bc76680","0x7f781d393600",4181378987312428,4181378987797646,4181378987803174,4181378987810859,5528
1125,"__amd_rocclr_fillBufferAligned.kd",2,8,1279,1282169,1282169,256,256,0,0,12,4,48,64,"0x0","0x7f781d393580",4181378987851580,4181378987862141,4181378987863984,4181378987887193,1843
1126,"ck_fused_attn::get_runtime_max_seqlen_kernel(unsigned long, int const*, int const*, unsigned long*) [clone .kd]",2,8,1280,1282169,1282169,4096,128,0,0,4,4,32,64,"0x0","0x7f781c004940",4181378987860693,4181378987868751,4181378987877965,4181378987896717,9214
1127,"__amd_rocclr_copyBuffer.kd",2,8,1281,1282169,1282169,512,512,0,0,16,0,32,64,"0x7fb89bde9580","0x7f781d393600",4181378987867914,4181378987877965,4181378987883333,4181378987892130,5368
1128,"void transformer_engine::fused_attn_rocm::compute_scores_kernel<__half, transformer_engine::fused_attn_rocm::SmallSeqConfig<12, 128, 256, false, (transformer_engine::fused_attn_rocm::CausalMaskType)0>, 1>(__half const*, __half const*, __half*, float, int const*, int const*, int, int) [clone .kd]",2,8,1283,1282169,1282169,64000,64,0,0,120,0,32,64,"0x0","0x7f780414ef00",4181378987908294,4181378987918385,4181378987948149,4181378987950026,29764
1129,"void transformer_engine::fused_attn_rocm::apply_mask_and_softmax_kernel<__half, transformer_engine::fused_attn_rocm::SmallSeqConfig<12, 128, 256, false, (transformer_engine::fused_attn_rocm::CausalMaskType)0> >(__half*, __half const*, float, int const*, int, int) [clone .kd]",2,8,1284,1282169,1282169,780288,256,1024,0,16,0,16,64,"0x0","0x7f780414ef40",4181378987917968,4181378987948149,4181378987953798,4181378987960732,5649
1130,"void transformer_engine::fused_attn_rocm::compute_output_kernel<__half, transformer_engine::fused_attn_rocm::SmallSeqConfig<12, 128, 256, false, (transformer_engine::fused_attn_rocm::CausalMaskType)0>, 2, 8>(__half const*, __half const*, __half*, int const*, int const*, int, int) [clone .kd]",2,8,1285,1282169,1282169,512000,64,24576,0,24,0,32,64,"0x0","0x7f780414ef80",4181378987926491,4181378987953798,4181378988051543,4181378988058948,97745
1131,"loop_broadcast_fusion_5.kd",2,8,1286,1282169,1282169,2048000,256,0,0,4,4,16,64,"0x0","0x7f7817b1a740",4181378987935765,4181378988051543,4181378988059755,4181378988073820,8212
1132,"__amd_rocclr_fillBufferAligned.kd",2,8,1287,1282169,1282169,77824,256,0,0,12,4,48,64,"0x0","0x7f781d393580",4181378987951599,4181378988059755,4181378988066525,4181378988067160,6770
1133,"__amd_rocclr_fillBufferAligned.kd",2,8,1288,1282169,1282169,77824,256,0,0,12,4,48,64,"0x0","0x7f781d393580",4181378987973832,4181378988066525,4181378988099134,4181378988106309,32609
1134,"__amd_rocclr_fillBufferAligned.kd",2,8,1289,1282169,1282169,77824,256,0,0,12,4,48,64,"0x0","0x7f781d393580",4181378987990086,4181378988099134,4181378988131182,4181378988144425,32048
1135,"__amd_rocclr_fillBufferAligned.kd",2,8,1290,1282169,1282169,256,256,0,0,12,4,48,64,"0x0","0x7f781d393580",4181378987998969,4181378988131182,4181378988135909,4181378988139198,4727
1136,"ck_fused_attn::get_runtime_max_seqlen_kernel(unsigned long, int const*, int const*, unsigned long*) [clone .kd]",2,8,1291,1282169,1282169,4096,128,0,0,4,4,32,64,"0x0","0x7f781c004940",4181378988005118,4181378988135909,4181378988142118,4181378988148642,6209
1137,"__amd_rocclr_copyBuffer.kd",2,8,1292,1282169,1282169,512,512,0,0,16,0,32,64,"0x7fb89bc71780","0x7f781d393600",4181378988013380,4181378988142118,4181378988147926,4181378988153379,5808
1138,"__amd_rocclr_fillBufferAligned.kd",2,8,1294,1282169,1282169,256,256,0,0,12,4,48,64,"0x0","0x7f781d393580",4181378988172237,4181378988183700,4181378988185823,4181378988187289,2123
1139,"ck_fused_attn::get_runtime_max_seqlen_kernel(unsigned long, int const*, int const*, unsigned long*) [clone .kd]",2,8,1295,1282169,1282169,4096,128,0,0,4,4,32,64,"0x0","0x7f781c004940",4181378988183193,4181378988191591,4181378988197841,4181378988199728,6250
1140,"__amd_rocclr_copyBuffer.kd",2,8,1296,1282169,1282169,512,512,0,0,16,0,32,64,"0x7fb89bc71900","0x7f781d393600",4181378988190864,4181378988219673,4181378988226203,4181378988232316,6530
1141,"void transformer_engine::fused_attn_rocm::compute_grad_v_kernel<__half, transformer_engine::fused_attn_rocm::SmallSeqConfig<12, 128, 256, false, (transformer_engine::fused_attn_rocm::CausalMaskType)0>, 16, 16>(__half const*, __half const*, __half*, int const*, int const*, int, int) [clone .kd]",2,8,1298,1282169,1282169,256000,64,24576,0,28,4,32,64,"0x0","0x7f7804150800",4181378988248520,4181378988260935,4181378988346742,4181378988352154,85807
1142,"void transformer_engine::fused_attn_rocm::compute_grad_attn_kernel<__half, transformer_engine::fused_attn_rocm::SmallSeqConfig<12, 128, 256, false, (transformer_engine::fused_attn_rocm::CausalMaskType)0>, 16>(__half const*, __half const*, __half*, int const*, int const*, int, int) [clone .kd]",2,8,1299,1282169,1282169,8000,64,0,0,124,4,48,64,"0x0","0x7f7804150840",4181378988259436,4181378988346742,4181378988648511,4181378988657058,301769
1143,"void transformer_engine::fused_attn_rocm::softmax_backward_kernel<__half, transformer_engine::fused_attn_rocm::SmallSeqConfig<12, 128, 256, false, (transformer_engine::fused_attn_rocm::CausalMaskType)0> >(__half const*, __half const*, __half*, float, int const*, int, int) [clone .kd]",2,8,1300,1282169,1282169,780288,256,1024,0,16,0,16,64,"0x0","0x7f7804150880",4181378988268920,4181378988648511,4181378988654320,4181378988665420,5809
1144,"void transformer_engine::fused_attn_rocm::compute_grad_qk_kernel<__half, transformer_engine::fused_attn_rocm::SmallSeqConfig<12, 128, 256, false, (transformer_engine::fused_attn_rocm::CausalMaskType)0>, 4, 16>(__half const*, __half const*, __half const*, __half*, __half*, float, int const*, int const*, int, int) [clone .kd]",2,8,1301,1282169,1282169,1024000,64,24576,0,36,4,64,64,"0x0","0x7f78041508c0",4181378988276692,4181378988654320,4181378988989017,4181378988999066,334697
1145,"input_reduce_fusion.kd",2,8,1302,1282169,1282169,524288,256,512,0,16,0,16,64,"0x0","0x7f7817b1a780",4181378988285595,4181378988989017,4181378988998391,4181378989005887,9374
1146,"input_reduce_fusion_3.kd",2,8,1303,1282169,1282169,128,128,512,0,24,0,16,64,"0x0","0x7f7817b1a7c0",4181378988292255,4181378988998391,4181378989004080,4181378989010784,5689
1147,"loop_convert_fusion.kd",2,8,1304,1282169,1282169,1,1,0,0,4,4,16,64,"0x0","0x7f7817b1a800",4181378988299145,4181378989004080,4181378989009328,4181378989015411,5248
1148,"input_compare_reduce_fusion_1.kd",2,8,1307,1282169,1282169,8192,256,0,0,12,4,16,64,"0x0","0x7f7817b19c00",4181378988427186,4181378989022107,4181378989028476,4181378989045616,6369
1149,"loop_slice_fusion_1.kd",2,8,1308,1282169,1282169,3072,256,0,0,16,0,16,64,"0x0","0x7f7817b19c40",4181378988436740,4181378989028476,4181378989033644,4181378989050092,5168
1150,"loop_reduce_window_fusion_16.kd",2,8,1309,1282169,1282169,3072,256,0,0,8,0,16,64,"0x0","0x7f7817b19c80",4181378988444381,4181378989033644,4181378989038531,4181378989054379,4887
1151,"loop_reduce_window_fusion_15.kd",2,8,1310,1282169,1282169,192,192,0,0,8,0,16,64,"0x0","0x7f7817b19cc0",4181378988451222,4181378989038531,4181378989044860,4181378989058935,6329
1152,"loop_broadcast_fusion_2.kd",2,8,1311,1282169,1282169,48128,256,0,0,4,4,16,64,"0x0","0x7f7817b19d00",4181378988458893,4181378989044860,4181378989050308,4181378989065415,5448
1153,"input_scatter_fusion_2.kd",2,8,1312,1282169,1282169,48128,256,0,0,12,4,32,64,"0x0","0x7f7817b19d40",4181378988466845,4181378989050308,4181378989059202,4181378989070423,8894
1154,"loop_reduce_window_fusion_14.kd",2,8,1313,1282169,1282169,48128,256,0,0,8,0,16,64,"0x0","0x7f7817b19d80",4181378988474486,4181378989059202,4181378989064049,4181378989074959,4847
1155,"loop_reduce_window_fusion_13.kd",2,8,1314,1282169,1282169,3072,256,0,0,8,0,16,64,"0x0","0x7f7817b19dc0",4181378988481717,4181378989064049,4181378989069136,4181378989079506,5087
1156,"loop_reduce_window_fusion_15.kd",2,8,1315,1282169,1282169,192,192,0,0,8,0,16,64,"0x0","0x7f7817b19cc0",4181378988488848,4181378989069136,4181378989073823,4181378989084463,4687
1157,"loop_slice_fusion_6.kd",2,8,1316,1282169,1282169,12,12,0,0,4,4,16,64,"0x0","0x7f7817b19e00",4181378988495548,4181378989073823,4181378989078470,4181378989089190,4647
1158,"input_reduce_fusion_1.kd",2,8,1317,1282169,1282169,64,64,0,0,8,0,16,64,"0x0","0x7f7817b19e40",4181378988502448,4181378989078470,4181378989083157,4181378989093817,4687
1159,"loop_select_fusion_5.kd",2,8,1318,1282169,1282169,48128,256,0,0,12,4,32,64,"0x0","0x7f7817b19e80",4181378988509999,4181378989083157,4181378989088125,4181378989098324,4968
1160,"loop_select_fusion_2.kd",2,8,1319,1282169,1282169,48128,256,0,0,4,4,16,64,"0x0","0x7f7817b19ec0",4181378988516979,4181378989088125,4181378989093012,4181378989103001,4887
1161,"loop_reduce_window_fusion_14.kd",2,8,1320,1282169,1282169,48128,256,0,0,8,0,16,64,"0x0","0x7f7817b19d80",4181378988524150,4181378989093012,4181378989097899,4181378989107247,4887
1162,"loop_reduce_window_fusion_13.kd",2,8,1321,1282169,1282169,3072,256,0,0,8,0,16,64,"0x0","0x7f7817b19dc0",4181378988530850,4181378989097899,4181378989102907,4181378989111974,5008
1163,"loop_reduce_window_fusion_15.kd",2,8,1322,1282169,1282169,192,192,0,0,8,0,16,64,"0x0","0x7f7817b19cc0",4181378988537961,4181378989102907,4181378989107674,4181378989116381,4767
1164,"input_concatenate_fusion.kd",2,8,1323,1282169,1282169,48128,256,0,0,12,4,32,64,"0x0","0x7f7817b19f00",4181378988545101,4181378989107674,4181378989112561,4181378989121068,4887
1165,"input_compare_reduce_fusion.kd",2,8,1324,1282169,1282169,13312,256,0,0,12,4,16,64,"0x0","0x7f7817b19f40",4181378988552652,4181378989112561,4181378989117408,4181378989127257,4847
1166,"loop_slice_fusion.kd",2,8,1325,1282169,1282169,3328,256,0,0,16,0,16,64,"0x0","0x7f7817b19f80",4181378988559192,4181378989117408,4181378989122255,4181378989131954,4847
1167,"loop_reduce_window_fusion_4.kd",2,8,1326,1282169,1282169,3328,256,0,0,8,0,16,64,"0x0","0x7f7817b19fc0",4181378988567244,4181378989122255,4181378989127223,4181378989136351,4968
1168,"loop_reduce_window_fusion_3.kd",2,8,1327,1282169,1282169,208,208,0,0,8,0,16,64,"0x0","0x7f7817b1a000",4181378988574024,4181378989127223,4181378989132070,4181378989140887,4847
1169,"loop_broadcast_fusion.kd",2,8,1328,1282169,1282169,52224,256,0,0,4,4,16,64,"0x0","0x7f7817b1a040",4181378988582437,4181378989132070,4181378989137198,4181378989145544,5128
1170,"input_scatter_fusion.kd",2,8,1329,1282169,1282169,52224,256,0,0,12,4,32,64,"0x0","0x7f7817b1a080",4181378988590268,4181378989137198,4181378989146652,4181378989149811,9454
1171,"loop_reduce_window_fusion_2.kd",2,8,1330,1282169,1282169,52224,256,0,0,8,0,16,64,"0x0","0x7f7817b1a0c0",4181378988598481,4181378989146652,4181378989151619,4181378989154718,4967
1172,"loop_reduce_window_fusion_1.kd",2,8,1331,1282169,1282169,3328,256,0,0,8,0,16,64,"0x0","0x7f7817b1a100",4181378988605201,4181378989151619,4181378989156827,4181378989159425,5208
1173,"loop_reduce_window_fusion_3.kd",2,8,1332,1282169,1282169,208,208,0,0,8,0,16,64,"0x0","0x7f7817b1a000",4181378988612662,4181378989156827,4181378989161554,4181378989163972,4727
1174,"loop_slice_fusion_5.kd",2,8,1333,1282169,1282169,13,13,0,0,4,4,16,64,"0x0","0x7f7817b1a140",4181378988619953,4181378989161554,4181378989166321,4181378989172124,4767
1175,"input_reduce_fusion_2.kd",2,8,1334,1282169,1282169,64,64,0,0,8,0,16,64,"0x0","0x7f7817b1a180",4181378988626442,4181378989166321,4181378989171008,4181378989181017,4687
1176,"loop_select_fusion_4.kd",2,8,1335,1282169,1282169,52224,256,0,0,8,0,32,64,"0x0","0x7f7817b1a1c0",4181378988635235,4181378989171008,4181378989176096,4181378989176681,5088
1177,"loop_select_fusion.kd",2,8,1336,1282169,1282169,52224,256,0,0,8,0,16,64,"0x0","0x7f7817b1a200",4181378988641555,4181378989176096,4181378989181143,4181378989189109,5047
1178,"loop_compare_fusion_1.kd",2,8,1337,1282169,1282169,4096,256,0,0,4,4,16,64,"0x0","0x7f7817b1a240",4181378988648956,4181378989181143,4181378989186110,4181378989193596,4967
1179,"input_reduce_reduce_window_fusion_1.kd",2,8,1338,1282169,1282169,256,256,512,0,20,4,32,64,"0x0","0x7f7817b1a280",4181378988656507,4181378989186110,4181378989201173,4181378989236009,15063
1180,"loop_slice_fusion_3.kd",2,8,1339,1282169,1282169,16,16,0,0,20,4,16,64,"0x0","0x7f7817b1a2c0",4181378988680643,4181378989201173,4181378989205900,4181378989213065,4727
1181,"loop_broadcast_fusion_3.kd",2,8,1340,1282169,1282169,4096,256,0,0,4,4,16,64,"0x0","0x7f7817b1a300",4181378988688755,4181378989205900,4181378989210907,4181378989231402,5007
1182,"input_scatter_fusion_3.kd",2,8,1341,1282169,1282169,4096,256,0,0,8,0,32,64,"0x0","0x7f7817b1a340",4181378988696136,4181378989210907,4181378989217036,4181378989217541,6129
1183,"loop_reduce_window_fusion_18.kd",2,8,1342,1282169,1282169,4096,256,0,0,8,0,16,64,"0x0","0x7f7817b1a380",4181378988703357,4181378989217036,4181378989221844,4181378989222268,4808
1184,"loop_slice_fusion_3.kd",2,8,1343,1282169,1282169,16,16,0,0,20,4,16,64,"0x0","0x7f7817b1a2c0",4181378988710237,4181378989221844,4181378989226611,4181378989226555,4767
1185,"loop_remainder_fusion.kd",2,8,1344,1282169,1282169,4096,256,0,0,12,4,16,64,"0x0","0x7f7817b1a3c0",4181378988717828,4181378989226611,4181378989232780,4181378989242428,6169
1186,"loop_select_fusion_3.kd",2,8,1345,1282169,1282169,4096,256,0,0,8,0,32,64,"0x0","0x7f7817b1a400",4181378988725500,4181378989232780,4181378989237587,4181378989246885,4807
1187,"loop_reduce_window_fusion_18.kd",2,8,1346,1282169,1282169,4096,256,0,0,8,0,16,64,"0x0","0x7f7817b1a380",4181378988732460,4181378989237587,4181378989242635,4181378989251191,5048
1188,"loop_slice_fusion_3.kd",2,8,1347,1282169,1282169,16,16,0,0,20,4,16,64,"0x0","0x7f7817b1a2c0",4181378988739761,4181378989242635,4181378989247402,4181378989258032,4767
1189,"input_concatenate_fusion_1.kd",2,8,1348,1282169,1282169,4096,256,0,0,8,0,32,64,"0x0","0x7f7817b1a440",4181378988747743,4181378989247402,4181378989253170,4181378989262708,5768
1190,"loop_compare_fusion.kd",2,8,1349,1282169,1282169,8192,256,0,0,4,4,16,64,"0x0","0x7f7817b1a480",4181378988754983,4181378989253170,4181378989258218,4181378989268948,5048
1191,"input_reduce_reduce_window_fusion.kd",2,8,1350,1282169,1282169,512,512,512,0,20,4,48,64,"0x0","0x7f7817b1a4c0",4181378988762775,4181378989258218,4181378989275243,4181378989275457,17025
1192,"loop_reduce_window_fusion_8.kd",2,8,1351,1282169,1282169,32,32,0,0,32,0,16,64,"0x0","0x7f7817b1a500",4181378988769805,4181378989275243,4181378989284777,4181378989292553,9534
1193,"loop_broadcast_fusion_1.kd",2,8,1352,1282169,1282169,8192,256,0,0,4,4,16,64,"0x0","0x7f7817b1a540",4181378988777136,4181378989284777,4181378989290105,4181378989296689,5328
1194,"input_scatter_fusion_1.kd",2,8,1353,1282169,1282169,8192,256,0,0,8,0,32,64,"0x0","0x7f7817b1a580",4181378988784607,4181378989290105,4181378989295673,4181378989303169,5568
1195,"loop_reduce_window_fusion_7.kd",2,8,1354,1282169,1282169,8192,256,0,0,8,0,16,64,"0x0","0x7f7817b1a5c0",4181378988791758,4181378989295673,4181378989300761,4181378989307595,5088
1196,"loop_reduce_window_fusion_6.kd",2,8,1355,1282169,1282169,512,256,0,0,8,0,16,64,"0x0","0x7f7817b1a600",4181378988800591,4181378989300761,4181378989305688,4181378989312422,4927
1197,"loop_reduce_window_fusion_5.kd",2,8,1356,1282169,1282169,32,32,0,0,8,0,16,64,"0x0","0x7f7817b1a640",4181378988807291,4181378989305688,4181378989310495,4181378989319062,4807
1198,"loop_select_fusion_6.kd",2,8,1357,1282169,1282169,8192,256,0,0,8,0,32,64,"0x0","0x7f7817b1a680",4181378988814252,4181378989310495,4181378989315583,4181378989323369,5088
1199,"loop_select_fusion_1.kd",2,8,1358,1282169,1282169,8192,256,0,0,8,0,16,64,"0x0","0x7f7817b1a6c0",4181378988821683,4181378989315583,4181378989320510,4181378989328106,4927
1200,"loop_broadcast_fusion_4.kd",2,8,1359,1282169,1282169,16,16,0,0,4,4,16,64,"0x0","0x7f7817b1a700",4181378988829174,4181378989320510,4181378989325518,4181378989334375,5008
1201,"__amd_rocclr_fillBufferAligned.kd",2,8,1360,1282169,1282169,77824,256,0,0,12,4,48,64,"0x0","0x7f781d393580",4181378988840911,4181378989325518,4181378989338337,4181378989339172,12819
1202,"__amd_rocclr_fillBufferAligned.kd",2,8,1361,1282169,1282169,16128,256,0,0,12,4,48,64,"0x0","0x7f781d393580",4181378988847441,4181378989338337,4181378989343344,4181378989345542,5007
1203,"transformer_engine::fused_attn_rocm::populate_rng_state_kernel(long*, long const*, long) [clone .kd]",2,8,1362,1282169,1282169,1,1,0,0,8,0,16,64,"0x0","0x7f781c015380",4181378988857055,4181378989343344,4181378989348232,4181378989351661,4888
1204,"__amd_rocclr_fillBufferAligned.kd",2,8,1363,1282169,1282169,256,256,0,0,12,4,48,64,"0x0","0x7f781d393580",4181378988866980,4181378989348232,4181378989352878,4181378989356188,4646
1205,"ck_fused_attn::get_runtime_max_seqlen_kernel(unsigned long, int const*, int const*, unsigned long*) [clone .kd]",2,8,1364,1282169,1282169,4096,128,0,0,4,4,32,64,"0x0","0x7f781c004940",4181378988874571,4181378989352878,4181378989358687,4181378989360564,5809
1206,"__amd_rocclr_copyBuffer.kd",2,8,1365,1282169,1282169,512,512,0,0,16,0,32,64,"0x7fb89bde9180","0x7f781d393600",4181378988882803,4181378989358687,4181378989364095,4181378989366823,5408
1207,"__amd_rocclr_fillBufferAligned.kd",2,8,1367,1282169,1282169,256,256,0,0,12,4,48,64,"0x0","0x7f781d393580",4181378989412231,4181378989425466,4181378989427469,4181378989452431,2003
1208,"ck_fused_attn::get_runtime_max_seqlen_kernel(unsigned long, int const*, int const*, unsigned long*) [clone .kd]",2,8,1368,1282169,1282169,4096,128,0,0,4,4,32,64,"0x0","0x7f781c004940",4181378989423598,4181378989438406,4181378989446938,4181378989462365,8532
1209,"__amd_rocclr_copyBuffer.kd",2,8,1369,1282169,1282169,512,512,0,0,16,0,32,64,"0x7fb89bde9080","0x7f781d393600",4181378989438169,4181378989446938,4181378989452627,4181378989457538,5689
1210,"void transformer_engine::fused_attn_rocm::compute_scores_kernel<__half, transformer_engine::fused_attn_rocm::SmallSeqConfig<12, 128, 256, false, (transformer_engine::fused_attn_rocm::CausalMaskType)0>, 1>(__half const*, __half const*, __half*, float, int const*, int const*, int, int) [clone .kd]",2,8,1371,1282169,1282169,64000,64,0,0,120,0,32,64,"0x0","0x7f780414ef00",4181378989473101,4181378989482511,4181378989512556,4181378989513001,30045
1211,"void transformer_engine::fused_attn_rocm::apply_mask_and_softmax_kernel<__half, transformer_engine::fused_attn_rocm::SmallSeqConfig<12, 128, 256, false, (transformer_engine::fused_attn_rocm::CausalMaskType)0> >(__half*, __half const*, float, int const*, int, int) [clone .kd]",2,8,1372,1282169,1282169,780288,256,1024,0,16,0,16,64,"0x0","0x7f780414ef40",4181378989481915,4181378989512556,4181378989518004,4181378989523156,5448
1212,"void transformer_engine::fused_attn_rocm::compute_output_kernel<__half, transformer_engine::fused_attn_rocm::SmallSeqConfig<12, 128, 256, false, (transformer_engine::fused_attn_rocm::CausalMaskType)0>, 2, 8>(__half const*, __half const*, __half*, int const*, int const*, int, int) [clone .kd]",2,8,1373,1282169,1282169,512000,64,24576,0,24,0,32,64,"0x0","0x7f780414ef80",4181378989490257,4181378989518004,4181378989616991,4181378989618958,98987
1213,"loop_broadcast_fusion_5.kd",2,8,1374,1282169,1282169,2048000,256,0,0,4,4,16,64,"0x0","0x7f7817b1a740",4181378989509025,4181378989616991,4181378989625324,4181378989625999,8333
1214,"__amd_rocclr_fillBufferAligned.kd",2,8,1375,1282169,1282169,77824,256,0,0,12,4,48,64,"0x0","0x7f781d393580",4181378989525810,4181378989625324,4181378989632134,4181378989632769,6810
1215,"__amd_rocclr_fillBufferAligned.kd",2,8,1376,1282169,1282169,77824,256,0,0,12,4,48,64,"0x0","0x7f781d393580",4181378989534052,4181378989632134,4181378989665223,4181378989674741,33089
1216,"__amd_rocclr_fillBufferAligned.kd",2,8,1377,1282169,1282169,77824,256,0,0,12,4,48,64,"0x0","0x7f781d393580",4181378989540802,4181378989665223,4181378989697992,4181378989698316,32769
1217,"__amd_rocclr_fillBufferAligned.kd",2,8,1378,1282169,1282169,256,256,0,0,12,4,48,64,"0x0","0x7f781d393580",4181378989548974,4181378989697992,4181378989702679,4181378989705036,4687
1218,"ck_fused_attn::get_runtime_max_seqlen_kernel(unsigned long, int const*, int const*, unsigned long*) [clone .kd]",2,8,1379,1282169,1282169,4096,128,0,0,4,4,32,64,"0x0","0x7f781c004940",4181378989555103,4181378989702679,4181378989708848,4181378989711796,6169
1219,"__amd_rocclr_copyBuffer.kd",2,8,1380,1282169,1282169,512,512,0,0,16,0,32,64,"0x7fb89bde8f80","0x7f781d393600",4181378989562064,4181378989708848,4181378989714817,4181378989718386,5969
1220,"__amd_rocclr_fillBufferAligned.kd",2,8,1382,1282169,1282169,256,256,0,0,12,4,48,64,"0x0","0x7f781d393580",4181378989735842,4181378989748066,4181378989750189,4181378989760829,2123
1221,"ck_fused_attn::get_runtime_max_seqlen_kernel(unsigned long, int const*, int const*, unsigned long*) [clone .kd]",2,8,1383,1282169,1282169,4096,128,0,0,4,4,32,64,"0x0","0x7f781c004940",4181378989748251,4181378989760485,4181378989766814,4181378989767199,6329
1222,"__amd_rocclr_copyBuffer.kd",2,8,1384,1282169,1282169,512,512,0,0,16,0,32,64,"0x7fb89bc73b80","0x7f781d393600",4181378989759447,4181378989781836,4181378989788887,4181378989793708,7051
1223,"void transformer_engine::fused_attn_rocm::compute_grad_v_kernel<__half, transformer_engine::fused_attn_rocm::SmallSeqConfig<12, 128, 256, false, (transformer_engine::fused_attn_rocm::CausalMaskType)0>, 16, 16>(__half const*, __half const*, __half*, int const*, int const*, int, int) [clone .kd]",2,8,1386,1282169,1282169,256000,64,24576,0,28,4,32,64,"0x0","0x7f7804150800",4181378989808921,4181378989823098,4181378989909707,4181378989913717,86609
1224,"void transformer_engine::fused_attn_rocm::compute_grad_attn_kernel<__half, transformer_engine::fused_attn_rocm::SmallSeqConfig<12, 128, 256, false, (transformer_engine::fused_attn_rocm::CausalMaskType)0>, 16>(__half const*, __half const*, __half*, int const*, int const*, int, int) [clone .kd]",2,8,1387,1282169,1282169,8000,64,0,0,124,4,48,64,"0x0","0x7f7804150840",4181378989821409,4181378989909707,4181378990209392,4181378990212701,299685
1225,"void transformer_engine::fused_attn_rocm::softmax_backward_kernel<__half, transformer_engine::fused_attn_rocm::SmallSeqConfig<12, 128, 256, false, (transformer_engine::fused_attn_rocm::CausalMaskType)0> >(__half const*, __half const*, __half*, float, int const*, int, int) [clone .kd]",2,8,1388,1282169,1282169,780288,256,1024,0,16,0,16,64,"0x0","0x7f7804150880",4181378989828921,4181378990209392,4181378990215241,4181378990221545,5849
1226,"void transformer_engine::fused_attn_rocm::compute_grad_qk_kernel<__half, transformer_engine::fused_attn_rocm::SmallSeqConfig<12, 128, 256, false, (transformer_engine::fused_attn_rocm::CausalMaskType)0>, 4, 16>(__half const*, __half const*, __half const*, __half*, __half*, float, int const*, int const*, int, int) [clone .kd]",2,8,1389,1282169,1282169,1024000,64,24576,0,36,4,64,64,"0x0","0x7f78041508c0",4181378989837113,4181378990215241,4181378990565963,4181378990575872,350722
1227,"input_reduce_fusion.kd",2,8,1390,1282169,1282169,524288,256,512,0,16,0,16,64,"0x0","0x7f7817b1a780",4181378989846457,4181378990565963,4181378990575016,4181378990582261,9053
1228,"input_reduce_fusion_3.kd",2,8,1391,1282169,1282169,128,128,512,0,24,0,16,64,"0x0","0x7f7817b1a7c0",4181378989853447,4181378990575016,4181378990580664,4181378990587329,5648
1229,"loop_convert_fusion.kd",2,8,1392,1282169,1282169,1,1,0,0,4,4,16,64,"0x0","0x7f7817b1a800",4181378989860377,4181378990580664,4181378990584951,4181378990592106,4287
1230,"input_compare_reduce_fusion_1.kd",2,8,1395,1282169,1282169,8192,256,0,0,12,4,16,64,"0x0","0x7f7817b19c00",4181378989987957,4181378990596488,4181378990602617,4181378990622050,6129
1231,"loop_slice_fusion_1.kd",2,8,1396,1282169,1282169,3072,256,0,0,16,0,16,64,"0x0","0x7f7817b19c40",4181378989998222,4181378990602617,4181378990607665,4181378990626607,5048
1232,"loop_reduce_window_fusion_16.kd",2,8,1397,1282169,1282169,3072,256,0,0,8,0,16,64,"0x0","0x7f7817b19c80",4181378990005463,4181378990607665,4181378990615676,4181378990632886,8011
1233,"loop_reduce_window_fusion_15.kd",2,8,1398,1282169,1282169,192,192,0,0,8,0,16,64,"0x0","0x7f7817b19cc0",4181378990012233,4181378990615676,4181378990621205,4181378990637403,5529
1234,"loop_broadcast_fusion_2.kd",2,8,1399,1282169,1282169,48128,256,0,0,4,4,16,64,"0x0","0x7f7817b19d00",4181378990018673,4181378990621205,4181378990625972,4181378990642100,4767
1235,"input_scatter_fusion_2.kd",2,8,1400,1282169,1282169,48128,256,0,0,12,4,32,64,"0x0","0x7f7817b19d40",4181378990026314,4181378990625972,4181378990634665,4181378990647338,8693
1236,"loop_reduce_window_fusion_14.kd",2,8,1401,1282169,1282169,48128,256,0,0,8,0,16,64,"0x0","0x7f7817b19d80",4181378990033645,4181378990634665,4181378990639552,4181378990651985,4887
1237,"loop_reduce_window_fusion_13.kd",2,8,1402,1282169,1282169,3072,256,0,0,8,0,16,64,"0x0","0x7f7817b19dc0",4181378990040696,4181378990639552,4181378990644720,4181378990656882,5168
1238,"loop_reduce_window_fusion_15.kd",2,8,1403,1282169,1282169,192,192,0,0,8,0,16,64,"0x0","0x7f7817b19cc0",4181378990048097,4181378990644720,4181378990649407,4181378990662370,4687
1239,"loop_slice_fusion_6.kd",2,8,1404,1282169,1282169,12,12,0,0,4,4,16,64,"0x0","0x7f7817b19e00",4181378990054386,4181378990649407,4181378990654054,4181378990666907,4647
1240,"input_reduce_fusion_1.kd",2,8,1405,1282169,1282169,64,64,0,0,8,0,16,64,"0x0","0x7f7817b19e40",4181378990061126,4181378990654054,4181378990658700,4181378990671604,4646
1241,"loop_select_fusion_5.kd",2,8,1406,1282169,1282169,48128,256,0,0,12,4,32,64,"0x0","0x7f7817b19e80",4181378990069108,4181378990658700,4181378990663828,4181378990676191,5128
1242,"loop_select_fusion_2.kd",2,8,1407,1282169,1282169,48128,256,0,0,4,4,16,64,"0x0","0x7f7817b19ec0",4181378990076319,4181378990663828,4181378990668755,4181378990680968,4927
1243,"loop_reduce_window_fusion_14.kd",2,8,1408,1282169,1282169,48128,256,0,0,8,0,16,64,"0x0","0x7f7817b19d80",4181378990083309,4181378990668755,4181378990673683,4181378990685835,4928
1244,"loop_reduce_window_fusion_13.kd",2,8,1409,1282169,1282169,3072,256,0,0,8,0,16,64,"0x0","0x7f7817b19dc0",4181378990090329,4181378990673683,4181378990678810,4181378990690452,5127
1245,"loop_reduce_window_fusion_15.kd",2,8,1410,1282169,1282169,192,192,0,0,8,0,16,64,"0x0","0x7f7817b19cc0",4181378990096579,4181378990678810,4181378990683457,4181378990696571,4647
1246,"input_concatenate_fusion.kd",2,8,1411,1282169,1282169,48128,256,0,0,12,4,32,64,"0x0","0x7f7817b19f00",4181378990104180,4181378990683457,4181378990688425,4181378990701418,4968
1247,"input_compare_reduce_fusion.kd",2,8,1412,1282169,1282169,13312,256,0,0,12,4,16,64,"0x0","0x7f7817b19f40",4181378990110670,4181378990688425,4181378990693232,4181378990705915,4807
1248,"loop_slice_fusion.kd",2,8,1413,1282169,1282169,3328,256,0,0,16,0,16,64,"0x0","0x7f7817b19f80",4181378990117950,4181378990693232,4181378990698039,4181378990710572,4807
1249,"loop_reduce_window_fusion_4.kd",2,8,1414,1282169,1282169,3328,256,0,0,8,0,16,64,"0x0","0x7f7817b19fc0",4181378990125402,4181378990698039,4181378990703006,4181378990715319,4967
1250,"loop_reduce_window_fusion_3.kd",2,8,1415,1282169,1282169,208,208,0,0,8,0,16,64,"0x0","0x7f7817b1a000",4181378990133243,4181378990703006,4181378990707733,4181378990720417,4727
1251,"loop_broadcast_fusion.kd",2,8,1416,1282169,1282169,52224,256,0,0,4,4,16,64,"0x0","0x7f7817b1a040",4181378990140644,4181378990707733,4181378990712941,4181378990725103,5208
1252,"input_scatter_fusion.kd",2,8,1417,1282169,1282169,52224,256,0,0,12,4,32,64,"0x0","0x7f7817b1a080",4181378990147785,4181378990712941,4181378990722035,4181378990729901,9094
1253,"loop_reduce_window_fusion_2.kd",2,8,1418,1282169,1282169,52224,256,0,0,8,0,16,64,"0x0","0x7f7817b1a0c0",4181378990155056,4181378990722035,4181378990727042,4181378990734107,5007
1254,"loop_reduce_window_fusion_1.kd",2,8,1419,1282169,1282169,3328,256,0,0,8,0,16,64,"0x0","0x7f7817b1a100",4181378990161615,4181378990727042,4181378990732250,4181378990738634,5208
1255,"loop_reduce_window_fusion_3.kd",2,8,1420,1282169,1282169,208,208,0,0,8,0,16,64,"0x0","0x7f7817b1a000",4181378990168796,4181378990732250,4181378990736937,4181378990748458,4687
1256,"loop_slice_fusion_5.kd",2,8,1421,1282169,1282169,13,13,0,0,4,4,16,64,"0x0","0x7f7817b1a140",4181378990175346,4181378990736937,4181378990741704,4181378990743911,4767
1257,"input_reduce_fusion_2.kd",2,8,1422,1282169,1282169,64,64,0,0,8,0,16,64,"0x0","0x7f7817b1a180",4181378990183027,4181378990741704,4181378990746431,4181378990771993,4727
1258,"loop_select_fusion_4.kd",2,8,1423,1282169,1282169,52224,256,0,0,8,0,32,64,"0x0","0x7f7817b1a1c0",4181378990192131,4181378990746431,4181378990751478,4181378990767707,5047
1259,"loop_select_fusion.kd",2,8,1424,1282169,1282169,52224,256,0,0,8,0,16,64,"0x0","0x7f7817b1a200",4181378990199191,4181378990751478,4181378990756486,4181378990758153,5008
1260,"loop_compare_fusion_1.kd",2,8,1425,1282169,1282169,4096,256,0,0,4,4,16,64,"0x0","0x7f7817b1a240",4181378990206402,4181378990756486,4181378990761333,4181378990763180,4847
1261,"input_reduce_reduce_window_fusion_1.kd",2,8,1426,1282169,1282169,256,256,512,0,20,4,32,64,"0x0","0x7f7817b1a280",4181378990213012,4181378990761333,4181378990777637,4181378990778693,16304
1262,"loop_slice_fusion_3.kd",2,8,1427,1282169,1282169,16,16,0,0,20,4,16,64,"0x0","0x7f7817b1a2c0",4181378990237588,4181378990777637,4181378990782324,4181378990783470,4687
1263,"loop_broadcast_fusion_3.kd",2,8,1428,1282169,1282169,4096,256,0,0,4,4,16,64,"0x0","0x7f7817b1a300",4181378990246392,4181378990782324,4181378990787332,4181378990788177,5008
1264,"input_scatter_fusion_3.kd",2,8,1429,1282169,1282169,4096,256,0,0,8,0,32,64,"0x0","0x7f7817b1a340",4181378990254073,4181378990787332,4181378990793421,4181378990794807,6089
1265,"loop_reduce_window_fusion_18.kd",2,8,1430,1282169,1282169,4096,256,0,0,8,0,16,64,"0x0","0x7f7817b1a380",4181378990261664,4181378990793421,4181378990798268,4181378990799514,4847
1266,"loop_slice_fusion_3.kd",2,8,1431,1282169,1282169,16,16,0,0,20,4,16,64,"0x0","0x7f7817b1a2c0",4181378990269256,4181378990798268,4181378990803035,4181378990804161,4767
1267,"loop_remainder_fusion.kd",2,8,1432,1282169,1282169,4096,256,0,0,12,4,16,64,"0x0","0x7f7817b1a3c0",4181378990277107,4181378990803035,4181378990808683,4181378990810801,5648
1268,"loop_select_fusion_3.kd",2,8,1433,1282169,1282169,4096,256,0,0,8,0,32,64,"0x0","0x7f7817b1a400",4181378990285209,4181378990808683,4181378990813491,4181378990815378,4808
1269,"loop_reduce_window_fusion_18.kd",2,8,1434,1282169,1282169,4096,256,0,0,8,0,16,64,"0x0","0x7f7817b1a380",4181378990293742,4181378990813491,4181378990818298,4181378990819744,4807
1270,"loop_slice_fusion_3.kd",2,8,1435,1282169,1282169,16,16,0,0,20,4,16,64,"0x0","0x7f7817b1a2c0",4181378990301253,4181378990818298,4181378990823065,4181378990827586,4767
1271,"input_concatenate_fusion_1.kd",2,8,1436,1282169,1282169,4096,256,0,0,8,0,32,64,"0x0","0x7f7817b1a440",4181378990307903,4181378990823065,4181378990828874,4181378990831952,5809
1272,"loop_compare_fusion.kd",2,8,1437,1282169,1282169,8192,256,0,0,4,4,16,64,"0x0","0x7f7817b1a480",4181378990315825,4181378990828874,4181378990833841,4181378990836659,4967
1273,"input_reduce_reduce_window_fusion.kd",2,8,1438,1282169,1282169,512,512,512,0,20,4,48,64,"0x0","0x7f7817b1a4c0",4181378990324087,4181378990833841,4181378990850746,4181378990853675,16905
1274,"loop_reduce_window_fusion_8.kd",2,8,1439,1282169,1282169,32,32,0,0,32,0,16,64,"0x0","0x7f7817b1a500",4181378990331077,4181378990850746,4181378990860160,4181378990860845,9414
1275,"loop_broadcast_fusion_1.kd",2,8,1440,1282169,1282169,8192,256,0,0,4,4,16,64,"0x0","0x7f7817b1a540",4181378990338949,4181378990860160,4181378990865448,4181378990867485,5288
1276,"input_scatter_fusion_1.kd",2,8,1441,1282169,1282169,8192,256,0,0,8,0,32,64,"0x0","0x7f7817b1a580",4181378990346440,4181378990865448,4181378990870816,4181378990874085,5368
1277,"loop_reduce_window_fusion_7.kd",2,8,1442,1282169,1282169,8192,256,0,0,8,0,16,64,"0x0","0x7f7817b1a5c0",4181378990353321,4181378990870816,4181378990875903,4181378990878492,5087
1278,"loop_reduce_window_fusion_6.kd",2,8,1443,1282169,1282169,512,256,0,0,8,0,16,64,"0x0","0x7f7817b1a600",4181378990360712,4181378990875903,4181378990881031,4181378990882928,5128
1279,"loop_reduce_window_fusion_5.kd",2,8,1444,1282169,1282169,32,32,0,0,8,0,16,64,"0x0","0x7f7817b1a640",4181378990368243,4181378990881031,4181378990885838,4181378990888977,4807
1280,"loop_select_fusion_6.kd",2,8,1445,1282169,1282169,8192,256,0,0,8,0,32,64,"0x0","0x7f7817b1a680",4181378990376014,4181378990885838,4181378990890966,4181378990893354,5128
1281,"loop_select_fusion_1.kd",2,8,1446,1282169,1282169,8192,256,0,0,8,0,16,64,"0x0","0x7f7817b1a6c0",4181378990383876,4181378990890966,4181378990895893,4181378990897690,4927
1282,"loop_broadcast_fusion_4.kd",2,8,1447,1282169,1282169,16,16,0,0,4,4,16,64,"0x0","0x7f7817b1a700",4181378990391688,4181378990895893,4181378990900941,4181378990903970,5048
1283,"__amd_rocclr_fillBufferAligned.kd",2,8,1448,1282169,1282169,77824,256,0,0,12,4,48,64,"0x0","0x7f781d393580",4181378990403275,4181378990900941,4181378990914841,4181378990915887,13900
1284,"__amd_rocclr_fillBufferAligned.kd",2,8,1449,1282169,1282169,16128,256,0,0,12,4,48,64,"0x0","0x7f781d393580",4181378990410255,4181378990914841,4181378990920049,4181378990920284,5208
1285,"transformer_engine::fused_attn_rocm::populate_rng_state_kernel(long*, long const*, long) [clone .kd]",2,8,1450,1282169,1282169,1,1,0,0,8,0,16,64,"0x0","0x7f781c015380",4181378990418447,4181378990920049,4181378990924936,4181378990926353,4887
1286,"__amd_rocclr_fillBufferAligned.kd",2,8,1451,1282169,1282169,256,256,0,0,12,4,48,64,"0x0","0x7f781d393580",4181378990429584,4181378990924936,4181378990929703,4181378990930960,4767
1287,"ck_fused_attn::get_runtime_max_seqlen_kernel(unsigned long, int const*, int const*, unsigned long*) [clone .kd]",2,8,1452,1282169,1282169,4096,128,0,0,4,4,32,64,"0x0","0x7f781c004940",4181378990436264,4181378990929703,4181378990935472,4181378990937169,5769
1288,"__amd_rocclr_copyBuffer.kd",2,8,1453,1282169,1282169,512,512,0,0,16,0,32,64,"0x7fb89bde8c80","0x7f781d393600",4181378990443875,4181378990935472,4181378990941401,4181378990943148,5929
1289,"__amd_rocclr_fillBufferAligned.kd",2,8,1455,1282169,1282169,256,256,0,0,12,4,48,64,"0x0","0x7f781d393580",4181378990983788,4181378990994520,4181378990996323,4181378991025010,1803
1290,"ck_fused_attn::get_runtime_max_seqlen_kernel(unsigned long, int const*, int const*, unsigned long*) [clone .kd]",2,8,1456,1282169,1282169,4096,128,0,0,4,4,32,64,"0x0","0x7f781c004940",4181378990994835,4181378991002331,4181378991011585,4181378991034684,9254
1291,"__amd_rocclr_copyBuffer.kd",2,8,1457,1282169,1282169,512,512,0,0,16,0,32,64,"0x7fb89bde8b80","0x7f781d393600",4181378991001394,4181378991011585,4181378991016993,4181378991030147,5408
1292,"void transformer_engine::fused_attn_rocm::compute_scores_kernel<__half, transformer_engine::fused_attn_rocm::SmallSeqConfig<12, 128, 256, false, (transformer_engine::fused_attn_rocm::CausalMaskType)0>, 1>(__half const*, __half const*, __half*, float, int const*, int const*, int, int) [clone .kd]",2,8,1459,1282169,1282169,64000,64,0,0,120,0,32,64,"0x0","0x7f780414ef00",4181378991047243,4181378991058054,4181378991087538,4181378991096606,29484
1293,"void transformer_engine::fused_attn_rocm::apply_mask_and_softmax_kernel<__half, transformer_engine::fused_attn_rocm::SmallSeqConfig<12, 128, 256, false, (transformer_engine::fused_attn_rocm::CausalMaskType)0> >(__half*, __half const*, float, int const*, int, int) [clone .kd]",2,8,1460,1282169,1282169,780288,256,1024,0,16,0,16,64,"0x0","0x7f780414ef40",4181378991057418,4181378991087538,4181378991092986,4181378991106240,5448
1294,"void transformer_engine::fused_attn_rocm::compute_output_kernel<__half, transformer_engine::fused_attn_rocm::SmallSeqConfig<12, 128, 256, false, (transformer_engine::fused_attn_rocm::CausalMaskType)0>, 2, 8>(__half const*, __half const*, __half*, int const*, int const*, int, int) [clone .kd]",2,8,1461,1282169,1282169,512000,64,24576,0,24,0,32,64,"0x0","0x7f780414ef80",4181378991064929,4181378991092986,4181378991191573,4181378991207090,98587
1295,"loop_broadcast_fusion_5.kd",2,8,1462,1282169,1282169,2048000,256,0,0,4,4,16,64,"0x0","0x7f7817b1a740",4181378991075244,4181378991191573,4181378991199785,4181378991200991,8212
1296,"__amd_rocclr_fillBufferAligned.kd",2,8,1463,1282169,1282169,77824,256,0,0,12,4,48,64,"0x0","0x7f781d393580",4181378991090587,4181378991199785,4181378991206675,4181378991211667,6890
1297,"__amd_rocclr_fillBufferAligned.kd",2,8,1464,1282169,1282169,77824,256,0,0,12,4,48,64,"0x0","0x7f781d393580",4181378991097868,4181378991206675,4181378991239284,4181378991244246,32609
1298,"__amd_rocclr_fillBufferAligned.kd",2,8,1465,1282169,1282169,77824,256,0,0,12,4,48,64,"0x0","0x7f781d393580",4181378991119550,4181378991239284,4181378991271251,4181378991281842,31967
1299,"__amd_rocclr_fillBufferAligned.kd",2,8,1466,1282169,1282169,256,256,0,0,12,4,48,64,"0x0","0x7f781d393580",4181378991128493,4181378991271251,4181378991276059,4181378991276484,4808
1300,"ck_fused_attn::get_runtime_max_seqlen_kernel(unsigned long, int const*, int const*, unsigned long*) [clone .kd]",2,8,1467,1282169,1282169,4096,128,0,0,4,4,32,64,"0x0","0x7f781c004940",4181378991144207,4181378991276059,4181378991282188,4181378991293369,6129
1301,"__amd_rocclr_copyBuffer.kd",2,8,1468,1282169,1282169,512,512,0,0,16,0,32,64,"0x7fb89bde8a80","0x7f781d393600",4181378991151367,4181378991282188,4181378991288036,4181378991288481,5848
1302,"__amd_rocclr_fillBufferAligned.kd",2,8,1470,1282169,1282169,256,256,0,0,12,4,48,64,"0x0","0x7f781d393580",4181378991303994,4181378991313875,4181378991316078,4181378991319337,2203
1303,"ck_fused_attn::get_runtime_max_seqlen_kernel(unsigned long, int const*, int const*, unsigned long*) [clone .kd]",2,8,1471,1282169,1282169,4096,128,0,0,4,4,32,64,"0x0","0x7f781c004940",4181378991312637,4181378991321566,4181378991327535,4181378991329312,5969
1304,"__amd_rocclr_copyBuffer.kd",2,8,1472,1282169,1282169,512,512,0,0,16,0,32,64,"0x7fb89bc73c80","0x7f781d393600",4181378991320169,4181378991338592,4181378991345241,4181378991351205,6649
1305,"void transformer_engine::fused_attn_rocm::compute_grad_v_kernel<__half, transformer_engine::fused_attn_rocm::SmallSeqConfig<12, 128, 256, false, (transformer_engine::fused_attn_rocm::CausalMaskType)0>, 16, 16>(__half const*, __half const*, __half*, int const*, int const*, int, int) [clone .kd]",2,8,1474,1282169,1282169,256000,64,24576,0,28,4,32,64,"0x0","0x7f7804150800",4181378991366507,4181378991378050,4181378991463537,4181378991463692,85487
1306,"void transformer_engine::fused_attn_rocm::compute_grad_attn_kernel<__half, transformer_engine::fused_attn_rocm::SmallSeqConfig<12, 128, 256, false, (transformer_engine::fused_attn_rocm::CausalMaskType)0>, 16>(__half const*, __half const*, __half*, int const*, int const*, int, int) [clone .kd]",2,8,1475,1282169,1282169,8000,64,0,0,124,4,48,64,"0x0","0x7f7804150840",4181378991376442,4181378991463537,4181378991764144,4181378991777288,300607
1307,"void transformer_engine::fused_attn_rocm::softmax_backward_kernel<__half, transformer_engine::fused_attn_rocm::SmallSeqConfig<12, 128, 256, false, (transformer_engine::fused_attn_rocm::CausalMaskType)0> >(__half const*, __half const*, __half*, float, int const*, int, int) [clone .kd]",2,8,1476,1282169,1282169,780288,256,1024,0,16,0,16,64,"0x0","0x7f7804150880",4181378991385656,4181378991764144,4181378991770153,4181378991786342,6009
1308,"void transformer_engine::fused_attn_rocm::compute_grad_qk_kernel<__half, transformer_engine::fused_attn_rocm::SmallSeqConfig<12, 128, 256, false, (transformer_engine::fused_attn_rocm::CausalMaskType)0>, 4, 16>(__half const*, __half const*, __half const*, __half*, __half*, float, int const*, int const*, int, int) [clone .kd]",2,8,1477,1282169,1282169,1024000,64,24576,0,36,4,64,64,"0x0","0x7f78041508c0",4181378991393237,4181378991770153,4181378992123078,4181378992134970,352925
1309,"input_reduce_fusion.kd",2,8,1478,1282169,1282169,524288,256,512,0,16,0,16,64,"0x0","0x7f7817b1a780",4181378991402411,4181378992123078,4181378992131851,4181378992142111,8773
1310,"input_reduce_fusion_3.kd",2,8,1479,1282169,1282169,128,128,512,0,24,0,16,64,"0x0","0x7f7817b1a7c0",4181378991409602,4181378992131851,4181378992137580,4181378992146908,5729
1311,"loop_convert_fusion.kd",2,8,1480,1282169,1282169,1,1,0,0,4,4,16,64,"0x0","0x7f7817b1a800",4181378991417053,4181378992137580,4181378992142828,4181378992151495,5248
1312,"input_compare_reduce_fusion_1.kd",2,8,1483,1282169,1282169,8192,256,0,0,12,4,16,64,"0x0","0x7f7817b19c00",4181378991543901,4181378992155607,4181378992161896,4181378992181920,6289
1313,"loop_slice_fusion_1.kd",2,8,1484,1282169,1282169,3072,256,0,0,16,0,16,64,"0x0","0x7f7817b19c40",4181378991553496,4181378992161896,4181378992167224,4181378992188179,5328
1314,"loop_reduce_window_fusion_16.kd",2,8,1485,1282169,1282169,3072,256,0,0,8,0,16,64,"0x0","0x7f7817b19c80",4181378991560165,4181378992167224,4181378992174955,4181378992193557,7731
1315,"loop_reduce_window_fusion_15.kd",2,8,1486,1282169,1282169,192,192,0,0,8,0,16,64,"0x0","0x7f7817b19cc0",4181378991568057,4181378992174955,4181378992180363,4181378992198224,5408
1316,"loop_broadcast_fusion_2.kd",2,8,1487,1282169,1282169,48128,256,0,0,4,4,16,64,"0x0","0x7f7817b19d00",4181378991574697,4181378992180363,4181378992185932,4181378992202861,5569
1317,"input_scatter_fusion_2.kd",2,8,1488,1282169,1282169,48128,256,0,0,12,4,32,64,"0x0","0x7f7817b19d40",4181378991583320,4181378992185932,4181378992194785,4181378992212926,8853
1318,"loop_reduce_window_fusion_14.kd",2,8,1489,1282169,1282169,48128,256,0,0,8,0,16,64,"0x0","0x7f7817b19d80",4181378991590891,4181378992194785,4181378992199712,4181378992217774,4927
1319,"loop_reduce_window_fusion_13.kd",2,8,1490,1282169,1282169,3072,256,0,0,8,0,16,64,"0x0","0x7f7817b19dc0",4181378991598472,4181378992199712,4181378992204840,4181378992222390,5128
1320,"loop_reduce_window_fusion_15.kd",2,8,1491,1282169,1282169,192,192,0,0,8,0,16,64,"0x0","0x7f7817b19cc0",4181378991605473,4181378992204840,4181378992209527,4181378992227198,4687
1321,"loop_slice_fusion_6.kd",2,8,1492,1282169,1282169,12,12,0,0,4,4,16,64,"0x0","0x7f7817b19e00",4181378991612633,4181378992209527,4181378992214174,4181378992231494,4647
1322,"input_reduce_fusion_1.kd",2,8,1493,1282169,1282169,64,64,0,0,8,0,16,64,"0x0","0x7f7817b19e40",4181378991619404,4181378992214174,4181378992218821,4181378992236061,4647
1323,"loop_select_fusion_5.kd",2,8,1494,1282169,1282169,48128,256,0,0,12,4,32,64,"0x0","0x7f7817b19e80",4181378991627686,4181378992218821,4181378992223788,4181378992240778,4967
1324,"loop_select_fusion_2.kd",2,8,1495,1282169,1282169,48128,256,0,0,4,4,16,64,"0x0","0x7f7817b19ec0",4181378991634977,4181378992223788,4181378992228675,4181378992245425,4887
1325,"loop_reduce_window_fusion_14.kd",2,8,1496,1282169,1282169,48128,256,0,0,8,0,16,64,"0x0","0x7f7817b19d80",4181378991642298,4181378992228675,4181378992233603,4181378992251794,4928
1326,"loop_reduce_window_fusion_13.kd",2,8,1497,1282169,1282169,3072,256,0,0,8,0,16,64,"0x0","0x7f7817b19dc0",4181378991648617,4181378992233603,4181378992238690,4181378992256331,5087
1327,"loop_reduce_window_fusion_15.kd",2,8,1498,1282169,1282169,192,192,0,0,8,0,16,64,"0x0","0x7f7817b19cc0",4181378991656238,4181378992238690,4181378992243377,4181378992260697,4687
1328,"input_concatenate_fusion.kd",2,8,1499,1282169,1282169,48128,256,0,0,12,4,32,64,"0x0","0x7f7817b19f00",4181378991662948,4181378992243377,4181378992248304,4181378992265024,4927
1329,"input_compare_reduce_fusion.kd",2,8,1500,1282169,1282169,13312,256,0,0,12,4,16,64,"0x0","0x7f7817b19f40",4181378991670419,4181378992248304,4181378992253192,4181378992269330,4888
1330,"loop_slice_fusion.kd",2,8,1501,1282169,1282169,3328,256,0,0,16,0,16,64,"0x0","0x7f7817b19f80",4181378991677240,4181378992253192,4181378992258039,4181378992273677,4847
1331,"loop_reduce_window_fusion_4.kd",2,8,1502,1282169,1282169,3328,256,0,0,8,0,16,64,"0x0","0x7f7817b19fc0",4181378991685402,4181378992258039,4181378992263006,4181378992278103,4967
1332,"loop_reduce_window_fusion_3.kd",2,8,1503,1282169,1282169,208,208,0,0,8,0,16,64,"0x0","0x7f7817b1a000",4181378991692542,4181378992263006,4181378992267974,4181378992283181,4968
1333,"loop_broadcast_fusion.kd",2,8,1504,1282169,1282169,52224,256,0,0,4,4,16,64,"0x0","0x7f7817b1a040",4181378991700524,4181378992267974,4181378992273061,4181378992287848,5087
1334,"input_scatter_fusion.kd",2,8,1505,1282169,1282169,52224,256,0,0,12,4,32,64,"0x0","0x7f7817b1a080",4181378991708736,4181378992273061,4181378992282075,4181378992292284,9014
1335,"loop_reduce_window_fusion_2.kd",2,8,1506,1282169,1282169,52224,256,0,0,8,0,16,64,"0x0","0x7f7817b1a0c0",4181378991716328,4181378992282075,4181378992287082,4181378992296641,5007
1336,"loop_reduce_window_fusion_1.kd",2,8,1507,1282169,1282169,3328,256,0,0,8,0,16,64,"0x0","0x7f7817b1a100",4181378991723318,4181378992287082,4181378992292250,4181378992301398,5168
1337,"loop_reduce_window_fusion_3.kd",2,8,1508,1282169,1282169,208,208,0,0,8,0,16,64,"0x0","0x7f7817b1a000",4181378991729688,4181378992292250,4181378992296937,4181378992312034,4687
1338,"loop_slice_fusion_5.kd",2,8,1509,1282169,1282169,13,13,0,0,4,4,16,64,"0x0","0x7f7817b1a140",4181378991736838,4181378992296937,4181378992301664,4181378992306055,4727
1339,"input_reduce_fusion_2.kd",2,8,1510,1282169,1282169,64,64,0,0,8,0,16,64,"0x0","0x7f7817b1a180",4181378991744359,4181378992301664,4181378992306431,4181378992333956,4767
1340,"loop_select_fusion_4.kd",2,8,1511,1282169,1282169,52224,256,0,0,8,0,32,64,"0x0","0x7f7817b1a1c0",4181378991752842,4181378992306431,4181378992311478,4181378992330000,5047
1341,"loop_select_fusion.kd",2,8,1512,1282169,1282169,52224,256,0,0,8,0,16,64,"0x0","0x7f7817b1a200",4181378991761064,4181378992311478,4181378992316486,4181378992320246,5008
1342,"loop_compare_fusion_1.kd",2,8,1513,1282169,1282169,4096,256,0,0,4,4,16,64,"0x0","0x7f7817b1a240",4181378991768385,4181378992316486,4181378992321413,4181378992325494,4927
1343,"input_reduce_reduce_window_fusion_1.kd",2,8,1514,1282169,1282169,256,256,512,0,20,4,32,64,"0x0","0x7f7817b1a280",4181378991775866,4181378992321413,4181378992337076,4181378992340085,15663
1344,"loop_slice_fusion_3.kd",2,8,1515,1282169,1282169,16,16,0,0,20,4,16,64,"0x0","0x7f7817b1a2c0",4181378991801755,4181378992337076,4181378992341844,4181378992344622,4768
1345,"loop_broadcast_fusion_3.kd",2,8,1516,1282169,1282169,4096,256,0,0,4,4,16,64,"0x0","0x7f7817b1a300",4181378991810318,4181378992341844,4181378992346851,4181378992349399,5007
1346,"input_scatter_fusion_3.kd",2,8,1517,1282169,1282169,4096,256,0,0,8,0,32,64,"0x0","0x7f7817b1a340",4181378991817428,4181378992346851,4181378992352900,4181378992355909,6049
1347,"loop_reduce_window_fusion_18.kd",2,8,1518,1282169,1282169,4096,256,0,0,8,0,16,64,"0x0","0x7f7817b1a380",4181378991825120,4181378992352900,4181378992357707,4181378992360826,4807
1348,"loop_slice_fusion_3.kd",2,8,1519,1282169,1282169,16,16,0,0,20,4,16,64,"0x0","0x7f7817b1a2c0",4181378991831489,4181378992357707,4181378992362474,4181378992365433,4767
1349,"loop_remainder_fusion.kd",2,8,1520,1282169,1282169,4096,256,0,0,12,4,16,64,"0x0","0x7f7817b1a3c0",4181378991838910,4181378992362474,4181378992368283,4181378992372023,5809
1350,"loop_select_fusion_3.kd",2,8,1521,1282169,1282169,4096,256,0,0,8,0,32,64,"0x0","0x7f7817b1a400",4181378991846431,4181378992368283,4181378992373050,4181378992377872,4767
1351,"loop_reduce_window_fusion_18.kd",2,8,1522,1282169,1282169,4096,256,0,0,8,0,16,64,"0x0","0x7f7817b1a380",4181378991855134,4181378992373050,4181378992377897,4181378992382388,4847
1352,"loop_slice_fusion_3.kd",2,8,1523,1282169,1282169,16,16,0,0,20,4,16,64,"0x0","0x7f7817b1a2c0",4181378991862615,4181378992377897,4181378992382624,4181378992388988,4727
1353,"input_concatenate_fusion_1.kd",2,8,1524,1282169,1282169,4096,256,0,0,8,0,32,64,"0x0","0x7f7817b1a440",4181378991869626,4181378992382624,4181378992388273,4181378992393755,5649
1354,"loop_compare_fusion.kd",2,8,1525,1282169,1282169,8192,256,0,0,4,4,16,64,"0x0","0x7f7817b1a480",4181378991876586,4181378992388273,4181378992393240,4181378992398032,4967
1355,"input_reduce_reduce_window_fusion.kd",2,8,1526,1282169,1282169,512,512,512,0,20,4,48,64,"0x0","0x7f7817b1a4c0",4181378991884688,4181378992393240,4181378992410826,4181378992415007,17586
1356,"loop_reduce_window_fusion_8.kd",2,8,1527,1282169,1282169,32,32,0,0,32,0,16,64,"0x0","0x7f7817b1a500",4181378991891158,4181378992410826,4181378992420000,4181378992419934,9174
1357,"loop_broadcast_fusion_1.kd",2,8,1528,1282169,1282169,8192,256,0,0,4,4,16,64,"0x0","0x7f7817b1a540",4181378991898188,4181378992420000,4181378992425248,4181378992426975,5248
1358,"input_scatter_fusion_1.kd",2,8,1529,1282169,1282169,8192,256,0,0,8,0,32,64,"0x0","0x7f7817b1a580",4181378991905609,4181378992425248,4181378992430535,4181378992433304,5287
1359,"loop_reduce_window_fusion_7.kd",2,8,1530,1282169,1282169,8192,256,0,0,8,0,16,64,"0x0","0x7f7817b1a5c0",4181378991912870,4181378992430535,4181378992435663,4181378992437971,5128
1360,"loop_reduce_window_fusion_6.kd",2,8,1531,1282169,1282169,512,256,0,0,8,0,16,64,"0x0","0x7f7817b1a600",4181378991919850,4181378992435663,4181378992440671,4181378992442748,5008
1361,"loop_reduce_window_fusion_5.kd",2,8,1532,1282169,1282169,32,32,0,0,8,0,16,64,"0x0","0x7f7817b1a640",4181378991927372,4181378992440671,4181378992445478,4181378992449128,4807
1362,"loop_select_fusion_6.kd",2,8,1533,1282169,1282169,8192,256,0,0,8,0,32,64,"0x0","0x7f7817b1a680",4181378991934422,4181378992445478,4181378992450565,4181378992453855,5087
1363,"loop_select_fusion_1.kd",2,8,1534,1282169,1282169,8192,256,0,0,8,0,16,64,"0x0","0x7f7817b1a6c0",4181378991942524,4181378992450565,4181378992455533,4181378992459653,4968
1364,"loop_broadcast_fusion_4.kd",2,8,1535,1282169,1282169,16,16,0,0,4,4,16,64,"0x0","0x7f7817b1a700",4181378991950386,4181378992455533,4181378992460580,4181378992465862,5047
1365,"__amd_rocclr_fillBufferAligned.kd",2,8,1536,1282169,1282169,77824,256,0,0,12,4,48,64,"0x0","0x7f781d393580",4181378991961963,4181378992460580,4181378992474641,4181378992482537,14061
1366,"__amd_rocclr_fillBufferAligned.kd",2,8,1537,1282169,1282169,16128,256,0,0,12,4,48,64,"0x0","0x7f781d393580",4181378991969364,4181378992474641,4181378992479568,4181378992487475,4927
1367,"transformer_engine::fused_attn_rocm::populate_rng_state_kernel(long*, long const*, long) [clone .kd]",2,8,1538,1282169,1282169,1,1,0,0,8,0,16,64,"0x0","0x7f781c015380",4181378991978758,4181378992479568,4181378992484456,4181378992493944,4888
1368,"__amd_rocclr_fillBufferAligned.kd",2,8,1539,1282169,1282169,256,256,0,0,12,4,48,64,"0x0","0x7f781d393580",4181378991990215,4181378992484456,4181378992489143,4181378992498721,4687
1369,"ck_fused_attn::get_runtime_max_seqlen_kernel(unsigned long, int const*, int const*, unsigned long*) [clone .kd]",2,8,1540,1282169,1282169,4096,128,0,0,4,4,32,64,"0x0","0x7f781c004940",4181378991997766,4181378992489143,4181378992494951,4181378992503408,5808
1370,"__amd_rocclr_copyBuffer.kd",2,8,1541,1282169,1282169,512,512,0,0,16,0,32,64,"0x7fb89bde8780","0x7f781d393600",4181378992006059,4181378992494951,4181378992500720,4181378992509567,5769
1371,"__amd_rocclr_fillBufferAligned.kd",2,8,1543,1282169,1282169,256,256,0,0,12,4,48,64,"0x0","0x7f781d393580",4181378992551941,4181378992564334,4181378992566337,4181378992594644,2003
1372,"ck_fused_attn::get_runtime_max_seqlen_kernel(unsigned long, int const*, int const*, unsigned long*) [clone .kd]",2,8,1544,1282169,1282169,4096,128,0,0,4,4,32,64,"0x0","0x7f781c004940",4181378992564028,4181378992572106,4181378992577875,4181378992604819,5769
1373,"__amd_rocclr_copyBuffer.kd",2,8,1545,1282169,1282169,512,512,0,0,16,0,32,64,"0x7fb89bde8680","0x7f781d393600",4181378992574845,4181378992582882,4181378992588731,4181378992600262,5849
1374,"void transformer_engine::fused_attn_rocm::compute_scores_kernel<__half, transformer_engine::fused_attn_rocm::SmallSeqConfig<12, 128, 256, false, (transformer_engine::fused_attn_rocm::CausalMaskType)0>, 1>(__half const*, __half const*, __half*, float, int const*, int const*, int, int) [clone .kd]",2,8,1547,1282169,1282169,64000,64,0,0,120,0,32,64,"0x0","0x7f780414ef00",4181378992615946,4181378992626547,4181378992656952,4181378992658179,30405
1375,"void transformer_engine::fused_attn_rocm::apply_mask_and_softmax_kernel<__half, transformer_engine::fused_attn_rocm::SmallSeqConfig<12, 128, 256, false, (transformer_engine::fused_attn_rocm::CausalMaskType)0> >(__half*, __half const*, float, int const*, int, int) [clone .kd]",2,8,1548,1282169,1282169,780288,256,1024,0,16,0,16,64,"0x0","0x7f780414ef40",4181378992624408,4181378992656952,4181378992662480,4181378992672900,5528
1376,"void transformer_engine::fused_attn_rocm::compute_output_kernel<__half, transformer_engine::fused_attn_rocm::SmallSeqConfig<12, 128, 256, false, (transformer_engine::fused_attn_rocm::CausalMaskType)0>, 2, 8>(__half const*, __half const*, __half*, int const*, int const*, int, int) [clone .kd]",2,8,1549,1282169,1282169,512000,64,24576,0,24,0,32,64,"0x0","0x7f780414ef80",4181378992633211,4181378992662480,4181378992761388,4181378992762333,98908
1377,"loop_broadcast_fusion_5.kd",2,8,1550,1282169,1282169,2048000,256,0,0,4,4,16,64,"0x0","0x7f7817b1a740",4181378992649315,4181378992761388,4181378992769640,4181378992772308,8252
1378,"__amd_rocclr_fillBufferAligned.kd",2,8,1551,1282169,1282169,77824,256,0,0,12,4,48,64,"0x0","0x7f781d393580",4181378992664528,4181378992769640,4181378992776450,4181378992777326,6810
1379,"__amd_rocclr_fillBufferAligned.kd",2,8,1552,1282169,1282169,77824,256,0,0,12,4,48,64,"0x0","0x7f781d393580",4181378992686160,4181378992776450,4181378992808818,4181378992810355,32368
1380,"__amd_rocclr_fillBufferAligned.kd",2,8,1553,1282169,1282169,77824,256,0,0,12,4,48,64,"0x0","0x7f781d393580",4181378992694202,4181378992808818,4181378992841627,4181378992841772,32809
1381,"__amd_rocclr_fillBufferAligned.kd",2,8,1554,1282169,1282169,256,256,0,0,12,4,48,64,"0x0","0x7f781d393580",4181378992703236,4181378992841627,4181378992846274,4181378992848752,4647
1382,"ck_fused_attn::get_runtime_max_seqlen_kernel(unsigned long, int const*, int const*, unsigned long*) [clone .kd]",2,8,1555,1282169,1282169,4096,128,0,0,4,4,32,64,"0x0","0x7f781c004940",4181378992709445,4181378992846274,4181378992852483,4181378992855592,6209
1383,"__amd_rocclr_copyBuffer.kd",2,8,1556,1282169,1282169,512,512,0,0,16,0,32,64,"0x7fb89bde8580","0x7f781d393600",4181378992716996,4181378992852483,4181378992858171,4181378992860209,5688
1384,"__amd_rocclr_fillBufferAligned.kd",2,8,1558,1282169,1282169,256,256,0,0,12,4,48,64,"0x0","0x7f781d393580",4181378992875822,4181378992885612,4181378992887655,4181378992891966,2043
1385,"ck_fused_attn::get_runtime_max_seqlen_kernel(unsigned long, int const*, int const*, unsigned long*) [clone .kd]",2,8,1559,1282169,1282169,4096,128,0,0,4,4,32,64,"0x0","0x7f781c004940",4181378992885116,4181378992896789,4181378992902878,4181378992907399,6089
1386,"__amd_rocclr_copyBuffer.kd",2,8,1560,1282169,1282169,512,512,0,0,16,0,32,64,"0x7fb89bde8480","0x7f781d393600",4181378992895391,4181378992913213,4181378992919663,4181378992922632,6450
1387,"void transformer_engine::fused_attn_rocm::compute_grad_v_kernel<__half, transformer_engine::fused_attn_rocm::SmallSeqConfig<12, 128, 256, false, (transformer_engine::fused_attn_rocm::CausalMaskType)0>, 16, 16>(__half const*, __half const*, __half*, int const*, int const*, int, int) [clone .kd]",2,8,1562,1282169,1282169,256000,64,24576,0,28,4,32,64,"0x0","0x7f7804150800",4181378992938315,4181378992952912,4181378993037318,4181378993038094,84406
1388,"void transformer_engine::fused_attn_rocm::compute_grad_attn_kernel<__half, transformer_engine::fused_attn_rocm::SmallSeqConfig<12, 128, 256, false, (transformer_engine::fused_attn_rocm::CausalMaskType)0>, 16>(__half const*, __half const*, __half*, int const*, int const*, int, int) [clone .kd]",2,8,1563,1282169,1282169,8000,64,0,0,124,4,48,64,"0x0","0x7f7804150840",4181378992951345,4181378993037318,4181378993338766,4181378993340413,301448
1389,"void transformer_engine::fused_attn_rocm::softmax_backward_kernel<__half, transformer_engine::fused_attn_rocm::SmallSeqConfig<12, 128, 256, false, (transformer_engine::fused_attn_rocm::CausalMaskType)0> >(__half const*, __half const*, __half*, float, int const*, int, int) [clone .kd]",2,8,1564,1282169,1282169,780288,256,1024,0,16,0,16,64,"0x0","0x7f7804150880",4181378992963332,4181378993338766,4181378993346137,4181378993350048,7371
1390,"void transformer_engine::fused_attn_rocm::compute_grad_qk_kernel<__half, transformer_engine::fused_attn_rocm::SmallSeqConfig<12, 128, 256, false, (transformer_engine::fused_attn_rocm::CausalMaskType)0>, 4, 16>(__half const*, __half const*, __half const*, __half*, __half*, float, int const*, int const*, int, int) [clone .kd]",2,8,1565,1282169,1282169,1024000,64,24576,0,36,4,64,64,"0x0","0x7f78041508c0",4181378992970994,4181378993346137,4181378993687365,4181378993700999,341228
1391,"input_reduce_fusion.kd",2,8,1566,1282169,1282169,524288,256,512,0,16,0,16,64,"0x0","0x7f7817b1a780",4181378992980358,4181378993687365,4181378993697259,4181378993710143,9894
1392,"input_reduce_fusion_3.kd",2,8,1567,1282169,1282169,128,128,512,0,24,0,16,64,"0x0","0x7f7817b1a7c0",4181378992987989,4181378993697259,4181378993702026,4181378993715241,4767
1393,"loop_convert_fusion.kd",2,8,1568,1282169,1282169,1,1,0,0,4,4,16,64,"0x0","0x7f7817b1a800",4181378992994659,4181378993702026,4181378993706353,4181378993723293,4327
1394,"input_compare_reduce_fusion_1.kd",2,8,1571,1282169,1282169,8192,256,0,0,12,4,16,64,"0x0","0x7f7817b19c00",4181378993125664,4181378993717129,4181378993723138,4181378993729161,6009
1395,"loop_slice_fusion_1.kd",2,8,1572,1282169,1282169,3072,256,0,0,16,0,16,64,"0x0","0x7f7817b19c40",4181378993135218,4181378993723138,4181378993728305,4181378993733999,5167
1396,"loop_reduce_window_fusion_16.kd",2,8,1573,1282169,1282169,3072,256,0,0,8,0,16,64,"0x0","0x7f7817b19c80",4181378993142369,4181378993728305,4181378993732992,4181378993738525,4687
1397,"loop_reduce_window_fusion_15.kd",2,8,1574,1282169,1282169,192,192,0,0,8,0,16,64,"0x0","0x7f7817b19cc0",4181378993150651,4181378993732992,4181378993738000,4181378993743262,5008
1398,"loop_broadcast_fusion_2.kd",2,8,1575,1282169,1282169,48128,256,0,0,4,4,16,64,"0x0","0x7f7817b19d00",4181378993157261,4181378993738000,4181378993743728,4181378993747679,5728
1399,"input_scatter_fusion_2.kd",2,8,1576,1282169,1282169,48128,256,0,0,12,4,32,64,"0x0","0x7f7817b19d40",4181378993165443,4181378993743728,4181378993754184,4181378993761189,10456
1400,"loop_reduce_window_fusion_14.kd",2,8,1577,1282169,1282169,48128,256,0,0,8,0,16,64,"0x0","0x7f7817b19d80",4181378993173345,4181378993754184,4181378993760513,4181378993766026,6329
1401,"loop_reduce_window_fusion_13.kd",2,8,1578,1282169,1282169,3072,256,0,0,8,0,16,64,"0x0","0x7f7817b19dc0",4181378993180816,4181378993760513,4181378993765321,4181378993770803,4808
1402,"loop_reduce_window_fusion_15.kd",2,8,1579,1282169,1282169,192,192,0,0,8,0,16,64,"0x0","0x7f7817b19cc0",4181378993188207,4181378993765321,4181378993770528,4181378993775470,5207
1403,"loop_slice_fusion_6.kd",2,8,1580,1282169,1282169,12,12,0,0,4,4,16,64,"0x0","0x7f7817b19e00",4181378993194446,4181378993770528,4181378993775335,4181378993779967,4807
1404,"input_reduce_fusion_1.kd",2,8,1581,1282169,1282169,64,64,0,0,8,0,16,64,"0x0","0x7f7817b19e40",4181378993201426,4181378993775335,4181378993780022,4181378993784514,4687
1405,"loop_select_fusion_5.kd",2,8,1582,1282169,1282169,48128,256,0,0,12,4,32,64,"0x0","0x7f7817b19e80",4181378993208126,4181378993780022,4181378993784990,4181378993789291,4968
1406,"loop_select_fusion_2.kd",2,8,1583,1282169,1282169,48128,256,0,0,4,4,16,64,"0x0","0x7f7817b19ec0",4181378993215257,4181378993784990,4181378993789877,4181378993796051,4887
1407,"loop_reduce_window_fusion_14.kd",2,8,1584,1282169,1282169,48128,256,0,0,8,0,16,64,"0x0","0x7f7817b19d80",4181378993222288,4181378993789877,4181378993794764,4181378993802380,4887
1408,"loop_reduce_window_fusion_13.kd",2,8,1585,1282169,1282169,3072,256,0,0,8,0,16,64,"0x0","0x7f7817b19dc0",4181378993229729,4181378993794764,4181378993799852,4181378993808990,5088
1409,"loop_reduce_window_fusion_15.kd",2,8,1586,1282169,1282169,192,192,0,0,8,0,16,64,"0x0","0x7f7817b19cc0",4181378993236839,4181378993799852,4181378993804499,4181378993813697,4647
1410,"input_concatenate_fusion.kd",2,8,1587,1282169,1282169,48128,256,0,0,12,4,32,64,"0x0","0x7f7817b19f00",4181378993244080,4181378993804499,4181378993809426,4181378993818384,4927
1411,"input_compare_reduce_fusion.kd",2,8,1588,1282169,1282169,13312,256,0,0,12,4,16,64,"0x0","0x7f7817b19f40",4181378993251721,4181378993809426,4181378993814273,4181378993822690,4847
1412,"loop_slice_fusion.kd",2,8,1589,1282169,1282169,3328,256,0,0,16,0,16,64,"0x0","0x7f7817b19f80",4181378993258591,4181378993814273,4181378993819161,4181378993827448,4888
1413,"loop_reduce_window_fusion_4.kd",2,8,1590,1282169,1282169,3328,256,0,0,8,0,16,64,"0x0","0x7f7817b19fc0",4181378993267405,4181378993819161,4181378993824088,4181378993832044,4927
1414,"loop_reduce_window_fusion_3.kd",2,8,1591,1282169,1282169,208,208,0,0,8,0,16,64,"0x0","0x7f7817b1a000",4181378993274876,4181378993824088,4181378993828855,4181378993836711,4767
1415,"loop_broadcast_fusion.kd",2,8,1592,1282169,1282169,52224,256,0,0,4,4,16,64,"0x0","0x7f7817b1a040",4181378993282157,4181378993828855,4181378993833983,4181378993841178,5128
1416,"input_scatter_fusion.kd",2,8,1593,1282169,1282169,52224,256,0,0,12,4,32,64,"0x0","0x7f7817b1a080",4181378993289548,4181378993833983,4181378993842595,4181378993845655,8612
1417,"loop_reduce_window_fusion_2.kd",2,8,1594,1282169,1282169,52224,256,0,0,8,0,16,64,"0x0","0x7f7817b1a0c0",4181378993296939,4181378993842595,4181378993847523,4181378993850091,4928
1418,"loop_reduce_window_fusion_1.kd",2,8,1595,1282169,1282169,3328,256,0,0,8,0,16,64,"0x0","0x7f7817b1a100",4181378993303358,4181378993847523,4181378993852690,4181378993856461,5167
1419,"loop_reduce_window_fusion_3.kd",2,8,1596,1282169,1282169,208,208,0,0,8,0,16,64,"0x0","0x7f7817b1a000",4181378993310509,4181378993852690,4181378993857417,4181378993861258,4727
1420,"loop_slice_fusion_5.kd",2,8,1597,1282169,1282169,13,13,0,0,4,4,16,64,"0x0","0x7f7817b1a140",4181378993316748,4181378993857417,4181378993862145,4181378993869510,4728
1421,"input_reduce_fusion_2.kd",2,8,1598,1282169,1282169,64,64,0,0,8,0,16,64,"0x0","0x7f7817b1a180",4181378993324680,4181378993862145,4181378993866831,4181378993878984,4686
1422,"loop_select_fusion_4.kd",2,8,1599,1282169,1282169,52224,256,0,0,8,0,32,64,"0x0","0x7f7817b1a1c0",4181378993332141,4181378993866831,4181378993871919,4181378993874267,5088
1423,"loop_select_fusion.kd",2,8,1600,1282169,1282169,52224,256,0,0,8,0,16,64,"0x0","0x7f7817b1a200",4181378993339692,4181378993871919,4181378993876886,4181378993886015,4967
1424,"loop_compare_fusion_1.kd",2,8,1601,1282169,1282169,4096,256,0,0,4,4,16,64,"0x0","0x7f7817b1a240",4181378993364729,4181378993876886,4181378993881774,4181378993890642,4888
1425,"input_reduce_reduce_window_fusion_1.kd",2,8,1602,1282169,1282169,256,256,512,0,20,4,32,64,"0x0","0x7f7817b1a280",4181378993373633,4181378993881774,4181378993897197,4181378993897492,15423
1426,"loop_slice_fusion_3.kd",2,8,1603,1282169,1282169,16,16,0,0,20,4,16,64,"0x0","0x7f7817b1a2c0",4181378993380373,4181378993897197,4181378993901924,4181378993904172,4727
1427,"loop_broadcast_fusion_3.kd",2,8,1604,1282169,1282169,4096,256,0,0,4,4,16,64,"0x0","0x7f7817b1a300",4181378993388515,4181378993901924,4181378993907131,4181378993908829,5207
1428,"input_scatter_fusion_3.kd",2,8,1605,1282169,1282169,4096,256,0,0,8,0,32,64,"0x0","0x7f7817b1a340",4181378993396196,4181378993907131,4181378993913180,4181378993913606,6049
1429,"loop_reduce_window_fusion_18.kd",2,8,1606,1282169,1282169,4096,256,0,0,8,0,16,64,"0x0","0x7f7817b1a380",4181378993404058,4181378993913180,4181378993917948,4181378993920426,4768
1430,"loop_slice_fusion_3.kd",2,8,1607,1282169,1282169,16,16,0,0,20,4,16,64,"0x0","0x7f7817b1a2c0",4181378993410708,4181378993917948,4181378993922675,4181378993925113,4727
1431,"loop_remainder_fusion.kd",2,8,1608,1282169,1282169,4096,256,0,0,12,4,16,64,"0x0","0x7f7817b1a3c0",4181378993419431,4181378993922675,4181378993928363,4181378993931082,5688
1432,"loop_select_fusion_3.kd",2,8,1609,1282169,1282169,4096,256,0,0,8,0,32,64,"0x0","0x7f7817b1a400",4181378993426762,4181378993928363,4181378993933170,4181378993938032,4807
1433,"loop_reduce_window_fusion_18.kd",2,8,1610,1282169,1282169,4096,256,0,0,8,0,16,64,"0x0","0x7f7817b1a380",4181378993433502,4181378993933170,4181378993938057,4181378993942569,4887
1434,"loop_slice_fusion_3.kd",2,8,1611,1282169,1282169,16,16,0,0,20,4,16,64,"0x0","0x7f7817b1a2c0",4181378993440752,4181378993938057,4181378993942825,4181378993947366,4768
1435,"input_concatenate_fusion_1.kd",2,8,1612,1282169,1282169,4096,256,0,0,8,0,32,64,"0x0","0x7f7817b1a440",4181378993449225,4181378993942825,4181378993948713,4181378993953775,5888
1436,"loop_compare_fusion.kd",2,8,1613,1282169,1282169,8192,256,0,0,4,4,16,64,"0x0","0x7f7817b1a480",4181378993456856,4181378993948713,4181378993953681,4181378993958442,4968
1437,"input_reduce_reduce_window_fusion.kd",2,8,1614,1282169,1282169,512,512,512,0,20,4,48,64,"0x0","0x7f7817b1a4c0",4181378993464538,4181378993953681,4181378993970946,4181378993975638,17265
1438,"loop_reduce_window_fusion_8.kd",2,8,1615,1282169,1282169,32,32,0,0,32,0,16,64,"0x0","0x7f7817b1a500",4181378993470567,4181378993970946,4181378993980160,4181378993982398,9214
1439,"loop_broadcast_fusion_1.kd",2,8,1616,1282169,1282169,8192,256,0,0,4,4,16,64,"0x0","0x7f7817b1a540",4181378993478148,4181378993980160,4181378993985328,4181378993986714,5168
1440,"input_scatter_fusion_1.kd",2,8,1617,1282169,1282169,8192,256,0,0,8,0,32,64,"0x0","0x7f7817b1a580",4181378993486420,4181378993985328,4181378993990616,4181378993990821,5288
1441,"loop_reduce_window_fusion_7.kd",2,8,1618,1282169,1282169,8192,256,0,0,8,0,16,64,"0x0","0x7f7817b1a5c0",4181378993493230,4181378993990616,4181378993995703,4181378993996910,5087
1442,"loop_reduce_window_fusion_6.kd",2,8,1619,1282169,1282169,512,256,0,0,8,0,16,64,"0x0","0x7f7817b1a600",4181378993500141,4181378993995703,4181378994000831,4181378994001587,5128
1443,"loop_reduce_window_fusion_5.kd",2,8,1620,1282169,1282169,32,32,0,0,8,0,16,64,"0x0","0x7f7817b1a640",4181378993507922,4181378994000831,4181378994005598,4181378994009328,4767
1444,"loop_select_fusion_6.kd",2,8,1621,1282169,1282169,8192,256,0,0,8,0,32,64,"0x0","0x7f7817b1a680",4181378993515724,4181378994005598,4181378994010766,4181378994014065,5168
1445,"loop_select_fusion_1.kd",2,8,1622,1282169,1282169,8192,256,0,0,8,0,16,64,"0x0","0x7f7817b1a6c0",4181378993524337,4181378994010766,4181378994015693,4181378994020805,4927
1446,"loop_broadcast_fusion_4.kd",2,8,1623,1282169,1282169,16,16,0,0,4,4,16,64,"0x0","0x7f7817b1a700",4181378993531097,4181378994015693,4181378994020740,4181378994025602,5047
1447,"__amd_rocclr_fillBufferAligned.kd",2,8,1624,1282169,1282169,77824,256,0,0,12,4,48,64,"0x0","0x7f781d393580",4181378993543335,4181378994020740,4181378994033760,4181378994046603,13020
1448,"__amd_rocclr_fillBufferAligned.kd",2,8,1625,1282169,1282169,16128,256,0,0,12,4,48,64,"0x0","0x7f781d393580",4181378993550385,4181378994033760,4181378994038967,4181378994041526,5207
1449,"transformer_engine::fused_attn_rocm::populate_rng_state_kernel(long*, long const*, long) [clone .kd]",2,8,1626,1282169,1282169,1,1,0,0,8,0,16,64,"0x0","0x7f781c015380",4181378993559970,4181378994038967,4181378994043855,4181378994050720,4888
1450,"__amd_rocclr_fillBufferAligned.kd",2,8,1627,1282169,1282169,256,256,0,0,12,4,48,64,"0x0","0x7f781d393580",4181378993570555,4181378994043855,4181378994048542,4181378994057189,4687
1451,"ck_fused_attn::get_runtime_max_seqlen_kernel(unsigned long, int const*, int const*, unsigned long*) [clone .kd]",2,8,1628,1282169,1282169,4096,128,0,0,4,4,32,64,"0x0","0x7f781c004940",4181378993578437,4181378994048542,4181378994054310,4181378994066403,5768
1452,"__amd_rocclr_copyBuffer.kd",2,8,1629,1282169,1282169,512,512,0,0,16,0,32,64,"0x7fb89bde8280","0x7f781d393600",4181378993586519,4181378994054310,4181378994059718,4181378994061776,5408
1453,"__amd_rocclr_fillBufferAligned.kd",2,8,1631,1282169,1282169,256,256,0,0,12,4,48,64,"0x0","0x7f781d393580",4181378994102967,4181378994120088,4181378994122171,4181378994146372,2083
1454,"ck_fused_attn::get_runtime_max_seqlen_kernel(unsigned long, int const*, int const*, unsigned long*) [clone .kd]",2,8,1632,1282169,1282169,4096,128,0,0,4,4,32,64,"0x0","0x7f781c004940",4181378994121194,4181378994129302,4181378994137314,4181378994159241,8012
1455,"__amd_rocclr_copyBuffer.kd",2,8,1633,1282169,1282169,512,512,0,0,16,0,32,64,"0x7fb89bde8180","0x7f781d393600",4181378994128706,4181378994137314,4181378994143363,4181378994151399,6049
1456,"void transformer_engine::fused_attn_rocm::compute_scores_kernel<__half, transformer_engine::fused_attn_rocm::SmallSeqConfig<12, 128, 256, false, (transformer_engine::fused_attn_rocm::CausalMaskType)0>, 1>(__half const*, __half const*, __half*, float, int const*, int const*, int, int) [clone .kd]",2,8,1635,1282169,1282169,64000,64,0,0,120,0,32,64,"0x0","0x7f780414ef00",4181378994168144,4181378994186146,4181378994215430,4181378994217708,29284
1457,"void transformer_engine::fused_attn_rocm::apply_mask_and_softmax_kernel<__half, transformer_engine::fused_attn_rocm::SmallSeqConfig<12, 128, 256, false, (transformer_engine::fused_attn_rocm::CausalMaskType)0> >(__half*, __half const*, float, int const*, int, int) [clone .kd]",2,8,1636,1282169,1282169,780288,256,1024,0,16,0,16,64,"0x0","0x7f780414ef40",4181378994184378,4181378994215430,4181378994220878,4181378994225840,5448
1458,"void transformer_engine::fused_attn_rocm::compute_output_kernel<__half, transformer_engine::fused_attn_rocm::SmallSeqConfig<12, 128, 256, false, (transformer_engine::fused_attn_rocm::CausalMaskType)0>, 2, 8>(__half const*, __half const*, __half*, int const*, int const*, int, int) [clone .kd]",2,8,1637,1282169,1282169,512000,64,24576,0,24,0,32,64,"0x0","0x7f780414ef80",4181378994192120,4181378994220878,4181378994319104,4181378994324066,98226
1459,"loop_broadcast_fusion_5.kd",2,8,1638,1282169,1282169,2048000,256,0,0,4,4,16,64,"0x0","0x7f7817b1a740",4181378994201243,4181378994319104,4181378994327356,4181378994333380,8252
1460,"__amd_rocclr_fillBufferAligned.kd",2,8,1639,1282169,1282169,77824,256,0,0,12,4,48,64,"0x0","0x7f781d393580",4181378994217367,4181378994327356,4181378994334086,4181378994338017,6730
1461,"__amd_rocclr_fillBufferAligned.kd",2,8,1640,1282169,1282169,77824,256,0,0,12,4,48,64,"0x0","0x7f781d393580",4181378994239060,4181378994334086,4181378994366214,4181378994369994,32128
1462,"__amd_rocclr_fillBufferAligned.kd",2,8,1641,1282169,1282169,77824,256,0,0,12,4,48,64,"0x0","0x7f781d393580",4181378994246391,4181378994366214,4181378994399544,4181378994401331,33330
1463,"__amd_rocclr_fillBufferAligned.kd",2,8,1642,1282169,1282169,256,256,0,0,12,4,48,64,"0x0","0x7f781d393580",4181378994256055,4181378994399544,4181378994404271,4181378994408422,4727
1464,"ck_fused_attn::get_runtime_max_seqlen_kernel(unsigned long, int const*, int const*, unsigned long*) [clone .kd]",2,8,1643,1282169,1282169,4096,128,0,0,4,4,32,64,"0x0","0x7f781c004940",4181378994262445,4181378994404271,4181378994410480,4181378994415072,6209
1465,"__amd_rocclr_copyBuffer.kd",2,8,1644,1282169,1282169,512,512,0,0,16,0,32,64,"0x7fb89bde9d80","0x7f781d393600",4181378994270396,4181378994410480,4181378994416249,4181378994421020,5769
1466,"__amd_rocclr_fillBufferAligned.kd",2,8,1646,1282169,1282169,256,256,0,0,12,4,48,64,"0x0","0x7f781d393580",4181378994440880,4181378994452262,4181378994454385,4181378994455822,2123
1467,"ck_fused_attn::get_runtime_max_seqlen_kernel(unsigned long, int const*, int const*, unsigned long*) [clone .kd]",2,8,1647,1282169,1282169,4096,128,0,0,4,4,32,64,"0x0","0x7f781c004940",4181378994451766,4181378994460354,4181378994466483,4181378994468191,6129
1468,"__amd_rocclr_copyBuffer.kd",2,8,1648,1282169,1282169,512,512,0,0,16,0,32,64,"0x7fb89bde9f80","0x7f781d393600",4181378994459127,4181378994484150,4181378994490679,4181378994495431,6529
1469,"void transformer_engine::fused_attn_rocm::compute_grad_v_kernel<__half, transformer_engine::fused_attn_rocm::SmallSeqConfig<12, 128, 256, false, (transformer_engine::fused_attn_rocm::CausalMaskType)0>, 16, 16>(__half const*, __half const*, __half*, int const*, int const*, int, int) [clone .kd]",2,8,1650,1282169,1282169,256000,64,24576,0,28,4,32,64,"0x0","0x7f7804150800",4181378994511405,4181378994525812,4181378994610938,4181378994616621,85126
1470,"void transformer_engine::fused_attn_rocm::compute_grad_attn_kernel<__half, transformer_engine::fused_attn_rocm::SmallSeqConfig<12, 128, 256, false, (transformer_engine::fused_attn_rocm::CausalMaskType)0>, 16>(__half const*, __half const*, __half*, int const*, int const*, int, int) [clone .kd]",2,8,1651,1282169,1282169,8000,64,0,0,124,4,48,64,"0x0","0x7f7804150840",4181378994524925,4181378994610938,4181378994913027,4181378994917519,302089
1471,"void transformer_engine::fused_attn_rocm::softmax_backward_kernel<__half, transformer_engine::fused_attn_rocm::SmallSeqConfig<12, 128, 256, false, (transformer_engine::fused_attn_rocm::CausalMaskType)0> >(__half const*, __half const*, __half*, float, int const*, int, int) [clone .kd]",2,8,1652,1282169,1282169,780288,256,1024,0,16,0,16,64,"0x0","0x7f7804150880",4181378994532496,4181378994913027,4181378994919036,4181378994925521,6009
1472,"void transformer_engine::fused_attn_rocm::compute_grad_qk_kernel<__half, transformer_engine::fused_attn_rocm::SmallSeqConfig<12, 128, 256, false, (transformer_engine::fused_attn_rocm::CausalMaskType)0>, 4, 16>(__half const*, __half const*, __half const*, __half*, __half*, float, int const*, int const*, int, int) [clone .kd]",2,8,1653,1282169,1282169,1024000,64,24576,0,36,4,64,64,"0x0","0x7f78041508c0",4181378994540278,4181378994919036,4181378995268756,4181378995281730,349720
1473,"input_reduce_fusion.kd",2,8,1654,1282169,1282169,524288,256,512,0,16,0,16,64,"0x0","0x7f7817b1a780",4181378994549542,4181378995268756,4181378995278251,4181378995288991,9495
1474,"input_reduce_fusion_3.kd",2,8,1655,1282169,1282169,128,128,512,0,24,0,16,64,"0x0","0x7f7817b1a7c0",4181378994556862,4181378995278251,4181378995284139,4181378995295801,5888
1475,"loop_convert_fusion.kd",2,8,1656,1282169,1282169,1,1,0,0,4,4,16,64,"0x0","0x7f7817b1a800",4181378994563813,4181378995284139,4181378995288546,4181378995300408,4407
1476,"input_compare_reduce_fusion_1.kd",2,8,1659,1282169,1282169,8192,256,0,0,12,4,16,64,"0x0","0x7f7817b19c00",4181378994693826,4181378995300444,4181378995306533,4181378995310263,6089
1477,"loop_slice_fusion_1.kd",2,8,1660,1282169,1282169,3072,256,0,0,16,0,16,64,"0x0","0x7f7817b19c40",4181378994703741,4181378995306533,4181378995313102,4181378995314980,6569
1478,"loop_reduce_window_fusion_16.kd",2,8,1661,1282169,1282169,3072,256,0,0,8,0,16,64,"0x0","0x7f7817b19c80",4181378994711002,4181378995313102,4181378995319432,4181378995319376,6330
1479,"loop_reduce_window_fusion_15.kd",2,8,1662,1282169,1282169,192,192,0,0,8,0,16,64,"0x0","0x7f7817b19cc0",4181378994718733,4181378995319432,4181378995326122,4181378995332416,6690
1480,"loop_broadcast_fusion_2.kd",2,8,1663,1282169,1282169,48128,256,0,0,4,4,16,64,"0x0","0x7f7817b19d00",4181378994725964,4181378995326122,4181378995332371,4181378995336802,6249
1481,"input_scatter_fusion_2.kd",2,8,1664,1282169,1282169,48128,256,0,0,12,4,32,64,"0x0","0x7f7817b19d40",4181378994734457,4181378995332371,4181378995341505,4181378995342080,9134
1482,"loop_reduce_window_fusion_14.kd",2,8,1665,1282169,1282169,48128,256,0,0,8,0,16,64,"0x0","0x7f7817b19d80",4181378994742388,4181378995341505,4181378995346352,4181378995347418,4847
1483,"loop_reduce_window_fusion_13.kd",2,8,1666,1282169,1282169,3072,256,0,0,8,0,16,64,"0x0","0x7f7817b19dc0",4181378994750390,4181378995346352,4181378995351399,4181378995351685,5047
1484,"loop_reduce_window_fusion_15.kd",2,8,1667,1282169,1282169,192,192,0,0,8,0,16,64,"0x0","0x7f7817b19cc0",4181378994757861,4181378995351399,4181378995356046,4181378995355941,4647
1485,"loop_slice_fusion_6.kd",2,8,1668,1282169,1282169,12,12,0,0,4,4,16,64,"0x0","0x7f7817b19e00",4181378994764491,4181378995356046,4181378995360733,4181378995360688,4687
1486,"input_reduce_fusion_1.kd",2,8,1669,1282169,1282169,64,64,0,0,8,0,16,64,"0x0","0x7f7817b19e40",4181378994771401,4181378995360733,4181378995365380,4181378995368850,4647
1487,"loop_select_fusion_5.kd",2,8,1670,1282169,1282169,48128,256,0,0,12,4,32,64,"0x0","0x7f7817b19e80",4181378994778903,4181378995365380,4181378995370388,4181378995373617,5008
1488,"loop_select_fusion_2.kd",2,8,1671,1282169,1282169,48128,256,0,0,4,4,16,64,"0x0","0x7f7817b19ec0",4181378994786003,4181378995370388,4181378995375275,4181378995378474,4887
1489,"loop_reduce_window_fusion_14.kd",2,8,1672,1282169,1282169,48128,256,0,0,8,0,16,64,"0x0","0x7f7817b19d80",4181378994792733,4181378995375275,4181378995380082,4181378995382961,4807
1490,"loop_reduce_window_fusion_13.kd",2,8,1673,1282169,1282169,3072,256,0,0,8,0,16,64,"0x0","0x7f7817b19dc0",4181378994799233,4181378995380082,4181378995385210,4181378995387538,5128
1491,"loop_reduce_window_fusion_15.kd",2,8,1674,1282169,1282169,192,192,0,0,8,0,16,64,"0x0","0x7f7817b19cc0",4181378994806504,4181378995385210,4181378995389897,4181378995391844,4687
1492,"input_concatenate_fusion.kd",2,8,1675,1282169,1282169,48128,256,0,0,12,4,32,64,"0x0","0x7f7817b19f00",4181378994813554,4181378995389897,4181378995394784,4181378995396101,4887
1493,"input_compare_reduce_fusion.kd",2,8,1676,1282169,1282169,13312,256,0,0,12,4,16,64,"0x0","0x7f7817b19f40",4181378994820525,4181378995394784,4181378995399631,4181378995400387,4847
1494,"loop_slice_fusion.kd",2,8,1677,1282169,1282169,3328,256,0,0,16,0,16,64,"0x0","0x7f7817b19f80",4181378994828116,4181378995399631,4181378995404478,4181378995404994,4847
1495,"loop_reduce_window_fusion_4.kd",2,8,1678,1282169,1282169,3328,256,0,0,8,0,16,64,"0x0","0x7f7817b19fc0",4181378994835947,4181378995404478,4181378995409406,4181378995409370,4928
1496,"loop_reduce_window_fusion_3.kd",2,8,1679,1282169,1282169,208,208,0,0,8,0,16,64,"0x0","0x7f7817b1a000",4181378994843679,4181378995409406,4181378995414253,4181378995418304,4847
1497,"loop_broadcast_fusion.kd",2,8,1680,1282169,1282169,52224,256,0,0,4,4,16,64,"0x0","0x7f7817b1a040",4181378994850960,4181378995414253,4181378995419420,4181378995423001,5167
1498,"input_scatter_fusion.kd",2,8,1681,1282169,1282169,52224,256,0,0,12,4,32,64,"0x0","0x7f7817b1a080",4181378994858811,4181378995419420,4181378995428274,4181378995430251,8854
1499,"loop_reduce_window_fusion_2.kd",2,8,1682,1282169,1282169,52224,256,0,0,8,0,16,64,"0x0","0x7f7817b1a0c0",4181378994866533,4181378995428274,4181378995433241,4181378995437652,4967
1500,"loop_reduce_window_fusion_1.kd",2,8,1683,1282169,1282169,3328,256,0,0,8,0,16,64,"0x0","0x7f7817b1a100",4181378994873974,4181378995433241,4181378995438369,4181378995442059,5128
1501,"loop_reduce_window_fusion_3.kd",2,8,1684,1282169,1282169,208,208,0,0,8,0,16,64,"0x0","0x7f7817b1a000",4181378994880664,4181378995438369,4181378995443136,4181378995446946,4767
1502,"loop_slice_fusion_5.kd",2,8,1685,1282169,1282169,13,13,0,0,4,4,16,64,"0x0","0x7f7817b1a140",4181378994888466,4181378995443136,4181378995447823,4181378995471823,4687
1503,"input_reduce_fusion_2.kd",2,8,1686,1282169,1282169,64,64,0,0,8,0,16,64,"0x0","0x7f7817b1a180",4181378994895696,4181378995447823,4181378995452590,4181378995453816,4767
1504,"loop_select_fusion_4.kd",2,8,1687,1282169,1282169,52224,256,0,0,8,0,32,64,"0x0","0x7f7817b1a1c0",4181378994902927,4181378995452590,4181378995457757,4181378995458734,5167
1505,"loop_select_fusion.kd",2,8,1688,1282169,1282169,52224,256,0,0,8,0,16,64,"0x0","0x7f7817b1a200",4181378994910689,4181378995457757,4181378995462765,4181378995463010,5008
1506,"loop_compare_fusion_1.kd",2,8,1689,1282169,1282169,4096,256,0,0,4,4,16,64,"0x0","0x7f7817b1a240",4181378994917659,4181378995462765,4181378995467612,4181378995467617,4847
1507,"input_reduce_reduce_window_fusion_1.kd",2,8,1690,1282169,1282169,256,256,512,0,20,4,32,64,"0x0","0x7f7817b1a280",4181378994941134,4181378995467612,4181378995482634,4181378995496480,15022
1508,"loop_slice_fusion_3.kd",2,8,1691,1282169,1282169,16,16,0,0,20,4,16,64,"0x0","0x7f7817b1a2c0",4181378994949176,4181378995482634,4181378995487361,4181378995491172,4727
1509,"loop_broadcast_fusion_3.kd",2,8,1692,1282169,1282169,4096,256,0,0,4,4,16,64,"0x0","0x7f7817b1a300",4181378994956186,4181378995487361,4181378995492409,4181378995501087,5048
1510,"input_scatter_fusion_3.kd",2,8,1693,1282169,1282169,4096,256,0,0,8,0,32,64,"0x0","0x7f7817b1a340",4181378994963397,4181378995492409,4181378995498538,4181378995508548,6129
1511,"loop_reduce_window_fusion_18.kd",2,8,1694,1282169,1282169,4096,256,0,0,8,0,16,64,"0x0","0x7f7817b1a380",4181378994970778,4181378995498538,4181378995503305,4181378995533695,4767
1512,"loop_slice_fusion_3.kd",2,8,1695,1282169,1282169,16,16,0,0,20,4,16,64,"0x0","0x7f7817b1a2c0",4181378994978379,4181378995503305,4181378995508072,4181378995537841,4767
1513,"loop_remainder_fusion.kd",2,8,1696,1282169,1282169,4096,256,0,0,12,4,16,64,"0x0","0x7f7817b1a3c0",4181378994986351,4181378995508072,4181378995513801,4181378995514637,5729
1514,"loop_select_fusion_3.kd",2,8,1697,1282169,1282169,4096,256,0,0,8,0,32,64,"0x0","0x7f7817b1a400",4181378994993662,4181378995513801,4181378995518648,4181378995520045,4847
1515,"loop_reduce_window_fusion_18.kd",2,8,1698,1282169,1282169,4096,256,0,0,8,0,16,64,"0x0","0x7f7817b1a380",4181378995001183,4181378995518648,4181378995523535,4181378995524992,4887
1516,"loop_slice_fusion_3.kd",2,8,1699,1282169,1282169,16,16,0,0,20,4,16,64,"0x0","0x7f7817b1a2c0",4181378995007883,4181378995523535,4181378995528262,4181378995529229,4727
1517,"input_concatenate_fusion_1.kd",2,8,1700,1282169,1282169,4096,256,0,0,8,0,32,64,"0x0","0x7f7817b1a440",4181378995016967,4181378995528262,4181378995534231,4181378995544822,5969
1518,"loop_compare_fusion.kd",2,8,1701,1282169,1282169,8192,256,0,0,4,4,16,64,"0x0","0x7f7817b1a480",4181378995024788,4181378995534231,4181378995539239,4181378995549439,5008
1519,"input_reduce_reduce_window_fusion.kd",2,8,1702,1282169,1282169,512,512,512,0,20,4,48,64,"0x0","0x7f7817b1a4c0",4181378995032059,4181378995539239,4181378995556384,4181378995575497,17145
1520,"loop_reduce_window_fusion_8.kd",2,8,1703,1282169,1282169,32,32,0,0,32,0,16,64,"0x0","0x7f7817b1a500",4181378995039881,4181378995556384,4181378995565638,4181378995566754,9254
1521,"loop_broadcast_fusion_1.kd",2,8,1704,1282169,1282169,8192,256,0,0,4,4,16,64,"0x0","0x7f7817b1a540",4181378995047833,4181378995565638,4181378995570766,4181378995571301,5128
1522,"input_scatter_fusion_1.kd",2,8,1705,1282169,1282169,8192,256,0,0,8,0,32,64,"0x0","0x7f7817b1a580",4181378995054252,4181378995570766,4181378995576134,4181378995582227,5368
1523,"loop_reduce_window_fusion_7.kd",2,8,1706,1282169,1282169,8192,256,0,0,8,0,16,64,"0x0","0x7f7817b1a5c0",4181378995063236,4181378995576134,4181378995581261,4181378995586554,5127
1524,"loop_reduce_window_fusion_6.kd",2,8,1707,1282169,1282169,512,256,0,0,8,0,16,64,"0x0","0x7f7817b1a600",4181378995071197,4181378995581261,4181378995586349,4181378995592633,5088
1525,"loop_reduce_window_fusion_5.kd",2,8,1708,1282169,1282169,32,32,0,0,8,0,16,64,"0x0","0x7f7817b1a640",4181378995078598,4181378995586349,4181378995591196,4181378995603840,4847
1526,"loop_select_fusion_6.kd",2,8,1709,1282169,1282169,8192,256,0,0,8,0,32,64,"0x0","0x7f7817b1a680",4181378995086530,4181378995591196,4181378995596324,4181378995597290,5128
1527,"loop_select_fusion_1.kd",2,8,1710,1282169,1282169,8192,256,0,0,8,0,16,64,"0x0","0x7f7817b1a6c0",4181378995094812,4181378995596324,4181378995601291,4181378995608286,4967
1528,"loop_broadcast_fusion_4.kd",2,8,1711,1282169,1282169,16,16,0,0,4,4,16,64,"0x0","0x7f7817b1a700",4181378995101232,4181378995601291,4181378995606338,4181378995612242,5047
1529,"__amd_rocclr_fillBufferAligned.kd",2,8,1712,1282169,1282169,77824,256,0,0,12,4,48,64,"0x0","0x7f781d393580",4181378995113530,4181378995606338,4181378995620039,4181378995628276,13701
1530,"__amd_rocclr_fillBufferAligned.kd",2,8,1713,1282169,1282169,16128,256,0,0,12,4,48,64,"0x0","0x7f781d393580",4181378995119860,4181378995620039,4181378995624926,4181378995632883,4887
1531,"transformer_engine::fused_attn_rocm::populate_rng_state_kernel(long*, long const*, long) [clone .kd]",2,8,1714,1282169,1282169,1,1,0,0,8,0,16,64,"0x0","0x7f781c015380",4181378995129124,4181378995624926,4181378995629813,4181378995637490,4887
1532,"__amd_rocclr_fillBufferAligned.kd",2,8,1715,1282169,1282169,256,256,0,0,12,4,48,64,"0x0","0x7f781d393580",4181378995138958,4181378995629813,4181378995634580,4181378995643959,4767
1533,"ck_fused_attn::get_runtime_max_seqlen_kernel(unsigned long, int const*, int const*, unsigned long*) [clone .kd]",2,8,1716,1282169,1282169,4096,128,0,0,4,4,32,64,"0x0","0x7f781c004940",4181378995145598,4181378995634580,4181378995640389,4181378995654355,5809
1534,"__amd_rocclr_copyBuffer.kd",2,8,1717,1282169,1282169,512,512,0,0,16,0,32,64,"0x7fb89bc76f00","0x7f781d393600",4181378995154762,4181378995640389,4181378995645837,4181378995648686,5448
1535,"__amd_rocclr_fillBufferAligned.kd",2,8,1719,1282169,1282169,256,256,0,0,12,4,48,64,"0x0","0x7f781d393580",4181378995688946,4181378995699998,4181378995701921,4181378995728966,1923
1536,"ck_fused_attn::get_runtime_max_seqlen_kernel(unsigned long, int const*, int const*, unsigned long*) [clone .kd]",2,8,1720,1282169,1282169,4096,128,0,0,4,4,32,64,"0x0","0x7f781c004940",4181378995699201,4181378995707088,4181378995716422,4181378995740643,9334
1537,"__amd_rocclr_copyBuffer.kd",2,8,1721,1282169,1282169,512,512,0,0,16,0,32,64,"0x7fb89bc71b80","0x7f781d393600",4181378995706592,4181378995716422,4181378995721790,4181378995735956,5368
1538,"void transformer_engine::fused_attn_rocm::compute_scores_kernel<__half, transformer_engine::fused_attn_rocm::SmallSeqConfig<12, 128, 256, false, (transformer_engine::fused_attn_rocm::CausalMaskType)0>, 1>(__half const*, __half const*, __half*, float, int const*, int const*, int, int) [clone .kd]",2,8,1723,1282169,1282169,64000,64,0,0,120,0,32,64,"0x0","0x7f780414ef00",4181378995752581,4181378995762611,4181378995792095,4181378995792761,29484
1539,"void transformer_engine::fused_attn_rocm::apply_mask_and_softmax_kernel<__half, transformer_engine::fused_attn_rocm::SmallSeqConfig<12, 128, 256, false, (transformer_engine::fused_attn_rocm::CausalMaskType)0> >(__half*, __half const*, float, int const*, int, int) [clone .kd]",2,8,1724,1282169,1282169,780288,256,1024,0,16,0,16,64,"0x0","0x7f780414ef40",4181378995761955,4181378995792095,4181378995797543,4181378995800312,5448
1540,"void transformer_engine::fused_attn_rocm::compute_output_kernel<__half, transformer_engine::fused_attn_rocm::SmallSeqConfig<12, 128, 256, false, (transformer_engine::fused_attn_rocm::CausalMaskType)0>, 2, 8>(__half const*, __half const*, __half*, int const*, int const*, int, int) [clone .kd]",2,8,1725,1282169,1282169,512000,64,24576,0,24,0,32,64,"0x0","0x7f780414ef80",4181378995770007,4181378995797543,4181378995897892,4181378995913200,100349
1541,"loop_broadcast_fusion_5.kd",2,8,1726,1282169,1282169,2048000,256,0,0,4,4,16,64,"0x0","0x7f7817b1a740",4181378995787212,4181378995897892,4181378995906184,4181378995906900,8292
1542,"__amd_rocclr_fillBufferAligned.kd",2,8,1727,1282169,1282169,77824,256,0,0,12,4,48,64,"0x0","0x7f781d393580",4181378995804117,4181378995906184,4181378995912994,4181378995917977,6810
1543,"__amd_rocclr_fillBufferAligned.kd",2,8,1728,1282169,1282169,77824,256,0,0,12,4,48,64,"0x0","0x7f781d393580",4181378995812790,4181378995912994,4181378995945843,4181378995950796,32849
1544,"__amd_rocclr_fillBufferAligned.kd",2,8,1729,1282169,1282169,77824,256,0,0,12,4,48,64,"0x0","0x7f781d393580",4181378995819610,4181378995945843,4181378995978612,4181378995982663,32769
1545,"__amd_rocclr_fillBufferAligned.kd",2,8,1730,1282169,1282169,256,256,0,0,12,4,48,64,"0x0","0x7f781d393580",4181378995829215,4181378995978612,4181378995983259,4181378995995963,4647
1546,"ck_fused_attn::get_runtime_max_seqlen_kernel(unsigned long, int const*, int const*, unsigned long*) [clone .kd]",2,8,1731,1282169,1282169,4096,128,0,0,4,4,32,64,"0x0","0x7f781c004940",4181378995835013,4181378995983259,4181378995989508,4181378995991156,6249
1547,"__amd_rocclr_copyBuffer.kd",2,8,1732,1282169,1282169,512,512,0,0,16,0,32,64,"0x7fb89bde9b80","0x7f781d393600",4181378995843045,4181378995989508,4181378995995397,4181378996002162,5889
1548,"__amd_rocclr_fillBufferAligned.kd",2,8,1734,1282169,1282169,256,256,0,0,12,4,48,64,"0x0","0x7f781d393580",4181378996020710,4181378996031210,4181378996033614,4181378996039568,2404
1549,"ck_fused_attn::get_runtime_max_seqlen_kernel(unsigned long, int const*, int const*, unsigned long*) [clone .kd]",2,8,1735,1282169,1282169,4096,128,0,0,4,4,32,64,"0x0","0x7f781c004940",4181378996032347,4181378996040144,4181378996046193,4181378996046848,6049
1550,"__amd_rocclr_copyBuffer.kd",2,8,1736,1282169,1282169,512,512,0,0,16,0,32,64,"0x7fb89bc76c80","0x7f781d393600",4181378996039437,4181378996061455,4181378996067905,4181378996073288,6450
1551,"void transformer_engine::fused_attn_rocm::compute_grad_v_kernel<__half, transformer_engine::fused_attn_rocm::SmallSeqConfig<12, 128, 256, false, (transformer_engine::fused_attn_rocm::CausalMaskType)0>, 16, 16>(__half const*, __half const*, __half*, int const*, int const*, int, int) [clone .kd]",2,8,1738,1282169,1282169,256000,64,24576,0,28,4,32,64,"0x0","0x7f7804150800",4181378996089512,4181378996103678,4181378996188644,4181378996192826,84966
1552,"void transformer_engine::fused_attn_rocm::compute_grad_attn_kernel<__half, transformer_engine::fused_attn_rocm::SmallSeqConfig<12, 128, 256, false, (transformer_engine::fused_attn_rocm::CausalMaskType)0>, 16>(__half const*, __half const*, __half*, int const*, int const*, int, int) [clone .kd]",2,8,1739,1282169,1282169,8000,64,0,0,124,4,48,64,"0x0","0x7f7804150840",4181378996101930,4181378996188644,4181378996490333,4181378996490348,301689
1553,"void transformer_engine::fused_attn_rocm::softmax_backward_kernel<__half, transformer_engine::fused_attn_rocm::SmallSeqConfig<12, 128, 256, false, (transformer_engine::fused_attn_rocm::CausalMaskType)0> >(__half const*, __half const*, __half*, float, int const*, int, int) [clone .kd]",2,8,1740,1282169,1282169,780288,256,1024,0,16,0,16,64,"0x0","0x7f7804150880",4181378996109311,4181378996490333,4181378996496302,4181378996499221,5969
1554,"void transformer_engine::fused_attn_rocm::compute_grad_qk_kernel<__half, transformer_engine::fused_attn_rocm::SmallSeqConfig<12, 128, 256, false, (transformer_engine::fused_attn_rocm::CausalMaskType)0>, 4, 16>(__half const*, __half const*, __half const*, __half*, __half*, float, int const*, int const*, int, int) [clone .kd]",2,8,1741,1282169,1282169,1024000,64,24576,0,36,4,64,64,"0x0","0x7f78041508c0",4181378996117594,4181378996496302,4181378996834124,4181378996844605,337822
1555,"input_reduce_fusion.kd",2,8,1742,1282169,1282169,524288,256,512,0,16,0,16,64,"0x0","0x7f7817b1a780",4181378996126757,4181378996834124,4181378996843258,4181378996853027,9134
1556,"input_reduce_fusion_3.kd",2,8,1743,1282169,1282169,128,128,512,0,24,0,16,64,"0x0","0x7f7817b1a7c0",4181378996133848,4181378996843258,4181378996848986,4181378996858015,5728
1557,"loop_convert_fusion.kd",2,8,1744,1282169,1282169,1,1,0,0,4,4,16,64,"0x0","0x7f7817b1a800",4181378996140998,4181378996848986,4181378996853073,4181378996862562,4087
1558,"input_compare_reduce_fusion_1.kd",2,8,1747,1282169,1282169,8192,256,0,0,12,4,16,64,"0x0","0x7f7817b19c00",4181378996276230,4181378996865571,4181378996872061,4181378996893578,6490
1559,"loop_slice_fusion_1.kd",2,8,1748,1282169,1282169,3072,256,0,0,16,0,16,64,"0x0","0x7f7817b19c40",4181378996286355,4181378996872061,4181378996876908,4181378996898104,4847
1560,"loop_reduce_window_fusion_16.kd",2,8,1749,1282169,1282169,3072,256,0,0,8,0,16,64,"0x0","0x7f7817b19c80",4181378996294056,4181378996876908,4181378996884639,4181378996902681,7731
1561,"loop_reduce_window_fusion_15.kd",2,8,1750,1282169,1282169,192,192,0,0,8,0,16,64,"0x0","0x7f7817b19cc0",4181378996302198,4181378996884639,4181378996889887,4181378996907088,5248
1562,"loop_broadcast_fusion_2.kd",2,8,1751,1282169,1282169,48128,256,0,0,4,4,16,64,"0x0","0x7f7817b19d00",4181378996308678,4181378996889887,4181378996895656,4181378996911624,5769
1563,"input_scatter_fusion_2.kd",2,8,1752,1282169,1282169,48128,256,0,0,12,4,32,64,"0x0","0x7f7817b19d40",4181378996316249,4181378996895656,4181378996903788,4181378996916372,8132
1564,"loop_reduce_window_fusion_14.kd",2,8,1753,1282169,1282169,48128,256,0,0,8,0,16,64,"0x0","0x7f7817b19d80",4181378996323490,4181378996903788,4181378996908715,4181378996921028,4927
1565,"loop_reduce_window_fusion_13.kd",2,8,1754,1282169,1282169,3072,256,0,0,8,0,16,64,"0x0","0x7f7817b19dc0",4181378996330721,4181378996908715,4181378996913883,4181378996926106,5168
1566,"loop_reduce_window_fusion_15.kd",2,8,1755,1282169,1282169,192,192,0,0,8,0,16,64,"0x0","0x7f7817b19cc0",4181378996337551,4181378996913883,4181378996918570,4181378996942671,4687
1567,"loop_slice_fusion_6.kd",2,8,1756,1282169,1282169,12,12,0,0,4,4,16,64,"0x0","0x7f7817b19e00",4181378996344481,4181378996918570,4181378996923257,4181378996947708,4687
1568,"input_reduce_fusion_1.kd",2,8,1757,1282169,1282169,64,64,0,0,8,0,16,64,"0x0","0x7f7817b19e40",4181378996351231,4181378996923257,4181378996927904,4181378996952315,4647
1569,"loop_select_fusion_5.kd",2,8,1758,1282169,1282169,48128,256,0,0,12,4,32,64,"0x0","0x7f7817b19e80",4181378996358191,4181378996927904,4181378996932871,4181378996957092,4967
1570,"loop_select_fusion_2.kd",2,8,1759,1282169,1282169,48128,256,0,0,4,4,16,64,"0x0","0x7f7817b19ec0",4181378996365112,4181378996932871,4181378996937758,4181378996962090,4887
1571,"loop_reduce_window_fusion_14.kd",2,8,1760,1282169,1282169,48128,256,0,0,8,0,16,64,"0x0","0x7f7817b19d80",4181378996371641,4181378996937758,4181378996942646,4181378996966957,4888
1572,"loop_reduce_window_fusion_13.kd",2,8,1761,1282169,1282169,3072,256,0,0,8,0,16,64,"0x0","0x7f7817b19dc0",4181378996378462,4181378996942646,4181378996947813,4181378996971473,5167
1573,"loop_reduce_window_fusion_15.kd",2,8,1762,1282169,1282169,192,192,0,0,8,0,16,64,"0x0","0x7f7817b19cc0",4181378996385322,4181378996947813,4181378996952460,4181378996976170,4647
1574,"input_concatenate_fusion.kd",2,8,1763,1282169,1282169,48128,256,0,0,12,4,32,64,"0x0","0x7f7817b19f00",4181378996393624,4181378996952460,4181378996957348,4181378996980627,4888
1575,"input_compare_reduce_fusion.kd",2,8,1764,1282169,1282169,13312,256,0,0,12,4,16,64,"0x0","0x7f7817b19f40",4181378996401205,4181378996957348,4181378996962235,4181378996985074,4887
1576,"loop_slice_fusion.kd",2,8,1765,1282169,1282169,3328,256,0,0,16,0,16,64,"0x0","0x7f7817b19f80",4181378996408326,4181378996962235,4181378996967082,4181378996989721,4847
1577,"loop_reduce_window_fusion_4.kd",2,8,1766,1282169,1282169,3328,256,0,0,8,0,16,64,"0x0","0x7f7817b19fc0",4181378996416198,4181378996967082,4181378996972009,4181378996994358,4927
1578,"loop_reduce_window_fusion_3.kd",2,8,1767,1282169,1282169,208,208,0,0,8,0,16,64,"0x0","0x7f7817b1a000",4181378996424069,4181378996972009,4181378996976696,4181378996998934,4687
1579,"loop_broadcast_fusion.kd",2,8,1768,1282169,1282169,52224,256,0,0,4,4,16,64,"0x0","0x7f7817b1a040",4181378996432222,4181378996976696,4181378996981824,4181378997005304,5128
1580,"input_scatter_fusion.kd",2,8,1769,1282169,1282169,52224,256,0,0,12,4,32,64,"0x0","0x7f7817b1a080",4181378996440133,4181378996981824,4181378996990677,4181378997010121,8853
1581,"loop_reduce_window_fusion_2.kd",2,8,1770,1282169,1282169,52224,256,0,0,8,0,16,64,"0x0","0x7f7817b1a0c0",4181378996446763,4181378996990677,4181378996995645,4181378997014467,4968
1582,"loop_reduce_window_fusion_1.kd",2,8,1771,1282169,1282169,3328,256,0,0,8,0,16,64,"0x0","0x7f7817b1a100",4181378996453623,4181378996995645,4181378997000892,4181378997018914,5247
1583,"loop_reduce_window_fusion_3.kd",2,8,1772,1282169,1282169,208,208,0,0,8,0,16,64,"0x0","0x7f7817b1a000",4181378996460724,4181378997000892,4181378997005659,4181378997028138,4767
1584,"loop_slice_fusion_5.kd",2,8,1773,1282169,1282169,13,13,0,0,4,4,16,64,"0x0","0x7f7817b1a140",4181378996467003,4181378997005659,4181378997010386,4181378997023651,4727
1585,"input_reduce_fusion_2.kd",2,8,1774,1282169,1282169,64,64,0,0,8,0,16,64,"0x0","0x7f7817b1a180",4181378996475015,4181378997010386,4181378997015114,4181378997059735,4728
1586,"loop_select_fusion_4.kd",2,8,1775,1282169,1282169,52224,256,0,0,8,0,32,64,"0x0","0x7f7817b1a1c0",4181378996484329,4181378997015114,4181378997020161,4181378997055248,5047
1587,"loop_select_fusion.kd",2,8,1776,1282169,1282169,52224,256,0,0,8,0,16,64,"0x0","0x7f7817b1a200",4181378996491960,4181378997020161,4181378997025209,4181378997036670,5048
1588,"loop_compare_fusion_1.kd",2,8,1777,1282169,1282169,4096,256,0,0,4,4,16,64,"0x0","0x7f7817b1a240",4181378996514925,4181378997025209,4181378997030096,4181378997041858,4887
1589,"input_reduce_reduce_window_fusion_1.kd",2,8,1778,1282169,1282169,256,256,512,0,20,4,32,64,"0x0","0x7f7817b1a280",4181378996523587,4181378997030096,4181378997046040,4181378997046545,15944
1590,"loop_slice_fusion_3.kd",2,8,1779,1282169,1282169,16,16,0,0,20,4,16,64,"0x0","0x7f7817b1a2c0",4181378996531479,4181378997046040,4181378997050767,4181378997051062,4727
1591,"loop_broadcast_fusion_3.kd",2,8,1780,1282169,1282169,4096,256,0,0,4,4,16,64,"0x0","0x7f7817b1a300",4181378996540192,4181378997050767,4181378997055734,4181378997068398,4967
1592,"input_scatter_fusion_3.kd",2,8,1781,1282169,1282169,4096,256,0,0,8,0,32,64,"0x0","0x7f7817b1a340",4181378996547162,4181378997055734,4181378997061783,4181378997086134,6049
1593,"loop_reduce_window_fusion_18.kd",2,8,1782,1282169,1282169,4096,256,0,0,8,0,16,64,"0x0","0x7f7817b1a380",4181378996555044,4181378997061783,4181378997066590,4181378997090440,4807
1594,"loop_slice_fusion_3.kd",2,8,1783,1282169,1282169,16,16,0,0,20,4,16,64,"0x0","0x7f7817b1a2c0",4181378996561874,4181378997066590,4181378997071277,4181378997073055,4687
1595,"loop_remainder_fusion.kd",2,8,1784,1282169,1282169,4096,256,0,0,12,4,16,64,"0x0","0x7f7817b1a3c0",4181378996569626,4181378997071277,4181378997077046,4181378997077671,5769
1596,"loop_select_fusion_3.kd",2,8,1785,1282169,1282169,4096,256,0,0,8,0,32,64,"0x0","0x7f7817b1a400",4181378996576787,4181378997077046,4181378997081813,4181378997081958,4767
1597,"loop_reduce_window_fusion_18.kd",2,8,1786,1282169,1282169,4096,256,0,0,8,0,16,64,"0x0","0x7f7817b1a380",4181378996583336,4181378997081813,4181378997086700,4181378997097100,4887
1598,"loop_slice_fusion_3.kd",2,8,1787,1282169,1282169,16,16,0,0,20,4,16,64,"0x0","0x7f7817b1a2c0",4181378996590437,4181378997086700,4181378997091427,4181378997101677,4727
1599,"input_concatenate_fusion_1.kd",2,8,1788,1282169,1282169,4096,256,0,0,8,0,32,64,"0x0","0x7f7817b1a440",4181378996598258,4181378997091427,4181378997097316,4181378997106174,5889
1600,"loop_compare_fusion.kd",2,8,1789,1282169,1282169,8192,256,0,0,4,4,16,64,"0x0","0x7f7817b1a480",4181378996605349,4181378997097316,4181378997102243,4181378997112814,4927
1601,"input_reduce_reduce_window_fusion.kd",2,8,1790,1282169,1282169,512,512,512,0,20,4,48,64,"0x0","0x7f7817b1a4c0",4181378996614042,4181378997102243,4181378997118868,4181378997119574,16625
1602,"loop_reduce_window_fusion_8.kd",2,8,1791,1282169,1282169,32,32,0,0,32,0,16,64,"0x0","0x7f7817b1a500",4181378996621803,4181378997118868,4181378997129163,4181378997148607,10295
1603,"loop_broadcast_fusion_1.kd",2,8,1792,1282169,1282169,8192,256,0,0,4,4,16,64,"0x0","0x7f7817b1a540",4181378996629505,4181378997129163,4181378997134371,4181378997137701,5208
1604,"input_scatter_fusion_1.kd",2,8,1793,1282169,1282169,8192,256,0,0,8,0,32,64,"0x0","0x7f7817b1a580",4181378996636776,4181378997134371,4181378997139499,4181378997142548,5128
1605,"loop_reduce_window_fusion_7.kd",2,8,1794,1282169,1282169,8192,256,0,0,8,0,16,64,"0x0","0x7f7817b1a5c0",4181378996644387,4181378997139499,4181378997144626,4181378997154866,5127
1606,"loop_reduce_window_fusion_6.kd",2,8,1795,1282169,1282169,512,256,0,0,8,0,16,64,"0x0","0x7f7817b1a600",4181378996651728,4181378997144626,4181378997149914,4181378997159483,5288
1607,"loop_reduce_window_fusion_5.kd",2,8,1796,1282169,1282169,32,32,0,0,8,0,16,64,"0x0","0x7f7817b1a640",4181378996659480,4181378997149914,4181378997154721,4181378997163890,4807
1608,"loop_select_fusion_6.kd",2,8,1797,1282169,1282169,8192,256,0,0,8,0,32,64,"0x0","0x7f7817b1a680",4181378996668142,4181378997154721,4181378997159849,4181378997170119,5128
1609,"loop_select_fusion_1.kd",2,8,1798,1282169,1282169,8192,256,0,0,8,0,16,64,"0x0","0x7f7817b1a6c0",4181378996675353,4181378997159849,4181378997164936,4181378997174686,5087
1610,"loop_broadcast_fusion_4.kd",2,8,1799,1282169,1282169,16,16,0,0,4,4,16,64,"0x0","0x7f7817b1a700",4181378996683135,4181378997164936,4181378997169984,4181378997179182,5048
1611,"__amd_rocclr_fillBufferAligned.kd",2,8,1800,1282169,1282169,77824,256,0,0,12,4,48,64,"0x0","0x7f781d393580",4181378996695924,4181378997169984,4181378997182883,4181378997185432,12899
1612,"__amd_rocclr_fillBufferAligned.kd",2,8,1801,1282169,1282169,16128,256,0,0,12,4,48,64,"0x0","0x7f781d393580",4181378996702073,4181378997182883,4181378997187931,4181378997189678,5048
1613,"transformer_engine::fused_attn_rocm::populate_rng_state_kernel(long*, long const*, long) [clone .kd]",2,8,1802,1282169,1282169,1,1,0,0,8,0,16,64,"0x0","0x7f781c015380",4181378996712028,4181378997187931,4181378997192858,4181378997193784,4927
1614,"__amd_rocclr_fillBufferAligned.kd",2,8,1803,1282169,1282169,256,256,0,0,12,4,48,64,"0x0","0x7f781d393580",4181378996721832,4181378997192858,4181378997197545,4181378997199953,4687
1615,"ck_fused_attn::get_runtime_max_seqlen_kernel(unsigned long, int const*, int const*, unsigned long*) [clone .kd]",2,8,1804,1282169,1282169,4096,128,0,0,4,4,32,64,"0x0","0x7f781c004940",4181378996727761,4181378997197545,4181378997203353,4181378997204360,5808
1616,"__amd_rocclr_copyBuffer.kd",2,8,1805,1282169,1282169,512,512,0,0,16,0,32,64,"0x7fb89bc73500","0x7f781d393600",4181378996737365,4181378997203353,4181378997209723,4181378997212021,6370
1617,"__amd_rocclr_fillBufferAligned.kd",2,8,1807,1282169,1282169,256,256,0,0,12,4,48,64,"0x0","0x7f781d393580",4181378997261194,4181378997270974,4181378997273097,4181378997291309,2123
1618,"ck_fused_attn::get_runtime_max_seqlen_kernel(unsigned long, int const*, int const*, unsigned long*) [clone .kd]",2,8,1808,1282169,1282169,4096,128,0,0,4,4,32,64,"0x0","0x7f781c004940",4181378997269457,4181378997277023,4181378997286397,4181378997301775,9374
1619,"__amd_rocclr_copyBuffer.kd",2,8,1809,1282169,1282169,512,512,0,0,16,0,32,64,"0x7fb89bde9480","0x7f781d393600",4181378997276217,4181378997286397,4181378997291685,4181378997296857,5288
1620,"void transformer_engine::fused_attn_rocm::compute_scores_kernel<__half, transformer_engine::fused_attn_rocm::SmallSeqConfig<12, 128, 256, false, (transformer_engine::fused_attn_rocm::CausalMaskType)0>, 1>(__half const*, __half const*, __half*, float, int const*, int const*, int, int) [clone .kd]",2,8,1811,1282169,1282169,64000,64,0,0,120,0,32,64,"0x0","0x7f780414ef00",4181378997313722,4181378997324934,4181378997355259,4181378997360232,30325
1621,"void transformer_engine::fused_attn_rocm::apply_mask_and_softmax_kernel<__half, transformer_engine::fused_attn_rocm::SmallSeqConfig<12, 128, 256, false, (transformer_engine::fused_attn_rocm::CausalMaskType)0> >(__half*, __half const*, float, int const*, int, int) [clone .kd]",2,8,1812,1282169,1282169,780288,256,1024,0,16,0,16,64,"0x0","0x7f780414ef40",4181378997324148,4181378997355259,4181378997360828,4181378997367432,5569
1622,"void transformer_engine::fused_attn_rocm::compute_output_kernel<__half, transformer_engine::fused_attn_rocm::SmallSeqConfig<12, 128, 256, false, (transformer_engine::fused_attn_rocm::CausalMaskType)0>, 2, 8>(__half const*, __half const*, __half*, int const*, int const*, int, int) [clone .kd]",2,8,1813,1282169,1282169,512000,64,24576,0,24,0,32,64,"0x0","0x7f780414ef80",4181378997331729,4181378997360828,4181378997460055,4181378997465819,99227
1623,"loop_broadcast_fusion_5.kd",2,8,1814,1282169,1282169,2048000,256,0,0,4,4,16,64,"0x0","0x7f7817b1a740",4181378997350187,4181378997460055,4181378997468307,4181378997472809,8252
1624,"__amd_rocclr_fillBufferAligned.kd",2,8,1815,1282169,1282169,77824,256,0,0,12,4,48,64,"0x0","0x7f781d393580",4181378997366050,4181378997468307,4181378997475038,4181378997477346,6731
1625,"__amd_rocclr_fillBufferAligned.kd",2,8,1816,1282169,1282169,77824,256,0,0,12,4,48,64,"0x0","0x7f781d393580",4181378997380592,4181378997475038,4181378997507446,4181378997510145,32408
1626,"__amd_rocclr_fillBufferAligned.kd",2,8,1817,1282169,1282169,77824,256,0,0,12,4,48,64,"0x0","0x7f781d393580",4181378997387813,4181378997507446,4181378997540094,4181378997550244,32648
1627,"__amd_rocclr_fillBufferAligned.kd",2,8,1818,1282169,1282169,256,256,0,0,12,4,48,64,"0x0","0x7f781d393580",4181378997397828,4181378997540094,4181378997544741,4181378997545227,4647
1628,"ck_fused_attn::get_runtime_max_seqlen_kernel(unsigned long, int const*, int const*, unsigned long*) [clone .kd]",2,8,1819,1282169,1282169,4096,128,0,0,4,4,32,64,"0x0","0x7f781c004940",4181378997404067,4181378997544741,4181378997550950,4181378997562723,6209
1629,"__amd_rocclr_copyBuffer.kd",2,8,1820,1282169,1282169,512,512,0,0,16,0,32,64,"0x7fb89bc76680","0x7f781d393600",4181378997411738,4181378997550950,4181378997556759,4181378997557074,5809
1630,"__amd_rocclr_fillBufferAligned.kd",2,8,1822,1282169,1282169,256,256,0,0,12,4,48,64,"0x0","0x7f781d393580",4181378997577224,4181378997588486,4181378997590569,4181378997592597,2083
1631,"ck_fused_attn::get_runtime_max_seqlen_kernel(unsigned long, int const*, int const*, unsigned long*) [clone .kd]",2,8,1823,1282169,1282169,4096,128,0,0,4,4,32,64,"0x0","0x7f781c004940",4181378997587940,4181378997596378,4181378997602547,4181378997604735,6169
1632,"__amd_rocclr_copyBuffer.kd",2,8,1824,1282169,1282169,512,512,0,0,16,0,32,64,"0x7fb89bde9580","0x7f781d393600",4181378997595381,4181378997619893,4181378997626343,4181378997632416,6450
1633,"void transformer_engine::fused_attn_rocm::compute_grad_v_kernel<__half, transformer_engine::fused_attn_rocm::SmallSeqConfig<12, 128, 256, false, (transformer_engine::fused_attn_rocm::CausalMaskType)0>, 16, 16>(__half const*, __half const*, __half*, int const*, int const*, int, int) [clone .kd]",2,8,1826,1282169,1282169,256000,64,24576,0,28,4,32,64,"0x0","0x7f7804150800",4181378997648270,4181378997662636,4181378997749406,4181378997753446,86770
1634,"void transformer_engine::fused_attn_rocm::compute_grad_attn_kernel<__half, transformer_engine::fused_attn_rocm::SmallSeqConfig<12, 128, 256, false, (transformer_engine::fused_attn_rocm::CausalMaskType)0>, 16>(__half const*, __half const*, __half*, int const*, int const*, int, int) [clone .kd]",2,8,1827,1282169,1282169,8000,64,0,0,124,4,48,64,"0x0","0x7f7804150840",4181378997661219,4181378997749406,4181378998049892,4181378998055496,300486
1635,"void transformer_engine::fused_attn_rocm::softmax_backward_kernel<__half, transformer_engine::fused_attn_rocm::SmallSeqConfig<12, 128, 256, false, (transformer_engine::fused_attn_rocm::CausalMaskType)0> >(__half const*, __half const*, __half*, float, int const*, int, int) [clone .kd]",2,8,1828,1282169,1282169,780288,256,1024,0,16,0,16,64,"0x0","0x7f7804150880",4181378997669231,4181378998049892,4181378998055861,4181378998066292,5969
1636,"void transformer_engine::fused_attn_rocm::compute_grad_qk_kernel<__half, transformer_engine::fused_attn_rocm::SmallSeqConfig<12, 128, 256, false, (transformer_engine::fused_attn_rocm::CausalMaskType)0>, 4, 16>(__half const*, __half const*, __half const*, __half*, __half*, float, int const*, int const*, int, int) [clone .kd]",2,8,1829,1282169,1282169,1024000,64,24576,0,36,4,64,64,"0x0","0x7f78041508c0",4181378997677714,4181378998055861,4181378998391360,4181378998405005,335499
1637,"input_reduce_fusion.kd",2,8,1830,1282169,1282169,524288,256,512,0,16,0,16,64,"0x0","0x7f7817b1a780",4181378997687338,4181378998391360,4181378998398811,4181378998411585,7451
1638,"input_reduce_fusion_3.kd",2,8,1831,1282169,1282169,128,128,512,0,24,0,16,64,"0x0","0x7f7817b1a7c0",4181378997694569,4181378998398811,4181378998404420,4181378998416022,5609
1639,"loop_convert_fusion.kd",2,8,1832,1282169,1282169,1,1,0,0,4,4,16,64,"0x0","0x7f7817b1a800",4181378997701750,4181378998404420,4181378998408506,4181378998421059,4086
1640,"input_compare_reduce_fusion_1.kd",2,8,1835,1282169,1282169,8192,256,0,0,12,4,16,64,"0x0","0x7f7817b19c00",4181378997830060,4181378998420884,4181378998427173,4181378998430984,6289
1641,"loop_slice_fusion_1.kd",2,8,1836,1282169,1282169,3072,256,0,0,16,0,16,64,"0x0","0x7f7817b19c40",4181378997840416,4181378998427173,4181378998432181,4181378998436062,5008
1642,"loop_reduce_window_fusion_16.kd",2,8,1837,1282169,1282169,3072,256,0,0,8,0,16,64,"0x0","0x7f7817b19c80",4181378997847967,4181378998432181,4181378998438550,4181378998440658,6369
1643,"loop_reduce_window_fusion_15.kd",2,8,1838,1282169,1282169,192,192,0,0,8,0,16,64,"0x0","0x7f7817b19cc0",4181378997855388,4181378998438550,4181378998443678,4181378998444955,5128
1644,"loop_broadcast_fusion_2.kd",2,8,1839,1282169,1282169,48128,256,0,0,4,4,16,64,"0x0","0x7f7817b19d00",4181378997862599,4181378998443678,4181378998449246,4181378998449662,5568
1645,"input_scatter_fusion_2.kd",2,8,1840,1282169,1282169,48128,256,0,0,12,4,32,64,"0x0","0x7f7817b19d40",4181378997870711,4181378998449246,4181378998458180,4181378998462411,8934
1646,"loop_reduce_window_fusion_14.kd",2,8,1841,1282169,1282169,48128,256,0,0,8,0,16,64,"0x0","0x7f7817b19d80",4181378997878292,4181378998458180,4181378998464269,4181378998467058,6089
1647,"loop_reduce_window_fusion_13.kd",2,8,1842,1282169,1282169,3072,256,0,0,8,0,16,64,"0x0","0x7f7817b19dc0",4181378997885413,4181378998464269,4181378998470518,4181378998473718,6249
1648,"loop_reduce_window_fusion_15.kd",2,8,1843,1282169,1282169,192,192,0,0,8,0,16,64,"0x0","0x7f7817b19cc0",4181378997892724,4181378998470518,4181378998475285,4181378998478925,4767
1649,"loop_slice_fusion_6.kd",2,8,1844,1282169,1282169,12,12,0,0,4,4,16,64,"0x0","0x7f7817b19e00",4181378997899474,4181378998475285,4181378998479932,4181378998483372,4647
1650,"input_reduce_fusion_1.kd",2,8,1845,1282169,1282169,64,64,0,0,8,0,16,64,"0x0","0x7f7817b19e40",4181378997907015,4181378998479932,4181378998484619,4181378998487929,4687
1651,"loop_select_fusion_5.kd",2,8,1846,1282169,1282169,48128,256,0,0,12,4,32,64,"0x0","0x7f7817b19e80",4181378997914366,4181378998484619,4181378998489586,4181378998492485,4967
1652,"loop_select_fusion_2.kd",2,8,1847,1282169,1282169,48128,256,0,0,4,4,16,64,"0x0","0x7f7817b19ec0",4181378997921907,4181378998489586,4181378998494474,4181378998497683,4888
1653,"loop_reduce_window_fusion_14.kd",2,8,1848,1282169,1282169,48128,256,0,0,8,0,16,64,"0x0","0x7f7817b19d80",4181378997929538,4181378998494474,4181378998499481,4181378998503312,5007
1654,"loop_reduce_window_fusion_13.kd",2,8,1849,1282169,1282169,3072,256,0,0,8,0,16,64,"0x0","0x7f7817b19dc0",4181378997937240,4181378998499481,4181378998504529,4181378998507968,5048
1655,"loop_reduce_window_fusion_15.kd",2,8,1850,1282169,1282169,192,192,0,0,8,0,16,64,"0x0","0x7f7817b19cc0",4181378997944931,4181378998504529,4181378998509175,4181378998512405,4646
1656,"input_concatenate_fusion.kd",2,8,1851,1282169,1282169,48128,256,0,0,12,4,32,64,"0x0","0x7f7817b19f00",4181378997953023,4181378998509175,4181378998514103,4181378998516912,4928
1657,"input_compare_reduce_fusion.kd",2,8,1852,1282169,1282169,13312,256,0,0,12,4,16,64,"0x0","0x7f7817b19f40",4181378997960604,4181378998514103,4181378998518950,4181378998521549,4847
1658,"loop_slice_fusion.kd",2,8,1853,1282169,1282169,3328,256,0,0,16,0,16,64,"0x0","0x7f7817b19f80",4181378997967845,4181378998518950,4181378998523757,4181378998526135,4807
1659,"loop_reduce_window_fusion_4.kd",2,8,1854,1282169,1282169,3328,256,0,0,8,0,16,64,"0x0","0x7f7817b19fc0",4181378997975276,4181378998523757,4181378998528644,4181378998532315,4887
1660,"loop_reduce_window_fusion_3.kd",2,8,1855,1282169,1282169,208,208,0,0,8,0,16,64,"0x0","0x7f7817b1a000",4181378997982297,4181378998528644,4181378998533572,4181378998536701,4928
1661,"loop_broadcast_fusion.kd",2,8,1856,1282169,1282169,52224,256,0,0,4,4,16,64,"0x0","0x7f7817b1a040",4181378997988696,4181378998533572,4181378998538699,4181378998541759,5127
1662,"input_scatter_fusion.kd",2,8,1857,1282169,1282169,52224,256,0,0,12,4,32,64,"0x0","0x7f7817b1a080",4181378997997289,4181378998538699,4181378998547232,4181378998550091,8533
1663,"loop_reduce_window_fusion_2.kd",2,8,1858,1282169,1282169,52224,256,0,0,8,0,16,64,"0x0","0x7f7817b1a0c0",4181378998004660,4181378998547232,4181378998552239,4181378998554918,5007
1664,"loop_reduce_window_fusion_1.kd",2,8,1859,1282169,1282169,3328,256,0,0,8,0,16,64,"0x0","0x7f7817b1a100",4181378998012361,4181378998552239,4181378998557407,4181378998559195,5168
1665,"loop_reduce_window_fusion_3.kd",2,8,1860,1282169,1282169,208,208,0,0,8,0,16,64,"0x0","0x7f7817b1a000",4181378998019442,4181378998557407,4181378998562134,4181378998563501,4727
1666,"loop_slice_fusion_5.kd",2,8,1861,1282169,1282169,13,13,0,0,4,4,16,64,"0x0","0x7f7817b1a140",4181378998026412,4181378998562134,4181378998566821,4181378998569891,4687
1667,"input_reduce_fusion_2.kd",2,8,1862,1282169,1282169,64,64,0,0,8,0,16,64,"0x0","0x7f7817b1a180",4181378998034124,4181378998566821,4181378998571548,4181378998576661,4727
1668,"loop_select_fusion_4.kd",2,8,1863,1282169,1282169,52224,256,0,0,8,0,32,64,"0x0","0x7f7817b1a1c0",4181378998042066,4181378998571548,4181378998576676,4181378998581107,5128
1669,"loop_select_fusion.kd",2,8,1864,1282169,1282169,52224,256,0,0,8,0,16,64,"0x0","0x7f7817b1a200",4181378998050027,4181378998576676,4181378998581723,4181378998592614,5047
1670,"loop_compare_fusion_1.kd",2,8,1865,1282169,1282169,4096,256,0,0,4,4,16,64,"0x0","0x7f7817b1a240",4181378998058650,4181378998581723,4181378998586571,4181378998588038,4848
1671,"input_reduce_reduce_window_fusion_1.kd",2,8,1866,1282169,1282169,256,256,512,0,20,4,32,64,"0x0","0x7f7817b1a280",4181378998083788,4181378998586571,4181378998602314,4181378998631372,15743
1672,"loop_slice_fusion_3.kd",2,8,1867,1282169,1282169,16,16,0,0,20,4,16,64,"0x0","0x7f7817b1a2c0",4181378998091599,4181378998602314,4181378998607081,4181378998611733,4767
1673,"loop_broadcast_fusion_3.kd",2,8,1868,1282169,1282169,4096,256,0,0,4,4,16,64,"0x0","0x7f7817b1a300",4181378998099221,4181378998607081,4181378998612088,4181378998627196,5007
1674,"input_scatter_fusion_3.kd",2,8,1869,1282169,1282169,4096,256,0,0,8,0,32,64,"0x0","0x7f7817b1a340",4181378998107082,4181378998612088,4181378998618178,4181378998618343,6090
1675,"loop_reduce_window_fusion_18.kd",2,8,1870,1282169,1282169,4096,256,0,0,8,0,16,64,"0x0","0x7f7817b1a380",4181378998114073,4181378998618178,4181378998622985,4181378998623130,4807
1676,"loop_slice_fusion_3.kd",2,8,1871,1282169,1282169,16,16,0,0,20,4,16,64,"0x0","0x7f7817b1a2c0",4181378998121774,4181378998622985,4181378998627712,4181378998638453,4727
1677,"loop_remainder_fusion.kd",2,8,1872,1282169,1282169,4096,256,0,0,12,4,16,64,"0x0","0x7f7817b1a3c0",4181378998129225,4181378998627712,4181378998633480,4181378998651993,5768
1678,"loop_select_fusion_3.kd",2,8,1873,1282169,1282169,4096,256,0,0,8,0,32,64,"0x0","0x7f7817b1a400",4181378998136135,4181378998633480,4181378998638328,4181378998656179,4848
1679,"loop_reduce_window_fusion_18.kd",2,8,1874,1282169,1282169,4096,256,0,0,8,0,16,64,"0x0","0x7f7817b1a380",4181378998144127,4181378998638328,4181378998643175,4181378998643129,4847
1680,"loop_slice_fusion_3.kd",2,8,1875,1282169,1282169,16,16,0,0,20,4,16,64,"0x0","0x7f7817b1a2c0",4181378998151739,4181378998643175,4181378998647902,4181378998647816,4727
1681,"input_concatenate_fusion_1.kd",2,8,1876,1282169,1282169,4096,256,0,0,8,0,32,64,"0x0","0x7f7817b1a440",4181378998159821,4181378998647902,4181378998653710,4181378998662949,5808
1682,"loop_compare_fusion.kd",2,8,1877,1282169,1282169,8192,256,0,0,4,4,16,64,"0x0","0x7f7817b1a480",4181378998166601,4181378998653710,4181378998658678,4181378998667355,4968
1683,"input_reduce_reduce_window_fusion.kd",2,8,1878,1282169,1282169,512,512,512,0,20,4,48,64,"0x0","0x7f7817b1a4c0",4181378998173281,4181378998658678,4181378998675984,4181378998684691,17306
1684,"loop_reduce_window_fusion_8.kd",2,8,1879,1282169,1282169,32,32,0,0,32,0,16,64,"0x0","0x7f7817b1a500",4181378998180852,4181378998675984,4181378998685037,4181378998693585,9053
1685,"loop_broadcast_fusion_1.kd",2,8,1880,1282169,1282169,8192,256,0,0,4,4,16,64,"0x0","0x7f7817b1a540",4181378998187933,4181378998685037,4181378998690205,4181378998698081,5168
1686,"input_scatter_fusion_1.kd",2,8,1881,1282169,1282169,8192,256,0,0,8,0,32,64,"0x0","0x7f7817b1a580",4181378998194402,4181378998690205,4181378998695372,4181378998702498,5167
1687,"loop_reduce_window_fusion_7.kd",2,8,1882,1282169,1282169,8192,256,0,0,8,0,16,64,"0x0","0x7f7817b1a5c0",4181378998203265,4181378998695372,4181378998700540,4181378998713714,5168
1688,"loop_reduce_window_fusion_6.kd",2,8,1883,1282169,1282169,512,256,0,0,8,0,16,64,"0x0","0x7f7817b1a600",4181378998211017,4181378998700540,4181378998705347,4181378998706824,4807
1689,"loop_reduce_window_fusion_5.kd",2,8,1884,1282169,1282169,32,32,0,0,8,0,16,64,"0x0","0x7f7817b1a640",4181378998217336,4181378998705347,4181378998710194,4181378998718181,4847
1690,"loop_select_fusion_6.kd",2,8,1885,1282169,1282169,8192,256,0,0,8,0,32,64,"0x0","0x7f7817b1a680",4181378998225278,4181378998710194,4181378998715362,4181378998722538,5168
1691,"loop_select_fusion_1.kd",2,8,1886,1282169,1282169,8192,256,0,0,8,0,16,64,"0x0","0x7f7817b1a6c0",4181378998232949,4181378998715362,4181378998720329,4181378998726794,4967
1692,"loop_broadcast_fusion_4.kd",2,8,1887,1282169,1282169,16,16,0,0,4,4,16,64,"0x0","0x7f7817b1a700",4181378998239790,4181378998720329,4181378998725417,4181378998733223,5088
1693,"__amd_rocclr_fillBufferAligned.kd",2,8,1888,1282169,1282169,77824,256,0,0,12,4,48,64,"0x0","0x7f781d393580",4181378998254081,4181378998725417,4181378998739558,4181378998740064,14141
1694,"__amd_rocclr_fillBufferAligned.kd",2,8,1889,1282169,1282169,16128,256,0,0,12,4,48,64,"0x0","0x7f781d393580",4181378998260771,4181378998739558,4181378998744485,4181378998744520,4927
1695,"transformer_engine::fused_attn_rocm::populate_rng_state_kernel(long*, long const*, long) [clone .kd]",2,8,1890,1282169,1282169,1,1,0,0,8,0,16,64,"0x0","0x7f781c015380",4181378998270676,4181378998744485,4181378998749373,4181378998750719,4888
1696,"__amd_rocclr_fillBufferAligned.kd",2,8,1891,1282169,1282169,256,256,0,0,12,4,48,64,"0x0","0x7f781d393580",4181378998280430,4181378998749373,4181378998754020,4181378998755487,4647
1697,"ck_fused_attn::get_runtime_max_seqlen_kernel(unsigned long, int const*, int const*, unsigned long*) [clone .kd]",2,8,1892,1282169,1282169,4096,128,0,0,4,4,32,64,"0x0","0x7f781c004940",4181378998287551,4181378998754020,4181378998759788,4181378998761616,5768
1698,"__amd_rocclr_copyBuffer.kd",2,8,1893,1282169,1282169,512,512,0,0,16,0,32,64,"0x7fb89bc71900","0x7f781d393600",4181378998297335,4181378998759788,4181378998765557,4181378998767725,5769
1699,"__amd_rocclr_fillBufferAligned.kd",2,8,1895,1282169,1282169,256,256,0,0,12,4,48,64,"0x0","0x7f781d393580",4181378998810448,4181378998822562,4181378998824484,4181378998852771,1922
1700,"ck_fused_attn::get_runtime_max_seqlen_kernel(unsigned long, int const*, int const*, unsigned long*) [clone .kd]",2,8,1896,1282169,1282169,4096,128,0,0,4,4,32,64,"0x0","0x7f781c004940",4181378998824159,4181378998832216,4181378998840909,4181378998863667,8693
1701,"__amd_rocclr_copyBuffer.kd",2,8,1897,1282169,1282169,512,512,0,0,16,0,32,64,"0x7fb89bde9a00","0x7f781d393600",4181378998831029,4181378998840909,4181378998846117,4181378998858800,5208
1702,"void transformer_engine::fused_attn_rocm::compute_scores_kernel<__half, transformer_engine::fused_attn_rocm::SmallSeqConfig<12, 128, 256, false, (transformer_engine::fused_attn_rocm::CausalMaskType)0>, 1>(__half const*, __half const*, __half*, float, int const*, int const*, int, int) [clone .kd]",2,8,1899,1282169,1282169,64000,64,0,0,120,0,32,64,"0x0","0x7f780414ef00",4181378998874964,4181378998884894,4181378998914658,4181378998917337,29764
1703,"void transformer_engine::fused_attn_rocm::apply_mask_and_softmax_kernel<__half, transformer_engine::fused_attn_rocm::SmallSeqConfig<12, 128, 256, false, (transformer_engine::fused_attn_rocm::CausalMaskType)0> >(__half*, __half const*, float, int const*, int, int) [clone .kd]",2,8,1900,1282169,1282169,780288,256,1024,0,16,0,16,64,"0x0","0x7f780414ef40",4181378998883227,4181378998914658,4181378998920187,4181378998923887,5529
1704,"void transformer_engine::fused_attn_rocm::compute_output_kernel<__half, transformer_engine::fused_attn_rocm::SmallSeqConfig<12, 128, 256, false, (transformer_engine::fused_attn_rocm::CausalMaskType)0>, 2, 8>(__half const*, __half const*, __half*, int const*, int const*, int, int) [clone .kd]",2,8,1901,1282169,1282169,512000,64,24576,0,24,0,32,64,"0x0","0x7f780414ef80",4181378998891188,4181378998920187,4181378999019735,4181378999035643,99548
1705,"loop_broadcast_fusion_5.kd",2,8,1902,1282169,1282169,2048000,256,0,0,4,4,16,64,"0x0","0x7f7817b1a740",4181378998910397,4181378999019735,4181378999028107,4181378999029314,8372
1706,"__amd_rocclr_fillBufferAligned.kd",2,8,1903,1282169,1282169,77824,256,0,0,12,4,48,64,"0x0","0x7f781d393580",4181378998926261,4181378999028107,4181378999034877,4181378999042023,6770
1707,"__amd_rocclr_fillBufferAligned.kd",2,8,1904,1282169,1282169,77824,256,0,0,12,4,48,64,"0x0","0x7f781d393580",4181378998934563,4181378999034877,4181378999068287,4181378999073980,33410
1708,"__amd_rocclr_fillBufferAligned.kd",2,8,1905,1282169,1282169,77824,256,0,0,12,4,48,64,"0x0","0x7f781d393580",4181378998941724,4181378999068287,4181378999101016,4181378999111696,32729
1709,"__amd_rocclr_fillBufferAligned.kd",2,8,1906,1282169,1282169,256,256,0,0,12,4,48,64,"0x0","0x7f781d393580",4181378998951538,4181378999101016,4181378999105823,4181378999106829,4807
1710,"ck_fused_attn::get_runtime_max_seqlen_kernel(unsigned long, int const*, int const*, unsigned long*) [clone .kd]",2,8,1907,1282169,1282169,4096,128,0,0,4,4,32,64,"0x0","0x7f781c004940",4181378998957427,4181378999105823,4181378999111992,4181378999123354,6169
1711,"__amd_rocclr_copyBuffer.kd",2,8,1908,1282169,1282169,512,512,0,0,16,0,32,64,"0x7fb89bde9180","0x7f781d393600",4181378998965499,4181378999111992,4181378999117680,4181378999118316,5688
1712,"__amd_rocclr_fillBufferAligned.kd",2,8,1910,1282169,1282169,256,256,0,0,12,4,48,64,"0x0","0x7f781d393580",4181378999137615,4181378999148847,4181378999151170,4181378999156273,2323
1713,"ck_fused_attn::get_runtime_max_seqlen_kernel(unsigned long, int const*, int const*, unsigned long*) [clone .kd]",2,8,1911,1282169,1282169,4096,128,0,0,4,4,32,64,"0x0","0x7f781c004940",4181378999149262,4181378999163148,4181378999169077,4181378999173999,5929
1714,"__amd_rocclr_copyBuffer.kd",2,8,1912,1282169,1282169,512,512,0,0,16,0,32,64,"0x7fb89bde9080","0x7f781d393600",4181378999161510,4181378999173884,4181378999178611,4181378999182271,4727
1715,"void transformer_engine::fused_attn_rocm::compute_grad_v_kernel<__half, transformer_engine::fused_attn_rocm::SmallSeqConfig<12, 128, 256, false, (transformer_engine::fused_attn_rocm::CausalMaskType)0>, 16, 16>(__half const*, __half const*, __half*, int const*, int const*, int, int) [clone .kd]",2,8,1914,1282169,1282169,256000,64,24576,0,28,4,32,64,"0x0","0x7f7804150800",4181378999197654,4181378999211420,4181378999297388,4181378999300727,85968
1716,"void transformer_engine::fused_attn_rocm::compute_grad_attn_kernel<__half, transformer_engine::fused_attn_rocm::SmallSeqConfig<12, 128, 256, false, (transformer_engine::fused_attn_rocm::CausalMaskType)0>, 16>(__half const*, __half const*, __half*, int const*, int const*, int, int) [clone .kd]",2,8,1915,1282169,1282169,8000,64,0,0,124,4,48,64,"0x0","0x7f7804150840",4181378999209882,4181378999297388,4181378999599557,4181378999604790,302169
1717,"void transformer_engine::fused_attn_rocm::softmax_backward_kernel<__half, transformer_engine::fused_attn_rocm::SmallSeqConfig<12, 128, 256, false, (transformer_engine::fused_attn_rocm::CausalMaskType)0> >(__half const*, __half const*, __half*, float, int const*, int, int) [clone .kd]",2,8,1916,1282169,1282169,780288,256,1024,0,16,0,16,64,"0x0","0x7f7804150880",4181378999217534,4181378999599557,4181378999606848,4181378999614374,7291
1718,"void transformer_engine::fused_attn_rocm::compute_grad_qk_kernel<__half, transformer_engine::fused_attn_rocm::SmallSeqConfig<12, 128, 256, false, (transformer_engine::fused_attn_rocm::CausalMaskType)0>, 4, 16>(__half const*, __half const*, __half const*, __half*, __half*, float, int const*, int const*, int, int) [clone .kd]",2,8,1917,1282169,1282169,1024000,64,24576,0,36,4,64,64,"0x0","0x7f78041508c0",4181378999226737,4181378999606848,4181378999954445,4181378999960408,347597
1719,"input_reduce_fusion.kd",2,8,1918,1282169,1282169,524288,256,512,0,16,0,16,64,"0x0","0x7f7817b1a780",4181378999235320,4181378999954445,4181378999963578,4181378999967779,9133
1720,"input_reduce_fusion_3.kd",2,8,1919,1282169,1282169,128,128,512,0,24,0,16,64,"0x0","0x7f7817b1a7c0",4181378999242711,4181378999963578,4181378999969307,4181378999972717,5729
1721,"loop_convert_fusion.kd",2,8,1920,1282169,1282169,1,1,0,0,4,4,16,64,"0x0","0x7f7817b1a800",4181378999249451,4181378999969307,4181378999973313,4181378999977444,4006
1722,"input_compare_reduce_fusion_1.kd",2,8,1923,1282169,1282169,8192,256,0,0,12,4,16,64,"0x0","0x7f7817b19c00",4181378999376009,4181378999986012,4181378999992501,4181379000001910,6489
1723,"loop_slice_fusion_1.kd",2,8,1924,1282169,1282169,3072,256,0,0,16,0,16,64,"0x0","0x7f7817b19c40",4181378999385944,4181378999992501,4181378999997589,4181379000007048,5088
1724,"loop_reduce_window_fusion_16.kd",2,8,1925,1282169,1282169,3072,256,0,0,8,0,16,64,"0x0","0x7f7817b19c80",4181378999393826,4181378999997589,4181379000003999,4181379000011434,6410
1725,"loop_reduce_window_fusion_15.kd",2,8,1926,1282169,1282169,192,192,0,0,8,0,16,64,"0x0","0x7f7817b19cc0",4181378999401417,4181379000003999,4181379000009326,4181379000016151,5327
1726,"loop_broadcast_fusion_2.kd",2,8,1927,1282169,1282169,48128,256,0,0,4,4,16,64,"0x0","0x7f7817b19d00",4181378999408197,4181379000009326,4181379000015055,4181379000021089,5729
1727,"input_scatter_fusion_2.kd",2,8,1928,1282169,1282169,48128,256,0,0,12,4,32,64,"0x0","0x7f7817b19d40",4181378999415007,4181379000015055,4181379000024108,4181379000027458,9053
1728,"loop_reduce_window_fusion_14.kd",2,8,1929,1282169,1282169,48128,256,0,0,8,0,16,64,"0x0","0x7f7817b19d80",4181378999422278,4181379000024108,4181379000029997,4181379000032045,5889
1729,"loop_reduce_window_fusion_13.kd",2,8,1930,1282169,1282169,3072,256,0,0,8,0,16,64,"0x0","0x7f7817b19dc0",4181378999429749,4181379000029997,4181379000035966,4181379000036492,5969
1730,"loop_reduce_window_fusion_15.kd",2,8,1931,1282169,1282169,192,192,0,0,8,0,16,64,"0x0","0x7f7817b19cc0",4181378999436599,4181379000035966,4181379000040733,4181379000040978,4767
1731,"loop_slice_fusion_6.kd",2,8,1932,1282169,1282169,12,12,0,0,4,4,16,64,"0x0","0x7f7817b19e00",4181378999443460,4181379000040733,4181379000046422,4181379000053387,5689
1732,"input_reduce_fusion_1.kd",2,8,1933,1282169,1282169,64,64,0,0,8,0,16,64,"0x0","0x7f7817b19e40",4181378999450730,4181379000046422,4181379000051149,4181379000058054,4727
1733,"loop_select_fusion_5.kd",2,8,1934,1282169,1282169,48128,256,0,0,12,4,32,64,"0x0","0x7f7817b19e80",4181378999458372,4181379000051149,4181379000056917,4181379000062671,5768
1734,"loop_select_fusion_2.kd",2,8,1935,1282169,1282169,48128,256,0,0,4,4,16,64,"0x0","0x7f7817b19ec0",4181378999465813,4181379000056917,4181379000063247,4181379000067468,6330
1735,"loop_reduce_window_fusion_14.kd",2,8,1936,1282169,1282169,48128,256,0,0,8,0,16,64,"0x0","0x7f7817b19d80",4181378999472122,4181379000063247,4181379000068254,4181379000072175,5007
1736,"loop_reduce_window_fusion_13.kd",2,8,1937,1282169,1282169,3072,256,0,0,8,0,16,64,"0x0","0x7f7817b19dc0",4181378999478792,4181379000068254,4181379000073342,4181379000076571,5088
1737,"loop_reduce_window_fusion_15.kd",2,8,1938,1282169,1282169,192,192,0,0,8,0,16,64,"0x0","0x7f7817b19cc0",4181378999485502,4181379000073342,4181379000077989,4181379000081128,4647
1738,"input_concatenate_fusion.kd",2,8,1939,1282169,1282169,48128,256,0,0,12,4,32,64,"0x0","0x7f7817b19f00",4181378999493624,4181379000077989,4181379000082836,4181379000085514,4847
1739,"input_compare_reduce_fusion.kd",2,8,1940,1282169,1282169,13312,256,0,0,12,4,16,64,"0x0","0x7f7817b19f40",4181378999500715,4181379000082836,4181379000087723,4181379000090722,4887
1740,"loop_slice_fusion.kd",2,8,1941,1282169,1282169,3328,256,0,0,16,0,16,64,"0x0","0x7f7817b19f80",4181378999508036,4181379000087723,4181379000092570,4181379000097282,4847
1741,"loop_reduce_window_fusion_4.kd",2,8,1942,1282169,1282169,3328,256,0,0,8,0,16,64,"0x0","0x7f7817b19fc0",4181378999515236,4181379000092570,4181379000097498,4181379000101638,4928
1742,"loop_reduce_window_fusion_3.kd",2,8,1943,1282169,1282169,208,208,0,0,8,0,16,64,"0x0","0x7f7817b1a000",4181378999523699,4181379000097498,4181379000102185,4181379000106355,4687
1743,"loop_broadcast_fusion.kd",2,8,1944,1282169,1282169,52224,256,0,0,4,4,16,64,"0x0","0x7f7817b1a040",4181378999531210,4181379000102185,4181379000107312,4181379000110932,5127
1744,"input_scatter_fusion.kd",2,8,1945,1282169,1282169,52224,256,0,0,12,4,32,64,"0x0","0x7f7817b1a080",4181378999538291,4181379000107312,4181379000116366,4181379000120086,9054
1745,"loop_reduce_window_fusion_2.kd",2,8,1946,1282169,1282169,52224,256,0,0,8,0,16,64,"0x0","0x7f7817b1a0c0",4181378999545531,4181379000116366,4181379000121333,4181379000124683,4967
1746,"loop_reduce_window_fusion_1.kd",2,8,1947,1282169,1282169,3328,256,0,0,8,0,16,64,"0x0","0x7f7817b1a100",4181378999551961,4181379000121333,4181379000126541,4181379000129230,5208
1747,"loop_reduce_window_fusion_3.kd",2,8,1948,1282169,1282169,208,208,0,0,8,0,16,64,"0x0","0x7f7817b1a000",4181378999559252,4181379000126541,4181379000131268,4181379000133856,4727
1748,"loop_slice_fusion_5.kd",2,8,1949,1282169,1282169,13,13,0,0,4,4,16,64,"0x0","0x7f7817b1a140",4181378999566382,4181379000131268,4181379000135995,4181379000145203,4727
1749,"input_reduce_fusion_2.kd",2,8,1950,1282169,1282169,64,64,0,0,8,0,16,64,"0x0","0x7f7817b1a180",4181378999573804,4181379000135995,4181379000140722,4181379000140717,4727
1750,"loop_select_fusion_4.kd",2,8,1951,1282169,1282169,52224,256,0,0,8,0,32,64,"0x0","0x7f7817b1a1c0",4181378999582667,4181379000140722,4181379000145769,4181379000152003,5047
1751,"loop_select_fusion.kd",2,8,1952,1282169,1282169,52224,256,0,0,8,0,16,64,"0x0","0x7f7817b1a200",4181378999589357,4181379000145769,4181379000150697,4181379000156470,4928
1752,"loop_compare_fusion_1.kd",2,8,1953,1282169,1282169,4096,256,0,0,4,4,16,64,"0x0","0x7f7817b1a240",4181378999596848,4181379000150697,4181379000155504,4181379000165043,4807
1753,"input_reduce_reduce_window_fusion_1.kd",2,8,1954,1282169,1282169,256,256,512,0,20,4,32,64,"0x0","0x7f7817b1a280",4181378999604269,4181379000155504,4181379000171808,4181379000171903,16304
1754,"loop_slice_fusion_3.kd",2,8,1955,1282169,1282169,16,16,0,0,20,4,16,64,"0x0","0x7f7817b1a2c0",4181378999629767,4181379000171808,4181379000176575,4181379000178813,4767
1755,"loop_broadcast_fusion_3.kd",2,8,1956,1282169,1282169,4096,256,0,0,4,4,16,64,"0x0","0x7f7817b1a300",4181378999637769,4181379000176575,4181379000181823,4181379000185734,5248
1756,"input_scatter_fusion_3.kd",2,8,1957,1282169,1282169,4096,256,0,0,8,0,32,64,"0x0","0x7f7817b1a340",4181378999645130,4181379000181823,4181379000187872,4181379000190661,6049
1757,"loop_reduce_window_fusion_18.kd",2,8,1958,1282169,1282169,4096,256,0,0,8,0,16,64,"0x0","0x7f7817b1a380",4181378999652881,4181379000187872,4181379000192679,4181379000195438,4807
1758,"loop_slice_fusion_3.kd",2,8,1959,1282169,1282169,16,16,0,0,20,4,16,64,"0x0","0x7f7817b1a2c0",4181378999660102,4181379000192679,4181379000197326,4181379000202178,4647
1759,"loop_remainder_fusion.kd",2,8,1960,1282169,1282169,4096,256,0,0,12,4,16,64,"0x0","0x7f7817b1a3c0",4181378999667162,4181379000197326,4181379000203014,4181379000207145,5688
1760,"loop_select_fusion_3.kd",2,8,1961,1282169,1282169,4096,256,0,0,8,0,32,64,"0x0","0x7f7817b1a400",4181378999674393,4181379000203014,4181379000207862,4181379000232773,4848
1761,"loop_reduce_window_fusion_18.kd",2,8,1962,1282169,1282169,4096,256,0,0,8,0,16,64,"0x0","0x7f7817b1a380",4181378999681774,4181379000207862,4181379000212709,4181379000239083,4847
1762,"loop_slice_fusion_3.kd",2,8,1963,1282169,1282169,16,16,0,0,20,4,16,64,"0x0","0x7f7817b1a2c0",4181378999689195,4181379000212709,4181379000217476,4181379000219424,4767
1763,"input_concatenate_fusion_1.kd",2,8,1964,1282169,1282169,4096,256,0,0,8,0,32,64,"0x0","0x7f7817b1a440",4181378999696356,4181379000217476,4181379000223164,4181379000223970,5688
1764,"loop_compare_fusion.kd",2,8,1965,1282169,1282169,8192,256,0,0,4,4,16,64,"0x0","0x7f7817b1a480",4181378999702895,4181379000223164,4181379000228132,4181379000228617,4968
1765,"input_reduce_reduce_window_fusion.kd",2,8,1966,1282169,1282169,512,512,512,0,20,4,48,64,"0x0","0x7f7817b1a4c0",4181378999710136,4181379000228132,4181379000245277,4181379000246534,17145
1766,"loop_reduce_window_fusion_8.kd",2,8,1967,1282169,1282169,32,32,0,0,32,0,16,64,"0x0","0x7f7817b1a500",4181378999716956,4181379000245277,4181379000255012,4181379000269308,9735
1767,"loop_broadcast_fusion_1.kd",2,8,1968,1282169,1282169,8192,256,0,0,4,4,16,64,"0x0","0x7f7817b1a540",4181378999724267,4181379000255012,4181379000260300,4181379000264551,5288
1768,"input_scatter_fusion_1.kd",2,8,1969,1282169,1282169,8192,256,0,0,8,0,32,64,"0x0","0x7f7817b1a580",4181378999732299,4181379000260300,4181379000265507,4181379000275377,5207
1769,"loop_reduce_window_fusion_7.kd",2,8,1970,1282169,1282169,8192,256,0,0,8,0,16,64,"0x0","0x7f7817b1a5c0",4181378999739400,4181379000265507,4181379000270635,4181379000279653,5128
1770,"loop_reduce_window_fusion_6.kd",2,8,1971,1282169,1282169,512,256,0,0,8,0,16,64,"0x0","0x7f7817b1a600",4181378999746590,4181379000270635,4181379000276003,4181379000283799,5368
1771,"loop_reduce_window_fusion_5.kd",2,8,1972,1282169,1282169,32,32,0,0,8,0,16,64,"0x0","0x7f7817b1a640",4181378999754012,4181379000276003,4181379000280850,4181379000288406,4847
1772,"loop_select_fusion_6.kd",2,8,1973,1282169,1282169,8192,256,0,0,8,0,32,64,"0x0","0x7f7817b1a680",4181378999761182,4181379000280850,4181379000285978,4181379000294666,5128
1773,"loop_select_fusion_1.kd",2,8,1974,1282169,1282169,8192,256,0,0,8,0,16,64,"0x0","0x7f7817b1a6c0",4181378999768493,4181379000285978,4181379000290905,4181379000299102,4927
1774,"loop_broadcast_fusion_4.kd",2,8,1975,1282169,1282169,16,16,0,0,4,4,16,64,"0x0","0x7f7817b1a700",4181378999776034,4181379000290905,4181379000295953,4181379000303539,5048
1775,"__amd_rocclr_fillBufferAligned.kd",2,8,1976,1282169,1282169,77824,256,0,0,12,4,48,64,"0x0","0x7f781d393580",4181378999787411,4181379000295953,4181379000309573,4181379000309598,13620
1776,"__amd_rocclr_fillBufferAligned.kd",2,8,1977,1282169,1282169,16128,256,0,0,12,4,48,64,"0x0","0x7f781d393580",4181378999794512,4181379000309573,4181379000314620,4181379000315887,5047
1777,"transformer_engine::fused_attn_rocm::populate_rng_state_kernel(long*, long const*, long) [clone .kd]",2,8,1978,1282169,1282169,1,1,0,0,8,0,16,64,"0x0","0x7f781c015380",4181378999803535,4181379000314620,4181379000319508,4181379000322487,4888
1778,"__amd_rocclr_fillBufferAligned.kd",2,8,1979,1282169,1282169,256,256,0,0,12,4,48,64,"0x0","0x7f781d393580",4181378999814251,4181379000319508,4181379000324235,4181379000328736,4727
1779,"ck_fused_attn::get_runtime_max_seqlen_kernel(unsigned long, int const*, int const*, unsigned long*) [clone .kd]",2,8,1980,1282169,1282169,4096,128,0,0,4,4,32,64,"0x0","0x7f781c004940",4181378999821091,4181379000324235,4181379000330003,4181379000333573,5768
1780,"__amd_rocclr_copyBuffer.kd",2,8,1981,1282169,1282169,512,512,0,0,16,0,32,64,"0x7fb89bc73b80","0x7f781d393600",4181378999828833,4181379000330003,4181379000335251,4181379000339793,5248
1781,"__amd_rocclr_fillBufferAligned.kd",2,8,1983,1282169,1282169,256,256,0,0,12,4,48,64,"0x0","0x7f781d393580",4181379000380884,4181379000390814,4181379000392657,4181379000424739,1843
1782,"ck_fused_attn::get_runtime_max_seqlen_kernel(unsigned long, int const*, int const*, unsigned long*) [clone .kd]",2,8,1984,1282169,1282169,4096,128,0,0,4,4,32,64,"0x0","0x7f781c004940",4181379000391550,4181379000399427,4181379000405275,4181379000434804,5848
1783,"__amd_rocclr_copyBuffer.kd",2,8,1985,1282169,1282169,512,512,0,0,16,0,32,64,"0x7fb89bde8d80","0x7f781d393600",4181379000402075,4181379000410283,4181379000416933,4181379000429997,6650
1784,"void transformer_engine::fused_attn_rocm::compute_scores_kernel<__half, transformer_engine::fused_attn_rocm::SmallSeqConfig<12, 128, 256, false, (transformer_engine::fused_attn_rocm::CausalMaskType)0>, 1>(__half const*, __half const*, __half*, float, int const*, int const*, int, int) [clone .kd]",2,8,1987,1282169,1282169,64000,64,0,0,120,0,32,64,"0x0","0x7f780414ef00",4181379000446672,4181379000456952,4181379000488239,4181379000497357,31287
1785,"void transformer_engine::fused_attn_rocm::apply_mask_and_softmax_kernel<__half, transformer_engine::fused_attn_rocm::SmallSeqConfig<12, 128, 256, false, (transformer_engine::fused_attn_rocm::CausalMaskType)0> >(__half*, __half const*, float, int const*, int, int) [clone .kd]",2,8,1988,1282169,1282169,780288,256,1024,0,16,0,16,64,"0x0","0x7f780414ef40",4181379000455665,4181379000488239,4181379000493727,4181379000504738,5488
1786,"void transformer_engine::fused_attn_rocm::compute_output_kernel<__half, transformer_engine::fused_attn_rocm::SmallSeqConfig<12, 128, 256, false, (transformer_engine::fused_attn_rocm::CausalMaskType)0>, 2, 8>(__half const*, __half const*, __half*, int const*, int const*, int, int) [clone .kd]",2,8,1989,1282169,1282169,512000,64,24576,0,24,0,32,64,"0x0","0x7f780414ef80",4181379000464498,4181379000493727,4181379000592594,4181379000597476,98867
1787,"loop_broadcast_fusion_5.kd",2,8,1990,1282169,1282169,2048000,256,0,0,4,4,16,64,"0x0","0x7f7817b1a740",4181379000473542,4181379000592594,4181379000600886,4181379000608983,8292
1788,"__amd_rocclr_fillBufferAligned.kd",2,8,1991,1282169,1282169,77824,256,0,0,12,4,48,64,"0x0","0x7f781d393580",4181379000488924,4181379000600886,4181379000607656,4181379000613670,6770
1789,"__amd_rocclr_fillBufferAligned.kd",2,8,1992,1282169,1282169,77824,256,0,0,12,4,48,64,"0x0","0x7f781d393580",4181379000502795,4181379000607656,4181379000639984,4181379000645918,32328
1790,"__amd_rocclr_fillBufferAligned.kd",2,8,1993,1282169,1282169,77824,256,0,0,12,4,48,64,"0x0","0x7f781d393580",4181379000519891,4181379000639984,4181379000673074,4181379000683995,33090
1791,"__amd_rocclr_fillBufferAligned.kd",2,8,1994,1282169,1282169,256,256,0,0,12,4,48,64,"0x0","0x7f781d393580",4181379000528644,4181379000673074,4181379000677720,4181379000678096,4646
1792,"ck_fused_attn::get_runtime_max_seqlen_kernel(unsigned long, int const*, int const*, unsigned long*) [clone .kd]",2,8,1995,1282169,1282169,4096,128,0,0,4,4,32,64,"0x0","0x7f781c004940",4181379000535163,4181379000677720,4181379000683930,4181379000690584,6210
1793,"__amd_rocclr_copyBuffer.kd",2,8,1996,1282169,1282169,512,512,0,0,16,0,32,64,"0x7fb89bde8c80","0x7f781d393600",4181379000542474,4181379000683930,4181379000689778,4181379000694811,5848
1794,"__amd_rocclr_fillBufferAligned.kd",2,8,1998,1282169,1282169,256,256,0,0,12,4,48,64,"0x0","0x7f781d393580",4181379000714991,4181379000725071,4181379000727194,4181379000731095,2123
1795,"ck_fused_attn::get_runtime_max_seqlen_kernel(unsigned long, int const*, int const*, unsigned long*) [clone .kd]",2,8,1999,1282169,1282169,4096,128,0,0,4,4,32,64,"0x0","0x7f781c004940",4181379000724264,4181379000732362,4181379000738451,4181379000741120,6089
1796,"__amd_rocclr_copyBuffer.kd",2,8,2000,1282169,1282169,512,512,0,0,16,0,32,64,"0x7fb89bde8b80","0x7f781d393600",4181379000730984,4181379000746943,4181379000753673,4181379000756553,6730
1797,"void transformer_engine::fused_attn_rocm::compute_grad_v_kernel<__half, transformer_engine::fused_attn_rocm::SmallSeqConfig<12, 128, 256, false, (transformer_engine::fused_attn_rocm::CausalMaskType)0>, 16, 16>(__half const*, __half const*, __half*, int const*, int const*, int, int) [clone .kd]",2,8,2002,1282169,1282169,256000,64,24576,0,28,4,32,64,"0x0","0x7f7804150800",4181379000772596,4181379000784319,4181379000868444,4181379000874558,84125
1798,"void transformer_engine::fused_attn_rocm::compute_grad_attn_kernel<__half, transformer_engine::fused_attn_rocm::SmallSeqConfig<12, 128, 256, false, (transformer_engine::fused_attn_rocm::CausalMaskType)0>, 16>(__half const*, __half const*, __half*, int const*, int const*, int, int) [clone .kd]",2,8,2003,1282169,1282169,8000,64,0,0,124,4,48,64,"0x0","0x7f7804150840",4181379000782992,4181379000868444,4181379001169211,4181379001174885,300767
1799,"void transformer_engine::fused_attn_rocm::softmax_backward_kernel<__half, transformer_engine::fused_attn_rocm::SmallSeqConfig<12, 128, 256, false, (transformer_engine::fused_attn_rocm::CausalMaskType)0> >(__half const*, __half const*, __half*, float, int const*, int, int) [clone .kd]",2,8,2004,1282169,1282169,780288,256,1024,0,16,0,16,64,"0x0","0x7f7804150880",4181379000792977,4181379001169211,4181379001175541,4181379001185070,6330
1800,"void transformer_engine::fused_attn_rocm::compute_grad_qk_kernel<__half, transformer_engine::fused_attn_rocm::SmallSeqConfig<12, 128, 256, false, (transformer_engine::fused_attn_rocm::CausalMaskType)0>, 4, 16>(__half const*, __half const*, __half const*, __half*, __half*, float, int const*, int const*, int, int) [clone .kd]",2,8,2005,1282169,1282169,1024000,64,24576,0,36,4,64,64,"0x0","0x7f78041508c0",4181379000800898,4181379001175541,4181379001514845,4181379001522662,339304
1801,"input_reduce_fusion.kd",2,8,2006,1282169,1282169,524288,256,512,0,16,0,16,64,"0x0","0x7f7817b1a780",4181379000810112,4181379001514845,4181379001523939,4181379001529983,9094
1802,"input_reduce_fusion_3.kd",2,8,2007,1282169,1282169,128,128,512,0,24,0,16,64,"0x0","0x7f7817b1a7c0",4181379000817123,4181379001523939,4181379001528626,4181379001534880,4687
1803,"loop_convert_fusion.kd",2,8,2008,1282169,1282169,1,1,0,0,4,4,16,64,"0x0","0x7f7817b1a800",4181379000824113,4181379001528626,4181379001532752,4181379001539447,4126
1804,"input_compare_reduce_fusion_1.kd",2,8,2011,1282169,1282169,8192,256,0,0,12,4,16,64,"0x0","0x7f7817b19c00",4181379000952244,4181379001544650,4181379001550939,4181379001570423,6289
1805,"loop_slice_fusion_1.kd",2,8,2012,1282169,1282169,3072,256,0,0,16,0,16,64,"0x0","0x7f7817b19c40",4181379000961818,4181379001550939,4181379001557549,4181379001574789,6610
1806,"loop_reduce_window_fusion_16.kd",2,8,2013,1282169,1282169,3072,256,0,0,8,0,16,64,"0x0","0x7f7817b19c80",4181379000969339,4181379001557549,4181379001564159,4181379001579326,6610
1807,"loop_reduce_window_fusion_15.kd",2,8,2014,1282169,1282169,192,192,0,0,8,0,16,64,"0x0","0x7f7817b19cc0",4181379000976259,4181379001564159,4181379001569126,4181379001583623,4967
1808,"loop_broadcast_fusion_2.kd",2,8,2015,1282169,1282169,48128,256,0,0,4,4,16,64,"0x0","0x7f7817b19d00",4181379000983911,4181379001569126,4181379001573893,4181379001590132,4767
1809,"input_scatter_fusion_2.kd",2,8,2016,1282169,1282169,48128,256,0,0,12,4,32,64,"0x0","0x7f7817b19d40",4181379000990420,4181379001573893,4181379001582666,4181379001594379,8773
1810,"loop_reduce_window_fusion_14.kd",2,8,2017,1282169,1282169,48128,256,0,0,8,0,16,64,"0x0","0x7f7817b19d80",4181379000998112,4181379001582666,4181379001587634,4181379001599136,4968
1811,"loop_reduce_window_fusion_13.kd",2,8,2018,1282169,1282169,3072,256,0,0,8,0,16,64,"0x0","0x7f7817b19dc0",4181379001005172,4181379001587634,4181379001592641,4181379001603823,5007
1812,"loop_reduce_window_fusion_15.kd",2,8,2019,1282169,1282169,192,192,0,0,8,0,16,64,"0x0","0x7f7817b19cc0",4181379001012703,4181379001592641,4181379001597248,4181379001618174,4607
1813,"loop_slice_fusion_6.kd",2,8,2020,1282169,1282169,12,12,0,0,4,4,16,64,"0x0","0x7f7817b19e00",4181379001019403,4181379001597248,4181379001601895,4181379001622961,4647
1814,"input_reduce_fusion_1.kd",2,8,2021,1282169,1282169,64,64,0,0,8,0,16,64,"0x0","0x7f7817b19e40",4181379001027065,4181379001601895,4181379001606542,4181379001627648,4647
1815,"loop_select_fusion_5.kd",2,8,2022,1282169,1282169,48128,256,0,0,12,4,32,64,"0x0","0x7f7817b19e80",4181379001034456,4181379001606542,4181379001611509,4181379001632315,4967
1816,"loop_select_fusion_2.kd",2,8,2023,1282169,1282169,48128,256,0,0,4,4,16,64,"0x0","0x7f7817b19ec0",4181379001042668,4181379001611509,4181379001616356,4181379001637172,4847
1817,"loop_reduce_window_fusion_14.kd",2,8,2024,1282169,1282169,48128,256,0,0,8,0,16,64,"0x0","0x7f7817b19d80",4181379001049578,4181379001616356,4181379001621324,4181379001641839,4968
1818,"loop_reduce_window_fusion_13.kd",2,8,2025,1282169,1282169,3072,256,0,0,8,0,16,64,"0x0","0x7f7817b19dc0",4181379001057079,4181379001621324,4181379001626331,4181379001646306,5007
1819,"loop_reduce_window_fusion_15.kd",2,8,2026,1282169,1282169,192,192,0,0,8,0,16,64,"0x0","0x7f7817b19cc0",4181379001063719,4181379001626331,4181379001630938,4181379001650552,4607
1820,"input_concatenate_fusion.kd",2,8,2027,1282169,1282169,48128,256,0,0,12,4,32,64,"0x0","0x7f7817b19f00",4181379001071381,4181379001630938,4181379001635785,4181379001656862,4847
1821,"input_compare_reduce_fusion.kd",2,8,2028,1282169,1282169,13312,256,0,0,12,4,16,64,"0x0","0x7f7817b19f40",4181379001078551,4181379001635785,4181379001640632,4181379001661238,4847
1822,"loop_slice_fusion.kd",2,8,2029,1282169,1282169,3328,256,0,0,16,0,16,64,"0x0","0x7f7817b19f80",4181379001086603,4181379001640632,4181379001645440,4181379001665584,4808
1823,"loop_reduce_window_fusion_4.kd",2,8,2030,1282169,1282169,3328,256,0,0,8,0,16,64,"0x0","0x7f7817b19fc0",4181379001094105,4181379001645440,4181379001650447,4181379001670221,5007
1824,"loop_reduce_window_fusion_3.kd",2,8,2031,1282169,1282169,208,208,0,0,8,0,16,64,"0x0","0x7f7817b1a000",4181379001101526,4181379001650447,4181379001655254,4181379001675099,4807
1825,"loop_broadcast_fusion.kd",2,8,2032,1282169,1282169,52224,256,0,0,4,4,16,64,"0x0","0x7f7817b1a040",4181379001108366,4181379001655254,4181379001660342,4181379001679826,5088
1826,"input_scatter_fusion.kd",2,8,2033,1282169,1282169,52224,256,0,0,12,4,32,64,"0x0","0x7f7817b1a080",4181379001116818,4181379001660342,4181379001669115,4181379001684943,8773
1827,"loop_reduce_window_fusion_2.kd",2,8,2034,1282169,1282169,52224,256,0,0,8,0,16,64,"0x0","0x7f7817b1a0c0",4181379001123829,4181379001669115,4181379001674082,4181379001689420,4967
1828,"loop_reduce_window_fusion_1.kd",2,8,2035,1282169,1282169,3328,256,0,0,8,0,16,64,"0x0","0x7f7817b1a100",4181379001130929,4181379001674082,4181379001679210,4181379001694107,5128
1829,"loop_reduce_window_fusion_3.kd",2,8,2036,1282169,1282169,208,208,0,0,8,0,16,64,"0x0","0x7f7817b1a000",4181379001138080,4181379001679210,4181379001683937,4181379001703110,4727
1830,"loop_slice_fusion_5.kd",2,8,2037,1282169,1282169,13,13,0,0,4,4,16,64,"0x0","0x7f7817b1a140",4181379001145381,4181379001683937,4181379001688704,4181379001727627,4767
1831,"input_reduce_fusion_2.kd",2,8,2038,1282169,1282169,64,64,0,0,8,0,16,64,"0x0","0x7f7817b1a180",4181379001152451,4181379001688704,4181379001693391,4181379001722739,4687
1832,"loop_select_fusion_4.kd",2,8,2039,1282169,1282169,52224,256,0,0,8,0,32,64,"0x0","0x7f7817b1a1c0",4181379001160273,4181379001693391,4181379001698478,4181379001698924,5087
1833,"loop_select_fusion.kd",2,8,2040,1282169,1282169,52224,256,0,0,8,0,16,64,"0x0","0x7f7817b1a200",4181379001168886,4181379001698478,4181379001703486,4181379001712114,5008
1834,"loop_compare_fusion_1.kd",2,8,2041,1282169,1282169,4096,256,0,0,4,4,16,64,"0x0","0x7f7817b1a240",4181379001176046,4181379001703486,4181379001708413,4181379001716861,4927
1835,"input_reduce_reduce_window_fusion_1.kd",2,8,2042,1282169,1282169,256,256,512,0,20,4,32,64,"0x0","0x7f7817b1a280",4181379001201494,4181379001708413,4181379001723476,4181379001734567,15063
1836,"loop_slice_fusion_3.kd",2,8,2043,1282169,1282169,16,16,0,0,20,4,16,64,"0x0","0x7f7817b1a2c0",4181379001209166,4181379001723476,4181379001728243,4181379001753405,4767
1837,"loop_broadcast_fusion_3.kd",2,8,2044,1282169,1282169,4096,256,0,0,4,4,16,64,"0x0","0x7f7817b1a300",4181379001216807,4181379001728243,4181379001733290,4181379001758092,5047
1838,"input_scatter_fusion_3.kd",2,8,2045,1282169,1282169,4096,256,0,0,8,0,32,64,"0x0","0x7f7817b1a340",4181379001224368,4181379001733290,4181379001739419,4181379001739534,6129
1839,"loop_reduce_window_fusion_18.kd",2,8,2046,1282169,1282169,4096,256,0,0,8,0,16,64,"0x0","0x7f7817b1a380",4181379001231479,4181379001739419,4181379001744186,4181379001744322,4767
1840,"loop_slice_fusion_3.kd",2,8,2047,1282169,1282169,16,16,0,0,20,4,16,64,"0x0","0x7f7817b1a2c0",4181379001239671,4181379001744186,4181379001748793,4181379001748758,4607
1841,"loop_remainder_fusion.kd",2,8,2048,1282169,1282169,4096,256,0,0,12,4,16,64,"0x0","0x7f7817b1a3c0",4181379001246822,4181379001748793,4181379001754522,4181379001764742,5729
1842,"loop_select_fusion_3.kd",2,8,2049,1282169,1282169,4096,256,0,0,8,0,32,64,"0x0","0x7f7817b1a400",4181379001254413,4181379001754522,4181379001759289,4181379001773946,4767
1843,"loop_reduce_window_fusion_18.kd",2,8,2050,1282169,1282169,4096,256,0,0,8,0,16,64,"0x0","0x7f7817b1a380",4181379001261984,4181379001759289,4181379001764096,4181379001778573,4807
1844,"loop_slice_fusion_3.kd",2,8,2051,1282169,1282169,16,16,0,0,20,4,16,64,"0x0","0x7f7817b1a2c0",4181379001268804,4181379001764096,4181379001768823,4181379001769429,4727
1845,"input_concatenate_fusion_1.kd",2,8,2052,1282169,1282169,4096,256,0,0,8,0,32,64,"0x0","0x7f7817b1a440",4181379001276826,4181379001769069,4181379001775078,4181379001795257,6009
1846,"loop_compare_fusion.kd",2,8,2053,1282169,1282169,8192,256,0,0,4,4,16,64,"0x0","0x7f7817b1a480",4181379001284357,4181379001775078,4181379001780045,4181379001799984,4967
1847,"input_reduce_reduce_window_fusion.kd",2,8,2054,1282169,1282169,512,512,512,0,20,4,48,64,"0x0","0x7f7817b1a4c0",4181379001291508,4181379001780045,4181379001797110,4181379001804511,17065
1848,"loop_reduce_window_fusion_8.kd",2,8,2055,1282169,1282169,32,32,0,0,32,0,16,64,"0x0","0x7f7817b1a500",4181379001299059,4181379001797110,4181379001806564,4181379001810981,9454
1849,"loop_broadcast_fusion_1.kd",2,8,2056,1282169,1282169,8192,256,0,0,4,4,16,64,"0x0","0x7f7817b1a540",4181379001306581,4181379001806564,4181379001811731,4181379001815497,5167
1850,"input_scatter_fusion_1.kd",2,8,2057,1282169,1282169,8192,256,0,0,8,0,32,64,"0x0","0x7f7817b1a580",4181379001314322,4181379001811731,4181379001817019,4181379001820104,5288
1851,"loop_reduce_window_fusion_7.kd",2,8,2058,1282169,1282169,8192,256,0,0,8,0,16,64,"0x0","0x7f7817b1a5c0",4181379001322644,4181379001817019,4181379001822107,4181379001826734,5088
1852,"loop_reduce_window_fusion_6.kd",2,8,2059,1282169,1282169,512,256,0,0,8,0,16,64,"0x0","0x7f7817b1a600",4181379001330767,4181379001822107,4181379001827154,4181379001831241,5047
1853,"loop_reduce_window_fusion_5.kd",2,8,2060,1282169,1282169,32,32,0,0,8,0,16,64,"0x0","0x7f7817b1a640",4181379001338308,4181379001827154,4181379001832042,4181379001835888,4888
1854,"loop_select_fusion_6.kd",2,8,2061,1282169,1282169,8192,256,0,0,8,0,32,64,"0x0","0x7f7817b1a680",4181379001346370,4181379001832042,4181379001837209,4181379001842377,5167
1855,"loop_select_fusion_1.kd",2,8,2062,1282169,1282169,8192,256,0,0,8,0,16,64,"0x0","0x7f7817b1a6c0",4181379001353671,4181379001837209,4181379001842177,4181379001847054,4968
1856,"loop_broadcast_fusion_4.kd",2,8,2063,1282169,1282169,16,16,0,0,4,4,16,64,"0x0","0x7f7817b1a700",4181379001361282,4181379001842177,4181379001847224,4181379001851671,5047
1857,"__amd_rocclr_fillBufferAligned.kd",2,8,2064,1282169,1282169,77824,256,0,0,12,4,48,64,"0x0","0x7f781d393580",4181379001374882,4181379001847224,4181379001861726,4181379001867725,14502
1858,"__amd_rocclr_fillBufferAligned.kd",2,8,2065,1282169,1282169,16128,256,0,0,12,4,48,64,"0x0","0x7f781d393580",4181379001381893,4181379001861726,4181379001866573,4181379001873914,4847
1859,"transformer_engine::fused_attn_rocm::populate_rng_state_kernel(long*, long const*, long) [clone .kd]",2,8,2066,1282169,1282169,1,1,0,0,8,0,16,64,"0x0","0x7f781c015380",4181379001390836,4181379001866573,4181379001871460,4181379001878691,4887
1860,"__amd_rocclr_fillBufferAligned.kd",2,8,2067,1282169,1282169,256,256,0,0,12,4,48,64,"0x0","0x7f781d393580",4181379001400300,4181379001871460,4181379001876187,4181379001885031,4727
1861,"ck_fused_attn::get_runtime_max_seqlen_kernel(unsigned long, int const*, int const*, unsigned long*) [clone .kd]",2,8,2068,1282169,1282169,4096,128,0,0,4,4,32,64,"0x0","0x7f781c004940",4181379001407080,4181379001876187,4181379001881956,4181379001894725,5769
1862,"__amd_rocclr_copyBuffer.kd",2,8,2069,1282169,1282169,512,512,0,0,16,0,32,64,"0x7fb89bc73c80","0x7f781d393600",4181379001415983,4181379001881956,4181379001887644,4181379001889447,5688
1863,"__amd_rocclr_fillBufferAligned.kd",2,8,2071,1282169,1282169,256,256,0,0,12,4,48,64,"0x0","0x7f781d393580",4181379001930949,4181379001941404,4181379001943447,4181379001972922,2043
1864,"ck_fused_attn::get_runtime_max_seqlen_kernel(unsigned long, int const*, int const*, unsigned long*) [clone .kd]",2,8,2072,1282169,1282169,4096,128,0,0,4,4,32,64,"0x0","0x7f781c004940",4181379001941485,4181379001949336,4181379001957708,4181379001982376,8372
1865,"__amd_rocclr_copyBuffer.kd",2,8,2073,1282169,1282169,512,512,0,0,16,0,32,64,"0x7fb89bde8880","0x7f781d393600",4181379001949096,4181379001957708,4181379001963557,4181379001977759,5849
1866,"void transformer_engine::fused_attn_rocm::compute_scores_kernel<__half, transformer_engine::fused_attn_rocm::SmallSeqConfig<12, 128, 256, false, (transformer_engine::fused_attn_rocm::CausalMaskType)0>, 1>(__half const*, __half const*, __half*, float, int const*, int const*, int, int) [clone .kd]",2,8,2075,1282169,1282169,64000,64,0,0,120,0,32,64,"0x0","0x7f780414ef00",4181379001993562,4181379002012189,4181379002042314,4181379002043296,30125
1867,"void transformer_engine::fused_attn_rocm::apply_mask_and_softmax_kernel<__half, transformer_engine::fused_attn_rocm::SmallSeqConfig<12, 128, 256, false, (transformer_engine::fused_attn_rocm::CausalMaskType)0> >(__half*, __half const*, float, int const*, int, int) [clone .kd]",2,8,2076,1282169,1282169,780288,256,1024,0,16,0,16,64,"0x0","0x7f780414ef40",4181379002010327,4181379002042314,4181379002047722,4181379002052069,5408
1868,"void transformer_engine::fused_attn_rocm::compute_output_kernel<__half, transformer_engine::fused_attn_rocm::SmallSeqConfig<12, 128, 256, false, (transformer_engine::fused_attn_rocm::CausalMaskType)0>, 2, 8>(__half const*, __half const*, __half*, int const*, int const*, int, int) [clone .kd]",2,8,2077,1282169,1282169,512000,64,24576,0,24,0,32,64,"0x0","0x7f780414ef80",4181379002018760,4181379002047722,4181379002149474,4181379002151728,101752
1869,"loop_broadcast_fusion_5.kd",2,8,2078,1282169,1282169,2048000,256,0,0,4,4,16,64,"0x0","0x7f7817b1a740",4181379002028735,4181379002149474,4181379002157846,4181379002160811,8372
1870,"__amd_rocclr_fillBufferAligned.kd",2,8,2079,1282169,1282169,77824,256,0,0,12,4,48,64,"0x0","0x7f781d393580",4181379002044168,4181379002157846,4181379002164616,4181379002165538,6770
1871,"__amd_rocclr_fillBufferAligned.kd",2,8,2080,1282169,1282169,77824,256,0,0,12,4,48,64,"0x0","0x7f781d393580",4181379002066591,4181379002164616,4181379002197225,4181379002198066,32609
1872,"__amd_rocclr_fillBufferAligned.kd",2,8,2081,1282169,1282169,77824,256,0,0,12,4,48,64,"0x0","0x7f781d393580",4181379002074923,4181379002197225,4181379002229753,4181379002231035,32528
1873,"__amd_rocclr_fillBufferAligned.kd",2,8,2082,1282169,1282169,256,256,0,0,12,4,48,64,"0x0","0x7f781d393580",4181379002083396,4181379002229753,4181379002234400,4181379002238026,4647
1874,"ck_fused_attn::get_runtime_max_seqlen_kernel(unsigned long, int const*, int const*, unsigned long*) [clone .kd]",2,8,2083,1282169,1282169,4096,128,0,0,4,4,32,64,"0x0","0x7f781c004940",4181379002090496,4181379002234400,4181379002240569,4181379002245026,6169
1875,"__amd_rocclr_copyBuffer.kd",2,8,2084,1282169,1282169,512,512,0,0,16,0,32,64,"0x7fb89bde8780","0x7f781d393600",4181379002097827,4181379002240569,4181379002246538,4181379002249843,5969
1876,"__amd_rocclr_fillBufferAligned.kd",2,8,2086,1282169,1282169,256,256,0,0,12,4,48,64,"0x0","0x7f781d393580",4181379002271185,4181379002281670,4181379002283793,4181379002287049,2123
1877,"ck_fused_attn::get_runtime_max_seqlen_kernel(unsigned long, int const*, int const*, unsigned long*) [clone .kd]",2,8,2087,1282169,1282169,4096,128,0,0,4,4,32,64,"0x0","0x7f781c004940",4181379002280269,4181379002289161,4181379002295491,4181379002295561,6330
1878,"__amd_rocclr_copyBuffer.kd",2,8,2088,1282169,1282169,512,512,0,0,16,0,32,64,"0x7fb89bde8680","0x7f781d393600",4181379002287900,4181379002300378,4181379002305586,4181379002310454,5208
1879,"void transformer_engine::fused_attn_rocm::compute_grad_v_kernel<__half, transformer_engine::fused_attn_rocm::SmallSeqConfig<12, 128, 256, false, (transformer_engine::fused_attn_rocm::CausalMaskType)0>, 16, 16>(__half const*, __half const*, __half*, int const*, int const*, int, int) [clone .kd]",2,8,2090,1282169,1282169,256000,64,24576,0,28,4,32,64,"0x0","0x7f7804150800",4181379002325826,4181379002339797,4181379002426005,4181379002432475,86208
1880,"void transformer_engine::fused_attn_rocm::compute_grad_attn_kernel<__half, transformer_engine::fused_attn_rocm::SmallSeqConfig<12, 128, 256, false, (transformer_engine::fused_attn_rocm::CausalMaskType)0>, 16>(__half const*, __half const*, __half*, int const*, int const*, int, int) [clone .kd]",2,8,2091,1282169,1282169,8000,64,0,0,124,4,48,64,"0x0","0x7f7804150840",4181379002337965,4181379002426005,4181379002727333,4181379002734244,301328
1881,"void transformer_engine::fused_attn_rocm::softmax_backward_kernel<__half, transformer_engine::fused_attn_rocm::SmallSeqConfig<12, 128, 256, false, (transformer_engine::fused_attn_rocm::CausalMaskType)0> >(__half const*, __half const*, __half*, float, int const*, int, int) [clone .kd]",2,8,2092,1282169,1282169,780288,256,1024,0,16,0,16,64,"0x0","0x7f7804150880",4181379002345125,4181379002727333,4181379002733542,4181379002743858,6209
1882,"void transformer_engine::fused_attn_rocm::compute_grad_qk_kernel<__half, transformer_engine::fused_attn_rocm::SmallSeqConfig<12, 128, 256, false, (transformer_engine::fused_attn_rocm::CausalMaskType)0>, 4, 16>(__half const*, __half const*, __half const*, __half*, __half*, float, int const*, int const*, int, int) [clone .kd]",2,8,2093,1282169,1282169,1024000,64,24576,0,36,4,64,64,"0x0","0x7f78041508c0",4181379002353828,4181379002733542,4181379003082581,4181379003089552,349039
1883,"input_reduce_fusion.kd",2,8,2094,1282169,1282169,524288,256,512,0,16,0,16,64,"0x0","0x7f7817b1a780",4181379002362511,4181379003082581,4181379003092356,4181379003096483,9775
1884,"input_reduce_fusion_3.kd",2,8,2095,1282169,1282169,128,128,512,0,24,0,16,64,"0x0","0x7f7817b1a7c0",4181379002369572,4181379003092356,4181379003097163,4181379003101330,4807
1885,"loop_convert_fusion.kd",2,8,2096,1282169,1282169,1,1,0,0,4,4,16,64,"0x0","0x7f7817b1a800",4181379002376292,4181379003097163,4181379003101489,4181379003105987,4326
1886,"input_compare_reduce_fusion_1.kd",2,8,2099,1282169,1282169,8192,256,0,0,12,4,16,64,"0x0","0x7f7817b19c00",4181379002507807,4181379003113788,4181379003119957,4181379003135621,6169
1887,"loop_slice_fusion_1.kd",2,8,2100,1282169,1282169,3072,256,0,0,16,0,16,64,"0x0","0x7f7817b19c40",4181379002517451,4181379003119957,4181379003125125,4181379003140118,5168
1888,"loop_reduce_window_fusion_16.kd",2,8,2101,1282169,1282169,3072,256,0,0,8,0,16,64,"0x0","0x7f7817b19c80",4181379002524872,4181379003125125,4181379003133056,4181379003146797,7931
1889,"loop_reduce_window_fusion_15.kd",2,8,2102,1282169,1282169,192,192,0,0,8,0,16,64,"0x0","0x7f7817b19cc0",4181379002531663,4181379003133056,4181379003138344,4181379003151074,5288
1890,"loop_broadcast_fusion_2.kd",2,8,2103,1282169,1282169,48128,256,0,0,4,4,16,64,"0x0","0x7f7817b19d00",4181379002538403,4181379003138344,4181379003144073,4181379003155971,5729
1891,"input_scatter_fusion_2.kd",2,8,2104,1282169,1282169,48128,256,0,0,12,4,32,64,"0x0","0x7f7817b19d40",4181379002545303,4181379003144073,4181379003151924,4181379003160778,7851
1892,"loop_reduce_window_fusion_14.kd",2,8,2105,1282169,1282169,48128,256,0,0,8,0,16,64,"0x0","0x7f7817b19d80",4181379002552864,4181379003151924,4181379003156852,4181379003165615,4928
1893,"loop_reduce_window_fusion_13.kd",2,8,2106,1282169,1282169,3072,256,0,0,8,0,16,64,"0x0","0x7f7817b19dc0",4181379002560065,4181379003156852,4181379003161899,4181379003170102,5047
1894,"loop_reduce_window_fusion_15.kd",2,8,2107,1282169,1282169,192,192,0,0,8,0,16,64,"0x0","0x7f7817b19cc0",4181379002567045,4181379003161899,4181379003166586,4181379003175580,4687
1895,"loop_slice_fusion_6.kd",2,8,2108,1282169,1282169,12,12,0,0,4,4,16,64,"0x0","0x7f7817b19e00",4181379002573405,4181379003166586,4181379003171233,4181379003180628,4647
1896,"input_reduce_fusion_1.kd",2,8,2109,1282169,1282169,64,64,0,0,8,0,16,64,"0x0","0x7f7817b19e40",4181379002580946,4181379003171233,4181379003175880,4181379003185014,4647
1897,"loop_select_fusion_5.kd",2,8,2110,1282169,1282169,48128,256,0,0,12,4,32,64,"0x0","0x7f7817b19e80",4181379002588277,4181379003175880,4181379003180807,4181379003189982,4927
1898,"loop_select_fusion_2.kd",2,8,2111,1282169,1282169,48128,256,0,0,4,4,16,64,"0x0","0x7f7817b19ec0",4181379002595748,4181379003180807,4181379003185695,4181379003194699,4888
1899,"loop_reduce_window_fusion_14.kd",2,8,2112,1282169,1282169,48128,256,0,0,8,0,16,64,"0x0","0x7f7817b19d80",4181379002603089,4181379003185695,4181379003190622,4181379003199366,4927
1900,"loop_reduce_window_fusion_13.kd",2,8,2113,1282169,1282169,3072,256,0,0,8,0,16,64,"0x0","0x7f7817b19dc0",4181379002611071,4181379003190622,4181379003195710,4181379003205625,5088
1901,"loop_reduce_window_fusion_15.kd",2,8,2114,1282169,1282169,192,192,0,0,8,0,16,64,"0x0","0x7f7817b19cc0",4181379002618372,4181379003195710,4181379003200316,4181379003210492,4606
1902,"input_concatenate_fusion.kd",2,8,2115,1282169,1282169,48128,256,0,0,12,4,32,64,"0x0","0x7f7817b19f00",4181379002626373,4181379003200316,4181379003205204,4181379003215129,4888
1903,"input_compare_reduce_fusion.kd",2,8,2116,1282169,1282169,13312,256,0,0,12,4,16,64,"0x0","0x7f7817b19f40",4181379002633063,4181379003205204,4181379003210091,4181379003219716,4887
1904,"loop_slice_fusion.kd",2,8,2117,1282169,1282169,3328,256,0,0,16,0,16,64,"0x0","0x7f7817b19f80",4181379002640595,4181379003210091,4181379003214898,4181379003224443,4807
1905,"loop_reduce_window_fusion_4.kd",2,8,2118,1282169,1282169,3328,256,0,0,8,0,16,64,"0x0","0x7f7817b19fc0",4181379002647705,4181379003214898,4181379003219866,4181379003229500,4968
1906,"loop_reduce_window_fusion_3.kd",2,8,2119,1282169,1282169,208,208,0,0,8,0,16,64,"0x0","0x7f7817b1a000",4181379002655226,4181379003219866,4181379003224753,4181379003234478,4887
1907,"loop_broadcast_fusion.kd",2,8,2120,1282169,1282169,52224,256,0,0,4,4,16,64,"0x0","0x7f7817b1a040",4181379002662097,4181379003224753,4181379003229880,4181379003239225,5127
1908,"input_scatter_fusion.kd",2,8,2121,1282169,1282169,52224,256,0,0,12,4,32,64,"0x0","0x7f7817b1a080",4181379002670239,4181379003229880,4181379003238894,4181379003244052,9014
1909,"loop_reduce_window_fusion_2.kd",2,8,2122,1282169,1282169,52224,256,0,0,8,0,16,64,"0x0","0x7f7817b1a0c0",4181379002677550,4181379003238894,4181379003243901,4181379003248889,5007
1910,"loop_reduce_window_fusion_1.kd",2,8,2123,1282169,1282169,3328,256,0,0,8,0,16,64,"0x0","0x7f7817b1a100",4181379002684941,4181379003243901,4181379003249109,4181379003253536,5208
1911,"loop_reduce_window_fusion_3.kd",2,8,2124,1282169,1282169,208,208,0,0,8,0,16,64,"0x0","0x7f7817b1a000",4181379002692302,4181379003249109,4181379003253836,4181379003262369,4727
1912,"loop_slice_fusion_5.kd",2,8,2125,1282169,1282169,13,13,0,0,4,4,16,64,"0x0","0x7f7817b1a140",4181379002698561,4181379003253836,4181379003258563,4181379003258283,4727
1913,"input_reduce_fusion_2.kd",2,8,2126,1282169,1282169,64,64,0,0,8,0,16,64,"0x0","0x7f7817b1a180",4181379002706282,4181379003258563,4181379003263330,4181379003276611,4767
1914,"loop_select_fusion_4.kd",2,8,2127,1282169,1282169,52224,256,0,0,8,0,32,64,"0x0","0x7f7817b1a1c0",4181379002714064,4181379003263330,4181379003268378,4181379003271743,5048
1915,"loop_select_fusion.kd",2,8,2128,1282169,1282169,52224,256,0,0,8,0,16,64,"0x0","0x7f7817b1a200",4181379002722416,4181379003268378,4181379003273385,4181379003283671,5007
1916,"loop_compare_fusion_1.kd",2,8,2129,1282169,1282169,4096,256,0,0,4,4,16,64,"0x0","0x7f7817b1a240",4181379002730488,4181379003273385,4181379003278232,4181379003288128,4847
1917,"input_reduce_reduce_window_fusion_1.kd",2,8,2130,1282169,1282169,256,256,512,0,20,4,32,64,"0x0","0x7f7817b1a280",4181379002738350,4181379003278232,4181379003293375,4181379003295328,15143
1918,"loop_slice_fusion_3.kd",2,8,2131,1282169,1282169,16,16,0,0,20,4,16,64,"0x0","0x7f7817b1a2c0",4181379002759832,4181379003293375,4181379003298342,4181379003302749,4967
1919,"loop_broadcast_fusion_3.kd",2,8,2132,1282169,1282169,4096,256,0,0,4,4,16,64,"0x0","0x7f7817b1a300",4181379002767363,4181379003298342,4181379003303430,4181379003307857,5088
1920,"input_scatter_fusion_3.kd",2,8,2133,1282169,1282169,4096,256,0,0,8,0,32,64,"0x0","0x7f7817b1a340",4181379002774894,4181379003303430,4181379003309479,4181379003312854,6049
1921,"loop_reduce_window_fusion_18.kd",2,8,2134,1282169,1282169,4096,256,0,0,8,0,16,64,"0x0","0x7f7817b1a380",4181379002782546,4181379003309479,4181379003314286,4181379003319524,4807
1922,"loop_slice_fusion_3.kd",2,8,2135,1282169,1282169,16,16,0,0,20,4,16,64,"0x0","0x7f7817b1a2c0",4181379002789706,4181379003314286,4181379003319013,4181379003324332,4727
1923,"loop_remainder_fusion.kd",2,8,2136,1282169,1282169,4096,256,0,0,12,4,16,64,"0x0","0x7f7817b1a3c0",4181379002798099,4181379003319013,4181379003324701,4181379003328448,5688
1924,"loop_select_fusion_3.kd",2,8,2137,1282169,1282169,4096,256,0,0,8,0,32,64,"0x0","0x7f7817b1a400",4181379002805219,4181379003324701,4181379003329549,4181379003335248,4848
1925,"loop_reduce_window_fusion_18.kd",2,8,2138,1282169,1282169,4096,256,0,0,8,0,16,64,"0x0","0x7f7817b1a380",4181379002812931,4181379003329549,4181379003334356,4181379003340866,4807
1926,"loop_slice_fusion_3.kd",2,8,2139,1282169,1282169,16,16,0,0,20,4,16,64,"0x0","0x7f7817b1a2c0",4181379002820793,4181379003334356,4181379003339043,4181379003345583,4687
1927,"input_concatenate_fusion_1.kd",2,8,2140,1282169,1282169,4096,256,0,0,8,0,32,64,"0x0","0x7f7817b1a440",4181379002828564,4181379003339043,4181379003344811,4181379003352383,5768
1928,"loop_compare_fusion.kd",2,8,2141,1282169,1282169,8192,256,0,0,4,4,16,64,"0x0","0x7f7817b1a480",4181379002836897,4181379003344811,4181379003349739,4181379003356720,4928
1929,"input_reduce_reduce_window_fusion.kd",2,8,2142,1282169,1282169,512,512,512,0,20,4,48,64,"0x0","0x7f7817b1a4c0",4181379002844298,4181379003349739,4181379003367565,4181379003375157,17826
1930,"loop_reduce_window_fusion_8.kd",2,8,2143,1282169,1282169,32,32,0,0,32,0,16,64,"0x0","0x7f7817b1a500",4181379002852259,4181379003367565,4181379003377300,4181379003381717,9735
1931,"loop_broadcast_fusion_1.kd",2,8,2144,1282169,1282169,8192,256,0,0,4,4,16,64,"0x0","0x7f7817b1a540",4181379002859670,4181379003377300,4181379003382628,4181379003386334,5328
1932,"input_scatter_fusion_1.kd",2,8,2145,1282169,1282169,8192,256,0,0,8,0,32,64,"0x0","0x7f7817b1a580",4181379002866871,4181379003382628,4181379003387835,4181379003390961,5207
1933,"loop_reduce_window_fusion_7.kd",2,8,2146,1282169,1282169,8192,256,0,0,8,0,16,64,"0x0","0x7f7817b1a5c0",4181379002874292,4181379003387835,4181379003392923,4181379003397350,5088
1934,"loop_reduce_window_fusion_6.kd",2,8,2147,1282169,1282169,512,256,0,0,8,0,16,64,"0x0","0x7f7817b1a600",4181379002881773,4181379003392923,4181379003398010,4181379003401927,5087
1935,"loop_reduce_window_fusion_5.kd",2,8,2148,1282169,1282169,32,32,0,0,8,0,16,64,"0x0","0x7f7817b1a640",4181379002888764,4181379003398010,4181379003402818,4181379003406333,4808
1936,"loop_select_fusion_6.kd",2,8,2149,1282169,1282169,8192,256,0,0,8,0,32,64,"0x0","0x7f7817b1a680",4181379002896505,4181379003402818,4181379003407945,4181379003412993,5127
1937,"loop_select_fusion_1.kd",2,8,2150,1282169,1282169,8192,256,0,0,8,0,16,64,"0x0","0x7f7817b1a6c0",4181379002904076,4181379003407945,4181379003412953,4181379003417750,5008
1938,"loop_broadcast_fusion_4.kd",2,8,2151,1282169,1282169,16,16,0,0,4,4,16,64,"0x0","0x7f7817b1a700",4181379002911317,4181379003412953,4181379003418000,4181379003423439,5047
1939,"__amd_rocclr_fillBufferAligned.kd",2,8,2152,1282169,1282169,77824,256,0,0,12,4,48,64,"0x0","0x7f781d393580",4181379002924266,4181379003418000,4181379003431701,4181379003439553,13701
1940,"__amd_rocclr_fillBufferAligned.kd",2,8,2153,1282169,1282169,16128,256,0,0,12,4,48,64,"0x0","0x7f781d393580",4181379002930766,4181379003431701,4181379003436908,4181379003443809,5207
1941,"transformer_engine::fused_attn_rocm::populate_rng_state_kernel(long*, long const*, long) [clone .kd]",2,8,2154,1282169,1282169,1,1,0,0,8,0,16,64,"0x0","0x7f781c015380",4181379002939880,4181379003436908,4181379003441796,4181379003448416,4888
1942,"__amd_rocclr_fillBufferAligned.kd",2,8,2155,1282169,1282169,256,256,0,0,12,4,48,64,"0x0","0x7f781d393580",4181379002950155,4181379003441796,4181379003446483,4181379003454705,4687
1943,"ck_fused_attn::get_runtime_max_seqlen_kernel(unsigned long, int const*, int const*, unsigned long*) [clone .kd]",2,8,2156,1282169,1282169,4096,128,0,0,4,4,32,64,"0x0","0x7f781c004940",4181379002956935,4181379003446483,4181379003452251,4181379003463699,5768
1944,"__amd_rocclr_copyBuffer.kd",2,8,2157,1282169,1282169,512,512,0,0,16,0,32,64,"0x7fb89bde8480","0x7f781d393600",4181379002966269,4181379003452251,4181379003458060,4181379003459032,5809
1945,"__amd_rocclr_fillBufferAligned.kd",2,8,2159,1282169,1282169,256,256,0,0,12,4,48,64,"0x0","0x7f781d393580",4181379003499632,4181379003516787,4181379003518750,4181379003537829,1963
1946,"ck_fused_attn::get_runtime_max_seqlen_kernel(unsigned long, int const*, int const*, unsigned long*) [clone .kd]",2,8,2160,1282169,1282169,4096,128,0,0,4,4,32,64,"0x0","0x7f781c004940",4181379003514514,4181379003522636,4181379003530848,4181379003547283,8212
1947,"__amd_rocclr_copyBuffer.kd",2,8,2161,1282169,1282169,512,512,0,0,16,0,32,64,"0x7fb89bde8380","0x7f781d393600",4181379003521985,4181379003530848,4181379003536697,4181379003542596,5849
1948,"void transformer_engine::fused_attn_rocm::compute_scores_kernel<__half, transformer_engine::fused_attn_rocm::SmallSeqConfig<12, 128, 256, false, (transformer_engine::fused_attn_rocm::CausalMaskType)0>, 1>(__half const*, __half const*, __half*, float, int const*, int const*, int, int) [clone .kd]",2,8,2163,1282169,1282169,64000,64,0,0,120,0,32,64,"0x0","0x7f780414ef00",4181379003559511,4181379003579360,4181379003609124,4181379003609005,29764
1949,"void transformer_engine::fused_attn_rocm::apply_mask_and_softmax_kernel<__half, transformer_engine::fused_attn_rocm::SmallSeqConfig<12, 128, 256, false, (transformer_engine::fused_attn_rocm::CausalMaskType)0> >(__half*, __half const*, float, int const*, int, int) [clone .kd]",2,8,2164,1282169,1282169,780288,256,1024,0,16,0,16,64,"0x0","0x7f780414ef40",4181379003577178,4181379003609124,4181379003614613,4181379003619450,5489
1950,"void transformer_engine::fused_attn_rocm::compute_output_kernel<__half, transformer_engine::fused_attn_rocm::SmallSeqConfig<12, 128, 256, false, (transformer_engine::fused_attn_rocm::CausalMaskType)0>, 2, 8>(__half const*, __half const*, __half*, int const*, int const*, int, int) [clone .kd]",2,8,2165,1282169,1282169,512000,64,24576,0,24,0,32,64,"0x0","0x7f780414ef80",4181379003585490,4181379003614613,4181379003713319,4181379003717937,98706
1951,"loop_broadcast_fusion_5.kd",2,8,2166,1282169,1282169,2048000,256,0,0,4,4,16,64,"0x0","0x7f7817b1a740",4181379003595955,4181379003713319,4181379003721572,4181379003726460,8253
1952,"__amd_rocclr_fillBufferAligned.kd",2,8,2167,1282169,1282169,77824,256,0,0,12,4,48,64,"0x0","0x7f781d393580",4181379003610838,4181379003721572,4181379003728462,4181379003731347,6890
1953,"__amd_rocclr_fillBufferAligned.kd",2,8,2168,1282169,1282169,77824,256,0,0,12,4,48,64,"0x0","0x7f781d393580",4181379003633591,4181379003728462,4181379003760990,4181379003764256,32528
1954,"__amd_rocclr_fillBufferAligned.kd",2,8,2169,1282169,1282169,77824,256,0,0,12,4,48,64,"0x0","0x7f781d393580",4181379003642515,4181379003760990,4181379003793479,4181379003796874,32489
1955,"__amd_rocclr_fillBufferAligned.kd",2,8,2170,1282169,1282169,256,256,0,0,12,4,48,64,"0x0","0x7f781d393580",4181379003651007,4181379003793479,4181379003798166,4181379003804075,4687
1956,"ck_fused_attn::get_runtime_max_seqlen_kernel(unsigned long, int const*, int const*, unsigned long*) [clone .kd]",2,8,2171,1282169,1282169,4096,128,0,0,4,4,32,64,"0x0","0x7f781c004940",4181379003658398,4181379003798166,4181379003804655,4181379003810695,6489
1957,"__amd_rocclr_copyBuffer.kd",2,8,2172,1282169,1282169,512,512,0,0,16,0,32,64,"0x7fb89bde8280","0x7f781d393600",4181379003666020,4181379003804655,4181379003811786,4181379003815202,7131
1958,"__amd_rocclr_fillBufferAligned.kd",2,8,2174,1282169,1282169,256,256,0,0,12,4,48,64,"0x0","0x7f781d393580",4181379003834751,4181379003846838,4181379003848961,4181379003850134,2123
1959,"ck_fused_attn::get_runtime_max_seqlen_kernel(unsigned long, int const*, int const*, unsigned long*) [clone .kd]",2,8,2175,1282169,1282169,4096,128,0,0,4,4,32,64,"0x0","0x7f781c004940",4181379003845797,4181379003854810,4181379003860899,4181379003862101,6089
1960,"__amd_rocclr_copyBuffer.kd",2,8,2176,1282169,1282169,512,512,0,0,16,0,32,64,"0x7fb89bde8180","0x7f781d393600",4181379003853438,4181379003868310,4181379003874920,4181379003877815,6610
1961,"void transformer_engine::fused_attn_rocm::compute_grad_v_kernel<__half, transformer_engine::fused_attn_rocm::SmallSeqConfig<12, 128, 256, false, (transformer_engine::fused_attn_rocm::CausalMaskType)0>, 16, 16>(__half const*, __half const*, __half*, int const*, int const*, int, int) [clone .kd]",2,8,2178,1282169,1282169,256000,64,24576,0,28,4,32,64,"0x0","0x7f7804150800",4181379003895181,4181379003909772,4181379003995058,4181379003997062,85286
1962,"void transformer_engine::fused_attn_rocm::compute_grad_attn_kernel<__half, transformer_engine::fused_attn_rocm::SmallSeqConfig<12, 128, 256, false, (transformer_engine::fused_attn_rocm::CausalMaskType)0>, 16>(__half const*, __half const*, __half*, int const*, int const*, int, int) [clone .kd]",2,8,2179,1282169,1282169,8000,64,0,0,124,4,48,64,"0x0","0x7f7804150840",4181379003907839,4181379003995058,4181379004295105,4181379004301285,300047
1963,"void transformer_engine::fused_attn_rocm::softmax_backward_kernel<__half, transformer_engine::fused_attn_rocm::SmallSeqConfig<12, 128, 256, false, (transformer_engine::fused_attn_rocm::CausalMaskType)0> >(__half const*, __half const*, __half*, float, int const*, int, int) [clone .kd]",2,8,2180,1282169,1282169,780288,256,1024,0,16,0,16,64,"0x0","0x7f7804150880",4181379003915971,4181379004295105,4181379004300753,4181379004310809,5648
1964,"void transformer_engine::fused_attn_rocm::compute_grad_qk_kernel<__half, transformer_engine::fused_attn_rocm::SmallSeqConfig<12, 128, 256, false, (transformer_engine::fused_attn_rocm::CausalMaskType)0>, 4, 16>(__half const*, __half const*, __half const*, __half*, __half*, float, int const*, int const*, int, int) [clone .kd]",2,8,2181,1282169,1282169,1024000,64,24576,0,36,4,64,64,"0x0","0x7f78041508c0",4181379003923583,4181379004300753,4181379004653518,4181379004663023,352765
1965,"input_reduce_fusion.kd",2,8,2182,1282169,1282169,524288,256,512,0,16,0,16,64,"0x0","0x7f7817b1a780",4181379003932206,4181379004653518,4181379004661970,4181379004669262,8452
1966,"input_reduce_fusion_3.kd",2,8,2183,1282169,1282169,128,128,512,0,24,0,16,64,"0x0","0x7f7817b1a7c0",4181379003939376,4181379004661970,4181379004667498,4181379004674299,5528
1967,"loop_convert_fusion.kd",2,8,2184,1282169,1282169,1,1,0,0,4,4,16,64,"0x0","0x7f7817b1a800",4181379003946407,4181379004667498,4181379004671705,4181379004678946,4207
1968,"input_compare_reduce_fusion_1.kd",2,8,2187,1282169,1282169,8192,256,0,0,12,4,16,64,"0x0","0x7f7817b19c00",4181379004073906,4181379004684564,4181379004690933,4181379004712055,6369
1969,"loop_slice_fusion_1.kd",2,8,2188,1282169,1282169,3072,256,0,0,16,0,16,64,"0x0","0x7f7817b19c40",4181379004083551,4181379004690933,4181379004695901,4181379004716432,4968
1970,"loop_reduce_window_fusion_16.kd",2,8,2189,1282169,1282169,3072,256,0,0,8,0,16,64,"0x0","0x7f7817b19c80",4181379004090892,4181379004695901,4181379004703432,4181379004721019,7531
1971,"loop_reduce_window_fusion_15.kd",2,8,2190,1282169,1282169,192,192,0,0,8,0,16,64,"0x0","0x7f7817b19cc0",4181379004097722,4181379004703432,4181379004708640,4181379004725435,5208
1972,"loop_broadcast_fusion_2.kd",2,8,2191,1282169,1282169,48128,256,0,0,4,4,16,64,"0x0","0x7f7817b19d00",4181379004104832,4181379004708640,4181379004714729,4181379004730212,6089
1973,"input_scatter_fusion_2.kd",2,8,2192,1282169,1282169,48128,256,0,0,12,4,32,64,"0x0","0x7f7817b19d40",4181379004112644,4181379004714729,4181379004723742,4181379004734679,9013
1974,"loop_reduce_window_fusion_14.kd",2,8,2193,1282169,1282169,48128,256,0,0,8,0,16,64,"0x0","0x7f7817b19d80",4181379004120826,4181379004723742,4181379004728669,4181379004739406,4927
1975,"loop_reduce_window_fusion_13.kd",2,8,2194,1282169,1282169,3072,256,0,0,8,0,16,64,"0x0","0x7f7817b19dc0",4181379004127867,4181379004728669,4181379004733677,4181379004743883,5008
1976,"loop_reduce_window_fusion_15.kd",2,8,2195,1282169,1282169,192,192,0,0,8,0,16,64,"0x0","0x7f7817b19cc0",4181379004135808,4181379004733677,4181379004738364,4181379004749000,4687
1977,"loop_slice_fusion_6.kd",2,8,2196,1282169,1282169,12,12,0,0,4,4,16,64,"0x0","0x7f7817b19e00",4181379004144541,4181379004738364,4181379004743051,4181379004753677,4687
1978,"input_reduce_fusion_1.kd",2,8,2197,1282169,1282169,64,64,0,0,8,0,16,64,"0x0","0x7f7817b19e40",4181379004152103,4181379004743051,4181379004747658,4181379004758364,4607
1979,"loop_select_fusion_5.kd",2,8,2198,1282169,1282169,48128,256,0,0,12,4,32,64,"0x0","0x7f7817b19e80",4181379004159684,4181379004747658,4181379004752665,4181379004763041,5007
1980,"loop_select_fusion_2.kd",2,8,2199,1282169,1282169,48128,256,0,0,4,4,16,64,"0x0","0x7f7817b19ec0",4181379004166915,4181379004752665,4181379004757552,4181379004767728,4887
1981,"loop_reduce_window_fusion_14.kd",2,8,2200,1282169,1282169,48128,256,0,0,8,0,16,64,"0x0","0x7f7817b19d80",4181379004174095,4181379004757552,4181379004762480,4181379004774058,4928
1982,"loop_reduce_window_fusion_13.kd",2,8,2201,1282169,1282169,3072,256,0,0,8,0,16,64,"0x0","0x7f7817b19dc0",4181379004180875,4181379004762480,4181379004767647,4181379004778324,5167
1983,"loop_reduce_window_fusion_15.kd",2,8,2202,1282169,1282169,192,192,0,0,8,0,16,64,"0x0","0x7f7817b19cc0",4181379004187696,4181379004767647,4181379004772294,4181379004782981,4647
1984,"input_concatenate_fusion.kd",2,8,2203,1282169,1282169,48128,256,0,0,12,4,32,64,"0x0","0x7f7817b19f00",4181379004195938,4181379004772294,4181379004777141,4181379004787698,4847
1985,"input_compare_reduce_fusion.kd",2,8,2204,1282169,1282169,13312,256,0,0,12,4,16,64,"0x0","0x7f7817b19f40",4181379004203159,4181379004777141,4181379004782069,4181379004792455,4928
1986,"loop_slice_fusion.kd",2,8,2205,1282169,1282169,3328,256,0,0,16,0,16,64,"0x0","0x7f7817b19f80",4181379004226413,4181379004782069,4181379004786876,4181379004797272,4807
1987,"loop_reduce_window_fusion_4.kd",2,8,2206,1282169,1282169,3328,256,0,0,8,0,16,64,"0x0","0x7f7817b19fc0",4181379004234545,4181379004786876,4181379004791803,4181379004801619,4927
1988,"loop_reduce_window_fusion_3.kd",2,8,2207,1282169,1282169,208,208,0,0,8,0,16,64,"0x0","0x7f7817b1a000",4181379004241836,4181379004791803,4181379004796530,4181379004806456,4727
1989,"loop_broadcast_fusion.kd",2,8,2208,1282169,1282169,52224,256,0,0,4,4,16,64,"0x0","0x7f7817b1a040",4181379004249287,4181379004796530,4181379004801738,4181379004810892,5208
1990,"input_scatter_fusion.kd",2,8,2209,1282169,1282169,52224,256,0,0,12,4,32,64,"0x0","0x7f7817b1a080",4181379004257139,4181379004801738,4181379004810471,4181379004815229,8733
1991,"loop_reduce_window_fusion_2.kd",2,8,2210,1282169,1282169,52224,256,0,0,8,0,16,64,"0x0","0x7f7817b1a0c0",4181379004265241,4181379004810471,4181379004815438,4181379004819665,4967
1992,"loop_reduce_window_fusion_1.kd",2,8,2211,1282169,1282169,3328,256,0,0,8,0,16,64,"0x0","0x7f7817b1a100",4181379004271751,4181379004815438,4181379004820566,4181379004842930,5128
1993,"loop_reduce_window_fusion_3.kd",2,8,2212,1282169,1282169,208,208,0,0,8,0,16,64,"0x0","0x7f7817b1a000",4181379004279021,4181379004820566,4181379004825333,4181379004828348,4767
1994,"loop_slice_fusion_5.kd",2,8,2213,1282169,1282169,13,13,0,0,4,4,16,64,"0x0","0x7f7817b1a140",4181379004285751,4181379004825333,4181379004830020,4181379004838914,4687
1995,"input_reduce_fusion_2.kd",2,8,2214,1282169,1282169,64,64,0,0,8,0,16,64,"0x0","0x7f7817b1a180",4181379004293783,4181379004830020,4181379004834747,4181379004834568,4727
1996,"loop_select_fusion_4.kd",2,8,2215,1282169,1282169,52224,256,0,0,8,0,32,64,"0x0","0x7f7817b1a1c0",4181379004301665,4181379004834747,4181379004839795,4181379004849680,5048
1997,"loop_select_fusion.kd",2,8,2216,1282169,1282169,52224,256,0,0,8,0,16,64,"0x0","0x7f7817b1a200",4181379004326162,4181379004839795,4181379004844802,4181379004854287,5007
1998,"loop_compare_fusion_1.kd",2,8,2217,1282169,1282169,4096,256,0,0,4,4,16,64,"0x0","0x7f7817b1a240",4181379004334314,4181379004844802,4181379004849810,4181379004858784,5008
1999,"input_reduce_reduce_window_fusion_1.kd",2,8,2218,1282169,1282169,256,256,512,0,20,4,32,64,"0x0","0x7f7817b1a280",4181379004342576,4181379004849810,4181379004865954,4181379004865904,16144
2000,"loop_slice_fusion_3.kd",2,8,2219,1282169,1282169,16,16,0,0,20,4,16,64,"0x0","0x7f7817b1a2c0",4181379004350938,4181379004865954,4181379004870721,4181379004870381,4767
2001,"loop_broadcast_fusion_3.kd",2,8,2220,1282169,1282169,4096,256,0,0,4,4,16,64,"0x0","0x7f7817b1a300",4181379004358550,4181379004870721,4181379004875728,4181379004877351,5007
2002,"input_scatter_fusion_3.kd",2,8,2221,1282169,1282169,4096,256,0,0,8,0,32,64,"0x0","0x7f7817b1a340",4181379004366281,4181379004875728,4181379004881897,4181379004884272,6169
2003,"loop_reduce_window_fusion_18.kd",2,8,2222,1282169,1282169,4096,256,0,0,8,0,16,64,"0x0","0x7f7817b1a380",4181379004373652,4181379004881897,4181379004886704,4181379004889299,4807
2004,"loop_slice_fusion_3.kd",2,8,2223,1282169,1282169,16,16,0,0,20,4,16,64,"0x0","0x7f7817b1a2c0",4181379004381193,4181379004886704,4181379004891351,4181379004894236,4647
2005,"loop_remainder_fusion.kd",2,8,2224,1282169,1282169,4096,256,0,0,12,4,16,64,"0x0","0x7f7817b1a3c0",4181379004388955,4181379004891351,4181379004897200,4181379004900896,5849
2006,"loop_select_fusion_3.kd",2,8,2225,1282169,1282169,4096,256,0,0,8,0,32,64,"0x0","0x7f7817b1a400",4181379004397107,4181379004897200,4181379004901927,4181379004910691,4727
2007,"loop_reduce_window_fusion_18.kd",2,8,2226,1282169,1282169,4096,256,0,0,8,0,16,64,"0x0","0x7f7817b1a380",4181379004404568,4181379004901927,4181379004906774,4181379004915428,4847
2008,"loop_slice_fusion_3.kd",2,8,2227,1282169,1282169,16,16,0,0,20,4,16,64,"0x0","0x7f7817b1a2c0",4181379004411148,4181379004906774,4181379004911501,4181379004922478,4727
2009,"input_concatenate_fusion_1.kd",2,8,2228,1282169,1282169,4096,256,0,0,8,0,32,64,"0x0","0x7f7817b1a440",4181379004418839,4181379004911501,4181379004917270,4181379004926775,5769
2010,"loop_compare_fusion.kd",2,8,2229,1282169,1282169,8192,256,0,0,4,4,16,64,"0x0","0x7f7817b1a480",4181379004426230,4181379004917270,4181379004922317,4181379004931692,5047
2011,"input_reduce_reduce_window_fusion.kd",2,8,2230,1282169,1282169,512,512,512,0,20,4,48,64,"0x0","0x7f7817b1a4c0",4181379004432950,4181379004922317,4181379004939102,4181379004950109,16785
2012,"loop_reduce_window_fusion_8.kd",2,8,2231,1282169,1282169,32,32,0,0,32,0,16,64,"0x0","0x7f7817b1a500",4181379004440692,4181379004939102,4181379004949358,4181379004954356,10256
2013,"loop_broadcast_fusion_1.kd",2,8,2232,1282169,1282169,8192,256,0,0,4,4,16,64,"0x0","0x7f7817b1a540",4181379004447903,4181379004949358,4181379004954485,4181379004958762,5127
2014,"input_scatter_fusion_1.kd",2,8,2233,1282169,1282169,8192,256,0,0,8,0,32,64,"0x0","0x7f7817b1a580",4181379004454152,4181379004954485,4181379004959973,4181379004965132,5488
2015,"loop_reduce_window_fusion_7.kd",2,8,2234,1282169,1282169,8192,256,0,0,8,0,16,64,"0x0","0x7f7817b1a5c0",4181379004461423,4181379004959973,4181379004965061,4181379004969548,5088
2016,"loop_reduce_window_fusion_6.kd",2,8,2235,1282169,1282169,512,256,0,0,8,0,16,64,"0x0","0x7f7817b1a600",4181379004469465,4181379004965061,4181379004970149,4181379004973945,5088
2017,"loop_reduce_window_fusion_5.kd",2,8,2236,1282169,1282169,32,32,0,0,8,0,16,64,"0x0","0x7f7817b1a640",4181379004476215,4181379004970149,4181379004974956,4181379004980615,4807
2018,"loop_select_fusion_6.kd",2,8,2237,1282169,1282169,8192,256,0,0,8,0,32,64,"0x0","0x7f7817b1a680",4181379004483886,4181379004974956,4181379004980083,4181379004986654,5127
2019,"loop_select_fusion_1.kd",2,8,2238,1282169,1282169,8192,256,0,0,8,0,16,64,"0x0","0x7f7817b1a6c0",4181379004491377,4181379004980083,4181379004985091,4181379004991301,5008
2020,"loop_broadcast_fusion_4.kd",2,8,2239,1282169,1282169,16,16,0,0,4,4,16,64,"0x0","0x7f7817b1a700",4181379004498157,4181379004985091,4181379004990178,4181379004997851,5087
2021,"__amd_rocclr_fillBufferAligned.kd",2,8,2240,1282169,1282169,77824,256,0,0,12,4,48,64,"0x0","0x7f781d393580",4181379004509965,4181379004990178,4181379005003238,4181379005004440,13060
2022,"__amd_rocclr_fillBufferAligned.kd",2,8,2241,1282169,1282169,16128,256,0,0,12,4,48,64,"0x0","0x7f781d393580",4181379004516925,4181379005003238,4181379005008125,4181379005008346,4887
2023,"transformer_engine::fused_attn_rocm::populate_rng_state_kernel(long*, long const*, long) [clone .kd]",2,8,2242,1282169,1282169,1,1,0,0,8,0,16,64,"0x0","0x7f781c015380",4181379004525328,4181379005008125,4181379005012972,4181379005014465,4847
2024,"__amd_rocclr_fillBufferAligned.kd",2,8,2243,1282169,1282169,256,256,0,0,12,4,48,64,"0x0","0x7f781d393580",4181379004536104,4181379005012972,4181379005017699,4181379005019022,4727
2025,"ck_fused_attn::get_runtime_max_seqlen_kernel(unsigned long, int const*, int const*, unsigned long*) [clone .kd]",2,8,2244,1282169,1282169,4096,128,0,0,4,4,32,64,"0x0","0x7f781c004940",4181379004542373,4181379005017699,4181379005023468,4181379005023899,5769
2026,"__amd_rocclr_copyBuffer.kd",2,8,2245,1282169,1282169,512,512,0,0,16,0,32,64,"0x7fb89bde9f80","0x7f781d393600",4181379004550806,4181379005023468,4181379005029156,4181379005030139,5688
2027,"__amd_rocclr_fillBufferAligned.kd",2,8,2247,1282169,1282169,256,256,0,0,12,4,48,64,"0x0","0x7f781d393580",4181379005071430,4181379005082796,4181379005084799,4181379005111139,2003
2028,"ck_fused_attn::get_runtime_max_seqlen_kernel(unsigned long, int const*, int const*, unsigned long*) [clone .kd]",2,8,2248,1282169,1282169,4096,128,0,0,4,4,32,64,"0x0","0x7f781c004940",4181379005084559,4181379005092691,4181379005101704,4181379005121334,9013
2029,"__amd_rocclr_copyBuffer.kd",2,8,2249,1282169,1282169,512,512,0,0,16,0,32,64,"0x7fb89bc76d80","0x7f781d393600",4181379005091380,4181379005101704,4181379005106872,4181379005116397,5168
2030,"void transformer_engine::fused_attn_rocm::compute_scores_kernel<__half, transformer_engine::fused_attn_rocm::SmallSeqConfig<12, 128, 256, false, (transformer_engine::fused_attn_rocm::CausalMaskType)0>, 1>(__half const*, __half const*, __half*, float, int const*, int const*, int, int) [clone .kd]",2,8,2251,1282169,1282169,64000,64,0,0,120,0,32,64,"0x0","0x7f780414ef00",4181379005133092,4181379005151859,4181379005182865,4181379005184488,31006
2031,"void transformer_engine::fused_attn_rocm::apply_mask_and_softmax_kernel<__half, transformer_engine::fused_attn_rocm::SmallSeqConfig<12, 128, 256, false, (transformer_engine::fused_attn_rocm::CausalMaskType)0> >(__half*, __half const*, float, int const*, int, int) [clone .kd]",2,8,2252,1282169,1282169,780288,256,1024,0,16,0,16,64,"0x0","0x7f780414ef40",4181379005150157,4181379005182865,4181379005188273,4181379005193031,5408
2032,"void transformer_engine::fused_attn_rocm::compute_output_kernel<__half, transformer_engine::fused_attn_rocm::SmallSeqConfig<12, 128, 256, false, (transformer_engine::fused_attn_rocm::CausalMaskType)0>, 2, 8>(__half const*, __half const*, __half*, int const*, int const*, int, int) [clone .kd]",2,8,2253,1282169,1282169,512000,64,24576,0,24,0,32,64,"0x0","0x7f780414ef80",4181379005158489,4181379005188273,4181379005286699,4181379005287932,98426
2033,"loop_broadcast_fusion_5.kd",2,8,2254,1282169,1282169,2048000,256,0,0,4,4,16,64,"0x0","0x7f7817b1a740",4181379005168294,4181379005286699,4181379005294992,4181379005296645,8293
2034,"__amd_rocclr_fillBufferAligned.kd",2,8,2255,1282169,1282169,77824,256,0,0,12,4,48,64,"0x0","0x7f781d393580",4181379005183467,4181379005294992,4181379005301762,4181379005301522,6770
2035,"__amd_rocclr_fillBufferAligned.kd",2,8,2256,1282169,1282169,77824,256,0,0,12,4,48,64,"0x0","0x7f781d393580",4181379005205529,4181379005301762,4181379005334570,4181379005343625,32808
2036,"__amd_rocclr_fillBufferAligned.kd",2,8,2257,1282169,1282169,77824,256,0,0,12,4,48,64,"0x0","0x7f781d393580",4181379005213031,4181379005334570,4181379005367299,4181379005367070,32729
2037,"__amd_rocclr_fillBufferAligned.kd",2,8,2258,1282169,1282169,256,256,0,0,12,4,48,64,"0x0","0x7f781d393580",4181379005223186,4181379005367299,4181379005371946,4181379005373900,4647
2038,"ck_fused_attn::get_runtime_max_seqlen_kernel(unsigned long, int const*, int const*, unsigned long*) [clone .kd]",2,8,2259,1282169,1282169,4096,128,0,0,4,4,32,64,"0x0","0x7f781c004940",4181379005229515,4181379005371946,4181379005378155,4181379005380740,6209
2039,"__amd_rocclr_copyBuffer.kd",2,8,2260,1282169,1282169,512,512,0,0,16,0,32,64,"0x7fb89bc76f00","0x7f781d393600",4181379005237206,4181379005378155,4181379005383764,4181379005385267,5609
2040,"__amd_rocclr_fillBufferAligned.kd",2,8,2262,1282169,1282169,256,256,0,0,12,4,48,64,"0x0","0x7f781d393580",4181379005404816,4181379005415972,4181379005418015,4181379005421991,2043
2041,"ck_fused_attn::get_runtime_max_seqlen_kernel(unsigned long, int const*, int const*, unsigned long*) [clone .kd]",2,8,2263,1282169,1282169,4096,128,0,0,4,4,32,64,"0x0","0x7f781c004940",4181379005420299,4181379005436883,4181379005443092,4181379005442862,6209
2042,"__amd_rocclr_copyBuffer.kd",2,8,2264,1282169,1282169,512,512,0,0,16,0,32,64,"0x7fb89bc71b80","0x7f781d393600",4181379005435582,4181379005447899,4181379005452706,4181379005459217,4807
2043,"void transformer_engine::fused_attn_rocm::compute_grad_v_kernel<__half, transformer_engine::fused_attn_rocm::SmallSeqConfig<12, 128, 256, false, (transformer_engine::fused_attn_rocm::CausalMaskType)0>, 16, 16>(__half const*, __half const*, __half*, int const*, int const*, int, int) [clone .kd]",2,8,2266,1282169,1282169,256000,64,24576,0,28,4,32,64,"0x0","0x7f7804150800",4181379005475421,4181379005490002,4181379005575529,4181379005579025,85527
2044,"void transformer_engine::fused_attn_rocm::compute_grad_attn_kernel<__half, transformer_engine::fused_attn_rocm::SmallSeqConfig<12, 128, 256, false, (transformer_engine::fused_attn_rocm::CausalMaskType)0>, 16>(__half const*, __half const*, __half*, int const*, int const*, int, int) [clone .kd]",2,8,2267,1282169,1282169,8000,64,0,0,124,4,48,64,"0x0","0x7f7804150840",4181379005488010,4181379005575529,4181379005876897,4181379005877829,301368
2045,"void transformer_engine::fused_attn_rocm::softmax_backward_kernel<__half, transformer_engine::fused_attn_rocm::SmallSeqConfig<12, 128, 256, false, (transformer_engine::fused_attn_rocm::CausalMaskType)0> >(__half const*, __half const*, __half*, float, int const*, int, int) [clone .kd]",2,8,2268,1282169,1282169,780288,256,1024,0,16,0,16,64,"0x0","0x7f7804150880",4181379005495921,4181379005876897,4181379005882906,4181379005888575,6009
2046,"void transformer_engine::fused_attn_rocm::compute_grad_qk_kernel<__half, transformer_engine::fused_attn_rocm::SmallSeqConfig<12, 128, 256, false, (transformer_engine::fused_attn_rocm::CausalMaskType)0>, 4, 16>(__half const*, __half const*, __half const*, __half*, __half*, float, int const*, int const*, int, int) [clone .kd]",2,8,2269,1282169,1282169,1024000,64,24576,0,36,4,64,64,"0x0","0x7f78041508c0",4181379005504684,4181379005882906,4181379006228500,4181379006235131,345594
2047,"input_reduce_fusion.kd",2,8,2270,1282169,1282169,524288,256,512,0,16,0,16,64,"0x0","0x7f7817b1a780",4181379005514188,4181379006228500,4181379006237954,4181379006242331,9454
2048,"input_reduce_fusion_3.kd",2,8,2271,1282169,1282169,128,128,512,0,24,0,16,64,"0x0","0x7f7817b1a7c0",4181379005521259,4181379006237954,4181379006243803,4181379006247159,5849
2049,"loop_convert_fusion.kd",2,8,2272,1282169,1282169,1,1,0,0,4,4,16,64,"0x0","0x7f7817b1a800",4181379005528069,4181379006243803,4181379006248169,4181379006253558,4366
2050,"input_compare_reduce_fusion_1.kd",2,8,2275,1282169,1282169,8192,256,0,0,12,4,16,64,"0x0","0x7f7817b19c00",4181379005660095,4181379006260147,4181379006266557,4181379006283402,6410
2051,"loop_slice_fusion_1.kd",2,8,2276,1282169,1282169,3072,256,0,0,16,0,16,64,"0x0","0x7f7817b19c40",4181379005670050,4181379006266557,4181379006271684,4181379006287959,5127
2052,"loop_reduce_window_fusion_16.kd",2,8,2277,1282169,1282169,3072,256,0,0,8,0,16,64,"0x0","0x7f7817b19c80",4181379005678032,4181379006271684,4181379006279295,4181379006292546,7611
2053,"loop_reduce_window_fusion_15.kd",2,8,2278,1282169,1282169,192,192,0,0,8,0,16,64,"0x0","0x7f7817b19cc0",4181379005685553,4181379006279295,4181379006284423,4181379006297273,5128
2054,"loop_broadcast_fusion_2.kd",2,8,2279,1282169,1282169,48128,256,0,0,4,4,16,64,"0x0","0x7f7817b19d00",4181379005692123,4181379006284423,4181379006289270,4181379006302170,4847
2055,"input_scatter_fusion_2.kd",2,8,2280,1282169,1282169,48128,256,0,0,12,4,32,64,"0x0","0x7f7817b19d40",4181379005699875,4181379006289270,4181379006297883,4181379006306947,8613
2056,"loop_reduce_window_fusion_14.kd",2,8,2281,1282169,1282169,48128,256,0,0,8,0,16,64,"0x0","0x7f7817b19d80",4181379005707646,4181379006297883,4181379006302770,4181379006311274,4887
2057,"loop_reduce_window_fusion_13.kd",2,8,2282,1282169,1282169,3072,256,0,0,8,0,16,64,"0x0","0x7f7817b19dc0",4181379005714957,4181379006302770,4181379006307898,4181379006315530,5128
2058,"loop_reduce_window_fusion_15.kd",2,8,2283,1282169,1282169,192,192,0,0,8,0,16,64,"0x0","0x7f7817b19cc0",4181379005721907,4181379006307898,4181379006312505,4181379006320758,4607
2059,"loop_slice_fusion_6.kd",2,8,2284,1282169,1282169,12,12,0,0,4,4,16,64,"0x0","0x7f7817b19e00",4181379005728537,4181379006312505,4181379006317152,4181379006325475,4647
2060,"input_reduce_fusion_1.kd",2,8,2285,1282169,1282169,64,64,0,0,8,0,16,64,"0x0","0x7f7817b19e40",4181379005735007,4181379006317152,4181379006321839,4181379006329962,4687
2061,"loop_select_fusion_5.kd",2,8,2286,1282169,1282169,48128,256,0,0,12,4,32,64,"0x0","0x7f7817b19e80",4181379005742358,4181379006321839,4181379006326726,4181379006336812,4887
2062,"loop_select_fusion_2.kd",2,8,2287,1282169,1282169,48128,256,0,0,4,4,16,64,"0x0","0x7f7817b19ec0",4181379005749939,4181379006326726,4181379006331573,4181379006341609,4847
2063,"loop_reduce_window_fusion_14.kd",2,8,2288,1282169,1282169,48128,256,0,0,8,0,16,64,"0x0","0x7f7817b19d80",4181379005757120,4181379006331573,4181379006336460,4181379006346276,4887
2064,"loop_reduce_window_fusion_13.kd",2,8,2289,1282169,1282169,3072,256,0,0,8,0,16,64,"0x0","0x7f7817b19dc0",4181379005763710,4181379006336460,4181379006341548,4181379006351033,5088
2065,"loop_reduce_window_fusion_15.kd",2,8,2290,1282169,1282169,192,192,0,0,8,0,16,64,"0x0","0x7f7817b19cc0",4181379005770600,4181379006341548,4181379006346315,4181379006355710,4767
2066,"input_concatenate_fusion.kd",2,8,2291,1282169,1282169,48128,256,0,0,12,4,32,64,"0x0","0x7f7817b19f00",4181379005777400,4181379006346315,4181379006351202,4181379006360367,4887
2067,"input_compare_reduce_fusion.kd",2,8,2292,1282169,1282169,13312,256,0,0,12,4,16,64,"0x0","0x7f7817b19f40",4181379005784781,4181379006351202,4181379006356090,4181379006364994,4888
2068,"loop_slice_fusion.kd",2,8,2293,1282169,1282169,3328,256,0,0,16,0,16,64,"0x0","0x7f7817b19f80",4181379005791421,4181379006356090,4181379006360897,4181379006369631,4807
2069,"loop_reduce_window_fusion_4.kd",2,8,2294,1282169,1282169,3328,256,0,0,8,0,16,64,"0x0","0x7f7817b19fc0",4181379005799192,4181379006360897,4181379006365824,4181379006374408,4927
2070,"loop_reduce_window_fusion_3.kd",2,8,2295,1282169,1282169,208,208,0,0,8,0,16,64,"0x0","0x7f7817b1a000",4181379005805812,4181379006365824,4181379006370832,4181379006379105,5008
2071,"loop_broadcast_fusion.kd",2,8,2296,1282169,1282169,52224,256,0,0,4,4,16,64,"0x0","0x7f7817b1a040",4181379005813313,4181379006370832,4181379006375999,4181379006383321,5167
2072,"input_scatter_fusion.kd",2,8,2297,1282169,1282169,52224,256,0,0,12,4,32,64,"0x0","0x7f7817b1a080",4181379005820494,4181379006375999,4181379006384852,4181379006387688,8853
2073,"loop_reduce_window_fusion_2.kd",2,8,2298,1282169,1282169,52224,256,0,0,8,0,16,64,"0x0","0x7f7817b1a0c0",4181379005828716,4181379006384852,4181379006389860,4181379006392014,5008
2074,"loop_reduce_window_fusion_1.kd",2,8,2299,1282169,1282169,3328,256,0,0,8,0,16,64,"0x0","0x7f7817b1a100",4181379005836037,4181379006389860,4181379006395028,4181379006397983,5168
2075,"loop_reduce_window_fusion_3.kd",2,8,2300,1282169,1282169,208,208,0,0,8,0,16,64,"0x0","0x7f7817b1a000",4181379005842737,4181379006395028,4181379006399795,4181379006402570,4767
2076,"loop_slice_fusion_5.kd",2,8,2301,1282169,1282169,13,13,0,0,4,4,16,64,"0x0","0x7f7817b1a140",4181379005850178,4181379006399795,4181379006404522,4181379006414788,4727
2077,"input_reduce_fusion_2.kd",2,8,2302,1282169,1282169,64,64,0,0,8,0,16,64,"0x0","0x7f7817b1a180",4181379005857369,4181379006404522,4181379006409249,4181379006410121,4727
2078,"loop_select_fusion_4.kd",2,8,2303,1282169,1282169,52224,256,0,0,8,0,32,64,"0x0","0x7f7817b1a1c0",4181379005865451,4181379006409249,4181379006414296,4181379006421538,5047
2079,"loop_select_fusion.kd",2,8,2304,1282169,1282169,52224,256,0,0,8,0,16,64,"0x0","0x7f7817b1a200",4181379005873523,4181379006414296,4181379006419304,4181379006426375,5008
2080,"loop_compare_fusion_1.kd",2,8,2305,1282169,1282169,4096,256,0,0,4,4,16,64,"0x0","0x7f7817b1a240",4181379005880023,4181379006419304,4181379006424111,4181379006430832,4807
2081,"input_reduce_reduce_window_fusion_1.kd",2,8,2306,1282169,1282169,256,256,512,0,20,4,32,64,"0x0","0x7f7817b1a280",4181379005903517,4181379006424111,4181379006439173,4181379006451182,15062
2082,"loop_slice_fusion_3.kd",2,8,2307,1282169,1282169,16,16,0,0,20,4,16,64,"0x0","0x7f7817b1a2c0",4181379005911760,4181379006439173,4181379006443980,4181379006499584,4807
2083,"loop_broadcast_fusion_3.kd",2,8,2308,1282169,1282169,4096,256,0,0,4,4,16,64,"0x0","0x7f7817b1a300",4181379005919982,4181379006443980,4181379006449028,4181379006503840,5048
2084,"input_scatter_fusion_3.kd",2,8,2309,1282169,1282169,4096,256,0,0,8,0,32,64,"0x0","0x7f7817b1a340",4181379005927713,4181379006449028,4181379006455197,4181379006456360,6169
2085,"loop_reduce_window_fusion_18.kd",2,8,2310,1282169,1282169,4096,256,0,0,8,0,16,64,"0x0","0x7f7817b1a380",4181379005935084,4181379006455197,4181379006460044,4181379006461327,4847
2086,"loop_slice_fusion_3.kd",2,8,2311,1282169,1282169,16,16,0,0,20,4,16,64,"0x0","0x7f7817b1a2c0",4181379005942966,4181379006460044,4181379006464811,4181379006465774,4767
2087,"loop_remainder_fusion.kd",2,8,2312,1282169,1282169,4096,256,0,0,12,4,16,64,"0x0","0x7f7817b1a3c0",4181379005950457,4181379006464811,4181379006470500,4181379006470441,5689
2088,"loop_select_fusion_3.kd",2,8,2313,1282169,1282169,4096,256,0,0,8,0,32,64,"0x0","0x7f7817b1a400",4181379005959000,4181379006470500,4181379006475347,4181379006477351,4847
2089,"loop_reduce_window_fusion_18.kd",2,8,2314,1282169,1282169,4096,256,0,0,8,0,16,64,"0x0","0x7f7817b1a380",4181379005966251,4181379006475347,4181379006480234,4181379006482018,4887
2090,"loop_slice_fusion_3.kd",2,8,2315,1282169,1282169,16,16,0,0,20,4,16,64,"0x0","0x7f7817b1a2c0",4181379005973381,4181379006480234,4181379006484921,4181379006486675,4687
2091,"input_concatenate_fusion_1.kd",2,8,2316,1282169,1282169,4096,256,0,0,8,0,32,64,"0x0","0x7f7817b1a440",4181379005981844,4181379006484921,4181379006490930,4181379006491282,6009
2092,"loop_compare_fusion.kd",2,8,2317,1282169,1282169,8192,256,0,0,4,4,16,64,"0x0","0x7f7817b1a480",4181379005989776,4181379006490930,4181379006495858,4181379006495468,4928
2093,"input_reduce_reduce_window_fusion.kd",2,8,2318,1282169,1282169,512,512,512,0,20,4,48,64,"0x0","0x7f7817b1a4c0",4181379005996346,4181379006495858,4181379006512923,4181379006521386,17065
2094,"loop_reduce_window_fusion_8.kd",2,8,2319,1282169,1282169,32,32,0,0,32,0,16,64,"0x0","0x7f7817b1a500",4181379006004057,4181379006512923,4181379006522457,4181379006525603,9534
2095,"loop_broadcast_fusion_1.kd",2,8,2320,1282169,1282169,8192,256,0,0,4,4,16,64,"0x0","0x7f7817b1a540",4181379006011468,4181379006522457,4181379006527625,4181379006530069,5168
2096,"input_scatter_fusion_1.kd",2,8,2321,1282169,1282169,8192,256,0,0,8,0,32,64,"0x0","0x7f7817b1a580",4181379006019650,4181379006527625,4181379006532833,4181379006536489,5208
2097,"loop_reduce_window_fusion_7.kd",2,8,2322,1282169,1282169,8192,256,0,0,8,0,16,64,"0x0","0x7f7817b1a5c0",4181379006027552,4181379006532833,4181379006537920,4181379006541216,5087
2098,"loop_reduce_window_fusion_6.kd",2,8,2323,1282169,1282169,512,256,0,0,8,0,16,64,"0x0","0x7f7817b1a600",4181379006035303,4181379006537920,4181379006543008,4181379006545653,5088
2099,"loop_reduce_window_fusion_5.kd",2,8,2324,1282169,1282169,32,32,0,0,8,0,16,64,"0x0","0x7f7817b1a640",4181379006043215,4181379006543008,4181379006547815,4181379006553785,4807
2100,"loop_select_fusion_6.kd",2,8,2325,1282169,1282169,8192,256,0,0,8,0,32,64,"0x0","0x7f7817b1a680",4181379006051197,4181379006547815,4181379006552942,4181379006558141,5127
2101,"loop_select_fusion_1.kd",2,8,2326,1282169,1282169,8192,256,0,0,8,0,16,64,"0x0","0x7f7817b1a6c0",4181379006058979,4181379006552942,4181379006557910,4181379006562367,4968
2102,"loop_broadcast_fusion_4.kd",2,8,2327,1282169,1282169,16,16,0,0,4,4,16,64,"0x0","0x7f7817b1a700",4181379006066480,4181379006557910,4181379006562957,4181379006568657,5047
2103,"__amd_rocclr_fillBufferAligned.kd",2,8,2328,1282169,1282169,77824,256,0,0,12,4,48,64,"0x0","0x7f781d393580",4181379006078257,4181379006562957,4181379006577860,4181379006584580,14903
2104,"__amd_rocclr_fillBufferAligned.kd",2,8,2329,1282169,1282169,16128,256,0,0,12,4,48,64,"0x0","0x7f781d393580",4181379006085438,4181379006577860,4181379006582747,4181379006589458,4887
2105,"transformer_engine::fused_attn_rocm::populate_rng_state_kernel(long*, long const*, long) [clone .kd]",2,8,2330,1282169,1282169,1,1,0,0,8,0,16,64,"0x0","0x7f781c015380",4181379006095533,4181379006582747,4181379006587674,4181379006595997,4927
2106,"__amd_rocclr_fillBufferAligned.kd",2,8,2331,1282169,1282169,256,256,0,0,12,4,48,64,"0x0","0x7f781d393580",4181379006105408,4181379006587674,4181379006592401,4181379006600184,4727
2107,"ck_fused_attn::get_runtime_max_seqlen_kernel(unsigned long, int const*, int const*, unsigned long*) [clone .kd]",2,8,2332,1282169,1282169,4096,128,0,0,4,4,32,64,"0x0","0x7f781c004940",4181379006111517,4181379006592401,4181379006598170,4181379006604720,5769
2108,"__amd_rocclr_copyBuffer.kd",2,8,2333,1282169,1282169,512,512,0,0,16,0,32,64,"0x7fb89bc76c80","0x7f781d393600",4181379006119308,4181379006598170,4181379006603658,4181379006610519,5488
2109,"__amd_rocclr_fillBufferAligned.kd",2,8,2335,1282169,1282169,256,256,0,0,12,4,48,64,"0x0","0x7f781d393580",4181379006652952,4181379006664909,4181379006666952,4181379006693583,2043
2110,"ck_fused_attn::get_runtime_max_seqlen_kernel(unsigned long, int const*, int const*, unsigned long*) [clone .kd]",2,8,2336,1282169,1282169,4096,128,0,0,4,4,32,64,"0x0","0x7f781c004940",4181379006663147,4181379006670958,4181379006680292,4181379006704148,9334
2111,"__amd_rocclr_copyBuffer.kd",2,8,2337,1282169,1282169,512,512,0,0,16,0,32,64,"0x7fb89bc76880","0x7f781d393600",4181379006669807,4181379006680292,4181379006685660,4181379006698370,5368
2112,"void transformer_engine::fused_attn_rocm::compute_scores_kernel<__half, transformer_engine::fused_attn_rocm::SmallSeqConfig<12, 128, 256, false, (transformer_engine::fused_attn_rocm::CausalMaskType)0>, 1>(__half const*, __half const*, __half*, float, int const*, int const*, int, int) [clone .kd]",2,8,2339,1282169,1282169,64000,64,0,0,120,0,32,64,"0x0","0x7f780414ef00",4181379006715355,4181379006735173,4181379006765098,4181379006764808,29925
2113,"void transformer_engine::fused_attn_rocm::apply_mask_and_softmax_kernel<__half, transformer_engine::fused_attn_rocm::SmallSeqConfig<12, 128, 256, false, (transformer_engine::fused_attn_rocm::CausalMaskType)0> >(__half*, __half const*, float, int const*, int, int) [clone .kd]",2,8,2340,1282169,1282169,780288,256,1024,0,16,0,16,64,"0x0","0x7f780414ef40",4181379006733121,4181379006765098,4181379006770546,4181379006776656,5448
2114,"void transformer_engine::fused_attn_rocm::compute_output_kernel<__half, transformer_engine::fused_attn_rocm::SmallSeqConfig<12, 128, 256, false, (transformer_engine::fused_attn_rocm::CausalMaskType)0>, 2, 8>(__half const*, __half const*, __half*, int const*, int const*, int, int) [clone .kd]",2,8,2341,1282169,1282169,512000,64,24576,0,24,0,32,64,"0x0","0x7f780414ef80",4181379006740873,4181379006770546,4181379006868532,4181379006870255,97986
2115,"loop_broadcast_fusion_5.kd",2,8,2342,1282169,1282169,2048000,256,0,0,4,4,16,64,"0x0","0x7f7817b1a740",4181379006749906,4181379006868532,4181379006876784,4181379006878918,8252
2116,"__amd_rocclr_fillBufferAligned.kd",2,8,2343,1282169,1282169,77824,256,0,0,12,4,48,64,"0x0","0x7f781d393580",4181379006765169,4181379006876784,4181379006883634,4181379006883795,6850
2117,"__amd_rocclr_fillBufferAligned.kd",2,8,2344,1282169,1282169,77824,256,0,0,12,4,48,64,"0x0","0x7f781d393580",4181379006789515,4181379006883634,4181379006916323,4181379006916093,32689
2118,"__amd_rocclr_fillBufferAligned.kd",2,8,2345,1282169,1282169,77824,256,0,0,12,4,48,64,"0x0","0x7f781d393580",4181379006797737,4181379006916323,4181379006949092,4181379006961140,32769
2119,"__amd_rocclr_fillBufferAligned.kd",2,8,2346,1282169,1282169,256,256,0,0,12,4,48,64,"0x0","0x7f781d393580",4181379006806430,4181379006949092,4181379006953819,4181379006956433,4727
2120,"ck_fused_attn::get_runtime_max_seqlen_kernel(unsigned long, int const*, int const*, unsigned long*) [clone .kd]",2,8,2347,1282169,1282169,4096,128,0,0,4,4,32,64,"0x0","0x7f781c004940",4181379006812720,4181379006953819,4181379006959988,4181379006974671,6169
2121,"__amd_rocclr_copyBuffer.kd",2,8,2348,1282169,1282169,512,512,0,0,16,0,32,64,"0x7fb89bc73500","0x7f781d393600",4181379006820041,4181379006959988,4181379006965877,4181379006966849,5889
2122,"__amd_rocclr_fillBufferAligned.kd",2,8,2350,1282169,1282169,256,256,0,0,12,4,48,64,"0x0","0x7f781d393580",4181379006988101,4181379006997644,4181379006999767,4181379007006037,2123
2123,"ck_fused_attn::get_runtime_max_seqlen_kernel(unsigned long, int const*, int const*, unsigned long*) [clone .kd]",2,8,2351,1282169,1282169,4096,128,0,0,4,4,32,64,"0x0","0x7f781c004940",4181379006996944,4181379007005495,4181379007011585,4181379007015521,6090
2124,"__amd_rocclr_copyBuffer.kd",2,8,2352,1282169,1282169,512,512,0,0,16,0,32,64,"0x7fb89bde9480","0x7f781d393600",4181379007003864,4181379007022841,4181379007029010,4181379007031064,6169
2125,"void transformer_engine::fused_attn_rocm::compute_grad_v_kernel<__half, transformer_engine::fused_attn_rocm::SmallSeqConfig<12, 128, 256, false, (transformer_engine::fused_attn_rocm::CausalMaskType)0>, 16, 16>(__half const*, __half const*, __half*, int const*, int const*, int, int) [clone .kd]",2,8,2354,1282169,1282169,256000,64,24576,0,28,4,32,64,"0x0","0x7f7804150800",4181379007046377,4181379007057813,4181379007144462,4181379007152615,86649
2126,"void transformer_engine::fused_attn_rocm::compute_grad_attn_kernel<__half, transformer_engine::fused_attn_rocm::SmallSeqConfig<12, 128, 256, false, (transformer_engine::fused_attn_rocm::CausalMaskType)0>, 16>(__half const*, __half const*, __half*, int const*, int const*, int, int) [clone .kd]",2,8,2355,1282169,1282169,8000,64,0,0,124,4,48,64,"0x0","0x7f7804150840",4181379007055851,4181379007144462,4181379007446351,4181379007460303,301889
2127,"void transformer_engine::fused_attn_rocm::softmax_backward_kernel<__half, transformer_engine::fused_attn_rocm::SmallSeqConfig<12, 128, 256, false, (transformer_engine::fused_attn_rocm::CausalMaskType)0> >(__half const*, __half const*, __half*, float, int const*, int, int) [clone .kd]",2,8,2356,1282169,1282169,780288,256,1024,0,16,0,16,64,"0x0","0x7f7804150880",4181379007066157,4181379007446351,4181379007453402,4181379007467914,7051
2128,"void transformer_engine::fused_attn_rocm::compute_grad_qk_kernel<__half, transformer_engine::fused_attn_rocm::SmallSeqConfig<12, 128, 256, false, (transformer_engine::fused_attn_rocm::CausalMaskType)0>, 4, 16>(__half const*, __half const*, __half const*, __half*, __half*, float, int const*, int const*, int, int) [clone .kd]",2,8,2357,1282169,1282169,1024000,64,24576,0,36,4,64,64,"0x0","0x7f78041508c0",4181379007076322,4181379007453402,4181379007802841,4181379007816853,349439
2129,"input_reduce_fusion.kd",2,8,2358,1282169,1282169,524288,256,512,0,16,0,16,64,"0x0","0x7f7817b1a780",4181379007084644,4181379007802841,4181379007811334,4181379007825065,8493
2130,"input_reduce_fusion_3.kd",2,8,2359,1282169,1282169,128,128,512,0,24,0,16,64,"0x0","0x7f7817b1a7c0",4181379007092095,4181379007811334,4181379007816782,4181379007830113,5448
2131,"loop_convert_fusion.kd",2,8,2360,1282169,1282169,1,1,0,0,4,4,16,64,"0x0","0x7f7817b1a800",4181379007099857,4181379007816782,4181379007820868,4181379007834740,4086
2132,"input_compare_reduce_fusion_1.kd",2,8,2363,1282169,1282169,8192,256,0,0,12,4,16,64,"0x0","0x7f7817b19c00",4181379007228989,4181379007833567,4181379007839977,4181379007844074,6410
2133,"loop_slice_fusion_1.kd",2,8,2364,1282169,1282169,3072,256,0,0,16,0,16,64,"0x0","0x7f7817b19c40",4181379007238743,4181379007839977,4181379007846707,4181379007849221,6730
2134,"loop_reduce_window_fusion_16.kd",2,8,2365,1282169,1282169,3072,256,0,0,8,0,16,64,"0x0","0x7f7817b19c80",4181379007246104,4181379007846707,4181379007853437,4181379007853738,6730
2135,"loop_reduce_window_fusion_15.kd",2,8,2366,1282169,1282169,192,192,0,0,8,0,16,64,"0x0","0x7f7817b19cc0",4181379007252964,4181379007853437,4181379007859486,4181379007866006,6049
2136,"loop_broadcast_fusion_2.kd",2,8,2367,1282169,1282169,48128,256,0,0,4,4,16,64,"0x0","0x7f7817b19d00",4181379007260055,4181379007859486,4181379007864213,4181379007870964,4727
2137,"input_scatter_fusion_2.kd",2,8,2368,1282169,1282169,48128,256,0,0,12,4,32,64,"0x0","0x7f7817b19d40",4181379007268528,4181379007864213,4181379007874348,4181379007875480,10135
2138,"loop_reduce_window_fusion_14.kd",2,8,2369,1282169,1282169,48128,256,0,0,8,0,16,64,"0x0","0x7f7817b19d80",4181379007275989,4181379007874348,4181379007879195,4181379007880478,4847
2139,"loop_reduce_window_fusion_13.kd",2,8,2370,1282169,1282169,3072,256,0,0,8,0,16,64,"0x0","0x7f7817b19dc0",4181379007283079,4181379007879195,4181379007884242,4181379007885635,5047
2140,"loop_reduce_window_fusion_15.kd",2,8,2371,1282169,1282169,192,192,0,0,8,0,16,64,"0x0","0x7f7817b19cc0",4181379007290771,4181379007884242,4181379007888929,4181379007890082,4687
2141,"loop_slice_fusion_6.kd",2,8,2372,1282169,1282169,12,12,0,0,4,4,16,64,"0x0","0x7f7817b19e00",4181379007298492,4181379007888929,4181379007893616,4181379007896672,4687
2142,"input_reduce_fusion_1.kd",2,8,2373,1282169,1282169,64,64,0,0,8,0,16,64,"0x0","0x7f7817b19e40",4181379007306114,4181379007893616,4181379007898263,4181379007901589,4647
2143,"loop_select_fusion_5.kd",2,8,2374,1282169,1282169,48128,256,0,0,12,4,32,64,"0x0","0x7f7817b19e80",4181379007314025,4181379007898263,4181379007903271,4181379007906577,5008
2144,"loop_select_fusion_2.kd",2,8,2375,1282169,1282169,48128,256,0,0,4,4,16,64,"0x0","0x7f7817b19ec0",4181379007321827,4181379007903271,4181379007908158,4181379007911133,4887
2145,"loop_reduce_window_fusion_14.kd",2,8,2376,1282169,1282169,48128,256,0,0,8,0,16,64,"0x0","0x7f7817b19d80",4181379007328447,4181379007908158,4181379007913045,4181379007915730,4887
2146,"loop_reduce_window_fusion_13.kd",2,8,2377,1282169,1282169,3072,256,0,0,8,0,16,64,"0x0","0x7f7817b19dc0",4181379007335708,4181379007913045,4181379007918133,4181379007920207,5088
2147,"loop_reduce_window_fusion_15.kd",2,8,2378,1282169,1282169,192,192,0,0,8,0,16,64,"0x0","0x7f7817b19cc0",4181379007342387,4181379007918133,4181379007922780,4181379007924744,4647
2148,"input_concatenate_fusion.kd",2,8,2379,1282169,1282169,48128,256,0,0,12,4,32,64,"0x0","0x7f7817b19f00",4181379007349448,4181379007922780,4181379007927627,4181379007929591,4847
2149,"input_compare_reduce_fusion.kd",2,8,2380,1282169,1282169,13312,256,0,0,12,4,16,64,"0x0","0x7f7817b19f40",4181379007356799,4181379007927627,4181379007932514,4181379007934208,4887
2150,"loop_slice_fusion.kd",2,8,2381,1282169,1282169,3328,256,0,0,16,0,16,64,"0x0","0x7f7817b19f80",4181379007364310,4181379007932514,4181379007937361,4181379007938945,4847
2151,"loop_reduce_window_fusion_4.kd",2,8,2382,1282169,1282169,3328,256,0,0,8,0,16,64,"0x0","0x7f7817b19fc0",4181379007371831,4181379007937361,4181379007942289,4181379007943381,4928
2152,"loop_reduce_window_fusion_3.kd",2,8,2383,1282169,1282169,208,208,0,0,8,0,16,64,"0x0","0x7f7817b1a000",4181379007379292,4181379007942289,4181379007947056,4181379007948479,4767
2153,"loop_broadcast_fusion.kd",2,8,2384,1282169,1282169,52224,256,0,0,4,4,16,64,"0x0","0x7f7817b1a040",4181379007386774,4181379007947056,4181379007952183,4181379007953316,5127
2154,"input_scatter_fusion.kd",2,8,2385,1282169,1282169,52224,256,0,0,12,4,32,64,"0x0","0x7f7817b1a080",4181379007395106,4181379007952183,4181379007961357,4181379007963802,9174
2155,"loop_reduce_window_fusion_2.kd",2,8,2386,1282169,1282169,52224,256,0,0,8,0,16,64,"0x0","0x7f7817b1a0c0",4181379007402707,4181379007961357,4181379007966324,4181379007968368,4967
2156,"loop_reduce_window_fusion_1.kd",2,8,2387,1282169,1282169,3328,256,0,0,8,0,16,64,"0x0","0x7f7817b1a100",4181379007410158,4181379007966324,4181379007971492,4181379007973156,5168
2157,"loop_reduce_window_fusion_3.kd",2,8,2388,1282169,1282169,208,208,0,0,8,0,16,64,"0x0","0x7f7817b1a000",4181379007417239,4181379007971492,4181379007976259,4181379007977943,4767
2158,"loop_slice_fusion_5.kd",2,8,2389,1282169,1282169,13,13,0,0,4,4,16,64,"0x0","0x7f7817b1a140",4181379007423889,4181379007976259,4181379007980986,4181379007985294,4727
2159,"input_reduce_fusion_2.kd",2,8,2390,1282169,1282169,64,64,0,0,8,0,16,64,"0x0","0x7f7817b1a180",4181379007431981,4181379007980986,4181379007985753,4181379008002429,4767
2160,"loop_select_fusion_4.kd",2,8,2391,1282169,1282169,52224,256,0,0,8,0,32,64,"0x0","0x7f7817b1a1c0",4181379007439802,4181379007985753,4181379007990801,4181379007992124,5048
2161,"loop_select_fusion.kd",2,8,2392,1282169,1282169,52224,256,0,0,8,0,16,64,"0x0","0x7f7817b1a200",4181379007447794,4181379007990801,4181379007995808,4181379007997742,5007
2162,"loop_compare_fusion_1.kd",2,8,2393,1282169,1282169,4096,256,0,0,4,4,16,64,"0x0","0x7f7817b1a240",4181379007458320,4181379007995808,4181379008000696,4181379008008708,4888
2163,"input_reduce_reduce_window_fusion_1.kd",2,8,2394,1282169,1282169,256,256,512,0,20,4,32,64,"0x0","0x7f7817b1a280",4181379007482706,4181379008000696,4181379008015798,4181379008015629,15102
2164,"loop_slice_fusion_3.kd",2,8,2395,1282169,1282169,16,16,0,0,20,4,16,64,"0x0","0x7f7817b1a2c0",4181379007490227,4181379008015798,4181379008020605,4181379008023270,4807
2165,"loop_broadcast_fusion_3.kd",2,8,2396,1282169,1282169,4096,256,0,0,4,4,16,64,"0x0","0x7f7817b1a300",4181379007498139,4181379008020605,4181379008025773,4181379008030281,5168
2166,"input_scatter_fusion_3.kd",2,8,2397,1282169,1282169,4096,256,0,0,8,0,32,64,"0x0","0x7f7817b1a340",4181379007505099,4181379008025773,4181379008031982,4181379008034607,6209
2167,"loop_reduce_window_fusion_18.kd",2,8,2398,1282169,1282169,4096,256,0,0,8,0,16,64,"0x0","0x7f7817b1a380",4181379007512591,4181379008031982,4181379008036789,4181379008040726,4807
2168,"loop_slice_fusion_3.kd",2,8,2399,1282169,1282169,16,16,0,0,20,4,16,64,"0x0","0x7f7817b1a2c0",4181379007520783,4181379008036789,4181379008041516,4181379008047336,4727
2169,"loop_remainder_fusion.kd",2,8,2400,1282169,1282169,4096,256,0,0,12,4,16,64,"0x0","0x7f7817b1a3c0",4181379007528645,4181379008041516,4181379008047245,4181379008051833,5729
2170,"loop_select_fusion_3.kd",2,8,2401,1282169,1282169,4096,256,0,0,8,0,32,64,"0x0","0x7f7817b1a400",4181379007536366,4181379008047245,4181379008052052,4181379008056109,4807
2171,"loop_reduce_window_fusion_18.kd",2,8,2402,1282169,1282169,4096,256,0,0,8,0,16,64,"0x0","0x7f7817b1a380",4181379007544158,4181379008052052,4181379008056899,4181379008063019,4847
2172,"loop_slice_fusion_3.kd",2,8,2403,1282169,1282169,16,16,0,0,20,4,16,64,"0x0","0x7f7817b1a2c0",4181379007550397,4181379008056899,4181379008061666,4181379008067366,4767
2173,"input_concatenate_fusion_1.kd",2,8,2404,1282169,1282169,4096,256,0,0,8,0,32,64,"0x0","0x7f7817b1a440",4181379007557648,4181379008061666,4181379008067435,4181379008071983,5769
2174,"loop_compare_fusion.kd",2,8,2405,1282169,1282169,8192,256,0,0,4,4,16,64,"0x0","0x7f7817b1a480",4181379007564798,4181379008067435,4181379008072402,4181379008078522,4967
2175,"input_reduce_reduce_window_fusion.kd",2,8,2406,1282169,1282169,512,512,512,0,20,4,48,64,"0x0","0x7f7817b1a4c0",4181379007572410,4181379008072402,4181379008089548,4181379008096910,17146
2176,"loop_reduce_window_fusion_8.kd",2,8,2407,1282169,1282169,32,32,0,0,32,0,16,64,"0x0","0x7f7817b1a500",4181379007580301,4181379008089548,4181379008099683,4181379008101066,10135
2177,"loop_broadcast_fusion_1.kd",2,8,2408,1282169,1282169,8192,256,0,0,4,4,16,64,"0x0","0x7f7817b1a540",4181379007587953,4181379008099683,4181379008104810,4181379008108126,5127
2178,"input_scatter_fusion_1.kd",2,8,2409,1282169,1282169,8192,256,0,0,8,0,32,64,"0x0","0x7f7817b1a580",4181379007594903,4181379008104810,4181379008110018,4181379008113124,5208
2179,"loop_reduce_window_fusion_7.kd",2,8,2410,1282169,1282169,8192,256,0,0,8,0,16,64,"0x0","0x7f7817b1a5c0",4181379007603235,4181379008110018,4181379008115146,4181379008118922,5128
2180,"loop_reduce_window_fusion_6.kd",2,8,2411,1282169,1282169,512,256,0,0,8,0,16,64,"0x0","0x7f7817b1a600",4181379007610967,4181379008115146,4181379008120153,4181379008125602,5007
2181,"loop_reduce_window_fusion_5.kd",2,8,2412,1282169,1282169,32,32,0,0,8,0,16,64,"0x0","0x7f7817b1a640",4181379007618809,4181379008120153,4181379008124960,4181379008130149,4807
2182,"loop_select_fusion_6.kd",2,8,2413,1282169,1282169,8192,256,0,0,8,0,32,64,"0x0","0x7f7817b1a680",4181379007627161,4181379008124960,4181379008130088,4181379008134746,5128
2183,"loop_select_fusion_1.kd",2,8,2414,1282169,1282169,8192,256,0,0,8,0,16,64,"0x0","0x7f7817b1a6c0",4181379007635153,4181379008130088,4181379008135015,4181379008145862,4927
2184,"loop_broadcast_fusion_4.kd",2,8,2415,1282169,1282169,16,16,0,0,4,4,16,64,"0x0","0x7f7817b1a700",4181379007641082,4181379008135015,4181379008140183,4181379008141276,5168
2185,"__amd_rocclr_fillBufferAligned.kd",2,8,2416,1282169,1282169,77824,256,0,0,12,4,48,64,"0x0","0x7f781d393580",4181379007653100,4181379008140183,4181379008154044,4181379008167445,13861
2186,"__amd_rocclr_fillBufferAligned.kd",2,8,2417,1282169,1282169,16128,256,0,0,12,4,48,64,"0x0","0x7f781d393580",4181379007659770,4181379008154044,4181379008158891,4181379008162377,4847
2187,"transformer_engine::fused_attn_rocm::populate_rng_state_kernel(long*, long const*, long) [clone .kd]",2,8,2418,1282169,1282169,1,1,0,0,8,0,16,64,"0x0","0x7f781c015380",4181379007670265,4181379008158891,4181379008163818,4181379008171851,4927
2188,"__amd_rocclr_fillBufferAligned.kd",2,8,2419,1282169,1282169,256,256,0,0,12,4,48,64,"0x0","0x7f781d393580",4181379007680260,4181379008163818,4181379008168505,4181379008178551,4687
2189,"ck_fused_attn::get_runtime_max_seqlen_kernel(unsigned long, int const*, int const*, unsigned long*) [clone .kd]",2,8,2420,1282169,1282169,4096,128,0,0,4,4,32,64,"0x0","0x7f781c004940",4181379007687341,4181379008168505,4181379008174314,4181379008188646,5809
2190,"__amd_rocclr_copyBuffer.kd",2,8,2421,1282169,1282169,512,512,0,0,16,0,32,64,"0x7fb89bde9580","0x7f781d393600",4181379007696765,4181379008174314,4181379008179962,4181379008182938,5648
2191,"__amd_rocclr_fillBufferAligned.kd",2,8,2423,1282169,1282169,256,256,0,0,12,4,48,64,"0x0","0x7f781d393580",4181379008232031,4181379008242575,4181379008244498,4181379008273743,1923
2192,"ck_fused_attn::get_runtime_max_seqlen_kernel(unsigned long, int const*, int const*, unsigned long*) [clone .kd]",2,8,2424,1282169,1282169,4096,128,0,0,4,4,32,64,"0x0","0x7f781c004940",4181379008241515,4181379008250106,4181379008255715,4181379008284389,5609
2193,"__amd_rocclr_copyBuffer.kd",2,8,2425,1282169,1282169,512,512,0,0,16,0,32,64,"0x7fb89bc71780","0x7f781d393600",4181379008252972,4181379008261724,4181379008268053,4181379008279501,6329
2194,"void transformer_engine::fused_attn_rocm::compute_scores_kernel<__half, transformer_engine::fused_attn_rocm::SmallSeqConfig<12, 128, 256, false, (transformer_engine::fused_attn_rocm::CausalMaskType)0>, 1>(__half const*, __half const*, __half*, float, int const*, int const*, int, int) [clone .kd]",2,8,2427,1282169,1282169,64000,64,0,0,120,0,32,64,"0x0","0x7f780414ef00",4181379008295515,4181379008312639,4181379008342764,4181379008344288,30125
2195,"void transformer_engine::fused_attn_rocm::apply_mask_and_softmax_kernel<__half, transformer_engine::fused_attn_rocm::SmallSeqConfig<12, 128, 256, false, (transformer_engine::fused_attn_rocm::CausalMaskType)0> >(__half*, __half const*, float, int const*, int, int) [clone .kd]",2,8,2428,1282169,1282169,780288,256,1024,0,16,0,16,64,"0x0","0x7f780414ef40",4181379008310397,4181379008342764,4181379008348373,4181379008352870,5609
2196,"void transformer_engine::fused_attn_rocm::compute_output_kernel<__half, transformer_engine::fused_attn_rocm::SmallSeqConfig<12, 128, 256, false, (transformer_engine::fused_attn_rocm::CausalMaskType)0>, 2, 8>(__half const*, __half const*, __half*, int const*, int const*, int, int) [clone .kd]",2,8,2429,1282169,1282169,512000,64,24576,0,24,0,32,64,"0x0","0x7f780414ef80",4181379008317668,4181379008348373,4181379008446318,4181379008449304,97945
2197,"loop_broadcast_fusion_5.kd",2,8,2430,1282169,1282169,2048000,256,0,0,4,4,16,64,"0x0","0x7f7817b1a740",4181379008328033,4181379008446318,4181379008454571,4181379008457826,8253
2198,"__amd_rocclr_fillBufferAligned.kd",2,8,2431,1282169,1282169,77824,256,0,0,12,4,48,64,"0x0","0x7f781d393580",4181379008344628,4181379008454571,4181379008461421,4181379008462764,6850
2199,"__amd_rocclr_fillBufferAligned.kd",2,8,2432,1282169,1282169,77824,256,0,0,12,4,48,64,"0x0","0x7f781d393580",4181379008365129,4181379008461421,4181379008493869,4181379008495513,32448
2200,"__amd_rocclr_fillBufferAligned.kd",2,8,2433,1282169,1282169,77824,256,0,0,12,4,48,64,"0x0","0x7f781d393580",4181379008371799,4181379008493869,4181379008526958,4181379008528011,33089
2201,"__amd_rocclr_fillBufferAligned.kd",2,8,2434,1282169,1282169,256,256,0,0,12,4,48,64,"0x0","0x7f781d393580",4181379008380061,4181379008526958,4181379008531605,4181379008536644,4647
2202,"ck_fused_attn::get_runtime_max_seqlen_kernel(unsigned long, int const*, int const*, unsigned long*) [clone .kd]",2,8,2435,1282169,1282169,4096,128,0,0,4,4,32,64,"0x0","0x7f781c004940",4181379008386160,4181379008531605,4181379008537814,4181379008543484,6209
2203,"__amd_rocclr_copyBuffer.kd",2,8,2436,1282169,1282169,512,512,0,0,16,0,32,64,"0x7fb89bc71900","0x7f781d393600",4181379008393982,4181379008537814,4181379008543823,4181379008548021,6009
2204,"__amd_rocclr_fillBufferAligned.kd",2,8,2438,1282169,1282169,256,256,0,0,12,4,48,64,"0x0","0x7f781d393580",4181379008563934,4181379008573828,4181379008575951,4181379008584825,2123
2205,"ck_fused_attn::get_runtime_max_seqlen_kernel(unsigned long, int const*, int const*, unsigned long*) [clone .kd]",2,8,2439,1282169,1282169,4096,128,0,0,4,4,32,64,"0x0","0x7f781c004940",4181379008573358,4181379008585365,4181379008591454,4181379008594069,6089
2206,"__amd_rocclr_copyBuffer.kd",2,8,2440,1282169,1282169,512,512,0,0,16,0,32,64,"0x7fb89bde9a00","0x7f781d393600",4181379008583804,4181379008600628,4181379008607077,4181379008609893,6449
2207,"void transformer_engine::fused_attn_rocm::compute_grad_v_kernel<__half, transformer_engine::fused_attn_rocm::SmallSeqConfig<12, 128, 256, false, (transformer_engine::fused_attn_rocm::CausalMaskType)0>, 16, 16>(__half const*, __half const*, __half*, int const*, int const*, int, int) [clone .kd]",2,8,2442,1282169,1282169,256000,64,24576,0,28,4,32,64,"0x0","0x7f7804150800",4181379008626718,4181379008642330,4181379008727376,4181379008730712,85046
2208,"void transformer_engine::fused_attn_rocm::compute_grad_attn_kernel<__half, transformer_engine::fused_attn_rocm::SmallSeqConfig<12, 128, 256, false, (transformer_engine::fused_attn_rocm::CausalMaskType)0>, 16>(__half const*, __half const*, __half*, int const*, int const*, int, int) [clone .kd]",2,8,2443,1282169,1282169,8000,64,0,0,124,4,48,64,"0x0","0x7f7804150840",4181379008640618,4181379008727376,4181379009026301,4181379009033062,298925
2209,"void transformer_engine::fused_attn_rocm::softmax_backward_kernel<__half, transformer_engine::fused_attn_rocm::SmallSeqConfig<12, 128, 256, false, (transformer_engine::fused_attn_rocm::CausalMaskType)0> >(__half const*, __half const*, __half*, float, int const*, int, int) [clone .kd]",2,8,2444,1282169,1282169,780288,256,1024,0,16,0,16,64,"0x0","0x7f7804150880",4181379008648079,4181379009026301,4181379009031989,4181379009041625,5688
2210,"void transformer_engine::fused_attn_rocm::compute_grad_qk_kernel<__half, transformer_engine::fused_attn_rocm::SmallSeqConfig<12, 128, 256, false, (transformer_engine::fused_attn_rocm::CausalMaskType)0>, 4, 16>(__half const*, __half const*, __half const*, __half*, __half*, float, int const*, int const*, int, int) [clone .kd]",2,8,2445,1282169,1282169,1024000,64,24576,0,36,4,64,64,"0x0","0x7f78041508c0",4181379008656532,4181379009031989,4181379009384794,4181379009391445,352805
2211,"input_reduce_fusion.kd",2,8,2446,1282169,1282169,524288,256,512,0,16,0,16,64,"0x0","0x7f7817b1a780",4181379008665185,4181379009384794,4181379009393247,4181379009399086,8453
2212,"input_reduce_fusion_3.kd",2,8,2447,1282169,1282169,128,128,512,0,24,0,16,64,"0x0","0x7f7817b1a7c0",4181379008672476,4181379009393247,4181379009398775,4181379009403894,5528
2213,"loop_convert_fusion.kd",2,8,2448,1282169,1282169,1,1,0,0,4,4,16,64,"0x0","0x7f7817b1a800",4181379008679937,4181379009398775,4181379009404023,4181379009408480,5248
2214,"input_compare_reduce_fusion_1.kd",2,8,2451,1282169,1282169,8192,256,0,0,12,4,16,64,"0x0","0x7f7817b19c00",4181379008812083,4181379009416802,4181379009422851,4181379009438725,6049
2215,"loop_slice_fusion_1.kd",2,8,2452,1282169,1282169,3072,256,0,0,16,0,16,64,"0x0","0x7f7817b19c40",4181379008821848,4181379009422851,4181379009428058,4181379009443653,5207
2216,"loop_reduce_window_fusion_16.kd",2,8,2453,1282169,1282169,3072,256,0,0,8,0,16,64,"0x0","0x7f7817b19c80",4181379008829599,4181379009428058,4181379009435710,4181379009448149,7652
2217,"loop_reduce_window_fusion_15.kd",2,8,2454,1282169,1282169,192,192,0,0,8,0,16,64,"0x0","0x7f7817b19cc0",4181379008836750,4181379009435710,4181379009440917,4181379009453658,5207
2218,"loop_broadcast_fusion_2.kd",2,8,2455,1282169,1282169,48128,256,0,0,4,4,16,64,"0x0","0x7f7817b19d00",4181379008843881,4181379009440917,4181379009445685,4181379009459036,4768
2219,"input_scatter_fusion_2.kd",2,8,2456,1282169,1282169,48128,256,0,0,12,4,32,64,"0x0","0x7f7817b19d40",4181379008852183,4181379009445685,4181379009454217,4181379009463342,8532
2220,"loop_reduce_window_fusion_14.kd",2,8,2457,1282169,1282169,48128,256,0,0,8,0,16,64,"0x0","0x7f7817b19d80",4181379008859554,4181379009454217,4181379009459145,4181379009467869,4928
2221,"loop_reduce_window_fusion_13.kd",2,8,2458,1282169,1282169,3072,256,0,0,8,0,16,64,"0x0","0x7f7817b19dc0",4181379008867105,4181379009459145,4181379009464232,4181379009472836,5087
2222,"loop_reduce_window_fusion_15.kd",2,8,2459,1282169,1282169,192,192,0,0,8,0,16,64,"0x0","0x7f7817b19cc0",4181379008874025,4181379009464232,4181379009468879,4181379009480638,4647
2223,"loop_slice_fusion_6.kd",2,8,2460,1282169,1282169,12,12,0,0,4,4,16,64,"0x0","0x7f7817b19e00",4181379008881697,4181379009468879,4181379009473526,4181379009485214,4647
2224,"input_reduce_fusion_1.kd",2,8,2461,1282169,1282169,64,64,0,0,8,0,16,64,"0x0","0x7f7817b19e40",4181379008888777,4181379009473526,4181379009478133,4181379009489741,4607
2225,"loop_select_fusion_5.kd",2,8,2462,1282169,1282169,48128,256,0,0,12,4,32,64,"0x0","0x7f7817b19e80",4181379008896879,4181379009478133,4181379009483060,4181379009494478,4927
2226,"loop_select_fusion_2.kd",2,8,2463,1282169,1282169,48128,256,0,0,4,4,16,64,"0x0","0x7f7817b19ec0",4181379008903790,4181379009483060,4181379009487947,4181379009499205,4887
2227,"loop_reduce_window_fusion_14.kd",2,8,2464,1282169,1282169,48128,256,0,0,8,0,16,64,"0x0","0x7f7817b19d80",4181379008910910,4181379009487947,4181379009492875,4181379009503592,4928
2228,"loop_reduce_window_fusion_13.kd",2,8,2465,1282169,1282169,3072,256,0,0,8,0,16,64,"0x0","0x7f7817b19dc0",4181379008917470,4181379009492875,4181379009497882,4181379009508149,5007
2229,"loop_reduce_window_fusion_15.kd",2,8,2466,1282169,1282169,192,192,0,0,8,0,16,64,"0x0","0x7f7817b19cc0",4181379008924210,4181379009497882,4181379009502569,4181379009512836,4687
2230,"input_concatenate_fusion.kd",2,8,2467,1282169,1282169,48128,256,0,0,12,4,32,64,"0x0","0x7f7817b19f00",4181379008930850,4181379009502569,4181379009507496,4181379009517362,4927
2231,"input_compare_reduce_fusion.kd",2,8,2468,1282169,1282169,13312,256,0,0,12,4,16,64,"0x0","0x7f7817b19f40",4181379008938221,4181379009507496,4181379009512344,4181379009521819,4848
2232,"loop_slice_fusion.kd",2,8,2469,1282169,1282169,3328,256,0,0,16,0,16,64,"0x0","0x7f7817b19f80",4181379008945071,4181379009512344,4181379009517231,4181379009526266,4887
2233,"loop_reduce_window_fusion_4.kd",2,8,2470,1282169,1282169,3328,256,0,0,8,0,16,64,"0x0","0x7f7817b19fc0",4181379008953624,4181379009517231,4181379009522158,4181379009530832,4927
2234,"loop_reduce_window_fusion_3.kd",2,8,2471,1282169,1282169,208,208,0,0,8,0,16,64,"0x0","0x7f7817b1a000",4181379008960975,4181379009522158,4181379009527005,4181379009537753,4847
2235,"loop_broadcast_fusion.kd",2,8,2472,1282169,1282169,52224,256,0,0,4,4,16,64,"0x0","0x7f7817b1a040",4181379008967755,4181379009527005,4181379009532133,4181379009542520,5128
2236,"input_scatter_fusion.kd",2,8,2473,1282169,1282169,52224,256,0,0,12,4,32,64,"0x0","0x7f7817b1a080",4181379008975717,4181379009532133,4181379009540986,4181379009547457,8853
2237,"loop_reduce_window_fusion_2.kd",2,8,2474,1282169,1282169,52224,256,0,0,8,0,16,64,"0x0","0x7f7817b1a0c0",4181379008983028,4181379009540986,4181379009545954,4181379009551864,4968
2238,"loop_reduce_window_fusion_1.kd",2,8,2475,1282169,1282169,3328,256,0,0,8,0,16,64,"0x0","0x7f7817b1a100",4181379008990208,4181379009545954,4181379009551121,4181379009556280,5167
2239,"loop_reduce_window_fusion_3.kd",2,8,2476,1282169,1282169,208,208,0,0,8,0,16,64,"0x0","0x7f7817b1a000",4181379008996538,4181379009551121,4181379009555808,4181379009560506,4687
2240,"loop_slice_fusion_5.kd",2,8,2477,1282169,1282169,13,13,0,0,4,4,16,64,"0x0","0x7f7817b1a140",4181379009004870,4181379009555808,4181379009560495,4181379009573326,4687
2241,"input_reduce_fusion_2.kd",2,8,2478,1282169,1282169,64,64,0,0,8,0,16,64,"0x0","0x7f7817b1a180",4181379009012441,4181379009560495,4181379009565262,4181379009568819,4767
2242,"loop_select_fusion_4.kd",2,8,2479,1282169,1282169,52224,256,0,0,8,0,32,64,"0x0","0x7f7817b1a1c0",4181379009019762,4181379009565262,4181379009570310,4181379009580286,5048
2243,"loop_select_fusion.kd",2,8,2480,1282169,1282169,52224,256,0,0,8,0,16,64,"0x0","0x7f7817b1a200",4181379009027874,4181379009570310,4181379009575277,4181379009584682,4967
2244,"loop_compare_fusion_1.kd",2,8,2481,1282169,1282169,4096,256,0,0,4,4,16,64,"0x0","0x7f7817b1a240",4181379009034674,4181379009575277,4181379009580205,4181379009589059,4928
2245,"input_reduce_reduce_window_fusion_1.kd",2,8,2482,1282169,1282169,256,256,512,0,20,4,32,64,"0x0","0x7f7817b1a280",4181379009058981,4181379009580205,4181379009596429,4181379009596159,16224
2246,"loop_slice_fusion_3.kd",2,8,2483,1282169,1282169,16,16,0,0,20,4,16,64,"0x0","0x7f7817b1a2c0",4181379009067053,4181379009596429,4181379009601196,4181379009602930,4767
2247,"loop_broadcast_fusion_3.kd",2,8,2484,1282169,1282169,4096,256,0,0,4,4,16,64,"0x0","0x7f7817b1a300",4181379009074864,4181379009601196,4181379009606283,4181379009608979,5087
2248,"input_scatter_fusion_3.kd",2,8,2485,1282169,1282169,4096,256,0,0,8,0,32,64,"0x0","0x7f7817b1a340",4181379009082045,4181379009606283,4181379009612212,4181379009615709,5929
2249,"loop_reduce_window_fusion_18.kd",2,8,2486,1282169,1282169,4096,256,0,0,8,0,16,64,"0x0","0x7f7817b1a380",4181379009088865,4181379009612212,4181379009616979,4181379009620506,4767
2250,"loop_slice_fusion_3.kd",2,8,2487,1282169,1282169,16,16,0,0,20,4,16,64,"0x0","0x7f7817b1a2c0",4181379009096967,4181379009616979,4181379009621746,4181379009625042,4767
2251,"loop_remainder_fusion.kd",2,8,2488,1282169,1282169,4096,256,0,0,12,4,16,64,"0x0","0x7f7817b1a3c0",4181379009104188,4181379009621746,4181379009627475,4181379009632013,5729
2252,"loop_select_fusion_3.kd",2,8,2489,1282169,1282169,4096,256,0,0,8,0,32,64,"0x0","0x7f7817b1a400",4181379009113111,4181379009627475,4181379009632242,4181379009636850,4767
2253,"loop_reduce_window_fusion_18.kd",2,8,2490,1282169,1282169,4096,256,0,0,8,0,16,64,"0x0","0x7f7817b1a380",4181379009120512,4181379009632242,4181379009637129,4181379009641567,4887
2254,"loop_slice_fusion_3.kd",2,8,2491,1282169,1282169,16,16,0,0,20,4,16,64,"0x0","0x7f7817b1a2c0",4181379009127112,4181379009637129,4181379009641776,4181379009648037,4647
2255,"input_concatenate_fusion_1.kd",2,8,2492,1282169,1282169,4096,256,0,0,8,0,32,64,"0x0","0x7f7817b1a440",4181379009135024,4181379009641776,4181379009647585,4181379009652523,5809
2256,"loop_compare_fusion.kd",2,8,2493,1282169,1282169,8192,256,0,0,4,4,16,64,"0x0","0x7f7817b1a480",4181379009142485,4181379009647585,4181379009652512,4181379009656930,4927
2257,"input_reduce_reduce_window_fusion.kd",2,8,2494,1282169,1282169,512,512,512,0,20,4,48,64,"0x0","0x7f7817b1a4c0",4181379009149816,4181379009652512,4181379009670339,4181379009674176,17827
2258,"loop_reduce_window_fusion_8.kd",2,8,2495,1282169,1282169,32,32,0,0,32,0,16,64,"0x0","0x7f7817b1a500",4181379009157517,4181379009670339,4181379009680674,4181379009681476,10335
2259,"loop_broadcast_fusion_1.kd",2,8,2496,1282169,1282169,8192,256,0,0,4,4,16,64,"0x0","0x7f7817b1a540",4181379009164948,4181379009680674,4181379009685922,4181379009687295,5248
2260,"input_scatter_fusion_1.kd",2,8,2497,1282169,1282169,8192,256,0,0,8,0,32,64,"0x0","0x7f7817b1a580",4181379009172630,4181379009685922,4181379009691009,4181379009693474,5087
2261,"loop_reduce_window_fusion_7.kd",2,8,2498,1282169,1282169,8192,256,0,0,8,0,16,64,"0x0","0x7f7817b1a5c0",4181379009180211,4181379009691009,4181379009696137,4181379009698231,5128
2262,"loop_reduce_window_fusion_6.kd",2,8,2499,1282169,1282169,512,256,0,0,8,0,16,64,"0x0","0x7f7817b1a600",4181379009187201,4181379009696137,4181379009701225,4181379009702668,5088
2263,"loop_reduce_window_fusion_5.kd",2,8,2500,1282169,1282169,32,32,0,0,8,0,16,64,"0x0","0x7f7817b1a640",4181379009194502,4181379009701225,4181379009706032,4181379009708837,4807
2264,"loop_select_fusion_6.kd",2,8,2501,1282169,1282169,8192,256,0,0,8,0,32,64,"0x0","0x7f7817b1a680",4181379009202394,4181379009706032,4181379009711159,4181379009713113,5127
2265,"loop_select_fusion_1.kd",2,8,2502,1282169,1282169,8192,256,0,0,8,0,16,64,"0x0","0x7f7817b1a6c0",4181379009210246,4181379009711159,4181379009716127,4181379009717530,4968
2266,"loop_broadcast_fusion_4.kd",2,8,2503,1282169,1282169,16,16,0,0,4,4,16,64,"0x0","0x7f7817b1a700",4181379009217416,4181379009716127,4181379009721174,4181379009724240,5047
2267,"__amd_rocclr_fillBufferAligned.kd",2,8,2504,1282169,1282169,77824,256,0,0,12,4,48,64,"0x0","0x7f781d393580",4181379009228953,4181379009721174,4181379009734634,4181379009740104,13460
2268,"__amd_rocclr_fillBufferAligned.kd",2,8,2505,1282169,1282169,16128,256,0,0,12,4,48,64,"0x0","0x7f781d393580",4181379009234722,4181379009734634,4181379009739562,4181379009744440,4928
2269,"transformer_engine::fused_attn_rocm::populate_rng_state_kernel(long*, long const*, long) [clone .kd]",2,8,2506,1282169,1282169,1,1,0,0,8,0,16,64,"0x0","0x7f781c015380",4181379009244476,4181379009739562,4181379009744489,4181379009750880,4927
2270,"__amd_rocclr_fillBufferAligned.kd",2,8,2507,1282169,1282169,256,256,0,0,12,4,48,64,"0x0","0x7f781d393580",4181379009255092,4181379009744489,4181379009749136,4181379009755416,4647
2271,"ck_fused_attn::get_runtime_max_seqlen_kernel(unsigned long, int const*, int const*, unsigned long*) [clone .kd]",2,8,2508,1282169,1282169,4096,128,0,0,4,4,32,64,"0x0","0x7f781c004940",4181379009262503,4181379009749136,4181379009754904,4181379009760244,5768
2272,"__amd_rocclr_copyBuffer.kd",2,8,2509,1282169,1282169,512,512,0,0,16,0,32,64,"0x7fb89bde9080","0x7f781d393600",4181379009271046,4181379009754904,4181379009766081,4181379009767885,11177
2273,"__amd_rocclr_fillBufferAligned.kd",2,8,2511,1282169,1282169,256,256,0,0,12,4,48,64,"0x0","0x7f781d393580",4181379009812131,4181379009823486,4181379009825529,4181379009851439,2043
2274,"ck_fused_attn::get_runtime_max_seqlen_kernel(unsigned long, int const*, int const*, unsigned long*) [clone .kd]",2,8,2512,1282169,1282169,4096,128,0,0,4,4,32,64,"0x0","0x7f781c004940",4181379009824820,4181379009832860,4181379009842074,4181379009861174,9214
2275,"__amd_rocclr_copyBuffer.kd",2,8,2513,1282169,1282169,512,512,0,0,16,0,32,64,"0x7fb89bde8f80","0x7f781d393600",4181379009832020,4181379009842074,4181379009847562,4181379009856407,5488
2276,"void transformer_engine::fused_attn_rocm::compute_scores_kernel<__half, transformer_engine::fused_attn_rocm::SmallSeqConfig<12, 128, 256, false, (transformer_engine::fused_attn_rocm::CausalMaskType)0>, 1>(__half const*, __half const*, __half*, float, int const*, int const*, int, int) [clone .kd]",2,8,2515,1282169,1282169,64000,64,0,0,120,0,32,64,"0x0","0x7f780414ef00",4181379009873232,4181379009892269,4181379009922434,4181379009923627,30165
2277,"void transformer_engine::fused_attn_rocm::apply_mask_and_softmax_kernel<__half, transformer_engine::fused_attn_rocm::SmallSeqConfig<12, 128, 256, false, (transformer_engine::fused_attn_rocm::CausalMaskType)0> >(__half*, __half const*, float, int const*, int, int) [clone .kd]",2,8,2516,1282169,1282169,780288,256,1024,0,16,0,16,64,"0x0","0x7f780414ef40",4181379009890217,4181379009922434,4181379009927882,4181379009931528,5448
2278,"void transformer_engine::fused_attn_rocm::compute_output_kernel<__half, transformer_engine::fused_attn_rocm::SmallSeqConfig<12, 128, 256, false, (transformer_engine::fused_attn_rocm::CausalMaskType)0>, 2, 8>(__half const*, __half const*, __half*, int const*, int const*, int, int) [clone .kd]",2,8,2517,1282169,1282169,512000,64,24576,0,24,0,32,64,"0x0","0x7f780414ef80",4181379009897478,4181379009927882,4181379010026548,4181379010026500,98666
2279,"loop_broadcast_fusion_5.kd",2,8,2518,1282169,1282169,2048000,256,0,0,4,4,16,64,"0x0","0x7f7817b1a740",4181379009907913,4181379010026548,4181379010034881,4181379010034952,8333
2280,"__amd_rocclr_fillBufferAligned.kd",2,8,2519,1282169,1282169,77824,256,0,0,12,4,48,64,"0x0","0x7f781d393580",4181379009922915,4181379010034881,4181379010041611,4181379010041752,6730
2281,"__amd_rocclr_fillBufferAligned.kd",2,8,2520,1282169,1282169,77824,256,0,0,12,4,48,64,"0x0","0x7f781d393580",4181379009944698,4181379010041611,4181379010074940,4181379010075993,33329
2282,"__amd_rocclr_fillBufferAligned.kd",2,8,2521,1282169,1282169,77824,256,0,0,12,4,48,64,"0x0","0x7f781d393580",4181379009951698,4181379010074940,4181379010107629,4181379010107480,32689
2283,"__amd_rocclr_fillBufferAligned.kd",2,8,2522,1282169,1282169,256,256,0,0,12,4,48,64,"0x0","0x7f781d393580",4181379009959430,4181379010107629,4181379010112276,4181379010113950,4647
2284,"ck_fused_attn::get_runtime_max_seqlen_kernel(unsigned long, int const*, int const*, unsigned long*) [clone .kd]",2,8,2523,1282169,1282169,4096,128,0,0,4,4,32,64,"0x0","0x7f781c004940",4181379009965699,4181379010112276,4181379010118445,4181379010121020,6169
2285,"__amd_rocclr_copyBuffer.kd",2,8,2524,1282169,1282169,512,512,0,0,16,0,32,64,"0x7fb89bc73b80","0x7f781d393600",4181379009973881,4181379010118445,4181379010124334,4181379010125737,5889
2286,"__amd_rocclr_fillBufferAligned.kd",2,8,2526,1282169,1282169,256,256,0,0,12,4,48,64,"0x0","0x7f781d393580",4181379010145547,4181379010156221,4181379010158344,4181379010163263,2123
2287,"ck_fused_attn::get_runtime_max_seqlen_kernel(unsigned long, int const*, int const*, unsigned long*) [clone .kd]",2,8,2527,1282169,1282169,4096,128,0,0,4,4,32,64,"0x0","0x7f781c004940",4181379010155431,4181379010164113,4181379010170242,4181379010172907,6129
2288,"__amd_rocclr_copyBuffer.kd",2,8,2528,1282169,1282169,512,512,0,0,16,0,32,64,"0x7fb89bde8d80","0x7f781d393600",4181379010162792,4181379010179656,4181379010186226,4181379010188470,6570
2289,"void transformer_engine::fused_attn_rocm::compute_grad_v_kernel<__half, transformer_engine::fused_attn_rocm::SmallSeqConfig<12, 128, 256, false, (transformer_engine::fused_attn_rocm::CausalMaskType)0>, 16, 16>(__half const*, __half const*, __half*, int const*, int const*, int, int) [clone .kd]",2,8,2530,1282169,1282169,256000,64,24576,0,28,4,32,64,"0x0","0x7f7804150800",4181379010204094,4181379010219796,4181379010307847,4181379010316972,88051
2290,"void transformer_engine::fused_attn_rocm::compute_grad_attn_kernel<__half, transformer_engine::fused_attn_rocm::SmallSeqConfig<12, 128, 256, false, (transformer_engine::fused_attn_rocm::CausalMaskType)0>, 16>(__half const*, __half const*, __half*, int const*, int const*, int, int) [clone .kd]",2,8,2531,1282169,1282169,8000,64,0,0,124,4,48,64,"0x0","0x7f7804150840",4181379010217834,4181379010307847,4181379010608213,4181379010608776,300366
2291,"void transformer_engine::fused_attn_rocm::softmax_backward_kernel<__half, transformer_engine::fused_attn_rocm::SmallSeqConfig<12, 128, 256, false, (transformer_engine::fused_attn_rocm::CausalMaskType)0> >(__half const*, __half const*, __half*, float, int const*, int, int) [clone .kd]",2,8,2532,1282169,1282169,780288,256,1024,0,16,0,16,64,"0x0","0x7f7804150880",4181379010225185,4181379010608213,4181379010614463,4181379010618300,6250
2292,"void transformer_engine::fused_attn_rocm::compute_grad_qk_kernel<__half, transformer_engine::fused_attn_rocm::SmallSeqConfig<12, 128, 256, false, (transformer_engine::fused_attn_rocm::CausalMaskType)0>, 4, 16>(__half const*, __half const*, __half const*, __half*, __half*, float, int const*, int const*, int, int) [clone .kd]",2,8,2533,1282169,1282169,1024000,64,24576,0,36,4,64,64,"0x0","0x7f78041508c0",4181379010233658,4181379010614463,4181379010965545,4181379010968771,351082
2293,"input_reduce_fusion.kd",2,8,2534,1282169,1282169,524288,256,512,0,16,0,16,64,"0x0","0x7f7817b1a780",4181379010242751,4181379010965545,4181379010973156,4181379010976032,7611
2294,"input_reduce_fusion_3.kd",2,8,2535,1282169,1282169,128,128,512,0,24,0,16,64,"0x0","0x7f7817b1a7c0",4181379010249772,4181379010973156,4181379010978684,4181379010980739,5528
2295,"loop_convert_fusion.kd",2,8,2536,1282169,1282169,1,1,0,0,4,4,16,64,"0x0","0x7f7817b1a800",4181379010257133,4181379010978684,4181379010982770,4181379010985406,4086
2296,"input_compare_reduce_fusion_1.kd",2,8,2539,1282169,1282169,8192,256,0,0,12,4,16,64,"0x0","0x7f7817b19c00",4181379010386916,4181379010996992,4181379011003481,4181379011009982,6489
2297,"loop_slice_fusion_1.kd",2,8,2540,1282169,1282169,3072,256,0,0,16,0,16,64,"0x0","0x7f7817b19c40",4181379010396700,4181379011003481,4181379011008449,4181379011014849,4968
2298,"loop_reduce_window_fusion_16.kd",2,8,2541,1282169,1282169,3072,256,0,0,8,0,16,64,"0x0","0x7f7817b19c80",4181379010404241,4181379011008449,4181379011016060,4181379011019787,7611
2299,"loop_reduce_window_fusion_15.kd",2,8,2542,1282169,1282169,192,192,0,0,8,0,16,64,"0x0","0x7f7817b19cc0",4181379010411843,4181379011016060,4181379011021308,4181379011024384,5248
2300,"loop_broadcast_fusion_2.kd",2,8,2543,1282169,1282169,48128,256,0,0,4,4,16,64,"0x0","0x7f7817b19d00",4181379010418973,4181379011021308,4181379011027156,4181379011028870,5848
2301,"input_scatter_fusion_2.kd",2,8,2544,1282169,1282169,48128,256,0,0,12,4,32,64,"0x0","0x7f7817b19d40",4181379010426835,4181379011027156,4181379011036170,4181379011042130,9014
2302,"loop_reduce_window_fusion_14.kd",2,8,2545,1282169,1282169,48128,256,0,0,8,0,16,64,"0x0","0x7f7817b19d80",4181379010433695,4181379011036170,4181379011041177,4181379011048510,5007
2303,"loop_reduce_window_fusion_13.kd",2,8,2546,1282169,1282169,3072,256,0,0,8,0,16,64,"0x0","0x7f7817b19dc0",4181379010440796,4181379011041177,4181379011047266,4181379011053587,6089
2304,"loop_reduce_window_fusion_15.kd",2,8,2547,1282169,1282169,192,192,0,0,8,0,16,64,"0x0","0x7f7817b19cc0",4181379010447105,4181379011047266,4181379011052194,4181379011059125,4928
2305,"loop_slice_fusion_6.kd",2,8,2548,1282169,1282169,12,12,0,0,4,4,16,64,"0x0","0x7f7817b19e00",4181379010453795,4181379011052194,4181379011056961,4181379011063742,4767
2306,"input_reduce_fusion_1.kd",2,8,2549,1282169,1282169,64,64,0,0,8,0,16,64,"0x0","0x7f7817b19e40",4181379010461286,4181379011056961,4181379011061608,4181379011068800,4647
2307,"loop_select_fusion_5.kd",2,8,2550,1282169,1282169,48128,256,0,0,12,4,32,64,"0x0","0x7f7817b19e80",4181379010469338,4181379011061608,4181379011066575,4181379011073417,4967
2308,"loop_select_fusion_2.kd",2,8,2551,1282169,1282169,48128,256,0,0,4,4,16,64,"0x0","0x7f7817b19ec0",4181379010476248,4181379011066575,4181379011071422,4181379011078053,4847
2309,"loop_reduce_window_fusion_14.kd",2,8,2552,1282169,1282169,48128,256,0,0,8,0,16,64,"0x0","0x7f7817b19d80",4181379010483469,4181379011071422,4181379011076310,4181379011082630,4888
2310,"loop_reduce_window_fusion_13.kd",2,8,2553,1282169,1282169,3072,256,0,0,8,0,16,64,"0x0","0x7f7817b19dc0",4181379010489638,4181379011076310,4181379011081437,4181379011087097,5127
2311,"loop_reduce_window_fusion_15.kd",2,8,2554,1282169,1282169,192,192,0,0,8,0,16,64,"0x0","0x7f7817b19cc0",4181379010496468,4181379011081437,4181379011086204,4181379011091624,4767
2312,"input_concatenate_fusion.kd",2,8,2555,1282169,1282169,48128,256,0,0,12,4,32,64,"0x0","0x7f7817b19f00",4181379010503269,4181379011086204,4181379011091132,4181379011096331,4928
2313,"input_compare_reduce_fusion.kd",2,8,2556,1282169,1282169,13312,256,0,0,12,4,16,64,"0x0","0x7f7817b19f40",4181379010511060,4181379011091132,4181379011096059,4181379011101178,4927
2314,"loop_slice_fusion.kd",2,8,2557,1282169,1282169,3328,256,0,0,16,0,16,64,"0x0","0x7f7817b19f80",4181379010518171,4181379011096059,4181379011100946,4181379011105805,4887
2315,"loop_reduce_window_fusion_4.kd",2,8,2558,1282169,1282169,3328,256,0,0,8,0,16,64,"0x0","0x7f7817b19fc0",4181379010525812,4181379011100946,4181379011105874,4181379011112785,4928
2316,"loop_reduce_window_fusion_3.kd",2,8,2559,1282169,1282169,208,208,0,0,8,0,16,64,"0x0","0x7f7817b1a000",4181379010533514,4181379011105874,4181379011110801,4181379011117743,4927
2317,"loop_broadcast_fusion.kd",2,8,2560,1282169,1282169,52224,256,0,0,4,4,16,64,"0x0","0x7f7817b1a040",4181379010541415,4181379011110801,4181379011115928,4181379011122219,5127
2318,"input_scatter_fusion.kd",2,8,2561,1282169,1282169,52224,256,0,0,12,4,32,64,"0x0","0x7f7817b1a080",4181379010549898,4181379011115928,4181379011124782,4181379011126566,8854
2319,"loop_reduce_window_fusion_2.kd",2,8,2562,1282169,1282169,52224,256,0,0,8,0,16,64,"0x0","0x7f7817b1a0c0",4181379010558040,4181379011124782,4181379011129709,4181379011131022,4927
2320,"loop_reduce_window_fusion_1.kd",2,8,2563,1282169,1282169,3328,256,0,0,8,0,16,64,"0x0","0x7f7817b1a100",4181379010564610,4181379011129709,4181379011134917,4181379011135539,5208
2321,"loop_reduce_window_fusion_3.kd",2,8,2564,1282169,1282169,208,208,0,0,8,0,16,64,"0x0","0x7f7817b1a000",4181379010571781,4181379011134917,4181379011139644,4181379011139775,4727
2322,"loop_slice_fusion_5.kd",2,8,2565,1282169,1282169,13,13,0,0,4,4,16,64,"0x0","0x7f7817b1a140",4181379010579011,4181379011139644,4181379011144371,4181379011147246,4727
2323,"input_reduce_fusion_2.kd",2,8,2566,1282169,1282169,64,64,0,0,8,0,16,64,"0x0","0x7f7817b1a180",4181379010586202,4181379011144371,4181379011149058,4181379011151863,4687
2324,"loop_select_fusion_4.kd",2,8,2567,1282169,1282169,52224,256,0,0,8,0,32,64,"0x0","0x7f7817b1a1c0",4181379010594524,4181379011149058,4181379011154105,4181379011156801,5047
2325,"loop_select_fusion.kd",2,8,2568,1282169,1282169,52224,256,0,0,8,0,16,64,"0x0","0x7f7817b1a200",4181379010602206,4181379011154105,4181379011159113,4181379011168548,5008
2326,"loop_compare_fusion_1.kd",2,8,2569,1282169,1282169,4096,256,0,0,4,4,16,64,"0x0","0x7f7817b1a240",4181379010609917,4181379011159113,4181379011164000,4181379011163891,4887
2327,"input_reduce_reduce_window_fusion_1.kd",2,8,2570,1282169,1282169,256,256,512,0,20,4,32,64,"0x0","0x7f7817b1a280",4181379010632982,4181379011164000,4181379011179944,4181379011209088,15944
2328,"loop_slice_fusion_3.kd",2,8,2571,1282169,1282169,16,16,0,0,20,4,16,64,"0x0","0x7f7817b1a2c0",4181379010641154,4181379011179944,4181379011184671,4181379011190210,4727
2329,"loop_broadcast_fusion_3.kd",2,8,2572,1282169,1282169,4096,256,0,0,4,4,16,64,"0x0","0x7f7817b1a300",4181379010648785,4181379011184671,4181379011189718,4181379011204421,5047
2330,"input_scatter_fusion_3.kd",2,8,2573,1282169,1282169,4096,256,0,0,8,0,32,64,"0x0","0x7f7817b1a340",4181379010656617,4181379011189718,4181379011195807,4181379011195478,6089
2331,"loop_reduce_window_fusion_18.kd",2,8,2574,1282169,1282169,4096,256,0,0,8,0,16,64,"0x0","0x7f7817b1a380",4181379010663327,4181379011195807,4181379011200614,4181379011200315,4807
2332,"loop_slice_fusion_3.kd",2,8,2575,1282169,1282169,16,16,0,0,20,4,16,64,"0x0","0x7f7817b1a2c0",4181379010672000,4181379011200614,4181379011205341,4181379011216129,4727
2333,"loop_remainder_fusion.kd",2,8,2576,1282169,1282169,4096,256,0,0,12,4,16,64,"0x0","0x7f7817b1a3c0",4181379010679471,4181379011205341,4181379011211030,4181379011229318,5689
2334,"loop_select_fusion_3.kd",2,8,2577,1282169,1282169,4096,256,0,0,8,0,32,64,"0x0","0x7f7817b1a400",4181379010686621,4181379011211030,4181379011215957,4181379011233865,4927
2335,"loop_reduce_window_fusion_18.kd",2,8,2578,1282169,1282169,4096,256,0,0,8,0,16,64,"0x0","0x7f7817b1a380",4181379010693912,4181379011215957,4181379011220845,4181379011220816,4888
2336,"loop_slice_fusion_3.kd",2,8,2579,1282169,1282169,16,16,0,0,20,4,16,64,"0x0","0x7f7817b1a2c0",4181379010700592,4181379011220845,4181379011225531,4181379011225423,4686
2337,"input_concatenate_fusion_1.kd",2,8,2580,1282169,1282169,4096,256,0,0,8,0,32,64,"0x0","0x7f7817b1a440",4181379010708714,4181379011225531,4181379011231300,4181379011240625,5769
2338,"loop_compare_fusion.kd",2,8,2581,1282169,1282169,8192,256,0,0,4,4,16,64,"0x0","0x7f7817b1a480",4181379010716065,4181379011231300,4181379011236227,4181379011245132,4927
2339,"input_reduce_reduce_window_fusion.kd",2,8,2582,1282169,1282169,512,512,512,0,20,4,48,64,"0x0","0x7f7817b1a4c0",4181379010722495,4181379011236227,4181379011253333,4181379011274115,17106
2340,"loop_reduce_window_fusion_8.kd",2,8,2583,1282169,1282169,32,32,0,0,32,0,16,64,"0x0","0x7f7817b1a500",4181379010730757,4181379011253333,4181379011263268,4181379011263059,9935
2341,"loop_broadcast_fusion_1.kd",2,8,2584,1282169,1282169,8192,256,0,0,4,4,16,64,"0x0","0x7f7817b1a540",4181379010737878,4181379011263268,4181379011268596,4181379011269899,5328
2342,"input_scatter_fusion_1.kd",2,8,2585,1282169,1282169,8192,256,0,0,8,0,32,64,"0x0","0x7f7817b1a580",4181379010744808,4181379011268596,4181379011273763,4181379011280545,5167
2343,"loop_reduce_window_fusion_7.kd",2,8,2586,1282169,1282169,8192,256,0,0,8,0,16,64,"0x0","0x7f7817b1a5c0",4181379010752930,4181379011273763,4181379011278811,4181379011285222,5048
2344,"loop_reduce_window_fusion_6.kd",2,8,2587,1282169,1282169,512,256,0,0,8,0,16,64,"0x0","0x7f7817b1a600",4181379010760181,4181379011278811,4181379011283938,4181379011294255,5127
2345,"loop_reduce_window_fusion_5.kd",2,8,2588,1282169,1282169,32,32,0,0,8,0,16,64,"0x0","0x7f7817b1a640",4181379010767772,4181379011283938,4181379011288746,4181379011289788,4808
2346,"loop_select_fusion_6.kd",2,8,2589,1282169,1282169,8192,256,0,0,8,0,32,64,"0x0","0x7f7817b1a680",4181379010777266,4181379011288746,4181379011293793,4181379011301075,5047
2347,"loop_select_fusion_1.kd",2,8,2590,1282169,1282169,8192,256,0,0,8,0,16,64,"0x0","0x7f7817b1a6c0",4181379010784817,4181379011293793,4181379011298760,4181379011305812,4967
2348,"loop_broadcast_fusion_4.kd",2,8,2591,1282169,1282169,16,16,0,0,4,4,16,64,"0x0","0x7f7817b1a700",4181379010792098,4181379011298760,4181379011303808,4181379011310890,5048
2349,"__amd_rocclr_fillBufferAligned.kd",2,8,2592,1282169,1282169,77824,256,0,0,12,4,48,64,"0x0","0x7f781d393580",4181379010804467,4181379011303808,4181379011316667,4181379011317319,12859
2350,"__amd_rocclr_fillBufferAligned.kd",2,8,2593,1282169,1282169,16128,256,0,0,12,4,48,64,"0x0","0x7f781d393580",4181379010811096,4181379011316667,4181379011321594,4181379011321586,4927
2351,"transformer_engine::fused_attn_rocm::populate_rng_state_kernel(long*, long const*, long) [clone .kd]",2,8,2594,1282169,1282169,1,1,0,0,8,0,16,64,"0x0","0x7f781c015380",4181379010819950,4181379011321594,4181379011326482,4181379011327635,4888
2352,"__amd_rocclr_fillBufferAligned.kd",2,8,2595,1282169,1282169,256,256,0,0,12,4,48,64,"0x0","0x7f781d393580",4181379010830656,4181379011326482,4181379011331169,4181379011335627,4687
2353,"ck_fused_attn::get_runtime_max_seqlen_kernel(unsigned long, int const*, int const*, unsigned long*) [clone .kd]",2,8,2596,1282169,1282169,4096,128,0,0,4,4,32,64,"0x0","0x7f781c004940",4181379010836975,4181379011331169,4181379011336977,4181379011340123,5808
2354,"__amd_rocclr_copyBuffer.kd",2,8,2597,1282169,1282169,512,512,0,0,16,0,32,64,"0x7fb89bde8b80","0x7f781d393600",4181379010847060,4181379011336977,4181379011342385,4181379011346212,5408
2355,"__amd_rocclr_fillBufferAligned.kd",2,8,2599,1282169,1282169,256,256,0,0,12,4,48,64,"0x0","0x7f781d393580",4181379011387043,4181379011410206,4181379011412049,4181379011430408,1843
2356,"ck_fused_attn::get_runtime_max_seqlen_kernel(unsigned long, int const*, int const*, unsigned long*) [clone .kd]",2,8,2600,1282169,1282169,4096,128,0,0,4,4,32,64,"0x0","0x7f781c004940",4181379011407954,4181379011416816,4181379011426150,4181379011440422,9334
2357,"__amd_rocclr_copyBuffer.kd",2,8,2601,1282169,1282169,512,512,0,0,16,0,32,64,"0x7fb89bde8a80","0x7f781d393600",4181379011415936,4181379011426150,4181379011431277,4181379011435816,5127
2358,"void transformer_engine::fused_attn_rocm::compute_scores_kernel<__half, transformer_engine::fused_attn_rocm::SmallSeqConfig<12, 128, 256, false, (transformer_engine::fused_attn_rocm::CausalMaskType)0>, 1>(__half const*, __half const*, __half*, float, int const*, int const*, int, int) [clone .kd]",2,8,2603,1282169,1282169,64000,64,0,0,120,0,32,64,"0x0","0x7f780414ef00",4181379011452530,4181379011463445,4181379011493290,4181379011493682,29845
2359,"void transformer_engine::fused_attn_rocm::apply_mask_and_softmax_kernel<__half, transformer_engine::fused_attn_rocm::SmallSeqConfig<12, 128, 256, false, (transformer_engine::fused_attn_rocm::CausalMaskType)0> >(__half*, __half const*, float, int const*, int, int) [clone .kd]",2,8,2604,1282169,1282169,780288,256,1024,0,16,0,16,64,"0x0","0x7f780414ef40",4181379011461584,4181379011493290,4181379011498658,4181379011500362,5368
2360,"void transformer_engine::fused_attn_rocm::compute_output_kernel<__half, transformer_engine::fused_attn_rocm::SmallSeqConfig<12, 128, 256, false, (transformer_engine::fused_attn_rocm::CausalMaskType)0>, 2, 8>(__half const*, __half const*, __half*, int const*, int const*, int, int) [clone .kd]",2,8,2605,1282169,1282169,512000,64,24576,0,24,0,32,64,"0x0","0x7f780414ef80",4181379011469536,4181379011498658,4181379011595842,4181379011597196,97184
2361,"loop_broadcast_fusion_5.kd",2,8,2606,1282169,1282169,2048000,256,0,0,4,4,16,64,"0x0","0x7f7817b1a740",4181379011479561,4181379011595842,4181379011604175,4181379011605878,8333
2362,"__amd_rocclr_fillBufferAligned.kd",2,8,2607,1282169,1282169,77824,256,0,0,12,4,48,64,"0x0","0x7f781d393580",4181379011496195,4181379011604175,4181379011611025,4181379011612909,6850
2363,"__amd_rocclr_fillBufferAligned.kd",2,8,2608,1282169,1282169,77824,256,0,0,12,4,48,64,"0x0","0x7f781d393580",4181379011512800,4181379011611025,4181379011643794,4181379011644917,32769
2364,"__amd_rocclr_fillBufferAligned.kd",2,8,2609,1282169,1282169,77824,256,0,0,12,4,48,64,"0x0","0x7f781d393580",4181379011524668,4181379011643794,4181379011677203,4181379011677155,33409
2365,"__amd_rocclr_fillBufferAligned.kd",2,8,2610,1282169,1282169,256,256,0,0,12,4,48,64,"0x0","0x7f781d393580",4181379011533240,4181379011677203,4181379011682010,4181379011684606,4807
2366,"ck_fused_attn::get_runtime_max_seqlen_kernel(unsigned long, int const*, int const*, unsigned long*) [clone .kd]",2,8,2611,1282169,1282169,4096,128,0,0,4,4,32,64,"0x0","0x7f781c004940",4181379011540111,4181379011682010,4181379011688139,4181379011691686,6129
2367,"__amd_rocclr_copyBuffer.kd",2,8,2612,1282169,1282169,512,512,0,0,16,0,32,64,"0x7fb89bc73c80","0x7f781d393600",4181379011547101,4181379011688139,4181379011693868,4181379011696183,5729
2368,"__amd_rocclr_fillBufferAligned.kd",2,8,2614,1282169,1282169,256,256,0,0,12,4,48,64,"0x0","0x7f781d393580",4181379011714700,4181379011726236,4181379011728359,4181379011729613,2123
2369,"ck_fused_attn::get_runtime_max_seqlen_kernel(unsigned long, int const*, int const*, unsigned long*) [clone .kd]",2,8,2615,1282169,1282169,4096,128,0,0,4,4,32,64,"0x0","0x7f781c004940",4181379011725677,4181379011734729,4181379011740778,4181379011742662,6049
2370,"__amd_rocclr_copyBuffer.kd",2,8,2616,1282169,1282169,512,512,0,0,16,0,32,64,"0x7fb89bde8880","0x7f781d393600",4181379011732968,4181379011750873,4181379011762210,4181379011762021,11337
2371,"void transformer_engine::fused_attn_rocm::compute_grad_v_kernel<__half, transformer_engine::fused_attn_rocm::SmallSeqConfig<12, 128, 256, false, (transformer_engine::fused_attn_rocm::CausalMaskType)0>, 16, 16>(__half const*, __half const*, __half*, int const*, int const*, int, int) [clone .kd]",2,8,2618,1282169,1282169,256000,64,24576,0,28,4,32,64,"0x0","0x7f7804150800",4181379011776372,4181379011788569,4181379011874497,4181379011879445,85928
2372,"void transformer_engine::fused_attn_rocm::compute_grad_attn_kernel<__half, transformer_engine::fused_attn_rocm::SmallSeqConfig<12, 128, 256, false, (transformer_engine::fused_attn_rocm::CausalMaskType)0>, 16>(__half const*, __half const*, __half*, int const*, int const*, int, int) [clone .kd]",2,8,2619,1282169,1282169,8000,64,0,0,124,4,48,64,"0x0","0x7f7804150840",4181379011786427,4181379011874497,4181379012174383,4181379012184169,299886
2373,"void transformer_engine::fused_attn_rocm::softmax_backward_kernel<__half, transformer_engine::fused_attn_rocm::SmallSeqConfig<12, 128, 256, false, (transformer_engine::fused_attn_rocm::CausalMaskType)0> >(__half const*, __half const*, __half*, float, int const*, int, int) [clone .kd]",2,8,2620,1282169,1282169,780288,256,1024,0,16,0,16,64,"0x0","0x7f7804150880",4181379011796272,4181379012174383,4181379012180632,4181379012193913,6249
2374,"void transformer_engine::fused_attn_rocm::compute_grad_qk_kernel<__half, transformer_engine::fused_attn_rocm::SmallSeqConfig<12, 128, 256, false, (transformer_engine::fused_attn_rocm::CausalMaskType)0>, 4, 16>(__half const*, __half const*, __half const*, __half*, __half*, float, int const*, int const*, int, int) [clone .kd]",2,8,2621,1282169,1282169,1024000,64,24576,0,36,4,64,64,"0x0","0x7f78041508c0",4181379011805315,4181379012180632,4181379012525264,4181379012540458,344632
2375,"input_reduce_fusion.kd",2,8,2622,1282169,1282169,524288,256,512,0,16,0,16,64,"0x0","0x7f7817b1a780",4181379011813878,4181379012525264,4181379012533837,4181379012548230,8573
2376,"input_reduce_fusion_3.kd",2,8,2623,1282169,1282169,128,128,512,0,24,0,16,64,"0x0","0x7f7817b1a7c0",4181379011821439,4181379012533837,4181379012539526,4181379012552967,5689
2377,"loop_convert_fusion.kd",2,8,2624,1282169,1282169,1,1,0,0,4,4,16,64,"0x0","0x7f7817b1a800",4181379011828099,4181379012539526,4181379012543692,4181379012557694,4166
2378,"input_compare_reduce_fusion_1.kd",2,8,2627,1282169,1282169,8192,256,0,0,12,4,16,64,"0x0","0x7f7817b19c00",4181379011955939,4181379012555950,4181379012562400,4181379012563383,6450
2379,"loop_slice_fusion_1.kd",2,8,2628,1282169,1282169,3072,256,0,0,16,0,16,64,"0x0","0x7f7817b19c40",4181379011965764,4181379012562400,4181379012567888,4181379012567829,5488
2380,"loop_reduce_window_fusion_16.kd",2,8,2629,1282169,1282169,3072,256,0,0,8,0,16,64,"0x0","0x7f7817b19c80",4181379011972954,4181379012567888,4181379012575619,4181379012580999,7731
2381,"loop_reduce_window_fusion_15.kd",2,8,2630,1282169,1282169,192,192,0,0,8,0,16,64,"0x0","0x7f7817b19cc0",4181379011980526,4181379012575619,4181379012581748,4181379012585676,6129
2382,"loop_broadcast_fusion_2.kd",2,8,2631,1282169,1282169,48128,256,0,0,4,4,16,64,"0x0","0x7f7817b19d00",4181379011987426,4181379012581748,4181379012587036,4181379012590853,5288
2383,"input_scatter_fusion_2.kd",2,8,2632,1282169,1282169,48128,256,0,0,12,4,32,64,"0x0","0x7f7817b19d40",4181379011995578,4181379012587036,4181379012596090,4181379012597253,9054
2384,"loop_reduce_window_fusion_14.kd",2,8,2633,1282169,1282169,48128,256,0,0,8,0,16,64,"0x0","0x7f7817b19d80",4181379012003199,4181379012596090,4181379012601017,4181379012602150,4927
2385,"loop_reduce_window_fusion_13.kd",2,8,2634,1282169,1282169,3072,256,0,0,8,0,16,64,"0x0","0x7f7817b19dc0",4181379012010721,4181379012601017,4181379012606065,4181379012607468,5048
2386,"loop_reduce_window_fusion_15.kd",2,8,2635,1282169,1282169,192,192,0,0,8,0,16,64,"0x0","0x7f7817b19cc0",4181379012017661,4181379012606065,4181379012610752,4181379012612596,4687
2387,"loop_slice_fusion_6.kd",2,8,2636,1282169,1282169,12,12,0,0,4,4,16,64,"0x0","0x7f7817b19e00",4181379012024411,4181379012610752,4181379012615358,4181379012617112,4606
2388,"input_reduce_fusion_1.kd",2,8,2637,1282169,1282169,64,64,0,0,8,0,16,64,"0x0","0x7f7817b19e40",4181379012031031,4181379012615358,4181379012620005,4181379012621819,4647
2389,"loop_select_fusion_5.kd",2,8,2638,1282169,1282169,48128,256,0,0,12,4,32,64,"0x0","0x7f7817b19e80",4181379012037751,4181379012620005,4181379012625013,4181379012626506,5008
2390,"loop_select_fusion_2.kd",2,8,2639,1282169,1282169,48128,256,0,0,4,4,16,64,"0x0","0x7f7817b19ec0",4181379012045322,4181379012625013,4181379012629860,4181379012631193,4847
2391,"loop_reduce_window_fusion_14.kd",2,8,2640,1282169,1282169,48128,256,0,0,8,0,16,64,"0x0","0x7f7817b19d80",4181379012051381,4181379012629860,4181379012634747,4181379012635680,4887
2392,"loop_reduce_window_fusion_13.kd",2,8,2641,1282169,1282169,3072,256,0,0,8,0,16,64,"0x0","0x7f7817b19dc0",4181379012058502,4181379012634747,4181379012639875,4181379012639996,5128
2393,"loop_reduce_window_fusion_15.kd",2,8,2642,1282169,1282169,192,192,0,0,8,0,16,64,"0x0","0x7f7817b19cc0",4181379012066103,4181379012639875,4181379012644602,4181379012644493,4727
2394,"input_concatenate_fusion.kd",2,8,2643,1282169,1282169,48128,256,0,0,12,4,32,64,"0x0","0x7f7817b19f00",4181379012073734,4181379012644602,4181379012649489,4181379012649030,4887
2395,"input_compare_reduce_fusion.kd",2,8,2644,1282169,1282169,13312,256,0,0,12,4,16,64,"0x0","0x7f7817b19f40",4181379012081205,4181379012649489,4181379012654336,4181379012654468,4847
2396,"loop_slice_fusion.kd",2,8,2645,1282169,1282169,3328,256,0,0,16,0,16,64,"0x0","0x7f7817b19f80",4181379012089137,4181379012654336,4181379012659144,4181379012658784,4808
2397,"loop_reduce_window_fusion_4.kd",2,8,2646,1282169,1282169,3328,256,0,0,8,0,16,64,"0x0","0x7f7817b19fc0",4181379012097039,4181379012659144,4181379012664151,4181379012667117,5007
2398,"loop_reduce_window_fusion_3.kd",2,8,2647,1282169,1282169,208,208,0,0,8,0,16,64,"0x0","0x7f7817b1a000",4181379012103809,4181379012664151,4181379012669078,4181379012672134,4927
2399,"loop_broadcast_fusion.kd",2,8,2648,1282169,1282169,52224,256,0,0,4,4,16,64,"0x0","0x7f7817b1a040",4181379012111380,4181379012669078,4181379012674246,4181379012676931,5168
2400,"input_scatter_fusion.kd",2,8,2649,1282169,1282169,52224,256,0,0,12,4,32,64,"0x0","0x7f7817b1a080",4181379012118591,4181379012674246,4181379012683580,4181379012684673,9334
2401,"loop_reduce_window_fusion_2.kd",2,8,2650,1282169,1282169,52224,256,0,0,8,0,16,64,"0x0","0x7f7817b1a0c0",4181379012125972,4181379012683580,4181379012688708,4181379012689150,5128
2402,"loop_reduce_window_fusion_1.kd",2,8,2651,1282169,1282169,3328,256,0,0,8,0,16,64,"0x0","0x7f7817b1a100",4181379012132772,4181379012688708,4181379012693875,4181379012693446,5167
2403,"loop_reduce_window_fusion_3.kd",2,8,2652,1282169,1282169,208,208,0,0,8,0,16,64,"0x0","0x7f7817b1a000",4181379012139783,4181379012693875,4181379012698602,4181379012701067,4727
2404,"loop_slice_fusion_5.kd",2,8,2653,1282169,1282169,13,13,0,0,4,4,16,64,"0x0","0x7f7817b1a140",4181379012146643,4181379012698602,4181379012703329,4181379012712925,4727
2405,"input_reduce_fusion_2.kd",2,8,2654,1282169,1282169,64,64,0,0,8,0,16,64,"0x0","0x7f7817b1a180",4181379012154044,4181379012703329,4181379012708056,4181379012708168,4727
2406,"loop_select_fusion_4.kd",2,8,2655,1282169,1282169,52224,256,0,0,8,0,32,64,"0x0","0x7f7817b1a1c0",4181379012162426,4181379012708056,4181379012713104,4181379012719945,5048
2407,"loop_select_fusion.kd",2,8,2656,1282169,1282169,52224,256,0,0,8,0,16,64,"0x0","0x7f7817b1a200",4181379012169787,4181379012713104,4181379012718071,4181379012731032,4967
2408,"loop_compare_fusion_1.kd",2,8,2657,1282169,1282169,4096,256,0,0,4,4,16,64,"0x0","0x7f7817b1a240",4181379012177689,4181379012718071,4181379012723119,4181379012724753,5048
2409,"input_reduce_reduce_window_fusion_1.kd",2,8,2658,1282169,1282169,256,256,512,0,20,4,32,64,"0x0","0x7f7817b1a280",4181379012185881,4181379012723119,4181379012738221,4181379012737992,15102
2410,"loop_slice_fusion_3.kd",2,8,2659,1282169,1282169,16,16,0,0,20,4,16,64,"0x0","0x7f7817b1a2c0",4181379012212831,4181379012738221,4181379012743068,4181379012742659,4847
2411,"loop_broadcast_fusion_3.kd",2,8,2660,1282169,1282169,4096,256,0,0,4,4,16,64,"0x0","0x7f7817b1a300",4181379012221274,4181379012743068,4181379012748116,4181379012749199,5048
2412,"input_scatter_fusion_3.kd",2,8,2661,1282169,1282169,4096,256,0,0,8,0,32,64,"0x0","0x7f7817b1a340",4181379012227743,4181379012748116,4181379012754085,4181379012753826,5969
2413,"loop_reduce_window_fusion_18.kd",2,8,2662,1282169,1282169,4096,256,0,0,8,0,16,64,"0x0","0x7f7817b1a380",4181379012235936,4181379012754085,4181379012758892,4181379012760616,4807
2414,"loop_slice_fusion_3.kd",2,8,2663,1282169,1282169,16,16,0,0,20,4,16,64,"0x0","0x7f7817b1a2c0",4181379012242846,4181379012758892,4181379012763619,4181379012767726,4727
2415,"loop_remainder_fusion.kd",2,8,2664,1282169,1282169,4096,256,0,0,12,4,16,64,"0x0","0x7f7817b1a3c0",4181379012250157,4181379012763619,4181379012769267,4181379012772043,5648
2416,"loop_select_fusion_3.kd",2,8,2665,1282169,1282169,4096,256,0,0,8,0,32,64,"0x0","0x7f7817b1a400",4181379012257978,4181379012769267,4181379012774115,4181379012776329,4848
2417,"loop_reduce_window_fusion_18.kd",2,8,2666,1282169,1282169,4096,256,0,0,8,0,16,64,"0x0","0x7f7817b1a380",4181379012265409,4181379012774115,4181379012779002,4181379012783089,4887
2418,"loop_slice_fusion_3.kd",2,8,2667,1282169,1282169,16,16,0,0,20,4,16,64,"0x0","0x7f7817b1a2c0",4181379012272550,4181379012779002,4181379012783729,4181379012787696,4727
2419,"input_concatenate_fusion_1.kd",2,8,2668,1282169,1282169,4096,256,0,0,8,0,32,64,"0x0","0x7f7817b1a440",4181379012279901,4181379012783729,4181379012789818,4181379012792373,6089
2420,"loop_compare_fusion.kd",2,8,2669,1282169,1282169,8192,256,0,0,4,4,16,64,"0x0","0x7f7817b1a480",4181379012287913,4181379012789818,4181379012794785,4181379012800465,4967
2421,"input_reduce_reduce_window_fusion.kd",2,8,2670,1282169,1282169,512,512,512,0,20,4,48,64,"0x0","0x7f7817b1a4c0",4181379012296075,4181379012794785,4181379012811891,4181379012817480,17106
2422,"loop_reduce_window_fusion_8.kd",2,8,2671,1282169,1282169,32,32,0,0,32,0,16,64,"0x0","0x7f7817b1a500",4181379012302765,4181379012811891,4181379012821305,4181379012822638,9414
2423,"loop_broadcast_fusion_1.kd",2,8,2672,1282169,1282169,8192,256,0,0,4,4,16,64,"0x0","0x7f7817b1a540",4181379012310917,4181379012821305,4181379012826432,4181379012829098,5127
2424,"input_scatter_fusion_1.kd",2,8,2673,1282169,1282169,8192,256,0,0,8,0,32,64,"0x0","0x7f7817b1a580",4181379012317577,4181379012826432,4181379012831640,4181379012833745,5208
2425,"loop_reduce_window_fusion_7.kd",2,8,2674,1282169,1282169,8192,256,0,0,8,0,16,64,"0x0","0x7f7817b1a5c0",4181379012325679,4181379012831640,4181379012836768,4181379012838311,5128
2426,"loop_reduce_window_fusion_6.kd",2,8,2675,1282169,1282169,512,256,0,0,8,0,16,64,"0x0","0x7f7817b1a600",4181379012332970,4181379012836768,4181379012841855,4181379012845071,5087
2427,"loop_reduce_window_fusion_5.kd",2,8,2676,1282169,1282169,32,32,0,0,8,0,16,64,"0x0","0x7f7817b1a640",4181379012340341,4181379012841855,4181379012846743,4181379012849808,4888
2428,"loop_select_fusion_6.kd",2,8,2677,1282169,1282169,8192,256,0,0,8,0,32,64,"0x0","0x7f7817b1a680",4181379012348864,4181379012846743,4181379012851830,4181379012854666,5087
2429,"loop_select_fusion_1.kd",2,8,2678,1282169,1282169,8192,256,0,0,8,0,16,64,"0x0","0x7f7817b1a6c0",4181379012356936,4181379012851830,4181379012856798,4181379012859132,4968
2430,"loop_broadcast_fusion_4.kd",2,8,2679,1282169,1282169,16,16,0,0,4,4,16,64,"0x0","0x7f7817b1a700",4181379012363776,4181379012856798,4181379012861885,4181379012863479,5087
2431,"__amd_rocclr_fillBufferAligned.kd",2,8,2680,1282169,1282169,77824,256,0,0,12,4,48,64,"0x0","0x7f781d393580",4181379012377095,4181379012861885,4181379012875826,4181379012879132,13941
2432,"__amd_rocclr_fillBufferAligned.kd",2,8,2681,1282169,1282169,16128,256,0,0,12,4,48,64,"0x0","0x7f781d393580",4181379012383725,4181379012875826,4181379012880873,4181379012883719,5047
2433,"transformer_engine::fused_attn_rocm::populate_rng_state_kernel(long*, long const*, long) [clone .kd]",2,8,2682,1282169,1282169,1,1,0,0,8,0,16,64,"0x0","0x7f781c015380",4181379012393981,4181379012880873,4181379012885801,4181379012889748,4928
2434,"__amd_rocclr_fillBufferAligned.kd",2,8,2683,1282169,1282169,256,256,0,0,12,4,48,64,"0x0","0x7f781d393580",4181379012404126,4181379012885801,4181379012890488,4181379012896017,4687
2435,"ck_fused_attn::get_runtime_max_seqlen_kernel(unsigned long, int const*, int const*, unsigned long*) [clone .kd]",2,8,2684,1282169,1282169,4096,128,0,0,4,4,32,64,"0x0","0x7f781c004940",4181379012411356,4181379012890488,4181379012896256,4181379012900243,5768
2436,"__amd_rocclr_copyBuffer.kd",2,8,2685,1282169,1282169,512,512,0,0,16,0,32,64,"0x7fb89bde8680","0x7f781d393600",4181379012421271,4181379012896256,4181379012901544,4181379012906353,5288
2437,"__amd_rocclr_fillBufferAligned.kd",2,8,2687,1282169,1282169,256,256,0,0,12,4,48,64,"0x0","0x7f781d393580",4181379012950188,4181379012960832,4181379012962755,4181379012985661,1923
2438,"ck_fused_attn::get_runtime_max_seqlen_kernel(unsigned long, int const*, int const*, unsigned long*) [clone .kd]",2,8,2688,1282169,1282169,4096,128,0,0,4,4,32,64,"0x0","0x7f781c004940",4181379012959902,4181379012968804,4181379012978298,4181379012995776,9494
2439,"__amd_rocclr_copyBuffer.kd",2,8,2689,1282169,1282169,512,512,0,0,16,0,32,64,"0x7fb89bde8580","0x7f781d393600",4181379012968014,4181379012978298,4181379012984027,4181379012990858,5729
2440,"void transformer_engine::fused_attn_rocm::compute_scores_kernel<__half, transformer_engine::fused_attn_rocm::SmallSeqConfig<12, 128, 256, false, (transformer_engine::fused_attn_rocm::CausalMaskType)0>, 1>(__half const*, __half const*, __half*, float, int const*, int const*, int, int) [clone .kd]",2,8,2691,1282169,1282169,64000,64,0,0,120,0,32,64,"0x0","0x7f780414ef00",4181379013007152,4181379013017316,4181379013047361,4181379013048274,30045
2441,"void transformer_engine::fused_attn_rocm::apply_mask_and_softmax_kernel<__half, transformer_engine::fused_attn_rocm::SmallSeqConfig<12, 128, 256, false, (transformer_engine::fused_attn_rocm::CausalMaskType)0> >(__half*, __half const*, float, int const*, int, int) [clone .kd]",2,8,2692,1282169,1282169,780288,256,1024,0,16,0,16,64,"0x0","0x7f780414ef40",4181379013015184,4181379013047361,4181379013053009,4181379013057888,5648
2442,"void transformer_engine::fused_attn_rocm::compute_output_kernel<__half, transformer_engine::fused_attn_rocm::SmallSeqConfig<12, 128, 256, false, (transformer_engine::fused_attn_rocm::CausalMaskType)0>, 2, 8>(__half const*, __half const*, __half*, int const*, int const*, int, int) [clone .kd]",2,8,2693,1282169,1282169,512000,64,24576,0,24,0,32,64,"0x0","0x7f780414ef80",4181379013022625,4181379013053009,4181379013151356,4181379013153029,98347
2443,"loop_broadcast_fusion_5.kd",2,8,2694,1282169,1282169,2048000,256,0,0,4,4,16,64,"0x0","0x7f7817b1a740",4181379013040782,4181379013151356,4181379013159608,4181379013161412,8252
2444,"__amd_rocclr_fillBufferAligned.kd",2,8,2695,1282169,1282169,77824,256,0,0,12,4,48,64,"0x0","0x7f781d393580",4181379013056886,4181379013159608,4181379013166418,4181379013168402,6810
2445,"__amd_rocclr_fillBufferAligned.kd",2,8,2696,1282169,1282169,77824,256,0,0,12,4,48,64,"0x0","0x7f781d393580",4181379013070867,4181379013166418,4181379013199547,4181379013201241,33129
2446,"__amd_rocclr_fillBufferAligned.kd",2,8,2697,1282169,1282169,77824,256,0,0,12,4,48,64,"0x0","0x7f781d393580",4181379013078859,4181379013199547,4181379013232677,4181379013233459,33130
2447,"__amd_rocclr_fillBufferAligned.kd",2,8,2698,1282169,1282169,256,256,0,0,12,4,48,64,"0x0","0x7f781d393580",4181379013088554,4181379013232677,4181379013237363,4181379013239668,4686
2448,"ck_fused_attn::get_runtime_max_seqlen_kernel(unsigned long, int const*, int const*, unsigned long*) [clone .kd]",2,8,2699,1282169,1282169,4096,128,0,0,4,4,32,64,"0x0","0x7f781c004940",4181379013095053,4181379013237363,4181379013243533,4181379013246338,6170
2449,"__amd_rocclr_copyBuffer.kd",2,8,2700,1282169,1282169,512,512,0,0,16,0,32,64,"0x7fb89bde8480","0x7f781d393600",4181379013102134,4181379013243533,4181379013249141,4181379013252788,5608
2450,"__amd_rocclr_fillBufferAligned.kd",2,8,2702,1282169,1282169,256,256,0,0,12,4,48,64,"0x0","0x7f781d393580",4181379013271846,4181379013283272,4181379013285395,4181379013290975,2123
2451,"ck_fused_attn::get_runtime_max_seqlen_kernel(unsigned long, int const*, int const*, unsigned long*) [clone .kd]",2,8,2703,1282169,1282169,4096,128,0,0,4,4,32,64,"0x0","0x7f781c004940",4181379013283934,4181379013293807,4181379013300257,4181379013301090,6450
2452,"__amd_rocclr_copyBuffer.kd",2,8,2704,1282169,1282169,512,512,0,0,16,0,32,64,"0x7fb89bde8380","0x7f781d393600",4181379013292377,4181379013305104,4181379013309751,4181379013317083,4647
2453,"void transformer_engine::fused_attn_rocm::compute_grad_v_kernel<__half, transformer_engine::fused_attn_rocm::SmallSeqConfig<12, 128, 256, false, (transformer_engine::fused_attn_rocm::CausalMaskType)0>, 16, 16>(__half const*, __half const*, __half*, int const*, int const*, int, int) [clone .kd]",2,8,2706,1282169,1282169,256000,64,24576,0,28,4,32,64,"0x0","0x7f7804150800",4181379013332386,4181379013347287,4181379013432934,4181379013437823,85647
2454,"void transformer_engine::fused_attn_rocm::compute_grad_attn_kernel<__half, transformer_engine::fused_attn_rocm::SmallSeqConfig<12, 128, 256, false, (transformer_engine::fused_attn_rocm::CausalMaskType)0>, 16>(__half const*, __half const*, __half*, int const*, int const*, int, int) [clone .kd]",2,8,2707,1282169,1282169,8000,64,0,0,124,4,48,64,"0x0","0x7f7804150840",4181379013345285,4181379013432934,4181379013735584,4181379013738120,302650
2455,"void transformer_engine::fused_attn_rocm::softmax_backward_kernel<__half, transformer_engine::fused_attn_rocm::SmallSeqConfig<12, 128, 256, false, (transformer_engine::fused_attn_rocm::CausalMaskType)0> >(__half const*, __half const*, __half*, float, int const*, int, int) [clone .kd]",2,8,2708,1282169,1282169,780288,256,1024,0,16,0,16,64,"0x0","0x7f7804150880",4181379013353157,4181379013735584,4181379013741273,4181379013746542,5689
2456,"void transformer_engine::fused_attn_rocm::compute_grad_qk_kernel<__half, transformer_engine::fused_attn_rocm::SmallSeqConfig<12, 128, 256, false, (transformer_engine::fused_attn_rocm::CausalMaskType)0>, 4, 16>(__half const*, __half const*, __half const*, __half*, __half*, float, int const*, int const*, int, int) [clone .kd]",2,8,2709,1282169,1282169,1024000,64,24576,0,36,4,64,64,"0x0","0x7f78041508c0",4181379013361750,4181379013741273,4181379014086466,4181379014097945,345193
2457,"input_reduce_fusion.kd",2,8,2710,1282169,1282169,524288,256,512,0,16,0,16,64,"0x0","0x7f7817b1a780",4181379013371294,4181379014086466,4181379014096561,4181379014104595,10095
2458,"input_reduce_fusion_3.kd",2,8,2711,1282169,1282169,128,128,512,0,24,0,16,64,"0x0","0x7f7817b1a7c0",4181379013378715,4181379014096561,4181379014102210,4181379014109302,5649
2459,"loop_convert_fusion.kd",2,8,2712,1282169,1282169,1,1,0,0,4,4,16,64,"0x0","0x7f7817b1a800",4181379013386717,4181379014102210,4181379014107457,4181379014114049,5247
2460,"input_compare_reduce_fusion_1.kd",2,8,2715,1282169,1282169,8192,256,0,0,12,4,16,64,"0x0","0x7f7817b19c00",4181379013514998,4181379014120156,4181379014126406,4181379014144153,6250
2461,"loop_slice_fusion_1.kd",2,8,2716,1282169,1282169,3072,256,0,0,16,0,16,64,"0x0","0x7f7817b19c40",4181379013524642,4181379014126406,4181379014132935,4181379014148470,6529
2462,"loop_reduce_window_fusion_16.kd",2,8,2717,1282169,1282169,3072,256,0,0,8,0,16,64,"0x0","0x7f7817b19c80",4181379013531833,4181379014132935,4181379014139505,4181379014153187,6570
2463,"loop_reduce_window_fusion_15.kd",2,8,2718,1282169,1282169,192,192,0,0,8,0,16,64,"0x0","0x7f7817b19cc0",4181379013538863,4181379014139505,4181379014144833,4181379014159496,5328
2464,"loop_broadcast_fusion_2.kd",2,8,2719,1282169,1282169,48128,256,0,0,4,4,16,64,"0x0","0x7f7817b19d00",4181379013545924,4181379014144833,4181379014149600,4181379014164123,4767
2465,"input_scatter_fusion_2.kd",2,8,2720,1282169,1282169,48128,256,0,0,12,4,32,64,"0x0","0x7f7817b19d40",4181379013553455,4181379014149600,4181379014158533,4181379014168439,8933
2466,"loop_reduce_window_fusion_14.kd",2,8,2721,1282169,1282169,48128,256,0,0,8,0,16,64,"0x0","0x7f7817b19d80",4181379013560205,4181379014158533,4181379014163421,4181379014173106,4888
2467,"loop_reduce_window_fusion_13.kd",2,8,2722,1282169,1282169,3072,256,0,0,8,0,16,64,"0x0","0x7f7817b19dc0",4181379013567265,4181379014163421,4181379014168468,4181379014178424,5047
2468,"loop_reduce_window_fusion_15.kd",2,8,2723,1282169,1282169,192,192,0,0,8,0,16,64,"0x0","0x7f7817b19cc0",4181379013574787,4181379014168468,4181379014173155,4181379014182861,4687
2469,"loop_slice_fusion_6.kd",2,8,2724,1282169,1282169,12,12,0,0,4,4,16,64,"0x0","0x7f7817b19e00",4181379013581947,4181379014173155,4181379014177762,4181379014187308,4607
2470,"input_reduce_fusion_1.kd",2,8,2725,1282169,1282169,64,64,0,0,8,0,16,64,"0x0","0x7f7817b19e40",4181379013589208,4181379014177762,4181379014182369,4181379014191884,4607
2471,"loop_select_fusion_5.kd",2,8,2726,1282169,1282169,48128,256,0,0,12,4,32,64,"0x0","0x7f7817b19e80",4181379013596549,4181379014182369,4181379014187336,4181379014196501,4967
2472,"loop_select_fusion_2.kd",2,8,2727,1282169,1282169,48128,256,0,0,4,4,16,64,"0x0","0x7f7817b19ec0",4181379013603830,4181379014187336,4181379014192183,4181379014201098,4847
2473,"loop_reduce_window_fusion_14.kd",2,8,2728,1282169,1282169,48128,256,0,0,8,0,16,64,"0x0","0x7f7817b19d80",4181379013609909,4181379014192183,4181379014197151,4181379014205655,4968
2474,"loop_reduce_window_fusion_13.kd",2,8,2729,1282169,1282169,3072,256,0,0,8,0,16,64,"0x0","0x7f7817b19dc0",4181379013617150,4181379014197151,4181379014202158,4181379014210222,5007
2475,"loop_reduce_window_fusion_15.kd",2,8,2730,1282169,1282169,192,192,0,0,8,0,16,64,"0x0","0x7f7817b19cc0",4181379013624420,4181379014202158,4181379014206765,4181379014216821,4607
2476,"input_concatenate_fusion.kd",2,8,2731,1282169,1282169,48128,256,0,0,12,4,32,64,"0x0","0x7f7817b19f00",4181379013631962,4181379014206765,4181379014211693,4181379014221388,4928
2477,"input_compare_reduce_fusion.kd",2,8,2732,1282169,1282169,13312,256,0,0,12,4,16,64,"0x0","0x7f7817b19f40",4181379013639222,4181379014211693,4181379014216580,4181379014225825,4887
2478,"loop_slice_fusion.kd",2,8,2733,1282169,1282169,3328,256,0,0,16,0,16,64,"0x0","0x7f7817b19f80",4181379013647004,4181379014216580,4181379014221427,4181379014230582,4847
2479,"loop_reduce_window_fusion_4.kd",2,8,2734,1282169,1282169,3328,256,0,0,8,0,16,64,"0x0","0x7f7817b19fc0",4181379013654365,4181379014221427,4181379014226394,4181379014235179,4967
2480,"loop_reduce_window_fusion_3.kd",2,8,2735,1282169,1282169,208,208,0,0,8,0,16,64,"0x0","0x7f7817b1a000",4181379013662617,4181379014226394,4181379014231602,4181379014239916,5208
2481,"loop_broadcast_fusion.kd",2,8,2736,1282169,1282169,52224,256,0,0,4,4,16,64,"0x0","0x7f7817b1a040",4181379013670349,4181379014231602,4181379014236770,4181379014244663,5168
2482,"input_scatter_fusion.kd",2,8,2737,1282169,1282169,52224,256,0,0,12,4,32,64,"0x0","0x7f7817b1a080",4181379013678581,4181379014236770,4181379014245663,4181379014248929,8893
2483,"loop_reduce_window_fusion_2.kd",2,8,2738,1282169,1282169,52224,256,0,0,8,0,16,64,"0x0","0x7f7817b1a0c0",4181379013685972,4181379014245663,4181379014250590,4181379014253606,4927
2484,"loop_reduce_window_fusion_1.kd",2,8,2739,1282169,1282169,3328,256,0,0,8,0,16,64,"0x0","0x7f7817b1a100",4181379013693002,4181379014250590,4181379014255758,4181379014258393,5168
2485,"loop_reduce_window_fusion_3.kd",2,8,2740,1282169,1282169,208,208,0,0,8,0,16,64,"0x0","0x7f7817b1a000",4181379013700283,4181379014255758,4181379014260445,4181379014263050,4687
2486,"loop_slice_fusion_5.kd",2,8,2741,1282169,1282169,13,13,0,0,4,4,16,64,"0x0","0x7f7817b1a140",4181379013707534,4181379014260445,4181379014265172,4181379014275399,4727
2487,"input_reduce_fusion_2.kd",2,8,2742,1282169,1282169,64,64,0,0,8,0,16,64,"0x0","0x7f7817b1a180",4181379013714675,4181379014265172,4181379014269899,4181379014270762,4727
2488,"loop_select_fusion_4.kd",2,8,2743,1282169,1282169,52224,256,0,0,8,0,32,64,"0x0","0x7f7817b1a1c0",4181379013722116,4181379014269899,4181379014274947,4181379014284442,5048
2489,"loop_select_fusion.kd",2,8,2744,1282169,1282169,52224,256,0,0,8,0,16,64,"0x0","0x7f7817b1a200",4181379013730388,4181379014274947,4181379014279954,4181379014289169,5007
2490,"loop_compare_fusion_1.kd",2,8,2745,1282169,1282169,4096,256,0,0,4,4,16,64,"0x0","0x7f7817b1a240",4181379013737749,4181379014279954,4181379014284841,4181379014293666,4887
2491,"input_reduce_reduce_window_fusion_1.kd",2,8,2746,1282169,1282169,256,256,512,0,20,4,32,64,"0x0","0x7f7817b1a280",4181379013761785,4181379014284841,4181379014299944,4181379014300155,15103
2492,"loop_slice_fusion_3.kd",2,8,2747,1282169,1282169,16,16,0,0,20,4,16,64,"0x0","0x7f7817b1a2c0",4181379013769997,4181379014299944,4181379014304671,4181379014304742,4727
2493,"loop_broadcast_fusion_3.kd",2,8,2748,1282169,1282169,4096,256,0,0,4,4,16,64,"0x0","0x7f7817b1a300",4181379013777398,4181379014304671,4181379014309718,4181379014309329,5047
2494,"input_scatter_fusion_3.kd",2,8,2749,1282169,1282169,4096,256,0,0,8,0,32,64,"0x0","0x7f7817b1a340",4181379013785310,4181379014309718,4181379014315847,4181379014315839,6129
2495,"loop_reduce_window_fusion_18.kd",2,8,2750,1282169,1282169,4096,256,0,0,8,0,16,64,"0x0","0x7f7817b1a380",4181379013792801,4181379014315847,4181379014320614,4181379014320265,4767
2496,"loop_slice_fusion_3.kd",2,8,2751,1282169,1282169,16,16,0,0,20,4,16,64,"0x0","0x7f7817b1a2c0",4181379013800482,4181379014320614,4181379014325382,4181379014327005,4768
2497,"loop_remainder_fusion.kd",2,8,2752,1282169,1282169,4096,256,0,0,12,4,16,64,"0x0","0x7f7817b1a3c0",4181379013807723,4181379014325382,4181379014331110,4181379014334166,5728
2498,"loop_select_fusion_3.kd",2,8,2753,1282169,1282169,4096,256,0,0,8,0,32,64,"0x0","0x7f7817b1a400",4181379013815234,4181379014331110,4181379014335877,4181379014338823,4767
2499,"loop_reduce_window_fusion_18.kd",2,8,2754,1282169,1282169,4096,256,0,0,8,0,16,64,"0x0","0x7f7817b1a380",4181379013822645,4181379014335877,4181379014340724,4181379014343320,4847
2500,"loop_slice_fusion_3.kd",2,8,2755,1282169,1282169,16,16,0,0,20,4,16,64,"0x0","0x7f7817b1a2c0",4181379013829535,4181379014340724,4181379014345411,4181379014349669,4687
2501,"input_concatenate_fusion_1.kd",2,8,2756,1282169,1282169,4096,256,0,0,8,0,32,64,"0x0","0x7f7817b1a440",4181379013837217,4181379014345411,4181379014351180,4181379014355768,5769
2502,"loop_compare_fusion.kd",2,8,2757,1282169,1282169,8192,256,0,0,4,4,16,64,"0x0","0x7f7817b1a480",4181379013845159,4181379014351180,4181379014356147,4181379014360135,4967
2503,"input_reduce_reduce_window_fusion.kd",2,8,2758,1282169,1282169,512,512,512,0,20,4,48,64,"0x0","0x7f7817b1a4c0",4181379013852169,4181379014356147,4181379014373213,4181379014377961,17066
2504,"loop_reduce_window_fusion_8.kd",2,8,2759,1282169,1282169,32,32,0,0,32,0,16,64,"0x0","0x7f7817b1a500",4181379013859941,4181379014373213,4181379014382907,4181379014382858,9694
2505,"loop_broadcast_fusion_1.kd",2,8,2760,1282169,1282169,8192,256,0,0,4,4,16,64,"0x0","0x7f7817b1a540",4181379013867201,4181379014382907,4181379014388075,4181379014389428,5168
2506,"input_scatter_fusion_1.kd",2,8,2761,1282169,1282169,8192,256,0,0,8,0,32,64,"0x0","0x7f7817b1a580",4181379013873891,4181379014388075,4181379014393323,4181379014395968,5248
2507,"loop_reduce_window_fusion_7.kd",2,8,2762,1282169,1282169,8192,256,0,0,8,0,16,64,"0x0","0x7f7817b1a5c0",4181379013881172,4181379014393323,4181379014398370,4181379014400374,5047
2508,"loop_reduce_window_fusion_6.kd",2,8,2763,1282169,1282169,512,256,0,0,8,0,16,64,"0x0","0x7f7817b1a600",4181379013889044,4181379014398370,4181379014403658,4181379014404711,5288
2509,"loop_reduce_window_fusion_5.kd",2,8,2764,1282169,1282169,32,32,0,0,8,0,16,64,"0x0","0x7f7817b1a640",4181379013895734,4181379014403658,4181379014408465,4181379014411060,4807
2510,"loop_select_fusion_6.kd",2,8,2765,1282169,1282169,8192,256,0,0,8,0,32,64,"0x0","0x7f7817b1a680",4181379013903505,4181379014408465,4181379014413593,4181379014415827,5128
2511,"loop_select_fusion_1.kd",2,8,2766,1282169,1282169,8192,256,0,0,8,0,16,64,"0x0","0x7f7817b1a6c0",4181379013910526,4181379014413593,4181379014418520,4181379014420134,4927
2512,"loop_broadcast_fusion_4.kd",2,8,2767,1282169,1282169,16,16,0,0,4,4,16,64,"0x0","0x7f7817b1a700",4181379013916845,4181379014418520,4181379014423608,4181379014426383,5088
2513,"__amd_rocclr_fillBufferAligned.kd",2,8,2768,1282169,1282169,77824,256,0,0,12,4,48,64,"0x0","0x7f781d393580",4181379013929644,4181379014423608,4181379014437548,4181379014443669,13940
2514,"__amd_rocclr_fillBufferAligned.kd",2,8,2769,1282169,1282169,16128,256,0,0,12,4,48,64,"0x0","0x7f781d393580",4181379013935633,4181379014437548,4181379014442436,4181379014448095,4888
2515,"transformer_engine::fused_attn_rocm::populate_rng_state_kernel(long*, long const*, long) [clone .kd]",2,8,2770,1282169,1282169,1,1,0,0,8,0,16,64,"0x0","0x7f781c015380",4181379013944797,4181379014442436,4181379014447323,4181379014454415,4887
2516,"__amd_rocclr_fillBufferAligned.kd",2,8,2771,1282169,1282169,256,256,0,0,12,4,48,64,"0x0","0x7f781d393580",4181379013955172,4181379014447323,4181379014452050,4181379014459212,4727
2517,"ck_fused_attn::get_runtime_max_seqlen_kernel(unsigned long, int const*, int const*, unsigned long*) [clone .kd]",2,8,2772,1282169,1282169,4096,128,0,0,4,4,32,64,"0x0","0x7f781c004940",4181379013961652,4181379014452050,4181379014457859,4181379014463749,5809
2518,"__amd_rocclr_copyBuffer.kd",2,8,2773,1282169,1282169,512,512,0,0,16,0,32,64,"0x7fb89bde8180","0x7f781d393600",4181379013970996,4181379014457859,4181379014463267,4181379014469637,5408
2519,"__amd_rocclr_fillBufferAligned.kd",2,8,2775,1282169,1282169,256,256,0,0,12,4,48,64,"0x0","0x7f781d393580",4181379014512691,4181379014524678,4181379014526801,4181379014560232,2123
2520,"ck_fused_attn::get_runtime_max_seqlen_kernel(unsigned long, int const*, int const*, unsigned long*) [clone .kd]",2,8,2776,1282169,1282169,4096,128,0,0,4,4,32,64,"0x0","0x7f781c004940",4181379014523207,4181379014533852,4181379014539700,4181379014570237,5848
2521,"__amd_rocclr_copyBuffer.kd",2,8,2777,1282169,1282169,512,512,0,0,16,0,32,64,"0x7fb89bde9d80","0x7f781d393600",4181379014537408,4181379014546150,4181379014552479,4181379014565580,6329
2522,"void transformer_engine::fused_attn_rocm::compute_scores_kernel<__half, transformer_engine::fused_attn_rocm::SmallSeqConfig<12, 128, 256, false, (transformer_engine::fused_attn_rocm::CausalMaskType)0>, 1>(__half const*, __half const*, __half*, float, int const*, int const*, int, int) [clone .kd]",2,8,2779,1282169,1282169,64000,64,0,0,120,0,32,64,"0x0","0x7f780414ef00",4181379014581734,4181379014591698,4181379014621542,4181379014622975,29844
2523,"void transformer_engine::fused_attn_rocm::apply_mask_and_softmax_kernel<__half, transformer_engine::fused_attn_rocm::SmallSeqConfig<12, 128, 256, false, (transformer_engine::fused_attn_rocm::CausalMaskType)0> >(__half*, __half const*, float, int const*, int, int) [clone .kd]",2,8,2780,1282169,1282169,780288,256,1024,0,16,0,16,64,"0x0","0x7f780414ef40",4181379014589816,4181379014621542,4181379014626910,4181379014629675,5368
2524,"void transformer_engine::fused_attn_rocm::compute_output_kernel<__half, transformer_engine::fused_attn_rocm::SmallSeqConfig<12, 128, 256, false, (transformer_engine::fused_attn_rocm::CausalMaskType)0>, 2, 8>(__half const*, __half const*, __half*, int const*, int const*, int, int) [clone .kd]",2,8,2781,1282169,1282169,512000,64,24576,0,24,0,32,64,"0x0","0x7f780414ef80",4181379014597417,4181379014626910,4181379014725497,4181379014727311,98587
2525,"loop_broadcast_fusion_5.kd",2,8,2782,1282169,1282169,2048000,256,0,0,4,4,16,64,"0x0","0x7f7817b1a740",4181379014614933,4181379014725497,4181379014733789,4181379014735973,8292
2526,"__amd_rocclr_fillBufferAligned.kd",2,8,2783,1282169,1282169,77824,256,0,0,12,4,48,64,"0x0","0x7f781d393580",4181379014632930,4181379014733789,4181379014740479,4181379014740721,6690
2527,"__amd_rocclr_fillBufferAligned.kd",2,8,2784,1282169,1282169,77824,256,0,0,12,4,48,64,"0x0","0x7f781d393580",4181379014645879,4181379014740479,4181379014772927,4181379014772938,32448
2528,"__amd_rocclr_fillBufferAligned.kd",2,8,2785,1282169,1282169,77824,256,0,0,12,4,48,64,"0x0","0x7f781d393580",4181379014653150,4181379014772927,4181379014806137,4181379014818626,33210
2529,"__amd_rocclr_fillBufferAligned.kd",2,8,2786,1282169,1282169,256,256,0,0,12,4,48,64,"0x0","0x7f781d393580",4181379014663145,4181379014806137,4181379014810944,4181379014813258,4807
2530,"ck_fused_attn::get_runtime_max_seqlen_kernel(unsigned long, int const*, int const*, unsigned long*) [clone .kd]",2,8,2787,1282169,1282169,4096,128,0,0,4,4,32,64,"0x0","0x7f781c004940",4181379014669565,4181379014810944,4181379014817113,4181379014825046,6169
2531,"__amd_rocclr_copyBuffer.kd",2,8,2788,1282169,1282169,512,512,0,0,16,0,32,64,"0x7fb89bde9f80","0x7f781d393600",4181379014677176,4181379014817113,4181379014823282,4181379014829613,6169
2532,"__amd_rocclr_fillBufferAligned.kd",2,8,2790,1282169,1282169,256,256,0,0,12,4,48,64,"0x0","0x7f781d393580",4181379014848090,4181379014859496,4181379014861539,4181379014861370,2043
2533,"ck_fused_attn::get_runtime_max_seqlen_kernel(unsigned long, int const*, int const*, unsigned long*) [clone .kd]",2,8,2791,1282169,1282169,4096,128,0,0,4,4,32,64,"0x0","0x7f781c004940",4181379014858856,4181379014877242,4181379014883452,4181379014884925,6210
2534,"__amd_rocclr_copyBuffer.kd",2,8,2792,1282169,1282169,512,512,0,0,16,0,32,64,"0x7fb89bc76d80","0x7f781d393600",4181379014876032,4181379014888339,4181379014893146,4181379014893898,4807
2535,"void transformer_engine::fused_attn_rocm::compute_grad_v_kernel<__half, transformer_engine::fused_attn_rocm::SmallSeqConfig<12, 128, 256, false, (transformer_engine::fused_attn_rocm::CausalMaskType)0>, 16, 16>(__half const*, __half const*, __half*, int const*, int const*, int, int) [clone .kd]",2,8,2794,1282169,1282169,256000,64,24576,0,28,4,32,64,"0x0","0x7f7804150800",4181379014908961,4181379014923551,4181379015011081,4181379015017041,87530
2536,"void transformer_engine::fused_attn_rocm::compute_grad_attn_kernel<__half, transformer_engine::fused_attn_rocm::SmallSeqConfig<12, 128, 256, false, (transformer_engine::fused_attn_rocm::CausalMaskType)0>, 16>(__half const*, __half const*, __half*, int const*, int const*, int, int) [clone .kd]",2,8,2795,1282169,1282169,8000,64,0,0,124,4,48,64,"0x0","0x7f7804150840",4181379014921740,4181379015011081,4181379015312490,4181379015323057,301409
2537,"void transformer_engine::fused_attn_rocm::softmax_backward_kernel<__half, transformer_engine::fused_attn_rocm::SmallSeqConfig<12, 128, 256, false, (transformer_engine::fused_attn_rocm::CausalMaskType)0> >(__half const*, __half const*, __half*, float, int const*, int, int) [clone .kd]",2,8,2796,1282169,1282169,780288,256,1024,0,16,0,16,64,"0x0","0x7f7804150880",4181379014928460,4181379015312490,4181379015318539,4181379015331279,6049
2538,"void transformer_engine::fused_attn_rocm::compute_grad_qk_kernel<__half, transformer_engine::fused_attn_rocm::SmallSeqConfig<12, 128, 256, false, (transformer_engine::fused_attn_rocm::CausalMaskType)0>, 4, 16>(__half const*, __half const*, __half const*, __half*, __half*, float, int const*, int const*, int, int) [clone .kd]",2,8,2797,1282169,1282169,1024000,64,24576,0,36,4,64,64,"0x0","0x7f78041508c0",4181379014936211,4181379015318539,4181379015650632,4181379015661730,332093
2539,"input_reduce_fusion.kd",2,8,2798,1282169,1282169,524288,256,512,0,16,0,16,64,"0x0","0x7f7817b1a780",4181379014944874,4181379015650632,4181379015658644,4181379015668911,8012
2540,"input_reduce_fusion_3.kd",2,8,2799,1282169,1282169,128,128,512,0,24,0,16,64,"0x0","0x7f7817b1a7c0",4181379014952305,4181379015658644,4181379015664093,4181379015673928,5449
2541,"loop_convert_fusion.kd",2,8,2800,1282169,1282169,1,1,0,0,4,4,16,64,"0x0","0x7f7817b1a800",4181379014958434,4181379015664093,4181379015669260,4181379015678525,5167
2542,"input_compare_reduce_fusion_1.kd",2,8,2803,1282169,1282169,8192,256,0,0,12,4,16,64,"0x0","0x7f7817b19c00",4181379015086725,4181379015681999,4181379015688168,4181379015709702,6169
2543,"loop_slice_fusion_1.kd",2,8,2804,1282169,1282169,3072,256,0,0,16,0,16,64,"0x0","0x7f7817b19c40",4181379015096149,4181379015688168,4181379015693176,4181379015717243,5008
2544,"loop_reduce_window_fusion_16.kd",2,8,2805,1282169,1282169,3072,256,0,0,8,0,16,64,"0x0","0x7f7817b19c80",4181379015103800,4181379015693176,4181379015700907,4181379015722591,7731
2545,"loop_reduce_window_fusion_15.kd",2,8,2806,1282169,1282169,192,192,0,0,8,0,16,64,"0x0","0x7f7817b19cc0",4181379015110671,4181379015700907,4181379015706315,4181379015727778,5408
2546,"loop_broadcast_fusion_2.kd",2,8,2807,1282169,1282169,48128,256,0,0,4,4,16,64,"0x0","0x7f7817b19d00",4181379015117401,4181379015706315,4181379015712244,4181379015732726,5929
2547,"input_scatter_fusion_2.kd",2,8,2808,1282169,1282169,48128,256,0,0,12,4,32,64,"0x0","0x7f7817b19d40",4181379015125373,4181379015712244,4181379015720056,4181379015737012,7812
2548,"loop_reduce_window_fusion_14.kd",2,8,2809,1282169,1282169,48128,256,0,0,8,0,16,64,"0x0","0x7f7817b19d80",4181379015132854,4181379015720056,4181379015724943,4181379015741639,4887
2549,"loop_reduce_window_fusion_13.kd",2,8,2810,1282169,1282169,3072,256,0,0,8,0,16,64,"0x0","0x7f7817b19dc0",4181379015140495,4181379015724943,4181379015730031,4181379015746286,5088
2550,"loop_reduce_window_fusion_15.kd",2,8,2811,1282169,1282169,192,192,0,0,8,0,16,64,"0x0","0x7f7817b19cc0",4181379015146965,4181379015730031,4181379015734637,4181379015750682,4606
2551,"loop_slice_fusion_6.kd",2,8,2812,1282169,1282169,12,12,0,0,4,4,16,64,"0x0","0x7f7817b19e00",4181379015153585,4181379015734637,4181379015739284,4181379015755279,4647
2552,"input_reduce_fusion_1.kd",2,8,2813,1282169,1282169,64,64,0,0,8,0,16,64,"0x0","0x7f7817b19e40",4181379015160775,4181379015739284,4181379015743931,4181379015759896,4647
2553,"loop_select_fusion_5.kd",2,8,2814,1282169,1282169,48128,256,0,0,12,4,32,64,"0x0","0x7f7817b19e80",4181379015168757,4181379015743931,4181379015748859,4181379015764323,4928
2554,"loop_select_fusion_2.kd",2,8,2815,1282169,1282169,48128,256,0,0,4,4,16,64,"0x0","0x7f7817b19ec0",4181379015175577,4181379015748859,4181379015753746,4181379015768980,4887
2555,"loop_reduce_window_fusion_14.kd",2,8,2816,1282169,1282169,48128,256,0,0,8,0,16,64,"0x0","0x7f7817b19d80",4181379015183269,4181379015753746,4181379015758633,4181379015773597,4887
2556,"loop_reduce_window_fusion_13.kd",2,8,2817,1282169,1282169,3072,256,0,0,8,0,16,64,"0x0","0x7f7817b19dc0",4181379015190139,4181379015758633,4181379015763721,4181379015779806,5088
2557,"loop_reduce_window_fusion_15.kd",2,8,2818,1282169,1282169,192,192,0,0,8,0,16,64,"0x0","0x7f7817b19cc0",4181379015197520,4181379015763721,4181379015768328,4181379015784473,4607
2558,"input_concatenate_fusion.kd",2,8,2819,1282169,1282169,48128,256,0,0,12,4,32,64,"0x0","0x7f7817b19f00",4181379015205101,4181379015768328,4181379015773215,4181379015788989,4887
2559,"input_compare_reduce_fusion.kd",2,8,2820,1282169,1282169,13312,256,0,0,12,4,16,64,"0x0","0x7f7817b19f40",4181379015212252,4181379015773215,4181379015778102,4181379015793556,4887
2560,"loop_slice_fusion.kd",2,8,2821,1282169,1282169,3328,256,0,0,16,0,16,64,"0x0","0x7f7817b19f80",4181379015219292,4181379015778102,4181379015782949,4181379015798063,4847
2561,"loop_reduce_window_fusion_4.kd",2,8,2822,1282169,1282169,3328,256,0,0,8,0,16,64,"0x0","0x7f7817b19fc0",4181379015226673,4181379015782949,4181379015787877,4181379015802610,4928
2562,"loop_reduce_window_fusion_3.kd",2,8,2823,1282169,1282169,208,208,0,0,8,0,16,64,"0x0","0x7f7817b1a000",4181379015233543,4181379015787877,4181379015792684,4181379015807297,4807
2563,"loop_broadcast_fusion.kd",2,8,2824,1282169,1282169,52224,256,0,0,4,4,16,64,"0x0","0x7f7817b1a040",4181379015241305,4181379015792684,4181379015797811,4181379015812314,5127
2564,"input_scatter_fusion.kd",2,8,2825,1282169,1282169,52224,256,0,0,12,4,32,64,"0x0","0x7f7817b1a080",4181379015249207,4181379015797811,4181379015806705,4181379015816981,8894
2565,"loop_reduce_window_fusion_2.kd",2,8,2826,1282169,1282169,52224,256,0,0,8,0,16,64,"0x0","0x7f7817b1a0c0",4181379015256998,4181379015806705,4181379015811712,4181379015821518,5007
2566,"loop_reduce_window_fusion_1.kd",2,8,2827,1282169,1282169,3328,256,0,0,8,0,16,64,"0x0","0x7f7817b1a100",4181379015264049,4181379015811712,4181379015816880,4181379015826255,5168
2567,"loop_reduce_window_fusion_3.kd",2,8,2828,1282169,1282169,208,208,0,0,8,0,16,64,"0x0","0x7f7817b1a000",4181379015271049,4181379015816880,4181379015821647,4181379015836831,4767
2568,"loop_slice_fusion_5.kd",2,8,2829,1282169,1282169,13,13,0,0,4,4,16,64,"0x0","0x7f7817b1a140",4181379015278590,4181379015821647,4181379015826374,4181379015830862,4727
2569,"input_reduce_fusion_2.kd",2,8,2830,1282169,1282169,64,64,0,0,8,0,16,64,"0x0","0x7f7817b1a180",4181379015285130,4181379015826374,4181379015831061,4181379015844492,4687
2570,"loop_select_fusion_4.kd",2,8,2831,1282169,1282169,52224,256,0,0,8,0,32,64,"0x0","0x7f7817b1a1c0",4181379015294474,4181379015831061,4181379015836108,4181379015858353,5047
2571,"loop_select_fusion.kd",2,8,2832,1282169,1282169,52224,256,0,0,8,0,16,64,"0x0","0x7f7817b1a200",4181379015302436,4181379015836108,4181379015841116,4181379015853916,5008
2572,"loop_compare_fusion_1.kd",2,8,2833,1282169,1282169,4096,256,0,0,4,4,16,64,"0x0","0x7f7817b1a240",4181379015309176,4181379015841116,4181379015845963,4181379015849279,4847
2573,"input_reduce_reduce_window_fusion_1.kd",2,8,2834,1282169,1282169,256,256,512,0,20,4,32,64,"0x0","0x7f7817b1a280",4181379015317188,4181379015845963,4181379015861025,4181379015865093,15062
2574,"loop_slice_fusion_3.kd",2,8,2835,1282169,1282169,16,16,0,0,20,4,16,64,"0x0","0x7f7817b1a2c0",4181379015324679,4181379015861025,4181379015865833,4181379015869469,4808
2575,"loop_broadcast_fusion_3.kd",2,8,2836,1282169,1282169,4096,256,0,0,4,4,16,64,"0x0","0x7f7817b1a300",4181379015347072,4181379015865833,4181379015870960,4181379015873996,5127
2576,"input_scatter_fusion_3.kd",2,8,2837,1282169,1282169,4096,256,0,0,8,0,32,64,"0x0","0x7f7817b1a340",4181379015354914,4181379015870960,4181379015877049,4181379015880796,6089
2577,"loop_reduce_window_fusion_18.kd",2,8,2838,1282169,1282169,4096,256,0,0,8,0,16,64,"0x0","0x7f7817b1a380",4181379015362315,4181379015877049,4181379015881856,4181379015885132,4807
2578,"loop_slice_fusion_3.kd",2,8,2839,1282169,1282169,16,16,0,0,20,4,16,64,"0x0","0x7f7817b1a2c0",4181379015369766,4181379015881856,4181379015886583,4181379015889829,4727
2579,"loop_remainder_fusion.kd",2,8,2840,1282169,1282169,4096,256,0,0,12,4,16,64,"0x0","0x7f7817b1a3c0",4181379015377207,4181379015886583,4181379015892312,4181379015896609,5729
2580,"loop_select_fusion_3.kd",2,8,2841,1282169,1282169,4096,256,0,0,8,0,32,64,"0x0","0x7f7817b1a400",4181379015385980,4181379015892312,4181379015897119,4181379015901226,4807
2581,"loop_reduce_window_fusion_18.kd",2,8,2842,1282169,1282169,4096,256,0,0,8,0,16,64,"0x0","0x7f7817b1a380",4181379015393782,4181379015897119,4181379015902006,4181379015907235,4887
2582,"loop_slice_fusion_3.kd",2,8,2843,1282169,1282169,16,16,0,0,20,4,16,64,"0x0","0x7f7817b1a2c0",4181379015401283,4181379015902006,4181379015906773,4181379015913815,4767
2583,"input_concatenate_fusion_1.kd",2,8,2844,1282169,1282169,4096,256,0,0,8,0,32,64,"0x0","0x7f7817b1a440",4181379015408904,4181379015906773,4181379015912542,4181379015918212,5769
2584,"loop_compare_fusion.kd",2,8,2845,1282169,1282169,8192,256,0,0,4,4,16,64,"0x0","0x7f7817b1a480",4181379015416015,4181379015912542,4181379015917469,4181379015922608,4927
2585,"input_reduce_reduce_window_fusion.kd",2,8,2846,1282169,1282169,512,512,512,0,20,4,48,64,"0x0","0x7f7817b1a4c0",4181379015423736,4181379015917469,4181379015935055,4181379015939864,17586
2586,"loop_reduce_window_fusion_8.kd",2,8,2847,1282169,1282169,32,32,0,0,32,0,16,64,"0x0","0x7f7817b1a500",4181379015431177,4181379015935055,4181379015945271,4181379015947004,10216
2587,"loop_broadcast_fusion_1.kd",2,8,2848,1282169,1282169,8192,256,0,0,4,4,16,64,"0x0","0x7f7817b1a540",4181379015438298,4181379015945271,4181379015950559,4181379015951581,5288
2588,"input_scatter_fusion_1.kd",2,8,2849,1282169,1282169,8192,256,0,0,8,0,32,64,"0x0","0x7f7817b1a580",4181379015445869,4181379015950559,4181379015955646,4181379015957901,5087
2589,"loop_reduce_window_fusion_7.kd",2,8,2850,1282169,1282169,8192,256,0,0,8,0,16,64,"0x0","0x7f7817b1a5c0",4181379015453450,4181379015955646,4181379015960694,4181379015962267,5048
2590,"loop_reduce_window_fusion_6.kd",2,8,2851,1282169,1282169,512,256,0,0,8,0,16,64,"0x0","0x7f7817b1a600",4181379015460571,4181379015960694,4181379015965781,4181379015966814,5087
2591,"loop_reduce_window_fusion_5.kd",2,8,2852,1282169,1282169,32,32,0,0,8,0,16,64,"0x0","0x7f7817b1a640",4181379015468092,4181379015965781,4181379015970668,4181379015972903,4887
2592,"loop_select_fusion_6.kd",2,8,2853,1282169,1282169,8192,256,0,0,8,0,32,64,"0x0","0x7f7817b1a680",4181379015476635,4181379015970668,4181379015975756,4181379015977350,5088
2593,"loop_select_fusion_1.kd",2,8,2854,1282169,1282169,8192,256,0,0,8,0,16,64,"0x0","0x7f7817b1a6c0",4181379015483225,4181379015975756,4181379015980763,4181379015983679,5007
2594,"loop_broadcast_fusion_4.kd",2,8,2855,1282169,1282169,16,16,0,0,4,4,16,64,"0x0","0x7f7817b1a700",4181379015490926,4181379015980763,4181379015985811,4181379015990099,5048
2595,"__amd_rocclr_fillBufferAligned.kd",2,8,2856,1282169,1282169,77824,256,0,0,12,4,48,64,"0x0","0x7f781d393580",4181379015503305,4181379015985811,4181379015999752,4181379016005952,13941
2596,"__amd_rocclr_fillBufferAligned.kd",2,8,2857,1282169,1282169,16128,256,0,0,12,4,48,64,"0x0","0x7f781d393580",4181379015510055,4181379015999752,4181379016004799,4181379016010639,5047
2597,"transformer_engine::fused_attn_rocm::populate_rng_state_kernel(long*, long const*, long) [clone .kd]",2,8,2858,1282169,1282169,1,1,0,0,8,0,16,64,"0x0","0x7f781c015380",4181379015519469,4181379016004799,4181379016009727,4181379016017089,4928
2598,"__amd_rocclr_fillBufferAligned.kd",2,8,2859,1282169,1282169,256,256,0,0,12,4,48,64,"0x0","0x7f781d393580",4181379015528973,4181379016009727,4181379016014413,4181379016021325,4686
2599,"ck_fused_attn::get_runtime_max_seqlen_kernel(unsigned long, int const*, int const*, unsigned long*) [clone .kd]",2,8,2860,1282169,1282169,4096,128,0,0,4,4,32,64,"0x0","0x7f781c004940",4181379015536113,4181379016014413,4181379016020222,4181379016025952,5809
2600,"__amd_rocclr_copyBuffer.kd",2,8,2861,1282169,1282169,512,512,0,0,16,0,32,64,"0x7fb89bc71b80","0x7f781d393600",4181379015544656,4181379016020222,4181379016025670,4181379016032221,5448
2601,"__amd_rocclr_fillBufferAligned.kd",2,8,2863,1282169,1282169,256,256,0,0,12,4,48,64,"0x0","0x7f781d393580",4181379016076727,4181379016093972,4181379016095815,4181379016117378,1843
2602,"ck_fused_attn::get_runtime_max_seqlen_kernel(unsigned long, int const*, int const*, unsigned long*) [clone .kd]",2,8,2864,1282169,1282169,4096,128,0,0,4,4,32,64,"0x0","0x7f781c004940",4181379016094303,4181379016102545,4181379016111438,4181379016127453,8893
2603,"__amd_rocclr_copyBuffer.kd",2,8,2865,1282169,1282169,512,512,0,0,16,0,32,64,"0x7fb89bde9b80","0x7f781d393600",4181379016101414,4181379016111438,4181379016117046,4181379016122445,5608
2604,"void transformer_engine::fused_attn_rocm::compute_scores_kernel<__half, transformer_engine::fused_attn_rocm::SmallSeqConfig<12, 128, 256, false, (transformer_engine::fused_attn_rocm::CausalMaskType)0>, 1>(__half const*, __half const*, __half*, float, int const*, int const*, int, int) [clone .kd]",2,8,2867,1282169,1282169,64000,64,0,0,120,0,32,64,"0x0","0x7f780414ef00",4181379016139471,4181379016157667,4181379016186950,4181379016188704,29283
2605,"void transformer_engine::fused_attn_rocm::apply_mask_and_softmax_kernel<__half, transformer_engine::fused_attn_rocm::SmallSeqConfig<12, 128, 256, false, (transformer_engine::fused_attn_rocm::CausalMaskType)0> >(__half*, __half const*, float, int const*, int, int) [clone .kd]",2,8,2868,1282169,1282169,780288,256,1024,0,16,0,16,64,"0x0","0x7f780414ef40",4181379016155625,4181379016186950,4181379016192438,4181379016199179,5488
2606,"void transformer_engine::fused_attn_rocm::compute_output_kernel<__half, transformer_engine::fused_attn_rocm::SmallSeqConfig<12, 128, 256, false, (transformer_engine::fused_attn_rocm::CausalMaskType)0>, 2, 8>(__half const*, __half const*, __half*, int const*, int const*, int, int) [clone .kd]",2,8,2869,1282169,1282169,512000,64,24576,0,24,0,32,64,"0x0","0x7f780414ef80",4181379016163687,4181379016192438,4181379016291225,4181379016305608,98787
2607,"loop_broadcast_fusion_5.kd",2,8,2870,1282169,1282169,2048000,256,0,0,4,4,16,64,"0x0","0x7f7817b1a740",4181379016173491,4181379016291225,4181379016299437,4181379016299519,8212
2608,"__amd_rocclr_fillBufferAligned.kd",2,8,2871,1282169,1282169,77824,256,0,0,12,4,48,64,"0x0","0x7f781d393580",4181379016190126,4181379016299437,4181379016306207,4181379016310545,6770
2609,"__amd_rocclr_fillBufferAligned.kd",2,8,2872,1282169,1282169,77824,256,0,0,12,4,48,64,"0x0","0x7f781d393580",4181379016222254,4181379016306207,4181379016338896,4181379016342753,32689
2610,"__amd_rocclr_fillBufferAligned.kd",2,8,2873,1282169,1282169,77824,256,0,0,12,4,48,64,"0x0","0x7f781d393580",4181379016229885,4181379016338896,4181379016371465,4181379016374600,32569
2611,"__amd_rocclr_fillBufferAligned.kd",2,8,2874,1282169,1282169,256,256,0,0,12,4,48,64,"0x0","0x7f781d393580",4181379016238348,4181379016371465,4181379016376272,4181379016381210,4807
2612,"ck_fused_attn::get_runtime_max_seqlen_kernel(unsigned long, int const*, int const*, unsigned long*) [clone .kd]",2,8,2875,1282169,1282169,4096,128,0,0,4,4,32,64,"0x0","0x7f781c004940",4181379016244647,4181379016376272,4181379016382481,4181379016393208,6209
2613,"__amd_rocclr_copyBuffer.kd",2,8,2876,1282169,1282169,512,512,0,0,16,0,32,64,"0x7fb89bc76c80","0x7f781d393600",4181379016252308,4181379016382481,4181379016388330,4181379016388130,5849
2614,"__amd_rocclr_fillBufferAligned.kd",2,8,2878,1282169,1282169,256,256,0,0,12,4,48,64,"0x0","0x7f781d393580",4181379016408911,4181379016420097,4181379016422340,4181379016423473,2243
2615,"ck_fused_attn::get_runtime_max_seqlen_kernel(unsigned long, int const*, int const*, unsigned long*) [clone .kd]",2,8,2879,1282169,1282169,4096,128,0,0,4,4,32,64,"0x0","0x7f781c004940",4181379016424084,4181379016440808,4181379016446777,4181379016449021,5969
2616,"__amd_rocclr_copyBuffer.kd",2,8,2880,1282169,1282169,512,512,0,0,16,0,32,64,"0x7fb89bc76880","0x7f781d393600",4181379016439126,4181379016451744,4181379016457352,4181379016464925,5608
2617,"void transformer_engine::fused_attn_rocm::compute_grad_v_kernel<__half, transformer_engine::fused_attn_rocm::SmallSeqConfig<12, 128, 256, false, (transformer_engine::fused_attn_rocm::CausalMaskType)0>, 16, 16>(__half const*, __half const*, __half*, int const*, int const*, int, int) [clone .kd]",2,8,2882,1282169,1282169,256000,64,24576,0,28,4,32,64,"0x0","0x7f7804150800",4181379016481339,4181379016495489,4181379016581938,4181379016582920,86449
2618,"void transformer_engine::fused_attn_rocm::compute_grad_attn_kernel<__half, transformer_engine::fused_attn_rocm::SmallSeqConfig<12, 128, 256, false, (transformer_engine::fused_attn_rocm::CausalMaskType)0>, 16>(__half const*, __half const*, __half*, int const*, int const*, int, int) [clone .kd]",2,8,2883,1282169,1282169,8000,64,0,0,124,4,48,64,"0x0","0x7f7804150840",4181379016494058,4181379016581938,4181379016883666,4181379016885781,301728
2619,"void transformer_engine::fused_attn_rocm::softmax_backward_kernel<__half, transformer_engine::fused_attn_rocm::SmallSeqConfig<12, 128, 256, false, (transformer_engine::fused_attn_rocm::CausalMaskType)0> >(__half const*, __half const*, __half*, float, int const*, int, int) [clone .kd]",2,8,2884,1282169,1282169,780288,256,1024,0,16,0,16,64,"0x0","0x7f7804150880",4181379016501569,4181379016883666,4181379016889595,4181379016894303,5929
2620,"void transformer_engine::fused_attn_rocm::compute_grad_qk_kernel<__half, transformer_engine::fused_attn_rocm::SmallSeqConfig<12, 128, 256, false, (transformer_engine::fused_attn_rocm::CausalMaskType)0>, 4, 16>(__half const*, __half const*, __half const*, __half*, __half*, float, int const*, int const*, int, int) [clone .kd]",2,8,2885,1282169,1282169,1024000,64,24576,0,36,4,64,64,"0x0","0x7f78041508c0",4181379016509691,4181379016889595,4181379017241518,4181379017242271,351923
2621,"input_reduce_fusion.kd",2,8,2886,1282169,1282169,524288,256,512,0,16,0,16,64,"0x0","0x7f7817b1a780",4181379016518595,4181379017241518,4181379017250532,4181379017251294,9014
2622,"input_reduce_fusion_3.kd",2,8,2887,1282169,1282169,128,128,512,0,24,0,16,64,"0x0","0x7f7817b1a7c0",4181379016525345,4181379017250532,4181379017256100,4181379017256091,5568
2623,"loop_convert_fusion.kd",2,8,2888,1282169,1282169,1,1,0,0,4,4,16,64,"0x0","0x7f7817b1a800",4181379016532565,4181379017256100,4181379017260346,4181379017260608,4246
2624,"input_compare_reduce_fusion_1.kd",2,8,2891,1282169,1282169,8192,256,0,0,12,4,16,64,"0x0","0x7f7817b19c00",4181379016658132,4181379017273366,4181379017279535,4181379017286847,6169
2625,"loop_slice_fusion_1.kd",2,8,2892,1282169,1282169,3072,256,0,0,16,0,16,64,"0x0","0x7f7817b19c40",4181379016668027,4181379017279535,4181379017284502,4181379017291504,4967
2626,"loop_reduce_window_fusion_16.kd",2,8,2893,1282169,1282169,3072,256,0,0,8,0,16,64,"0x0","0x7f7817b19c80",4181379016675388,4181379017284502,4181379017292194,4181379017296011,7692
2627,"loop_reduce_window_fusion_15.kd",2,8,2894,1282169,1282169,192,192,0,0,8,0,16,64,"0x0","0x7f7817b19cc0",4181379016682568,4181379017292194,4181379017297482,4181379017300437,5288
2628,"loop_broadcast_fusion_2.kd",2,8,2895,1282169,1282169,48128,256,0,0,4,4,16,64,"0x0","0x7f7817b19d00",4181379016689419,4181379017297482,4181379017303370,4181379017305345,5888
2629,"input_scatter_fusion_2.kd",2,8,2896,1282169,1282169,48128,256,0,0,12,4,32,64,"0x0","0x7f7817b19d40",4181379016697280,4181379017303370,4181379017311302,4181379017318304,7932
2630,"loop_reduce_window_fusion_14.kd",2,8,2897,1282169,1282169,48128,256,0,0,8,0,16,64,"0x0","0x7f7817b19d80",4181379016704201,4181379017311302,4181379017317391,4181379017323091,6089
2631,"loop_reduce_window_fusion_13.kd",2,8,2898,1282169,1282169,3072,256,0,0,8,0,16,64,"0x0","0x7f7817b19dc0",4181379016712273,4181379017317391,4181379017322359,4181379017328149,4968
2632,"loop_reduce_window_fusion_15.kd",2,8,2899,1282169,1282169,192,192,0,0,8,0,16,64,"0x0","0x7f7817b19cc0",4181379016719013,4181379017322359,4181379017327767,4181379017333286,5408
2633,"loop_slice_fusion_6.kd",2,8,2900,1282169,1282169,12,12,0,0,4,4,16,64,"0x0","0x7f7817b19e00",4181379016725642,4181379017327767,4181379017332374,4181379017337693,4607
2634,"input_reduce_fusion_1.kd",2,8,2901,1282169,1282169,64,64,0,0,8,0,16,64,"0x0","0x7f7817b19e40",4181379016732142,4181379017332374,4181379017337020,4181379017342159,4646
2635,"loop_select_fusion_5.kd",2,8,2902,1282169,1282169,48128,256,0,0,12,4,32,64,"0x0","0x7f7817b19e80",4181379016739523,4181379017337020,4181379017342028,4181379017346826,5008
2636,"loop_select_fusion_2.kd",2,8,2903,1282169,1282169,48128,256,0,0,4,4,16,64,"0x0","0x7f7817b19ec0",4181379016746503,4181379017342028,4181379017346875,4181379017353126,4847
2637,"loop_reduce_window_fusion_14.kd",2,8,2904,1282169,1282169,48128,256,0,0,8,0,16,64,"0x0","0x7f7817b19d80",4181379016753504,4181379017346875,4181379017351762,4181379017357642,4887
2638,"loop_reduce_window_fusion_13.kd",2,8,2905,1282169,1282169,3072,256,0,0,8,0,16,64,"0x0","0x7f7817b19dc0",4181379016760374,4181379017351762,4181379017356930,4181379017362229,5168
2639,"loop_reduce_window_fusion_15.kd",2,8,2906,1282169,1282169,192,192,0,0,8,0,16,64,"0x0","0x7f7817b19cc0",4181379016767465,4181379017356930,4181379017361617,4181379017366776,4687
2640,"input_concatenate_fusion.kd",2,8,2907,1282169,1282169,48128,256,0,0,12,4,32,64,"0x0","0x7f7817b19f00",4181379016775006,4181379017361617,4181379017366584,4181379017371563,4967
2641,"input_compare_reduce_fusion.kd",2,8,2908,1282169,1282169,13312,256,0,0,12,4,16,64,"0x0","0x7f7817b19f40",4181379016782257,4181379017366584,4181379017371432,4181379017376190,4848
2642,"loop_slice_fusion.kd",2,8,2909,1282169,1282169,3328,256,0,0,16,0,16,64,"0x0","0x7f7817b19f80",4181379016790098,4181379017371432,4181379017376239,4181379017380607,4807
2643,"loop_reduce_window_fusion_4.kd",2,8,2910,1282169,1282169,3328,256,0,0,8,0,16,64,"0x0","0x7f7817b19fc0",4181379016796818,4181379017376239,4181379017381206,4181379017385294,4967
2644,"loop_reduce_window_fusion_3.kd",2,8,2911,1282169,1282169,208,208,0,0,8,0,16,64,"0x0","0x7f7817b1a000",4181379016804420,4181379017381206,4181379017386013,4181379017390251,4807
2645,"loop_broadcast_fusion.kd",2,8,2912,1282169,1282169,52224,256,0,0,4,4,16,64,"0x0","0x7f7817b1a040",4181379016812221,4181379017386013,4181379017391141,4181379017394828,5128
2646,"input_scatter_fusion.kd",2,8,2913,1282169,1282169,52224,256,0,0,12,4,32,64,"0x0","0x7f7817b1a080",4181379016820073,4181379017391141,4181379017400315,4181379017403350,9174
2647,"loop_reduce_window_fusion_2.kd",2,8,2914,1282169,1282169,52224,256,0,0,8,0,16,64,"0x0","0x7f7817b1a0c0",4181379016827414,4181379017400315,4181379017405282,4181379017407737,4967
2648,"loop_reduce_window_fusion_1.kd",2,8,2915,1282169,1282169,3328,256,0,0,8,0,16,64,"0x0","0x7f7817b1a100",4181379016834194,4181379017405282,4181379017410530,4181379017412324,5248
2649,"loop_reduce_window_fusion_3.kd",2,8,2916,1282169,1282169,208,208,0,0,8,0,16,64,"0x0","0x7f7817b1a000",4181379016841625,4181379017410530,4181379017415217,4181379017418833,4687
2650,"loop_slice_fusion_5.kd",2,8,2917,1282169,1282169,13,13,0,0,4,4,16,64,"0x0","0x7f7817b1a140",4181379016849156,4181379017415217,4181379017419944,4181379017430651,4727
2651,"input_reduce_fusion_2.kd",2,8,2918,1282169,1282169,64,64,0,0,8,0,16,64,"0x0","0x7f7817b1a180",4181379016856397,4181379017419944,4181379017424631,4181379017425924,4687
2652,"loop_select_fusion_4.kd",2,8,2919,1282169,1282169,52224,256,0,0,8,0,32,64,"0x0","0x7f7817b1a1c0",4181379016864339,4181379017424631,4181379017429718,4181379017437301,5087
2653,"loop_select_fusion.kd",2,8,2920,1282169,1282169,52224,256,0,0,8,0,16,64,"0x0","0x7f7817b1a200",4181379016872240,4181379017429718,4181379017434686,4181379017445864,4968
2654,"loop_compare_fusion_1.kd",2,8,2921,1282169,1282169,4096,256,0,0,4,4,16,64,"0x0","0x7f7817b1a240",4181379016879772,4181379017434686,4181379017439573,4181379017441477,4887
2655,"input_reduce_reduce_window_fusion_1.kd",2,8,2922,1282169,1282169,256,256,512,0,20,4,32,64,"0x0","0x7f7817b1a280",4181379016888094,4181379017439573,4181379017455637,4181379017464812,16064
2656,"loop_slice_fusion_3.kd",2,8,2923,1282169,1282169,16,16,0,0,20,4,16,64,"0x0","0x7f7817b1a2c0",4181379016909316,4181379017455637,4181379017460404,4181379017469609,4767
2657,"loop_broadcast_fusion_3.kd",2,8,2924,1282169,1282169,4096,256,0,0,4,4,16,64,"0x0","0x7f7817b1a300",4181379016917818,4181379017460404,4181379017465451,4181379017474166,5047
2658,"input_scatter_fusion_3.kd",2,8,2925,1282169,1282169,4096,256,0,0,8,0,32,64,"0x0","0x7f7817b1a340",4181379016925950,4181379017465451,4181379017471541,4181379017481427,6090
2659,"loop_reduce_window_fusion_18.kd",2,8,2926,1282169,1282169,4096,256,0,0,8,0,16,64,"0x0","0x7f7817b1a380",4181379016933992,4181379017471541,4181379017476428,4181379017486284,4887
2660,"loop_slice_fusion_3.kd",2,8,2927,1282169,1282169,16,16,0,0,20,4,16,64,"0x0","0x7f7817b1a2c0",4181379016941624,4181379017476428,4181379017481155,4181379017490820,4727
2661,"loop_remainder_fusion.kd",2,8,2928,1282169,1282169,4096,256,0,0,12,4,16,64,"0x0","0x7f7817b1a3c0",4181379016949565,4181379017481155,4181379017486963,4181379017513985,5808
2662,"loop_select_fusion_3.kd",2,8,2929,1282169,1282169,4096,256,0,0,8,0,32,64,"0x0","0x7f7817b1a400",4181379016957517,4181379017486963,4181379017491931,4181379017518542,4968
2663,"loop_reduce_window_fusion_18.kd",2,8,2930,1282169,1282169,4096,256,0,0,8,0,16,64,"0x0","0x7f7817b1a380",4181379016964718,4181379017491931,4181379017496858,4181379017497540,4927
2664,"loop_slice_fusion_3.kd",2,8,2931,1282169,1282169,16,16,0,0,20,4,16,64,"0x0","0x7f7817b1a2c0",4181379016972419,4181379017496858,4181379017501545,4181379017502388,4687
2665,"input_concatenate_fusion_1.kd",2,8,2932,1282169,1282169,4096,256,0,0,8,0,32,64,"0x0","0x7f7817b1a440",4181379016978859,4181379017501545,4181379017507314,4181379017507125,5769
2666,"loop_compare_fusion.kd",2,8,2933,1282169,1282169,8192,256,0,0,4,4,16,64,"0x0","0x7f7817b1a480",4181379016985709,4181379017507314,4181379017512201,4181379017522748,4887
2667,"input_reduce_reduce_window_fusion.kd",2,8,2934,1282169,1282169,512,512,512,0,20,4,48,64,"0x0","0x7f7817b1a4c0",4181379016993090,4181379017512201,4181379017529226,4181379017529228,17025
2668,"loop_reduce_window_fusion_8.kd",2,8,2935,1282169,1282169,32,32,0,0,32,0,16,64,"0x0","0x7f7817b1a500",4181379017000081,4181379017529226,4181379017538680,4181379017546123,9454
2669,"loop_broadcast_fusion_1.kd",2,8,2936,1282169,1282169,8192,256,0,0,4,4,16,64,"0x0","0x7f7817b1a540",4181379017007081,4181379017538680,4181379017543808,4181379017550629,5128
2670,"input_scatter_fusion_1.kd",2,8,2937,1282169,1282169,8192,256,0,0,8,0,32,64,"0x0","0x7f7817b1a580",4181379017014212,4181379017543808,4181379017548896,4181379017556929,5088
2671,"loop_reduce_window_fusion_7.kd",2,8,2938,1282169,1282169,8192,256,0,0,8,0,16,64,"0x0","0x7f7817b1a5c0",4181379017020681,4181379017548896,4181379017553983,4181379017561115,5087
2672,"loop_reduce_window_fusion_6.kd",2,8,2939,1282169,1282169,512,256,0,0,8,0,16,64,"0x0","0x7f7817b1a600",4181379017027932,4181379017553983,4181379017559351,4181379017570299,5368
2673,"loop_reduce_window_fusion_5.kd",2,8,2940,1282169,1282169,32,32,0,0,8,0,16,64,"0x0","0x7f7817b1a640",4181379017035373,4181379017559351,4181379017564158,4181379017565672,4807
2674,"loop_select_fusion_6.kd",2,8,2941,1282169,1282169,8192,256,0,0,8,0,32,64,"0x0","0x7f7817b1a680",4181379017041733,4181379017564158,4181379017569246,4181379017578331,5088
2675,"loop_select_fusion_1.kd",2,8,2942,1282169,1282169,8192,256,0,0,8,0,16,64,"0x0","0x7f7817b1a6c0",4181379017049744,4181379017569246,4181379017574213,4181379017582767,4967
2676,"loop_broadcast_fusion_4.kd",2,8,2943,1282169,1282169,16,16,0,0,4,4,16,64,"0x0","0x7f7817b1a700",4181379017057426,4181379017574213,4181379017579261,4181379017587194,5048
2677,"__amd_rocclr_fillBufferAligned.kd",2,8,2944,1282169,1282169,77824,256,0,0,12,4,48,64,"0x0","0x7f781d393580",4181379017069774,4181379017579261,4181379017593362,4181379017594154,14101
2678,"__amd_rocclr_fillBufferAligned.kd",2,8,2945,1282169,1282169,16128,256,0,0,12,4,48,64,"0x0","0x7f781d393580",4181379017076414,4181379017593362,4181379017598249,4181379017598531,4887
2679,"transformer_engine::fused_attn_rocm::populate_rng_state_kernel(long*, long const*, long) [clone .kd]",2,8,2946,1282169,1282169,1,1,0,0,8,0,16,64,"0x0","0x7f781c015380",4181379017085798,4181379017598249,4181379017603096,4181379017604730,4847
2680,"__amd_rocclr_fillBufferAligned.kd",2,8,2947,1282169,1282169,256,256,0,0,12,4,48,64,"0x0","0x7f781d393580",4181379017097325,4181379017603096,4181379017607983,4181379017611260,4887
2681,"ck_fused_attn::get_runtime_max_seqlen_kernel(unsigned long, int const*, int const*, unsigned long*) [clone .kd]",2,8,2948,1282169,1282169,4096,128,0,0,4,4,32,64,"0x0","0x7f781c004940",4181379017104466,4181379017607983,4181379017613712,4181379017616087,5729
2682,"__amd_rocclr_copyBuffer.kd",2,8,2949,1282169,1282169,512,512,0,0,16,0,32,64,"0x7fb89bde9480","0x7f781d393600",4181379017112688,4181379017613712,4181379017619320,4181379017622436,5608
2683,"__amd_rocclr_fillBufferAligned.kd",2,8,2951,1282169,1282169,256,256,0,0,12,4,48,64,"0x0","0x7f781d393580",4181379017664769,4181379017675123,4181379017677126,4181379017701874,2003
2684,"ck_fused_attn::get_runtime_max_seqlen_kernel(unsigned long, int const*, int const*, unsigned long*) [clone .kd]",2,8,2952,1282169,1282169,4096,128,0,0,4,4,32,64,"0x0","0x7f781c004940",4181379017675655,4181379017684698,4181379017693671,4181379017711859,8973
2685,"__amd_rocclr_copyBuffer.kd",2,8,2953,1282169,1282169,512,512,0,0,16,0,32,64,"0x7fb89bc76680","0x7f781d393600",4181379017683417,4181379017693671,4181379017698758,4181379017707172,5087
2686,"void transformer_engine::fused_attn_rocm::compute_scores_kernel<__half, transformer_engine::fused_attn_rocm::SmallSeqConfig<12, 128, 256, false, (transformer_engine::fused_attn_rocm::CausalMaskType)0>, 1>(__half const*, __half const*, __half*, float, int const*, int const*, int, int) [clone .kd]",2,8,2955,1282169,1282169,64000,64,0,0,120,0,32,64,"0x0","0x7f780414ef00",4181379017723206,4181379017742463,4181379017772548,4181379017774082,30085
2687,"void transformer_engine::fused_attn_rocm::apply_mask_and_softmax_kernel<__half, transformer_engine::fused_attn_rocm::SmallSeqConfig<12, 128, 256, false, (transformer_engine::fused_attn_rocm::CausalMaskType)0> >(__half*, __half const*, float, int const*, int, int) [clone .kd]",2,8,2956,1282169,1282169,780288,256,1024,0,16,0,16,64,"0x0","0x7f780414ef40",4181379017740732,4181379017772548,4181379017778157,4181379017784738,5609
2688,"void transformer_engine::fused_attn_rocm::compute_output_kernel<__half, transformer_engine::fused_attn_rocm::SmallSeqConfig<12, 128, 256, false, (transformer_engine::fused_attn_rocm::CausalMaskType)0>, 2, 8>(__half const*, __half const*, __half*, int const*, int const*, int, int) [clone .kd]",2,8,2957,1282169,1282169,512000,64,24576,0,24,0,32,64,"0x0","0x7f780414ef80",4181379017749004,4181379017778157,4181379017876984,4181379017881792,98827
2689,"loop_broadcast_fusion_5.kd",2,8,2958,1282169,1282169,2048000,256,0,0,4,4,16,64,"0x0","0x7f7817b1a740",4181379017758869,4181379017876984,4181379017885276,4181379017889944,8292
2690,"__amd_rocclr_fillBufferAligned.kd",2,8,2959,1282169,1282169,77824,256,0,0,12,4,48,64,"0x0","0x7f781d393580",4181379017774352,4181379017885276,4181379017892126,4181379017894671,6850
2691,"__amd_rocclr_fillBufferAligned.kd",2,8,2960,1282169,1282169,77824,256,0,0,12,4,48,64,"0x0","0x7f781d393580",4181379017797366,4181379017892126,4181379017924534,4181379017927290,32408
2692,"__amd_rocclr_fillBufferAligned.kd",2,8,2961,1282169,1282169,77824,256,0,0,12,4,48,64,"0x0","0x7f781d393580",4181379017805278,4181379017924534,4181379017957143,4181379017959137,32609
2693,"__amd_rocclr_fillBufferAligned.kd",2,8,2962,1282169,1282169,256,256,0,0,12,4,48,64,"0x0","0x7f781d393580",4181379017813040,4181379017957143,4181379017961790,4181379017966388,4647
2694,"ck_fused_attn::get_runtime_max_seqlen_kernel(unsigned long, int const*, int const*, unsigned long*) [clone .kd]",2,8,2963,1282169,1282169,4096,128,0,0,4,4,32,64,"0x0","0x7f781c004940",4181379017819830,4181379017961790,4181379017967959,4181379017973258,6169
2695,"__amd_rocclr_copyBuffer.kd",2,8,2964,1282169,1282169,512,512,0,0,16,0,32,64,"0x7fb89bde9580","0x7f781d393600",4181379017827251,4181379017967959,4181379017973647,4181379017979597,5688
2696,"__amd_rocclr_fillBufferAligned.kd",2,8,2966,1282169,1282169,256,256,0,0,12,4,48,64,"0x0","0x7f781d393580",4181379017998986,4181379018010142,4181379018012265,4181379018017914,2123
2697,"ck_fused_attn::get_runtime_max_seqlen_kernel(unsigned long, int const*, int const*, unsigned long*) [clone .kd]",2,8,2967,1282169,1282169,4096,128,0,0,4,4,32,64,"0x0","0x7f781c004940",4181379018010293,4181379018019956,4181379018026045,4181379018026738,6089
2698,"__amd_rocclr_copyBuffer.kd",2,8,2968,1282169,1282169,512,512,0,0,16,0,32,64,"0x7fb89bc71780","0x7f781d393600",4181379018019026,4181379018030892,4181379018036781,4181379018042100,5889
2699,"void transformer_engine::fused_attn_rocm::compute_grad_v_kernel<__half, transformer_engine::fused_attn_rocm::SmallSeqConfig<12, 128, 256, false, (transformer_engine::fused_attn_rocm::CausalMaskType)0>, 16, 16>(__half const*, __half const*, __half*, int const*, int const*, int, int) [clone .kd]",2,8,2970,1282169,1282169,256000,64,24576,0,28,4,32,64,"0x0","0x7f7804150800",4181379018058084,4181379018069350,4181379018155478,4181379018159876,86128
2700,"void transformer_engine::fused_attn_rocm::compute_grad_attn_kernel<__half, transformer_engine::fused_attn_rocm::SmallSeqConfig<12, 128, 256, false, (transformer_engine::fused_attn_rocm::CausalMaskType)0>, 16>(__half const*, __half const*, __half*, int const*, int const*, int, int) [clone .kd]",2,8,2971,1282169,1282169,8000,64,0,0,124,4,48,64,"0x0","0x7f7804150840",4181379018067558,4181379018155478,4181379018456445,4181379018456487,300967
2701,"void transformer_engine::fused_attn_rocm::softmax_backward_kernel<__half, transformer_engine::fused_attn_rocm::SmallSeqConfig<12, 128, 256, false, (transformer_engine::fused_attn_rocm::CausalMaskType)0> >(__half const*, __half const*, __half*, float, int const*, int, int) [clone .kd]",2,8,2972,1282169,1282169,780288,256,1024,0,16,0,16,64,"0x0","0x7f7804150880",4181379018078214,4181379018456445,4181379018462454,4181379018465079,6009
2702,"void transformer_engine::fused_attn_rocm::compute_grad_qk_kernel<__half, transformer_engine::fused_attn_rocm::SmallSeqConfig<12, 128, 256, false, (transformer_engine::fused_attn_rocm::CausalMaskType)0>, 4, 16>(__half const*, __half const*, __half const*, __half*, __half*, float, int const*, int const*, int, int) [clone .kd]",2,8,2973,1282169,1282169,1024000,64,24576,0,36,4,64,64,"0x0","0x7f78041508c0",4181379018086877,4181379018462454,4181379018798153,4181379018808370,335699
2703,"input_reduce_fusion.kd",2,8,2974,1282169,1282169,524288,256,512,0,16,0,16,64,"0x0","0x7f7817b1a780",4181379018095229,4181379018798153,4181379018807567,4181379018815671,9414
2704,"input_reduce_fusion_3.kd",2,8,2975,1282169,1282169,128,128,512,0,24,0,16,64,"0x0","0x7f7817b1a7c0",4181379018102220,4181379018807567,4181379018813296,4181379018822121,5729
2705,"loop_convert_fusion.kd",2,8,2976,1282169,1282169,1,1,0,0,4,4,16,64,"0x0","0x7f7817b1a800",4181379018108519,4181379018813296,4181379018817622,4181379018826387,4326
2706,"input_compare_reduce_fusion_1.kd",2,8,2979,1282169,1282169,8192,256,0,0,12,4,16,64,"0x0","0x7f7817b19c00",4181379018231632,4181379018830842,4181379018837131,4181379018857483,6289
2707,"loop_slice_fusion_1.kd",2,8,2980,1282169,1282169,3072,256,0,0,16,0,16,64,"0x0","0x7f7817b19c40",4181379018241407,4181379018837131,4181379018842259,4181379018861689,5128
2708,"loop_reduce_window_fusion_16.kd",2,8,2981,1282169,1282169,3072,256,0,0,8,0,16,64,"0x0","0x7f7817b19c80",4181379018248207,4181379018842259,4181379018849790,4181379018865866,7531
2709,"loop_reduce_window_fusion_15.kd",2,8,2982,1282169,1282169,192,192,0,0,8,0,16,64,"0x0","0x7f7817b19cc0",4181379018255438,4181379018849790,4181379018854878,4181379018877473,5088
2710,"loop_broadcast_fusion_2.kd",2,8,2983,1282169,1282169,48128,256,0,0,4,4,16,64,"0x0","0x7f7817b19d00",4181379018262318,4181379018854878,4181379018860526,4181379018882881,5648
2711,"input_scatter_fusion_2.kd",2,8,2984,1282169,1282169,48128,256,0,0,12,4,32,64,"0x0","0x7f7817b19d40",4181379018270400,4181379018860526,4181379018869099,4181379018887848,8573
2712,"loop_reduce_window_fusion_14.kd",2,8,2985,1282169,1282169,48128,256,0,0,8,0,16,64,"0x0","0x7f7817b19d80",4181379018277891,4181379018869099,4181379018873946,4181379018892265,4847
2713,"loop_reduce_window_fusion_13.kd",2,8,2986,1282169,1282169,3072,256,0,0,8,0,16,64,"0x0","0x7f7817b19dc0",4181379018285362,4181379018873946,4181379018879034,4181379018897202,5088
2714,"loop_reduce_window_fusion_15.kd",2,8,2987,1282169,1282169,192,192,0,0,8,0,16,64,"0x0","0x7f7817b19cc0",4181379018292293,4181379018879034,4181379018883721,4181379018901719,4687
2715,"loop_slice_fusion_6.kd",2,8,2988,1282169,1282169,12,12,0,0,4,4,16,64,"0x0","0x7f7817b19e00",4181379018299854,4181379018883721,4181379018888368,4181379018906286,4647
2716,"input_reduce_fusion_1.kd",2,8,2989,1282169,1282169,64,64,0,0,8,0,16,64,"0x0","0x7f7817b19e40",4181379018306514,4181379018888368,4181379018893055,4181379018910873,4687
2717,"loop_select_fusion_5.kd",2,8,2990,1282169,1282169,48128,256,0,0,12,4,32,64,"0x0","0x7f7817b19e80",4181379018315016,4181379018893055,4181379018897982,4181379018917172,4927
2718,"loop_select_fusion_2.kd",2,8,2991,1282169,1282169,48128,256,0,0,4,4,16,64,"0x0","0x7f7817b19ec0",4181379018322948,4181379018897982,4181379018902869,4181379018921879,4887
2719,"loop_reduce_window_fusion_14.kd",2,8,2992,1282169,1282169,48128,256,0,0,8,0,16,64,"0x0","0x7f7817b19d80",4181379018330850,4181379018902869,4181379018907797,4181379018926566,4928
2720,"loop_reduce_window_fusion_13.kd",2,8,2993,1282169,1282169,3072,256,0,0,8,0,16,64,"0x0","0x7f7817b19dc0",4181379018337219,4181379018907797,4181379018912844,4181379018931433,5047
2721,"loop_reduce_window_fusion_15.kd",2,8,2994,1282169,1282169,192,192,0,0,8,0,16,64,"0x0","0x7f7817b19cc0",4181379018344911,4181379018912844,4181379018917451,4181379018936020,4607
2722,"input_concatenate_fusion.kd",2,8,2995,1282169,1282169,48128,256,0,0,12,4,32,64,"0x0","0x7f7817b19f00",4181379018351721,4181379018917451,4181379018922338,4181379018940597,4887
2723,"input_compare_reduce_fusion.kd",2,8,2996,1282169,1282169,13312,256,0,0,12,4,16,64,"0x0","0x7f7817b19f40",4181379018359462,4181379018922338,4181379018927225,4181379018945194,4887
2724,"loop_slice_fusion.kd",2,8,2997,1282169,1282169,3328,256,0,0,16,0,16,64,"0x0","0x7f7817b19f80",4181379018365932,4181379018927225,4181379018932073,4181379018949700,4848
2725,"loop_reduce_window_fusion_4.kd",2,8,2998,1282169,1282169,3328,256,0,0,8,0,16,64,"0x0","0x7f7817b19fc0",4181379018374545,4181379018932073,4181379018937040,4181379018954397,4967
2726,"loop_reduce_window_fusion_3.kd",2,8,2999,1282169,1282169,208,208,0,0,8,0,16,64,"0x0","0x7f7817b1a000",4181379018381385,4181379018937040,4181379018942208,4181379018959154,5168
2727,"loop_broadcast_fusion.kd",2,8,3000,1282169,1282169,52224,256,0,0,4,4,16,64,"0x0","0x7f7817b1a040",4181379018389267,4181379018942208,4181379018947415,4181379018963711,5207
2728,"input_scatter_fusion.kd",2,8,3001,1282169,1282169,52224,256,0,0,12,4,32,64,"0x0","0x7f7817b1a080",4181379018397319,4181379018947415,4181379018956669,4181379018968178,9254
2729,"loop_reduce_window_fusion_2.kd",2,8,3002,1282169,1282169,52224,256,0,0,8,0,16,64,"0x0","0x7f7817b1a0c0",4181379018405080,4181379018956669,4181379018961637,4181379018978173,4968
2730,"loop_reduce_window_fusion_1.kd",2,8,3003,1282169,1282169,3328,256,0,0,8,0,16,64,"0x0","0x7f7817b1a100",4181379018411560,4181379018961637,4181379018966844,4181379018996750,5207
2731,"loop_reduce_window_fusion_3.kd",2,8,3004,1282169,1282169,208,208,0,0,8,0,16,64,"0x0","0x7f7817b1a000",4181379018418230,4181379018966844,4181379018971571,4181379018992053,4727
2732,"loop_slice_fusion_5.kd",2,8,3005,1282169,1282169,13,13,0,0,4,4,16,64,"0x0","0x7f7817b1a140",4181379018425651,4181379018971571,4181379018976298,4181379018987677,4727
2733,"input_reduce_fusion_2.kd",2,8,3006,1282169,1282169,64,64,0,0,8,0,16,64,"0x0","0x7f7817b1a180",4181379018433002,4181379018976298,4181379018981025,4181379018983210,4727
2734,"loop_select_fusion_4.kd",2,8,3007,1282169,1282169,52224,256,0,0,8,0,32,64,"0x0","0x7f7817b1a1c0",4181379018440994,4181379018981025,4181379018986073,4181379019013725,5048
2735,"loop_select_fusion.kd",2,8,3008,1282169,1282169,52224,256,0,0,8,0,16,64,"0x0","0x7f7817b1a200",4181379018448915,4181379018986073,4181379018991080,4181379019009439,5007
2736,"loop_compare_fusion_1.kd",2,8,3009,1282169,1282169,4096,256,0,0,4,4,16,64,"0x0","0x7f7817b1a240",4181379018455856,4181379018991080,4181379018995968,4181379019004502,4888
2737,"input_reduce_reduce_window_fusion_1.kd",2,8,3010,1282169,1282169,256,256,512,0,20,4,32,64,"0x0","0x7f7817b1a280",4181379018479992,4181379018995968,4181379019011030,4181379019020846,15062
2738,"loop_slice_fusion_3.kd",2,8,3011,1282169,1282169,16,16,0,0,20,4,16,64,"0x0","0x7f7817b1a2c0",4181379018488655,4181379019011030,4181379019015757,4181379019025623,4727
2739,"loop_broadcast_fusion_3.kd",2,8,3012,1282169,1282169,4096,256,0,0,4,4,16,64,"0x0","0x7f7817b1a300",4181379018496266,4181379019015757,4181379019020845,4181379019030480,5088
2740,"input_scatter_fusion_3.kd",2,8,3013,1282169,1282169,4096,256,0,0,8,0,32,64,"0x0","0x7f7817b1a340",4181379018504298,4181379019020845,4181379019026934,4181379019037431,6089
2741,"loop_reduce_window_fusion_18.kd",2,8,3014,1282169,1282169,4096,256,0,0,8,0,16,64,"0x0","0x7f7817b1a380",4181379018511318,4181379019026934,4181379019031741,4181379019066214,4807
2742,"loop_slice_fusion_3.kd",2,8,3015,1282169,1282169,16,16,0,0,20,4,16,64,"0x0","0x7f7817b1a2c0",4181379018519250,4181379019031741,4181379019036428,4181379019071912,4687
2743,"loop_remainder_fusion.kd",2,8,3016,1282169,1282169,4096,256,0,0,12,4,16,64,"0x0","0x7f7817b1a3c0",4181379018526511,4181379019036428,4181379019042076,4181379019042158,5648
2744,"loop_select_fusion_3.kd",2,8,3017,1282169,1282169,4096,256,0,0,8,0,32,64,"0x0","0x7f7817b1a400",4181379018534252,4181379019042076,4181379019046923,4181379019048677,4847
2745,"loop_reduce_window_fusion_18.kd",2,8,3018,1282169,1282169,4096,256,0,0,8,0,16,64,"0x0","0x7f7817b1a380",4181379018541924,4181379019046923,4181379019051771,4181379019053334,4848
2746,"loop_slice_fusion_3.kd",2,8,3019,1282169,1282169,16,16,0,0,20,4,16,64,"0x0","0x7f7817b1a2c0",4181379018548734,4181379019051771,4181379019056538,4181379019057671,4767
2747,"input_concatenate_fusion_1.kd",2,8,3020,1282169,1282169,4096,256,0,0,8,0,32,64,"0x0","0x7f7817b1a440",4181379018556736,4181379019056538,4181379019062386,4181379019061997,5848
2748,"loop_compare_fusion.kd",2,8,3021,1282169,1282169,8192,256,0,0,4,4,16,64,"0x0","0x7f7817b1a480",4181379018564287,4181379019062386,4181379019067394,4181379019079163,5008
2749,"input_reduce_reduce_window_fusion.kd",2,8,3022,1282169,1282169,512,512,512,0,20,4,48,64,"0x0","0x7f7817b1a4c0",4181379018571117,4181379019067394,4181379019084459,4181379019085963,17065
2750,"loop_reduce_window_fusion_8.kd",2,8,3023,1282169,1282169,32,32,0,0,32,0,16,64,"0x0","0x7f7817b1a500",4181379018580060,4181379019084459,4181379019094033,4181379019117991,9574
2751,"loop_broadcast_fusion_1.kd",2,8,3024,1282169,1282169,8192,256,0,0,4,4,16,64,"0x0","0x7f7817b1a540",4181379018587512,4181379019094033,4181379019099281,4181379019104531,5248
2752,"input_scatter_fusion_1.kd",2,8,3025,1282169,1282169,8192,256,0,0,8,0,32,64,"0x0","0x7f7817b1a580",4181379018594432,4181379019099281,4181379019104529,4181379019113794,5248
2753,"loop_reduce_window_fusion_7.kd",2,8,3026,1282169,1282169,8192,256,0,0,8,0,16,64,"0x0","0x7f7817b1a5c0",4181379018602554,4181379019104529,4181379019109577,4181379019109528,5048
2754,"loop_reduce_window_fusion_6.kd",2,8,3027,1282169,1282169,512,256,0,0,8,0,16,64,"0x0","0x7f7817b1a600",4181379018610636,4181379019109577,4181379019114744,4181379019125852,5167
2755,"loop_reduce_window_fusion_5.kd",2,8,3028,1282169,1282169,32,32,0,0,8,0,16,64,"0x0","0x7f7817b1a640",4181379018618087,4181379019114744,4181379019119511,4181379019138972,4767
2756,"loop_select_fusion_6.kd",2,8,3029,1282169,1282169,8192,256,0,0,8,0,32,64,"0x0","0x7f7817b1a680",4181379018627641,4181379019119511,4181379019124639,4181379019143168,5128
2757,"loop_select_fusion_1.kd",2,8,3030,1282169,1282169,8192,256,0,0,8,0,16,64,"0x0","0x7f7817b1a6c0",4181379018634782,4181379019124639,4181379019129606,4181379019130569,4967
2758,"loop_broadcast_fusion_4.kd",2,8,3031,1282169,1282169,16,16,0,0,4,4,16,64,"0x0","0x7f7817b1a700",4181379018642023,4181379019129606,4181379019134654,4181379019134725,5048
2759,"__amd_rocclr_fillBufferAligned.kd",2,8,3032,1282169,1282169,77824,256,0,0,12,4,48,64,"0x0","0x7f781d393580",4181379018653009,4181379019134654,4181379019148394,4181379019149407,13740
2760,"__amd_rocclr_fillBufferAligned.kd",2,8,3033,1282169,1282169,16128,256,0,0,12,4,48,64,"0x0","0x7f781d393580",4181379018659499,4181379019148394,4181379019153282,4181379019154305,4888
2761,"transformer_engine::fused_attn_rocm::populate_rng_state_kernel(long*, long const*, long) [clone .kd]",2,8,3034,1282169,1282169,1,1,0,0,8,0,16,64,"0x0","0x7f781c015380",4181379018668572,4181379019153282,4181379019158169,4181379019158441,4887
2762,"__amd_rocclr_fillBufferAligned.kd",2,8,3035,1282169,1282169,256,256,0,0,12,4,48,64,"0x0","0x7f781d393580",4181379018679749,4181379019158169,4181379019162936,4181379019164520,4767
2763,"ck_fused_attn::get_runtime_max_seqlen_kernel(unsigned long, int const*, int const*, unsigned long*) [clone .kd]",2,8,3036,1282169,1282169,4096,128,0,0,4,4,32,64,"0x0","0x7f781c004940",4181379018686369,4181379019162936,4181379019168705,4181379019169537,5769
2764,"__amd_rocclr_copyBuffer.kd",2,8,3037,1282169,1282169,512,512,0,0,16,0,32,64,"0x7fb89bde9a00","0x7f781d393600",4181379018696333,4181379019168705,4181379019174153,4181379019175626,5448
2765,"__amd_rocclr_fillBufferAligned.kd",2,8,3039,1282169,1282169,256,256,0,0,12,4,48,64,"0x0","0x7f781d393580",4181379019218009,4181379019228393,4181379019230396,4181379019258029,2003
2766,"ck_fused_attn::get_runtime_max_seqlen_kernel(unsigned long, int const*, int const*, unsigned long*) [clone .kd]",2,8,3040,1282169,1282169,4096,128,0,0,4,4,32,64,"0x0","0x7f781c004940",4181379019228485,4181379019236525,4181379019244738,4181379019269556,8213
2767,"__amd_rocclr_copyBuffer.kd",2,8,3041,1282169,1282169,512,512,0,0,16,0,32,64,"0x7fb89bde9180","0x7f781d393600",4181379019235615,4181379019244738,4181379019250146,4181379019264769,5408
2768,"void transformer_engine::fused_attn_rocm::compute_scores_kernel<__half, transformer_engine::fused_attn_rocm::SmallSeqConfig<12, 128, 256, false, (transformer_engine::fused_attn_rocm::CausalMaskType)0>, 1>(__half const*, __half const*, __half*, float, int const*, int const*, int, int) [clone .kd]",2,8,3043,1282169,1282169,64000,64,0,0,120,0,32,64,"0x0","0x7f780414ef00",4181379019281033,4181379019300180,4181379019330425,4181379019332229,30245
2769,"void transformer_engine::fused_attn_rocm::apply_mask_and_softmax_kernel<__half, transformer_engine::fused_attn_rocm::SmallSeqConfig<12, 128, 256, false, (transformer_engine::fused_attn_rocm::CausalMaskType)0> >(__half*, __half const*, float, int const*, int, int) [clone .kd]",2,8,3044,1282169,1282169,780288,256,1024,0,16,0,16,64,"0x0","0x7f780414ef40",4181379019298249,4181379019330425,4181379019335993,4181379019340632,5568
2770,"void transformer_engine::fused_attn_rocm::compute_output_kernel<__half, transformer_engine::fused_attn_rocm::SmallSeqConfig<12, 128, 256, false, (transformer_engine::fused_attn_rocm::CausalMaskType)0>, 2, 8>(__half const*, __half const*, __half*, int const*, int const*, int, int) [clone .kd]",2,8,3045,1282169,1282169,512000,64,24576,0,24,0,32,64,"0x0","0x7f780414ef80",4181379019306321,4181379019335993,4181379019435782,4181379019435953,99789
2771,"loop_broadcast_fusion_5.kd",2,8,3046,1282169,1282169,2048000,256,0,0,4,4,16,64,"0x0","0x7f7817b1a740",4181379019315965,4181379019435782,4181379019444074,4181379019445197,8292
2772,"__amd_rocclr_fillBufferAligned.kd",2,8,3047,1282169,1282169,77824,256,0,0,12,4,48,64,"0x0","0x7f781d393580",4181379019332590,4181379019444074,4181379019450844,4181379019451927,6770
2773,"__amd_rocclr_fillBufferAligned.kd",2,8,3048,1282169,1282169,77824,256,0,0,12,4,48,64,"0x0","0x7f781d393580",4181379019352199,4181379019450844,4181379019483252,4181379019484235,32408
2774,"__amd_rocclr_fillBufferAligned.kd",2,8,3049,1282169,1282169,77824,256,0,0,12,4,48,64,"0x0","0x7f781d393580",4181379019359420,4181379019483252,4181379019516822,4181379019529172,33570
2775,"__amd_rocclr_fillBufferAligned.kd",2,8,3050,1282169,1282169,256,256,0,0,12,4,48,64,"0x0","0x7f781d393580",4181379019368733,4181379019516822,4181379019521509,4181379019524105,4687
2776,"ck_fused_attn::get_runtime_max_seqlen_kernel(unsigned long, int const*, int const*, unsigned long*) [clone .kd]",2,8,3051,1282169,1282169,4096,128,0,0,4,4,32,64,"0x0","0x7f781c004940",4181379019375203,4181379019521509,4181379019527678,4181379019537104,6169
2777,"__amd_rocclr_copyBuffer.kd",2,8,3052,1282169,1282169,512,512,0,0,16,0,32,64,"0x7fb89bde9080","0x7f781d393600",4181379019381863,4181379019527678,4181379019533567,4181379019541731,5889
2778,"__amd_rocclr_fillBufferAligned.kd",2,8,3054,1282169,1282169,256,256,0,0,12,4,48,64,"0x0","0x7f781d393580",4181379019560549,4181379019572625,4181379019574949,4181379019577234,2324
2779,"ck_fused_attn::get_runtime_max_seqlen_kernel(unsigned long, int const*, int const*, unsigned long*) [clone .kd]",2,8,3055,1282169,1282169,4096,128,0,0,4,4,32,64,"0x0","0x7f781c004940",4181379019572867,4181379019581759,4181379019587648,4181379019587509,5889
2780,"__amd_rocclr_copyBuffer.kd",2,8,3056,1282169,1282169,512,512,0,0,16,0,32,64,"0x7fb89bde8f80","0x7f781d393600",4181379019580068,4181379019592575,4181379019597703,4181379019603322,5128
2781,"void transformer_engine::fused_attn_rocm::compute_grad_v_kernel<__half, transformer_engine::fused_attn_rocm::SmallSeqConfig<12, 128, 256, false, (transformer_engine::fused_attn_rocm::CausalMaskType)0>, 16, 16>(__half const*, __half const*, __half*, int const*, int const*, int, int) [clone .kd]",2,8,3058,1282169,1282169,256000,64,24576,0,28,4,32,64,"0x0","0x7f7804150800",4181379019619386,4181379019630632,4181379019717641,4181379019723351,87009
2782,"void transformer_engine::fused_attn_rocm::compute_grad_attn_kernel<__half, transformer_engine::fused_attn_rocm::SmallSeqConfig<12, 128, 256, false, (transformer_engine::fused_attn_rocm::CausalMaskType)0>, 16>(__half const*, __half const*, __half*, int const*, int const*, int, int) [clone .kd]",2,8,3059,1282169,1282169,8000,64,0,0,124,4,48,64,"0x0","0x7f7804150840",4181379019629241,4181379019717641,4181379020020371,4181379020023227,302730
2783,"void transformer_engine::fused_attn_rocm::softmax_backward_kernel<__half, transformer_engine::fused_attn_rocm::SmallSeqConfig<12, 128, 256, false, (transformer_engine::fused_attn_rocm::CausalMaskType)0> >(__half const*, __half const*, __half*, float, int const*, int, int) [clone .kd]",2,8,3060,1282169,1282169,780288,256,1024,0,16,0,16,64,"0x0","0x7f7804150880",4181379019638525,4181379020020371,4181379020026460,4181379020031169,6089
2784,"void transformer_engine::fused_attn_rocm::compute_grad_qk_kernel<__half, transformer_engine::fused_attn_rocm::SmallSeqConfig<12, 128, 256, false, (transformer_engine::fused_attn_rocm::CausalMaskType)0>, 4, 16>(__half const*, __half const*, __half const*, __half*, __half*, float, int const*, int const*, int, int) [clone .kd]",2,8,3061,1282169,1282169,1024000,64,24576,0,36,4,64,64,"0x0","0x7f78041508c0",4181379019647638,4181379020026460,4181379020373737,4181379020385426,347277
2785,"input_reduce_fusion.kd",2,8,3062,1282169,1282169,524288,256,512,0,16,0,16,64,"0x0","0x7f7817b1a780",4181379019657182,4181379020373737,4181379020382870,4181379020395150,9133
2786,"input_reduce_fusion_3.kd",2,8,3063,1282169,1282169,128,128,512,0,24,0,16,64,"0x0","0x7f7817b1a7c0",4181379019664203,4181379020382870,4181379020388639,4181379020399907,5769
2787,"loop_convert_fusion.kd",2,8,3064,1282169,1282169,1,1,0,0,4,4,16,64,"0x0","0x7f7817b1a800",4181379019671364,4181379020388639,4181379020392685,4181379020404304,4046
2788,"input_compare_reduce_fusion_1.kd",2,8,3067,1282169,1282169,8192,256,0,0,12,4,16,64,"0x0","0x7f7817b19c00",4181379019798623,4181379020405223,4181379020411232,4181379020413607,6009
2789,"loop_slice_fusion_1.kd",2,8,3068,1282169,1282169,3072,256,0,0,16,0,16,64,"0x0","0x7f7817b19c40",4181379019807957,4181379020411232,4181379020416240,4181379020418415,5008
2790,"loop_reduce_window_fusion_16.kd",2,8,3069,1282169,1282169,3072,256,0,0,8,0,16,64,"0x0","0x7f7817b19c80",4181379019815658,4181379020416240,4181379020423090,4181379020430783,6850
2791,"loop_reduce_window_fusion_15.kd",2,8,3070,1282169,1282169,192,192,0,0,8,0,16,64,"0x0","0x7f7817b19cc0",4181379019822288,4181379020423090,4181379020430141,4181379020435490,7051
2792,"loop_broadcast_fusion_2.kd",2,8,3071,1282169,1282169,48128,256,0,0,4,4,16,64,"0x0","0x7f7817b19d00",4181379019829148,4181379020430141,4181379020434948,4181379020440888,4807
2793,"input_scatter_fusion_2.kd",2,8,3072,1282169,1282169,48128,256,0,0,12,4,32,64,"0x0","0x7f7817b19d40",4181379019836439,4181379020434948,4181379020443681,4181379020445785,8733
2794,"loop_reduce_window_fusion_14.kd",2,8,3073,1282169,1282169,48128,256,0,0,8,0,16,64,"0x0","0x7f7817b19d80",4181379019844100,4181379020443681,4181379020448568,4181379020450793,4887
2795,"loop_reduce_window_fusion_13.kd",2,8,3074,1282169,1282169,3072,256,0,0,8,0,16,64,"0x0","0x7f7817b19dc0",4181379019852092,4181379020448568,4181379020453575,4181379020455450,5007
2796,"loop_reduce_window_fusion_15.kd",2,8,3075,1282169,1282169,192,192,0,0,8,0,16,64,"0x0","0x7f7817b19cc0",4181379019859403,4181379020453575,4181379020458222,4181379020459866,4647
2797,"loop_slice_fusion_6.kd",2,8,3076,1282169,1282169,12,12,0,0,4,4,16,64,"0x0","0x7f7817b19e00",4181379019865903,4181379020458222,4181379020462789,4181379020466055,4567
2798,"input_reduce_fusion_1.kd",2,8,3077,1282169,1282169,64,64,0,0,8,0,16,64,"0x0","0x7f7817b19e40",4181379019873454,4181379020462789,4181379020467436,4181379020470632,4647
2799,"loop_select_fusion_5.kd",2,8,3078,1282169,1282169,48128,256,0,0,12,4,32,64,"0x0","0x7f7817b19e80",4181379019880374,4181379020467436,4181379020472403,4181379020475289,4967
2800,"loop_select_fusion_2.kd",2,8,3079,1282169,1282169,48128,256,0,0,4,4,16,64,"0x0","0x7f7817b19ec0",4181379019887675,4181379020472403,4181379020477211,4181379020479996,4808
2801,"loop_reduce_window_fusion_14.kd",2,8,3080,1282169,1282169,48128,256,0,0,8,0,16,64,"0x0","0x7f7817b19d80",4181379019894465,4181379020477211,4181379020482098,4181379020484513,4887
2802,"loop_reduce_window_fusion_13.kd",2,8,3081,1282169,1282169,3072,256,0,0,8,0,16,64,"0x0","0x7f7817b19dc0",4181379019901816,4181379020482098,4181379020487145,4181379020489170,5047
2803,"loop_reduce_window_fusion_15.kd",2,8,3082,1282169,1282169,192,192,0,0,8,0,16,64,"0x0","0x7f7817b19cc0",4181379019909097,4181379020487145,4181379020491832,4181379020493356,4687
2804,"input_concatenate_fusion.kd",2,8,3083,1282169,1282169,48128,256,0,0,12,4,32,64,"0x0","0x7f7817b19f00",4181379019917560,4181379020491832,4181379020496760,4181379020497642,4928
2805,"input_compare_reduce_fusion.kd",2,8,3084,1282169,1282169,13312,256,0,0,12,4,16,64,"0x0","0x7f7817b19f40",4181379019924160,4181379020496760,4181379020501607,4181379020501959,4847
2806,"loop_slice_fusion.kd",2,8,3085,1282169,1282169,3328,256,0,0,16,0,16,64,"0x0","0x7f7817b19f80",4181379019931831,4181379020501607,4181379020506414,4181379020506385,4807
2807,"loop_reduce_window_fusion_4.kd",2,8,3086,1282169,1282169,3328,256,0,0,8,0,16,64,"0x0","0x7f7817b19fc0",4181379019938871,4181379020506414,4181379020511381,4181379020511002,4967
2808,"loop_reduce_window_fusion_3.kd",2,8,3087,1282169,1282169,208,208,0,0,8,0,16,64,"0x0","0x7f7817b1a000",4181379019947054,4181379020511381,4181379020516189,4181379020515709,4808
2809,"loop_broadcast_fusion.kd",2,8,3088,1282169,1282169,52224,256,0,0,4,4,16,64,"0x0","0x7f7817b1a040",4181379019953864,4181379020516189,4181379020521276,4181379020521388,5087
2810,"input_scatter_fusion.kd",2,8,3089,1282169,1282169,52224,256,0,0,12,4,32,64,"0x0","0x7f7817b1a080",4181379019961886,4181379020521276,4181379020530450,4181379020532144,9174
2811,"loop_reduce_window_fusion_2.kd",2,8,3090,1282169,1282169,52224,256,0,0,8,0,16,64,"0x0","0x7f7817b1a0c0",4181379019969016,4181379020530450,4181379020535457,4181379020536811,5007
2812,"loop_reduce_window_fusion_1.kd",2,8,3091,1282169,1282169,3328,256,0,0,8,0,16,64,"0x0","0x7f7817b1a100",4181379019976067,4181379020535457,4181379020540625,4181379020541077,5168
2813,"loop_reduce_window_fusion_3.kd",2,8,3092,1282169,1282169,208,208,0,0,8,0,16,64,"0x0","0x7f7817b1a000",4181379019983247,4181379020540625,4181379020545352,4181379020545414,4727
2814,"loop_slice_fusion_5.kd",2,8,3093,1282169,1282169,13,13,0,0,4,4,16,64,"0x0","0x7f7817b1a140",4181379019990098,4181379020545352,4181379020550079,4181379020552815,4727
2815,"input_reduce_fusion_2.kd",2,8,3094,1282169,1282169,64,64,0,0,8,0,16,64,"0x0","0x7f7817b1a180",4181379019998260,4181379020550079,4181379020554806,4181379020564562,4727
2816,"loop_select_fusion_4.kd",2,8,3095,1282169,1282169,52224,256,0,0,8,0,32,64,"0x0","0x7f7817b1a1c0",4181379020006212,4181379020554806,4181379020559853,4181379020559895,5047
2817,"loop_select_fusion.kd",2,8,3096,1282169,1282169,52224,256,0,0,8,0,16,64,"0x0","0x7f7817b1a200",4181379020013993,4181379020559853,4181379020564821,4181379020575979,4968
2818,"loop_compare_fusion_1.kd",2,8,3097,1282169,1282169,4096,256,0,0,4,4,16,64,"0x0","0x7f7817b1a240",4181379020021394,4181379020564821,4181379020569708,4181379020571232,4887
2819,"input_reduce_reduce_window_fusion_1.kd",2,8,3098,1282169,1282169,256,256,512,0,20,4,32,64,"0x0","0x7f7817b1a280",4181379020045690,4181379020569708,4181379020585532,4181379020605022,15824
2820,"loop_slice_fusion_3.kd",2,8,3099,1282169,1282169,16,16,0,0,20,4,16,64,"0x0","0x7f7817b1a2c0",4181379020053422,4181379020585532,4181379020590339,4181379020595308,4807
2821,"loop_broadcast_fusion_3.kd",2,8,3100,1282169,1282169,4096,256,0,0,4,4,16,64,"0x0","0x7f7817b1a300",4181379020060863,4181379020590339,4181379020595386,4181379020600405,5047
2822,"input_scatter_fusion_3.kd",2,8,3101,1282169,1282169,4096,256,0,0,8,0,32,64,"0x0","0x7f7817b1a340",4181379020069055,4181379020595386,4181379020601555,4181379020618152,6169
2823,"loop_reduce_window_fusion_18.kd",2,8,3102,1282169,1282169,4096,256,0,0,8,0,16,64,"0x0","0x7f7817b1a380",4181379020075635,4181379020601555,4181379020606403,4181379020646254,4848
2824,"loop_slice_fusion_3.kd",2,8,3103,1282169,1282169,16,16,0,0,20,4,16,64,"0x0","0x7f7817b1a2c0",4181379020083356,4181379020606403,4181379020611090,4181379020611342,4687
2825,"loop_remainder_fusion.kd",2,8,3104,1282169,1282169,4096,256,0,0,12,4,16,64,"0x0","0x7f7817b1a3c0",4181379020090757,4181379020611090,4181379020616858,4181379020650450,5768
2826,"loop_select_fusion_3.kd",2,8,3105,1282169,1282169,4096,256,0,0,8,0,32,64,"0x0","0x7f7817b1a400",4181379020097678,4181379020616858,4181379020621665,4181379020623179,4807
2827,"loop_reduce_window_fusion_18.kd",2,8,3106,1282169,1282169,4096,256,0,0,8,0,16,64,"0x0","0x7f7817b1a380",4181379020105770,4181379020621665,4181379020626553,4181379020628337,4888
2828,"loop_slice_fusion_3.kd",2,8,3107,1282169,1282169,16,16,0,0,20,4,16,64,"0x0","0x7f7817b1a2c0",4181379020113661,4181379020626553,4181379020631320,4181379020632693,4767
2829,"input_concatenate_fusion_1.kd",2,8,3108,1282169,1282169,4096,256,0,0,8,0,32,64,"0x0","0x7f7817b1a440",4181379020120211,4181379020631320,4181379020636968,4181379020637430,5648
2830,"loop_compare_fusion.kd",2,8,3109,1282169,1282169,8192,256,0,0,4,4,16,64,"0x0","0x7f7817b1a480",4181379020127692,4181379020636968,4181379020641895,4181379020641997,4927
2831,"input_reduce_reduce_window_fusion.kd",2,8,3110,1282169,1282169,512,512,512,0,20,4,48,64,"0x0","0x7f7817b1a4c0",4181379020134723,4181379020641895,4181379020658841,4181379020668647,16946
2832,"loop_reduce_window_fusion_8.kd",2,8,3111,1282169,1282169,32,32,0,0,32,0,16,64,"0x0","0x7f7817b1a500",4181379020142024,4181379020658841,4181379020668014,4181379020672753,9173
2833,"loop_broadcast_fusion_1.kd",2,8,3112,1282169,1282169,8192,256,0,0,4,4,16,64,"0x0","0x7f7817b1a540",4181379020149755,4181379020668014,4181379020673142,4181379020677430,5128
2834,"input_scatter_fusion_1.kd",2,8,3113,1282169,1282169,8192,256,0,0,8,0,32,64,"0x0","0x7f7817b1a580",4181379020156675,4181379020673142,4181379020678430,4181379020684110,5288
2835,"loop_reduce_window_fusion_7.kd",2,8,3114,1282169,1282169,8192,256,0,0,8,0,16,64,"0x0","0x7f7817b1a5c0",4181379020163896,4181379020678430,4181379020683517,4181379020690780,5087
2836,"loop_reduce_window_fusion_6.kd",2,8,3115,1282169,1282169,512,256,0,0,8,0,16,64,"0x0","0x7f7817b1a600",4181379020171658,4181379020683517,4181379020688485,4181379020695166,4968
2837,"loop_reduce_window_fusion_5.kd",2,8,3116,1282169,1282169,32,32,0,0,8,0,16,64,"0x0","0x7f7817b1a640",4181379020178037,4181379020688485,4181379020693292,4181379020701516,4807
2838,"loop_select_fusion_6.kd",2,8,3117,1282169,1282169,8192,256,0,0,8,0,32,64,"0x0","0x7f7817b1a680",4181379020185318,4181379020693292,4181379020698420,4181379020705972,5128
2839,"loop_select_fusion_1.kd",2,8,3118,1282169,1282169,8192,256,0,0,8,0,16,64,"0x0","0x7f7817b1a6c0",4181379020193360,4181379020698420,4181379020703347,4181379020710159,4927
2840,"loop_broadcast_fusion_4.kd",2,8,3119,1282169,1282169,16,16,0,0,4,4,16,64,"0x0","0x7f7817b1a700",4181379020200781,4181379020703347,4181379020708394,4181379020714415,5047
2841,"__amd_rocclr_fillBufferAligned.kd",2,8,3120,1282169,1282169,77824,256,0,0,12,4,48,64,"0x0","0x7f781d393580",4181379020218577,4181379020708394,4181379020722255,4181379020730809,13861
2842,"__amd_rocclr_fillBufferAligned.kd",2,8,3121,1282169,1282169,16128,256,0,0,12,4,48,64,"0x0","0x7f781d393580",4181379020225668,4181379020722255,4181379020727102,4181379020735406,4847
2843,"transformer_engine::fused_attn_rocm::populate_rng_state_kernel(long*, long const*, long) [clone .kd]",2,8,3122,1282169,1282169,1,1,0,0,8,0,16,64,"0x0","0x7f781c015380",4181379020234862,4181379020727102,4181379020731989,4181379020739753,4887
2844,"__amd_rocclr_fillBufferAligned.kd",2,8,3123,1282169,1282169,256,256,0,0,12,4,48,64,"0x0","0x7f781d393580",4181379020245037,4181379020731989,4181379020736716,4181379020746593,4727
2845,"ck_fused_attn::get_runtime_max_seqlen_kernel(unsigned long, int const*, int const*, unsigned long*) [clone .kd]",2,8,3124,1282169,1282169,4096,128,0,0,4,4,32,64,"0x0","0x7f781c004940",4181379020251506,4181379020736716,4181379020742485,4181379020756808,5769
2846,"__amd_rocclr_copyBuffer.kd",2,8,3125,1282169,1282169,512,512,0,0,16,0,32,64,"0x7fb89bde8d80","0x7f781d393600",4181379020260991,4181379020742485,4181379020747933,4181379020751330,5448
2847,"__amd_rocclr_fillBufferAligned.kd",2,8,3127,1282169,1282169,256,256,0,0,12,4,48,64,"0x0","0x7f781d393580",4181379020791590,4181379020807101,4181379020808944,4181379020833722,1843
2848,"ck_fused_attn::get_runtime_max_seqlen_kernel(unsigned long, int const*, int const*, unsigned long*) [clone .kd]",2,8,3128,1282169,1282169,4096,128,0,0,4,4,32,64,"0x0","0x7f781c004940",4181379020807163,4181379020815594,4181379020821202,4181379020843877,5608
2849,"__amd_rocclr_copyBuffer.kd",2,8,3129,1282169,1282169,512,512,0,0,16,0,32,64,"0x7fb89bde8c80","0x7f781d393600",4181379020815265,4181379020826330,4181379020830296,4181379020838830,3966
2850,"void transformer_engine::fused_attn_rocm::compute_scores_kernel<__half, transformer_engine::fused_attn_rocm::SmallSeqConfig<12, 128, 256, false, (transformer_engine::fused_attn_rocm::CausalMaskType)0>, 1>(__half const*, __half const*, __half*, float, int const*, int const*, int, int) [clone .kd]",2,8,3131,1282169,1282169,64000,64,0,0,120,0,32,64,"0x0","0x7f780414ef00",4181379020855274,4181379020866309,4181379020895913,4181379020896295,29604
2851,"void transformer_engine::fused_attn_rocm::apply_mask_and_softmax_kernel<__half, transformer_engine::fused_attn_rocm::SmallSeqConfig<12, 128, 256, false, (transformer_engine::fused_attn_rocm::CausalMaskType)0> >(__half*, __half const*, float, int const*, int, int) [clone .kd]",2,8,3132,1282169,1282169,780288,256,1024,0,16,0,16,64,"0x0","0x7f780414ef40",4181379020864668,4181379020895913,4181379020901482,4181379020916826,5569
2852,"void transformer_engine::fused_attn_rocm::compute_output_kernel<__half, transformer_engine::fused_attn_rocm::SmallSeqConfig<12, 128, 256, false, (transformer_engine::fused_attn_rocm::CausalMaskType)0>, 2, 8>(__half const*, __half const*, __half*, int const*, int const*, int, int) [clone .kd]",2,8,3133,1282169,1282169,512000,64,24576,0,24,0,32,64,"0x0","0x7f780414ef80",4181379020872009,4181379020901482,4181379021003674,4181379021009494,102192
2853,"loop_broadcast_fusion_5.kd",2,8,3134,1282169,1282169,2048000,256,0,0,4,4,16,64,"0x0","0x7f7817b1a740",4181379020881754,4181379021003674,4181379021012046,4181379021018137,8372
2854,"__amd_rocclr_fillBufferAligned.kd",2,8,3135,1282169,1282169,77824,256,0,0,12,4,48,64,"0x0","0x7f781d393580",4181379020908043,4181379021012046,4181379021018856,4181379021022653,6810
2855,"__amd_rocclr_fillBufferAligned.kd",2,8,3136,1282169,1282169,77824,256,0,0,12,4,48,64,"0x0","0x7f781d393580",4181379020931197,4181379021018856,4181379021050824,4181379021054521,31968
2856,"__amd_rocclr_fillBufferAligned.kd",2,8,3137,1282169,1282169,77824,256,0,0,12,4,48,64,"0x0","0x7f781d393580",4181379020938438,4181379021050824,4181379021083352,4181379021093008,32528
2857,"__amd_rocclr_fillBufferAligned.kd",2,8,3138,1282169,1282169,256,256,0,0,12,4,48,64,"0x0","0x7f781d393580",4181379020946991,4181379021083352,4181379021088039,4181379021088551,4687
2858,"ck_fused_attn::get_runtime_max_seqlen_kernel(unsigned long, int const*, int const*, unsigned long*) [clone .kd]",2,8,3139,1282169,1282169,4096,128,0,0,4,4,32,64,"0x0","0x7f781c004940",4181379020952970,4181379021088039,4181379021094248,4181379021099458,6209
2859,"__amd_rocclr_copyBuffer.kd",2,8,3140,1282169,1282169,512,512,0,0,16,0,32,64,"0x7fb89bde8b80","0x7f781d393600",4181379020960170,4181379021094248,4181379021100057,4181379021104335,5809
2860,"__amd_rocclr_fillBufferAligned.kd",2,8,3142,1282169,1282169,256,256,0,0,12,4,48,64,"0x0","0x7f781d393580",4181379021123043,4181379021134548,4181379021136631,4181379021138085,2083
2861,"ck_fused_attn::get_runtime_max_seqlen_kernel(unsigned long, int const*, int const*, unsigned long*) [clone .kd]",2,8,3143,1282169,1282169,4096,128,0,0,4,4,32,64,"0x0","0x7f781c004940",4181379021133568,4181379021141999,4181379021148529,4181379021149612,6530
2862,"__amd_rocclr_copyBuffer.kd",2,8,3144,1282169,1282169,512,512,0,0,16,0,32,64,"0x7fb89bde8a80","0x7f781d393600",4181379021140549,4181379021153376,4181379021157703,4181379021164825,4327
2863,"void transformer_engine::fused_attn_rocm::compute_grad_v_kernel<__half, transformer_engine::fused_attn_rocm::SmallSeqConfig<12, 128, 256, false, (transformer_engine::fused_attn_rocm::CausalMaskType)0>, 16, 16>(__half const*, __half const*, __half*, int const*, int const*, int, int) [clone .kd]",2,8,3146,1282169,1282169,256000,64,24576,0,28,4,32,64,"0x0","0x7f7804150800",4181379021180067,4181379021191793,4181379021277120,4181379021279525,85327
2864,"void transformer_engine::fused_attn_rocm::compute_grad_attn_kernel<__half, transformer_engine::fused_attn_rocm::SmallSeqConfig<12, 128, 256, false, (transformer_engine::fused_attn_rocm::CausalMaskType)0>, 16>(__half const*, __half const*, __half*, int const*, int const*, int, int) [clone .kd]",2,8,3147,1282169,1282169,8000,64,0,0,124,4,48,64,"0x0","0x7f7804150840",4181379021189812,4181379021277120,4181379021578769,4181379021583207,301649
2865,"void transformer_engine::fused_attn_rocm::softmax_backward_kernel<__half, transformer_engine::fused_attn_rocm::SmallSeqConfig<12, 128, 256, false, (transformer_engine::fused_attn_rocm::CausalMaskType)0> >(__half const*, __half const*, __half*, float, int const*, int, int) [clone .kd]",2,8,3148,1282169,1282169,780288,256,1024,0,16,0,16,64,"0x0","0x7f7804150880",4181379021199687,4181379021578769,4181379021584577,4181379021591389,5808
2866,"void transformer_engine::fused_attn_rocm::compute_grad_qk_kernel<__half, transformer_engine::fused_attn_rocm::SmallSeqConfig<12, 128, 256, false, (transformer_engine::fused_attn_rocm::CausalMaskType)0>, 4, 16>(__half const*, __half const*, __half const*, __half*, __half*, float, int const*, int const*, int, int) [clone .kd]",2,8,3149,1282169,1282169,1024000,64,24576,0,36,4,64,64,"0x0","0x7f78041508c0",4181379021207518,4181379021584577,4181379021930372,4181379021930914,345795
2867,"input_reduce_fusion.kd",2,8,3150,1282169,1282169,524288,256,512,0,16,0,16,64,"0x0","0x7f7817b1a780",4181379021216091,4181379021930372,4181379021939305,4181379021940398,8933
2868,"input_reduce_fusion_3.kd",2,8,3151,1282169,1282169,128,128,512,0,24,0,16,64,"0x0","0x7f7817b1a7c0",4181379021222691,4181379021939305,4181379021945234,4181379021948030,5929
2869,"loop_convert_fusion.kd",2,8,3152,1282169,1282169,1,1,0,0,4,4,16,64,"0x0","0x7f7817b1a800",4181379021229190,4181379021945234,4181379021950602,4181379021953117,5368
2870,"input_compare_reduce_fusion_1.kd",2,8,3155,1282169,1282169,8192,256,0,0,12,4,16,64,"0x0","0x7f7817b19c00",4181379021360756,4181379021963621,4181379021969910,4181379021977363,6289
2871,"loop_slice_fusion_1.kd",2,8,3156,1282169,1282169,3072,256,0,0,16,0,16,64,"0x0","0x7f7817b19c40",4181379021370781,4181379021969910,4181379021975158,4181379021982140,5248
2872,"loop_reduce_window_fusion_16.kd",2,8,3157,1282169,1282169,3072,256,0,0,8,0,16,64,"0x0","0x7f7817b19c80",4181379021378663,4181379021975158,4181379021982890,4181379021986297,7732
2873,"loop_reduce_window_fusion_15.kd",2,8,3158,1282169,1282169,192,192,0,0,8,0,16,64,"0x0","0x7f7817b19cc0",4181379021384842,4181379021982890,4181379021988138,4181379021990513,5248
2874,"loop_broadcast_fusion_2.kd",2,8,3159,1282169,1282169,48128,256,0,0,4,4,16,64,"0x0","0x7f7817b19d00",4181379021391752,4181379021988138,4181379021994026,4181379021995190,5888
2875,"input_scatter_fusion_2.kd",2,8,3160,1282169,1282169,48128,256,0,0,12,4,32,64,"0x0","0x7f7817b19d40",4181379021398693,4181379021994026,4181379022001958,4181379022007768,7932
2876,"loop_reduce_window_fusion_14.kd",2,8,3161,1282169,1282169,48128,256,0,0,8,0,16,64,"0x0","0x7f7817b19d80",4181379021405843,4181379022001958,4181379022007967,4181379022012365,6009
2877,"loop_reduce_window_fusion_13.kd",2,8,3162,1282169,1282169,3072,256,0,0,8,0,16,64,"0x0","0x7f7817b19dc0",4181379021412904,4181379022007967,4181379022013095,4181379022019776,5128
2878,"loop_reduce_window_fusion_15.kd",2,8,3163,1282169,1282169,192,192,0,0,8,0,16,64,"0x0","0x7f7817b19cc0",4181379021420195,4181379022013095,4181379022017862,4181379022024704,4767
2879,"loop_slice_fusion_6.kd",2,8,3164,1282169,1282169,12,12,0,0,4,4,16,64,"0x0","0x7f7817b19e00",4181379021427275,4181379022017862,4181379022022509,4181379022029200,4647
2880,"input_reduce_fusion_1.kd",2,8,3165,1282169,1282169,64,64,0,0,8,0,16,64,"0x0","0x7f7817b19e40",4181379021434215,4181379022022509,4181379022027196,4181379022033887,4687
2881,"loop_select_fusion_5.kd",2,8,3166,1282169,1282169,48128,256,0,0,12,4,32,64,"0x0","0x7f7817b19e80",4181379021441667,4181379022027196,4181379022032243,4181379022038594,5047
2882,"loop_select_fusion_2.kd",2,8,3167,1282169,1282169,48128,256,0,0,4,4,16,64,"0x0","0x7f7817b19ec0",4181379021449368,4181379022032243,4181379022037090,4181379022043051,4847
2883,"loop_reduce_window_fusion_14.kd",2,8,3168,1282169,1282169,48128,256,0,0,8,0,16,64,"0x0","0x7f7817b19d80",4181379021456969,4181379022037090,4181379022042018,4181379022047778,4928
2884,"loop_reduce_window_fusion_13.kd",2,8,3169,1282169,1282169,3072,256,0,0,8,0,16,64,"0x0","0x7f7817b19dc0",4181379021464350,4181379022042018,4181379022047065,4181379022052385,5047
2885,"loop_reduce_window_fusion_15.kd",2,8,3170,1282169,1282169,192,192,0,0,8,0,16,64,"0x0","0x7f7817b19cc0",4181379021471301,4181379022047065,4181379022051752,4181379022056851,4687
2886,"input_concatenate_fusion.kd",2,8,3171,1282169,1282169,48128,256,0,0,12,4,32,64,"0x0","0x7f7817b19f00",4181379021478662,4181379022051752,4181379022056680,4181379022061368,4928
2887,"input_compare_reduce_fusion.kd",2,8,3172,1282169,1282169,13312,256,0,0,12,4,16,64,"0x0","0x7f7817b19f40",4181379021485392,4181379022056680,4181379022061567,4181379022066135,4887
2888,"loop_slice_fusion.kd",2,8,3173,1282169,1282169,3328,256,0,0,16,0,16,64,"0x0","0x7f7817b19f80",4181379021492472,4181379022061567,4181379022066414,4181379022070882,4847
2889,"loop_reduce_window_fusion_4.kd",2,8,3174,1282169,1282169,3328,256,0,0,8,0,16,64,"0x0","0x7f7817b19fc0",4181379021499793,4181379022066414,4181379022071421,4181379022075299,5007
2890,"loop_reduce_window_fusion_3.kd",2,8,3175,1282169,1282169,208,208,0,0,8,0,16,64,"0x0","0x7f7817b1a000",4181379021507274,4181379022071421,4181379022076148,4181379022081839,4727
2891,"loop_broadcast_fusion.kd",2,8,3176,1282169,1282169,52224,256,0,0,4,4,16,64,"0x0","0x7f7817b1a040",4181379021513714,4181379022076148,4181379022081276,4181379022086926,5128
2892,"input_scatter_fusion.kd",2,8,3177,1282169,1282169,52224,256,0,0,12,4,32,64,"0x0","0x7f7817b1a080",4181379021521455,4181379022081276,4181379022090089,4181379022091523,8813
2893,"loop_reduce_window_fusion_2.kd",2,8,3178,1282169,1282169,52224,256,0,0,8,0,16,64,"0x0","0x7f7817b1a0c0",4181379021528866,4181379022090089,4181379022095057,4181379022096010,4968
2894,"loop_reduce_window_fusion_1.kd",2,8,3179,1282169,1282169,3328,256,0,0,8,0,16,64,"0x0","0x7f7817b1a100",4181379021537539,4181379022095057,4181379022100224,4181379022100166,5167
2895,"loop_reduce_window_fusion_3.kd",2,8,3180,1282169,1282169,208,208,0,0,8,0,16,64,"0x0","0x7f7817b1a000",4181379021545030,4181379022100224,4181379022104951,4181379022104612,4727
2896,"loop_slice_fusion_5.kd",2,8,3181,1282169,1282169,13,13,0,0,4,4,16,64,"0x0","0x7f7817b1a140",4181379021551560,4181379022104951,4181379022109678,4181379022112765,4727
2897,"input_reduce_fusion_2.kd",2,8,3182,1282169,1282169,64,64,0,0,8,0,16,64,"0x0","0x7f7817b1a180",4181379021559301,4181379022109678,4181379022114405,4181379022124873,4727
2898,"loop_select_fusion_4.kd",2,8,3183,1282169,1282169,52224,256,0,0,8,0,32,64,"0x0","0x7f7817b1a1c0",4181379021567654,4181379022114405,4181379022119453,4181379022119965,5048
2899,"loop_select_fusion.kd",2,8,3184,1282169,1282169,52224,256,0,0,8,0,16,64,"0x0","0x7f7817b1a200",4181379021575806,4181379022119453,4181379022124540,4181379022129069,5087
2900,"loop_compare_fusion_1.kd",2,8,3185,1282169,1282169,4096,256,0,0,4,4,16,64,"0x0","0x7f7817b1a240",4181379021582977,4181379022124540,4181379022129388,4181379022136159,4848
2901,"input_reduce_reduce_window_fusion_1.kd",2,8,3186,1282169,1282169,256,256,512,0,20,4,32,64,"0x0","0x7f7817b1a280",4181379021608264,4181379022129388,4181379022145371,4181379022174957,15983
2902,"loop_slice_fusion_3.kd",2,8,3187,1282169,1282169,16,16,0,0,20,4,16,64,"0x0","0x7f7817b1a2c0",4181379021616336,4181379022145371,4181379022150098,4181379022179494,4727
2903,"loop_broadcast_fusion_3.kd",2,8,3188,1282169,1282169,4096,256,0,0,4,4,16,64,"0x0","0x7f7817b1a300",4181379021623737,4181379022150098,4181379022155026,4181379022155088,4928
2904,"input_scatter_fusion_3.kd",2,8,3189,1282169,1282169,4096,256,0,0,8,0,32,64,"0x0","0x7f7817b1a340",4181379021631479,4181379022155026,4181379022161075,4181379022161757,6049
2905,"loop_reduce_window_fusion_18.kd",2,8,3190,1282169,1282169,4096,256,0,0,8,0,16,64,"0x0","0x7f7817b1a380",4181379021638880,4181379022161075,4181379022165842,4181379022166364,4767
2906,"loop_slice_fusion_3.kd",2,8,3191,1282169,1282169,16,16,0,0,20,4,16,64,"0x0","0x7f7817b1a2c0",4181379021646321,4181379022165842,4181379022170649,4181379022170721,4807
2907,"loop_remainder_fusion.kd",2,8,3192,1282169,1282169,4096,256,0,0,12,4,16,64,"0x0","0x7f7817b1a3c0",4181379021653832,4181379022170649,4181379022176337,4181379022186214,5688
2908,"loop_select_fusion_3.kd",2,8,3193,1282169,1282169,4096,256,0,0,8,0,32,64,"0x0","0x7f7817b1a400",4181379021661734,4181379022176337,4181379022181105,4181379022195738,4768
2909,"loop_reduce_window_fusion_18.kd",2,8,3194,1282169,1282169,4096,256,0,0,8,0,16,64,"0x0","0x7f7817b1a380",4181379021669626,4181379022181105,4181379022185952,4181379022200205,4847
2910,"loop_slice_fusion_3.kd",2,8,3195,1282169,1282169,16,16,0,0,20,4,16,64,"0x0","0x7f7817b1a2c0",4181379021677037,4181379022185952,4181379022190719,4181379022191101,4767
2911,"input_concatenate_fusion_1.kd",2,8,3196,1282169,1282169,4096,256,0,0,8,0,32,64,"0x0","0x7f7817b1a440",4181379021684538,4181379022190719,4181379022196888,4181379022206825,6169
2912,"loop_compare_fusion.kd",2,8,3197,1282169,1282169,8192,256,0,0,4,4,16,64,"0x0","0x7f7817b1a480",4181379021692349,4181379022196888,4181379022201855,4181379022211251,4967
2913,"input_reduce_reduce_window_fusion.kd",2,8,3198,1282169,1282169,512,512,512,0,20,4,48,64,"0x0","0x7f7817b1a4c0",4181379021699850,4181379022201855,4181379022218921,4181379022228907,17066
2914,"loop_reduce_window_fusion_8.kd",2,8,3199,1282169,1282169,32,32,0,0,32,0,16,64,"0x0","0x7f7817b1a500",4181379021707552,4181379022218921,4181379022229697,4181379022235307,10776
2915,"loop_broadcast_fusion_1.kd",2,8,3200,1282169,1282169,8192,256,0,0,4,4,16,64,"0x0","0x7f7817b1a540",4181379021714973,4181379022229697,4181379022234865,4181379022241486,5168
2916,"input_scatter_fusion_1.kd",2,8,3201,1282169,1282169,8192,256,0,0,8,0,32,64,"0x0","0x7f7817b1a580",4181379021721823,4181379022234865,4181379022240072,4181379022245632,5207
2917,"loop_reduce_window_fusion_7.kd",2,8,3202,1282169,1282169,8192,256,0,0,8,0,16,64,"0x0","0x7f7817b1a5c0",4181379021729715,4181379022240072,4181379022245120,4181379022256729,5048
2918,"loop_reduce_window_fusion_6.kd",2,8,3203,1282169,1282169,512,256,0,0,8,0,16,64,"0x0","0x7f7817b1a600",4181379021737787,4181379022245120,4181379022250287,4181379022250339,5167
2919,"loop_reduce_window_fusion_5.kd",2,8,3204,1282169,1282169,32,32,0,0,8,0,16,64,"0x0","0x7f7817b1a640",4181379021745038,4181379022250287,4181379022255095,4181379022261296,4808
2920,"loop_select_fusion_6.kd",2,8,3205,1282169,1282169,8192,256,0,0,8,0,32,64,"0x0","0x7f7817b1a680",4181379021754832,4181379022255095,4181379022260222,4181379022265812,5127
2921,"loop_select_fusion_1.kd",2,8,3206,1282169,1282169,8192,256,0,0,8,0,16,64,"0x0","0x7f7817b1a6c0",4181379021761943,4181379022260222,4181379022265110,4181379022270700,4888
2922,"loop_broadcast_fusion_4.kd",2,8,3207,1282169,1282169,16,16,0,0,4,4,16,64,"0x0","0x7f7817b1a700",4181379021769374,4181379022265110,4181379022270197,4181379022277179,5087
2923,"__amd_rocclr_fillBufferAligned.kd",2,8,3208,1282169,1282169,77824,256,0,0,12,4,48,64,"0x0","0x7f781d393580",4181379021781622,4181379022270197,4181379022283537,4181379022284200,13340
2924,"__amd_rocclr_fillBufferAligned.kd",2,8,3209,1282169,1282169,16128,256,0,0,12,4,48,64,"0x0","0x7f781d393580",4181379021788312,4181379022283537,4181379022288544,4181379022288456,5007
2925,"transformer_engine::fused_attn_rocm::populate_rng_state_kernel(long*, long const*, long) [clone .kd]",2,8,3210,1282169,1282169,1,1,0,0,8,0,16,64,"0x0","0x7f781c015380",4181379021797145,4181379022288544,4181379022293472,4181379022294675,4928
2926,"__amd_rocclr_fillBufferAligned.kd",2,8,3211,1282169,1282169,256,256,0,0,12,4,48,64,"0x0","0x7f781d393580",4181379021807380,4181379022293472,4181379022298199,4181379022299172,4727
2927,"ck_fused_attn::get_runtime_max_seqlen_kernel(unsigned long, int const*, int const*, unsigned long*) [clone .kd]",2,8,3212,1282169,1282169,4096,128,0,0,4,4,32,64,"0x0","0x7f781c004940",4181379021814341,4181379022298199,4181379022304007,4181379022305171,5808
2928,"__amd_rocclr_copyBuffer.kd",2,8,3213,1282169,1282169,512,512,0,0,16,0,32,64,"0x7fb89bde8880","0x7f781d393600",4181379021823184,4181379022304007,4181379022309576,4181379022311250,5569
2929,"__amd_rocclr_fillBufferAligned.kd",2,8,3215,1282169,1282169,256,256,0,0,12,4,48,64,"0x0","0x7f781d393580",4181379022350949,4181379022363095,4181379022365098,4181379022389446,2003
2930,"ck_fused_attn::get_runtime_max_seqlen_kernel(unsigned long, int const*, int const*, unsigned long*) [clone .kd]",2,8,3216,1282169,1282169,4096,128,0,0,4,4,32,64,"0x0","0x7f781c004940",4181379022361475,4181379022370306,4181379022378558,4181379022399541,8252
2931,"__amd_rocclr_copyBuffer.kd",2,8,3217,1282169,1282169,512,512,0,0,16,0,32,64,"0x7fb89bde8780","0x7f781d393600",4181379022369276,4181379022378558,4181379022384447,4181379022394754,5889
2932,"void transformer_engine::fused_attn_rocm::compute_scores_kernel<__half, transformer_engine::fused_attn_rocm::SmallSeqConfig<12, 128, 256, false, (transformer_engine::fused_attn_rocm::CausalMaskType)0>, 1>(__half const*, __half const*, __half*, float, int const*, int const*, int, int) [clone .kd]",2,8,3219,1282169,1282169,64000,64,0,0,120,0,32,64,"0x0","0x7f780414ef00",4181379022410698,4181379022421061,4181379022450706,4181379022450637,29645
2933,"void transformer_engine::fused_attn_rocm::apply_mask_and_softmax_kernel<__half, transformer_engine::fused_attn_rocm::SmallSeqConfig<12, 128, 256, false, (transformer_engine::fused_attn_rocm::CausalMaskType)0> >(__half*, __half const*, float, int const*, int, int) [clone .kd]",2,8,3220,1282169,1282169,780288,256,1024,0,16,0,16,64,"0x0","0x7f780414ef40",4181379022419381,4181379022450706,4181379022456194,4181379022456696,5488
2934,"void transformer_engine::fused_attn_rocm::compute_output_kernel<__half, transformer_engine::fused_attn_rocm::SmallSeqConfig<12, 128, 256, false, (transformer_engine::fused_attn_rocm::CausalMaskType)0>, 2, 8>(__half const*, __half const*, __half*, int const*, int const*, int, int) [clone .kd]",2,8,3221,1282169,1282169,512000,64,24576,0,24,0,32,64,"0x0","0x7f780414ef80",4181379022428054,4181379022456194,4181379022554300,4181379022561742,98106
2935,"loop_broadcast_fusion_5.kd",2,8,3222,1282169,1282169,2048000,256,0,0,4,4,16,64,"0x0","0x7f7817b1a740",4181379022446301,4181379022554300,4181379022562592,4181379022568843,8292
2936,"__amd_rocclr_fillBufferAligned.kd",2,8,3223,1282169,1282169,77824,256,0,0,12,4,48,64,"0x0","0x7f781d393580",4181379022462054,4181379022562592,4181379022569482,4181379022573540,6890
2937,"__amd_rocclr_fillBufferAligned.kd",2,8,3224,1282169,1282169,77824,256,0,0,12,4,48,64,"0x0","0x7f781d393580",4181379022469535,4181379022569482,4181379022601650,4181379022607200,32168
2938,"__amd_rocclr_fillBufferAligned.kd",2,8,3225,1282169,1282169,77824,256,0,0,12,4,48,64,"0x0","0x7f781d393580",4181379022476766,4181379022601650,4181379022634459,4181379022643945,32809
2939,"__amd_rocclr_fillBufferAligned.kd",2,8,3226,1282169,1282169,256,256,0,0,12,4,48,64,"0x0","0x7f781d393580",4181379022485719,4181379022634459,4181379022639146,4181379022639027,4687
2940,"ck_fused_attn::get_runtime_max_seqlen_kernel(unsigned long, int const*, int const*, unsigned long*) [clone .kd]",2,8,3227,1282169,1282169,4096,128,0,0,4,4,32,64,"0x0","0x7f781c004940",4181379022491578,4181379022639146,4181379022645315,4181379022655632,6169
2941,"__amd_rocclr_copyBuffer.kd",2,8,3228,1282169,1282169,512,512,0,0,16,0,32,64,"0x7fb89bde8680","0x7f781d393600",4181379022498478,4181379022645315,4181379022650883,4181379022650855,5568
2942,"__amd_rocclr_fillBufferAligned.kd",2,8,3230,1282169,1282169,256,256,0,0,12,4,48,64,"0x0","0x7f781d393580",4181379022670945,4181379022682250,4181379022684573,4181379022685897,2323
2943,"ck_fused_attn::get_runtime_max_seqlen_kernel(unsigned long, int const*, int const*, unsigned long*) [clone .kd]",2,8,3231,1282169,1282169,4096,128,0,0,4,4,32,64,"0x0","0x7f781c004940",4181379022681541,4181379022690382,4181379022696511,4181379022699467,6129
2944,"__amd_rocclr_copyBuffer.kd",2,8,3232,1282169,1282169,512,512,0,0,16,0,32,64,"0x7fb89bde8580","0x7f781d393600",4181379022689182,4181379022715219,4181379022722149,4181379022727018,6930
2945,"void transformer_engine::fused_attn_rocm::compute_grad_v_kernel<__half, transformer_engine::fused_attn_rocm::SmallSeqConfig<12, 128, 256, false, (transformer_engine::fused_attn_rocm::CausalMaskType)0>, 16, 16>(__half const*, __half const*, __half*, int const*, int const*, int, int) [clone .kd]",2,8,3234,1282169,1282169,256000,64,24576,0,28,4,32,64,"0x0","0x7f7804150800",4181379022742451,4181379022757802,4181379022843249,4181379022845605,85447
2946,"void transformer_engine::fused_attn_rocm::compute_grad_attn_kernel<__half, transformer_engine::fused_attn_rocm::SmallSeqConfig<12, 128, 256, false, (transformer_engine::fused_attn_rocm::CausalMaskType)0>, 16>(__half const*, __half const*, __half*, int const*, int const*, int, int) [clone .kd]",2,8,3235,1282169,1282169,8000,64,0,0,124,4,48,64,"0x0","0x7f7804150840",4181379022755841,4181379022843249,4181379023144337,4181379023149476,301088
2947,"void transformer_engine::fused_attn_rocm::softmax_backward_kernel<__half, transformer_engine::fused_attn_rocm::SmallSeqConfig<12, 128, 256, false, (transformer_engine::fused_attn_rocm::CausalMaskType)0> >(__half const*, __half const*, __half*, float, int const*, int, int) [clone .kd]",2,8,3236,1282169,1282169,780288,256,1024,0,16,0,16,64,"0x0","0x7f7804150880",4181379022763082,4181379023144337,4181379023150506,4181379023161064,6169
2948,"void transformer_engine::fused_attn_rocm::compute_grad_qk_kernel<__half, transformer_engine::fused_attn_rocm::SmallSeqConfig<12, 128, 256, false, (transformer_engine::fused_attn_rocm::CausalMaskType)0>, 4, 16>(__half const*, __half const*, __half const*, __half*, __half*, float, int const*, int const*, int, int) [clone .kd]",2,8,3237,1282169,1282169,1024000,64,24576,0,36,4,64,64,"0x0","0x7f78041508c0",4181379022770763,4181379023150506,4181379023488729,4181379023496282,338223
2949,"input_reduce_fusion.kd",2,8,3238,1282169,1282169,524288,256,512,0,16,0,16,64,"0x0","0x7f7817b1a780",4181379022779636,4181379023488729,4181379023497983,4181379023503323,9254
2950,"input_reduce_fusion_3.kd",2,8,3239,1282169,1282169,128,128,512,0,24,0,16,64,"0x0","0x7f7817b1a7c0",4181379022787248,4181379023497983,4181379023503752,4181379023508160,5769
2951,"loop_convert_fusion.kd",2,8,3240,1282169,1282169,1,1,0,0,4,4,16,64,"0x0","0x7f7817b1a800",4181379022794218,4181379023503752,4181379023508038,4181379023512647,4286
2952,"input_compare_reduce_fusion_1.kd",2,8,3243,1282169,1282169,8192,256,0,0,12,4,16,64,"0x0","0x7f7817b19c00",4181379022923160,4181379023519775,4181379023526225,4181379023542451,6450
2953,"loop_slice_fusion_1.kd",2,8,3244,1282169,1282169,3072,256,0,0,16,0,16,64,"0x0","0x7f7817b19c40",4181379022933065,4181379023526225,4181379023531192,4181379023547168,4967
2954,"loop_reduce_window_fusion_16.kd",2,8,3245,1282169,1282169,3072,256,0,0,8,0,16,64,"0x0","0x7f7817b19c80",4181379022941127,4181379023531192,4181379023538643,4181379023552556,7451
2955,"loop_reduce_window_fusion_15.kd",2,8,3246,1282169,1282169,192,192,0,0,8,0,16,64,"0x0","0x7f7817b19cc0",4181379022949088,4181379023538643,4181379023544132,4181379023557624,5489
2956,"loop_broadcast_fusion_2.kd",2,8,3247,1282169,1282169,48128,256,0,0,4,4,16,64,"0x0","0x7f7817b19d00",4181379022955818,4181379023544132,4181379023549099,4181379023562351,4967
2957,"input_scatter_fusion_2.kd",2,8,3248,1282169,1282169,48128,256,0,0,12,4,32,64,"0x0","0x7f7817b19d40",4181379022963310,4181379023549099,4181379023557672,4181379023566897,8573
2958,"loop_reduce_window_fusion_14.kd",2,8,3249,1282169,1282169,48128,256,0,0,8,0,16,64,"0x0","0x7f7817b19d80",4181379022970931,4181379023557672,4181379023562479,4181379023574398,4807
2959,"loop_reduce_window_fusion_13.kd",2,8,3250,1282169,1282169,3072,256,0,0,8,0,16,64,"0x0","0x7f7817b19dc0",4181379022978783,4181379023562479,4181379023567486,4181379023578955,5007
2960,"loop_reduce_window_fusion_15.kd",2,8,3251,1282169,1282169,192,192,0,0,8,0,16,64,"0x0","0x7f7817b19cc0",4181379022986775,4181379023567486,4181379023572133,4181379023583532,4647
2961,"loop_slice_fusion_6.kd",2,8,3252,1282169,1282169,12,12,0,0,4,4,16,64,"0x0","0x7f7817b19e00",4181379022993905,4181379023572133,4181379023576780,4181379023588249,4647
2962,"input_reduce_fusion_1.kd",2,8,3253,1282169,1282169,64,64,0,0,8,0,16,64,"0x0","0x7f7817b19e40",4181379023001176,4181379023576780,4181379023581427,4181379023592856,4647
2963,"loop_select_fusion_5.kd",2,8,3254,1282169,1282169,48128,256,0,0,12,4,32,64,"0x0","0x7f7817b19e80",4181379023009338,4181379023581427,4181379023586435,4181379023597453,5008
2964,"loop_select_fusion_2.kd",2,8,3255,1282169,1282169,48128,256,0,0,4,4,16,64,"0x0","0x7f7817b19ec0",4181379023017290,4181379023586435,4181379023591362,4181379023602070,4927
2965,"loop_reduce_window_fusion_14.kd",2,8,3256,1282169,1282169,48128,256,0,0,8,0,16,64,"0x0","0x7f7817b19d80",4181379023024581,4181379023591362,4181379023596289,4181379023606656,4927
2966,"loop_reduce_window_fusion_13.kd",2,8,3257,1282169,1282169,3072,256,0,0,8,0,16,64,"0x0","0x7f7817b19dc0",4181379023030980,4181379023596289,4181379023601417,4181379023611113,5128
2967,"loop_reduce_window_fusion_15.kd",2,8,3258,1282169,1282169,192,192,0,0,8,0,16,64,"0x0","0x7f7817b19cc0",4181379023038662,4181379023601417,4181379023606184,4181379023615480,4767
2968,"input_concatenate_fusion.kd",2,8,3259,1282169,1282169,48128,256,0,0,12,4,32,64,"0x0","0x7f7817b19f00",4181379023045332,4181379023606184,4181379023611071,4181379023620046,4887
2969,"input_compare_reduce_fusion.kd",2,8,3260,1282169,1282169,13312,256,0,0,12,4,16,64,"0x0","0x7f7817b19f40",4181379023053223,4181379023611071,4181379023615958,4181379023624663,4887
2970,"loop_slice_fusion.kd",2,8,3261,1282169,1282169,3328,256,0,0,16,0,16,64,"0x0","0x7f7817b19f80",4181379023060314,4181379023615958,4181379023620766,4181379023630852,4808
2971,"loop_reduce_window_fusion_4.kd",2,8,3262,1282169,1282169,3328,256,0,0,8,0,16,64,"0x0","0x7f7817b19fc0",4181379023068526,4181379023620766,4181379023625693,4181379023635349,4927
2972,"loop_reduce_window_fusion_3.kd",2,8,3263,1282169,1282169,208,208,0,0,8,0,16,64,"0x0","0x7f7817b1a000",4181379023075957,4181379023625693,4181379023630540,4181379023640236,4847
2973,"loop_broadcast_fusion.kd",2,8,3264,1282169,1282169,52224,256,0,0,4,4,16,64,"0x0","0x7f7817b1a040",4181379023083759,4181379023630540,4181379023635628,4181379023645234,5088
2974,"input_scatter_fusion.kd",2,8,3265,1282169,1282169,52224,256,0,0,12,4,32,64,"0x0","0x7f7817b1a080",4181379023091751,4181379023635628,4181379023644521,4181379023649871,8893
2975,"loop_reduce_window_fusion_2.kd",2,8,3266,1282169,1282169,52224,256,0,0,8,0,16,64,"0x0","0x7f7817b1a0c0",4181379023097810,4181379023644521,4181379023649488,4181379023654337,4967
2976,"loop_reduce_window_fusion_1.kd",2,8,3267,1282169,1282169,3328,256,0,0,8,0,16,64,"0x0","0x7f7817b1a100",4181379023105040,4181379023649488,4181379023654696,4181379023659595,5208
2977,"loop_reduce_window_fusion_3.kd",2,8,3268,1282169,1282169,208,208,0,0,8,0,16,64,"0x0","0x7f7817b1a000",4181379023112221,4181379023654696,4181379023659423,4181379023664062,4727
2978,"loop_slice_fusion_5.kd",2,8,3269,1282169,1282169,13,13,0,0,4,4,16,64,"0x0","0x7f7817b1a140",4181379023120093,4181379023659423,4181379023664150,4181379023677342,4727
2979,"input_reduce_fusion_2.kd",2,8,3270,1282169,1282169,64,64,0,0,8,0,16,64,"0x0","0x7f7817b1a180",4181379023127934,4181379023664150,4181379023668877,4181379023672304,4727
2980,"loop_select_fusion_4.kd",2,8,3271,1282169,1282169,52224,256,0,0,8,0,32,64,"0x0","0x7f7817b1a1c0",4181379023135546,4181379023668877,4181379023673925,4181379023684462,5048
2981,"loop_select_fusion.kd",2,8,3272,1282169,1282169,52224,256,0,0,8,0,16,64,"0x0","0x7f7817b1a200",4181379023143538,4181379023673925,4181379023678932,4181379023689319,5007
2982,"loop_compare_fusion_1.kd",2,8,3273,1282169,1282169,4096,256,0,0,4,4,16,64,"0x0","0x7f7817b1a240",4181379023150127,4181379023678932,4181379023683819,4181379023694006,4887
2983,"input_reduce_reduce_window_fusion_1.kd",2,8,3274,1282169,1282169,256,256,512,0,20,4,32,64,"0x0","0x7f7817b1a280",4181379023176557,4181379023683819,4181379023699322,4181379023703030,15503
2984,"loop_slice_fusion_3.kd",2,8,3275,1282169,1282169,16,16,0,0,20,4,16,64,"0x0","0x7f7817b1a2c0",4181379023185250,4181379023699322,4181379023704130,4181379023707807,4808
2985,"loop_broadcast_fusion_3.kd",2,8,3276,1282169,1282169,4096,256,0,0,4,4,16,64,"0x0","0x7f7817b1a300",4181379023192951,4181379023704130,4181379023709177,4181379023712584,5047
2986,"input_scatter_fusion_3.kd",2,8,3277,1282169,1282169,4096,256,0,0,8,0,32,64,"0x0","0x7f7817b1a340",4181379023200192,4181379023709177,4181379023715306,4181379023719464,6129
2987,"loop_reduce_window_fusion_18.kd",2,8,3278,1282169,1282169,4096,256,0,0,8,0,16,64,"0x0","0x7f7817b1a380",4181379023207743,4181379023715306,4181379023720073,4181379023724151,4767
2988,"loop_slice_fusion_3.kd",2,8,3279,1282169,1282169,16,16,0,0,20,4,16,64,"0x0","0x7f7817b1a2c0",4181379023215334,4181379023720073,4181379023724800,4181379023728628,4727
2989,"loop_remainder_fusion.kd",2,8,3280,1282169,1282169,4096,256,0,0,12,4,16,64,"0x0","0x7f7817b1a3c0",4181379023222916,4181379023724800,4181379023730649,4181379023735398,5849
2990,"loop_select_fusion_3.kd",2,8,3281,1282169,1282169,4096,256,0,0,8,0,32,64,"0x0","0x7f7817b1a400",4181379023230417,4181379023730649,4181379023735496,4181379023740015,4847
2991,"loop_reduce_window_fusion_18.kd",2,8,3282,1282169,1282169,4096,256,0,0,8,0,16,64,"0x0","0x7f7817b1a380",4181379023237948,4181379023735496,4181379023740384,4181379023744511,4888
2992,"loop_slice_fusion_3.kd",2,8,3283,1282169,1282169,16,16,0,0,20,4,16,64,"0x0","0x7f7817b1a2c0",4181379023245980,4181379023740384,4181379023745111,4181379023751091,4727
2993,"input_concatenate_fusion_1.kd",2,8,3284,1282169,1282169,4096,256,0,0,8,0,32,64,"0x0","0x7f7817b1a440",4181379023253371,4181379023745111,4181379023750919,4181379023755378,5808
2994,"loop_compare_fusion.kd",2,8,3285,1282169,1282169,8192,256,0,0,4,4,16,64,"0x0","0x7f7817b1a480",4181379023260872,4181379023750919,4181379023755847,4181379023760025,4928
2995,"input_reduce_reduce_window_fusion.kd",2,8,3286,1282169,1282169,512,512,512,0,20,4,48,64,"0x0","0x7f7817b1a4c0",4181379023268443,4181379023755847,4181379023773272,4181379023778612,17425
2996,"loop_reduce_window_fusion_8.kd",2,8,3287,1282169,1282169,32,32,0,0,32,0,16,64,"0x0","0x7f7817b1a500",4181379023276155,4181379023773272,4181379023782927,4181379023783469,9655
2997,"loop_broadcast_fusion_1.kd",2,8,3288,1282169,1282169,8192,256,0,0,4,4,16,64,"0x0","0x7f7817b1a540",4181379023283175,4181379023782927,4181379023788255,4181379023790029,5328
2998,"input_scatter_fusion_1.kd",2,8,3289,1282169,1282169,8192,256,0,0,8,0,32,64,"0x0","0x7f7817b1a580",4181379023289925,4181379023788255,4181379023793503,4181379023796208,5248
2999,"loop_reduce_window_fusion_7.kd",2,8,3290,1282169,1282169,8192,256,0,0,8,0,16,64,"0x0","0x7f7817b1a5c0",4181379023297907,4181379023793503,4181379023798590,4181379023800565,5087
3000,"loop_reduce_window_fusion_6.kd",2,8,3291,1282169,1282169,512,256,0,0,8,0,16,64,"0x0","0x7f7817b1a600",4181379023304477,4181379023798590,4181379023803718,4181379023804861,5128
3001,"loop_reduce_window_fusion_5.kd",2,8,3292,1282169,1282169,32,32,0,0,8,0,16,64,"0x0","0x7f7817b1a640",4181379023312960,4181379023803718,4181379023808525,4181379023811171,4807
3002,"loop_select_fusion_6.kd",2,8,3293,1282169,1282169,8192,256,0,0,8,0,32,64,"0x0","0x7f7817b1a680",4181379023320952,4181379023808525,4181379023813652,4181379023815918,5127
3003,"loop_select_fusion_1.kd",2,8,3294,1282169,1282169,8192,256,0,0,8,0,16,64,"0x0","0x7f7817b1a6c0",4181379023327601,4181379023813652,4181379023818580,4181379023820004,4928
3004,"loop_broadcast_fusion_4.kd",2,8,3295,1282169,1282169,16,16,0,0,4,4,16,64,"0x0","0x7f7817b1a700",4181379023335363,4181379023818580,4181379023823627,4181379023826253,5047
3005,"__amd_rocclr_fillBufferAligned.kd",2,8,3296,1282169,1282169,77824,256,0,0,12,4,48,64,"0x0","0x7f781d393580",4181379023348172,4181379023823627,4181379023837808,4181379023841866,14181
3006,"__amd_rocclr_fillBufferAligned.kd",2,8,3297,1282169,1282169,16128,256,0,0,12,4,48,64,"0x0","0x7f781d393580",4181379023354712,4181379023837808,4181379023842656,4181379023846593,4848
3007,"transformer_engine::fused_attn_rocm::populate_rng_state_kernel(long*, long const*, long) [clone .kd]",2,8,3298,1282169,1282169,1,1,0,0,8,0,16,64,"0x0","0x7f781c015380",4181379023364677,4181379023842656,4181379023847583,4181379023852833,4927
3008,"__amd_rocclr_fillBufferAligned.kd",2,8,3299,1282169,1282169,256,256,0,0,12,4,48,64,"0x0","0x7f781d393580",4181379023374711,4181379023847583,4181379023852270,4181379023859873,4687
3009,"ck_fused_attn::get_runtime_max_seqlen_kernel(unsigned long, int const*, int const*, unsigned long*) [clone .kd]",2,8,3300,1282169,1282169,4096,128,0,0,4,4,32,64,"0x0","0x7f781c004940",4181379023381842,4181379023852270,4181379023858079,4181379023864440,5809
3010,"__amd_rocclr_copyBuffer.kd",2,8,3301,1282169,1282169,512,512,0,0,16,0,32,64,"0x7fb89bde8380","0x7f781d393600",4181379023391266,4181379023858079,4181379023863527,4181379023870459,5448
3011,"__amd_rocclr_fillBufferAligned.kd",2,8,3303,1282169,1282169,256,256,0,0,12,4,48,64,"0x0","0x7f781d393580",4181379023916037,4181379023927742,4181379023929665,4181379023958119,1923
3012,"ck_fused_attn::get_runtime_max_seqlen_kernel(unsigned long, int const*, int const*, unsigned long*) [clone .kd]",2,8,3304,1282169,1282169,4096,128,0,0,4,4,32,64,"0x0","0x7f781c004940",4181379023928455,4181379023936716,4181379023942404,4181379023968334,5688
3013,"__amd_rocclr_copyBuffer.kd",2,8,3305,1282169,1282169,512,512,0,0,16,0,32,64,"0x7fb89bde8280","0x7f781d393600",4181379023940052,4181379023948773,4181379023954742,4181379023963477,5969
3014,"void transformer_engine::fused_attn_rocm::compute_scores_kernel<__half, transformer_engine::fused_attn_rocm::SmallSeqConfig<12, 128, 256, false, (transformer_engine::fused_attn_rocm::CausalMaskType)0>, 1>(__half const*, __half const*, __half*, float, int const*, int const*, int, int) [clone .kd]",2,8,3307,1282169,1282169,64000,64,0,0,120,0,32,64,"0x0","0x7f780414ef00",4181379023980412,4181379023990636,4181379024020640,4181379024021363,30004
3015,"void transformer_engine::fused_attn_rocm::apply_mask_and_softmax_kernel<__half, transformer_engine::fused_attn_rocm::SmallSeqConfig<12, 128, 256, false, (transformer_engine::fused_attn_rocm::CausalMaskType)0> >(__half*, __half const*, float, int const*, int, int) [clone .kd]",2,8,3308,1282169,1282169,780288,256,1024,0,16,0,16,64,"0x0","0x7f780414ef40",4181379023988534,4181379024020640,4181379024026088,4181379024032680,5448
3016,"void transformer_engine::fused_attn_rocm::compute_output_kernel<__half, transformer_engine::fused_attn_rocm::SmallSeqConfig<12, 128, 256, false, (transformer_engine::fused_attn_rocm::CausalMaskType)0>, 2, 8>(__half const*, __half const*, __half*, int const*, int const*, int, int) [clone .kd]",2,8,3309,1282169,1282169,512000,64,24576,0,24,0,32,64,"0x0","0x7f780414ef80",4181379023996656,4181379024026088,4181379024125797,4181379024127491,99709
3017,"loop_broadcast_fusion_5.kd",2,8,3310,1282169,1282169,2048000,256,0,0,4,4,16,64,"0x0","0x7f7817b1a740",4181379024007032,4181379024125797,4181379024134089,4181379024137416,8292
3018,"__amd_rocclr_fillBufferAligned.kd",2,8,3311,1282169,1282169,77824,256,0,0,12,4,48,64,"0x0","0x7f781d393580",4181379024021303,4181379024134089,4181379024140939,4181379024141872,6850
3019,"__amd_rocclr_fillBufferAligned.kd",2,8,3312,1282169,1282169,77824,256,0,0,12,4,48,64,"0x0","0x7f781d393580",4181379024036095,4181379024140939,4181379024173267,4181379024174531,32328
3020,"__amd_rocclr_fillBufferAligned.kd",2,8,3313,1282169,1282169,77824,256,0,0,12,4,48,64,"0x0","0x7f781d393580",4181379024044558,4181379024173267,4181379024205996,4181379024227360,32729
3021,"__amd_rocclr_fillBufferAligned.kd",2,8,3314,1282169,1282169,256,256,0,0,12,4,48,64,"0x0","0x7f781d393580",4181379024052630,4181379024205996,4181379024210963,4181379024236483,4967
3022,"ck_fused_attn::get_runtime_max_seqlen_kernel(unsigned long, int const*, int const*, unsigned long*) [clone .kd]",2,8,3315,1282169,1282169,4096,128,0,0,4,4,32,64,"0x0","0x7f781c004940",4181379024058959,4181379024210963,4181379024217133,4181379024221901,6170
3023,"__amd_rocclr_copyBuffer.kd",2,8,3316,1282169,1282169,512,512,0,0,16,0,32,64,"0x7fb89bde8180","0x7f781d393600",4181379024072009,4181379024217133,4181379024222821,4181379024231966,5688
3024,"__amd_rocclr_fillBufferAligned.kd",2,8,3318,1282169,1282169,256,256,0,0,12,4,48,64,"0x0","0x7f781d393580",4181379024248010,4181379024258274,4181379024260277,4181379024264064,2003
3025,"ck_fused_attn::get_runtime_max_seqlen_kernel(unsigned long, int const*, int const*, unsigned long*) [clone .kd]",2,8,3319,1282169,1282169,4096,128,0,0,4,4,32,64,"0x0","0x7f781c004940",4181379024257905,4181379024268088,4181379024274017,4181379024274910,5929
3026,"__amd_rocclr_copyBuffer.kd",2,8,3320,1282169,1282169,512,512,0,0,16,0,32,64,"0x7fb89bde9d80","0x7f781d393600",4181379024266227,4181379024279625,4181379024285955,4181379024290714,6330
3027,"void transformer_engine::fused_attn_rocm::compute_grad_v_kernel<__half, transformer_engine::fused_attn_rocm::SmallSeqConfig<12, 128, 256, false, (transformer_engine::fused_attn_rocm::CausalMaskType)0>, 16, 16>(__half const*, __half const*, __half*, int const*, int const*, int, int) [clone .kd]",2,8,3322,1282169,1282169,256000,64,24576,0,28,4,32,64,"0x0","0x7f7804150800",4181379024306067,4181379024320887,4181379024408137,4181379024410272,87250
3028,"void transformer_engine::fused_attn_rocm::compute_grad_attn_kernel<__half, transformer_engine::fused_attn_rocm::SmallSeqConfig<12, 128, 256, false, (transformer_engine::fused_attn_rocm::CausalMaskType)0>, 16>(__half const*, __half const*, __half*, int const*, int const*, int, int) [clone .kd]",2,8,3323,1282169,1282169,8000,64,0,0,124,4,48,64,"0x0","0x7f7804150840",4181379024319086,4181379024408137,4181379024710306,4181379024716237,302169
3029,"void transformer_engine::fused_attn_rocm::softmax_backward_kernel<__half, transformer_engine::fused_attn_rocm::SmallSeqConfig<12, 128, 256, false, (transformer_engine::fused_attn_rocm::CausalMaskType)0> >(__half const*, __half const*, __half*, float, int const*, int, int) [clone .kd]",2,8,3324,1282169,1282169,780288,256,1024,0,16,0,16,64,"0x0","0x7f7804150880",4181379024329131,4181379024710306,4181379024717156,4181379024726252,6850
3030,"void transformer_engine::fused_attn_rocm::compute_grad_qk_kernel<__half, transformer_engine::fused_attn_rocm::SmallSeqConfig<12, 128, 256, false, (transformer_engine::fused_attn_rocm::CausalMaskType)0>, 4, 16>(__half const*, __half const*, __half const*, __half*, __half*, float, int const*, int const*, int, int) [clone .kd]",2,8,3325,1282169,1282169,1024000,64,24576,0,36,4,64,64,"0x0","0x7f78041508c0",4181379024336893,4181379024717156,4181379025066195,4181379025073858,349039
3031,"input_reduce_fusion.kd",2,8,3326,1282169,1282169,524288,256,512,0,16,0,16,64,"0x0","0x7f7817b1a780",4181379024346116,4181379025066195,4181379025075449,4181379025081760,9254
3032,"input_reduce_fusion_3.kd",2,8,3327,1282169,1282169,128,128,512,0,24,0,16,64,"0x0","0x7f7817b1a7c0",4181379024353097,4181379025075449,4181379025081218,4181379025086217,5769
3033,"loop_convert_fusion.kd",2,8,3328,1282169,1282169,1,1,0,0,4,4,16,64,"0x0","0x7f7817b1a800",4181379024360297,4181379025081218,4181379025085344,4181379025090874,4126
3034,"input_compare_reduce_fusion_1.kd",2,8,3331,1282169,1282169,8192,256,0,0,12,4,16,64,"0x0","0x7f7817b19c00",4181379024487527,4181379025097802,4181379025104012,4181379025120257,6210
3035,"loop_slice_fusion_1.kd",2,8,3332,1282169,1282169,3072,256,0,0,16,0,16,64,"0x0","0x7f7817b19c40",4181379024497401,4181379025104012,4181379025109139,4181379025124764,5127
3036,"loop_reduce_window_fusion_16.kd",2,8,3333,1282169,1282169,3072,256,0,0,8,0,16,64,"0x0","0x7f7817b19c80",4181379024504842,4181379025109139,4181379025117031,4181379025129231,7892
3037,"loop_reduce_window_fusion_15.kd",2,8,3334,1282169,1282169,192,192,0,0,8,0,16,64,"0x0","0x7f7817b19cc0",4181379024511642,4181379025117031,4181379025122359,4181379025133858,5328
3038,"loop_broadcast_fusion_2.kd",2,8,3335,1282169,1282169,48128,256,0,0,4,4,16,64,"0x0","0x7f7817b19d00",4181379024518442,4181379025122359,4181379025127046,4181379025142350,4687
3039,"input_scatter_fusion_2.kd",2,8,3336,1282169,1282169,48128,256,0,0,12,4,32,64,"0x0","0x7f7817b19d40",4181379024525393,4181379025127046,4181379025135779,4181379025146507,8733
3040,"loop_reduce_window_fusion_14.kd",2,8,3337,1282169,1282169,48128,256,0,0,8,0,16,64,"0x0","0x7f7817b19d80",4181379024532614,4181379025135779,4181379025140666,4181379025150773,4887
3041,"loop_reduce_window_fusion_13.kd",2,8,3338,1282169,1282169,3072,256,0,0,8,0,16,64,"0x0","0x7f7817b19dc0",4181379024539654,4181379025140666,4181379025145754,4181379025155360,5088
3042,"loop_reduce_window_fusion_15.kd",2,8,3339,1282169,1282169,192,192,0,0,8,0,16,64,"0x0","0x7f7817b19cc0",4181379024547476,4181379025145754,4181379025150441,4181379025160367,4687
3043,"loop_slice_fusion_6.kd",2,8,3340,1282169,1282169,12,12,0,0,4,4,16,64,"0x0","0x7f7817b19e00",4181379024554817,4181379025150441,4181379025155087,4181379025166176,4646
3044,"input_reduce_fusion_1.kd",2,8,3341,1282169,1282169,64,64,0,0,8,0,16,64,"0x0","0x7f7817b19e40",4181379024562268,4181379025155087,4181379025159694,4181379025171153,4607
3045,"loop_select_fusion_5.kd",2,8,3342,1282169,1282169,48128,256,0,0,12,4,32,64,"0x0","0x7f7817b19e80",4181379024569308,4181379025159694,4181379025164702,4181379025175670,5008
3046,"loop_select_fusion_2.kd",2,8,3343,1282169,1282169,48128,256,0,0,4,4,16,64,"0x0","0x7f7817b19ec0",4181379024577580,4181379025164702,4181379025169509,4181379025180297,4807
3047,"loop_reduce_window_fusion_14.kd",2,8,3344,1282169,1282169,48128,256,0,0,8,0,16,64,"0x0","0x7f7817b19d80",4181379024584090,4181379025169509,4181379025174436,4181379025184713,4927
3048,"loop_reduce_window_fusion_13.kd",2,8,3345,1282169,1282169,3072,256,0,0,8,0,16,64,"0x0","0x7f7817b19dc0",4181379024591501,4181379025174436,4181379025179524,4181379025189120,5088
3049,"loop_reduce_window_fusion_15.kd",2,8,3346,1282169,1282169,192,192,0,0,8,0,16,64,"0x0","0x7f7817b19cc0",4181379024599383,4181379025179524,4181379025184171,4181379025193697,4647
3050,"input_concatenate_fusion.kd",2,8,3347,1282169,1282169,48128,256,0,0,12,4,32,64,"0x0","0x7f7817b19f00",4181379024607285,4181379025184171,4181379025189138,4181379025198253,4967
3051,"input_compare_reduce_fusion.kd",2,8,3348,1282169,1282169,13312,256,0,0,12,4,16,64,"0x0","0x7f7817b19f40",4181379024614365,4181379025189138,4181379025194025,4181379025204493,4887
3052,"loop_slice_fusion.kd",2,8,3349,1282169,1282169,3328,256,0,0,16,0,16,64,"0x0","0x7f7817b19f80",4181379024622758,4181379025194025,4181379025198873,4181379025209060,4848
3053,"loop_reduce_window_fusion_4.kd",2,8,3350,1282169,1282169,3328,256,0,0,8,0,16,64,"0x0","0x7f7817b19fc0",4181379024629578,4181379025198873,4181379025203800,4181379025213566,4927
3054,"loop_reduce_window_fusion_3.kd",2,8,3351,1282169,1282169,208,208,0,0,8,0,16,64,"0x0","0x7f7817b1a000",4181379024637199,4181379025203800,4181379025208567,4181379025218213,4767
3055,"loop_broadcast_fusion.kd",2,8,3352,1282169,1282169,52224,256,0,0,4,4,16,64,"0x0","0x7f7817b1a040",4181379024644480,4181379025208567,4181379025213655,4181379025222840,5088
3056,"input_scatter_fusion.kd",2,8,3353,1282169,1282169,52224,256,0,0,12,4,32,64,"0x0","0x7f7817b1a080",4181379024652442,4181379025213655,4181379025222628,4181379025227207,8973
3057,"loop_reduce_window_fusion_2.kd",2,8,3354,1282169,1282169,52224,256,0,0,8,0,16,64,"0x0","0x7f7817b1a0c0",4181379024659963,4181379025222628,4181379025227675,4181379025231603,5047
3058,"loop_reduce_window_fusion_1.kd",2,8,3355,1282169,1282169,3328,256,0,0,8,0,16,64,"0x0","0x7f7817b1a100",4181379024666793,4181379025227675,4181379025232843,4181379025236220,5168
3059,"loop_reduce_window_fusion_3.kd",2,8,3356,1282169,1282169,208,208,0,0,8,0,16,64,"0x0","0x7f7817b1a000",4181379024673904,4181379025232843,4181379025237570,4181379025240486,4727
3060,"loop_slice_fusion_5.kd",2,8,3357,1282169,1282169,13,13,0,0,4,4,16,64,"0x0","0x7f7817b1a140",4181379024680764,4181379025237570,4181379025242297,4181379025248238,4727
3061,"input_reduce_fusion_2.kd",2,8,3358,1282169,1282169,64,64,0,0,8,0,16,64,"0x0","0x7f7817b1a180",4181379024688315,4181379025242297,4181379025247184,4181379025257031,4887
3062,"loop_select_fusion_4.kd",2,8,3359,1282169,1282169,52224,256,0,0,8,0,32,64,"0x0","0x7f7817b1a1c0",4181379024696517,4181379025247184,4181379025252232,4181379025252734,5048
3063,"loop_select_fusion.kd",2,8,3360,1282169,1282169,52224,256,0,0,8,0,16,64,"0x0","0x7f7817b1a200",4181379024703868,4181379025252232,4181379025257199,4181379025265353,4967
3064,"loop_compare_fusion_1.kd",2,8,3361,1282169,1282169,4096,256,0,0,4,4,16,64,"0x0","0x7f7817b1a240",4181379024711610,4181379025257199,4181379025262047,4181379025270090,4848
3065,"input_reduce_reduce_window_fusion_1.kd",2,8,3362,1282169,1282169,256,256,512,0,20,4,32,64,"0x0","0x7f7817b1a280",4181379024718921,4181379025262047,4181379025277109,4181379025276981,15062
3066,"loop_slice_fusion_3.kd",2,8,3363,1282169,1282169,16,16,0,0,20,4,16,64,"0x0","0x7f7817b1a2c0",4181379024742386,4181379025277109,4181379025281876,4181379025283911,4767
3067,"loop_broadcast_fusion_3.kd",2,8,3364,1282169,1282169,4096,256,0,0,4,4,16,64,"0x0","0x7f7817b1a300",4181379024750678,4181379025281876,4181379025286883,4181379025288528,5007
3068,"input_scatter_fusion_3.kd",2,8,3365,1282169,1282169,4096,256,0,0,8,0,32,64,"0x0","0x7f7817b1a340",4181379024757558,4181379025286883,4181379025292932,4181379025293145,6049
3069,"loop_reduce_window_fusion_18.kd",2,8,3366,1282169,1282169,4096,256,0,0,8,0,16,64,"0x0","0x7f7817b1a380",4181379024765250,4181379025292932,4181379025297700,4181379025299925,4768
3070,"loop_slice_fusion_3.kd",2,8,3367,1282169,1282169,16,16,0,0,20,4,16,64,"0x0","0x7f7817b1a2c0",4181379024772751,4181379025297700,4181379025302467,4181379025304812,4767
3071,"loop_remainder_fusion.kd",2,8,3368,1282169,1282169,4096,256,0,0,12,4,16,64,"0x0","0x7f7817b1a3c0",4181379024779621,4181379025302467,4181379025308155,4181379025308918,5688
3072,"loop_select_fusion_3.kd",2,8,3369,1282169,1282169,4096,256,0,0,8,0,32,64,"0x0","0x7f7817b1a400",4181379024787412,4181379025308155,4181379025312962,4181379025315938,4807
3073,"loop_reduce_window_fusion_18.kd",2,8,3370,1282169,1282169,4096,256,0,0,8,0,16,64,"0x0","0x7f7817b1a380",4181379024794954,4181379025312962,4181379025317809,4181379025320415,4847
3074,"loop_slice_fusion_3.kd",2,8,3371,1282169,1282169,16,16,0,0,20,4,16,64,"0x0","0x7f7817b1a2c0",4181379024802575,4181379025317809,4181379025322617,4181379025324982,4808
3075,"input_concatenate_fusion_1.kd",2,8,3372,1282169,1282169,4096,256,0,0,8,0,32,64,"0x0","0x7f7817b1a440",4181379024809205,4181379025322617,4181379025328385,4181379025331802,5768
3076,"loop_compare_fusion.kd",2,8,3373,1282169,1282169,8192,256,0,0,4,4,16,64,"0x0","0x7f7817b1a480",4181379024816195,4181379025328385,4181379025333353,4181379025337901,4968
3077,"input_reduce_reduce_window_fusion.kd",2,8,3374,1282169,1282169,512,512,512,0,20,4,48,64,"0x0","0x7f7817b1a4c0",4181379024823526,4181379025333353,4181379025350498,4181379025355347,17145
3078,"loop_reduce_window_fusion_8.kd",2,8,3375,1282169,1282169,32,32,0,0,32,0,16,64,"0x0","0x7f7817b1a500",4181379024830246,4181379025350498,4181379025360954,4181379025362368,10456
3079,"loop_broadcast_fusion_1.kd",2,8,3376,1282169,1282169,8192,256,0,0,4,4,16,64,"0x0","0x7f7817b1a540",4181379024837327,4181379025360954,4181379025366161,4181379025366774,5207
3080,"input_scatter_fusion_1.kd",2,8,3377,1282169,1282169,8192,256,0,0,8,0,32,64,"0x0","0x7f7817b1a580",4181379024845038,4181379025366161,4181379025371329,4181379025371441,5168
3081,"loop_reduce_window_fusion_7.kd",2,8,3378,1282169,1282169,8192,256,0,0,8,0,16,64,"0x0","0x7f7817b1a5c0",4181379024851778,4181379025371329,4181379025376457,4181379025378211,5128
3082,"loop_reduce_window_fusion_6.kd",2,8,3379,1282169,1282169,512,256,0,0,8,0,16,64,"0x0","0x7f7817b1a600",4181379024859349,4181379025376457,4181379025381544,4181379025382998,5087
3083,"loop_reduce_window_fusion_5.kd",2,8,3380,1282169,1282169,32,32,0,0,8,0,16,64,"0x0","0x7f7817b1a640",4181379024866430,4181379025381544,4181379025386311,4181379025386934,4767
3084,"loop_select_fusion_6.kd",2,8,3381,1282169,1282169,8192,256,0,0,8,0,32,64,"0x0","0x7f7817b1a680",4181379024874472,4181379025386311,4181379025391439,4181379025393233,5128
3085,"loop_select_fusion_1.kd",2,8,3382,1282169,1282169,8192,256,0,0,8,0,16,64,"0x0","0x7f7817b1a6c0",4181379024882374,4181379025391439,4181379025396326,4181379025397580,4887
3086,"loop_broadcast_fusion_4.kd",2,8,3383,1282169,1282169,16,16,0,0,4,4,16,64,"0x0","0x7f7817b1a700",4181379024890075,4181379025396326,4181379025401414,4181379025402287,5088
3087,"__amd_rocclr_fillBufferAligned.kd",2,8,3384,1282169,1282169,77824,256,0,0,12,4,48,64,"0x0","0x7f781d393580",4181379024901783,4181379025401414,4181379025414954,4181379025417570,13540
3088,"__amd_rocclr_fillBufferAligned.kd",2,8,3385,1282169,1282169,16128,256,0,0,12,4,48,64,"0x0","0x7f781d393580",4181379024908993,4181379025414954,4181379025419961,4181379025423709,5007
3089,"transformer_engine::fused_attn_rocm::populate_rng_state_kernel(long*, long const*, long) [clone .kd]",2,8,3386,1282169,1282169,1,1,0,0,8,0,16,64,"0x0","0x7f781c015380",4181379024917937,4181379025419961,4181379025424889,4181379025428356,4928
3090,"__amd_rocclr_fillBufferAligned.kd",2,8,3387,1282169,1282169,256,256,0,0,12,4,48,64,"0x0","0x7f781d393580",4181379024929153,4181379025424889,4181379025429616,4181379025434565,4727
3091,"ck_fused_attn::get_runtime_max_seqlen_kernel(unsigned long, int const*, int const*, unsigned long*) [clone .kd]",2,8,3388,1282169,1282169,4096,128,0,0,4,4,32,64,"0x0","0x7f781c004940",4181379024936244,4181379025429616,4181379025435424,4181379025439322,5808
3092,"__amd_rocclr_copyBuffer.kd",2,8,3389,1282169,1282169,512,512,0,0,16,0,32,64,"0x7fb89bc76d80","0x7f781d393600",4181379024944386,4181379025435424,4181379025440913,4181379025445371,5489
3093,"__amd_rocclr_fillBufferAligned.kd",2,8,3391,1282169,1282169,256,256,0,0,12,4,48,64,"0x0","0x7f781d393580",4181379025486522,4181379025499600,4181379025501443,4181379025529867,1843
3094,"ck_fused_attn::get_runtime_max_seqlen_kernel(unsigned long, int const*, int const*, unsigned long*) [clone .kd]",2,8,3392,1282169,1282169,4096,128,0,0,4,4,32,64,"0x0","0x7f781c004940",4181379025499792,4181379025507772,4181379025517066,4181379025540392,9294
3095,"__amd_rocclr_copyBuffer.kd",2,8,3393,1282169,1282169,512,512,0,0,16,0,32,64,"0x7fb89bc76f00","0x7f781d393600",4181379025506842,4181379025517066,4181379025522394,4181379025535465,5328
3096,"void transformer_engine::fused_attn_rocm::compute_scores_kernel<__half, transformer_engine::fused_attn_rocm::SmallSeqConfig<12, 128, 256, false, (transformer_engine::fused_attn_rocm::CausalMaskType)0>, 1>(__half const*, __half const*, __half*, float, int const*, int const*, int, int) [clone .kd]",2,8,3395,1282169,1282169,64000,64,0,0,120,0,32,64,"0x0","0x7f780414ef00",4181379025552240,4181379025562013,4181379025592979,4181379025593361,30966
3097,"void transformer_engine::fused_attn_rocm::apply_mask_and_softmax_kernel<__half, transformer_engine::fused_attn_rocm::SmallSeqConfig<12, 128, 256, false, (transformer_engine::fused_attn_rocm::CausalMaskType)0> >(__half*, __half const*, float, int const*, int, int) [clone .kd]",2,8,3396,1282169,1282169,780288,256,1024,0,16,0,16,64,"0x0","0x7f780414ef40",4181379025560342,4181379025592979,4181379025598667,4181379025600021,5688
3098,"void transformer_engine::fused_attn_rocm::compute_output_kernel<__half, transformer_engine::fused_attn_rocm::SmallSeqConfig<12, 128, 256, false, (transformer_engine::fused_attn_rocm::CausalMaskType)0>, 2, 8>(__half const*, __half const*, __half*, int const*, int const*, int, int) [clone .kd]",2,8,3397,1282169,1282169,512000,64,24576,0,24,0,32,64,"0x0","0x7f780414ef80",4181379025567613,4181379025598667,4181379025696773,4181379025696635,98106
3099,"loop_broadcast_fusion_5.kd",2,8,3398,1282169,1282169,2048000,256,0,0,4,4,16,64,"0x0","0x7f7817b1a740",4181379025586861,4181379025696773,4181379025704945,4181379025714401,8172
3100,"__amd_rocclr_fillBufferAligned.kd",2,8,3399,1282169,1282169,77824,256,0,0,12,4,48,64,"0x0","0x7f781d393580",4181379025602004,4181379025704945,4181379025711795,4181379025719038,6850
3101,"__amd_rocclr_fillBufferAligned.kd",2,8,3400,1282169,1282169,77824,256,0,0,12,4,48,64,"0x0","0x7f781d393580",4181379025617196,4181379025711795,4181379025744083,4181379025752077,32288
3102,"__amd_rocclr_fillBufferAligned.kd",2,8,3401,1282169,1282169,77824,256,0,0,12,4,48,64,"0x0","0x7f781d393580",4181379025624277,4181379025744083,4181379025776692,4181379025789062,32609
3103,"__amd_rocclr_fillBufferAligned.kd",2,8,3402,1282169,1282169,256,256,0,0,12,4,48,64,"0x0","0x7f781d393580",4181379025632479,4181379025776692,4181379025781339,4181379025783894,4647
3104,"ck_fused_attn::get_runtime_max_seqlen_kernel(unsigned long, int const*, int const*, unsigned long*) [clone .kd]",2,8,3403,1282169,1282169,4096,128,0,0,4,4,32,64,"0x0","0x7f781c004940",4181379025639520,4181379025781339,4181379025787548,4181379025795502,6209
3105,"__amd_rocclr_copyBuffer.kd",2,8,3404,1282169,1282169,512,512,0,0,16,0,32,64,"0x7fb89bc71b80","0x7f781d393600",4181379025646961,4181379025787548,4181379025794799,4181379025800098,7251
3106,"__amd_rocclr_fillBufferAligned.kd",2,8,3406,1282169,1282169,256,256,0,0,12,4,48,64,"0x0","0x7f781d393580",4181379025819437,4181379025831053,4181379025833296,4181379025835882,2243
3107,"ck_fused_attn::get_runtime_max_seqlen_kernel(unsigned long, int const*, int const*, unsigned long*) [clone .kd]",2,8,3407,1282169,1282169,4096,128,0,0,4,4,32,64,"0x0","0x7f781c004940",4181379025830684,4181379025839305,4181379025845434,4181379025846147,6129
3108,"__amd_rocclr_copyBuffer.kd",2,8,3408,1282169,1282169,512,512,0,0,16,0,32,64,"0x7fb89bde9b80","0x7f781d393600",4181379025837865,4181379025852204,4181379025858454,4181379025861269,6250
3109,"void transformer_engine::fused_attn_rocm::compute_grad_v_kernel<__half, transformer_engine::fused_attn_rocm::SmallSeqConfig<12, 128, 256, false, (transformer_engine::fused_attn_rocm::CausalMaskType)0>, 16, 16>(__half const*, __half const*, __half*, int const*, int const*, int, int) [clone .kd]",2,8,3410,1282169,1282169,256000,64,24576,0,28,4,32,64,"0x0","0x7f7804150800",4181379025877413,4181379025891703,4181379025976709,4181379025980727,85006
3110,"void transformer_engine::fused_attn_rocm::compute_grad_attn_kernel<__half, transformer_engine::fused_attn_rocm::SmallSeqConfig<12, 128, 256, false, (transformer_engine::fused_attn_rocm::CausalMaskType)0>, 16>(__half const*, __half const*, __half*, int const*, int const*, int, int) [clone .kd]",2,8,3411,1282169,1282169,8000,64,0,0,124,4,48,64,"0x0","0x7f7804150840",4181379025889912,4181379025976709,4181379026277437,4181379026288845,300728
3111,"void transformer_engine::fused_attn_rocm::softmax_backward_kernel<__half, transformer_engine::fused_attn_rocm::SmallSeqConfig<12, 128, 256, false, (transformer_engine::fused_attn_rocm::CausalMaskType)0> >(__half const*, __half const*, __half*, float, int const*, int, int) [clone .kd]",2,8,3412,1282169,1282169,780288,256,1024,0,16,0,16,64,"0x0","0x7f7804150880",4181379025897183,4181379026277437,4181379026283526,4181379026298359,6089
3112,"void transformer_engine::fused_attn_rocm::compute_grad_qk_kernel<__half, transformer_engine::fused_attn_rocm::SmallSeqConfig<12, 128, 256, false, (transformer_engine::fused_attn_rocm::CausalMaskType)0>, 4, 16>(__half const*, __half const*, __half const*, __half*, __half*, float, int const*, int const*, int, int) [clone .kd]",2,8,3413,1282169,1282169,1024000,64,24576,0,36,4,64,64,"0x0","0x7f78041508c0",4181379025905375,4181379026283526,4181379026633326,4181379026633338,349800
3113,"input_reduce_fusion.kd",2,8,3414,1282169,1282169,524288,256,512,0,16,0,16,64,"0x0","0x7f7817b1a780",4181379025914058,4181379026633326,4181379026642620,4181379026643353,9294
3114,"input_reduce_fusion_3.kd",2,8,3415,1282169,1282169,128,128,512,0,24,0,16,64,"0x0","0x7f7817b1a7c0",4181379025921138,4181379026642620,4181379026647307,4181379026648410,4687
3115,"loop_convert_fusion.kd",2,8,3416,1282169,1282169,1,1,0,0,4,4,16,64,"0x0","0x7f7817b1a800",4181379025927869,4181379026647307,4181379026651433,4181379026653197,4126
3116,"input_compare_reduce_fusion_1.kd",2,8,3419,1282169,1282169,8192,256,0,0,12,4,16,64,"0x0","0x7f7817b19c00",4181379026057091,4181379026663371,4181379026669219,4181379026677433,5848
3117,"loop_slice_fusion_1.kd",2,8,3420,1282169,1282169,3072,256,0,0,16,0,16,64,"0x0","0x7f7817b19c40",4181379026067076,4181379026669219,4181379026675869,4181379026682220,6650
3118,"loop_reduce_window_fusion_16.kd",2,8,3421,1282169,1282169,3072,256,0,0,8,0,16,64,"0x0","0x7f7817b19c80",4181379026074326,4181379026675869,4181379026682439,4181379026689521,6570
3119,"loop_reduce_window_fusion_15.kd",2,8,3422,1282169,1282169,192,192,0,0,8,0,16,64,"0x0","0x7f7817b19cc0",4181379026080856,4181379026682439,4181379026687647,4181379026694038,5208
3120,"loop_broadcast_fusion_2.kd",2,8,3423,1282169,1282169,48128,256,0,0,4,4,16,64,"0x0","0x7f7817b19d00",4181379026087997,4181379026687647,4181379026693415,4181379026698765,5768
3121,"input_scatter_fusion_2.kd",2,8,3424,1282169,1282169,48128,256,0,0,12,4,32,64,"0x0","0x7f7817b19d40",4181379026095698,4181379026693415,4181379026702789,4181379026703352,9374
3122,"loop_reduce_window_fusion_14.kd",2,8,3425,1282169,1282169,48128,256,0,0,8,0,16,64,"0x0","0x7f7817b19d80",4181379026102969,4181379026702789,4181379026708838,4181379026716291,6049
3123,"loop_reduce_window_fusion_13.kd",2,8,3426,1282169,1282169,3072,256,0,0,8,0,16,64,"0x0","0x7f7817b19dc0",4181379026110590,4181379026708838,4181379026714887,4181379026720958,6049
3124,"loop_reduce_window_fusion_15.kd",2,8,3427,1282169,1282169,192,192,0,0,8,0,16,64,"0x0","0x7f7817b19cc0",4181379026117821,4181379026714887,4181379026720896,4181379026725595,6009
3125,"loop_slice_fusion_6.kd",2,8,3428,1282169,1282169,12,12,0,0,4,4,16,64,"0x0","0x7f7817b19e00",4181379026125002,4181379026720896,4181379026726464,4181379026730102,5568
3126,"input_reduce_fusion_1.kd",2,8,3429,1282169,1282169,64,64,0,0,8,0,16,64,"0x0","0x7f7817b19e40",4181379026132683,4181379026726464,4181379026731151,4181379026734768,4687
3127,"loop_select_fusion_5.kd",2,8,3430,1282169,1282169,48128,256,0,0,12,4,32,64,"0x0","0x7f7817b19e80",4181379026139964,4181379026731151,4181379026736159,4181379026739285,5008
3128,"loop_select_fusion_2.kd",2,8,3431,1282169,1282169,48128,256,0,0,4,4,16,64,"0x0","0x7f7817b19ec0",4181379026147195,4181379026736159,4181379026741046,4181379026744192,4887
3129,"loop_reduce_window_fusion_14.kd",2,8,3432,1282169,1282169,48128,256,0,0,8,0,16,64,"0x0","0x7f7817b19d80",4181379026154355,4181379026741046,4181379026745933,4181379026748539,4887
3130,"loop_reduce_window_fusion_13.kd",2,8,3433,1282169,1282169,3072,256,0,0,8,0,16,64,"0x0","0x7f7817b19dc0",4181379026161596,4181379026745933,4181379026750981,4181379026752956,5048
3131,"loop_reduce_window_fusion_15.kd",2,8,3434,1282169,1282169,192,192,0,0,8,0,16,64,"0x0","0x7f7817b19cc0",4181379026169608,4181379026750981,4181379026755628,4181379026759665,4647
3132,"input_concatenate_fusion.kd",2,8,3435,1282169,1282169,48128,256,0,0,12,4,32,64,"0x0","0x7f7817b19f00",4181379026176388,4181379026755628,4181379026760475,4181379026764322,4847
3133,"input_compare_reduce_fusion.kd",2,8,3436,1282169,1282169,13312,256,0,0,12,4,16,64,"0x0","0x7f7817b19f40",4181379026184570,4181379026760475,4181379026765402,4181379026768929,4927
3134,"loop_slice_fusion.kd",2,8,3437,1282169,1282169,3328,256,0,0,16,0,16,64,"0x0","0x7f7817b19f80",4181379026191170,4181379026765402,4181379026770330,4181379026773416,4928
3135,"loop_reduce_window_fusion_4.kd",2,8,3438,1282169,1282169,3328,256,0,0,8,0,16,64,"0x0","0x7f7817b19fc0",4181379026199032,4181379026770330,4181379026775257,4181379026778033,4927
3136,"loop_reduce_window_fusion_3.kd",2,8,3439,1282169,1282169,208,208,0,0,8,0,16,64,"0x0","0x7f7817b1a000",4181379026205812,4181379026775257,4181379026780024,4181379026782820,4767
3137,"loop_broadcast_fusion.kd",2,8,3440,1282169,1282169,52224,256,0,0,4,4,16,64,"0x0","0x7f7817b1a040",4181379026213553,4181379026780024,4181379026785152,4181379026787437,5128
3138,"input_scatter_fusion.kd",2,8,3441,1282169,1282169,52224,256,0,0,12,4,32,64,"0x0","0x7f7817b1a080",4181379026220454,4181379026785152,4181379026793925,4181379026796260,8773
3139,"loop_reduce_window_fusion_2.kd",2,8,3442,1282169,1282169,52224,256,0,0,8,0,16,64,"0x0","0x7f7817b1a0c0",4181379026228045,4181379026793925,4181379026798892,4181379026801047,4967
3140,"loop_reduce_window_fusion_1.kd",2,8,3443,1282169,1282169,3328,256,0,0,8,0,16,64,"0x0","0x7f7817b1a100",4181379026234585,4181379026798892,4181379026804060,4181379026805594,5168
3141,"loop_reduce_window_fusion_3.kd",2,8,3444,1282169,1282169,208,208,0,0,8,0,16,64,"0x0","0x7f7817b1a000",4181379026241725,4181379026804060,4181379026808747,4181379026810080,4687
3142,"loop_slice_fusion_5.kd",2,8,3445,1282169,1282169,13,13,0,0,4,4,16,64,"0x0","0x7f7817b1a140",4181379026249266,4181379026808747,4181379026813474,4181379026817421,4727
3143,"input_reduce_fusion_2.kd",2,8,3446,1282169,1282169,64,64,0,0,8,0,16,64,"0x0","0x7f7817b1a180",4181379026256537,4181379026813474,4181379026818161,4181379026834216,4687
3144,"loop_select_fusion_4.kd",2,8,3447,1282169,1282169,52224,256,0,0,8,0,32,64,"0x0","0x7f7817b1a1c0",4181379026265060,4181379026818161,4181379026823208,4181379026825413,5047
3145,"loop_select_fusion.kd",2,8,3448,1282169,1282169,52224,256,0,0,8,0,16,64,"0x0","0x7f7817b1a200",4181379026272291,4181379026823208,4181379026828216,4181379026830281,5008
3146,"loop_compare_fusion_1.kd",2,8,3449,1282169,1282169,4096,256,0,0,4,4,16,64,"0x0","0x7f7817b1a240",4181379026280142,4181379026828216,4181379026833103,4181379026840826,4887
3147,"input_reduce_reduce_window_fusion_1.kd",2,8,3450,1282169,1282169,256,256,512,0,20,4,32,64,"0x0","0x7f7817b1a280",4181379026288094,4181379026833103,4181379026848806,4181379026889108,15703
3148,"loop_slice_fusion_3.kd",2,8,3451,1282169,1282169,16,16,0,0,20,4,16,64,"0x0","0x7f7817b1a2c0",4181379026314133,4181379026848806,4181379026853573,4181379026893535,4767
3149,"loop_broadcast_fusion_3.kd",2,8,3452,1282169,1282169,4096,256,0,0,4,4,16,64,"0x0","0x7f7817b1a300",4181379026322916,4181379026853573,4181379026858661,4181379026860766,5088
3150,"input_scatter_fusion_3.kd",2,8,3453,1282169,1282169,4096,256,0,0,8,0,32,64,"0x0","0x7f7817b1a340",4181379026330537,4181379026858661,4181379026864710,4181379026866034,6049
3151,"loop_reduce_window_fusion_18.kd",2,8,3454,1282169,1282169,4096,256,0,0,8,0,16,64,"0x0","0x7f7817b1a380",4181379026337808,4181379026864710,4181379026869557,4181379026870751,4847
3152,"loop_slice_fusion_3.kd",2,8,3455,1282169,1282169,16,16,0,0,20,4,16,64,"0x0","0x7f7817b1a2c0",4181379026344558,4181379026869557,4181379026874324,4181379026875728,4767
3153,"loop_remainder_fusion.kd",2,8,3456,1282169,1282169,4096,256,0,0,12,4,16,64,"0x0","0x7f7817b1a3c0",4181379026352891,4181379026874324,4181379026880093,4181379026880195,5769
3154,"loop_select_fusion_3.kd",2,8,3457,1282169,1282169,4096,256,0,0,8,0,32,64,"0x0","0x7f7817b1a400",4181379026360502,4181379026880093,4181379026884900,4181379026884621,4807
3155,"loop_reduce_window_fusion_18.kd",2,8,3458,1282169,1282169,4096,256,0,0,8,0,16,64,"0x0","0x7f7817b1a380",4181379026367422,4181379026884900,4181379026889787,4181379026900164,4887
3156,"loop_slice_fusion_3.kd",2,8,3459,1282169,1282169,16,16,0,0,20,4,16,64,"0x0","0x7f7817b1a2c0",4181379026374783,4181379026889787,4181379026894675,4181379026910510,4888
3157,"input_concatenate_fusion_1.kd",2,8,3460,1282169,1282169,4096,256,0,0,8,0,32,64,"0x0","0x7f7817b1a440",4181379026381904,4181379026894675,4181379026900403,4181379026914776,5728
3158,"loop_compare_fusion.kd",2,8,3461,1282169,1282169,8192,256,0,0,4,4,16,64,"0x0","0x7f7817b1a480",4181379026389295,4181379026900403,4181379026905370,4181379026906223,4967
3159,"input_reduce_reduce_window_fusion.kd",2,8,3462,1282169,1282169,512,512,512,0,20,4,48,64,"0x0","0x7f7817b1a4c0",4181379026396505,4181379026905370,4181379026922476,4181379026932342,17106
3160,"loop_reduce_window_fusion_8.kd",2,8,3463,1282169,1282169,32,32,0,0,32,0,16,64,"0x0","0x7f7817b1a500",4181379026403646,4181379026922476,4181379026932291,4181379026936919,9815
3161,"loop_broadcast_fusion_1.kd",2,8,3464,1282169,1282169,8192,256,0,0,4,4,16,64,"0x0","0x7f7817b1a540",4181379026411458,4181379026932291,4181379026937658,4181379026941466,5367
3162,"input_scatter_fusion_1.kd",2,8,3465,1282169,1282169,8192,256,0,0,8,0,32,64,"0x0","0x7f7817b1a580",4181379026418999,4181379026937658,4181379026942946,4181379026948206,5288
3163,"loop_reduce_window_fusion_7.kd",2,8,3466,1282169,1282169,8192,256,0,0,8,0,16,64,"0x0","0x7f7817b1a5c0",4181379026425599,4181379026942946,4181379026948074,4181379026961556,5128
3164,"loop_reduce_window_fusion_6.kd",2,8,3467,1282169,1282169,512,256,0,0,8,0,16,64,"0x0","0x7f7817b1a600",4181379026433310,4181379026948074,4181379026953121,4181379026952963,5047
3165,"loop_reduce_window_fusion_5.kd",2,8,3468,1282169,1282169,32,32,0,0,8,0,16,64,"0x0","0x7f7817b1a640",4181379026440861,4181379026953121,4181379026957889,4181379026957570,4768
3166,"loop_select_fusion_6.kd",2,8,3469,1282169,1282169,8192,256,0,0,8,0,32,64,"0x0","0x7f7817b1a680",4181379026448443,4181379026957889,4181379026963016,4181379026968146,5127
3167,"loop_select_fusion_1.kd",2,8,3470,1282169,1282169,8192,256,0,0,8,0,16,64,"0x0","0x7f7817b1a6c0",4181379026456685,4181379026963016,4181379026967944,4181379026972472,4928
3168,"loop_broadcast_fusion_4.kd",2,8,3471,1282169,1282169,16,16,0,0,4,4,16,64,"0x0","0x7f7817b1a700",4181379026464326,4181379026967944,4181379026972991,4181379026977079,5047
3169,"__amd_rocclr_fillBufferAligned.kd",2,8,3472,1282169,1282169,77824,256,0,0,12,4,48,64,"0x0","0x7f781d393580",4181379026476524,4181379026972991,4181379026986972,4181379026994314,13981
3170,"__amd_rocclr_fillBufferAligned.kd",2,8,3473,1282169,1282169,16128,256,0,0,12,4,48,64,"0x0","0x7f781d393580",4181379026483074,4181379026986972,4181379026991979,4181379026999452,5007
3171,"transformer_engine::fused_attn_rocm::populate_rng_state_kernel(long*, long const*, long) [clone .kd]",2,8,3474,1282169,1282169,1,1,0,0,8,0,16,64,"0x0","0x7f781c015380",4181379026491487,4181379026991979,4181379026996826,4181379027004069,4847
3172,"__amd_rocclr_fillBufferAligned.kd",2,8,3475,1282169,1282169,256,256,0,0,12,4,48,64,"0x0","0x7f781d393580",4181379026501792,4181379026996826,4181379027001554,4181379027010258,4728
3173,"ck_fused_attn::get_runtime_max_seqlen_kernel(unsigned long, int const*, int const*, unsigned long*) [clone .kd]",2,8,3476,1282169,1282169,4096,128,0,0,4,4,32,64,"0x0","0x7f781c004940",4181379026508602,4181379027001554,4181379027007442,4181379027020443,5888
3174,"__amd_rocclr_copyBuffer.kd",2,8,3477,1282169,1282169,512,512,0,0,16,0,32,64,"0x7fb89bc76880","0x7f781d393600",4181379026516894,4181379027007442,4181379027013251,4181379027014945,5809
3175,"__amd_rocclr_fillBufferAligned.kd",2,8,3479,1282169,1282169,256,256,0,0,12,4,48,64,"0x0","0x7f781d393580",4181379027056227,4181379027073781,4181379027075784,4181379027098910,2003
3176,"ck_fused_attn::get_runtime_max_seqlen_kernel(unsigned long, int const*, int const*, unsigned long*) [clone .kd]",2,8,3480,1282169,1282169,4096,128,0,0,4,4,32,64,"0x0","0x7f781c004940",4181379027074213,4181379027082474,4181379027092088,4181379027108775,9614
3177,"__amd_rocclr_copyBuffer.kd",2,8,3481,1282169,1282169,512,512,0,0,16,0,32,64,"0x7fb89bc73500","0x7f781d393600",4181379027081694,4181379027092088,4181379027097496,4181379027103958,5408
3178,"void transformer_engine::fused_attn_rocm::compute_scores_kernel<__half, transformer_engine::fused_attn_rocm::SmallSeqConfig<12, 128, 256, false, (transformer_engine::fused_attn_rocm::CausalMaskType)0>, 1>(__half const*, __half const*, __half*, float, int const*, int const*, int, int) [clone .kd]",2,8,3483,1282169,1282169,64000,64,0,0,120,0,32,64,"0x0","0x7f780414ef00",4181379027120592,4181379027130706,4181379027161071,4181379027170537,30365
3179,"void transformer_engine::fused_attn_rocm::apply_mask_and_softmax_kernel<__half, transformer_engine::fused_attn_rocm::SmallSeqConfig<12, 128, 256, false, (transformer_engine::fused_attn_rocm::CausalMaskType)0> >(__half*, __half const*, float, int const*, int, int) [clone .kd]",2,8,3484,1282169,1282169,780288,256,1024,0,16,0,16,64,"0x0","0x7f780414ef40",4181379027128865,4181379027161071,4181379027166599,4181379027181573,5528
3180,"void transformer_engine::fused_attn_rocm::compute_output_kernel<__half, transformer_engine::fused_attn_rocm::SmallSeqConfig<12, 128, 256, false, (transformer_engine::fused_attn_rocm::CausalMaskType)0>, 2, 8>(__half const*, __half const*, __half*, int const*, int const*, int, int) [clone .kd]",2,8,3485,1282169,1282169,512000,64,24576,0,24,0,32,64,"0x0","0x7f780414ef80",4181379027136256,4181379027166599,4181379027265746,4181379027266359,99147
3181,"loop_broadcast_fusion_5.kd",2,8,3486,1282169,1282169,2048000,256,0,0,4,4,16,64,"0x0","0x7f7817b1a740",4181379027145199,4181379027265746,4181379027273959,4181379027275823,8213
3182,"__amd_rocclr_fillBufferAligned.kd",2,8,3487,1282169,1282169,77824,256,0,0,12,4,48,64,"0x0","0x7f781d393580",4181379027161723,4181379027273959,4181379027280849,4181379027282834,6890
3183,"__amd_rocclr_fillBufferAligned.kd",2,8,3488,1282169,1282169,77824,256,0,0,12,4,48,64,"0x0","0x7f781d393580",4181379027169074,4181379027280849,4181379027312977,4181379027315302,32128
3184,"__amd_rocclr_fillBufferAligned.kd",2,8,3489,1282169,1282169,77824,256,0,0,12,4,48,64,"0x0","0x7f781d393580",4181379027195644,4181379027312977,4181379027347468,4181379027347279,34491
3185,"__amd_rocclr_fillBufferAligned.kd",2,8,3490,1282169,1282169,256,256,0,0,12,4,48,64,"0x0","0x7f781d393580",4181379027213911,4181379027347468,4181379027352195,4181379027354059,4727
3186,"ck_fused_attn::get_runtime_max_seqlen_kernel(unsigned long, int const*, int const*, unsigned long*) [clone .kd]",2,8,3491,1282169,1282169,4096,128,0,0,4,4,32,64,"0x0","0x7f781c004940",4181379027221222,4181379027352195,4181379027358404,4181379027360950,6209
3187,"__amd_rocclr_copyBuffer.kd",2,8,3492,1282169,1282169,512,512,0,0,16,0,32,64,"0x7fb89bde9480","0x7f781d393600",4181379027228593,4181379027358404,4181379027364133,4181379027365757,5729
3188,"__amd_rocclr_fillBufferAligned.kd",2,8,3494,1282169,1282169,256,256,0,0,12,4,48,64,"0x0","0x7f781d393580",4181379027380779,4181379027391614,4181379027393737,4181379027402972,2123
3189,"ck_fused_attn::get_runtime_max_seqlen_kernel(unsigned long, int const*, int const*, unsigned long*) [clone .kd]",2,8,3495,1282169,1282169,4096,128,0,0,4,4,32,64,"0x0","0x7f781c004940",4181379027390984,4181379027400146,4181379027409841,4181379027411104,9695
3190,"__amd_rocclr_copyBuffer.kd",2,8,3496,1282169,1282169,512,512,0,0,16,0,32,64,"0x7fb89bc76680","0x7f781d393600",4181379027398305,4181379027409841,4181379027415209,4181379027417424,5368
3191,"void transformer_engine::fused_attn_rocm::compute_grad_v_kernel<__half, transformer_engine::fused_attn_rocm::SmallSeqConfig<12, 128, 256, false, (transformer_engine::fused_attn_rocm::CausalMaskType)0>, 16, 16>(__half const*, __half const*, __half*, int const*, int const*, int, int) [clone .kd]",2,8,3498,1282169,1282169,256000,64,24576,0,28,4,32,64,"0x0","0x7f7804150800",4181379027432817,4181379027447176,4181379027534346,4181379027538614,87170
3192,"void transformer_engine::fused_attn_rocm::compute_grad_attn_kernel<__half, transformer_engine::fused_attn_rocm::SmallSeqConfig<12, 128, 256, false, (transformer_engine::fused_attn_rocm::CausalMaskType)0>, 16>(__half const*, __half const*, __half*, int const*, int const*, int, int) [clone .kd]",2,8,3499,1282169,1282169,8000,64,0,0,124,4,48,64,"0x0","0x7f7804150840",4181379027445375,4181379027534346,4181379027836916,4181379027847734,302570
3193,"void transformer_engine::fused_attn_rocm::softmax_backward_kernel<__half, transformer_engine::fused_attn_rocm::SmallSeqConfig<12, 128, 256, false, (transformer_engine::fused_attn_rocm::CausalMaskType)0> >(__half const*, __half const*, __half*, float, int const*, int, int) [clone .kd]",2,8,3500,1282169,1282169,780288,256,1024,0,16,0,16,64,"0x0","0x7f7804150880",4181379027455260,4181379027836916,4181379027843045,4181379027856096,6129
3194,"void transformer_engine::fused_attn_rocm::compute_grad_qk_kernel<__half, transformer_engine::fused_attn_rocm::SmallSeqConfig<12, 128, 256, false, (transformer_engine::fused_attn_rocm::CausalMaskType)0>, 4, 16>(__half const*, __half const*, __half const*, __half*, __half*, float, int const*, int const*, int, int) [clone .kd]",2,8,3501,1282169,1282169,1024000,64,24576,0,36,4,64,64,"0x0","0x7f78041508c0",4181379027463442,4181379027843045,4181379028176701,4181379028182962,333656
3195,"input_reduce_fusion.kd",2,8,3502,1282169,1282169,524288,256,512,0,16,0,16,64,"0x0","0x7f7817b1a780",4181379027472966,4181379028176701,4181379028186115,4181379028189742,9414
3196,"input_reduce_fusion_3.kd",2,8,3503,1282169,1282169,128,128,512,0,24,0,16,64,"0x0","0x7f7817b1a7c0",4181379027480247,4181379028186115,4181379028190762,4181379028194409,4647
3197,"loop_convert_fusion.kd",2,8,3504,1282169,1282169,1,1,0,0,4,4,16,64,"0x0","0x7f7817b1a800",4181379027487238,4181379028190762,4181379028195169,4181379028198796,4407
3198,"input_compare_reduce_fusion_1.kd",2,8,3507,1282169,1282169,8192,256,0,0,12,4,16,64,"0x0","0x7f7817b19c00",4181379027617732,4181379028206105,4181379028212635,4181379028236001,6530
3199,"loop_slice_fusion_1.kd",2,8,3508,1282169,1282169,3072,256,0,0,16,0,16,64,"0x0","0x7f7817b19c40",4181379027627336,4181379028212635,4181379028217522,4181379028243773,4887
3200,"loop_reduce_window_fusion_16.kd",2,8,3509,1282169,1282169,3072,256,0,0,8,0,16,64,"0x0","0x7f7817b19c80",4181379027634657,4181379028217522,4181379028225334,4181379028248610,7812
3201,"loop_reduce_window_fusion_15.kd",2,8,3510,1282169,1282169,192,192,0,0,8,0,16,64,"0x0","0x7f7817b19cc0",4181379027642318,4181379028225334,4181379028232264,4181379028253307,6930
3202,"loop_broadcast_fusion_2.kd",2,8,3511,1282169,1282169,48128,256,0,0,4,4,16,64,"0x0","0x7f7817b19d00",4181379027649068,4181379028232264,4181379028238553,4181379028258054,6289
3203,"input_scatter_fusion_2.kd",2,8,3512,1282169,1282169,48128,256,0,0,12,4,32,64,"0x0","0x7f7817b19d40",4181379027657290,4181379028238553,4181379028247647,4181379028262691,9094
3204,"loop_reduce_window_fusion_14.kd",2,8,3513,1282169,1282169,48128,256,0,0,8,0,16,64,"0x0","0x7f7817b19d80",4181379027665763,4181379028247647,4181379028252534,4181379028267187,4887
3205,"loop_reduce_window_fusion_13.kd",2,8,3514,1282169,1282169,3072,256,0,0,8,0,16,64,"0x0","0x7f7817b19dc0",4181379027673274,4181379028252534,4181379028257622,4181379028271754,5088
3206,"loop_reduce_window_fusion_15.kd",2,8,3515,1282169,1282169,192,192,0,0,8,0,16,64,"0x0","0x7f7817b19cc0",4181379027680855,4181379028257622,4181379028262268,4181379028276922,4646
3207,"loop_slice_fusion_6.kd",2,8,3516,1282169,1282169,12,12,0,0,4,4,16,64,"0x0","0x7f7817b19e00",4181379027687365,4181379028262268,4181379028266915,4181379028281429,4647
3208,"input_reduce_fusion_1.kd",2,8,3517,1282169,1282169,64,64,0,0,8,0,16,64,"0x0","0x7f7817b19e40",4181379027694436,4181379028266915,4181379028271522,4181379028285925,4607
3209,"loop_select_fusion_5.kd",2,8,3518,1282169,1282169,48128,256,0,0,12,4,32,64,"0x0","0x7f7817b19e80",4181379027701176,4181379028271522,4181379028276490,4181379028290502,4968
3210,"loop_select_fusion_2.kd",2,8,3519,1282169,1282169,48128,256,0,0,4,4,16,64,"0x0","0x7f7817b19ec0",4181379027708577,4181379028276490,4181379028281377,4181379028294979,4887
3211,"loop_reduce_window_fusion_14.kd",2,8,3520,1282169,1282169,48128,256,0,0,8,0,16,64,"0x0","0x7f7817b19d80",4181379027715146,4181379028281377,4181379028286264,4181379028301318,4887
3212,"loop_reduce_window_fusion_13.kd",2,8,3521,1282169,1282169,3072,256,0,0,8,0,16,64,"0x0","0x7f7817b19dc0",4181379027722978,4181379028286264,4181379028291272,4181379028305805,5008
3213,"loop_reduce_window_fusion_15.kd",2,8,3522,1282169,1282169,192,192,0,0,8,0,16,64,"0x0","0x7f7817b19cc0",4181379027730609,4181379028291272,4181379028295999,4181379028310322,4727
3214,"input_concatenate_fusion.kd",2,8,3523,1282169,1282169,48128,256,0,0,12,4,32,64,"0x0","0x7f7817b19f00",4181379027738221,4181379028295999,4181379028300926,4181379028315029,4927
3215,"input_compare_reduce_fusion.kd",2,8,3524,1282169,1282169,13312,256,0,0,12,4,16,64,"0x0","0x7f7817b19f40",4181379027745542,4181379028300926,4181379028305853,4181379028319615,4927
3216,"loop_slice_fusion.kd",2,8,3525,1282169,1282169,3328,256,0,0,16,0,16,64,"0x0","0x7f7817b19f80",4181379027752712,4181379028305853,4181379028310660,4181379028324302,4807
3217,"loop_reduce_window_fusion_4.kd",2,8,3526,1282169,1282169,3328,256,0,0,8,0,16,64,"0x0","0x7f7817b19fc0",4181379027760284,4181379028310660,4181379028315628,4181379028328899,4968
3218,"loop_reduce_window_fusion_3.kd",2,8,3527,1282169,1282169,208,208,0,0,8,0,16,64,"0x0","0x7f7817b1a000",4181379027766893,4181379028315628,4181379028320395,4181379028333506,4767
3219,"loop_broadcast_fusion.kd",2,8,3528,1282169,1282169,52224,256,0,0,4,4,16,64,"0x0","0x7f7817b1a040",4181379027774465,4181379028320395,4181379028325523,4181379028338113,5128
3220,"input_scatter_fusion.kd",2,8,3529,1282169,1282169,52224,256,0,0,12,4,32,64,"0x0","0x7f7817b1a080",4181379027782046,4181379028325523,4181379028334616,4181379028342680,9093
3221,"loop_reduce_window_fusion_2.kd",2,8,3530,1282169,1282169,52224,256,0,0,8,0,16,64,"0x0","0x7f7817b1a0c0",4181379027790228,4181379028334616,4181379028339583,4181379028347567,4967
3222,"loop_reduce_window_fusion_1.kd",2,8,3531,1282169,1282169,3328,256,0,0,8,0,16,64,"0x0","0x7f7817b1a100",4181379027796537,4181379028339583,4181379028344751,4181379028351853,5168
3223,"loop_reduce_window_fusion_3.kd",2,8,3532,1282169,1282169,208,208,0,0,8,0,16,64,"0x0","0x7f7817b1a000",4181379027804339,4181379028344751,4181379028349438,4181379028362629,4687
3224,"loop_slice_fusion_5.kd",2,8,3533,1282169,1282169,13,13,0,0,4,4,16,64,"0x0","0x7f7817b1a140",4181379027811339,4181379028349438,4181379028354165,4181379028356100,4727
3225,"input_reduce_fusion_2.kd",2,8,3534,1282169,1282169,64,64,0,0,8,0,16,64,"0x0","0x7f7817b1a180",4181379027818150,4181379028354165,4181379028358892,4181379028384963,4727
3226,"loop_select_fusion_4.kd",2,8,3535,1282169,1282169,52224,256,0,0,8,0,32,64,"0x0","0x7f7817b1a1c0",4181379027826762,4181379028358892,4181379028363940,4181379028380546,5048
3227,"loop_select_fusion.kd",2,8,3536,1282169,1282169,52224,256,0,0,8,0,16,64,"0x0","0x7f7817b1a200",4181379027834153,4181379028363940,4181379028368947,4181379028370611,5007
3228,"loop_compare_fusion_1.kd",2,8,3537,1282169,1282169,4096,256,0,0,4,4,16,64,"0x0","0x7f7817b1a240",4181379027841564,4181379028368947,4181379028373794,4181379028375919,4847
3229,"input_reduce_reduce_window_fusion_1.kd",2,8,3538,1282169,1282169,256,256,512,0,20,4,32,64,"0x0","0x7f7817b1a280",4181379027848715,4181379028373794,4181379028390419,4181379028391432,16625
3230,"loop_slice_fusion_3.kd",2,8,3539,1282169,1282169,16,16,0,0,20,4,16,64,"0x0","0x7f7817b1a2c0",4181379027871980,4181379028390419,4181379028395186,4181379028396289,4767
3231,"loop_broadcast_fusion_3.kd",2,8,3540,1282169,1282169,4096,256,0,0,4,4,16,64,"0x0","0x7f7817b1a300",4181379027881233,4181379028395186,4181379028400154,4181379028400626,4968
3232,"input_scatter_fusion_3.kd",2,8,3541,1282169,1282169,4096,256,0,0,8,0,32,64,"0x0","0x7f7817b1a340",4181379027888845,4181379028400154,4181379028406243,4181379028407276,6089
3233,"loop_reduce_window_fusion_18.kd",2,8,3542,1282169,1282169,4096,256,0,0,8,0,16,64,"0x0","0x7f7817b1a380",4181379027896686,4181379028406243,4181379028411010,4181379028411572,4767
3234,"loop_slice_fusion_3.kd",2,8,3543,1282169,1282169,16,16,0,0,20,4,16,64,"0x0","0x7f7817b1a2c0",4181379027903737,4181379028411010,4181379028415697,4181379028415808,4687
3235,"loop_remainder_fusion.kd",2,8,3544,1282169,1282169,4096,256,0,0,12,4,16,64,"0x0","0x7f7817b1a3c0",4181379027911599,4181379028415697,4181379028421425,4181379028422338,5728
3236,"loop_select_fusion_3.kd",2,8,3545,1282169,1282169,4096,256,0,0,8,0,32,64,"0x0","0x7f7817b1a400",4181379027918559,4181379028421425,4181379028426232,4181379028428487,4807
3237,"loop_reduce_window_fusion_18.kd",2,8,3546,1282169,1282169,4096,256,0,0,8,0,16,64,"0x0","0x7f7817b1a380",4181379027925329,4181379028426232,4181379028431160,4181379028433335,4928
3238,"loop_slice_fusion_3.kd",2,8,3547,1282169,1282169,16,16,0,0,20,4,16,64,"0x0","0x7f7817b1a2c0",4181379027933091,4181379028431160,4181379028435847,4181379028439934,4687
3239,"input_concatenate_fusion_1.kd",2,8,3548,1282169,1282169,4096,256,0,0,8,0,32,64,"0x0","0x7f7817b1a440",4181379027940602,4181379028435847,4181379028441695,4181379028444351,5848
3240,"loop_compare_fusion.kd",2,8,3549,1282169,1282169,8192,256,0,0,4,4,16,64,"0x0","0x7f7817b1a480",4181379027948063,4181379028441695,4181379028446663,4181379028448938,4968
3241,"input_reduce_reduce_window_fusion.kd",2,8,3550,1282169,1282169,512,512,512,0,20,4,48,64,"0x0","0x7f7817b1a4c0",4181379027956485,4181379028446663,4181379028463408,4181379028466233,16745
3242,"loop_reduce_window_fusion_8.kd",2,8,3551,1282169,1282169,32,32,0,0,32,0,16,64,"0x0","0x7f7817b1a500",4181379027963265,4181379028463408,4181379028472541,4181379028473314,9133
3243,"loop_broadcast_fusion_1.kd",2,8,3552,1282169,1282169,8192,256,0,0,4,4,16,64,"0x0","0x7f7817b1a540",4181379027971277,4181379028472541,4181379028477709,4181379028477670,5168
3244,"input_scatter_fusion_1.kd",2,8,3553,1282169,1282169,8192,256,0,0,8,0,32,64,"0x0","0x7f7817b1a580",4181379027978558,4181379028477709,4181379028482917,4181379028484110,5208
3245,"loop_reduce_window_fusion_7.kd",2,8,3554,1282169,1282169,8192,256,0,0,8,0,16,64,"0x0","0x7f7817b1a5c0",4181379027986490,4181379028482917,4181379028488004,4181379028488276,5087
3246,"loop_reduce_window_fusion_6.kd",2,8,3555,1282169,1282169,512,256,0,0,8,0,16,64,"0x0","0x7f7817b1a600",4181379027994792,4181379028488004,4181379028493132,4181379028495126,5128
3247,"loop_reduce_window_fusion_5.kd",2,8,3556,1282169,1282169,32,32,0,0,8,0,16,64,"0x0","0x7f7817b1a640",4181379028002444,4181379028493132,4181379028497939,4181379028501646,4807
3248,"loop_select_fusion_6.kd",2,8,3557,1282169,1282169,8192,256,0,0,8,0,32,64,"0x0","0x7f7817b1a680",4181379028010115,4181379028497939,4181379028503067,4181379028506443,5128
3249,"loop_select_fusion_1.kd",2,8,3558,1282169,1282169,8192,256,0,0,8,0,16,64,"0x0","0x7f7817b1a6c0",4181379028017817,4181379028503067,4181379028507994,4181379028512492,4927
3250,"loop_broadcast_fusion_4.kd",2,8,3559,1282169,1282169,16,16,0,0,4,4,16,64,"0x0","0x7f7817b1a700",4181379028024046,4181379028507994,4181379028513001,4181379028519202,5007
3251,"__amd_rocclr_fillBufferAligned.kd",2,8,3560,1282169,1282169,77824,256,0,0,12,4,48,64,"0x0","0x7f781d393580",4181379028036334,4181379028513001,4181379028527263,4181379028535667,14262
3252,"__amd_rocclr_fillBufferAligned.kd",2,8,3561,1282169,1282169,16128,256,0,0,12,4,48,64,"0x0","0x7f781d393580",4181379028042033,4181379028527263,4181379028532310,4181379028540143,5047
3253,"transformer_engine::fused_attn_rocm::populate_rng_state_kernel(long*, long const*, long) [clone .kd]",2,8,3562,1282169,1282169,1,1,0,0,8,0,16,64,"0x0","0x7f781c015380",4181379028051967,4181379028532310,4181379028537237,4181379028546873,4927
3254,"__amd_rocclr_fillBufferAligned.kd",2,8,3563,1282169,1282169,256,256,0,0,12,4,48,64,"0x0","0x7f781d393580",4181379028062703,4181379028537237,4181379028542085,4181379028551200,4848
3255,"ck_fused_attn::get_runtime_max_seqlen_kernel(unsigned long, int const*, int const*, unsigned long*) [clone .kd]",2,8,3564,1282169,1282169,4096,128,0,0,4,4,32,64,"0x0","0x7f781c004940",4181379028070024,4181379028542085,4181379028547893,4181379028555717,5808
3256,"__amd_rocclr_copyBuffer.kd",2,8,3565,1282169,1282169,512,512,0,0,16,0,32,64,"0x7fb89bc71780","0x7f781d393600",4181379028078787,4181379028547893,4181379028553462,4181379028561735,5569
3257,"__amd_rocclr_fillBufferAligned.kd",2,8,3567,1282169,1282169,256,256,0,0,12,4,48,64,"0x0","0x7f781d393580",4181379028606252,4181379028617717,4181379028619640,4181379028641364,1923
3258,"ck_fused_attn::get_runtime_max_seqlen_kernel(unsigned long, int const*, int const*, unsigned long*) [clone .kd]",2,8,3568,1282169,1282169,4096,128,0,0,4,4,32,64,"0x0","0x7f781c004940",4181379028616307,4181379028624727,4181379028633701,4181379028650938,8974
3259,"__amd_rocclr_copyBuffer.kd",2,8,3569,1282169,1282169,512,512,0,0,16,0,32,64,"0x7fb89bc71900","0x7f781d393600",4181379028623127,4181379028633701,4181379028639309,4181379028646181,5608
3260,"void transformer_engine::fused_attn_rocm::compute_scores_kernel<__half, transformer_engine::fused_attn_rocm::SmallSeqConfig<12, 128, 256, false, (transformer_engine::fused_attn_rocm::CausalMaskType)0>, 1>(__half const*, __half const*, __half*, float, int const*, int const*, int, int) [clone .kd]",2,8,3571,1282169,1282169,64000,64,0,0,120,0,32,64,"0x0","0x7f780414ef00",4181379028662986,4181379028672919,4181379028702603,4181379028703947,29684
3261,"void transformer_engine::fused_attn_rocm::apply_mask_and_softmax_kernel<__half, transformer_engine::fused_attn_rocm::SmallSeqConfig<12, 128, 256, false, (transformer_engine::fused_attn_rocm::CausalMaskType)0> >(__half*, __half const*, float, int const*, int, int) [clone .kd]",2,8,3572,1282169,1282169,780288,256,1024,0,16,0,16,64,"0x0","0x7f780414ef40",4181379028672660,4181379028702603,4181379028708011,4181379028712339,5408
3262,"void transformer_engine::fused_attn_rocm::compute_output_kernel<__half, transformer_engine::fused_attn_rocm::SmallSeqConfig<12, 128, 256, false, (transformer_engine::fused_attn_rocm::CausalMaskType)0>, 2, 8>(__half const*, __half const*, __half*, int const*, int const*, int, int) [clone .kd]",2,8,3573,1282169,1282169,512000,64,24576,0,24,0,32,64,"0x0","0x7f780414ef80",4181379028679891,4181379028708011,4181379028806478,4181379028806520,98467
3263,"loop_broadcast_fusion_5.kd",2,8,3574,1282169,1282169,2048000,256,0,0,4,4,16,64,"0x0","0x7f7817b1a740",4181379028697748,4181379028806478,4181379028814730,4181379028815152,8252
3264,"__amd_rocclr_fillBufferAligned.kd",2,8,3575,1282169,1282169,77824,256,0,0,12,4,48,64,"0x0","0x7f781d393580",4181379028713932,4181379028814730,4181379028821620,4181379028831196,6890
3265,"__amd_rocclr_fillBufferAligned.kd",2,8,3576,1282169,1282169,77824,256,0,0,12,4,48,64,"0x0","0x7f781d393580",4181379028721393,4181379028821620,4181379028854069,4181379028854811,32449
3266,"__amd_rocclr_fillBufferAligned.kd",2,8,3577,1282169,1282169,77824,256,0,0,12,4,48,64,"0x0","0x7f781d393580",4181379028728774,4181379028854069,4181379028887278,4181379028900359,33209
3267,"__amd_rocclr_fillBufferAligned.kd",2,8,3578,1282169,1282169,256,256,0,0,12,4,48,64,"0x0","0x7f781d393580",4181379028738138,4181379028887278,4181379028892045,4181379028895262,4767
3268,"ck_fused_attn::get_runtime_max_seqlen_kernel(unsigned long, int const*, int const*, unsigned long*) [clone .kd]",2,8,3579,1282169,1282169,4096,128,0,0,4,4,32,64,"0x0","0x7f781c004940",4181379028743716,4181379028892045,4181379028898254,4181379028906769,6209
3269,"__amd_rocclr_copyBuffer.kd",2,8,3580,1282169,1282169,512,512,0,0,16,0,32,64,"0x7fb89bde9a00","0x7f781d393600",4181379028751057,4181379028898254,4181379028904063,4181379028911125,5809
3270,"__amd_rocclr_fillBufferAligned.kd",2,8,3582,1282169,1282169,256,256,0,0,12,4,48,64,"0x0","0x7f781d393580",4181379028930624,4181379028941759,4181379028943882,4181379028943814,2123
3271,"ck_fused_attn::get_runtime_max_seqlen_kernel(unsigned long, int const*, int const*, unsigned long*) [clone .kd]",2,8,3583,1282169,1282169,4096,128,0,0,4,4,32,64,"0x0","0x7f781c004940",4181379028941240,4181379028950131,4181379028956180,4181379028964875,6049
3272,"__amd_rocclr_copyBuffer.kd",2,8,3584,1282169,1282169,512,512,0,0,16,0,32,64,"0x7fb89bde9180","0x7f781d393600",4181379028948481,4181379028960948,4181379028966516,4181379028970293,5568
3273,"void transformer_engine::fused_attn_rocm::compute_grad_v_kernel<__half, transformer_engine::fused_attn_rocm::SmallSeqConfig<12, 128, 256, false, (transformer_engine::fused_attn_rocm::CausalMaskType)0>, 16, 16>(__half const*, __half const*, __half*, int const*, int const*, int, int) [clone .kd]",2,8,3586,1282169,1282169,256000,64,24576,0,28,4,32,64,"0x0","0x7f7804150800",4181379028986277,4181379029000406,4181379029086695,4181379029087087,86289
3274,"void transformer_engine::fused_attn_rocm::compute_grad_attn_kernel<__half, transformer_engine::fused_attn_rocm::SmallSeqConfig<12, 128, 256, false, (transformer_engine::fused_attn_rocm::CausalMaskType)0>, 16>(__half const*, __half const*, __half*, int const*, int const*, int, int) [clone .kd]",2,8,3587,1282169,1282169,8000,64,0,0,124,4,48,64,"0x0","0x7f7804150840",4181379028998425,4181379029086695,4181379029386701,4181379029398700,300006
3275,"void transformer_engine::fused_attn_rocm::softmax_backward_kernel<__half, transformer_engine::fused_attn_rocm::SmallSeqConfig<12, 128, 256, false, (transformer_engine::fused_attn_rocm::CausalMaskType)0> >(__half const*, __half const*, __half*, float, int const*, int, int) [clone .kd]",2,8,3588,1282169,1282169,780288,256,1024,0,16,0,16,64,"0x0","0x7f7804150880",4181379029005516,4181379029386701,4181379029392509,4181379029409326,5808
3276,"void transformer_engine::fused_attn_rocm::compute_grad_qk_kernel<__half, transformer_engine::fused_attn_rocm::SmallSeqConfig<12, 128, 256, false, (transformer_engine::fused_attn_rocm::CausalMaskType)0>, 4, 16>(__half const*, __half const*, __half const*, __half*, __half*, float, int const*, int const*, int, int) [clone .kd]",2,8,3589,1282169,1282169,1024000,64,24576,0,36,4,64,64,"0x0","0x7f78041508c0",4181379029013227,4181379029392509,4181379029732815,4181379029736953,340306
3277,"input_reduce_fusion.kd",2,8,3590,1282169,1282169,524288,256,512,0,16,0,16,64,"0x0","0x7f7817b1a780",4181379029022451,4181379029732815,4181379029742991,4181379029744555,10176
3278,"input_reduce_fusion_3.kd",2,8,3591,1282169,1282169,128,128,512,0,24,0,16,64,"0x0","0x7f7817b1a7c0",4181379029029141,4181379029742991,4181379029748679,4181379029749682,5688
3279,"loop_convert_fusion.kd",2,8,3592,1282169,1282169,1,1,0,0,4,4,16,64,"0x0","0x7f7817b1a800",4181379029035059,4181379029748679,4181379029753847,4181379029756342,5168
3280,"input_compare_reduce_fusion_1.kd",2,8,3595,1282169,1282169,8192,256,0,0,12,4,16,64,"0x0","0x7f7817b19c00",4181379029161237,4181379029766465,4181379029772434,4181379029781379,5969
3281,"loop_slice_fusion_1.kd",2,8,3596,1282169,1282169,3072,256,0,0,16,0,16,64,"0x0","0x7f7817b19c40",4181379029171342,4181379029772434,4181379029777722,4181379029786126,5288
3282,"loop_reduce_window_fusion_16.kd",2,8,3597,1282169,1282169,3072,256,0,0,8,0,16,64,"0x0","0x7f7817b19c80",4181379029179074,4181379029777722,4181379029783050,4181379029790753,5328
3283,"loop_reduce_window_fusion_15.kd",2,8,3598,1282169,1282169,192,192,0,0,8,0,16,64,"0x0","0x7f7817b19cc0",4181379029186435,4181379029783050,4181379029789420,4181379029795510,6370
3284,"loop_broadcast_fusion_2.kd",2,8,3599,1282169,1282169,48128,256,0,0,4,4,16,64,"0x0","0x7f7817b19d00",4181379029193695,4181379029789420,4181379029794467,4181379029800077,5047
3285,"input_scatter_fusion_2.kd",2,8,3600,1282169,1282169,48128,256,0,0,12,4,32,64,"0x0","0x7f7817b19d40",4181379029201627,4181379029794467,4181379029804682,4181379029804734,10215
3286,"loop_reduce_window_fusion_14.kd",2,8,3601,1282169,1282169,48128,256,0,0,8,0,16,64,"0x0","0x7f7817b19d80",4181379029208788,4181379029804682,4181379029810331,4181379029817343,5649
3287,"loop_reduce_window_fusion_13.kd",2,8,3602,1282169,1282169,3072,256,0,0,8,0,16,64,"0x0","0x7f7817b19dc0",4181379029216489,4181379029810331,4181379029816380,4181379029822180,6049
3288,"loop_reduce_window_fusion_15.kd",2,8,3603,1282169,1282169,192,192,0,0,8,0,16,64,"0x0","0x7f7817b19cc0",4181379029223540,4181379029816380,4181379029821107,4181379029827598,4727
3289,"loop_slice_fusion_6.kd",2,8,3604,1282169,1282169,12,12,0,0,4,4,16,64,"0x0","0x7f7817b19e00",4181379029230180,4181379029821107,4181379029826715,4181379029832696,5608
3290,"input_reduce_fusion_1.kd",2,8,3605,1282169,1282169,64,64,0,0,8,0,16,64,"0x0","0x7f7817b19e40",4181379029237631,4181379029826715,4181379029831482,4181379029837353,4767
3291,"loop_select_fusion_5.kd",2,8,3606,1282169,1282169,48128,256,0,0,12,4,32,64,"0x0","0x7f7817b19e80",4181379029244651,4181379029831482,4181379029836490,4181379029841829,5008
3292,"loop_select_fusion_2.kd",2,8,3607,1282169,1282169,48128,256,0,0,4,4,16,64,"0x0","0x7f7817b19ec0",4181379029251752,4181379029836490,4181379029841337,4181379029848159,4847
3293,"loop_reduce_window_fusion_14.kd",2,8,3608,1282169,1282169,48128,256,0,0,8,0,16,64,"0x0","0x7f7817b19d80",4181379029259203,4181379029841337,4181379029846224,4181379029852846,4887
3294,"loop_reduce_window_fusion_13.kd",2,8,3609,1282169,1282169,3072,256,0,0,8,0,16,64,"0x0","0x7f7817b19dc0",4181379029266253,4181379029846224,4181379029851312,4181379029857603,5088
3295,"loop_reduce_window_fusion_15.kd",2,8,3610,1282169,1282169,192,192,0,0,8,0,16,64,"0x0","0x7f7817b19cc0",4181379029273454,4181379029851312,4181379029855959,4181379029862320,4647
3296,"input_concatenate_fusion.kd",2,8,3611,1282169,1282169,48128,256,0,0,12,4,32,64,"0x0","0x7f7817b19f00",4181379029280985,4181379029855959,4181379029860886,4181379029866796,4927
3297,"input_compare_reduce_fusion.kd",2,8,3612,1282169,1282169,13312,256,0,0,12,4,16,64,"0x0","0x7f7817b19f40",4181379029288627,4181379029860886,4181379029865773,4181379029871303,4887
3298,"loop_slice_fusion.kd",2,8,3613,1282169,1282169,3328,256,0,0,16,0,16,64,"0x0","0x7f7817b19f80",4181379029296288,4181379029865773,4181379029870620,4181379029875810,4847
3299,"loop_reduce_window_fusion_4.kd",2,8,3614,1282169,1282169,3328,256,0,0,8,0,16,64,"0x0","0x7f7817b19fc0",4181379029303789,4181379029870620,4181379029875548,4181379029880297,4928
3300,"loop_reduce_window_fusion_3.kd",2,8,3615,1282169,1282169,208,208,0,0,8,0,16,64,"0x0","0x7f7817b1a000",4181379029311210,4181379029875548,4181379029880355,4181379029884873,4807
3301,"loop_broadcast_fusion.kd",2,8,3616,1282169,1282169,52224,256,0,0,4,4,16,64,"0x0","0x7f7817b1a040",4181379029318311,4181379029880355,4181379029885563,4181379029889050,5208
3302,"input_scatter_fusion.kd",2,8,3617,1282169,1282169,52224,256,0,0,12,4,32,64,"0x0","0x7f7817b1a080",4181379029326423,4181379029885563,4181379029894256,4181379029893887,8693
3303,"loop_reduce_window_fusion_2.kd",2,8,3618,1282169,1282169,52224,256,0,0,8,0,16,64,"0x0","0x7f7817b1a0c0",4181379029333333,4181379029894256,4181379029899303,4181379029902189,5047
3304,"loop_reduce_window_fusion_1.kd",2,8,3619,1282169,1282169,3328,256,0,0,8,0,16,64,"0x0","0x7f7817b1a100",4181379029340784,4181379029899303,4181379029904471,4181379029908539,5168
3305,"loop_reduce_window_fusion_3.kd",2,8,3620,1282169,1282169,208,208,0,0,8,0,16,64,"0x0","0x7f7817b1a000",4181379029347344,4181379029904471,4181379029909158,4181379029913256,4687
3306,"loop_slice_fusion_5.kd",2,8,3621,1282169,1282169,13,13,0,0,4,4,16,64,"0x0","0x7f7817b1a140",4181379029354885,4181379029909158,4181379029913845,4181379029924943,4687
3307,"input_reduce_fusion_2.kd",2,8,3622,1282169,1282169,64,64,0,0,8,0,16,64,"0x0","0x7f7817b1a180",4181379029362096,4181379029913845,4181379029918572,4181379029920016,4727
3308,"loop_select_fusion_4.kd",2,8,3623,1282169,1282169,52224,256,0,0,8,0,32,64,"0x0","0x7f7817b1a1c0",4181379029370398,4181379029918572,4181379029923659,4181379029933906,5087
3309,"loop_select_fusion.kd",2,8,3624,1282169,1282169,52224,256,0,0,8,0,16,64,"0x0","0x7f7817b1a200",4181379029378210,4181379029923659,4181379029928627,4181379029929540,4968
3310,"loop_compare_fusion_1.kd",2,8,3625,1282169,1282169,4096,256,0,0,4,4,16,64,"0x0","0x7f7817b1a240",4181379029385831,4181379029928627,4181379029933554,4181379029940356,4927
3311,"input_reduce_reduce_window_fusion_1.kd",2,8,3626,1282169,1282169,256,256,512,0,20,4,32,64,"0x0","0x7f7817b1a280",4181379029394013,4181379029933554,4181379029949418,4181379029969409,15864
3312,"loop_slice_fusion_3.kd",2,8,3627,1282169,1282169,16,16,0,0,20,4,16,64,"0x0","0x7f7817b1a2c0",4181379029401004,4181379029949418,4181379029954145,4181379029973535,4727
3313,"loop_broadcast_fusion_3.kd",2,8,3628,1282169,1282169,4096,256,0,0,4,4,16,64,"0x0","0x7f7817b1a300",4181379029425270,4181379029954145,4181379029959112,4181379029959815,4967
3314,"input_scatter_fusion_3.kd",2,8,3629,1282169,1282169,4096,256,0,0,8,0,32,64,"0x0","0x7f7817b1a340",4181379029433622,4181379029959112,4181379029965201,4181379029964772,6089
3315,"loop_reduce_window_fusion_18.kd",2,8,3630,1282169,1282169,4096,256,0,0,8,0,16,64,"0x0","0x7f7817b1a380",4181379029440983,4181379029965201,4181379029970008,4181379029980155,4807
3316,"loop_slice_fusion_3.kd",2,8,3631,1282169,1282169,16,16,0,0,20,4,16,64,"0x0","0x7f7817b1a2c0",4181379029448875,4181379029970008,4181379029974976,4181379029985002,4968
3317,"loop_remainder_fusion.kd",2,8,3632,1282169,1282169,4096,256,0,0,12,4,16,64,"0x0","0x7f7817b1a3c0",4181379029455745,4181379029974976,4181379029980784,4181379029999965,5808
3318,"loop_select_fusion_3.kd",2,8,3633,1282169,1282169,4096,256,0,0,8,0,32,64,"0x0","0x7f7817b1a400",4181379029463997,4181379029980784,4181379029985631,4181379030006845,4847
3319,"loop_reduce_window_fusion_18.kd",2,8,3634,1282169,1282169,4096,256,0,0,8,0,16,64,"0x0","0x7f7817b1a380",4181379029471368,4181379029985631,4181379029990559,4181379029991412,4928
3320,"loop_slice_fusion_3.kd",2,8,3635,1282169,1282169,16,16,0,0,20,4,16,64,"0x0","0x7f7817b1a2c0",4181379029479621,4181379029990559,4181379029995326,4181379029995778,4767
3321,"input_concatenate_fusion_1.kd",2,8,3636,1282169,1282169,4096,256,0,0,8,0,32,64,"0x0","0x7f7817b1a440",4181379029487903,4181379029995326,4181379030001134,4181379030011221,5808
3322,"loop_compare_fusion.kd",2,8,3637,1282169,1282169,8192,256,0,0,4,4,16,64,"0x0","0x7f7817b1a480",4181379029494683,4181379030001134,4181379030006102,4181379030015347,4968
3323,"input_reduce_reduce_window_fusion.kd",2,8,3638,1282169,1282169,512,512,512,0,20,4,48,64,"0x0","0x7f7817b1a4c0",4181379029502515,4181379030006102,4181379030023888,4181379030032463,17786
3324,"loop_reduce_window_fusion_8.kd",2,8,3639,1282169,1282169,32,32,0,0,32,0,16,64,"0x0","0x7f7817b1a500",4181379029510246,4181379030023888,4181379030033222,4181379030036859,9334
3325,"loop_broadcast_fusion_1.kd",2,8,3640,1282169,1282169,8192,256,0,0,4,4,16,64,"0x0","0x7f7817b1a540",4181379029518208,4181379030033222,4181379030038390,4181379030041236,5168
3326,"input_scatter_fusion_1.kd",2,8,3641,1282169,1282169,8192,256,0,0,8,0,32,64,"0x0","0x7f7817b1a580",4181379029525569,4181379030038390,4181379030043678,4181379030047876,5288
3327,"loop_reduce_window_fusion_7.kd",2,8,3642,1282169,1282169,8192,256,0,0,8,0,16,64,"0x0","0x7f7817b1a5c0",4181379029532750,4181379030043678,4181379030048805,4181379030052843,5127
3328,"loop_reduce_window_fusion_6.kd",2,8,3643,1282169,1282169,512,256,0,0,8,0,16,64,"0x0","0x7f7817b1a600",4181379029540511,4181379030048805,4181379030053693,4181379030059223,4888
3329,"loop_reduce_window_fusion_5.kd",2,8,3644,1282169,1282169,32,32,0,0,8,0,16,64,"0x0","0x7f7817b1a640",4181379029547922,4181379030053693,4181379030058500,4181379030065021,4807
3330,"loop_select_fusion_6.kd",2,8,3645,1282169,1282169,8192,256,0,0,8,0,32,64,"0x0","0x7f7817b1a680",4181379029554582,4181379030058500,4181379030063627,4181379030076428,5127
3331,"loop_select_fusion_1.kd",2,8,3646,1282169,1282169,8192,256,0,0,8,0,16,64,"0x0","0x7f7817b1a6c0",4181379029562073,4181379030063627,4181379030068555,4181379030070049,4928
3332,"loop_broadcast_fusion_4.kd",2,8,3647,1282169,1282169,16,16,0,0,4,4,16,64,"0x0","0x7f7817b1a700",4181379029569735,4181379030068555,4181379030073682,4181379030081015,5127
3333,"__amd_rocclr_fillBufferAligned.kd",2,8,3648,1282169,1282169,77824,256,0,0,12,4,48,64,"0x0","0x7f781d393580",4181379029580541,4181379030073682,4181379030087623,4181379030087455,13941
3334,"__amd_rocclr_fillBufferAligned.kd",2,8,3649,1282169,1282169,16128,256,0,0,12,4,48,64,"0x0","0x7f781d393580",4181379029587581,4181379030087623,4181379030092711,4181379030093744,5088
3335,"transformer_engine::fused_attn_rocm::populate_rng_state_kernel(long*, long const*, long) [clone .kd]",2,8,3650,1282169,1282169,1,1,0,0,8,0,16,64,"0x0","0x7f781c015380",4181379029596304,4181379030092711,4181379030097558,4181379030098251,4847
3336,"__amd_rocclr_fillBufferAligned.kd",2,8,3651,1282169,1282169,256,256,0,0,12,4,48,64,"0x0","0x7f781d393580",4181379029606660,4181379030097558,4181379030102285,4181379030102878,4727
3337,"ck_fused_attn::get_runtime_max_seqlen_kernel(unsigned long, int const*, int const*, unsigned long*) [clone .kd]",2,8,3652,1282169,1282169,4096,128,0,0,4,4,32,64,"0x0","0x7f781c004940",4181379029614501,4181379030102285,4181379030108053,4181379030108957,5768
3338,"__amd_rocclr_copyBuffer.kd",2,8,3653,1282169,1282169,512,512,0,0,16,0,32,64,"0x7fb89bde8f80","0x7f781d393600",4181379029622533,4181379030108053,4181379030113462,4181379030113183,5409
3339,"__amd_rocclr_fillBufferAligned.kd",2,8,3655,1282169,1282169,256,256,0,0,12,4,48,64,"0x0","0x7f781d393580",4181379030156347,4181379030166981,4181379030168984,4181379030191459,2003
3340,"ck_fused_attn::get_runtime_max_seqlen_kernel(unsigned long, int const*, int const*, unsigned long*) [clone .kd]",2,8,3656,1282169,1282169,4096,128,0,0,4,4,32,64,"0x0","0x7f781c004940",4181379030166612,4181379030174993,4181379030184367,4181379030205120,9374
3341,"__amd_rocclr_copyBuffer.kd",2,8,3657,1282169,1282169,512,512,0,0,16,0,32,64,"0x7fb89bc73b80","0x7f781d393600",4181379030174114,4181379030184367,4181379030189695,4181379030196867,5328
3342,"void transformer_engine::fused_attn_rocm::compute_scores_kernel<__half, transformer_engine::fused_attn_rocm::SmallSeqConfig<12, 128, 256, false, (transformer_engine::fused_attn_rocm::CausalMaskType)0>, 1>(__half const*, __half const*, __half*, float, int const*, int const*, int, int) [clone .kd]",2,8,3659,1282169,1282169,64000,64,0,0,120,0,32,64,"0x0","0x7f780414ef00",4181379030213432,4181379030223705,4181379030253790,4181379030255535,30085
3343,"void transformer_engine::fused_attn_rocm::apply_mask_and_softmax_kernel<__half, transformer_engine::fused_attn_rocm::SmallSeqConfig<12, 128, 256, false, (transformer_engine::fused_attn_rocm::CausalMaskType)0> >(__half*, __half const*, float, int const*, int, int) [clone .kd]",2,8,3660,1282169,1282169,780288,256,1024,0,16,0,16,64,"0x0","0x7f780414ef40",4181379030221664,4181379030253790,4181379030259278,4181379030263727,5488
3344,"void transformer_engine::fused_attn_rocm::compute_output_kernel<__half, transformer_engine::fused_attn_rocm::SmallSeqConfig<12, 128, 256, false, (transformer_engine::fused_attn_rocm::CausalMaskType)0>, 2, 8>(__half const*, __half const*, __half*, int const*, int const*, int, int) [clone .kd]",2,8,3661,1282169,1282169,512000,64,24576,0,24,0,32,64,"0x0","0x7f780414ef80",4181379030228715,4181379030259278,4181379030358626,4181379030363716,99348
3345,"loop_broadcast_fusion_5.kd",2,8,3662,1282169,1282169,2048000,256,0,0,4,4,16,64,"0x0","0x7f7817b1a740",4181379030246271,4181379030358626,4181379030366838,4181379030372428,8212
3346,"__amd_rocclr_fillBufferAligned.kd",2,8,3663,1282169,1282169,77824,256,0,0,12,4,48,64,"0x0","0x7f781d393580",4181379030262635,4181379030366838,4181379030373608,4181379030377346,6770
3347,"__amd_rocclr_fillBufferAligned.kd",2,8,3664,1282169,1282169,77824,256,0,0,12,4,48,64,"0x0","0x7f781d393580",4181379030277057,4181379030373608,4181379030406017,4181379030409924,32409
3348,"__amd_rocclr_fillBufferAligned.kd",2,8,3665,1282169,1282169,77824,256,0,0,12,4,48,64,"0x0","0x7f781d393580",4181379030286330,4181379030406017,4181379030438305,4181379030441601,32288
3349,"__amd_rocclr_fillBufferAligned.kd",2,8,3666,1282169,1282169,256,256,0,0,12,4,48,64,"0x0","0x7f781d393580",4181379030294913,4181379030438305,4181379030442952,4181379030448462,4647
3350,"ck_fused_attn::get_runtime_max_seqlen_kernel(unsigned long, int const*, int const*, unsigned long*) [clone .kd]",2,8,3667,1282169,1282169,4096,128,0,0,4,4,32,64,"0x0","0x7f781c004940",4181379030301203,4181379030442952,4181379030449121,4181379030454961,6169
3351,"__amd_rocclr_copyBuffer.kd",2,8,3668,1282169,1282169,512,512,0,0,16,0,32,64,"0x7fb89bde8d80","0x7f781d393600",4181379030309595,4181379030449121,4181379030454809,4181379030461872,5688
3352,"__amd_rocclr_fillBufferAligned.kd",2,8,3670,1282169,1282169,256,256,0,0,12,4,48,64,"0x0","0x7f781d393580",4181379030480840,4181379030492265,4181379030494308,4181379030496102,2043
3353,"ck_fused_attn::get_runtime_max_seqlen_kernel(unsigned long, int const*, int const*, unsigned long*) [clone .kd]",2,8,3671,1282169,1282169,4096,128,0,0,4,4,32,64,"0x0","0x7f781c004940",4181379030491496,4181379030500117,4181379030506246,4181379030508271,6129
3354,"__amd_rocclr_copyBuffer.kd",2,8,3672,1282169,1282169,512,512,0,0,16,0,32,64,"0x7fb89bde8c80","0x7f781d393600",4181379030498636,4181379030523952,4181379030530402,4181379030535811,6450
3355,"void transformer_engine::fused_attn_rocm::compute_grad_v_kernel<__half, transformer_engine::fused_attn_rocm::SmallSeqConfig<12, 128, 256, false, (transformer_engine::fused_attn_rocm::CausalMaskType)0>, 16, 16>(__half const*, __half const*, __half*, int const*, int const*, int, int) [clone .kd]",2,8,3674,1282169,1282169,256000,64,24576,0,28,4,32,64,"0x0","0x7f7804150800",4181379030551044,4181379030565574,4181379030649379,4181379030656912,83805
3356,"void transformer_engine::fused_attn_rocm::compute_grad_attn_kernel<__half, transformer_engine::fused_attn_rocm::SmallSeqConfig<12, 128, 256, false, (transformer_engine::fused_attn_rocm::CausalMaskType)0>, 16>(__half const*, __half const*, __half*, int const*, int const*, int, int) [clone .kd]",2,8,3675,1282169,1282169,8000,64,0,0,124,4,48,64,"0x0","0x7f7804150840",4181379030563813,4181379030649379,4181379030952109,4181379030953633,302730
3357,"void transformer_engine::fused_attn_rocm::softmax_backward_kernel<__half, transformer_engine::fused_attn_rocm::SmallSeqConfig<12, 128, 256, false, (transformer_engine::fused_attn_rocm::CausalMaskType)0> >(__half const*, __half const*, __half*, float, int const*, int, int) [clone .kd]",2,8,3676,1282169,1282169,780288,256,1024,0,16,0,16,64,"0x0","0x7f7804150880",4181379030571565,4181379030952109,4181379030957917,4181379031001734,5808
3358,"void transformer_engine::fused_attn_rocm::compute_grad_qk_kernel<__half, transformer_engine::fused_attn_rocm::SmallSeqConfig<12, 128, 256, false, (transformer_engine::fused_attn_rocm::CausalMaskType)0>, 4, 16>(__half const*, __half const*, __half const*, __half*, __half*, float, int const*, int const*, int, int) [clone .kd]",2,8,3677,1282169,1282169,1024000,64,24576,0,36,4,64,64,"0x0","0x7f78041508c0",4181379030579987,4181379030957917,4181379031304313,4181379031308881,346396
3359,"input_reduce_fusion.kd",2,8,3678,1282169,1282169,524288,256,512,0,16,0,16,64,"0x0","0x7f7817b1a780",4181379030588760,4181379031304313,4181379031312605,4181379031318265,8292
3360,"input_reduce_fusion_3.kd",2,8,3679,1282169,1282169,128,128,512,0,24,0,16,64,"0x0","0x7f7817b1a7c0",4181379030595580,4181379031312605,4181379031318133,4181379031323874,5528
3361,"loop_convert_fusion.kd",2,8,3680,1282169,1282169,1,1,0,0,4,4,16,64,"0x0","0x7f7817b1a800",4181379030601990,4181379031318133,4181379031322139,4181379031332566,4006
