"Index","KernelName","gpu-id","queue-id","queue-index","pid","tid","grd","wgr","lds","scr","arch_vgpr","accum_vgpr","sgpr","wave_size","sig","obj","DispatchNs","BeginNs","EndNs","CompleteNs","DurationNs"
0,"__amd_rocclr_fillBufferAligned.kd",3,0,0,1261566,1262584,77824,256,0,0,12,4,48,64,"0x0","0x7fc36f673580",4181221359560321,4181221359750915,4181221359759848,4181221359887076,8933
1,"__amd_rocclr_fillBufferAligned.kd",2,4,0,1261566,1262578,77824,256,0,0,12,4,48,64,"0x0","0x7fc36f653580",4181221505365612,4181221505403630,4181221505414726,4181221505434935,11096
2,"__amd_rocclr_fillBufferAligned.kd",4,5,0,1261566,1262582,77824,256,0,0,12,4,48,64,"0x0","0x7fc36f633580",4181221614400586,4181221614437291,4181221614448909,4181221614462578,11618
3,"__amd_rocclr_fillBufferAligned.kd",8,1,0,1261566,1262583,77824,256,0,0,12,4,48,64,"0x0","0x7fbb6f5db580",4181221778332637,4181221778371886,4181221778381420,4181221778395059,9534
4,"__amd_rocclr_fillBufferAligned.kd",9,6,0,1261566,1262581,77824,256,0,0,12,4,48,64,"0x0","0x7fbb6f59b580",4181221876549892,4181221876589061,4181221876597874,4181221876611113,8813
5,"__amd_rocclr_fillBufferAligned.kd",5,2,0,1261566,1262579,77824,256,0,0,12,4,48,64,"0x0","0x7fbb6f57b580",4181221995997042,4181221996035149,4181221996046646,4181221996059885,11497
6,"__amd_rocclr_fillBufferAligned.kd",6,3,0,1261566,1262580,77824,256,0,0,12,4,48,64,"0x0","0x7fbb6f55b580",4181222112359263,4181222112399353,4181222112409889,4181222112421305,10536
7,"__amd_rocclr_fillBufferAligned.kd",7,7,0,1261566,1262585,77824,256,0,0,12,4,48,64,"0x0","0x7fbb6f53b580",4181222231484514,4181222231524324,4181222231534940,4181222231546116,10616
8,"__amd_rocclr_fillBufferAligned.kd",2,4,1,1261566,1261566,77824,256,0,0,12,4,48,64,"0x0","0x7fc36f653580",4181222898187909,4181222898231184,4181222898242201,4181222898254989,11017
9,"__amd_rocclr_copyBuffer.kd",2,9,2,1261566,1263000,512,512,0,0,16,0,32,64,"0x0","0x7fc36f653600",4181223871003715,4181223871067960,4181223871074971,4181223871087109,7011
10,"__amd_rocclr_copyBuffer.kd",2,8,5,1261566,1261566,512,512,0,0,16,0,32,64,"0x0","0x7fc36f653600",4181224006322150,4181224006365034,4181224006369280,4181224006382459,4246
11,"input_concatenate_fusion.kd",2,8,8,1261566,1261566,1,1,0,0,4,4,16,64,"0x0","0x7fbb6f49c5c0",4181224139533510,4181224139589033,4181224139593199,4181224139603224,4166
12,"input_concatenate_fusion.kd",2,8,11,1261566,1261566,5,5,0,0,4,4,16,64,"0x0","0x7fbb6f4945c0",4181224359117650,4181224359177179,4181224359181465,4181224359198831,4286
13,"wrapped_slice_4.kd",2,8,14,1261566,1261566,2,2,0,0,4,4,16,64,"0x0","0x7fbb6f489040",4181224499229894,4181224499289493,4181224499293700,4181224499307370,4207
14,"wrapped_slice_3.kd",2,8,15,1261566,1261566,2,2,0,0,4,4,16,64,"0x0","0x7fbb6f489080",4181224499282362,4181224499299869,4181224499301832,4181224499352787,1963
15,"wrapped_slice_2.kd",2,8,16,1261566,1261566,2,2,0,0,4,4,16,64,"0x0","0x7fbb6f4890c0",4181224499298697,4181224499308360,4181224499310203,4181224499367749,1843
16,"wrapped_slice_1.kd",2,8,17,1261566,1261566,2,2,0,0,4,4,16,64,"0x0","0x7fbb6f489100",4181224499308391,4181224499357634,4181224499359517,4181224499360479,1883
17,"wrapped_slice.kd",2,8,18,1261566,1261566,2,2,0,0,4,4,16,64,"0x0","0x7fbb6f489140",4181224499355852,4181224499365285,4181224499367128,4181224499376002,1843
18,"__amd_rocclr_copyBuffer.kd",2,9,7,1261566,1262930,512,512,0,0,16,0,32,64,"0x0","0x7fc36f653600",4181224704003817,4181224778960258,4181224778967348,4181224778977483,7090
19,"__amd_rocclr_copyBuffer.kd",2,9,8,1261566,1262988,512,512,0,0,16,0,32,64,"0x0","0x7fc36f653600",4181224704066721,4181224778967348,4181224778971634,4181224779016752,4286
20,"wrapped_subtract.kd",2,8,31,1261566,1261566,1,1,0,0,4,4,16,64,"0x0","0x7fbb6f478c80",4181224779200104,4181224779255656,4181224779260783,4181224779261345,5127
21,"loop_xor_fusion.kd",2,8,32,1261566,1261566,1,1,0,0,4,4,16,64,"0x0","0x7fbb6f478cc0",4181224779249528,4181224779260783,4181224779264990,4181224779555893,4207
22,"loop_convert_fusion.kd",2,8,33,1261566,1261566,2048000,256,0,0,8,0,32,64,"0x0","0x7fbb6f478d00",4181224779519359,4181224779562192,4181224779589552,4181224779607550,27360
23,"__amd_rocclr_copyBuffer.kd",2,9,15,1261566,1262918,512,512,0,0,16,0,32,64,"0x0","0x7fc36f653600",4181224948771082,4181225026866240,4181225026870686,4181225026894451,4446
24,"__amd_rocclr_copyBuffer.kd",2,9,18,1261566,1262916,512,512,0,0,16,0,32,64,"0x0","0x7fc36f653600",4181224948899202,4181225026883826,4181225026888112,4181225026939639,4286
25,"wrapped_subtract.kd",2,8,46,1261566,1261566,1,1,0,0,4,4,16,64,"0x0","0x7fbb6f438c80",4181225027109151,4181225027170531,4181225027175779,4181225027180306,5248
26,"loop_xor_fusion.kd",2,8,47,1261566,1261566,1,1,0,0,4,4,16,64,"0x0","0x7fbb6f438cc0",4181225027165174,4181225027175779,4181225027180065,4181225027487864,4286
27,"loop_convert_fusion.kd",2,8,48,1261566,1261566,8192000,256,0,0,8,0,32,64,"0x0","0x7fbb6f438d00",4181225027452992,4181225027496015,4181225027587331,4181225027587933,91316
28,"__amd_rocclr_copyBuffer.kd",2,9,23,1261566,1262916,512,512,0,0,16,0,32,64,"0x0","0x7fc36f653600",4181225028023330,4181225028091561,4181225028096408,4181225028097931,4847
29,"__amd_rocclr_copyBuffer.kd",2,9,26,1261566,1262918,512,512,0,0,16,0,32,64,"0x0","0x7fc36f653600",4181225028146453,4181225028209937,4181225028214784,4181225028220904,4847
30,"wrapped_subtract.kd",2,8,57,1261566,1261566,1,1,0,0,4,4,16,64,"0x0","0x7fbb6f438c80",4181225028297989,4181225028319420,4181225028322224,4181225028324017,2804
31,"loop_xor_fusion.kd",2,8,59,1261566,1261566,1,1,0,0,4,4,16,64,"0x0","0x7fbb6f438cc0",4181225028318359,4181225028342374,4181225028344497,4181225028344047,2123
32,"loop_convert_fusion.kd",2,8,61,1261566,1261566,8192000,256,0,0,8,0,32,64,"0x0","0x7fbb6f438d00",4181225028347883,4181225028357677,4181225028448923,4181225028454852,91246
33,"__amd_rocclr_copyBuffer.kd",2,9,30,1261566,1262918,512,512,0,0,16,0,32,64,"0x0","0x7fc36f653600",4181225028579337,4181225028601349,4181225028607559,4181225028607890,6210
34,"__amd_rocclr_copyBuffer.kd",2,8,68,1261566,1261566,512,512,0,0,16,0,32,64,"0x0","0x7fc36f653600",4181225028636262,4181225028662721,4181225028666967,4181225028668009,4246
35,"wrapped_broadcast.kd",2,8,71,1261566,1261566,4096,256,0,0,4,4,16,64,"0x0","0x7fbb6f42c580",4181225167150410,4181225167208897,4181225167213343,4181225167230088,4446
36,"__amd_rocclr_copyBuffer.kd",2,9,34,1261566,1262918,512,512,0,0,16,0,32,64,"0x0","0x7fc36f653600",4181225167828348,4181225167899283,4181225167903809,4181225167909298,4526
37,"__amd_rocclr_copyBuffer.kd",2,8,78,1261566,1261566,512,512,0,0,16,0,32,64,"0x0","0x7fc36f653600",4181225167992432,4181225168018820,4181225168021224,4181225168027995,2404
38,"wrapped_broadcast.kd",2,8,81,1261566,1261566,4096,256,0,0,4,4,16,64,"0x0","0x7fbb6f42c580",4181225168239720,4181225168262903,4181225168266749,4181225168272358,3846
39,"__amd_rocclr_copyBuffer.kd",2,9,38,1261566,1262918,512,512,0,0,16,0,32,64,"0x0","0x7fc36f653600",4181225168521008,4181225168555619,4181225168559384,4181225168561959,3765
40,"__amd_rocclr_copyBuffer.kd",2,8,87,1261566,1262918,512,512,0,0,16,0,32,64,"0x0","0x7fc36f653600",4181225168603180,4181225168617311,4181225168621477,4181225168623370,4166
41,"wrapped_broadcast.kd",2,8,91,1261566,1261566,4096,256,0,0,4,4,16,64,"0x0","0x7fbb6f42c580",4181225168758882,4181225168783878,4181225168787524,4181225168792372,3646
42,"__amd_rocclr_copyBuffer.kd",2,9,42,1261566,1262918,512,512,0,0,16,0,32,64,"0x0","0x7fc36f653600",4181225168974352,4181225168990986,4181225168995713,4181225168998168,4727
43,"__amd_rocclr_copyBuffer.kd",2,8,98,1261566,1261566,512,512,0,0,16,0,32,64,"0x0","0x7fc36f653600",4181225169027071,4181225169045267,4181225169047590,4181225169054632,2323
44,"wrapped_broadcast.kd",2,8,101,1261566,1261566,4096,256,0,0,4,4,16,64,"0x0","0x7fbb6f42c580",4181225169185616,4181225169211835,4181225169215200,4181225169222311,3365
45,"wrapped_iota.kd",2,8,104,1261566,1261566,4096,256,0,0,4,4,16,64,"0x0","0x7fbb6f424540",4181225311047933,4181225311104798,4181225311108925,4181225311125389,4127
46,"__amd_rocclr_copyBuffer.kd",2,8,107,1261566,1261566,1024,512,0,0,16,0,32,64,"0x0","0x7fc36f653600",4181225439073060,4181225439140822,4181225439143626,4181225439157837,2804
47,"__amd_rocclr_copyBuffer.kd",2,9,46,1261566,1262918,512,512,0,0,16,0,32,64,"0x0","0x7fc36f653600",4181225439883946,4181225439956073,4181225439960921,4181225439964486,4848
48,"__amd_rocclr_copyBuffer.kd",2,8,113,1261566,1261566,512,512,0,0,16,0,32,64,"0x0","0x7fc36f653600",4181225440018236,4181225440044966,4181225440047449,4181225440055141,2483
49,"wrapped_broadcast.kd",2,8,117,1261566,1261566,4096,256,0,0,4,4,16,64,"0x0","0x7fbb6f42c580",4181225440279164,4181225440318613,4181225440324782,4181225440325283,6169
50,"wrapped_concatenate.kd",2,8,120,1261566,1261566,4096,256,0,0,4,4,16,64,"0x0","0x7fbb6f414600",4181225587210911,4181225587279133,4181225587283820,4181225587295466,4687
51,"__amd_rocclr_copyBuffer.kd",2,9,59,1261566,1262905,512,512,0,0,16,0,32,64,"0x0","0x7fc36f653600",4181225713626995,4181225794956404,4181225794963134,4181225794982192,6730
52,"loop_select_fusion.kd",2,8,140,1261566,1261566,16128,256,0,0,8,0,32,64,"0x0","0x7fbb6f40c640",4181225795197893,4181225795253966,4181225795259293,4181225795262599,5327
53,"__amd_rocclr_copyBuffer.kd",2,8,143,1261566,1261566,512,512,0,0,16,0,32,64,"0x0","0x7fc36f653600",4181226123123075,4181226123174231,4181226123179879,4181226123202373,5648
54,"__amd_rocclr_copyBuffer.kd",2,8,144,1261566,1261566,512,512,0,0,16,0,32,64,"0x0","0x7fc36f653600",4181226123173900,4181226123191176,4181226123194100,4181226123247319,2924
55,"__amd_rocclr_copyBuffer.kd",2,8,145,1261566,1261566,512,512,0,0,16,0,32,64,"0x0","0x7fc36f653600",4181226123193489,4181226123202752,4181226123207359,4181226123461188,4607
56,"loop_broadcast_maximum_fusion.kd",2,8,147,1261566,1261566,16128,256,0,0,8,0,32,64,"0x0","0x7faafa5c9d40",4181226123608427,4181226123632992,4181226123639802,4181226123645842,6810
57,"__amd_rocclr_copyBuffer.kd",2,8,148,1261566,1261566,4096,512,0,0,16,0,32,64,"0x0","0x7fc36f653600",4181226123628877,4181226123639802,4181226123644449,4181226123655146,4647
58,"input_scatter_fusion_3.kd",2,8,149,1261566,1261566,16128,256,0,0,4,4,16,64,"0x0","0x7faafa5c9d80",4181226123637991,4181226123648655,4181226123651500,4181226123663769,2845
59,"wrapped_broadcast.kd",2,8,150,1261566,1261566,20224,256,0,0,4,4,16,64,"0x0","0x7faafa5c9dc0",4181226123646103,4181226123667163,4181226123670248,4181226123765230,3085
60,"input_scatter_fusion.kd",2,8,151,1261566,1261566,16128,256,0,0,16,0,32,64,"0x0","0x7faafa5c9e00",4181226123736727,4181226123771278,4181226123780371,4181226123791809,9093
61,"wrapped_transpose.kd",2,8,152,1261566,1261566,20224,256,0,0,4,4,16,64,"0x0","0x7faafa5c9e40",4181226123770958,4181226123795314,4181226123798478,4181226123799681,3164
62,"__amd_rocclr_copyBuffer.kd",2,8,153,1261566,1261566,4096,512,0,0,16,0,32,64,"0x0","0x7fc36f653600",4181226123793822,4181226123815664,4181226123818428,4181226123829886,2764
63,"input_scatter_fusion_3.kd",2,8,154,1261566,1261566,16128,256,0,0,4,4,16,64,"0x0","0x7faafa5c9d80",4181226123814393,4181226123823515,4181226123827081,4181226123839901,3566
64,"loop_broadcast_fusion.kd",2,8,155,1261566,1261566,16128,256,0,0,4,4,16,64,"0x0","0x7faafa5c9e80",4181226123822455,4181226123831087,4181226123832970,4181226123845860,1883
65,"input_scatter_fusion_1.kd",2,8,156,1261566,1261566,12032,256,0,0,4,4,16,64,"0x0","0x7faafa5c9ec0",4181226123830307,4181226123844867,4181226123848072,4181226123873401,3205
66,"loop_select_fusion.kd",2,8,157,1261566,1261566,16128,256,0,0,4,4,16,64,"0x0","0x7faafa5c9f00",4181226123843566,4181226123880240,4181226123883565,4181226123890386,3325
67,"loop_not_fusion.kd",2,8,160,1261566,1261566,16128,256,0,0,8,0,32,64,"0x0","0x7fbb6f404680",4181226263288588,4181226263348828,4181226263353636,4181226263374506,4808
68,"__amd_rocclr_copyBuffer.kd",2,9,63,1261566,1262905,512,512,0,0,16,0,32,64,"0x0","0x7fc36f653600",4181226295126459,4181226382871831,4181226382877279,4181226382901214,5448
69,"__amd_rocclr_copyBuffer.kd",2,8,168,1261566,1261566,512,512,0,0,16,0,32,64,"0x0","0x7fc36f653600",4181226383053560,4181226383110384,4181226383113068,4181226383116834,2684
70,"__amd_rocclr_copyBuffer.kd",2,9,67,1261566,1262905,512,512,0,0,16,0,32,64,"0x0","0x7fc36f653600",4181226512017524,4181226512082451,4181226512087939,4181226512099486,5488
71,"__amd_rocclr_copyBuffer.kd",2,8,177,1261566,1261566,512,512,0,0,16,0,32,64,"0x0","0x7fc36f653600",4181226512146736,4181226512190250,4181226512192574,4181226512195729,2324
72,"__amd_rocclr_copyBuffer.kd",2,9,71,1261566,1262905,512,512,0,0,16,0,32,64,"0x0","0x7fc36f653600",4181226512573461,4181226512589123,4181226512594051,4181226512598237,4928
73,"__amd_rocclr_copyBuffer.kd",2,8,186,1261566,1261566,512,512,0,0,16,0,32,64,"0x0","0x7fc36f653600",4181226512628573,4181226512647971,4181226512650094,4181226512654591,2123
74,"__amd_rocclr_copyBuffer.kd",2,9,75,1261566,1262905,512,512,0,0,16,0,32,64,"0x0","0x7fc36f653600",4181226512968889,4181226512988838,4181226512993324,4181226512996640,4486
75,"__amd_rocclr_copyBuffer.kd",2,8,195,1261566,1261566,512,512,0,0,16,0,32,64,"0x0","0x7fc36f653600",4181226513025403,4181226513045282,4181226513047565,4181226513053725,2283
76,"__amd_rocclr_copyBuffer.kd",2,9,78,1261566,1262905,1024,512,0,0,16,0,32,64,"0x0","0x7fc36f653600",4181226643650417,4181226643707882,4181226643712088,4181226643727151,4206
77,"loop_compare_fusion.kd",2,8,200,1261566,1261566,16128,256,0,0,4,4,16,64,"0x0","0x7faafa588b00",4181228519802002,4181228519860149,4181228519865397,4181228519884625,5248
78,"input_reduce_reduce_window_fusion_2.kd",2,8,201,1261566,1261566,1024,1024,512,0,20,4,48,64,"0x0","0x7faafa588b40",4181228519852807,4181228519873048,4181228519899366,4181228519934118,26318
79,"loop_reduce_window_fusion_16.kd",2,8,202,1261566,1261566,1024,256,0,0,8,0,16,64,"0x0","0x7faafa588b80",4181228519872827,4181228519899366,4181228519905616,4181228519958645,6250
80,"loop_reduce_window_fusion_15.kd",2,8,203,1261566,1261566,64,64,0,0,8,0,16,64,"0x0","0x7faafa588bc0",4181228519881590,4181228519905616,4181228519909902,4181228519950943,4286
81,"loop_broadcast_fusion_2.kd",2,8,204,1261566,1261566,16128,256,0,0,4,4,16,64,"0x0","0x7faafa588c00",4181228519889021,4181228519937223,4181228519940387,4181228519942741,3164
82,"input_scatter_fusion_2.kd",2,8,205,1261566,1261566,16128,256,0,0,12,4,32,64,"0x0","0x7faafa588c40",4181228519941159,4181228519974999,4181228519981689,4181228519981549,6690
83,"loop_reduce_window_fusion_14.kd",2,8,206,1261566,1261566,16128,256,0,0,8,0,16,64,"0x0","0x7faafa588c80",4181228519975580,4181228519985775,4181228519988939,4181228519992125,3164
84,"loop_reduce_window_fusion_16.kd",2,8,207,1261566,1261566,1024,256,0,0,8,0,16,64,"0x0","0x7faafa588b80",4181228519982801,4181228519999075,4181228520006085,4181228520014788,7010
85,"loop_reduce_window_fusion_15.kd",2,8,208,1261566,1261566,64,64,0,0,8,0,16,64,"0x0","0x7faafa588bc0",4181228519998835,4181228520010091,4181228520013135,4181228520021809,3044
86,"loop_select_fusion_4.kd",2,8,209,1261566,1261566,16128,256,0,0,12,4,32,64,"0x0","0x7faafa588cc0",4181228520013176,4181228520037171,4181228520041618,4181228520041628,4447
87,"loop_select_fusion_2.kd",2,8,210,1261566,1261566,16128,256,0,0,4,4,16,64,"0x0","0x7faafa588d00",4181228520037072,4181228520046185,4181228520049630,4181228520051443,3445
88,"loop_reduce_window_fusion_14.kd",2,8,211,1261566,1261566,16128,256,0,0,8,0,16,64,"0x0","0x7faafa588c80",4181228520044783,4181228520055198,4181228520059685,4181228520059445,4487
89,"loop_reduce_window_fusion_16.kd",2,8,212,1261566,1261566,1024,256,0,0,8,0,16,64,"0x0","0x7faafa588b80",4181228520054578,4181228520063570,4181228520069660,4181228520069940,6090
90,"loop_reduce_window_fusion_15.kd",2,8,213,1261566,1261566,64,64,0,0,8,0,16,64,"0x0","0x7faafa588bc0",4181228520062399,4181228520073545,4181228520076309,4181228520090922,2764
91,"input_concatenate_fusion.kd",2,8,214,1261566,1261566,16128,256,0,0,12,4,32,64,"0x0","0x7faafa588d40",4181228520070832,4181228520105152,4181228520109038,4181228520111082,3886
92,"input_reduce_reduce_window_fusion.kd",2,8,215,1261566,1261566,8192,256,0,0,24,0,48,64,"0x0","0x7faafa588d80",4181228520103600,4181228520115568,4181228520127506,4181228520130440,11938
93,"loop_reduce_window_fusion_4.kd",2,8,216,1261566,1261566,1280,256,0,0,8,0,16,64,"0x0","0x7faafa588dc0",4181228520113976,4181228520127506,4181228520133274,4181228520137130,5768
94,"loop_reduce_window_fusion_3.kd",2,8,217,1261566,1261566,80,80,0,0,8,0,16,64,"0x0","0x7faafa588e00",4181228520122208,4181228520133274,4181228520137561,4181228520146274,4287
95,"loop_broadcast_fusion.kd",2,8,218,1261566,1261566,20224,256,0,0,4,4,16,64,"0x0","0x7faafa588e40",4181228520129749,4181228520152142,4181228520155347,4181228520166764,3205
96,"input_scatter_fusion.kd",2,8,219,1261566,1261566,20224,256,0,0,12,4,32,64,"0x0","0x7faafa588e80",4181228520158382,4181228520181506,4181228520189077,4181228520189989,7571
97,"loop_reduce_window_fusion_2.kd",2,8,220,1261566,1261566,20224,256,0,0,8,0,16,64,"0x0","0x7faafa588ec0",4181228520179954,4181228520189077,4181228520193684,4181228520196799,4607
98,"loop_reduce_window_fusion_4.kd",2,8,221,1261566,1261566,1280,256,0,0,8,0,16,64,"0x0","0x7faafa588dc0",4181228520188046,4181228520210148,4181228520217399,4181228520222948,7251
99,"loop_reduce_window_fusion_3.kd",2,8,222,1261566,1261566,80,80,0,0,8,0,16,64,"0x0","0x7faafa588e00",4181228520213985,4181228520222527,4181228520227574,4181228520233373,5047
100,"loop_remainder_fusion.kd",2,8,223,1261566,1261566,20224,256,0,0,12,4,32,64,"0x0","0x7faafa588f00",4181228520221736,4181228520241275,4181228520245561,4181228520250819,4286
101,"input_reduce_fusion_1.kd",2,8,224,1261566,1261566,64,64,0,0,8,0,16,64,"0x0","0x7faafa588f40",4181228520239993,4181228520249687,4181228520251850,4181228520260904,2163
102,"loop_select_fusion.kd",2,8,225,1261566,1261566,20224,256,0,0,8,0,32,64,"0x0","0x7faafa588f80",4181228520252051,4181228520266112,4181228520269677,4181228520272221,3565
103,"loop_compare_fusion_2.kd",2,8,226,1261566,1261566,4096,256,0,0,4,4,16,64,"0x0","0x7faafa588fc0",4181228520264730,4181228520275005,4181228520277969,4181228520285221,2964
104,"input_reduce_reduce_window_fusion_3.kd",2,8,227,1261566,1261566,256,256,512,0,20,4,32,64,"0x0","0x7faafa589000",4181228520275636,4181228520300082,4181228520317067,4181228520317218,16985
105,"loop_slice_fusion_1.kd",2,8,228,1261566,1261566,16,16,0,0,20,4,16,64,"0x0","0x7faafa589040",4181228520298410,4181228520317067,4181228520322035,4181228520323948,4968
106,"loop_broadcast_fusion_3.kd",2,8,229,1261566,1261566,4096,256,0,0,4,4,16,64,"0x0","0x7faafa589080",4181228520307213,4181228520322035,4181228520326642,4181228520333152,4607
107,"input_scatter_fusion_3.kd",2,8,230,1261566,1261566,4096,256,0,0,8,0,32,64,"0x0","0x7faafa5890c0",4181228520315646,4181228520338419,4181228520346271,4181228520352791,7852
108,"loop_reduce_window_fusion_18.kd",2,8,231,1261566,1261566,4096,256,0,0,8,0,16,64,"0x0","0x7faafa589100",4181228520336627,4181228520350437,4181228520353201,4181228520359281,2764
109,"loop_slice_fusion_1.kd",2,8,232,1261566,1261566,16,16,0,0,20,4,16,64,"0x0","0x7faafa589040",4181228520346512,4181228520357167,4181228520357888,4181228520368214,721
110,"loop_remainder_fusion_1.kd",2,8,233,1261566,1261566,4096,256,0,0,12,4,16,64,"0x0","0x7faafa589140",4181228520353152,4181228520373992,4181228520381764,4181228520384378,7772
111,"loop_select_fusion_3.kd",2,8,234,1261566,1261566,4096,256,0,0,8,0,32,64,"0x0","0x7faafa589180",4181228520379200,4181228520389415,4181228520392500,4181228520393732,3085
112,"loop_reduce_window_fusion_18.kd",2,8,235,1261566,1261566,4096,256,0,0,8,0,16,64,"0x0","0x7faafa589100",4181228520388644,4181228520397507,4181228520401753,4181228520402345,4246
113,"loop_slice_fusion_1.kd",2,8,236,1261566,1261566,16,16,0,0,20,4,16,64,"0x0","0x7faafa589040",4181228520395915,4181228520405719,4181228520407482,4181228520407803,1763
114,"input_concatenate_fusion_1.kd",2,8,237,1261566,1261566,4096,256,0,0,8,0,32,64,"0x0","0x7faafa5891c0",4181228520404778,4181228520413571,4181228520421102,4181228520427202,7531
115,"loop_compare_fusion_1.kd",2,8,238,1261566,1261566,8192,256,0,0,4,4,16,64,"0x0","0x7faafa589200",4181228520415064,4181228520433601,4181228520436766,4181228520437447,3165
116,"input_reduce_reduce_window_fusion_1.kd",2,8,239,1261566,1261566,512,512,512,0,20,4,48,64,"0x0","0x7faafa589240",4181228520434292,4181228520457036,4181228520475263,4181228520478168,18227
117,"loop_reduce_window_fusion_8.kd",2,8,240,1261566,1261566,32,32,0,0,32,0,16,64,"0x0","0x7faafa589280",4181228520456726,4181228520475263,4181228520484476,4181228520485939,9213
118,"loop_broadcast_fusion_1.kd",2,8,241,1261566,1261566,8192,256,0,0,4,4,16,64,"0x0","0x7faafa5892c0",4181228520474362,4181228520502784,4181228520505988,4181228520513420,3204
119,"input_scatter_fusion_1.kd",2,8,242,1261566,1261566,8192,256,0,0,8,0,32,64,"0x0","0x7faafa589300",4181228520505718,4181228520517606,4181228520525177,4181228520525338,7571
120,"loop_reduce_window_fusion_7.kd",2,8,243,1261566,1261566,8192,256,0,0,8,0,16,64,"0x0","0x7faafa589340",4181228520517536,4181228520530024,4181228520534631,4181228520543084,4607
121,"loop_reduce_window_fusion_6.kd",2,8,244,1261566,1261566,512,256,0,0,8,0,16,64,"0x0","0x7faafa589380",4181228520530776,4181228520543084,4181228520549053,4181228520552658,5969
122,"loop_reduce_window_fusion_5.kd",2,8,245,1261566,1261566,32,32,0,0,8,0,16,64,"0x0","0x7faafa5893c0",4181228520545137,4181228520557545,4181228520562553,4181228520564055,5008
123,"loop_select_fusion_5.kd",2,8,246,1261566,1261566,8192,256,0,0,8,0,32,64,"0x0","0x7faafa589400",4181228520563955,4181228520582542,4181228520586789,4181228520594961,4247
124,"loop_select_fusion_1.kd",2,8,247,1261566,1261566,8192,256,0,0,8,0,16,64,"0x0","0x7faafa589440",4181228520583845,4181228520598967,4181228520602292,4181228520605146,3325
125,"loop_broadcast_fusion_4.kd",2,8,248,1261566,1261566,16,16,0,0,4,4,16,64,"0x0","0x7faafa589480",4181228520598707,4181228520610864,4181228520612707,4181228520613078,1843
126,"__amd_rocclr_fillBufferAligned.kd",2,8,249,1261566,1261566,77824,256,0,0,12,4,48,64,"0x0","0x7fc36f653580",4181228520675170,4181228520689261,4181228520697633,4181228520697824,8372
127,"__amd_rocclr_fillBufferAligned.kd",2,8,250,1261566,1261566,16128,256,0,0,12,4,48,64,"0x0","0x7fc36f653580",4181228520687599,4181228520697633,4181228520702040,4181228520704734,4407
128,"transformer_engine::fused_attn_rocm::populate_rng_state_kernel(long*, long const*, long) [clone .kd]",2,8,251,1261566,1261566,1,1,0,0,8,0,16,64,"0x0","0x7faafa5a5380",4181228528753495,4181228528774486,4181228528777049,4181228528783640,2563
129,"__amd_rocclr_fillBufferAligned.kd",2,8,252,1261566,1261566,256,256,0,0,12,4,48,64,"0x0","0x7fc36f653580",4181228528780064,4181228528789748,4181228528791711,4181228528796018,1963
130,"ck_fused_attn::get_runtime_max_seqlen_kernel(unsigned long, int const*, int const*, unsigned long*) [clone .kd]",2,8,253,1261566,1261566,4096,128,0,0,4,4,32,64,"0x0","0x7faafa570940",4181228532887964,4181228532908434,4181228532915044,4181228532919551,6610
131,"__amd_rocclr_copyBuffer.kd",2,8,254,1261566,1261566,512,512,0,0,16,0,32,64,"0x7feb7cde9380","0x7fc36f653600",4181228532924538,4181228532946290,4181228532953220,4181228532956856,6930
132,"__amd_rocclr_fillBufferAligned.kd",2,8,256,1261566,1261566,256,256,0,0,12,4,48,64,"0x0","0x7fc36f653580",4181228532981152,4181228532990836,4181228532993440,4181228533060440,2604
133,"ck_fused_attn::get_runtime_max_seqlen_kernel(unsigned long, int const*, int const*, unsigned long*) [clone .kd]",2,8,257,1261566,1261566,4096,128,0,0,4,4,32,64,"0x0","0x7faafa570940",4181228532993881,4181228533001933,4181228533007982,4181228533072018,6049
134,"__amd_rocclr_copyBuffer.kd",2,8,258,1261566,1261566,512,512,0,0,16,0,32,64,"0x7feb7cde9280","0x7fc36f653600",4181228533003085,4181228533012829,4181228533018517,4181228533066279,5688
135,"void transformer_engine::fused_attn_rocm::compute_scores_kernel<hip_bfloat16, transformer_engine::fused_attn_rocm::SmallSeqConfig<4, 128, 256, false, (transformer_engine::fused_attn_rocm::CausalMaskType)0>, 1>(hip_bfloat16 const*, hip_bfloat16 const*, hip_bfloat16*, float, int const*, int const*, int, int) [clone .kd]",2,8,260,1261566,1261566,64000,64,0,0,112,0,32,64,"0x0","0x7faaf354f440",4181228548821592,4181228548847739,4181228548866607,4181228548874991,18868
136,"void transformer_engine::fused_attn_rocm::apply_mask_and_softmax_kernel<hip_bfloat16, transformer_engine::fused_attn_rocm::SmallSeqConfig<4, 128, 256, false, (transformer_engine::fused_attn_rocm::CausalMaskType)0> >(hip_bfloat16*, hip_bfloat16 const*, float, int const*, int, int) [clone .kd]",2,8,261,1261566,1261566,256000,256,1024,0,12,4,16,64,"0x0","0x7faaf354f480",4181228548843925,4181228548866607,4181228548871695,4181228548897134,5088
137,"void transformer_engine::fused_attn_rocm::compute_output_kernel<hip_bfloat16, transformer_engine::fused_attn_rocm::SmallSeqConfig<4, 128, 256, false, (transformer_engine::fused_attn_rocm::CausalMaskType)0>, 2, 8>(hip_bfloat16 const*, hip_bfloat16 const*, hip_bfloat16*, int const*, int const*, int, int) [clone .kd]",2,8,262,1261566,1261566,512000,64,8192,0,28,4,48,64,"0x0","0x7faaf354f4c0",4181228548851536,4181228548871695,4181228548919526,4181228548925246,47831
138,"loop_broadcast_fusion_5.kd",2,8,263,1261566,1261566,2048000,256,0,0,4,4,16,64,"0x0","0x7faafa5894c0",4181228548872838,4181228548919526,4181228548926817,4181228548956713,7291
139,"__amd_rocclr_fillBufferAligned.kd",2,8,264,1261566,1261566,77824,256,0,0,12,4,48,64,"0x0","0x7fc36f653580",4181228548970423,4181228548979936,4181228548987106,4181228548987809,7170
140,"__amd_rocclr_fillBufferAligned.kd",2,8,265,1261566,1261566,77824,256,0,0,12,4,48,64,"0x0","0x7fc36f653580",4181228548977473,4181228548987106,4181228549000607,4181228549004914,13501
141,"__amd_rocclr_fillBufferAligned.kd",2,8,266,1261566,1261566,77824,256,0,0,12,4,48,64,"0x0","0x7fc36f653580",4181228548984394,4181228549000607,4181228549015188,4181228549015210,14581
142,"__amd_rocclr_fillBufferAligned.kd",2,8,267,1261566,1261566,256,256,0,0,12,4,48,64,"0x0","0x7fc36f653580",4181228548994769,4181228549015188,4181228549019314,4181228549020718,4126
143,"ck_fused_attn::get_runtime_max_seqlen_kernel(unsigned long, int const*, int const*, unsigned long*) [clone .kd]",2,8,268,1261566,1261566,4096,128,0,0,4,4,32,64,"0x0","0x7faafa570940",4181228549005585,4181228549023481,4181228549028208,4181228549028169,4727
144,"__amd_rocclr_copyBuffer.kd",2,8,269,1261566,1261566,512,512,0,0,16,0,32,64,"0x7feb7cde9180","0x7fc36f653600",4181228549026546,4181228549045353,4181228549051723,4181228549055870,6370
145,"__amd_rocclr_fillBufferAligned.kd",2,8,271,1261566,1261566,256,256,0,0,12,4,48,64,"0x0","0x7fc36f653580",4181228549075720,4181228549085413,4181228549087536,4181228549092985,2123
146,"ck_fused_attn::get_runtime_max_seqlen_kernel(unsigned long, int const*, int const*, unsigned long*) [clone .kd]",2,8,272,1261566,1261566,4096,128,0,0,4,4,32,64,"0x0","0x7faafa570940",4181228549088519,4181228549099273,4181228549108006,4181228549112044,8733
147,"__amd_rocclr_copyBuffer.kd",2,8,273,1261566,1261566,512,512,0,0,16,0,32,64,"0x7feb7cde9080","0x7fc36f653600",4181228549098483,4181228549108006,4181228549113775,4181228549117582,5769
148,"void transformer_engine::fused_attn_rocm::compute_grad_v_kernel<hip_bfloat16, transformer_engine::fused_attn_rocm::SmallSeqConfig<4, 128, 256, false, (transformer_engine::fused_attn_rocm::CausalMaskType)0>, 16, 16>(hip_bfloat16 const*, hip_bfloat16 const*, hip_bfloat16*, int const*, int const*, int, int) [clone .kd]",2,8,275,1261566,1261566,256000,64,8192,0,32,0,48,64,"0x0","0x7faaf3550f00",4181228549138843,4181228549148346,4181228549261595,4181228549269047,113249
149,"void transformer_engine::fused_attn_rocm::compute_grad_attn_kernel<hip_bfloat16, transformer_engine::fused_attn_rocm::SmallSeqConfig<4, 128, 256, false, (transformer_engine::fused_attn_rocm::CausalMaskType)0>, 16>(hip_bfloat16 const*, hip_bfloat16 const*, hip_bfloat16*, int const*, int const*, int, int) [clone .kd]",2,8,276,1261566,1261566,8000,64,0,0,116,4,48,64,"0x0","0x7faaf3550f40",4181228549147957,4181228549261595,4181228549412820,4181228549413822,151225
150,"void transformer_engine::fused_attn_rocm::softmax_backward_kernel<hip_bfloat16, transformer_engine::fused_attn_rocm::SmallSeqConfig<4, 128, 256, false, (transformer_engine::fused_attn_rocm::CausalMaskType)0> >(hip_bfloat16 const*, hip_bfloat16 const*, hip_bfloat16*, float, int const*, int, int) [clone .kd]",2,8,277,1261566,1261566,256000,256,1024,0,12,4,16,64,"0x0","0x7faaf3550f80",4181228549156630,4181228549412820,4181228549419189,4181228549431148,6369
151,"void transformer_engine::fused_attn_rocm::compute_grad_qk_kernel<hip_bfloat16, transformer_engine::fused_attn_rocm::SmallSeqConfig<4, 128, 256, false, (transformer_engine::fused_attn_rocm::CausalMaskType)0>, 4, 16>(hip_bfloat16 const*, hip_bfloat16 const*, hip_bfloat16 const*, hip_bfloat16*, hip_bfloat16*, float, int const*, int const*, int, int) [clone .kd]",2,8,278,1261566,1261566,1024000,64,8192,0,36,4,48,64,"0x0","0x7faaf3550fc0",4181228549167065,4181228549419189,4181228549542012,4181228549542093,122823
152,"input_reduce_fusion.kd",2,8,279,1261566,1261566,524288,256,512,0,16,0,16,64,"0x0","0x7faafa589500",4181228549176760,4181228549542012,4181228549549503,4181228549551417,7491
153,"input_reduce_fusion_2.kd",2,8,280,1261566,1261566,128,128,512,0,24,0,16,64,"0x0","0x7faafa589540",4181228549185172,4181228549549503,4181228549555592,4181228549557196,6089
154,"loop_convert_fusion.kd",2,8,281,1261566,1261566,1,1,0,0,4,4,16,64,"0x0","0x7faafa589580",4181228549194927,4181228549555592,4181228549559758,4181228549565829,4166
155,"loop_compare_fusion.kd",2,8,284,1261566,1261566,16128,256,0,0,4,4,16,64,"0x0","0x7faafa588b00",4181228549541793,4181228549571656,4181228549577785,4181228549580981,6129
156,"input_reduce_reduce_window_fusion_2.kd",2,8,285,1261566,1261566,1024,1024,512,0,20,4,48,64,"0x0","0x7faafa588b40",4181228549554902,4181228549577785,4181228549603263,4181228549603024,25478
157,"loop_reduce_window_fusion_16.kd",2,8,286,1261566,1261566,1024,256,0,0,8,0,16,64,"0x0","0x7faafa588b80",4181228549574642,4181228549603263,4181228549608230,4181228549630314,4967
158,"loop_reduce_window_fusion_15.kd",2,8,287,1261566,1261566,64,64,0,0,8,0,16,64,"0x0","0x7faafa588bc0",4181228549585257,4181228549608230,4181228549613037,4181228549615673,4807
159,"loop_broadcast_fusion_2.kd",2,8,288,1261566,1261566,16128,256,0,0,4,4,16,64,"0x0","0x7faafa588c00",4181228549593710,4181228549613037,4181228549617404,4181228549622713,4367
160,"input_scatter_fusion_2.kd",2,8,289,1261566,1261566,16128,256,0,0,12,4,32,64,"0x0","0x7faafa588c40",4181228549605207,4181228549621370,4181228549625376,4181228549639007,4006
161,"loop_reduce_window_fusion_14.kd",2,8,290,1261566,1261566,16128,256,0,0,8,0,16,64,"0x0","0x7faafa588c80",4181228549620430,4181228549630543,4181228549634790,4181228549659398,4247
162,"loop_reduce_window_fusion_16.kd",2,8,291,1261566,1261566,1024,256,0,0,8,0,16,64,"0x0","0x7faafa588b80",4181228549629113,4181228549657423,4181228549663392,4181228549673769,5969
163,"loop_reduce_window_fusion_15.kd",2,8,292,1261566,1261566,64,64,0,0,8,0,16,64,"0x0","0x7faafa588bc0",4181228549655872,4181228549667158,4181228549669882,4181228549691015,2724
164,"loop_select_fusion_4.kd",2,8,293,1261566,1261566,16128,256,0,0,12,4,32,64,"0x0","0x7faafa588cc0",4181228549669102,4181228549678895,4181228549682581,4181228549685046,3686
165,"loop_select_fusion_2.kd",2,8,294,1261566,1261566,16128,256,0,0,4,4,16,64,"0x0","0x7faafa588d00",4181228549679157,4181228549707217,4181228549710142,4181228549711265,2925
166,"loop_reduce_window_fusion_14.kd",2,8,295,1261566,1261566,16128,256,0,0,8,0,16,64,"0x0","0x7faafa588c80",4181228549704685,4181228549713987,4181228549717633,4181228549720278,3646
167,"loop_reduce_window_fusion_16.kd",2,8,296,1261566,1261566,1024,256,0,0,8,0,16,64,"0x0","0x7faafa588b80",4181228549712146,4181228549727047,4181228549732896,4181228549737864,5849
168,"loop_reduce_window_fusion_15.kd",2,8,297,1261566,1261566,64,64,0,0,8,0,16,64,"0x0","0x7faafa588bc0",4181228549728140,4181228549738624,4181228549743111,4181228549747479,4487
169,"input_concatenate_fusion.kd",2,8,298,1261566,1261566,16128,256,0,0,12,4,32,64,"0x0","0x7faafa588d40",4181228549737594,4181228549753406,4181228549756971,4181228549757544,3565
170,"input_reduce_reduce_window_fusion.kd",2,8,299,1261566,1261566,8192,256,0,0,24,0,48,64,"0x0","0x7faafa588d80",4181228549751735,4181228549761658,4181228549774397,4181228549779416,12739
171,"loop_reduce_window_fusion_4.kd",2,8,300,1261566,1261566,1280,256,0,0,8,0,16,64,"0x0","0x7faafa588dc0",4181228549760638,4181228549774397,4181228549781848,4181228549786286,7451
172,"loop_reduce_window_fusion_3.kd",2,8,301,1261566,1261566,80,80,0,0,8,0,16,64,"0x0","0x7faafa588e00",4181228549771605,4181228549781848,4181228549786015,4181228549794929,4167
173,"loop_broadcast_fusion.kd",2,8,302,1261566,1261566,20224,256,0,0,4,4,16,64,"0x0","0x7faafa588e40",4181228549778535,4181228549802399,4181228549805043,4181228549807308,2644
174,"input_scatter_fusion.kd",2,8,303,1261566,1261566,20224,256,0,0,12,4,32,64,"0x0","0x7faafa588e80",4181228549805575,4181228549821547,4181228549826435,4181228549827217,4888
175,"loop_reduce_window_fusion_2.kd",2,8,304,1261566,1261566,20224,256,0,0,8,0,16,64,"0x0","0x7faafa588ec0",4181228549821409,4181228549831082,4181228549835248,4181228549834979,4166
176,"loop_reduce_window_fusion_4.kd",2,8,305,1261566,1261566,1280,256,0,0,8,0,16,64,"0x0","0x7faafa588dc0",4181228549828920,4181228549839134,4181228549844742,4181228549845765,5608
177,"loop_reduce_window_fusion_3.kd",2,8,306,1261566,1261566,80,80,0,0,8,0,16,64,"0x0","0x7faafa588e00",4181228549836852,4181228549848588,4181228549851993,4181228549852345,3405
178,"loop_remainder_fusion.kd",2,8,307,1261566,1261566,20224,256,0,0,12,4,32,64,"0x0","0x7faafa588f00",4181228549846566,4181228549868097,4181228549871742,4181228549871613,3645
179,"input_reduce_fusion_1.kd",2,8,308,1261566,1261566,64,64,0,0,8,0,16,64,"0x0","0x7faafa588f40",4181228549866506,4181228549875948,4181228549878071,4181228549879605,2123
180,"loop_select_fusion.kd",2,8,309,1261566,1261566,20224,256,0,0,8,0,32,64,"0x0","0x7faafa588f80",4181228549875038,4181228549884802,4181228549888006,4181228549889380,3204
181,"loop_compare_fusion_2.kd",2,8,310,1261566,1261566,4096,256,0,0,4,4,16,64,"0x0","0x7faafa588fc0",4181228549884052,4181228549894576,4181228549897100,4181228549898313,2524
182,"input_reduce_reduce_window_fusion_3.kd",2,8,311,1261566,1261566,256,256,512,0,20,4,32,64,"0x0","0x7faafa589000",4181228549893045,4181228549903389,4181228549920094,4181228549920145,16705
183,"loop_slice_fusion_1.kd",2,8,312,1261566,1261566,16,16,0,0,20,4,16,64,"0x0","0x7faafa589040",4181228549903150,4181228549920094,4181228549924821,4181228549927707,4727
184,"loop_broadcast_fusion_3.kd",2,8,313,1261566,1261566,4096,256,0,0,4,4,16,64,"0x0","0x7faafa589080",4181228549912514,4181228549924821,4181228549929147,4181228549935959,4326
185,"input_scatter_fusion_3.kd",2,8,314,1261566,1261566,4096,256,0,0,8,0,32,64,"0x0","0x7faafa5890c0",4181228549920526,4181228549943248,4181228549952502,4181228549956209,9254
186,"loop_reduce_window_fusion_18.kd",2,8,315,1261566,1261566,4096,256,0,0,8,0,16,64,"0x0","0x7faafa589100",4181228549941457,4181228549952502,4181228549958111,4181228549963169,5609
187,"loop_slice_fusion_1.kd",2,8,316,1261566,1261566,16,16,0,0,20,4,16,64,"0x0","0x7faafa589040",4181228549949038,4181228549958111,4181228549962277,4181228549977110,4166
188,"loop_remainder_fusion_1.kd",2,8,317,1261566,1261566,4096,256,0,0,12,4,16,64,"0x0","0x7faafa589140",4181228549956940,4181228549972852,4181228549979783,4181228549987676,6931
189,"loop_select_fusion_3.kd",2,8,318,1261566,1261566,4096,256,0,0,8,0,32,64,"0x0","0x7faafa589180",4181228549973635,4181228549985591,4181228549988476,4181228549996379,2885
190,"loop_reduce_window_fusion_18.kd",2,8,319,1261566,1261566,4096,256,0,0,8,0,16,64,"0x0","0x7faafa589100",4181228549983610,4181228549994284,4181228549998370,4181228550006925,4086
191,"loop_slice_fusion_1.kd",2,8,320,1261566,1261566,16,16,0,0,20,4,16,64,"0x0","0x7faafa589040",4181228549992814,4181228550004740,4181228550006943,4181228550019383,2203
192,"input_concatenate_fusion_1.kd",2,8,321,1261566,1261566,4096,256,0,0,8,0,32,64,"0x0","0x7faafa5891c0",4181228550004551,4181228550014915,4181228550023608,4181228550036829,8693
193,"loop_compare_fusion_1.kd",2,8,322,1261566,1261566,8192,256,0,0,4,4,16,64,"0x0","0x7faafa589200",4181228550013905,4181228550023608,4181228550027974,4181228550030550,4366
194,"input_reduce_reduce_window_fusion_1.kd",2,8,323,1261566,1261566,512,512,512,0,20,4,48,64,"0x0","0x7faafa589240",4181228550022628,4181228550051369,4181228550069156,4181228550069858,17787
195,"loop_reduce_window_fusion_8.kd",2,8,324,1261566,1261566,32,32,0,0,32,0,16,64,"0x0","0x7faafa589280",4181228550050509,4181228550069156,4181228550078930,4181228550083408,9774
196,"loop_broadcast_fusion_1.kd",2,8,325,1261566,1261566,8192,256,0,0,4,4,16,64,"0x0","0x7faafa5892c0",4181228550058702,4181228550078930,4181228550083938,4181228550089798,5008
197,"input_scatter_fusion_1.kd",2,8,326,1261566,1261566,8192,256,0,0,8,0,32,64,"0x0","0x7faafa589300",4181228550066052,4181228550083938,4181228550089426,4181228550097950,5488
198,"loop_reduce_window_fusion_7.kd",2,8,327,1261566,1261566,8192,256,0,0,8,0,16,64,"0x0","0x7faafa589340",4181228550074315,4181228550105450,4181228550109936,4181228550116708,4486
199,"loop_reduce_window_fusion_6.kd",2,8,328,1261566,1261566,512,256,0,0,8,0,16,64,"0x0","0x7faafa589380",4181228550110609,4181228550119991,4181228550125439,4181228550126773,5448
200,"loop_reduce_window_fusion_5.kd",2,8,329,1261566,1261566,32,32,0,0,8,0,16,64,"0x0","0x7faafa5893c0",4181228550118811,4181228550129485,4181228550133251,4181228550134564,3766
201,"loop_select_fusion_5.kd",2,8,330,1261566,1261566,8192,256,0,0,8,0,32,64,"0x0","0x7faafa589400",4181228550130428,4181228550140342,4181228550143947,4181228550144419,3605
202,"loop_select_fusion_1.kd",2,8,331,1261566,1261566,8192,256,0,0,8,0,16,64,"0x0","0x7faafa589440",4181228550138901,4181228550148033,4181228550150877,4181228550152371,2844
203,"loop_broadcast_fusion_4.kd",2,8,332,1261566,1261566,16,16,0,0,4,4,16,64,"0x0","0x7faafa589480",4181228550146853,4181228550156405,4181228550158248,4181228550159652,1843
204,"__amd_rocclr_fillBufferAligned.kd",2,8,333,1261566,1261566,77824,256,0,0,12,4,48,64,"0x0","0x7fc36f653580",4181228550163998,4181228550174072,4181228550188253,4181228550191048,14181
205,"__amd_rocclr_fillBufferAligned.kd",2,8,334,1261566,1261566,16128,256,0,0,12,4,48,64,"0x0","0x7fc36f653580",4181228550171399,4181228550188253,4181228550193180,4181228550198279,4927
206,"transformer_engine::fused_attn_rocm::populate_rng_state_kernel(long*, long const*, long) [clone .kd]",2,8,335,1261566,1261566,1,1,0,0,8,0,16,64,"0x0","0x7faafa5a5380",4181228550180703,4181228550193180,4181228550197346,4181228550206692,4166
207,"__amd_rocclr_fillBufferAligned.kd",2,8,336,1261566,1261566,256,256,0,0,12,4,48,64,"0x0","0x7fc36f653580",4181228550191129,4181228550213651,4181228550215774,4181228550223857,2123
208,"ck_fused_attn::get_runtime_max_seqlen_kernel(unsigned long, int const*, int const*, unsigned long*) [clone .kd]",2,8,337,1261566,1261566,4096,128,0,0,4,4,32,64,"0x0","0x7faafa570940",4181228550212681,4181228550222704,4181228550228553,4181228550234413,5849
209,"__amd_rocclr_copyBuffer.kd",2,8,338,1261566,1261566,512,512,0,0,16,0,32,64,"0x7feb7cde8e80","0x7fc36f653600",4181228550223917,4181228550242534,4181228550248783,4181228550250727,6249
210,"__amd_rocclr_fillBufferAligned.kd",2,8,340,1261566,1261566,256,256,0,0,12,4,48,64,"0x0","0x7fc36f653580",4181228550269585,4181228550278868,4181228550280991,4181228550317506,2123
211,"ck_fused_attn::get_runtime_max_seqlen_kernel(unsigned long, int const*, int const*, unsigned long*) [clone .kd]",2,8,341,1261566,1261566,4096,128,0,0,4,4,32,64,"0x0","0x7faafa570940",4181228550278368,4181228550288121,4181228550294010,4181228550328212,5889
212,"__amd_rocclr_copyBuffer.kd",2,8,342,1261566,1261566,512,512,0,0,16,0,32,64,"0x7feb7cde8d80","0x7fc36f653600",4181228550286991,4181228550298777,4181228550304466,4181228550323255,5689
213,"void transformer_engine::fused_attn_rocm::compute_scores_kernel<hip_bfloat16, transformer_engine::fused_attn_rocm::SmallSeqConfig<4, 128, 256, false, (transformer_engine::fused_attn_rocm::CausalMaskType)0>, 1>(hip_bfloat16 const*, hip_bfloat16 const*, hip_bfloat16*, float, int const*, int const*, int, int) [clone .kd]",2,8,344,1261566,1261566,64000,64,0,0,112,0,32,64,"0x0","0x7faaf354f440",4181228550341622,4181228550355942,4181228550375131,4181228550376434,19189
214,"void transformer_engine::fused_attn_rocm::apply_mask_and_softmax_kernel<hip_bfloat16, transformer_engine::fused_attn_rocm::SmallSeqConfig<4, 128, 256, false, (transformer_engine::fused_attn_rocm::CausalMaskType)0> >(hip_bfloat16*, hip_bfloat16 const*, float, int const*, int, int) [clone .kd]",2,8,345,1261566,1261566,256000,256,1024,0,12,4,16,64,"0x0","0x7faaf354f480",4181228550353881,4181228550375131,4181228550380218,4181228550395332,5087
215,"void transformer_engine::fused_attn_rocm::compute_output_kernel<hip_bfloat16, transformer_engine::fused_attn_rocm::SmallSeqConfig<4, 128, 256, false, (transformer_engine::fused_attn_rocm::CausalMaskType)0>, 2, 8>(hip_bfloat16 const*, hip_bfloat16 const*, hip_bfloat16*, int const*, int const*, int, int) [clone .kd]",2,8,346,1261566,1261566,512000,64,8192,0,28,4,48,64,"0x0","0x7faaf354f4c0",4181228550362273,4181228550380218,4181228550425085,4181228550430434,44867
216,"loop_broadcast_fusion_5.kd",2,8,347,1261566,1261566,2048000,256,0,0,4,4,16,64,"0x0","0x7faafa5894c0",4181228550370575,4181228550425085,4181228550433257,4181228550438156,8172
217,"__amd_rocclr_fillBufferAligned.kd",2,8,348,1261566,1261566,77824,256,0,0,12,4,48,64,"0x0","0x7fc36f653580",4181228550385958,4181228550433257,4181228550440067,4181228550445998,6810
218,"__amd_rocclr_fillBufferAligned.kd",2,8,349,1261566,1261566,77824,256,0,0,12,4,48,64,"0x0","0x7fc36f653580",4181228550392748,4181228550440067,4181228550452966,4181228550454580,12899
219,"__amd_rocclr_fillBufferAligned.kd",2,8,350,1261566,1261566,77824,256,0,0,12,4,48,64,"0x0","0x7fc36f653580",4181228550399028,4181228550452966,4181228550465906,4181228550475491,12940
220,"__amd_rocclr_fillBufferAligned.kd",2,8,351,1261566,1261566,256,256,0,0,12,4,48,64,"0x0","0x7fc36f653580",4181228550409033,4181228550465906,4181228550470753,4181228550471145,4847
221,"ck_fused_attn::get_runtime_max_seqlen_kernel(unsigned long, int const*, int const*, unsigned long*) [clone .kd]",2,8,352,1261566,1261566,4096,128,0,0,4,4,32,64,"0x0","0x7faafa570940",4181228550415222,4181228550470753,4181228550476682,4181228550481671,5929
222,"__amd_rocclr_copyBuffer.kd",2,8,353,1261566,1261566,512,512,0,0,16,0,32,64,"0x7feb7cde8c80","0x7fc36f653600",4181228550423534,4181228550476682,4181228550482410,4181228550486568,5728
223,"__amd_rocclr_fillBufferAligned.kd",2,8,355,1261566,1261566,256,256,0,0,12,4,48,64,"0x0","0x7fc36f653580",4181228550506538,4181228550518183,4181228550520146,4181228550522251,1963
224,"ck_fused_attn::get_runtime_max_seqlen_kernel(unsigned long, int const*, int const*, unsigned long*) [clone .kd]",2,8,356,1261566,1261566,4096,128,0,0,4,4,32,64,"0x0","0x7faafa570940",4181228550516743,4181228550524954,4181228550530762,4181228550531625,5808
225,"__amd_rocclr_copyBuffer.kd",2,8,357,1261566,1261566,512,512,0,0,16,0,32,64,"0x7feb7cde8b80","0x7fc36f653600",4181228550524004,4181228550540577,4181228550547026,4181228550554659,6449
226,"void transformer_engine::fused_attn_rocm::compute_grad_v_kernel<hip_bfloat16, transformer_engine::fused_attn_rocm::SmallSeqConfig<4, 128, 256, false, (transformer_engine::fused_attn_rocm::CausalMaskType)0>, 16, 16>(hip_bfloat16 const*, hip_bfloat16 const*, hip_bfloat16*, int const*, int const*, int, int) [clone .kd]",2,8,359,1261566,1261566,256000,64,8192,0,32,0,48,64,"0x0","0x7faaf3550f00",4181228550571474,4181228550582399,4181228550693725,4181228550697552,111326
227,"void transformer_engine::fused_attn_rocm::compute_grad_attn_kernel<hip_bfloat16, transformer_engine::fused_attn_rocm::SmallSeqConfig<4, 128, 256, false, (transformer_engine::fused_attn_rocm::CausalMaskType)0>, 16>(hip_bfloat16 const*, hip_bfloat16 const*, hip_bfloat16*, int const*, int const*, int, int) [clone .kd]",2,8,360,1261566,1261566,8000,64,0,0,116,4,48,64,"0x0","0x7faaf3550f40",4181228550580588,4181228550693725,4181228550844349,4181228550849448,150624
228,"void transformer_engine::fused_attn_rocm::softmax_backward_kernel<hip_bfloat16, transformer_engine::fused_attn_rocm::SmallSeqConfig<4, 128, 256, false, (transformer_engine::fused_attn_rocm::CausalMaskType)0> >(hip_bfloat16 const*, hip_bfloat16 const*, hip_bfloat16*, float, int const*, int, int) [clone .kd]",2,8,361,1261566,1261566,256000,256,1024,0,12,4,16,64,"0x0","0x7faaf3550f80",4181228550589461,4181228550844349,4181228550850117,4181228550862547,5768
229,"void transformer_engine::fused_attn_rocm::compute_grad_qk_kernel<hip_bfloat16, transformer_engine::fused_attn_rocm::SmallSeqConfig<4, 128, 256, false, (transformer_engine::fused_attn_rocm::CausalMaskType)0>, 4, 16>(hip_bfloat16 const*, hip_bfloat16 const*, hip_bfloat16 const*, hip_bfloat16*, hip_bfloat16*, float, int const*, int const*, int, int) [clone .kd]",2,8,362,1261566,1261566,1024000,64,8192,0,36,4,48,64,"0x0","0x7faaf3550fc0",4181228550596872,4181228550850117,4181228550966931,4181228550970668,116814
230,"input_reduce_fusion.kd",2,8,363,1261566,1261566,524288,256,512,0,16,0,16,64,"0x0","0x7faafa589500",4181228550606757,4181228550966931,4181228550972980,4181228550978880,6049
231,"input_reduce_fusion_2.kd",2,8,364,1261566,1261566,128,128,512,0,24,0,16,64,"0x0","0x7faafa589540",4181228550615400,4181228550972980,4181228550978708,4181228550985109,5728
232,"loop_convert_fusion.kd",2,8,365,1261566,1261566,1,1,0,0,4,4,16,64,"0x0","0x7faafa589580",4181228550623071,4181228550978708,4181228550983876,4181228550990838,5168
233,"loop_compare_fusion.kd",2,8,368,1261566,1261566,16128,256,0,0,4,4,16,64,"0x0","0x7faafa588b00",4181228550730871,4181228550996415,4181228551002424,4181228551021143,6009
234,"input_reduce_reduce_window_fusion_2.kd",2,8,369,1261566,1261566,1024,1024,512,0,20,4,48,64,"0x0","0x7faafa588b40",4181228550740666,4181228551002424,4181228551026620,4181228551026251,24196
235,"loop_reduce_window_fusion_16.kd",2,8,370,1261566,1261566,1024,256,0,0,8,0,16,64,"0x0","0x7faafa588b80",4181228550748417,4181228551026620,4181228551031667,4181228551032710,5047
236,"loop_reduce_window_fusion_15.kd",2,8,371,1261566,1261566,64,64,0,0,8,0,16,64,"0x0","0x7faafa588bc0",4181228550764511,4181228551031667,4181228551036354,4181228551038759,4687
237,"loop_broadcast_fusion_2.kd",2,8,372,1261566,1261566,16128,256,0,0,4,4,16,64,"0x0","0x7faafa588c00",4181228550774015,4181228551036354,4181228551041241,4181228551050837,4887
238,"input_scatter_fusion_2.kd",2,8,373,1261566,1261566,16128,256,0,0,12,4,32,64,"0x0","0x7faafa588c40",4181228550790280,4181228551041241,4181228551045888,4181228551058298,4647
239,"loop_reduce_window_fusion_14.kd",2,8,374,1261566,1261566,16128,256,0,0,8,0,16,64,"0x0","0x7faafa588c80",4181228550801086,4181228551045888,4181228551050695,4181228551073881,4807
240,"loop_reduce_window_fusion_16.kd",2,8,375,1261566,1261566,1024,256,0,0,8,0,16,64,"0x0","0x7faafa588b80",4181228550815587,4181228551050695,4181228551055743,4181228551068473,5048
241,"loop_reduce_window_fusion_15.kd",2,8,376,1261566,1261566,64,64,0,0,8,0,16,64,"0x0","0x7faafa588bc0",4181228550826614,4181228551055743,4181228551060470,4181228551096655,4727
242,"loop_select_fusion_4.kd",2,8,377,1261566,1261566,16128,256,0,0,12,4,32,64,"0x0","0x7faafa588cc0",4181228550844220,4181228551060470,4181228551065397,4181228551102634,4927
243,"loop_select_fusion_2.kd",2,8,378,1261566,1261566,16128,256,0,0,4,4,16,64,"0x0","0x7faafa588d00",4181228550878050,4181228551065397,4181228551070204,4181228551108543,4807
244,"loop_reduce_window_fusion_14.kd",2,8,379,1261566,1261566,16128,256,0,0,8,0,16,64,"0x0","0x7faafa588c80",4181228550885531,4181228551070204,4181228551074972,4181228551090646,4768
245,"loop_reduce_window_fusion_16.kd",2,8,380,1261566,1261566,1024,256,0,0,8,0,16,64,"0x0","0x7faafa588b80",4181228550891680,4181228551074972,4181228551079779,4181228551080982,4807
246,"loop_reduce_window_fusion_15.kd",2,8,381,1261566,1261566,64,64,0,0,8,0,16,64,"0x0","0x7faafa588bc0",4181228550907915,4181228551079779,4181228551084506,4181228551128963,4727
247,"input_concatenate_fusion.kd",2,8,382,1261566,1261566,16128,256,0,0,12,4,32,64,"0x0","0x7faafa588d40",4181228550918951,4181228551084506,4181228551089513,4181228551122834,5007
248,"input_reduce_reduce_window_fusion.kd",2,8,383,1261566,1261566,8192,256,0,0,24,0,48,64,"0x0","0x7faafa588d80",4181228550935896,4181228551089513,4181228551098967,4181228551117146,9454
249,"loop_reduce_window_fusion_4.kd",2,8,384,1261566,1261566,1280,256,0,0,8,0,16,64,"0x0","0x7faafa588dc0",4181228550947994,4181228551098967,4181228551103814,4181228551135042,4847
250,"loop_reduce_window_fusion_3.kd",2,8,385,1261566,1261566,80,80,0,0,8,0,16,64,"0x0","0x7faafa588e00",4181228550965310,4181228551103814,4181228551108582,4181228551144827,4768
251,"loop_broadcast_fusion.kd",2,8,386,1261566,1261566,20224,256,0,0,4,4,16,64,"0x0","0x7faafa588e40",4181228551005159,4181228551108582,4181228551113629,4181228551149884,5047
252,"input_scatter_fusion.kd",2,8,387,1261566,1261566,20224,256,0,0,12,4,32,64,"0x0","0x7faafa588e80",4181228551015705,4181228551113629,4181228551118396,4181228551198026,4767
253,"loop_reduce_window_fusion_2.kd",2,8,388,1261566,1261566,20224,256,0,0,8,0,16,64,"0x0","0x7faafa588ec0",4181228551023376,4181228551118396,4181228551123243,4181228551203805,4847
254,"loop_reduce_window_fusion_4.kd",2,8,389,1261566,1261566,1280,256,0,0,8,0,16,64,"0x0","0x7faafa588dc0",4181228551031649,4181228551123243,4181228551128251,4181228551158317,5008
255,"loop_reduce_window_fusion_3.kd",2,8,390,1261566,1261566,80,80,0,0,8,0,16,64,"0x0","0x7faafa588e00",4181228551074022,4181228551128251,4181228551133018,4181228551187090,4767
256,"loop_remainder_fusion.kd",2,8,391,1261566,1261566,20224,256,0,0,12,4,32,64,"0x0","0x7faafa588f00",4181228551089054,4181228551133018,4181228551137384,4181228551192277,4366
257,"input_reduce_fusion_1.kd",2,8,392,1261566,1261566,64,64,0,0,8,0,16,64,"0x0","0x7faafa588f40",4181228551122804,4181228551164705,4181228551166908,4181228551180670,2203
258,"loop_select_fusion.kd",2,8,393,1261566,1261566,20224,256,0,0,8,0,32,64,"0x0","0x7faafa588f80",4181228551178347,4181228551218745,4181228551222110,4181228551222633,3365
259,"loop_compare_fusion_2.kd",2,8,394,1261566,1261566,4096,256,0,0,4,4,16,64,"0x0","0x7faafa588fc0",4181228551220519,4181228551236652,4181228551239496,4181228551242232,2844
260,"input_reduce_reduce_window_fusion_3.kd",2,8,395,1261566,1261566,256,256,512,0,20,4,32,64,"0x0","0x7faafa589000",4181228551235632,4181228551245145,4181228551261329,4181228551263493,16184
261,"loop_slice_fusion_1.kd",2,8,396,1261566,1261566,16,16,0,0,20,4,16,64,"0x0","0x7faafa589040",4181228551243434,4181228551261329,4181228551266056,4181228551270394,4727
262,"loop_broadcast_fusion_3.kd",2,8,397,1261566,1261566,4096,256,0,0,4,4,16,64,"0x0","0x7faafa589080",4181228551255982,4181228551266056,4181228551270382,4181228551289162,4326
263,"input_scatter_fusion_3.kd",2,8,398,1261566,1261566,4096,256,0,0,8,0,32,64,"0x0","0x7faafa5890c0",4181228551264455,4181228551279516,4181228551286646,4181228551296653,7130
264,"loop_reduce_window_fusion_18.kd",2,8,399,1261566,1261566,4096,256,0,0,8,0,16,64,"0x0","0x7faafa589100",4181228551277925,4181228551295059,4181228551299065,4181228551304895,4006
265,"loop_slice_fusion_1.kd",2,8,400,1261566,1261566,16,16,0,0,20,4,16,64,"0x0","0x7faafa589040",4181228551294139,4181228551311043,4181228551313046,4181228551312837,2003
266,"loop_remainder_fusion_1.kd",2,8,401,1261566,1261566,4096,256,0,0,12,4,16,64,"0x0","0x7faafa589140",4181228551310774,4181228551328429,4181228551335479,4181228551335561,7050
267,"loop_select_fusion_3.kd",2,8,402,1261566,1261566,4096,256,0,0,8,0,32,64,"0x0","0x7faafa589180",4181228551330062,4181228551339485,4181228551342329,4181228551343322,2844
268,"loop_reduce_window_fusion_18.kd",2,8,403,1261566,1261566,4096,256,0,0,8,0,16,64,"0x0","0x7faafa589100",4181228551337984,4181228551347617,4181228551351863,4181228551351534,4246
269,"loop_slice_fusion_1.kd",2,8,404,1261566,1261566,16,16,0,0,20,4,16,64,"0x0","0x7faafa589040",4181228551346206,4181228551355669,4181228551357872,4181228551359226,2203
270,"input_concatenate_fusion_1.kd",2,8,405,1261566,1261566,4096,256,0,0,8,0,32,64,"0x0","0x7faafa5891c0",4181228551353948,4181228551363601,4181228551372294,4181228551378965,8693
271,"loop_compare_fusion_1.kd",2,8,406,1261566,1261566,8192,256,0,0,4,4,16,64,"0x0","0x7faafa589200",4181228551362130,4181228551372294,4181228551376660,4181228551385745,4366
272,"input_reduce_reduce_window_fusion_1.kd",2,8,407,1261566,1261566,512,512,512,0,20,4,48,64,"0x0","0x7faafa589240",4181228551370473,4181228551380626,4181228551396570,4181228551396271,15944
273,"loop_reduce_window_fusion_8.kd",2,8,408,1261566,1261566,32,32,0,0,32,0,16,64,"0x0","0x7faafa589280",4181228551377673,4181228551401137,4181228551411712,4181228551413026,10575
274,"loop_broadcast_fusion_1.kd",2,8,409,1261566,1261566,8192,256,0,0,4,4,16,64,"0x0","0x7faafa5892c0",4181228551401569,4181228551416640,4181228551419564,4181228551421138,2924
275,"input_scatter_fusion_1.kd",2,8,410,1261566,1261566,8192,256,0,0,8,0,32,64,"0x0","0x7faafa589300",4181228551417132,4181228551426855,4181228551433224,4181228551441458,6369
276,"loop_reduce_window_fusion_7.kd",2,8,411,1261566,1261566,8192,256,0,0,8,0,16,64,"0x0","0x7faafa589340",4181228551425014,4181228551437391,4181228551440075,4181228551447818,2684
277,"loop_reduce_window_fusion_6.kd",2,8,412,1261566,1261566,512,256,0,0,8,0,16,64,"0x0","0x7faafa589380",4181228551434187,4181228551444081,4181228551448327,4181228551456350,4246
278,"loop_reduce_window_fusion_5.kd",2,8,413,1261566,1261566,32,32,0,0,8,0,16,64,"0x0","0x7faafa5893c0",4181228551441108,4181228551462949,4181228551467475,4181228551470171,4526
279,"loop_select_fusion_5.kd",2,8,414,1261566,1261566,8192,256,0,0,8,0,32,64,"0x0","0x7faafa589400",4181228551465914,4181228551477050,4181228551480575,4181228551481898,3525
280,"loop_select_fusion_1.kd",2,8,415,1261566,1261566,8192,256,0,0,8,0,16,64,"0x0","0x7faafa589440",4181228551475689,4181228551485262,4181228551488186,4181228551489870,2924
281,"loop_broadcast_fusion_4.kd",2,8,416,1261566,1261566,16,16,0,0,4,4,16,64,"0x0","0x7faafa589480",4181228551483851,4181228551493594,4181228551495437,4181228551499675,1843
282,"__amd_rocclr_fillBufferAligned.kd",2,8,417,1261566,1261566,77824,256,0,0,12,4,48,64,"0x0","0x7fc36f653580",4181228551500155,4181228551515106,4181228551529928,4181228551531863,14822
283,"__amd_rocclr_fillBufferAligned.kd",2,8,418,1261566,1261566,16128,256,0,0,12,4,48,64,"0x0","0x7fc36f653580",4181228551512334,4181228551529928,4181228551534815,4181228551539043,4887
284,"transformer_engine::fused_attn_rocm::populate_rng_state_kernel(long*, long const*, long) [clone .kd]",2,8,419,1261566,1261566,1,1,0,0,8,0,16,64,"0x0","0x7faafa5a5380",4181228551521497,4181228551534815,4181228551538982,4181228551547956,4167
285,"__amd_rocclr_fillBufferAligned.kd",2,8,420,1261566,1261566,256,256,0,0,12,4,48,64,"0x0","0x7fc36f653580",4181228551531232,4181228551554164,4181228551556087,4181228551556499,1923
286,"ck_fused_attn::get_runtime_max_seqlen_kernel(unsigned long, int const*, int const*, unsigned long*) [clone .kd]",2,8,421,1261566,1261566,4096,128,0,0,4,4,32,64,"0x0","0x7faafa570940",4181228551551752,4181228551562016,4181228551567744,4181228551572723,5728
287,"__amd_rocclr_copyBuffer.kd",2,8,422,1261566,1261566,512,512,0,0,16,0,32,64,"0x7feb7cde8980","0x7fc36f653600",4181228551562598,4181228551573032,4181228551579602,4181228551581426,6570
288,"__amd_rocclr_fillBufferAligned.kd",2,8,424,1261566,1261566,256,256,0,0,12,4,48,64,"0x0","0x7fc36f653580",4181228551599814,4181228551609847,4181228551611770,4181228551650529,1923
289,"ck_fused_attn::get_runtime_max_seqlen_kernel(unsigned long, int const*, int const*, unsigned long*) [clone .kd]",2,8,425,1261566,1261566,4096,128,0,0,4,4,32,64,"0x0","0x7faafa570940",4181228551610439,4181228551619301,4181228551624950,4181228551661565,5649
290,"__amd_rocclr_copyBuffer.kd",2,8,426,1261566,1261566,512,512,0,0,16,0,32,64,"0x7feb7cde8880","0x7fc36f653600",4181228551618531,4181228551630398,4181228551636847,4181228551656218,6449
291,"void transformer_engine::fused_attn_rocm::compute_scores_kernel<hip_bfloat16, transformer_engine::fused_attn_rocm::SmallSeqConfig<4, 128, 256, false, (transformer_engine::fused_attn_rocm::CausalMaskType)0>, 1>(hip_bfloat16 const*, hip_bfloat16 const*, hip_bfloat16*, float, int const*, int const*, int, int) [clone .kd]",2,8,428,1261566,1261566,64000,64,0,0,112,0,32,64,"0x0","0x7faaf354f440",4181228551673283,4181228551688804,4181228551707913,4181228551710458,19109
292,"void transformer_engine::fused_attn_rocm::apply_mask_and_softmax_kernel<hip_bfloat16, transformer_engine::fused_attn_rocm::SmallSeqConfig<4, 128, 256, false, (transformer_engine::fused_attn_rocm::CausalMaskType)0> >(hip_bfloat16*, hip_bfloat16 const*, float, int const*, int, int) [clone .kd]",2,8,429,1261566,1261566,256000,256,1024,0,12,4,16,64,"0x0","0x7faaf354f480",4181228551687003,4181228551707913,4181228551713000,4181228551717439,5087
293,"void transformer_engine::fused_attn_rocm::compute_output_kernel<hip_bfloat16, transformer_engine::fused_attn_rocm::SmallSeqConfig<4, 128, 256, false, (transformer_engine::fused_attn_rocm::CausalMaskType)0>, 2, 8>(hip_bfloat16 const*, hip_bfloat16 const*, hip_bfloat16*, int const*, int const*, int, int) [clone .kd]",2,8,430,1261566,1261566,512000,64,8192,0,28,4,48,64,"0x0","0x7faaf354f4c0",4181228551695155,4181228551713000,4181228551761633,4181228551765760,48633
294,"loop_broadcast_fusion_5.kd",2,8,431,1261566,1261566,2048000,256,0,0,4,4,16,64,"0x0","0x7faafa5894c0",4181228551703848,4181228551761633,4181228551769685,4181228551771920,8052
295,"__amd_rocclr_fillBufferAligned.kd",2,8,432,1261566,1261566,77824,256,0,0,12,4,48,64,"0x0","0x7fc36f653580",4181228551719291,4181228551769685,4181228551776535,4181228551776546,6850
296,"__amd_rocclr_fillBufferAligned.kd",2,8,433,1261566,1261566,77824,256,0,0,12,4,48,64,"0x0","0x7fc36f653580",4181228551728685,4181228551776535,4181228551789554,4181228551793141,13019
297,"__amd_rocclr_fillBufferAligned.kd",2,8,434,1261566,1261566,77824,256,0,0,12,4,48,64,"0x0","0x7fc36f653580",4181228551735215,4181228551789554,4181228551802333,4181228551803006,12779
298,"__amd_rocclr_fillBufferAligned.kd",2,8,435,1261566,1261566,256,256,0,0,12,4,48,64,"0x0","0x7fc36f653580",4181228551743297,4181228551802333,4181228551807140,4181228551809435,4807
299,"ck_fused_attn::get_runtime_max_seqlen_kernel(unsigned long, int const*, int const*, unsigned long*) [clone .kd]",2,8,436,1261566,1261566,4096,128,0,0,4,4,32,64,"0x0","0x7faafa570940",4181228551750187,4181228551807140,4181228551813069,4181228551815795,5929
300,"__amd_rocclr_copyBuffer.kd",2,8,437,1261566,1261566,512,512,0,0,16,0,32,64,"0x7feb7cde8780","0x7fc36f653600",4181228551758440,4181228551813069,4181228551818718,4181228551820622,5649
301,"__amd_rocclr_fillBufferAligned.kd",2,8,439,1261566,1261566,256,256,0,0,12,4,48,64,"0x0","0x7fc36f653580",4181228551840832,4181228551849924,4181228551851927,4181228551859029,2003
302,"ck_fused_attn::get_runtime_max_seqlen_kernel(unsigned long, int const*, int const*, unsigned long*) [clone .kd]",2,8,440,1261566,1261566,4096,128,0,0,4,4,32,64,"0x0","0x7faafa570940",4181228551848243,4181228551857295,4181228551862943,4181228551866530,5648
303,"__amd_rocclr_copyBuffer.kd",2,8,441,1261566,1261566,512,512,0,0,16,0,32,64,"0x7feb7cde8680","0x7fc36f653600",4181228551856105,4181228551867911,4181228551872838,4181228551873411,4927
304,"void transformer_engine::fused_attn_rocm::compute_grad_v_kernel<hip_bfloat16, transformer_engine::fused_attn_rocm::SmallSeqConfig<4, 128, 256, false, (transformer_engine::fused_attn_rocm::CausalMaskType)0>, 16, 16>(hip_bfloat16 const*, hip_bfloat16 const*, hip_bfloat16*, int const*, int const*, int, int) [clone .kd]",2,8,443,1261566,1261566,256000,64,8192,0,32,0,48,64,"0x0","0x7faaf3550f00",4181228551889074,4181228551900159,4181228552010683,4181228552013889,110524
305,"void transformer_engine::fused_attn_rocm::compute_grad_attn_kernel<hip_bfloat16, transformer_engine::fused_attn_rocm::SmallSeqConfig<4, 128, 256, false, (transformer_engine::fused_attn_rocm::CausalMaskType)0>, 16>(hip_bfloat16 const*, hip_bfloat16 const*, hip_bfloat16*, int const*, int const*, int, int) [clone .kd]",2,8,444,1261566,1261566,8000,64,0,0,116,4,48,64,"0x0","0x7faaf3550f40",4181228551898257,4181228552010683,4181228552161347,4181228552164964,150664
306,"void transformer_engine::fused_attn_rocm::softmax_backward_kernel<hip_bfloat16, transformer_engine::fused_attn_rocm::SmallSeqConfig<4, 128, 256, false, (transformer_engine::fused_attn_rocm::CausalMaskType)0> >(hip_bfloat16 const*, hip_bfloat16 const*, hip_bfloat16*, float, int const*, int, int) [clone .kd]",2,8,445,1261566,1261566,256000,256,1024,0,12,4,16,64,"0x0","0x7faaf3550f80",4181228551906820,4181228552161347,4181228552167036,4181228552172966,5689
307,"void transformer_engine::fused_attn_rocm::compute_grad_qk_kernel<hip_bfloat16, transformer_engine::fused_attn_rocm::SmallSeqConfig<4, 128, 256, false, (transformer_engine::fused_attn_rocm::CausalMaskType)0>, 4, 16>(hip_bfloat16 const*, hip_bfloat16 const*, hip_bfloat16 const*, hip_bfloat16*, hip_bfloat16*, float, int const*, int const*, int, int) [clone .kd]",2,8,446,1261566,1261566,1024000,64,8192,0,36,4,48,64,"0x0","0x7faaf3550fc0",4181228551914822,4181228552167036,4181228552286173,4181228552286355,119137
308,"input_reduce_fusion.kd",2,8,447,1261566,1261566,524288,256,512,0,16,0,16,64,"0x0","0x7faafa589500",4181228551923345,4181228552286173,4181228552291982,4181228552295548,5809
309,"input_reduce_fusion_2.kd",2,8,448,1261566,1261566,128,128,512,0,24,0,16,64,"0x0","0x7faafa589540",4181228551930285,4181228552291982,4181228552297710,4181228552301607,5728
310,"loop_convert_fusion.kd",2,8,449,1261566,1261566,1,1,0,0,4,4,16,64,"0x0","0x7faafa589580",4181228551938127,4181228552297710,4181228552301756,4181228552307386,4046
311,"loop_compare_fusion.kd",2,8,452,1261566,1261566,16128,256,0,0,4,4,16,64,"0x0","0x7faafa588b00",4181228552034270,4181228552313133,4181228552319022,4181228552319704,5889
312,"input_reduce_reduce_window_fusion_2.kd",2,8,453,1261566,1261566,1024,1024,512,0,20,4,48,64,"0x0","0x7faafa588b40",4181228552044375,4181228552319022,4181228552344059,4181228552357190,25037
313,"loop_reduce_window_fusion_16.kd",2,8,454,1261566,1261566,1024,256,0,0,8,0,16,64,"0x0","0x7faafa588b80",4181228552052637,4181228552344059,4181228552349427,4181228552363860,5368
314,"loop_reduce_window_fusion_15.kd",2,8,455,1261566,1261566,64,64,0,0,8,0,16,64,"0x0","0x7faafa588bc0",4181228552061450,4181228552349427,4181228552354074,4181228552369598,4647
315,"loop_broadcast_fusion_2.kd",2,8,456,1261566,1261566,16128,256,0,0,4,4,16,64,"0x0","0x7faafa588c00",4181228552068381,4181228552354074,4181228552358921,4181228552376058,4847
316,"input_scatter_fusion_2.kd",2,8,457,1261566,1261566,16128,256,0,0,12,4,32,64,"0x0","0x7faafa588c40",4181228552076082,4181228552358921,4181228552363608,4181228552382007,4687
317,"loop_reduce_window_fusion_14.kd",2,8,458,1261566,1261566,16128,256,0,0,8,0,16,64,"0x0","0x7faafa588c80",4181228552083934,4181228552363608,4181228552368455,4181228552412823,4847
318,"loop_reduce_window_fusion_16.kd",2,8,459,1261566,1261566,1024,256,0,0,8,0,16,64,"0x0","0x7faafa588b80",4181228552090614,4181228552368455,4181228552373623,4181228552407595,5168
319,"loop_reduce_window_fusion_15.kd",2,8,460,1261566,1261566,64,64,0,0,8,0,16,64,"0x0","0x7faafa588bc0",4181228552097694,4181228552373623,4181228552378270,4181228552401927,4647
320,"loop_select_fusion_4.kd",2,8,461,1261566,1261566,16128,256,0,0,12,4,32,64,"0x0","0x7faafa588cc0",4181228552105376,4181228552378270,4181228552383197,4181228552396218,4927
321,"loop_select_fusion_2.kd",2,8,462,1261566,1261566,16128,256,0,0,4,4,16,64,"0x0","0x7faafa588d00",4181228552113297,4181228552383197,4181228552387884,4181228552388226,4687
322,"loop_reduce_window_fusion_14.kd",2,8,463,1261566,1261566,16128,256,0,0,8,0,16,64,"0x0","0x7faafa588c80",4181228552120668,4181228552387884,4181228552392571,4181228552451610,4687
323,"loop_reduce_window_fusion_16.kd",2,8,464,1261566,1261566,1024,256,0,0,8,0,16,64,"0x0","0x7faafa588b80",4181228552128199,4181228552392571,4181228552397458,4181228552433594,4887
324,"loop_reduce_window_fusion_15.kd",2,8,465,1261566,1261566,64,64,0,0,8,0,16,64,"0x0","0x7faafa588bc0",4181228552135701,4181228552397458,4181228552402225,4181228552421025,4767
325,"input_concatenate_fusion.kd",2,8,466,1261566,1261566,16128,256,0,0,12,4,32,64,"0x0","0x7faafa588d40",4181228552142711,4181228552402225,4181228552407233,4181228552457249,5008
326,"input_reduce_reduce_window_fusion.kd",2,8,467,1261566,1261566,8192,256,0,0,24,0,48,64,"0x0","0x7faafa588d80",4181228552158234,4181228552407233,4181228552416727,4181228552462757,9494
327,"loop_reduce_window_fusion_4.kd",2,8,468,1261566,1261566,1280,256,0,0,8,0,16,64,"0x0","0x7faafa588dc0",4181228552178624,4181228552416727,4181228552421694,4181228552468185,4967
328,"loop_reduce_window_fusion_3.kd",2,8,469,1261566,1261566,80,80,0,0,8,0,16,64,"0x0","0x7faafa588e00",4181228552187177,4181228552421694,4181228552426462,4181228552483788,4768
329,"loop_broadcast_fusion.kd",2,8,470,1261566,1261566,20224,256,0,0,4,4,16,64,"0x0","0x7faafa588e40",4181228552194849,4181228552426462,4181228552431469,4181228552445992,5007
330,"input_scatter_fusion.kd",2,8,471,1261566,1261566,20224,256,0,0,12,4,32,64,"0x0","0x7faafa588e80",4181228552206726,4181228552431469,4181228552436156,4181228552438811,4687
331,"loop_reduce_window_fusion_2.kd",2,8,472,1261566,1261566,20224,256,0,0,8,0,16,64,"0x0","0x7faafa588ec0",4181228552232174,4181228552436156,4181228552440963,4181228552519632,4807
332,"loop_reduce_window_fusion_4.kd",2,8,473,1261566,1261566,1280,256,0,0,8,0,16,64,"0x0","0x7faafa588dc0",4181228552243120,4181228552440963,4181228552446091,4181228552524789,5128
333,"loop_reduce_window_fusion_3.kd",2,8,474,1261566,1261566,80,80,0,0,8,0,16,64,"0x0","0x7faafa588e00",4181228552261518,4181228552446091,4181228552450858,4181228552529977,4767
334,"loop_remainder_fusion.kd",2,8,475,1261566,1261566,20224,256,0,0,12,4,32,64,"0x0","0x7faafa588f00",4181228552274367,4181228552450858,4181228552455905,4181228552475125,5047
335,"input_reduce_fusion_1.kd",2,8,476,1261566,1261566,64,64,0,0,8,0,16,64,"0x0","0x7faafa588f40",4181228552323360,4181228552455905,4181228552460672,4181228552507293,4767
336,"loop_select_fusion.kd",2,8,477,1261566,1261566,20224,256,0,0,8,0,32,64,"0x0","0x7faafa588f80",4181228552342648,4181228552460672,4181228552465680,4181228552513172,5008
337,"loop_compare_fusion_2.kd",2,8,478,1261566,1261566,4096,256,0,0,4,4,16,64,"0x0","0x7faafa588fc0",4181228552351081,4181228552465680,4181228552470647,4181228552535796,4967
338,"input_reduce_reduce_window_fusion_3.kd",2,8,479,1261566,1261566,256,256,512,0,20,4,32,64,"0x0","0x7faafa589000",4181228552357781,4181228552470647,4181228552486751,4181228552494725,16104
339,"loop_slice_fusion_1.kd",2,8,480,1261566,1261566,16,16,0,0,20,4,16,64,"0x0","0x7faafa589040",4181228552429838,4181228552486751,4181228552492840,4181228552501505,6089
340,"loop_broadcast_fusion_3.kd",2,8,481,1261566,1261566,4096,256,0,0,4,4,16,64,"0x0","0x7faafa589080",4181228552438321,4181228552492840,4181228552497127,4181228552544128,4287
341,"input_scatter_fusion_3.kd",2,8,482,1261566,1261566,4096,256,0,0,8,0,32,64,"0x0","0x7faafa5890c0",4181228552490829,4181228552501774,4181228552508624,4181228552549296,6850
342,"loop_reduce_window_fusion_18.kd",2,8,483,1261566,1261566,4096,256,0,0,8,0,16,64,"0x0","0x7faafa589100",4181228552499942,4181228552552769,4181228552556655,4181228552557037,3886
343,"loop_slice_fusion_1.kd",2,8,484,1261566,1261566,16,16,0,0,20,4,16,64,"0x0","0x7faafa589040",4181228552552621,4181228552563786,4181228552565989,4181228552566932,2203
344,"loop_remainder_fusion_1.kd",2,8,485,1261566,1261566,4096,256,0,0,12,4,16,64,"0x0","0x7faafa589140",4181228552562666,4181228552572318,4181228552579409,4181228552591228,7091
345,"loop_select_fusion_3.kd",2,8,486,1261566,1261566,4096,256,0,0,8,0,32,64,"0x0","0x7faafa589180",4181228552588764,4181228552598998,4181228552601922,4181228552603096,2924
346,"loop_reduce_window_fusion_18.kd",2,8,487,1261566,1261566,4096,256,0,0,8,0,16,64,"0x0","0x7faafa589100",4181228552596766,4181228552606690,4181228552610696,4181228552611709,4006
347,"loop_slice_fusion_1.kd",2,8,488,1261566,1261566,16,16,0,0,20,4,16,64,"0x0","0x7faafa589040",4181228552605019,4181228552616064,4181228552618267,4181228552621243,2203
348,"input_concatenate_fusion_1.kd",2,8,489,1261566,1261566,4096,256,0,0,8,0,32,64,"0x0","0x7faafa5891c0",4181228552614593,4181228552627160,4181228552633890,4181228552643065,6730
349,"loop_compare_fusion_1.kd",2,8,490,1261566,1261566,8192,256,0,0,4,4,16,64,"0x0","0x7faafa589200",4181228552627021,4181228552638056,4181228552639739,4181228552650466,1683
350,"input_reduce_reduce_window_fusion_1.kd",2,8,491,1261566,1261566,512,512,512,0,20,4,48,64,"0x0","0x7faafa589240",4181228552635354,4181228552644386,4181228552662212,4181228552670506,17826
351,"loop_reduce_window_fusion_8.kd",2,8,492,1261566,1261566,32,32,0,0,32,0,16,64,"0x0","0x7faafa589280",4181228552642414,4181228552666298,4181228552676674,4181228552677066,10376
352,"loop_broadcast_fusion_1.kd",2,8,493,1261566,1261566,8192,256,0,0,4,4,16,64,"0x0","0x7faafa5892c0",4181228552664026,4181228552676674,4181228552681000,4181228552684958,4326
353,"input_scatter_fusion_1.kd",2,8,494,1261566,1261566,8192,256,0,0,8,0,32,64,"0x0","0x7faafa589300",4181228552672189,4181228552685046,4181228552689813,4181228552691107,4767
354,"loop_reduce_window_fusion_7.kd",2,8,495,1261566,1261566,8192,256,0,0,8,0,16,64,"0x0","0x7faafa589340",4181228552682925,4181228552706478,4181228552710564,4181228552710165,4086
355,"loop_reduce_window_fusion_6.kd",2,8,496,1261566,1261566,512,256,0,0,8,0,16,64,"0x0","0x7faafa589380",4181228552704356,4181228552714490,4181228552718896,4181228552719879,4406
356,"loop_reduce_window_fusion_5.kd",2,8,497,1261566,1261566,32,32,0,0,8,0,16,64,"0x0","0x7faafa5893c0",4181228552712679,4181228552723263,4181228552727670,4181228552833899,4407
357,"loop_select_fusion_5.kd",2,8,498,1261566,1261566,8192,256,0,0,8,0,32,64,"0x0","0x7faafa589400",4181228552723455,4181228552854218,4181228552859466,4181228552865446,5248
358,"loop_select_fusion_1.kd",2,8,499,1261566,1261566,8192,256,0,0,8,0,16,64,"0x0","0x7faafa589440",4181228552848180,4181228552859466,4181228552865515,4181228552871896,6049
359,"loop_broadcast_fusion_4.kd",2,8,500,1261566,1261566,16,16,0,0,4,4,16,64,"0x0","0x7faafa589480",4181228552855742,4181228552865515,4181228552869641,4181228552883022,4126
360,"__amd_rocclr_fillBufferAligned.kd",2,8,501,1261566,1261566,77824,256,0,0,12,4,48,64,"0x0","0x7fc36f653580",4181228552869442,4181228552880777,4181228552895119,4181228552906116,14342
361,"__amd_rocclr_fillBufferAligned.kd",2,8,502,1261566,1261566,16128,256,0,0,12,4,48,64,"0x0","0x7fc36f653580",4181228552878726,4181228552895119,4181228552900006,4181228552899777,4887
362,"transformer_engine::fused_attn_rocm::populate_rng_state_kernel(long*, long const*, long) [clone .kd]",2,8,503,1261566,1261566,1,1,0,0,8,0,16,64,"0x0","0x7faafa5a5380",4181228552889121,4181228552900006,4181228552904092,4181228552914208,4086
363,"__amd_rocclr_fillBufferAligned.kd",2,8,504,1261566,1261566,256,256,0,0,12,4,48,64,"0x0","0x7fc36f653580",4181228552900238,4181228552921918,4181228552923881,4181228552931254,1963
364,"ck_fused_attn::get_runtime_max_seqlen_kernel(unsigned long, int const*, int const*, unsigned long*) [clone .kd]",2,8,505,1261566,1261566,4096,128,0,0,4,4,32,64,"0x0","0x7faafa570940",4181228552920278,4181228552930291,4181228552936059,4181228552940628,5768
365,"__amd_rocclr_copyBuffer.kd",2,8,506,1261566,1261566,512,512,0,0,16,0,32,64,"0x7feb7cde8480","0x7fc36f653600",4181228552931254,4181228552947677,4181228552954527,4181228552956331,6850
366,"__amd_rocclr_fillBufferAligned.kd",2,8,508,1261566,1261566,256,256,0,0,12,4,48,64,"0x0","0x7fc36f653580",4181228552978554,4181228552988578,4181228552990500,4181228553024773,1922
367,"ck_fused_attn::get_runtime_max_seqlen_kernel(unsigned long, int const*, int const*, unsigned long*) [clone .kd]",2,8,509,1261566,1261566,4096,128,0,0,4,4,32,64,"0x0","0x7faafa570940",4181228552991674,4181228553000435,4181228553006164,4181228553037732,5729
368,"__amd_rocclr_copyBuffer.kd",2,8,510,1261566,1261566,512,512,0,0,16,0,32,64,"0x7feb7cde8380","0x7fc36f653600",4181228552999155,4181228553011211,4181228553017861,4181228553030531,6650
369,"void transformer_engine::fused_attn_rocm::compute_scores_kernel<hip_bfloat16, transformer_engine::fused_attn_rocm::SmallSeqConfig<4, 128, 256, false, (transformer_engine::fused_attn_rocm::CausalMaskType)0>, 1>(hip_bfloat16 const*, hip_bfloat16 const*, hip_bfloat16*, float, int const*, int const*, int, int) [clone .kd]",2,8,512,1261566,1261566,64000,64,0,0,112,0,32,64,"0x0","0x7faaf354f440",4181228553046365,4181228553060885,4181228553079593,4181228553080085,18708
370,"void transformer_engine::fused_attn_rocm::apply_mask_and_softmax_kernel<hip_bfloat16, transformer_engine::fused_attn_rocm::SmallSeqConfig<4, 128, 256, false, (transformer_engine::fused_attn_rocm::CausalMaskType)0> >(hip_bfloat16*, hip_bfloat16 const*, float, int const*, int, int) [clone .kd]",2,8,513,1261566,1261566,256000,256,1024,0,12,4,16,64,"0x0","0x7faaf354f480",4181228553058173,4181228553079593,4181228553084680,4181228553087266,5087
371,"void transformer_engine::fused_attn_rocm::compute_output_kernel<hip_bfloat16, transformer_engine::fused_attn_rocm::SmallSeqConfig<4, 128, 256, false, (transformer_engine::fused_attn_rocm::CausalMaskType)0>, 2, 8>(hip_bfloat16 const*, hip_bfloat16 const*, hip_bfloat16*, int const*, int const*, int, int) [clone .kd]",2,8,514,1261566,1261566,512000,64,8192,0,28,4,48,64,"0x0","0x7faaf354f4c0",4181228553066225,4181228553084680,4181228553131871,4181228553138913,47191
372,"loop_broadcast_fusion_5.kd",2,8,515,1261566,1261566,2048000,256,0,0,4,4,16,64,"0x0","0x7faafa5894c0",4181228553076219,4181228553131871,4181228553140043,4181228553148166,8172
373,"__amd_rocclr_fillBufferAligned.kd",2,8,516,1261566,1261566,77824,256,0,0,12,4,48,64,"0x0","0x7fc36f653580",4181228553090050,4181228553140043,4181228553147013,4181228553153044,6970
374,"__amd_rocclr_fillBufferAligned.kd",2,8,517,1261566,1261566,77824,256,0,0,12,4,48,64,"0x0","0x7fc36f653580",4181228553102388,4181228553147013,4181228553159912,4181228553159764,12899
375,"__amd_rocclr_fillBufferAligned.kd",2,8,518,1261566,1261566,77824,256,0,0,12,4,48,64,"0x0","0x7fc36f653580",4181228553109058,4181228553159912,4181228553172892,4181228553175207,12980
376,"__amd_rocclr_fillBufferAligned.kd",2,8,519,1261566,1261566,256,256,0,0,12,4,48,64,"0x0","0x7fc36f653580",4181228553116179,4181228553172892,4181228553177739,4181228553181756,4847
377,"ck_fused_attn::get_runtime_max_seqlen_kernel(unsigned long, int const*, int const*, unsigned long*) [clone .kd]",2,8,520,1261566,1261566,4096,128,0,0,4,4,32,64,"0x0","0x7faafa570940",4181228553123630,4181228553177739,4181228553183668,4181228553195737,5929
378,"__amd_rocclr_copyBuffer.kd",2,8,521,1261566,1261566,512,512,0,0,16,0,32,64,"0x7feb7cde8280","0x7fc36f653600",4181228553132052,4181228553183668,4181228553188915,4181228553190119,5247
379,"__amd_rocclr_fillBufferAligned.kd",2,8,523,1261566,1261566,256,256,0,0,12,4,48,64,"0x0","0x7fc36f653580",4181228553209618,4181228553221885,4181228553224088,4181228553229387,2203
380,"ck_fused_attn::get_runtime_max_seqlen_kernel(unsigned long, int const*, int const*, unsigned long*) [clone .kd]",2,8,524,1261566,1261566,4096,128,0,0,4,4,32,64,"0x0","0x7faafa570940",4181228553222207,4181228553229776,4181228553235585,4181228553236428,5809
381,"__amd_rocclr_copyBuffer.kd",2,8,525,1261566,1261566,512,512,0,0,16,0,32,64,"0x7feb7cc72f80","0x7fc36f653600",4181228553231550,4181228553251849,4181228553258339,4181228553262887,6490
382,"void transformer_engine::fused_attn_rocm::compute_grad_v_kernel<hip_bfloat16, transformer_engine::fused_attn_rocm::SmallSeqConfig<4, 128, 256, false, (transformer_engine::fused_attn_rocm::CausalMaskType)0>, 16, 16>(hip_bfloat16 const*, hip_bfloat16 const*, hip_bfloat16*, int const*, int const*, int, int) [clone .kd]",2,8,527,1261566,1261566,256000,64,8192,0,32,0,48,64,"0x0","0x7faaf3550f00",4181228553278270,4181228553288824,4181228553400630,4181228553403466,111806
383,"void transformer_engine::fused_attn_rocm::compute_grad_attn_kernel<hip_bfloat16, transformer_engine::fused_attn_rocm::SmallSeqConfig<4, 128, 256, false, (transformer_engine::fused_attn_rocm::CausalMaskType)0>, 16>(hip_bfloat16 const*, hip_bfloat16 const*, hip_bfloat16*, int const*, int const*, int, int) [clone .kd]",2,8,528,1261566,1261566,8000,64,0,0,116,4,48,64,"0x0","0x7faaf3550f40",4181228553287143,4181228553400630,4181228553550093,4181228553550815,149463
384,"void transformer_engine::fused_attn_rocm::softmax_backward_kernel<hip_bfloat16, transformer_engine::fused_attn_rocm::SmallSeqConfig<4, 128, 256, false, (transformer_engine::fused_attn_rocm::CausalMaskType)0> >(hip_bfloat16 const*, hip_bfloat16 const*, hip_bfloat16*, float, int const*, int, int) [clone .kd]",2,8,529,1261566,1261566,256000,256,1024,0,12,4,16,64,"0x0","0x7faaf3550f80",4181228553295425,4181228553550093,4181228553555781,4181228553558867,5688
385,"void transformer_engine::fused_attn_rocm::compute_grad_qk_kernel<hip_bfloat16, transformer_engine::fused_attn_rocm::SmallSeqConfig<4, 128, 256, false, (transformer_engine::fused_attn_rocm::CausalMaskType)0>, 4, 16>(hip_bfloat16 const*, hip_bfloat16 const*, hip_bfloat16 const*, hip_bfloat16*, hip_bfloat16*, float, int const*, int const*, int, int) [clone .kd]",2,8,530,1261566,1261566,1024000,64,8192,0,36,4,48,64,"0x0","0x7faaf3550fc0",4181228553304289,4181228553555781,4181228553671433,4181228553680849,115652
386,"input_reduce_fusion.kd",2,8,531,1261566,1261566,524288,256,512,0,16,0,16,64,"0x0","0x7faafa589500",4181228553312611,4181228553671433,4181228553677362,4181228553690573,5929
387,"input_reduce_fusion_2.kd",2,8,532,1261566,1261566,128,128,512,0,24,0,16,64,"0x0","0x7faafa589540",4181228553320493,4181228553677362,4181228553683010,4181228553696692,5648
388,"loop_convert_fusion.kd",2,8,533,1261566,1261566,1,1,0,0,4,4,16,64,"0x0","0x7faafa589580",4181228553327974,4181228553683010,4181228553687257,4181228553702220,4247
389,"loop_compare_fusion.kd",2,8,536,1261566,1261566,16128,256,0,0,4,4,16,64,"0x0","0x7faafa588b00",4181228553421213,4181228553700116,4181228553706005,4181228553710563,5889
390,"input_reduce_reduce_window_fusion_2.kd",2,8,537,1261566,1261566,1024,1024,512,0,20,4,48,64,"0x0","0x7faafa588b40",4181228553431097,4181228553706005,4181228553731282,4181228553733407,25277
391,"loop_reduce_window_fusion_16.kd",2,8,538,1261566,1261566,1024,256,0,0,8,0,16,64,"0x0","0x7faafa588b80",4181228553438669,4181228553731282,4181228553736089,4181228553739736,4807
392,"loop_reduce_window_fusion_15.kd",2,8,539,1261566,1261566,64,64,0,0,8,0,16,64,"0x0","0x7faafa588bc0",4181228553445058,4181228553736089,4181228553740776,4181228553750893,4687
393,"loop_broadcast_fusion_2.kd",2,8,540,1261566,1261566,16128,256,0,0,4,4,16,64,"0x0","0x7faafa588c00",4181228553452449,4181228553740776,4181228553745623,4181228553756621,4847
394,"input_scatter_fusion_2.kd",2,8,541,1261566,1261566,16128,256,0,0,12,4,32,64,"0x0","0x7faafa588c40",4181228553460471,4181228553745623,4181228553750270,4181228553762851,4647
395,"loop_reduce_window_fusion_14.kd",2,8,542,1261566,1261566,16128,256,0,0,8,0,16,64,"0x0","0x7faafa588c80",4181228553469504,4181228553750270,4181228553755077,4181228553768759,4807
396,"loop_reduce_window_fusion_16.kd",2,8,543,1261566,1261566,1024,256,0,0,8,0,16,64,"0x0","0x7faafa588b80",4181228553476765,4181228553755077,4181228553760205,4181228553774398,5128
397,"loop_reduce_window_fusion_15.kd",2,8,544,1261566,1261566,64,64,0,0,8,0,16,64,"0x0","0x7faafa588bc0",4181228553483645,4181228553760205,4181228553764852,4181228553780146,4647
398,"loop_select_fusion_4.kd",2,8,545,1261566,1261566,16128,256,0,0,12,4,32,64,"0x0","0x7faafa588cc0",4181228553491187,4181228553764852,4181228553769779,4181228553787918,4927
399,"loop_select_fusion_2.kd",2,8,546,1261566,1261566,16128,256,0,0,4,4,16,64,"0x0","0x7faafa588d00",4181228553499429,4181228553769779,4181228553774426,4181228553805354,4647
400,"loop_reduce_window_fusion_14.kd",2,8,547,1261566,1261566,16128,256,0,0,8,0,16,64,"0x0","0x7faafa588c80",4181228553506519,4181228553774426,4181228553779153,4181228553799926,4727
401,"loop_reduce_window_fusion_16.kd",2,8,548,1261566,1261566,1024,256,0,0,8,0,16,64,"0x0","0x7faafa588b80",4181228553514061,4181228553779153,4181228553784001,4181228553793907,4848
402,"loop_reduce_window_fusion_15.kd",2,8,549,1261566,1261566,64,64,0,0,8,0,16,64,"0x0","0x7faafa588bc0",4181228553521552,4181228553784001,4181228553788607,4181228553834597,4606
403,"input_concatenate_fusion.kd",2,8,550,1261566,1261566,16128,256,0,0,12,4,32,64,"0x0","0x7faafa588d40",4181228553529283,4181228553788607,4181228553793655,4181228553840446,5048
404,"input_reduce_reduce_window_fusion.kd",2,8,551,1261566,1261566,8192,256,0,0,24,0,48,64,"0x0","0x7faafa588d80",4181228553536704,4181228553793655,4181228553803189,4181228553822539,9534
405,"loop_reduce_window_fusion_4.kd",2,8,552,1261566,1261566,1280,256,0,0,8,0,16,64,"0x0","0x7faafa588dc0",4181228553544756,4181228553803189,4181228553808076,4181228553815619,4887
406,"loop_reduce_window_fusion_3.kd",2,8,553,1261566,1261566,80,80,0,0,8,0,16,64,"0x0","0x7faafa588e00",4181228553551116,4181228553808076,4181228553812763,4181228553845864,4687
407,"loop_broadcast_fusion.kd",2,8,554,1261566,1261566,20224,256,0,0,4,4,16,64,"0x0","0x7faafa588e40",4181228553572377,4181228553812763,4181228553817771,4181228553851653,5008
408,"input_scatter_fusion.kd",2,8,555,1261566,1261566,20224,256,0,0,12,4,32,64,"0x0","0x7faafa588e80",4181228553581030,4181228553817771,4181228553822498,4181228553857261,4727
409,"loop_reduce_window_fusion_2.kd",2,8,556,1261566,1261566,20224,256,0,0,8,0,16,64,"0x0","0x7faafa588ec0",4181228553588351,4181228553822498,4181228553827345,4181228553829079,4847
410,"loop_reduce_window_fusion_4.kd",2,8,557,1261566,1261566,1280,256,0,0,8,0,16,64,"0x0","0x7faafa588dc0",4181228553595562,4181228553827345,4181228553832513,4181228553921146,5168
411,"loop_reduce_window_fusion_3.kd",2,8,558,1261566,1261566,80,80,0,0,8,0,16,64,"0x0","0x7faafa588e00",4181228553602442,4181228553832513,4181228553837280,4181228553927095,4767
412,"loop_remainder_fusion.kd",2,8,559,1261566,1261566,20224,256,0,0,12,4,32,64,"0x0","0x7faafa588f00",4181228553610194,4181228553837280,4181228553842287,4181228553932132,5007
413,"input_reduce_fusion_1.kd",2,8,560,1261566,1261566,64,64,0,0,8,0,16,64,"0x0","0x7faafa588f40",4181228553621891,4181228553842287,4181228553847054,4181228553897331,4767
414,"loop_select_fusion.kd",2,8,561,1261566,1261566,20224,256,0,0,8,0,32,64,"0x0","0x7faafa588f80",4181228553640168,4181228553847054,4181228553852062,4181228553872944,5008
415,"loop_compare_fusion_2.kd",2,8,562,1261566,1261566,4096,256,0,0,4,4,16,64,"0x0","0x7faafa588fc0",4181228553654079,4181228553852062,4181228553857109,4181228553862849,5047
416,"input_reduce_reduce_window_fusion_3.kd",2,8,563,1261566,1261566,256,256,512,0,20,4,32,64,"0x0","0x7faafa589000",4181228553673317,4181228553857109,4181228553873293,4181228553909409,16184
417,"loop_slice_fusion_1.kd",2,8,564,1261566,1261566,16,16,0,0,20,4,16,64,"0x0","0x7faafa589040",4181228553717834,4181228553873293,4181228553878141,4181228553915307,4848
418,"loop_broadcast_fusion_3.kd",2,8,565,1261566,1261566,4096,256,0,0,4,4,16,64,"0x0","0x7faafa589080",4181228553727768,4181228553878141,4181228553883068,4181228553902949,4927
419,"input_scatter_fusion_3.kd",2,8,566,1261566,1261566,4096,256,0,0,8,0,32,64,"0x0","0x7faafa5890c0",4181228553735129,4181228553883068,4181228553889477,4181228553969228,6409
420,"loop_reduce_window_fusion_18.kd",2,8,567,1261566,1261566,4096,256,0,0,8,0,16,64,"0x0","0x7faafa589100",4181228553743742,4181228553889477,4181228553894325,4181228553946073,4848
421,"loop_slice_fusion_1.kd",2,8,568,1261566,1261566,16,16,0,0,20,4,16,64,"0x0","0x7faafa589040",4181228553757162,4181228553894325,4181228553899132,4181228553940535,4807
422,"loop_remainder_fusion_1.kd",2,8,569,1261566,1261566,4096,256,0,0,12,4,16,64,"0x0","0x7faafa589140",4181228553821358,4181228553899132,4181228553905982,4181228553962618,6850
423,"loop_select_fusion_3.kd",2,8,570,1261566,1261566,4096,256,0,0,8,0,32,64,"0x0","0x7faafa589180",4181228553894316,4181228553905982,4181228553910308,4181228553956729,4326
424,"loop_reduce_window_fusion_18.kd",2,8,571,1261566,1261566,4096,256,0,0,8,0,16,64,"0x0","0x7faafa589100",4181228553903009,4181228553949286,4181228553953412,4181228553978511,4126
425,"loop_slice_fusion_1.kd",2,8,572,1261566,1261566,16,16,0,0,20,4,16,64,"0x0","0x7faafa589040",4181228553949008,4181228553961304,4181228553963387,4181228553983819,2083
426,"input_concatenate_fusion_1.kd",2,8,573,1261566,1261566,4096,256,0,0,8,0,32,64,"0x0","0x7faafa5891c0",4181228553959844,4181228553969597,4181228553976327,4181228553989848,6730
427,"loop_compare_fusion_1.kd",2,8,574,1261566,1261566,8192,256,0,0,4,4,16,64,"0x0","0x7faafa589200",4181228553969178,4181228553985420,4181228553988144,4181228553998191,2724
428,"input_reduce_reduce_window_fusion_1.kd",2,8,575,1261566,1261566,512,512,512,0,20,4,48,64,"0x0","0x7faafa589240",4181228553984140,4181228554003968,4181228554022155,4181228554022597,18187
429,"loop_reduce_window_fusion_8.kd",2,8,576,1261566,1261566,32,32,0,0,32,0,16,64,"0x0","0x7faafa589280",4181228554005592,4181228554022155,4181228554032210,4181228554031901,10055
430,"loop_broadcast_fusion_1.kd",2,8,577,1261566,1261566,8192,256,0,0,4,4,16,64,"0x0","0x7faafa5892c0",4181228554013734,4181228554032210,4181228554036576,4181228554054354,4366
431,"input_scatter_fusion_1.kd",2,8,578,1261566,1261566,8192,256,0,0,8,0,32,64,"0x0","0x7faafa589300",4181228554022196,4181228554040582,4181228554045149,4181228554048305,4567
432,"loop_reduce_window_fusion_7.kd",2,8,579,1261566,1261566,8192,256,0,0,8,0,16,64,"0x0","0x7faafa589340",4181228554039232,4181228554070186,4181228554074432,4181228554075756,4246
433,"loop_reduce_window_fusion_6.kd",2,8,580,1261566,1261566,512,256,0,0,8,0,16,64,"0x0","0x7faafa589380",4181228554070198,4181228554079159,4181228554084527,4181228554085811,5368
434,"loop_reduce_window_fusion_5.kd",2,8,581,1261566,1261566,32,32,0,0,8,0,16,64,"0x0","0x7faafa5893c0",4181228554077979,4181228554088493,4181228554092459,4181228554096297,3966
435,"loop_select_fusion_5.kd",2,8,582,1261566,1261566,8192,256,0,0,8,0,32,64,"0x0","0x7faafa589400",4181228554094434,4181228554111007,4181228554114692,4181228554116517,3685
436,"loop_select_fusion_1.kd",2,8,583,1261566,1261566,8192,256,0,0,8,0,16,64,"0x0","0x7faafa589440",4181228554110237,4181228554119299,4181228554122264,4181228554127032,2965
437,"loop_broadcast_fusion_4.kd",2,8,584,1261566,1261566,16,16,0,0,4,4,16,64,"0x0","0x7faafa589480",4181228554117939,4181228554132959,4181228554134762,4181228554135435,1803
438,"__amd_rocclr_fillBufferAligned.kd",2,8,585,1261566,1261566,77824,256,0,0,12,4,48,64,"0x0","0x7fc36f653580",4181228554139120,4181228554155473,4181228554169934,4181228554171609,14461
439,"__amd_rocclr_fillBufferAligned.kd",2,8,586,1261566,1261566,16128,256,0,0,12,4,48,64,"0x0","0x7fc36f653580",4181228554153141,4181228554169934,4181228554174822,4181228554178609,4888
440,"transformer_engine::fused_attn_rocm::populate_rng_state_kernel(long*, long const*, long) [clone .kd]",2,8,587,1261566,1261566,1,1,0,0,8,0,16,64,"0x0","0x7faafa5a5380",4181228554162926,4181228554174822,4181228554178948,4181228554187182,4126
441,"__amd_rocclr_fillBufferAligned.kd",2,8,588,1261566,1261566,256,256,0,0,12,4,48,64,"0x0","0x7fc36f653580",4181228554172570,4181228554193009,4181228554195132,4181228554195734,2123
442,"ck_fused_attn::get_runtime_max_seqlen_kernel(unsigned long, int const*, int const*, unsigned long*) [clone .kd]",2,8,589,1261566,1261566,4096,128,0,0,4,4,32,64,"0x0","0x7faafa570940",4181228554191318,4181228554201101,4181228554206909,4181228554211949,5808
443,"__amd_rocclr_copyBuffer.kd",2,8,590,1261566,1261566,512,512,0,0,16,0,32,64,"0x7feb7cde9f80","0x7fc36f653600",4181228554201163,4181228554212438,4181228554218607,4181228554220361,6169
444,"__amd_rocclr_fillBufferAligned.kd",2,8,592,1261566,1261566,256,256,0,0,12,4,48,64,"0x0","0x7fc36f653580",4181228554241422,4181228554253178,4181228554255181,4181228554294431,2003
445,"ck_fused_attn::get_runtime_max_seqlen_kernel(unsigned long, int const*, int const*, unsigned long*) [clone .kd]",2,8,593,1261566,1261566,4096,128,0,0,4,4,32,64,"0x0","0x7faafa570940",4181228554253791,4181228554261871,4181228554267800,4181228554304847,5929
446,"__amd_rocclr_copyBuffer.kd",2,8,594,1261566,1261566,512,512,0,0,16,0,32,64,"0x7feb7cc76f80","0x7fc36f653600",4181228554265769,4181228554274450,4181228554280699,4181228554299809,6249
447,"void transformer_engine::fused_attn_rocm::compute_scores_kernel<hip_bfloat16, transformer_engine::fused_attn_rocm::SmallSeqConfig<4, 128, 256, false, (transformer_engine::fused_attn_rocm::CausalMaskType)0>, 1>(hip_bfloat16 const*, hip_bfloat16 const*, hip_bfloat16*, float, int const*, int const*, int, int) [clone .kd]",2,8,596,1261566,1261566,64000,64,0,0,112,0,32,64,"0x0","0x7faaf354f440",4181228554316184,4181228554331575,4181228554350803,4181228554353770,19228
448,"void transformer_engine::fused_attn_rocm::apply_mask_and_softmax_kernel<hip_bfloat16, transformer_engine::fused_attn_rocm::SmallSeqConfig<4, 128, 256, false, (transformer_engine::fused_attn_rocm::CausalMaskType)0> >(hip_bfloat16*, hip_bfloat16 const*, float, int const*, int, int) [clone .kd]",2,8,597,1261566,1261566,256000,256,1024,0,12,4,16,64,"0x0","0x7faaf354f480",4181228554331156,4181228554350803,4181228554355891,4181228554366218,5088
449,"void transformer_engine::fused_attn_rocm::compute_output_kernel<hip_bfloat16, transformer_engine::fused_attn_rocm::SmallSeqConfig<4, 128, 256, false, (transformer_engine::fused_attn_rocm::CausalMaskType)0>, 2, 8>(hip_bfloat16 const*, hip_bfloat16 const*, hip_bfloat16*, int const*, int const*, int, int) [clone .kd]",2,8,598,1261566,1261566,512000,64,8192,0,28,4,48,64,"0x0","0x7faaf354f4c0",4181228554338587,4181228554355891,4181228554403041,4181228554410844,47150
450,"loop_broadcast_fusion_5.kd",2,8,599,1261566,1261566,2048000,256,0,0,4,4,16,64,"0x0","0x7faafa5894c0",4181228554347080,4181228554403041,4181228554411253,4181228554418115,8212
451,"__amd_rocclr_fillBufferAligned.kd",2,8,600,1261566,1261566,77824,256,0,0,12,4,48,64,"0x0","0x7fc36f653580",4181228554360259,4181228554411253,4181228554418184,4181228554424124,6931
452,"__amd_rocclr_fillBufferAligned.kd",2,8,601,1261566,1261566,77824,256,0,0,12,4,48,64,"0x0","0x7fc36f653580",4181228554379418,4181228554418184,4181228554431203,4181228554433118,13019
453,"__amd_rocclr_fillBufferAligned.kd",2,8,602,1261566,1261566,77824,256,0,0,12,4,48,64,"0x0","0x7fc36f653580",4181228554387169,4181228554431203,4181228554444022,4181228554453858,12819
454,"__amd_rocclr_fillBufferAligned.kd",2,8,603,1261566,1261566,256,256,0,0,12,4,48,64,"0x0","0x7fc36f653580",4181228554395041,4181228554444022,4181228554448749,4181228554448891,4727
455,"ck_fused_attn::get_runtime_max_seqlen_kernel(unsigned long, int const*, int const*, unsigned long*) [clone .kd]",2,8,604,1261566,1261566,4096,128,0,0,4,4,32,64,"0x0","0x7faafa570940",4181228554401561,4181228554448749,4181228554454718,4181228554460348,5969
456,"__amd_rocclr_copyBuffer.kd",2,8,605,1261566,1261566,512,512,0,0,16,0,32,64,"0x7feb7cc73980","0x7fc36f653600",4181228554409532,4181228554454718,4181228554460086,4181228554465075,5368
457,"__amd_rocclr_fillBufferAligned.kd",2,8,607,1261566,1261566,256,256,0,0,12,4,48,64,"0x0","0x7fc36f653580",4181228554481870,4181228554493616,4181228554495739,4181228554503743,2123
458,"ck_fused_attn::get_runtime_max_seqlen_kernel(unsigned long, int const*, int const*, unsigned long*) [clone .kd]",2,8,608,1261566,1261566,4096,128,0,0,4,4,32,64,"0x0","0x7faafa570940",4181228554491765,4181228554502790,4181228554508438,4181228554510623,5648
459,"__amd_rocclr_copyBuffer.kd",2,8,609,1261566,1261566,512,512,0,0,16,0,32,64,"0x7feb7cc77380","0x7fc36f653600",4181228554502571,4181228554528428,4181228554535078,4181228554536631,6650
460,"void transformer_engine::fused_attn_rocm::compute_grad_v_kernel<hip_bfloat16, transformer_engine::fused_attn_rocm::SmallSeqConfig<4, 128, 256, false, (transformer_engine::fused_attn_rocm::CausalMaskType)0>, 16, 16>(hip_bfloat16 const*, hip_bfloat16 const*, hip_bfloat16*, int const*, int const*, int, int) [clone .kd]",2,8,611,1261566,1261566,256000,64,8192,0,32,0,48,64,"0x0","0x7faaf3550f00",4181228554554718,4181228554565162,4181228554677850,4181228554680435,112688
461,"void transformer_engine::fused_attn_rocm::compute_grad_attn_kernel<hip_bfloat16, transformer_engine::fused_attn_rocm::SmallSeqConfig<4, 128, 256, false, (transformer_engine::fused_attn_rocm::CausalMaskType)0>, 16>(hip_bfloat16 const*, hip_bfloat16 const*, hip_bfloat16*, int const*, int const*, int, int) [clone .kd]",2,8,612,1261566,1261566,8000,64,0,0,116,4,48,64,"0x0","0x7faaf3550f40",4181228554563291,4181228554677850,4181228554827152,4181228554827744,149302
462,"void transformer_engine::fused_attn_rocm::softmax_backward_kernel<hip_bfloat16, transformer_engine::fused_attn_rocm::SmallSeqConfig<4, 128, 256, false, (transformer_engine::fused_attn_rocm::CausalMaskType)0> >(hip_bfloat16 const*, hip_bfloat16 const*, hip_bfloat16*, float, int const*, int, int) [clone .kd]",2,8,613,1261566,1261566,256000,256,1024,0,12,4,16,64,"0x0","0x7faaf3550f80",4181228554570953,4181228554827152,4181228554832840,4181228554835596,5688
463,"void transformer_engine::fused_attn_rocm::compute_grad_qk_kernel<hip_bfloat16, transformer_engine::fused_attn_rocm::SmallSeqConfig<4, 128, 256, false, (transformer_engine::fused_attn_rocm::CausalMaskType)0>, 4, 16>(hip_bfloat16 const*, hip_bfloat16 const*, hip_bfloat16 const*, hip_bfloat16*, hip_bfloat16*, float, int const*, int const*, int, int) [clone .kd]",2,8,614,1261566,1261566,1024000,64,8192,0,36,4,48,64,"0x0","0x7faaf3550fc0",4181228554578384,4181228554832840,4181228554953540,4181228554972990,120700
464,"input_reduce_fusion.kd",2,8,615,1261566,1261566,524288,256,512,0,16,0,16,64,"0x0","0x7faafa589500",4181228554588108,4181228554953540,4181228554960711,4181228554980281,7171
465,"input_reduce_fusion_2.kd",2,8,616,1261566,1261566,128,128,512,0,24,0,16,64,"0x0","0x7faafa589540",4181228554596671,4181228554960711,4181228554966439,4181228554985769,5728
466,"loop_convert_fusion.kd",2,8,617,1261566,1261566,1,1,0,0,4,4,16,64,"0x0","0x7faafa589580",4181228554603882,4181228554966439,4181228554971687,4181228554993090,5248
467,"loop_compare_fusion.kd",2,8,620,1261566,1261566,16128,256,0,0,4,4,16,64,"0x0","0x7faafa588b00",4181228554694857,4181228554984266,4181228554990315,4181228555004507,6049
468,"input_reduce_reduce_window_fusion_2.kd",2,8,621,1261566,1261566,1024,1024,512,0,20,4,48,64,"0x0","0x7faafa588b40",4181228554704772,4181228554990315,4181228555015071,4181228555014903,24756
469,"loop_reduce_window_fusion_16.kd",2,8,622,1261566,1261566,1024,256,0,0,8,0,16,64,"0x0","0x7faafa588b80",4181228554712072,4181228555015071,4181228555019798,4181228555019680,4727
470,"loop_reduce_window_fusion_15.kd",2,8,623,1261566,1261566,64,64,0,0,8,0,16,64,"0x0","0x7faafa588bc0",4181228554720495,4181228555019798,4181228555024525,4181228555024517,4727
471,"loop_broadcast_fusion_2.kd",2,8,624,1261566,1261566,16128,256,0,0,4,4,16,64,"0x0","0x7faafa588c00",4181228554727275,4181228555024525,4181228555029413,4181228555029605,4888
472,"input_scatter_fusion_2.kd",2,8,625,1261566,1261566,16128,256,0,0,12,4,32,64,"0x0","0x7faafa588c40",4181228554735748,4181228555029413,4181228555034100,4181228555035604,4687
473,"loop_reduce_window_fusion_14.kd",2,8,626,1261566,1261566,16128,256,0,0,8,0,16,64,"0x0","0x7faafa588c80",4181228554743589,4181228555034100,4181228555038867,4181228555041082,4767
474,"loop_reduce_window_fusion_16.kd",2,8,627,1261566,1261566,1024,256,0,0,8,0,16,64,"0x0","0x7faafa588b80",4181228554751371,4181228555038867,4181228555044034,4181228555046650,5167
475,"loop_reduce_window_fusion_15.kd",2,8,628,1261566,1261566,64,64,0,0,8,0,16,64,"0x0","0x7faafa588bc0",4181228554758532,4181228555044034,4181228555048641,4181228555052128,4607
476,"loop_select_fusion_4.kd",2,8,629,1261566,1261566,16128,256,0,0,12,4,32,64,"0x0","0x7faafa588cc0",4181228554766093,4181228555048641,4181228555053569,4181228555057636,4928
477,"loop_select_fusion_2.kd",2,8,630,1261566,1261566,16128,256,0,0,4,4,16,64,"0x0","0x7faafa588d00",4181228554772983,4181228555053569,4181228555058256,4181228555063265,4687
478,"loop_reduce_window_fusion_14.kd",2,8,631,1261566,1261566,16128,256,0,0,8,0,16,64,"0x0","0x7faafa588c80",4181228554780554,4181228555058256,4181228555062983,4181228555070075,4727
479,"loop_reduce_window_fusion_16.kd",2,8,632,1261566,1261566,1024,256,0,0,8,0,16,64,"0x0","0x7faafa588b80",4181228554788015,4181228555062983,4181228555067910,4181228555075853,4927
480,"loop_reduce_window_fusion_15.kd",2,8,633,1261566,1261566,64,64,0,0,8,0,16,64,"0x0","0x7faafa588bc0",4181228554795456,4181228555067910,4181228555072557,4181228555101932,4647
481,"input_concatenate_fusion.kd",2,8,634,1261566,1261566,16128,256,0,0,12,4,32,64,"0x0","0x7faafa588d40",4181228554802807,4181228555072557,4181228555077524,4181228555084276,4967
482,"input_reduce_reduce_window_fusion.kd",2,8,635,1261566,1261566,8192,256,0,0,24,0,48,64,"0x0","0x7faafa588d80",4181228554810339,4181228555077524,4181228555087259,4181228555112748,9735
483,"loop_reduce_window_fusion_4.kd",2,8,636,1261566,1261566,1280,256,0,0,8,0,16,64,"0x0","0x7faafa588dc0",4181228554817239,4181228555087259,4181228555092266,4181228555095212,5007
484,"loop_reduce_window_fusion_3.kd",2,8,637,1261566,1261566,80,80,0,0,8,0,16,64,"0x0","0x7faafa588e00",4181228554824379,4181228555092266,4181228555096953,4181228555141501,4687
485,"loop_broadcast_fusion.kd",2,8,638,1261566,1261566,20224,256,0,0,4,4,16,64,"0x0","0x7faafa588e40",4181228554831170,4181228555096953,4181228555101921,4181228555135963,4968
486,"input_scatter_fusion.kd",2,8,639,1261566,1261566,20224,256,0,0,12,4,32,64,"0x0","0x7faafa588e80",4181228554841415,4181228555101921,4181228555106648,4181228555129834,4727
487,"loop_reduce_window_fusion_2.kd",2,8,640,1261566,1261566,20224,256,0,0,8,0,16,64,"0x0","0x7faafa588ec0",4181228554849507,4181228555106648,4181228555111495,4181228555124326,4847
488,"loop_reduce_window_fusion_4.kd",2,8,641,1261566,1261566,1280,256,0,0,8,0,16,64,"0x0","0x7faafa588dc0",4181228554857188,4181228555111495,4181228555116502,4181228555118607,5007
489,"loop_reduce_window_fusion_3.kd",2,8,642,1261566,1261566,80,80,0,0,8,0,16,64,"0x0","0x7faafa588e00",4181228554864369,4181228555116502,4181228555121149,4181228555180860,4647
490,"loop_remainder_fusion.kd",2,8,643,1261566,1261566,20224,256,0,0,12,4,32,64,"0x0","0x7faafa588f00",4181228554871540,4181228555121149,4181228555126117,4181228555169272,4968
491,"input_reduce_fusion_1.kd",2,8,644,1261566,1261566,64,64,0,0,8,0,16,64,"0x0","0x7faafa588f40",4181228554878450,4181228555126117,4181228555130884,4181228555164205,4767
492,"loop_select_fusion.kd",2,8,645,1261566,1261566,20224,256,0,0,8,0,32,64,"0x0","0x7faafa588f80",4181228554885941,4181228555130884,4181228555135891,4181228555156944,5007
493,"loop_compare_fusion_2.kd",2,8,646,1261566,1261566,4096,256,0,0,4,4,16,64,"0x0","0x7faafa588fc0",4181228554892911,4181228555135891,4181228555140899,4181228555150134,5008
494,"input_reduce_reduce_window_fusion_3.kd",2,8,647,1261566,1261566,256,256,512,0,20,4,32,64,"0x0","0x7faafa589000",4181228554900052,4181228555140899,4181228555157844,4181228555230123,16945
495,"loop_slice_fusion_1.kd",2,8,648,1261566,1261566,16,16,0,0,20,4,16,64,"0x0","0x7faafa589040",4181228554913542,4181228555157844,4181228555162651,4181228555235641,4807
496,"loop_broadcast_fusion_3.kd",2,8,649,1261566,1261566,4096,256,0,0,4,4,16,64,"0x0","0x7faafa589080",4181228554931719,4181228555162651,4181228555167618,4181228555194460,4967
497,"input_scatter_fusion_3.kd",2,8,650,1261566,1261566,4096,256,0,0,8,0,32,64,"0x0","0x7faafa5890c0",4181228554946181,4181228555167618,4181228555173747,4181228555174881,6129
498,"loop_reduce_window_fusion_18.kd",2,8,651,1261566,1261566,4096,256,0,0,8,0,16,64,"0x0","0x7faafa589100",4181228554953742,4181228555173747,4181228555178555,4181228555200699,4808
499,"loop_slice_fusion_1.kd",2,8,652,1261566,1261566,16,16,0,0,20,4,16,64,"0x0","0x7faafa589040",4181228554960482,4181228555178555,4181228555183322,4181228555189092,4767
500,"loop_remainder_fusion_1.kd",2,8,653,1261566,1261566,4096,256,0,0,12,4,16,64,"0x0","0x7faafa589140",4181228555010186,4181228555183322,4181228555190212,4181228555212577,6890
501,"loop_select_fusion_3.kd",2,8,654,1261566,1261566,4096,256,0,0,8,0,32,64,"0x0","0x7faafa589180",4181228555021262,4181228555190212,4181228555194899,4181228555218646,4687
502,"loop_reduce_window_fusion_18.kd",2,8,655,1261566,1261566,4096,256,0,0,8,0,16,64,"0x0","0x7faafa589100",4181228555029655,4181228555194899,4181228555199946,4181228555257694,5047
503,"loop_slice_fusion_1.kd",2,8,656,1261566,1261566,16,16,0,0,20,4,16,64,"0x0","0x7faafa589040",4181228555092198,4181228555199946,4181228555204753,4181228555206678,4807
504,"input_concatenate_fusion_1.kd",2,8,657,1261566,1261566,4096,256,0,0,8,0,32,64,"0x0","0x7faafa5891c0",4181228555103064,4181228555204753,4181228555210642,4181228555251735,5889
505,"loop_compare_fusion_1.kd",2,8,658,1261566,1261566,8192,256,0,0,4,4,16,64,"0x0","0x7faafa589200",4181228555116995,4181228555210642,4181228555215690,4181228555224264,5048
506,"input_reduce_reduce_window_fusion_1.kd",2,8,659,1261566,1261566,512,512,512,0,20,4,48,64,"0x0","0x7faafa589240",4181228555156884,4181228555215690,4181228555232194,4181228555245686,16504
507,"loop_reduce_window_fusion_8.kd",2,8,660,1261566,1261566,32,32,0,0,32,0,16,64,"0x0","0x7faafa589280",4181228555195381,4181228555253025,4181228555263561,4181228555266307,10536
508,"loop_broadcast_fusion_1.kd",2,8,661,1261566,1261566,8192,256,0,0,4,4,16,64,"0x0","0x7faafa5892c0",4181228555251745,4181228555271933,4181228555274938,4181228555283783,3005
509,"input_scatter_fusion_1.kd",2,8,662,1261566,1261566,8192,256,0,0,8,0,32,64,"0x0","0x7faafa589300",4181228555272045,4181228555281508,4181228555287877,4181228555292626,6369
510,"loop_reduce_window_fusion_7.kd",2,8,663,1261566,1261566,8192,256,0,0,8,0,16,64,"0x0","0x7faafa589340",4181228555282641,4181228555298172,4181228555302339,4181228555303572,4167
511,"loop_reduce_window_fusion_6.kd",2,8,664,1261566,1261566,512,256,0,0,8,0,16,64,"0x0","0x7faafa589380",4181228555297032,4181228555308308,4181228555313675,4181228555319586,5367
512,"loop_reduce_window_fusion_5.kd",2,8,665,1261566,1261566,32,32,0,0,8,0,16,64,"0x0","0x7faafa5893c0",4181228555307428,4181228555318603,4181228555322929,4181228555344253,4326
513,"loop_select_fusion_5.kd",2,8,666,1261566,1261566,8192,256,0,0,8,0,32,64,"0x0","0x7faafa589400",4181228555338144,4181228555347806,4181228555351372,4181228555352335,3566
514,"loop_select_fusion_1.kd",2,8,667,1261566,1261566,8192,256,0,0,8,0,16,64,"0x0","0x7faafa589440",4181228555347027,4181228555356339,4181228555359223,4181228555361278,2884
515,"loop_broadcast_fusion_4.kd",2,8,668,1261566,1261566,16,16,0,0,4,4,16,64,"0x0","0x7faafa589480",4181228555354908,4181228555365633,4181228555367435,4181228555367547,1802
516,"__amd_rocclr_fillBufferAligned.kd",2,8,669,1261566,1261566,77824,256,0,0,12,4,48,64,"0x0","0x7fc36f653580",4181228555370752,4181228555383660,4181228555397841,4181228555399845,14181
517,"__amd_rocclr_fillBufferAligned.kd",2,8,670,1261566,1261566,16128,256,0,0,12,4,48,64,"0x0","0x7fc36f653580",4181228555381448,4181228555397841,4181228555402768,4181228555406966,4927
518,"transformer_engine::fused_attn_rocm::populate_rng_state_kernel(long*, long const*, long) [clone .kd]",2,8,671,1261566,1261566,1,1,0,0,8,0,16,64,"0x0","0x7faafa5a5380",4181228555391543,4181228555402768,4181228555406934,4181228555424642,4166
519,"__amd_rocclr_fillBufferAligned.kd",2,8,672,1261566,1261566,256,256,0,0,12,4,48,64,"0x0","0x7fc36f653580",4181228555401127,4181228555416108,4181228555418031,4181228555430751,1923
520,"ck_fused_attn::get_runtime_max_seqlen_kernel(unsigned long, int const*, int const*, unsigned long*) [clone .kd]",2,8,673,1261566,1261566,4096,128,0,0,4,4,32,64,"0x0","0x7faafa570940",4181228555416160,4181228555430409,4181228555436098,4181228555439464,5689
521,"__amd_rocclr_copyBuffer.kd",2,8,674,1261566,1261566,512,512,0,0,16,0,32,64,"0x7feb7cc76e00","0x7fc36f653600",4181228555430541,4181228555447194,4181228555453724,4181228555455829,6530
522,"__amd_rocclr_fillBufferAligned.kd",2,8,676,1261566,1261566,256,256,0,0,12,4,48,64,"0x0","0x7fc36f653580",4181228555473795,4181228555485731,4181228555487654,4181228555524741,1923
523,"ck_fused_attn::get_runtime_max_seqlen_kernel(unsigned long, int const*, int const*, unsigned long*) [clone .kd]",2,8,677,1261566,1261566,4096,128,0,0,4,4,32,64,"0x0","0x7faafa570940",4181228555485773,4181228555493583,4181228555499352,4181228555535597,5769
524,"__amd_rocclr_copyBuffer.kd",2,8,678,1261566,1261566,512,512,0,0,16,0,32,64,"0x7feb7cc72b80","0x7fc36f653600",4181228555495738,4181228555515616,4181228555522266,4181228555530299,6650
525,"void transformer_engine::fused_attn_rocm::compute_scores_kernel<hip_bfloat16, transformer_engine::fused_attn_rocm::SmallSeqConfig<4, 128, 256, false, (transformer_engine::fused_attn_rocm::CausalMaskType)0>, 1>(hip_bfloat16 const*, hip_bfloat16 const*, hip_bfloat16*, float, int const*, int const*, int, int) [clone .kd]",2,8,680,1261566,1261566,64000,64,0,0,112,0,32,64,"0x0","0x7faaf354f440",4181228555546513,4181228555561124,4181228555580032,4181228555584610,18908
526,"void transformer_engine::fused_attn_rocm::apply_mask_and_softmax_kernel<hip_bfloat16, transformer_engine::fused_attn_rocm::SmallSeqConfig<4, 128, 256, false, (transformer_engine::fused_attn_rocm::CausalMaskType)0> >(hip_bfloat16*, hip_bfloat16 const*, float, int const*, int, int) [clone .kd]",2,8,681,1261566,1261566,256000,256,1024,0,12,4,16,64,"0x0","0x7faaf354f480",4181228555559162,4181228555580032,4181228555585159,4181228555592862,5127
527,"void transformer_engine::fused_attn_rocm::compute_output_kernel<hip_bfloat16, transformer_engine::fused_attn_rocm::SmallSeqConfig<4, 128, 256, false, (transformer_engine::fused_attn_rocm::CausalMaskType)0>, 2, 8>(hip_bfloat16 const*, hip_bfloat16 const*, hip_bfloat16*, int const*, int const*, int, int) [clone .kd]",2,8,682,1261566,1261566,512000,64,8192,0,28,4,48,64,"0x0","0x7faaf354f4c0",4181228555567735,4181228555585159,4181228555633191,4181228555634975,48032
528,"loop_broadcast_fusion_5.kd",2,8,683,1261566,1261566,2048000,256,0,0,4,4,16,64,"0x0","0x7faafa5894c0",4181228555577119,4181228555633191,4181228555641443,4181228555642787,8252
529,"__amd_rocclr_fillBufferAligned.kd",2,8,684,1261566,1261566,77824,256,0,0,12,4,48,64,"0x0","0x7fc36f653580",4181228555590238,4181228555641443,4181228555648213,4181228555649677,6770
530,"__amd_rocclr_fillBufferAligned.kd",2,8,685,1261566,1261566,77824,256,0,0,12,4,48,64,"0x0","0x7fc36f653580",4181228555598521,4181228555648213,4181228555661353,4181228555665571,13140
531,"__amd_rocclr_fillBufferAligned.kd",2,8,686,1261566,1261566,77824,256,0,0,12,4,48,64,"0x0","0x7fc36f653580",4181228555606383,4181228555661353,4181228555674212,4181228555686151,12859
532,"__amd_rocclr_fillBufferAligned.kd",2,8,687,1261566,1261566,256,256,0,0,12,4,48,64,"0x0","0x7fc36f653580",4181228555613784,4181228555674212,4181228555679099,4181228555681184,4887
533,"ck_fused_attn::get_runtime_max_seqlen_kernel(unsigned long, int const*, int const*, unsigned long*) [clone .kd]",2,8,688,1261566,1261566,4096,128,0,0,4,4,32,64,"0x0","0x7faafa570940",4181228555620604,4181228555679099,4181228555685028,4181228555702666,5929
534,"__amd_rocclr_copyBuffer.kd",2,8,689,1261566,1261566,512,512,0,0,16,0,32,64,"0x7feb7cde9880","0x7fc36f653600",4181228555628826,4181228555685028,4181228555690716,4181228555692511,5688
535,"__amd_rocclr_fillBufferAligned.kd",2,8,691,1261566,1261566,256,256,0,0,12,4,48,64,"0x0","0x7fc36f653580",4181228555714684,4181228555725688,4181228555727611,4181228555736726,1923
536,"ck_fused_attn::get_runtime_max_seqlen_kernel(unsigned long, int const*, int const*, unsigned long*) [clone .kd]",2,8,692,1261566,1261566,4096,128,0,0,4,4,32,64,"0x0","0x7faafa570940",4181228555724658,4181228555733540,4181228555739309,4181228555745019,5769
537,"__amd_rocclr_copyBuffer.kd",2,8,693,1261566,1261566,512,512,0,0,16,0,32,64,"0x7feb7cde9780","0x7fc36f653600",4181228555732811,4181228555744356,4181228555750165,4181228555751548,5809
538,"void transformer_engine::fused_attn_rocm::compute_grad_v_kernel<hip_bfloat16, transformer_engine::fused_attn_rocm::SmallSeqConfig<4, 128, 256, false, (transformer_engine::fused_attn_rocm::CausalMaskType)0>, 16, 16>(hip_bfloat16 const*, hip_bfloat16 const*, hip_bfloat16*, int const*, int const*, int, int) [clone .kd]",2,8,695,1261566,1261566,256000,64,8192,0,32,0,48,64,"0x0","0x7faaf3550f00",4181228555767853,4181228555777806,4181228555890133,4181228555893790,112327
539,"void transformer_engine::fused_attn_rocm::compute_grad_attn_kernel<hip_bfloat16, transformer_engine::fused_attn_rocm::SmallSeqConfig<4, 128, 256, false, (transformer_engine::fused_attn_rocm::CausalMaskType)0>, 16>(hip_bfloat16 const*, hip_bfloat16 const*, hip_bfloat16*, int const*, int const*, int, int) [clone .kd]",2,8,696,1261566,1261566,8000,64,0,0,116,4,48,64,"0x0","0x7faaf3550f40",4181228555775464,4181228555890133,4181228556040316,4181228556046307,150183
540,"void transformer_engine::fused_attn_rocm::softmax_backward_kernel<hip_bfloat16, transformer_engine::fused_attn_rocm::SmallSeqConfig<4, 128, 256, false, (transformer_engine::fused_attn_rocm::CausalMaskType)0> >(hip_bfloat16 const*, hip_bfloat16 const*, hip_bfloat16*, float, int const*, int, int) [clone .kd]",2,8,697,1261566,1261566,256000,256,1024,0,12,4,16,64,"0x0","0x7faaf3550f80",4181228555784007,4181228556040316,4181228556046045,4181228556054509,5729
541,"void transformer_engine::fused_attn_rocm::compute_grad_qk_kernel<hip_bfloat16, transformer_engine::fused_attn_rocm::SmallSeqConfig<4, 128, 256, false, (transformer_engine::fused_attn_rocm::CausalMaskType)0>, 4, 16>(hip_bfloat16 const*, hip_bfloat16 const*, hip_bfloat16 const*, hip_bfloat16*, hip_bfloat16*, float, int const*, int const*, int, int) [clone .kd]",2,8,698,1261566,1261566,1024000,64,8192,0,36,4,48,64,"0x0","0x7faaf3550fc0",4181228555793000,4181228556046045,4181228556163379,4181228556169780,117334
542,"input_reduce_fusion.kd",2,8,699,1261566,1261566,524288,256,512,0,16,0,16,64,"0x0","0x7faafa589500",4181228555802454,4181228556163379,4181228556169268,4181228556176891,5889
543,"input_reduce_fusion_2.kd",2,8,700,1261566,1261566,128,128,512,0,24,0,16,64,"0x0","0x7faafa589540",4181228555809515,4181228556169268,4181228556174716,4181228556182640,5448
544,"loop_convert_fusion.kd",2,8,701,1261566,1261566,1,1,0,0,4,4,16,64,"0x0","0x7faafa589580",4181228555816375,4181228556174716,4181228556178722,4181228556188659,4006
545,"loop_compare_fusion.kd",2,8,704,1261566,1261566,16128,256,0,0,4,4,16,64,"0x0","0x7faafa588b00",4181228555904896,4181228556192503,4181228556198151,4181228556202149,5648
546,"input_reduce_reduce_window_fusion_2.kd",2,8,705,1261566,1261566,1024,1024,512,0,20,4,48,64,"0x0","0x7faafa588b40",4181228555914931,4181228556198151,4181228556222828,4181228556228317,24677
547,"loop_reduce_window_fusion_16.kd",2,8,706,1261566,1261566,1024,256,0,0,8,0,16,64,"0x0","0x7faafa588b80",4181228555922933,4181228556222828,4181228556228556,4181228556235048,5728
548,"loop_reduce_window_fusion_15.kd",2,8,707,1261566,1261566,64,64,0,0,8,0,16,64,"0x0","0x7faafa588bc0",4181228555930424,4181228556228556,4181228556233764,4181228556240866,5208
549,"loop_broadcast_fusion_2.kd",2,8,708,1261566,1261566,16128,256,0,0,4,4,16,64,"0x0","0x7faafa588c00",4181228555937966,4181228556233764,4181228556238851,4181228556246725,5087
550,"input_scatter_fusion_2.kd",2,8,709,1261566,1261566,16128,256,0,0,12,4,32,64,"0x0","0x7faafa588c40",4181228555946689,4181228556238851,4181228556243458,4181228556252604,4607
551,"loop_reduce_window_fusion_14.kd",2,8,710,1261566,1261566,16128,256,0,0,8,0,16,64,"0x0","0x7faafa588c80",4181228555954921,4181228556243458,4181228556248225,4181228556258422,4767
552,"loop_reduce_window_fusion_16.kd",2,8,711,1261566,1261566,1024,256,0,0,8,0,16,64,"0x0","0x7faafa588b80",4181228555961801,4181228556248225,4181228556253233,4181228556263830,5008
553,"loop_reduce_window_fusion_15.kd",2,8,712,1261566,1261566,64,64,0,0,8,0,16,64,"0x0","0x7faafa588bc0",4181228555969483,4181228556253233,4181228556257880,4181228556269599,4647
554,"loop_select_fusion_4.kd",2,8,713,1261566,1261566,16128,256,0,0,12,4,32,64,"0x0","0x7faafa588cc0",4181228555977464,4181228556257880,4181228556262847,4181228556275468,4967
555,"loop_select_fusion_2.kd",2,8,714,1261566,1261566,16128,256,0,0,4,4,16,64,"0x0","0x7faafa588d00",4181228555984996,4181228556262847,4181228556267574,4181228556281266,4727
556,"loop_reduce_window_fusion_14.kd",2,8,715,1261566,1261566,16128,256,0,0,8,0,16,64,"0x0","0x7faafa588c80",4181228555991776,4181228556267574,4181228556272341,4181228556286975,4767
557,"loop_reduce_window_fusion_16.kd",2,8,716,1261566,1261566,1024,256,0,0,8,0,16,64,"0x0","0x7faafa588b80",4181228555999217,4181228556272341,4181228556277229,4181228556292723,4888
558,"loop_reduce_window_fusion_15.kd",2,8,717,1261566,1261566,64,64,0,0,8,0,16,64,"0x0","0x7faafa588bc0",4181228556006638,4181228556277229,4181228556281875,4181228556305552,4646
559,"input_concatenate_fusion.kd",2,8,718,1261566,1261566,16128,256,0,0,12,4,32,64,"0x0","0x7faafa588d40",4181228556014079,4181228556281875,4181228556286763,4181228556298492,4888
560,"input_reduce_reduce_window_fusion.kd",2,8,719,1261566,1261566,8192,256,0,0,24,0,48,64,"0x0","0x7faafa588d80",4181228556021370,4181228556286763,4181228556296377,4181228556386332,9614
561,"loop_reduce_window_fusion_4.kd",2,8,720,1261566,1261566,1280,256,0,0,8,0,16,64,"0x0","0x7faafa588dc0",4181228556028721,4181228556296377,4181228556301264,4181228556315427,4887
562,"loop_reduce_window_fusion_3.kd",2,8,721,1261566,1261566,80,80,0,0,8,0,16,64,"0x0","0x7faafa588e00",4181228556035260,4181228556301264,4181228556305911,4181228556322948,4647
563,"loop_broadcast_fusion.kd",2,8,722,1261566,1261566,20224,256,0,0,4,4,16,64,"0x0","0x7faafa588e40",4181228556042461,4181228556305911,4181228556310919,4181228556329047,5008
564,"input_scatter_fusion.kd",2,8,723,1261566,1261566,20224,256,0,0,12,4,32,64,"0x0","0x7faafa588e80",4181228556049572,4181228556310919,4181228556315525,4181228556334455,4606
565,"loop_reduce_window_fusion_2.kd",2,8,724,1261566,1261566,20224,256,0,0,8,0,16,64,"0x0","0x7faafa588ec0",4181228556059777,4181228556315525,4181228556320293,4181228556340184,4768
566,"loop_reduce_window_fusion_4.kd",2,8,725,1261566,1261566,1280,256,0,0,8,0,16,64,"0x0","0x7faafa588dc0",4181228556067849,4181228556320293,4181228556325460,4181228556346113,5167
567,"loop_reduce_window_fusion_3.kd",2,8,726,1261566,1261566,80,80,0,0,8,0,16,64,"0x0","0x7faafa588e00",4181228556075420,4181228556325460,4181228556330227,4181228556352202,4767
568,"loop_remainder_fusion.kd",2,8,727,1261566,1261566,20224,256,0,0,12,4,32,64,"0x0","0x7faafa588f00",4181228556082501,4181228556330227,4181228556335195,4181228556357640,4968
569,"input_reduce_fusion_1.kd",2,8,728,1261566,1261566,64,64,0,0,8,0,16,64,"0x0","0x7faafa588f40",4181228556089761,4181228556335195,4181228556339962,4181228556363238,4767
570,"loop_select_fusion.kd",2,8,729,1261566,1261566,20224,256,0,0,8,0,32,64,"0x0","0x7faafa588f80",4181228556097002,4181228556339962,4181228556345009,4181228556368516,5047
571,"loop_compare_fusion_2.kd",2,8,730,1261566,1261566,4096,256,0,0,4,4,16,64,"0x0","0x7faafa588fc0",4181228556105174,4181228556345009,4181228556350017,4181228556374044,5008
572,"input_reduce_reduce_window_fusion_3.kd",2,8,731,1261566,1261566,256,256,512,0,20,4,32,64,"0x0","0x7faafa589000",4181228556113086,4181228556350017,4181228556365920,4181228556380944,15903
573,"loop_slice_fusion_1.kd",2,8,732,1261566,1261566,16,16,0,0,20,4,16,64,"0x0","0x7faafa589040",4181228556120537,4181228556365920,4181228556370688,4181228556403458,4768
574,"loop_broadcast_fusion_3.kd",2,8,733,1261566,1261566,4096,256,0,0,4,4,16,64,"0x0","0x7faafa589080",4181228556128028,4181228556370688,4181228556375695,4181228556408796,5007
575,"input_scatter_fusion_3.kd",2,8,734,1261566,1261566,4096,256,0,0,8,0,32,64,"0x0","0x7faafa5890c0",4181228556135710,4181228556375695,4181228556381864,4181228556414464,6169
576,"loop_reduce_window_fusion_18.kd",2,8,735,1261566,1261566,4096,256,0,0,8,0,16,64,"0x0","0x7faafa589100",4181228556142860,4181228556381864,4181228556386671,4181228556392191,4807
577,"loop_slice_fusion_1.kd",2,8,736,1261566,1261566,16,16,0,0,20,4,16,64,"0x0","0x7faafa589040",4181228556153056,4181228556386671,4181228556391438,4181228556434033,4767
578,"loop_remainder_fusion_1.kd",2,8,737,1261566,1261566,4096,256,0,0,12,4,16,64,"0x0","0x7faafa589140",4181228556162750,4181228556391438,4181228556398008,4181228556397810,6570
579,"loop_select_fusion_3.kd",2,8,738,1261566,1261566,4096,256,0,0,8,0,32,64,"0x0","0x7faafa589180",4181228556206215,4181228556398008,4181228556402815,4181228556439231,4807
580,"loop_reduce_window_fusion_18.kd",2,8,739,1261566,1261566,4096,256,0,0,8,0,16,64,"0x0","0x7faafa589100",4181228556227156,4181228556402815,4181228556407102,4181228556422596,4287
581,"loop_slice_fusion_1.kd",2,8,740,1261566,1261566,16,16,0,0,20,4,16,64,"0x0","0x7faafa589040",4181228556323479,4181228556434943,4181228556437026,4181228556448505,2083
582,"input_concatenate_fusion_1.kd",2,8,741,1261566,1261566,4096,256,0,0,8,0,32,64,"0x0","0x7faafa5891c0",4181228556434674,4181228556447602,4181228556454292,4181228556454864,6690
583,"loop_compare_fusion_1.kd",2,8,742,1261566,1261566,8192,256,0,0,4,4,16,64,"0x0","0x7faafa589200",4181228556446832,4181228556469474,4181228556472239,4181228556474484,2765
584,"input_reduce_reduce_window_fusion_1.kd",2,8,743,1261566,1261566,512,512,512,0,20,4,48,64,"0x0","0x7faafa589240",4181228556468605,4181228556478368,4181228556496394,4181228556498309,18026
585,"loop_reduce_window_fusion_8.kd",2,8,744,1261566,1261566,32,32,0,0,32,0,16,64,"0x0","0x7faafa589280",4181228556476697,4181228556496394,4181228556504927,4181228556504999,8533
586,"loop_broadcast_fusion_1.kd",2,8,745,1261566,1261566,8192,256,0,0,4,4,16,64,"0x0","0x7faafa5892c0",4181228556489816,4181228556504927,4181228556509254,4181228556512700,4327
587,"input_scatter_fusion_1.kd",2,8,746,1261566,1261566,8192,256,0,0,8,0,32,64,"0x0","0x7faafa589300",4181228556498359,4181228556519749,4181228556526199,4181228556531058,6450
588,"loop_reduce_window_fusion_7.kd",2,8,747,1261566,1261566,8192,256,0,0,8,0,16,64,"0x0","0x7faafa589340",4181228556520352,4181228556530525,4181228556534451,4181228556539590,3926
589,"loop_reduce_window_fusion_6.kd",2,8,748,1261566,1261566,512,256,0,0,8,0,16,64,"0x0","0x7faafa589380",4181228556529365,4181228556545988,4181228556551076,4181228556555374,5088
590,"loop_reduce_window_fusion_5.kd",2,8,749,1261566,1261566,32,32,0,0,8,0,16,64,"0x0","0x7faafa5893c0",4181228556544458,4181228556555362,4181228556560249,4181228556579740,4887
591,"loop_select_fusion_5.kd",2,8,750,1261566,1261566,8192,256,0,0,8,0,32,64,"0x0","0x7faafa589400",4181228556574382,4181228556583925,4181228556587330,4181228556587692,3405
592,"loop_select_fusion_1.kd",2,8,751,1261566,1261566,8192,256,0,0,8,0,16,64,"0x0","0x7faafa589440",4181228556582735,4181228556591776,4181228556594460,4181228556596124,2684
593,"loop_broadcast_fusion_4.kd",2,8,752,1261566,1261566,16,16,0,0,4,4,16,64,"0x0","0x7faafa589480",4181228556590526,4181228556600870,4181228556602512,4181228556603065,1642
594,"__amd_rocclr_fillBufferAligned.kd",2,8,753,1261566,1261566,77824,256,0,0,12,4,48,64,"0x0","0x7fc36f653580",4181228556604627,4181228556618776,4181228556633278,4181228556634211,14502
595,"__amd_rocclr_fillBufferAligned.kd",2,8,754,1261566,1261566,16128,256,0,0,12,4,48,64,"0x0","0x7fc36f653580",4181228556616274,4181228556633278,4181228556638165,4181228556641332,4887
596,"transformer_engine::fused_attn_rocm::populate_rng_state_kernel(long*, long const*, long) [clone .kd]",2,8,755,1261566,1261566,1,1,0,0,8,0,16,64,"0x0","0x7faafa5a5380",4181228556626369,4181228556638165,4181228556642291,4181228556650876,4126
597,"__amd_rocclr_fillBufferAligned.kd",2,8,756,1261566,1261566,256,256,0,0,12,4,48,64,"0x0","0x7fc36f653580",4181228556635954,4181228556658035,4181228556659958,4181228556668081,1923
598,"ck_fused_attn::get_runtime_max_seqlen_kernel(unsigned long, int const*, int const*, unsigned long*) [clone .kd]",2,8,757,1261566,1261566,4096,128,0,0,4,4,32,64,"0x0","0x7faafa570940",4181228556656775,4181228556667689,4181228556673378,4181228556676975,5689
599,"__amd_rocclr_copyBuffer.kd",2,8,758,1261566,1261566,512,512,0,0,16,0,32,64,"0x7feb7cc72700","0x7fc36f653600",4181228556668372,4181228556685756,4181228556692686,4181228556692718,6930
600,"__amd_rocclr_fillBufferAligned.kd",2,8,760,1261566,1261566,256,256,0,0,12,4,48,64,"0x0","0x7fc36f653580",4181228556711516,4181228556721890,4181228556723813,4181228556760819,1923
601,"ck_fused_attn::get_runtime_max_seqlen_kernel(unsigned long, int const*, int const*, unsigned long*) [clone .kd]",2,8,761,1261566,1261566,4096,128,0,0,4,4,32,64,"0x0","0x7faafa570940",4181228556721411,4181228556730943,4181228556736632,4181228556771175,5689
602,"__amd_rocclr_copyBuffer.kd",2,8,762,1261566,1261566,512,512,0,0,16,0,32,64,"0x7feb7cc72580","0x7fc36f653600",4181228556736023,4181228556750492,4181228556757102,4181228556766438,6610
603,"void transformer_engine::fused_attn_rocm::compute_scores_kernel<hip_bfloat16, transformer_engine::fused_attn_rocm::SmallSeqConfig<4, 128, 256, false, (transformer_engine::fused_attn_rocm::CausalMaskType)0>, 1>(hip_bfloat16 const*, hip_bfloat16 const*, hip_bfloat16*, float, int const*, int const*, int, int) [clone .kd]",2,8,764,1261566,1261566,64000,64,0,0,112,0,32,64,"0x0","0x7faaf354f440",4181228556783593,4181228556797562,4181228556816030,4181228556820728,18468
604,"void transformer_engine::fused_attn_rocm::apply_mask_and_softmax_kernel<hip_bfloat16, transformer_engine::fused_attn_rocm::SmallSeqConfig<4, 128, 256, false, (transformer_engine::fused_attn_rocm::CausalMaskType)0> >(hip_bfloat16*, hip_bfloat16 const*, float, int const*, int, int) [clone .kd]",2,8,765,1261566,1261566,256000,256,1024,0,12,4,16,64,"0x0","0x7faaf354f480",4181228556795711,4181228556816030,4181228556821157,4181228556827499,5127
605,"void transformer_engine::fused_attn_rocm::compute_output_kernel<hip_bfloat16, transformer_engine::fused_attn_rocm::SmallSeqConfig<4, 128, 256, false, (transformer_engine::fused_attn_rocm::CausalMaskType)0>, 2, 8>(hip_bfloat16 const*, hip_bfloat16 const*, hip_bfloat16*, int const*, int const*, int, int) [clone .kd]",2,8,766,1261566,1261566,512000,64,8192,0,28,4,48,64,"0x0","0x7faaf354f4c0",4181228556804775,4181228556821157,4181228556869109,4181228556880798,47952
606,"loop_broadcast_fusion_5.kd",2,8,767,1261566,1261566,2048000,256,0,0,4,4,16,64,"0x0","0x7faafa5894c0",4181228556813678,4181228556869109,4181228556877281,4181228556888680,8172
607,"__amd_rocclr_fillBufferAligned.kd",2,8,768,1261566,1261566,77824,256,0,0,12,4,48,64,"0x0","0x7fc36f653580",4181228556826537,4181228556877281,4181228556884171,4181228556893367,6890
608,"__amd_rocclr_fillBufferAligned.kd",2,8,769,1261566,1261566,77824,256,0,0,12,4,48,64,"0x0","0x7fc36f653580",4181228556841650,4181228556884171,4181228556897431,4181228556898164,13260
609,"__amd_rocclr_fillBufferAligned.kd",2,8,770,1261566,1261566,77824,256,0,0,12,4,48,64,"0x0","0x7fc36f653580",4181228556848850,4181228556897431,4181228556910410,4181228556914448,12979
610,"__amd_rocclr_fillBufferAligned.kd",2,8,771,1261566,1261566,256,256,0,0,12,4,48,64,"0x0","0x7fc36f653580",4181228556857113,4181228556910410,4181228556915137,4181228556931543,4727
611,"ck_fused_attn::get_runtime_max_seqlen_kernel(unsigned long, int const*, int const*, unsigned long*) [clone .kd]",2,8,772,1261566,1261566,4096,128,0,0,4,4,32,64,"0x0","0x7faafa570940",4181228556863793,4181228556915137,4181228556921066,4181228556921418,5929
612,"__amd_rocclr_copyBuffer.kd",2,8,773,1261566,1261566,512,512,0,0,16,0,32,64,"0x7feb7cde9380","0x7fc36f653600",4181228556871865,4181228556921066,4181228556926795,4181228556926536,5729
613,"__amd_rocclr_fillBufferAligned.kd",2,8,775,1261566,1261566,256,256,0,0,12,4,48,64,"0x0","0x7fc36f653580",4181228556944943,4181228556956999,4181228556959163,4181228556960797,2164
614,"ck_fused_attn::get_runtime_max_seqlen_kernel(unsigned long, int const*, int const*, unsigned long*) [clone .kd]",2,8,776,1261566,1261566,4096,128,0,0,4,4,32,64,"0x0","0x7faafa570940",4181228556955058,4181228556963329,4181228556969298,4181228556970271,5969
615,"__amd_rocclr_copyBuffer.kd",2,8,777,1261566,1261566,512,512,0,0,16,0,32,64,"0x7feb7cde9280","0x7fc36f653600",4181228556961818,4181228556979593,4181228556985923,4181228556985834,6330
616,"void transformer_engine::fused_attn_rocm::compute_grad_v_kernel<hip_bfloat16, transformer_engine::fused_attn_rocm::SmallSeqConfig<4, 128, 256, false, (transformer_engine::fused_attn_rocm::CausalMaskType)0>, 16, 16>(hip_bfloat16 const*, hip_bfloat16 const*, hip_bfloat16*, int const*, int const*, int, int) [clone .kd]",2,8,779,1261566,1261566,256000,64,8192,0,32,0,48,64,"0x0","0x7faaf3550f00",4181228557003020,4181228557014605,4181228557125570,4181228557131551,110965
617,"void transformer_engine::fused_attn_rocm::compute_grad_attn_kernel<hip_bfloat16, transformer_engine::fused_attn_rocm::SmallSeqConfig<4, 128, 256, false, (transformer_engine::fused_attn_rocm::CausalMaskType)0>, 16>(hip_bfloat16 const*, hip_bfloat16 const*, hip_bfloat16*, int const*, int const*, int, int) [clone .kd]",2,8,780,1261566,1261566,8000,64,0,0,116,4,48,64,"0x0","0x7faaf3550f40",4181228557013095,4181228557125570,4181228557275273,4181228557278039,149703
618,"void transformer_engine::fused_attn_rocm::softmax_backward_kernel<hip_bfloat16, transformer_engine::fused_attn_rocm::SmallSeqConfig<4, 128, 256, false, (transformer_engine::fused_attn_rocm::CausalMaskType)0> >(hip_bfloat16 const*, hip_bfloat16 const*, hip_bfloat16*, float, int const*, int, int) [clone .kd]",2,8,781,1261566,1261566,256000,256,1024,0,12,4,16,64,"0x0","0x7faaf3550f80",4181228557021267,4181228557275273,4181228557281041,4181228557285269,5768
619,"void transformer_engine::fused_attn_rocm::compute_grad_qk_kernel<hip_bfloat16, transformer_engine::fused_attn_rocm::SmallSeqConfig<4, 128, 256, false, (transformer_engine::fused_attn_rocm::CausalMaskType)0>, 4, 16>(hip_bfloat16 const*, hip_bfloat16 const*, hip_bfloat16 const*, hip_bfloat16*, hip_bfloat16*, float, int const*, int const*, int, int) [clone .kd]",2,8,782,1261566,1261566,1024000,64,8192,0,36,4,48,64,"0x0","0x7faaf3550fc0",4181228557030470,4181228557281041,4181228557395892,4181228557408913,114851
620,"input_reduce_fusion.kd",2,8,783,1261566,1261566,524288,256,512,0,16,0,16,64,"0x0","0x7faafa589500",4181228557039223,4181228557395892,4181228557403223,4181228557416535,7331
621,"input_reduce_fusion_2.kd",2,8,784,1261566,1261566,128,128,512,0,24,0,16,64,"0x0","0x7faafa589540",4181228557046775,4181228557403223,4181228557408952,4181228557422614,5729
622,"loop_convert_fusion.kd",2,8,785,1261566,1261566,1,1,0,0,4,4,16,64,"0x0","0x7faafa589580",4181228557054146,4181228557408952,4181228557412958,4181228557428612,4006
623,"loop_compare_fusion.kd",2,8,788,1261566,1261566,16128,256,0,0,4,4,16,64,"0x0","0x7faafa588b00",4181228557153533,4181228557425456,4181228557431185,4181228557436164,5729
624,"input_reduce_reduce_window_fusion_2.kd",2,8,789,1261566,1261566,1024,1024,512,0,20,4,48,64,"0x0","0x7faafa588b40",4181228557162977,4181228557431185,4181228557455982,4181228557468442,24797
625,"loop_reduce_window_fusion_16.kd",2,8,790,1261566,1261566,1024,256,0,0,8,0,16,64,"0x0","0x7faafa588b80",4181228557170909,4181228557455982,4181228557460989,4181228557474821,5007
626,"loop_reduce_window_fusion_15.kd",2,8,791,1261566,1261566,64,64,0,0,8,0,16,64,"0x0","0x7faafa588bc0",4181228557178711,4181228557460989,4181228557465636,4181228557483244,4647
627,"loop_broadcast_fusion_2.kd",2,8,792,1261566,1261566,16128,256,0,0,4,4,16,64,"0x0","0x7faafa588c00",4181228557186322,4181228557465636,4181228557470523,4181228557489433,4887
628,"input_scatter_fusion_2.kd",2,8,793,1261566,1261566,16128,256,0,0,12,4,32,64,"0x0","0x7faafa588c40",4181228557193383,4181228557470523,4181228557475250,4181228557495622,4727
629,"loop_reduce_window_fusion_14.kd",2,8,794,1261566,1261566,16128,256,0,0,8,0,16,64,"0x0","0x7faafa588c80",4181228557201955,4181228557475250,4181228557480057,4181228557501371,4807
630,"loop_reduce_window_fusion_16.kd",2,8,795,1261566,1261566,1024,256,0,0,8,0,16,64,"0x0","0x7faafa588b80",4181228557208695,4181228557480057,4181228557485145,4181228557507179,5088
631,"loop_reduce_window_fusion_15.kd",2,8,796,1261566,1261566,64,64,0,0,8,0,16,64,"0x0","0x7faafa588bc0",4181228557215736,4181228557485145,4181228557489792,4181228557513258,4647
632,"loop_select_fusion_4.kd",2,8,797,1261566,1261566,16128,256,0,0,12,4,32,64,"0x0","0x7faafa588cc0",4181228557223117,4181228557489792,4181228557494719,4181228557519117,4927
633,"loop_select_fusion_2.kd",2,8,798,1261566,1261566,16128,256,0,0,4,4,16,64,"0x0","0x7faafa588d00",4181228557230959,4181228557494719,4181228557499406,4181228557524365,4687
634,"loop_reduce_window_fusion_14.kd",2,8,799,1261566,1261566,16128,256,0,0,8,0,16,64,"0x0","0x7faafa588c80",4181228557237879,4181228557499406,4181228557504093,4181228557530274,4687
635,"loop_reduce_window_fusion_16.kd",2,8,800,1261566,1261566,1024,256,0,0,8,0,16,64,"0x0","0x7faafa588b80",4181228557245801,4181228557504093,4181228557508940,4181228557541931,4847
636,"loop_reduce_window_fusion_15.kd",2,8,801,1261566,1261566,64,64,0,0,8,0,16,64,"0x0","0x7faafa588bc0",4181228557253222,4181228557508940,4181228557513547,4181228557555581,4607
637,"input_concatenate_fusion.kd",2,8,802,1261566,1261566,16128,256,0,0,12,4,32,64,"0x0","0x7faafa588d40",4181228557260533,4181228557513547,4181228557518475,4181228557550584,4928
638,"input_reduce_reduce_window_fusion.kd",2,8,803,1261566,1261566,8192,256,0,0,24,0,48,64,"0x0","0x7faafa588d80",4181228557267413,4181228557518475,4181228557528089,4181228557536152,9614
639,"loop_reduce_window_fusion_4.kd",2,8,804,1261566,1261566,1280,256,0,0,8,0,16,64,"0x0","0x7faafa588dc0",4181228557275294,4181228557528089,4181228557533216,4181228557587369,5127
640,"loop_reduce_window_fusion_3.kd",2,8,805,1261566,1261566,80,80,0,0,8,0,16,64,"0x0","0x7faafa588e00",4181228557281914,4181228557533216,4181228557537903,4181228557593027,4687
641,"loop_broadcast_fusion.kd",2,8,806,1261566,1261566,20224,256,0,0,4,4,16,64,"0x0","0x7faafa588e40",4181228557291539,4181228557537903,4181228557542911,4181228557598365,5008
642,"input_scatter_fusion.kd",2,8,807,1261566,1261566,20224,256,0,0,12,4,32,64,"0x0","0x7faafa588e80",4181228557301924,4181228557542911,4181228557547598,4181228557581870,4687
643,"loop_reduce_window_fusion_2.kd",2,8,808,1261566,1261566,20224,256,0,0,8,0,16,64,"0x0","0x7faafa588ec0",4181228557309055,4181228557547598,4181228557552405,4181228557576232,4807
644,"loop_reduce_window_fusion_4.kd",2,8,809,1261566,1261566,1280,256,0,0,8,0,16,64,"0x0","0x7faafa588dc0",4181228557315665,4181228557552405,4181228557557573,4181228557570303,5168
645,"loop_reduce_window_fusion_3.kd",2,8,810,1261566,1261566,80,80,0,0,8,0,16,64,"0x0","0x7faafa588e00",4181228557323256,4181228557557573,4181228557562180,4181228557564565,4607
646,"loop_remainder_fusion.kd",2,8,811,1261566,1261566,20224,256,0,0,12,4,32,64,"0x0","0x7faafa588f00",4181228557330096,4181228557562180,4181228557567187,4181228557635841,5007
647,"input_reduce_fusion_1.kd",2,8,812,1261566,1261566,64,64,0,0,8,0,16,64,"0x0","0x7faafa588f40",4181228557337938,4181228557567187,4181228557571834,4181228557628730,4647
648,"loop_select_fusion.kd",2,8,813,1261566,1261566,20224,256,0,0,8,0,32,64,"0x0","0x7faafa588f80",4181228557345259,4181228557571834,4181228557576841,4181228557623312,5007
649,"loop_compare_fusion_2.kd",2,8,814,1261566,1261566,4096,256,0,0,4,4,16,64,"0x0","0x7faafa588fc0",4181228557353090,4181228557576841,4181228557581849,4181228557617634,5008
650,"input_reduce_reduce_window_fusion_3.kd",2,8,815,1261566,1261566,256,256,512,0,20,4,32,64,"0x0","0x7faafa589000",4181228557359950,4181228557581849,4181228557598073,4181228557612566,16224
651,"loop_slice_fusion_1.kd",2,8,816,1261566,1261566,16,16,0,0,20,4,16,64,"0x0","0x7faafa589040",4181228557367401,4181228557598073,4181228557603000,4181228557606787,4927
652,"loop_broadcast_fusion_3.kd",2,8,817,1261566,1261566,4096,256,0,0,4,4,16,64,"0x0","0x7faafa589080",4181228557374071,4181228557603000,4181228557607968,4181228557684263,4968
653,"input_scatter_fusion_3.kd",2,8,818,1261566,1261566,4096,256,0,0,8,0,32,64,"0x0","0x7faafa5890c0",4181228557381573,4181228557607968,4181228557614017,4181228557689811,6049
654,"loop_reduce_window_fusion_18.kd",2,8,819,1261566,1261566,4096,256,0,0,8,0,16,64,"0x0","0x7faafa589100",4181228557389004,4181228557614017,4181228557618784,4181228557649331,4767
655,"loop_slice_fusion_1.kd",2,8,820,1261566,1261566,16,16,0,0,20,4,16,64,"0x0","0x7faafa589040",4181228557396294,4181228557618784,4181228557623591,4181228557643722,4807
656,"loop_remainder_fusion_1.kd",2,8,821,1261566,1261566,4096,256,0,0,12,4,16,64,"0x0","0x7faafa589140",4181228557403796,4181228557623591,4181228557630281,4181228557666887,6690
657,"loop_select_fusion_3.kd",2,8,822,1261566,1261566,4096,256,0,0,8,0,32,64,"0x0","0x7faafa589180",4181228557454361,4181228557630281,4181228557635088,4181228557672645,4807
658,"loop_reduce_window_fusion_18.kd",2,8,823,1261566,1261566,4096,256,0,0,8,0,16,64,"0x0","0x7faafa589100",4181228557463755,4181228557635088,4181228557639815,4181228557660848,4727
659,"loop_slice_fusion_1.kd",2,8,824,1261566,1261566,16,16,0,0,20,4,16,64,"0x0","0x7faafa589040",4181228557470505,4181228557639815,4181228557644662,4181228557654959,4847
660,"input_concatenate_fusion_1.kd",2,8,825,1261566,1261566,4096,256,0,0,8,0,32,64,"0x0","0x7faafa5891c0",4181228557480920,4181228557644662,4181228557650551,4181228557723631,5889
661,"loop_compare_fusion_1.kd",2,8,826,1261566,1261566,8192,256,0,0,4,4,16,64,"0x0","0x7faafa589200",4181228557489223,4181228557650551,4181228557655558,4181228557703531,5007
662,"input_reduce_reduce_window_fusion_1.kd",2,8,827,1261566,1261566,512,512,512,0,20,4,48,64,"0x0","0x7faafa589240",4181228557557795,4181228557655558,4181228557672263,4181228557678294,16705
663,"loop_reduce_window_fusion_8.kd",2,8,828,1261566,1261566,32,32,0,0,32,0,16,64,"0x0","0x7faafa589280",4181228557615150,4181228557672263,4181228557680716,4181228557698113,8453
664,"loop_broadcast_fusion_1.kd",2,8,829,1261566,1261566,8192,256,0,0,4,4,16,64,"0x0","0x7faafa5892c0",4181228557649301,4181228557680716,4181228557685002,4181228557714978,4286
665,"input_scatter_fusion_1.kd",2,8,830,1261566,1261566,8192,256,0,0,8,0,32,64,"0x0","0x7faafa589300",4181228557659806,4181228557707035,4181228557713444,4181228557731533,6409
666,"loop_reduce_window_fusion_7.kd",2,8,831,1261566,1261566,8192,256,0,0,8,0,16,64,"0x0","0x7faafa589340",4181228557707678,4181228557719333,4181228557723339,4181228557737522,4006
667,"loop_reduce_window_fusion_6.kd",2,8,832,1261566,1261566,512,256,0,0,8,0,16,64,"0x0","0x7faafa589380",4181228557718343,4181228557738442,4181228557744090,4181228557746365,5648
668,"loop_reduce_window_fusion_5.kd",2,8,833,1261566,1261566,32,32,0,0,8,0,16,64,"0x0","0x7faafa5893c0",4181228557737722,4181228557752142,4181228557756468,4181228557777251,4326
669,"loop_select_fusion_5.kd",2,8,834,1261566,1261566,8192,256,0,0,8,0,32,64,"0x0","0x7faafa589400",4181228557775428,4181228557792041,4181228557795647,4181228557796900,3606
670,"loop_select_fusion_1.kd",2,8,835,1261566,1261566,8192,256,0,0,8,0,16,64,"0x0","0x7faafa589440",4181228557792143,4181228557801295,4181228557804179,4181228557804892,2884
671,"loop_broadcast_fusion_4.kd",2,8,836,1261566,1261566,16,16,0,0,4,4,16,64,"0x0","0x7faafa589480",4181228557799865,4181228557809267,4181228557811110,4181228557811001,1843
672,"__amd_rocclr_fillBufferAligned.kd",2,8,837,1261566,1261566,77824,256,0,0,12,4,48,64,"0x0","0x7fc36f653580",4181228557814246,4181228557825691,4181228557839873,4181228557842398,14182
673,"__amd_rocclr_fillBufferAligned.kd",2,8,838,1261566,1261566,16128,256,0,0,12,4,48,64,"0x0","0x7fc36f653580",4181228557823329,4181228557839873,4181228557844760,4181228557849869,4887
674,"transformer_engine::fused_attn_rocm::populate_rng_state_kernel(long*, long const*, long) [clone .kd]",2,8,839,1261566,1261566,1,1,0,0,8,0,16,64,"0x0","0x7faafa5a5380",4181228557832904,4181228557844760,4181228557848886,4181228557858422,4126
675,"__amd_rocclr_fillBufferAligned.kd",2,8,840,1261566,1261566,256,256,0,0,12,4,48,64,"0x0","0x7fc36f653580",4181228557843089,4181228557865591,4181228557867594,4181228557875527,2003
676,"ck_fused_attn::get_runtime_max_seqlen_kernel(unsigned long, int const*, int const*, unsigned long*) [clone .kd]",2,8,841,1261566,1261566,4096,128,0,0,4,4,32,64,"0x0","0x7faafa570940",4181228557864651,4181228557874925,4181228557880613,4181228557886433,5688
677,"__amd_rocclr_copyBuffer.kd",2,8,842,1261566,1261566,512,512,0,0,16,0,32,64,"0x7feb7cde9080","0x7fc36f653600",4181228557874796,4181228557893673,4181228557900403,4181228557902477,6730
678,"__amd_rocclr_fillBufferAligned.kd",2,8,844,1261566,1261566,256,256,0,0,12,4,48,64,"0x0","0x7fc36f653580",4181228557919723,4181228557931248,4181228557933291,4181228557968936,2043
679,"ck_fused_attn::get_runtime_max_seqlen_kernel(unsigned long, int const*, int const*, unsigned long*) [clone .kd]",2,8,845,1261566,1261566,4096,128,0,0,4,4,32,64,"0x0","0x7faafa570940",4181228557931881,4181228557940342,4181228557946231,4181228557978891,5889
680,"__amd_rocclr_copyBuffer.kd",2,8,846,1261566,1261566,512,512,0,0,16,0,32,64,"0x7feb7cc73a00","0x7fc36f653600",4181228557940013,4181228557950918,4181228557956366,4181228557974434,5448
681,"void transformer_engine::fused_attn_rocm::compute_scores_kernel<hip_bfloat16, transformer_engine::fused_attn_rocm::SmallSeqConfig<4, 128, 256, false, (transformer_engine::fused_attn_rocm::CausalMaskType)0>, 1>(hip_bfloat16 const*, hip_bfloat16 const*, hip_bfloat16*, float, int const*, int const*, int, int) [clone .kd]",2,8,848,1261566,1261566,64000,64,0,0,112,0,32,64,"0x0","0x7faaf354f440",4181228557992892,4181228558010526,4181228558029475,4181228558036647,18949
682,"void transformer_engine::fused_attn_rocm::apply_mask_and_softmax_kernel<hip_bfloat16, transformer_engine::fused_attn_rocm::SmallSeqConfig<4, 128, 256, false, (transformer_engine::fused_attn_rocm::CausalMaskType)0> >(hip_bfloat16*, hip_bfloat16 const*, float, int const*, int, int) [clone .kd]",2,8,849,1261566,1261566,256000,256,1024,0,12,4,16,64,"0x0","0x7faaf354f480",4181228558009627,4181228558029475,4181228558034562,4181228558043787,5087
683,"void transformer_engine::fused_attn_rocm::compute_output_kernel<hip_bfloat16, transformer_engine::fused_attn_rocm::SmallSeqConfig<4, 128, 256, false, (transformer_engine::fused_attn_rocm::CausalMaskType)0>, 2, 8>(hip_bfloat16 const*, hip_bfloat16 const*, hip_bfloat16*, int const*, int const*, int, int) [clone .kd]",2,8,850,1261566,1261566,512000,64,8192,0,28,4,48,64,"0x0","0x7faaf354f4c0",4181228558017278,4181228558034562,4181228558081432,4181228558081413,46870
684,"loop_broadcast_fusion_5.kd",2,8,851,1261566,1261566,2048000,256,0,0,4,4,16,64,"0x0","0x7faafa5894c0",4181228558027794,4181228558081432,4181228558089604,4181228558089375,8172
685,"__amd_rocclr_fillBufferAligned.kd",2,8,852,1261566,1261566,77824,256,0,0,12,4,48,64,"0x0","0x7fc36f653580",4181228558040292,4181228558089604,4181228558096414,4181228558105559,6810
686,"__amd_rocclr_fillBufferAligned.kd",2,8,853,1261566,1261566,77824,256,0,0,12,4,48,64,"0x0","0x7fc36f653580",4181228558047553,4181228558096414,4181228558109514,4181228558112379,13100
687,"__amd_rocclr_fillBufferAligned.kd",2,8,854,1261566,1261566,77824,256,0,0,12,4,48,64,"0x0","0x7fc36f653580",4181228558055064,4181228558109514,4181228558122333,4181228558131948,12819
688,"__amd_rocclr_fillBufferAligned.kd",2,8,855,1261566,1261566,256,256,0,0,12,4,48,64,"0x0","0x7fc36f653580",4181228558062065,4181228558122333,4181228558127060,4181228558127241,4727
689,"ck_fused_attn::get_runtime_max_seqlen_kernel(unsigned long, int const*, int const*, unsigned long*) [clone .kd]",2,8,856,1261566,1261566,4096,128,0,0,4,4,32,64,"0x0","0x7faafa570940",4181228558068124,4181228558127060,4181228558132948,4181228558142825,5888
690,"__amd_rocclr_copyBuffer.kd",2,8,857,1261566,1261566,512,512,0,0,16,0,32,64,"0x7feb7cde8e80","0x7fc36f653600",4181228558075424,4181228558132948,4181228558138236,4181228558138007,5288
691,"__amd_rocclr_fillBufferAligned.kd",2,8,859,1261566,1261566,256,256,0,0,12,4,48,64,"0x0","0x7fc36f653580",4181228558156475,4181228558170765,4181228558172848,4181228558174912,2083
692,"ck_fused_attn::get_runtime_max_seqlen_kernel(unsigned long, int const*, int const*, unsigned long*) [clone .kd]",2,8,860,1261566,1261566,4096,128,0,0,4,4,32,64,"0x0","0x7faafa570940",4181228558169845,4181228558178897,4181228558188711,4181228558193780,9814
693,"__amd_rocclr_copyBuffer.kd",2,8,861,1261566,1261566,512,512,0,0,16,0,32,64,"0x7feb7cde8d80","0x7fc36f653600",4181228558177626,4181228558188711,4181228558194079,4181228558199098,5368
694,"void transformer_engine::fused_attn_rocm::compute_grad_v_kernel<hip_bfloat16, transformer_engine::fused_attn_rocm::SmallSeqConfig<4, 128, 256, false, (transformer_engine::fused_attn_rocm::CausalMaskType)0>, 16, 16>(hip_bfloat16 const*, hip_bfloat16 const*, hip_bfloat16*, int const*, int const*, int, int) [clone .kd]",2,8,863,1261566,1261566,256000,64,8192,0,32,0,48,64,"0x0","0x7faaf3550f00",4181228558214641,4181228558227329,4181228558337693,4181228558343753,110364
695,"void transformer_engine::fused_attn_rocm::compute_grad_attn_kernel<hip_bfloat16, transformer_engine::fused_attn_rocm::SmallSeqConfig<4, 128, 256, false, (transformer_engine::fused_attn_rocm::CausalMaskType)0>, 16>(hip_bfloat16 const*, hip_bfloat16 const*, hip_bfloat16*, int const*, int const*, int, int) [clone .kd]",2,8,864,1261566,1261566,8000,64,0,0,116,4,48,64,"0x0","0x7faaf3550f40",4181228558225918,4181228558337693,4181228558487876,4181228558496871,150183
696,"void transformer_engine::fused_attn_rocm::softmax_backward_kernel<hip_bfloat16, transformer_engine::fused_attn_rocm::SmallSeqConfig<4, 128, 256, false, (transformer_engine::fused_attn_rocm::CausalMaskType)0> >(hip_bfloat16 const*, hip_bfloat16 const*, hip_bfloat16*, float, int const*, int, int) [clone .kd]",2,8,865,1261566,1261566,256000,256,1024,0,12,4,16,64,"0x0","0x7faaf3550f80",4181228558233990,4181228558487876,4181228558493445,4181228558507287,5569
697,"void transformer_engine::fused_attn_rocm::compute_grad_qk_kernel<hip_bfloat16, transformer_engine::fused_attn_rocm::SmallSeqConfig<4, 128, 256, false, (transformer_engine::fused_attn_rocm::CausalMaskType)0>, 4, 16>(hip_bfloat16 const*, hip_bfloat16 const*, hip_bfloat16 const*, hip_bfloat16*, hip_bfloat16*, float, int const*, int const*, int, int) [clone .kd]",2,8,866,1261566,1261566,1024000,64,8192,0,36,4,48,64,"0x0","0x7faaf3550fc0",4181228558242192,4181228558493445,4181228558608816,4181228558615127,115371
698,"input_reduce_fusion.kd",2,8,867,1261566,1261566,524288,256,512,0,16,0,16,64,"0x0","0x7faafa589500",4181228558250945,4181228558608816,4181228558615786,4181228558623219,6970
699,"input_reduce_fusion_2.kd",2,8,868,1261566,1261566,128,128,512,0,24,0,16,64,"0x0","0x7faafa589540",4181228558258306,4181228558615786,4181228558621595,4181228558629589,5809
700,"loop_convert_fusion.kd",2,8,869,1261566,1261566,1,1,0,0,4,4,16,64,"0x0","0x7faafa589580",4181228558265327,4181228558621595,4181228558626923,4181228558635417,5328
701,"loop_compare_fusion.kd",2,8,872,1261566,1261566,16128,256,0,0,4,4,16,64,"0x0","0x7faafa588b00",4181228558355120,4181228558639301,4181228558644910,4181228558648607,5609
702,"input_reduce_reduce_window_fusion_2.kd",2,8,873,1261566,1261566,1024,1024,512,0,20,4,48,64,"0x0","0x7faafa588b40",4181228558365416,4181228558644910,4181228558669586,4181228558685381,24676
703,"loop_reduce_window_fusion_16.kd",2,8,874,1261566,1261566,1024,256,0,0,8,0,16,64,"0x0","0x7faafa588b80",4181228558373127,4181228558669586,4181228558674394,4181228558691270,4808
704,"loop_reduce_window_fusion_15.kd",2,8,875,1261566,1261566,64,64,0,0,8,0,16,64,"0x0","0x7faafa588bc0",4181228558381299,4181228558674394,4181228558679000,4181228558696268,4606
705,"loop_broadcast_fusion_2.kd",2,8,876,1261566,1261566,16128,256,0,0,4,4,16,64,"0x0","0x7faafa588c00",4181228558389151,4181228558679000,4181228558683848,4181228558702367,4848
706,"input_scatter_fusion_2.kd",2,8,877,1261566,1261566,16128,256,0,0,12,4,32,64,"0x0","0x7faafa588c40",4181228558397393,4181228558683848,4181228558688535,4181228558709668,4687
707,"loop_reduce_window_fusion_14.kd",2,8,878,1261566,1261566,16128,256,0,0,8,0,16,64,"0x0","0x7faafa588c80",4181228558405405,4181228558688535,4181228558693382,4181228558715236,4847
708,"loop_reduce_window_fusion_16.kd",2,8,879,1261566,1261566,1024,256,0,0,8,0,16,64,"0x0","0x7faafa588b80",4181228558412506,4181228558693382,4181228558698469,4181228558720924,5087
709,"loop_reduce_window_fusion_15.kd",2,8,880,1261566,1261566,64,64,0,0,8,0,16,64,"0x0","0x7faafa588bc0",4181228558419787,4181228558698469,4181228558703116,4181228558727104,4647
710,"loop_select_fusion_4.kd",2,8,881,1261566,1261566,16128,256,0,0,12,4,32,64,"0x0","0x7faafa588cc0",4181228558427708,4181228558703116,4181228558708044,4181228558732662,4928
711,"loop_select_fusion_2.kd",2,8,882,1261566,1261566,16128,256,0,0,4,4,16,64,"0x0","0x7faafa588d00",4181228558435109,4181228558708044,4181228558712771,4181228558738040,4727
712,"loop_reduce_window_fusion_14.kd",2,8,883,1261566,1261566,16128,256,0,0,8,0,16,64,"0x0","0x7faafa588c80",4181228558442891,4181228558712771,4181228558717498,4181228558744019,4727
713,"loop_reduce_window_fusion_16.kd",2,8,884,1261566,1261566,1024,256,0,0,8,0,16,64,"0x0","0x7faafa588b80",4181228558449671,4181228558717498,4181228558722345,4181228558750168,4847
714,"loop_reduce_window_fusion_15.kd",2,8,885,1261566,1261566,64,64,0,0,8,0,16,64,"0x0","0x7faafa588bc0",4181228558456741,4181228558722345,4181228558727032,4181228558761615,4687
715,"input_concatenate_fusion.kd",2,8,886,1261566,1261566,16128,256,0,0,12,4,32,64,"0x0","0x7faafa588d40",4181228558464193,4181228558727032,4181228558732039,4181228558756157,5007
716,"input_reduce_reduce_window_fusion.kd",2,8,887,1261566,1261566,8192,256,0,0,24,0,48,64,"0x0","0x7faafa588d80",4181228558471043,4181228558732039,4181228558741814,4181228558778019,9775
717,"loop_reduce_window_fusion_4.kd",2,8,888,1261566,1261566,1280,256,0,0,8,0,16,64,"0x0","0x7faafa588dc0",4181228558477963,4181228558741814,4181228558746821,4181228558770728,5007
718,"loop_reduce_window_fusion_3.kd",2,8,889,1261566,1261566,80,80,0,0,8,0,16,64,"0x0","0x7faafa588e00",4181228558485294,4181228558746821,4181228558751468,4181228558811159,4647
719,"loop_broadcast_fusion.kd",2,8,890,1261566,1261566,20224,256,0,0,4,4,16,64,"0x0","0x7faafa588e40",4181228558492675,4181228558751468,4181228558756476,4181228558816627,5008
720,"input_scatter_fusion.kd",2,8,891,1261566,1261566,20224,256,0,0,12,4,32,64,"0x0","0x7faafa588e80",4181228558500066,4181228558756476,4181228558761163,4181228558822335,4687
721,"loop_reduce_window_fusion_2.kd",2,8,892,1261566,1261566,20224,256,0,0,8,0,16,64,"0x0","0x7faafa588ec0",4181228558519194,4181228558761163,4181228558765930,4181228558828334,4767
722,"loop_reduce_window_fusion_4.kd",2,8,893,1261566,1261566,1280,256,0,0,8,0,16,64,"0x0","0x7faafa588dc0",4181228558526415,4181228558765930,4181228558771057,4181228558805180,5127
723,"loop_reduce_window_fusion_3.kd",2,8,894,1261566,1261566,80,80,0,0,8,0,16,64,"0x0","0x7faafa588e00",4181228558533185,4181228558771057,4181228558775744,4181228558799862,4687
724,"loop_remainder_fusion.kd",2,8,895,1261566,1261566,20224,256,0,0,12,4,32,64,"0x0","0x7faafa588f00",4181228558540937,4181228558775744,4181228558780632,4181228558783918,4888
725,"input_reduce_fusion_1.kd",2,8,896,1261566,1261566,64,64,0,0,8,0,16,64,"0x0","0x7faafa588f40",4181228558548768,4181228558780632,4181228558785319,4181228558872350,4687
726,"loop_select_fusion.kd",2,8,897,1261566,1261566,20224,256,0,0,8,0,32,64,"0x0","0x7faafa588f80",4181228558556800,4181228558785319,4181228558790246,4181228558878549,4927
727,"loop_compare_fusion_2.kd",2,8,898,1261566,1261566,4096,256,0,0,4,4,16,64,"0x0","0x7faafa588fc0",4181228558564462,4181228558790246,4181228558795133,4181228558885719,4887
728,"input_reduce_reduce_window_fusion_3.kd",2,8,899,1261566,1261566,256,256,512,0,20,4,32,64,"0x0","0x7faafa589000",4181228558572013,4181228558795133,4181228558810917,4181228558914422,15784
729,"loop_slice_fusion_1.kd",2,8,900,1261566,1261566,16,16,0,0,20,4,16,64,"0x0","0x7faafa589040",4181228558579764,4181228558810917,4181228558815684,4181228558855444,4767
730,"loop_broadcast_fusion_3.kd",2,8,901,1261566,1261566,4096,256,0,0,4,4,16,64,"0x0","0x7faafa589080",4181228558586474,4181228558815684,4181228558820571,4181228558849005,4887
731,"input_scatter_fusion_3.kd",2,8,902,1261566,1261566,4096,256,0,0,8,0,32,64,"0x0","0x7faafa5890c0",4181228558593024,4181228558820571,4181228558826900,4181228558836947,6329
732,"loop_reduce_window_fusion_18.kd",2,8,903,1261566,1261566,4096,256,0,0,8,0,16,64,"0x0","0x7faafa589100",4181228558599674,4181228558826900,4181228558831748,4181228558890967,4848
733,"loop_slice_fusion_1.kd",2,8,904,1261566,1261566,16,16,0,0,20,4,16,64,"0x0","0x7faafa589040",4181228558606594,4181228558831748,4181228558836555,4181228558896626,4807
734,"loop_remainder_fusion_1.kd",2,8,905,1261566,1261566,4096,256,0,0,12,4,16,64,"0x0","0x7faafa589140",4181228558613064,4181228558836555,4181228558843525,4181228558908273,6970
735,"loop_select_fusion_3.kd",2,8,906,1261566,1261566,4096,256,0,0,8,0,32,64,"0x0","0x7faafa589180",4181228558653254,4181228558843525,4181228558848332,4181228558902124,4807
736,"loop_reduce_window_fusion_18.kd",2,8,907,1261566,1261566,4096,256,0,0,8,0,16,64,"0x0","0x7faafa589100",4181228558662257,4181228558848332,4181228558853099,4181228558922214,4767
737,"loop_slice_fusion_1.kd",2,8,908,1261566,1261566,16,16,0,0,20,4,16,64,"0x0","0x7faafa589040",4181228558670079,4181228558853099,4181228558857867,4181228558861003,4768
738,"input_concatenate_fusion_1.kd",2,8,909,1261566,1261566,4096,256,0,0,8,0,32,64,"0x0","0x7faafa5891c0",4181228558678641,4181228558857867,4181228558863956,4181228558867122,6089
739,"loop_compare_fusion_1.kd",2,8,910,1261566,1261566,8192,256,0,0,4,4,16,64,"0x0","0x7faafa589200",4181228558686834,4181228558863956,4181228558868963,4181228558945769,5007
740,"input_reduce_reduce_window_fusion_1.kd",2,8,911,1261566,1261566,512,512,512,0,20,4,48,64,"0x0","0x7faafa589240",4181228558696608,4181228558868963,4181228558885548,4181228558929124,16585
741,"loop_reduce_window_fusion_8.kd",2,8,912,1261566,1261566,32,32,0,0,32,0,16,64,"0x0","0x7faafa589280",4181228558780793,4181228558885548,4181228558894882,4181228558933991,9334
742,"loop_broadcast_fusion_1.kd",2,8,913,1261566,1261566,8192,256,0,0,4,4,16,64,"0x0","0x7faafa5892c0",4181228558789967,4181228558894882,4181228558899208,4181228558940130,4326
743,"input_scatter_fusion_1.kd",2,8,914,1261566,1261566,8192,256,0,0,8,0,32,64,"0x0","0x7faafa589300",4181228558846782,4181228558930975,4181228558937585,4181228558953821,6610
744,"loop_reduce_window_fusion_7.kd",2,8,915,1261566,1261566,8192,256,0,0,8,0,16,64,"0x0","0x7faafa589340",4181228558933971,4181228558959498,4181228558963744,4181228558966119,4246
745,"loop_reduce_window_fusion_6.kd",2,8,916,1261566,1261566,512,256,0,0,8,0,16,64,"0x0","0x7faafa589380",4181228558959339,4181228558979487,4181228558984976,4181228558985728,5489
746,"loop_reduce_window_fusion_5.kd",2,8,917,1261566,1261566,32,32,0,0,8,0,16,64,"0x0","0x7faafa5893c0",4181228558979699,4181228558989062,4181228558993308,4181228559015863,4246
747,"loop_select_fusion_5.kd",2,8,918,1261566,1261566,8192,256,0,0,8,0,32,64,"0x0","0x7faafa589400",4181228559010064,4181228559019467,4181228559022952,4181228559024556,3485
748,"loop_select_fusion_1.kd",2,8,919,1261566,1261566,8192,256,0,0,8,0,16,64,"0x0","0x7faafa589440",4181228559018166,4181228559028400,4181228559031365,4181228559032628,2965
749,"loop_broadcast_fusion_4.kd",2,8,920,1261566,1261566,16,16,0,0,4,4,16,64,"0x0","0x7faafa589480",4181228559027691,4181228559036652,4181228559038455,4181228559039859,1803
750,"__amd_rocclr_fillBufferAligned.kd",2,8,921,1261566,1261566,77824,256,0,0,12,4,48,64,"0x0","0x7fc36f653580",4181228559040820,4181228559054359,4181228559067819,4181228559071596,13460
751,"__amd_rocclr_fillBufferAligned.kd",2,8,922,1261566,1261566,16128,256,0,0,12,4,48,64,"0x0","0x7fc36f653580",4181228559052137,4181228559067819,4181228559073347,4181228559078997,5528
752,"transformer_engine::fused_attn_rocm::populate_rng_state_kernel(long*, long const*, long) [clone .kd]",2,8,923,1261566,1261566,1,1,0,0,8,0,16,64,"0x0","0x7faafa5a5380",4181228559064025,4181228559073347,4181228559077393,4181228559092837,4046
753,"__amd_rocclr_fillBufferAligned.kd",2,8,924,1261566,1261566,256,256,0,0,12,4,48,64,"0x0","0x7fc36f653580",4181228559073729,4181228559087808,4181228559089932,4181228559098676,2124
754,"ck_fused_attn::get_runtime_max_seqlen_kernel(unsigned long, int const*, int const*, unsigned long*) [clone .kd]",2,8,925,1261566,1261566,4096,128,0,0,4,4,32,64,"0x0","0x7faafa570940",4181228559086548,4181228559095981,4181228559101789,4181228559106358,5808
755,"__amd_rocclr_copyBuffer.kd",2,8,926,1261566,1261566,512,512,0,0,16,0,32,64,"0x7feb7cde8b80","0x7fc36f653600",4181228559095972,4181228559106636,4181228559112565,4181228559113258,5929
756,"__amd_rocclr_fillBufferAligned.kd",2,8,928,1261566,1261566,256,256,0,0,12,4,48,64,"0x0","0x7fc36f653580",4181228559130313,4181228559140567,4181228559142450,4181228559177463,1883
757,"ck_fused_attn::get_runtime_max_seqlen_kernel(unsigned long, int const*, int const*, unsigned long*) [clone .kd]",2,8,929,1261566,1261566,4096,128,0,0,4,4,32,64,"0x0","0x7faafa570940",4181228559143513,4181228559152865,4181228559162399,4181228559188780,9534
758,"__amd_rocclr_copyBuffer.kd",2,8,930,1261566,1261566,512,512,0,0,16,0,32,64,"0x7feb7cc73b00","0x7fc36f653600",4181228559152045,4181228559162399,4181228559167928,4181228559183833,5529
759,"void transformer_engine::fused_attn_rocm::compute_scores_kernel<hip_bfloat16, transformer_engine::fused_attn_rocm::SmallSeqConfig<4, 128, 256, false, (transformer_engine::fused_attn_rocm::CausalMaskType)0>, 1>(hip_bfloat16 const*, hip_bfloat16 const*, hip_bfloat16*, float, int const*, int const*, int, int) [clone .kd]",2,8,932,1261566,1261566,64000,64,0,0,112,0,32,64,"0x0","0x7faaf354f440",4181228559199526,4181228559208628,4181228559227296,4181228559228689,18668
760,"void transformer_engine::fused_attn_rocm::apply_mask_and_softmax_kernel<hip_bfloat16, transformer_engine::fused_attn_rocm::SmallSeqConfig<4, 128, 256, false, (transformer_engine::fused_attn_rocm::CausalMaskType)0> >(hip_bfloat16*, hip_bfloat16 const*, float, int const*, int, int) [clone .kd]",2,8,933,1261566,1261566,256000,256,1024,0,12,4,16,64,"0x0","0x7faaf354f480",4181228559206537,4181228559227296,4181228559233065,4181228559236141,5769
761,"void transformer_engine::fused_attn_rocm::compute_output_kernel<hip_bfloat16, transformer_engine::fused_attn_rocm::SmallSeqConfig<4, 128, 256, false, (transformer_engine::fused_attn_rocm::CausalMaskType)0>, 2, 8>(hip_bfloat16 const*, hip_bfloat16 const*, hip_bfloat16*, int const*, int const*, int, int) [clone .kd]",2,8,934,1261566,1261566,512000,64,8192,0,28,4,48,64,"0x0","0x7faaf354f4c0",4181228559222691,4181228559233065,4181228559286985,4181228559289730,53920
762,"loop_broadcast_fusion_5.kd",2,8,935,1261566,1261566,2048000,256,0,0,4,4,16,64,"0x0","0x7faafa5894c0",4181228559232605,4181228559286985,4181228559295237,4181228559296620,8252
763,"__amd_rocclr_fillBufferAligned.kd",2,8,936,1261566,1261566,77824,256,0,0,12,4,48,64,"0x0","0x7fc36f653580",4181228559246476,4181228559295237,4181228559302087,4181228559303891,6850
764,"__amd_rocclr_fillBufferAligned.kd",2,8,937,1261566,1261566,77824,256,0,0,12,4,48,64,"0x0","0x7fc36f653580",4181228559253366,4181228559302087,4181228559315147,4181228559319865,13060
765,"__amd_rocclr_fillBufferAligned.kd",2,8,938,1261566,1261566,77824,256,0,0,12,4,48,64,"0x0","0x7fc36f653580",4181228559260807,4181228559315147,4181228559328166,4181228559343130,13019
766,"__amd_rocclr_fillBufferAligned.kd",2,8,939,1261566,1261566,256,256,0,0,12,4,48,64,"0x0","0x7fc36f653580",4181228559267537,4181228559328166,4181228559333053,4181228559336079,4887
767,"ck_fused_attn::get_runtime_max_seqlen_kernel(unsigned long, int const*, int const*, unsigned long*) [clone .kd]",2,8,940,1261566,1261566,4096,128,0,0,4,4,32,64,"0x0","0x7faafa570940",4181228559273626,4181228559333053,4181228559338982,4181228559355057,5929
768,"__amd_rocclr_copyBuffer.kd",2,8,941,1261566,1261566,512,512,0,0,16,0,32,64,"0x7feb7cde8980","0x7fc36f653600",4181228559280957,4181228559338982,4181228559344310,4181228559347506,5328
769,"__amd_rocclr_fillBufferAligned.kd",2,8,943,1261566,1261566,256,256,0,0,12,4,48,64,"0x0","0x7fc36f653580",4181228559363270,4181228559376278,4181228559378321,4181228559387546,2043
770,"ck_fused_attn::get_runtime_max_seqlen_kernel(unsigned long, int const*, int const*, unsigned long*) [clone .kd]",2,8,944,1261566,1261566,4096,128,0,0,4,4,32,64,"0x0","0x7faafa570940",4181228559375718,4181228559385571,4181228559394585,4181228559395548,9014
771,"__amd_rocclr_copyBuffer.kd",2,8,945,1261566,1261566,512,512,0,0,16,0,32,64,"0x7feb7cde8880","0x7fc36f653600",4181228559383890,4181228559394585,4181228559400033,4181228559400585,5448
772,"void transformer_engine::fused_attn_rocm::compute_grad_v_kernel<hip_bfloat16, transformer_engine::fused_attn_rocm::SmallSeqConfig<4, 128, 256, false, (transformer_engine::fused_attn_rocm::CausalMaskType)0>, 16, 16>(hip_bfloat16 const*, hip_bfloat16 const*, hip_bfloat16*, int const*, int const*, int, int) [clone .kd]",2,8,947,1261566,1261566,256000,64,8192,0,32,0,48,64,"0x0","0x7faaf3550f00",4181228559415998,4181228559426632,4181228559538759,4181228559541975,112127
773,"void transformer_engine::fused_attn_rocm::compute_grad_attn_kernel<hip_bfloat16, transformer_engine::fused_attn_rocm::SmallSeqConfig<4, 128, 256, false, (transformer_engine::fused_attn_rocm::CausalMaskType)0>, 16>(hip_bfloat16 const*, hip_bfloat16 const*, hip_bfloat16*, int const*, int const*, int, int) [clone .kd]",2,8,948,1261566,1261566,8000,64,0,0,116,4,48,64,"0x0","0x7faaf3550f40",4181228559424931,4181228559538759,4181228559688742,4181228559691918,149983
774,"void transformer_engine::fused_attn_rocm::softmax_backward_kernel<hip_bfloat16, transformer_engine::fused_attn_rocm::SmallSeqConfig<4, 128, 256, false, (transformer_engine::fused_attn_rocm::CausalMaskType)0> >(hip_bfloat16 const*, hip_bfloat16 const*, hip_bfloat16*, float, int const*, int, int) [clone .kd]",2,8,949,1261566,1261566,256000,256,1024,0,12,4,16,64,"0x0","0x7faaf3550f80",4181228559434325,4181228559688742,4181228559694471,4181228559699730,5729
775,"void transformer_engine::fused_attn_rocm::compute_grad_qk_kernel<hip_bfloat16, transformer_engine::fused_attn_rocm::SmallSeqConfig<4, 128, 256, false, (transformer_engine::fused_attn_rocm::CausalMaskType)0>, 4, 16>(hip_bfloat16 const*, hip_bfloat16 const*, hip_bfloat16 const*, hip_bfloat16*, hip_bfloat16*, float, int const*, int const*, int, int) [clone .kd]",2,8,950,1261566,1261566,1024000,64,8192,0,36,4,48,64,"0x0","0x7faaf3550fc0",4181228559442327,4181228559694471,4181228559810764,4181228559810745,116293
776,"input_reduce_fusion.kd",2,8,951,1261566,1261566,524288,256,512,0,16,0,16,64,"0x0","0x7faafa589500",4181228559451571,4181228559810764,4181228559817854,4181228559820129,7090
777,"input_reduce_fusion_2.kd",2,8,952,1261566,1261566,128,128,512,0,24,0,16,64,"0x0","0x7faafa589540",4181228559458171,4181228559817854,4181228559823382,4181228559825427,5528
778,"loop_convert_fusion.kd",2,8,953,1261566,1261566,1,1,0,0,4,4,16,64,"0x0","0x7faafa589580",4181228559465842,4181228559823382,4181228559827469,4181228559837204,4087
779,"loop_compare_fusion.kd",2,8,956,1261566,1261566,16128,256,0,0,4,4,16,64,"0x0","0x7faafa588b00",4181228559556066,4181228559840087,4181228559846216,4181228559849252,6129
780,"input_reduce_reduce_window_fusion_2.kd",2,8,957,1261566,1261566,1024,1024,512,0,20,4,48,64,"0x0","0x7faafa588b40",4181228559565611,4181228559846216,4181228559870212,4181228559871315,23996
781,"loop_reduce_window_fusion_16.kd",2,8,958,1261566,1261566,1024,256,0,0,8,0,16,64,"0x0","0x7faafa588b80",4181228559573662,4181228559870212,4181228559875220,4181228559887189,5008
782,"loop_reduce_window_fusion_15.kd",2,8,959,1261566,1261566,64,64,0,0,8,0,16,64,"0x0","0x7faafa588bc0",4181228559582045,4181228559875220,4181228559879947,4181228559896933,4727
783,"loop_broadcast_fusion_2.kd",2,8,960,1261566,1261566,16128,256,0,0,4,4,16,64,"0x0","0x7faafa588c00",4181228559589987,4181228559879947,4181228559884794,4181228559902211,4847
784,"input_scatter_fusion_2.kd",2,8,961,1261566,1261566,16128,256,0,0,12,4,32,64,"0x0","0x7faafa588c40",4181228559598249,4181228559884794,4181228559889401,4181228559907960,4607
785,"loop_reduce_window_fusion_14.kd",2,8,962,1261566,1261566,16128,256,0,0,8,0,16,64,"0x0","0x7faafa588c80",4181228559607303,4181228559889401,4181228559894208,4181228559913979,4807
786,"loop_reduce_window_fusion_16.kd",2,8,963,1261566,1261566,1024,256,0,0,8,0,16,64,"0x0","0x7faafa588b80",4181228559614704,4181228559894208,4181228559899375,4181228559919447,5167
787,"loop_reduce_window_fusion_15.kd",2,8,964,1261566,1261566,64,64,0,0,8,0,16,64,"0x0","0x7faafa588bc0",4181228559622165,4181228559899375,4181228559904022,4181228559927068,4647
788,"loop_select_fusion_4.kd",2,8,965,1261566,1261566,16128,256,0,0,12,4,32,64,"0x0","0x7faafa588cc0",4181228559629586,4181228559904022,4181228559908910,4181228559932536,4888
789,"loop_select_fusion_2.kd",2,8,966,1261566,1261566,16128,256,0,0,4,4,16,64,"0x0","0x7faafa588d00",4181228559637527,4181228559908910,4181228559913677,4181228559938155,4767
790,"loop_reduce_window_fusion_14.kd",2,8,967,1261566,1261566,16128,256,0,0,8,0,16,64,"0x0","0x7faafa588c80",4181228559644758,4181228559913677,4181228559918364,4181228559943943,4687
791,"loop_reduce_window_fusion_16.kd",2,8,968,1261566,1261566,1024,256,0,0,8,0,16,64,"0x0","0x7faafa588b80",4181228559652380,4181228559918364,4181228559923211,4181228559949602,4847
792,"loop_reduce_window_fusion_15.kd",2,8,969,1261566,1261566,64,64,0,0,8,0,16,64,"0x0","0x7faafa588bc0",4181228559659660,4181228559923211,4181228559927858,4181228559955110,4647
793,"input_concatenate_fusion.kd",2,8,970,1261566,1261566,16128,256,0,0,12,4,32,64,"0x0","0x7faafa588d40",4181228559666841,4181228559927858,4181228559932825,4181228559986897,4967
794,"input_reduce_reduce_window_fusion.kd",2,8,971,1261566,1261566,8192,256,0,0,24,0,48,64,"0x0","0x7faafa588d80",4181228559674342,4181228559932825,4181228559942600,4181228559975881,9775
795,"loop_reduce_window_fusion_4.kd",2,8,972,1261566,1261566,1280,256,0,0,8,0,16,64,"0x0","0x7faafa588dc0",4181228559681473,4181228559942600,4181228559947527,4181228559966617,4927
796,"loop_reduce_window_fusion_3.kd",2,8,973,1261566,1261566,80,80,0,0,8,0,16,64,"0x0","0x7faafa588e00",4181228559688824,4181228559947527,4181228559952214,4181228559961009,4687
797,"loop_broadcast_fusion.kd",2,8,974,1261566,1261566,20224,256,0,0,4,4,16,64,"0x0","0x7faafa588e40",4181228559695964,4181228559952214,4181228559957222,4181228560014057,5008
798,"input_scatter_fusion.kd",2,8,975,1261566,1261566,20224,256,0,0,12,4,32,64,"0x0","0x7faafa588e80",4181228559718648,4181228559957222,4181228559961828,4181228560020086,4606
799,"loop_reduce_window_fusion_2.kd",2,8,976,1261566,1261566,20224,256,0,0,8,0,16,64,"0x0","0x7faafa588ec0",4181228559726700,4181228559961828,4181228559966636,4181228560026396,4808
800,"loop_reduce_window_fusion_4.kd",2,8,977,1261566,1261566,1280,256,0,0,8,0,16,64,"0x0","0x7faafa588dc0",4181228559733761,4181228559966636,4181228559971643,4181228560032164,5007
801,"loop_reduce_window_fusion_3.kd",2,8,978,1261566,1261566,80,80,0,0,8,0,16,64,"0x0","0x7faafa588e00",4181228559741322,4181228559971643,4181228559976250,4181228560037442,4607
802,"loop_remainder_fusion.kd",2,8,979,1261566,1261566,20224,256,0,0,12,4,32,64,"0x0","0x7faafa588f00",4181228559748072,4181228559976250,4181228559981097,4181228560008149,4847
803,"input_reduce_fusion_1.kd",2,8,980,1261566,1261566,64,64,0,0,8,0,16,64,"0x0","0x7faafa588f40",4181228559755523,4181228559981097,4181228559985784,4181228560000728,4687
804,"loop_select_fusion.kd",2,8,981,1261566,1261566,20224,256,0,0,8,0,32,64,"0x0","0x7faafa588f80",4181228559762794,4181228559985784,4181228559990671,4181228559994669,4887
805,"loop_compare_fusion_2.kd",2,8,982,1261566,1261566,4096,256,0,0,4,4,16,64,"0x0","0x7faafa588fc0",4181228559770335,4181228559990671,4181228559995639,4181228560079825,4968
806,"input_reduce_reduce_window_fusion_3.kd",2,8,983,1261566,1261566,256,256,512,0,20,4,32,64,"0x0","0x7faafa589000",4181228559777135,4181228559995639,4181228560011983,4181228560085123,16344
807,"loop_slice_fusion_1.kd",2,8,984,1261566,1261566,16,16,0,0,20,4,16,64,"0x0","0x7faafa589040",4181228559785057,4181228560011983,4181228560016910,4181228560090441,4927
808,"loop_broadcast_fusion_3.kd",2,8,985,1261566,1261566,4096,256,0,0,4,4,16,64,"0x0","0x7faafa589080",4181228559792027,4181228560016910,4181228560021918,4181228560073896,5008
809,"input_scatter_fusion_3.kd",2,8,986,1261566,1261566,4096,256,0,0,8,0,32,64,"0x0","0x7faafa5890c0",4181228559800239,4181228560021918,4181228560027887,4181228560068118,5969
810,"loop_reduce_window_fusion_18.kd",2,8,987,1261566,1261566,4096,256,0,0,8,0,16,64,"0x0","0x7faafa589100",4181228559807060,4181228560027887,4181228560032734,4181228560045935,4847
811,"loop_slice_fusion_1.kd",2,8,988,1261566,1261566,16,16,0,0,20,4,16,64,"0x0","0x7faafa589040",4181228559813820,4181228560032734,4181228560037581,4181228560058073,4847
812,"loop_remainder_fusion_1.kd",2,8,989,1261566,1261566,4096,256,0,0,12,4,16,64,"0x0","0x7faafa589140",4181228559822342,4181228560037581,4181228560044111,4181228560096831,6530
813,"loop_select_fusion_3.kd",2,8,990,1261566,1261566,4096,256,0,0,8,0,32,64,"0x0","0x7faafa589180",4181228559834701,4181228560044111,4181228560048958,4181228560102519,4847
814,"loop_reduce_window_fusion_18.kd",2,8,991,1261566,1261566,4096,256,0,0,8,0,16,64,"0x0","0x7faafa589100",4181228559843243,4181228560048958,4181228560053725,4181228560114136,4767
815,"loop_slice_fusion_1.kd",2,8,992,1261566,1261566,16,16,0,0,20,4,16,64,"0x0","0x7faafa589040",4181228559851205,4181228560053725,4181228560058452,4181228560107887,4727
816,"input_concatenate_fusion_1.kd",2,8,993,1261566,1261566,4096,256,0,0,8,0,32,64,"0x0","0x7faafa5891c0",4181228559859137,4181228560058452,4181228560064421,4181228560122519,5969
817,"loop_compare_fusion_1.kd",2,8,994,1261566,1261566,8192,256,0,0,4,4,16,64,"0x0","0x7faafa589200",4181228559865997,4181228560064421,4181228560069428,4181228560172864,5007
818,"input_reduce_reduce_window_fusion_1.kd",2,8,995,1261566,1261566,512,512,512,0,20,4,48,64,"0x0","0x7faafa589240",4181228559881751,4181228560069428,4181228560086374,4181228560166995,16946
819,"loop_reduce_window_fusion_8.kd",2,8,996,1261566,1261566,32,32,0,0,32,0,16,64,"0x0","0x7faafa589280",4181228559893128,4181228560086374,4181228560095908,4181228560183940,9534
820,"loop_broadcast_fusion_1.kd",2,8,997,1261566,1261566,8192,256,0,0,4,4,16,64,"0x0","0x7faafa5892c0",4181228559901029,4181228560095908,4181228560100875,4181228560128247,4967
821,"input_scatter_fusion_1.kd",2,8,998,1261566,1261566,8192,256,0,0,8,0,32,64,"0x0","0x7faafa589300",4181228559988019,4181228560100875,4181228560106564,4181228560178462,5689
822,"loop_reduce_window_fusion_7.kd",2,8,999,1261566,1261566,8192,256,0,0,8,0,16,64,"0x0","0x7faafa589340",4181228560054367,4181228560106564,4181228560111651,4181228560161036,5087
823,"loop_reduce_window_fusion_6.kd",2,8,1000,1261566,1261566,512,256,0,0,8,0,16,64,"0x0","0x7faafa589380",4181228560064753,4181228560111651,4181228560116418,4181228560153204,4767
824,"loop_reduce_window_fusion_5.kd",2,8,1001,1261566,1261566,32,32,0,0,8,0,16,64,"0x0","0x7faafa5893c0",4181228560074167,4181228560131601,4181228560136408,4181228560193324,4807
825,"loop_select_fusion_5.kd",2,8,1002,1261566,1261566,8192,256,0,0,8,0,32,64,"0x0","0x7faafa589400",4181228560150430,4181228560160924,4181228560164209,4181228560217530,3285
826,"loop_select_fusion_1.kd",2,8,1003,1261566,1261566,8192,256,0,0,8,0,16,64,"0x0","0x7faafa589440",4181228560159944,4181228560201625,4181228560204349,4181228560204421,2724
827,"loop_broadcast_fusion_4.kd",2,8,1004,1261566,1261566,16,16,0,0,4,4,16,64,"0x0","0x7faafa589480",4181228560203269,4181228560233192,4181228560234915,4181228560237299,1723
828,"__amd_rocclr_fillBufferAligned.kd",2,8,1005,1261566,1261566,77824,256,0,0,12,4,48,64,"0x0","0x7fc36f653580",4181228560236939,4181228560252380,4181228560267243,4181228560269187,14863
829,"__amd_rocclr_fillBufferAligned.kd",2,8,1006,1261566,1261566,16128,256,0,0,12,4,48,64,"0x0","0x7fc36f653580",4181228560249708,4181228560267243,4181228560273372,4181228560274425,6129
830,"transformer_engine::fused_attn_rocm::populate_rng_state_kernel(long*, long const*, long) [clone .kd]",2,8,1007,1261566,1261566,1,1,0,0,8,0,16,64,"0x0","0x7faafa5a5380",4181228560262146,4181228560273372,4181228560277458,4181228560283388,4086
831,"__amd_rocclr_fillBufferAligned.kd",2,8,1008,1261566,1261566,256,256,0,0,12,4,48,64,"0x0","0x7fc36f653580",4181228560272672,4181228560288955,4181228560290878,4181228560291320,1923
832,"ck_fused_attn::get_runtime_max_seqlen_kernel(unsigned long, int const*, int const*, unsigned long*) [clone .kd]",2,8,1009,1261566,1261566,4096,128,0,0,4,4,32,64,"0x0","0x7faafa570940",4181228560288245,4181228560306221,4181228560311909,4181228560317028,5688
833,"__amd_rocclr_copyBuffer.kd",2,8,1010,1261566,1261566,512,512,0,0,16,0,32,64,"0x7feb7cde8680","0x7fc36f653600",4181228560306803,4181228560317357,4181228560323887,4181228560325400,6530
834,"__amd_rocclr_fillBufferAligned.kd",2,8,1012,1261566,1261566,256,256,0,0,12,4,48,64,"0x0","0x7fc36f653580",4181228560343517,4181228560355894,4181228560357817,4181228560383006,1923
835,"ck_fused_attn::get_runtime_max_seqlen_kernel(unsigned long, int const*, int const*, unsigned long*) [clone .kd]",2,8,1013,1261566,1261566,4096,128,0,0,4,4,32,64,"0x0","0x7faafa570940",4181228560353923,4181228560362144,4181228560370436,4181228560394513,8292
836,"__amd_rocclr_copyBuffer.kd",2,8,1014,1261566,1261566,512,512,0,0,16,0,32,64,"0x7feb7cde8580","0x7fc36f653600",4181228560361104,4181228560370436,4181228560376846,4181228560388274,6410
837,"void transformer_engine::fused_attn_rocm::compute_scores_kernel<hip_bfloat16, transformer_engine::fused_attn_rocm::SmallSeqConfig<4, 128, 256, false, (transformer_engine::fused_attn_rocm::CausalMaskType)0>, 1>(hip_bfloat16 const*, hip_bfloat16 const*, hip_bfloat16*, float, int const*, int const*, int, int) [clone .kd]",2,8,1016,1261566,1261566,64000,64,0,0,112,0,32,64,"0x0","0x7faaf354f440",4181228560404438,4181228560414902,4181228560433530,4181228560435044,18628
838,"void transformer_engine::fused_attn_rocm::apply_mask_and_softmax_kernel<hip_bfloat16, transformer_engine::fused_attn_rocm::SmallSeqConfig<4, 128, 256, false, (transformer_engine::fused_attn_rocm::CausalMaskType)0> >(hip_bfloat16*, hip_bfloat16 const*, float, int const*, int, int) [clone .kd]",2,8,1017,1261566,1261566,256000,256,1024,0,12,4,16,64,"0x0","0x7faaf354f480",4181228560413922,4181228560433530,4181228560439178,4181228560446300,5648
839,"void transformer_engine::fused_attn_rocm::compute_output_kernel<hip_bfloat16, transformer_engine::fused_attn_rocm::SmallSeqConfig<4, 128, 256, false, (transformer_engine::fused_attn_rocm::CausalMaskType)0>, 2, 8>(hip_bfloat16 const*, hip_bfloat16 const*, hip_bfloat16*, int const*, int const*, int, int) [clone .kd]",2,8,1018,1261566,1261566,512000,64,8192,0,28,4,48,64,"0x0","0x7faaf354f4c0",4181228560428854,4181228560439178,4181228560490895,4181228560492479,51717
840,"loop_broadcast_fusion_5.kd",2,8,1019,1261566,1261566,2048000,256,0,0,4,4,16,64,"0x0","0x7faafa5894c0",4181228560438829,4181228560490895,4181228560499107,4181228560500301,8212
841,"__amd_rocclr_fillBufferAligned.kd",2,8,1020,1261566,1261566,77824,256,0,0,12,4,48,64,"0x0","0x7fc36f653580",4181228560451638,4181228560499107,4181228560505918,4181228560507181,6811
842,"__amd_rocclr_fillBufferAligned.kd",2,8,1021,1261566,1261566,77824,256,0,0,12,4,48,64,"0x0","0x7fc36f653580",4181228560458488,4181228560505918,4181228560518857,4181228560522794,12939
843,"__amd_rocclr_fillBufferAligned.kd",2,8,1022,1261566,1261566,77824,256,0,0,12,4,48,64,"0x0","0x7fc36f653580",4181228560464938,4181228560518857,4181228560531876,4181228560543335,13019
844,"__amd_rocclr_fillBufferAligned.kd",2,8,1023,1261566,1261566,256,256,0,0,12,4,48,64,"0x0","0x7fc36f653580",4181228560472940,4181228560531876,4181228560536643,4181228560538357,4767
845,"ck_fused_attn::get_runtime_max_seqlen_kernel(unsigned long, int const*, int const*, unsigned long*) [clone .kd]",2,8,1024,1261566,1261566,4096,128,0,0,4,4,32,64,"0x0","0x7faafa570940",4181228560480451,4181228560536643,4181228560542572,4181228560548352,5929
846,"__amd_rocclr_copyBuffer.kd",2,8,1025,1261566,1261566,512,512,0,0,16,0,32,64,"0x7feb7cde8480","0x7fc36f653600",4181228560487902,4181228560542572,4181228560548341,4181228560554611,5769
847,"__amd_rocclr_fillBufferAligned.kd",2,8,1027,1261566,1261566,256,256,0,0,12,4,48,64,"0x0","0x7fc36f653580",4181228560571627,4181228560584675,4181228560586798,4181228560595702,2123
848,"ck_fused_attn::get_runtime_max_seqlen_kernel(unsigned long, int const*, int const*, unsigned long*) [clone .kd]",2,8,1028,1261566,1261566,4096,128,0,0,4,4,32,64,"0x0","0x7faafa570940",4181228560585247,4181228560594890,4181228560604264,4181228560603955,9374
849,"__amd_rocclr_copyBuffer.kd",2,8,1029,1261566,1261566,512,512,0,0,16,0,32,64,"0x7feb7cde8380","0x7fc36f653600",4181228560593369,4181228560604264,4181228560609632,4181228560610504,5368
850,"void transformer_engine::fused_attn_rocm::compute_grad_v_kernel<hip_bfloat16, transformer_engine::fused_attn_rocm::SmallSeqConfig<4, 128, 256, false, (transformer_engine::fused_attn_rocm::CausalMaskType)0>, 16, 16>(hip_bfloat16 const*, hip_bfloat16 const*, hip_bfloat16*, int const*, int const*, int, int) [clone .kd]",2,8,1031,1261566,1261566,256000,64,8192,0,32,0,48,64,"0x0","0x7faaf3550f00",4181228560625567,4181228560637673,4181228560748679,4181228560754739,111006
851,"void transformer_engine::fused_attn_rocm::compute_grad_attn_kernel<hip_bfloat16, transformer_engine::fused_attn_rocm::SmallSeqConfig<4, 128, 256, false, (transformer_engine::fused_attn_rocm::CausalMaskType)0>, 16>(hip_bfloat16 const*, hip_bfloat16 const*, hip_bfloat16*, int const*, int const*, int, int) [clone .kd]",2,8,1032,1261566,1261566,8000,64,0,0,116,4,48,64,"0x0","0x7faaf3550f40",4181228560636443,4181228560748679,4181228560898742,4181228560907757,150063
852,"void transformer_engine::fused_attn_rocm::softmax_backward_kernel<hip_bfloat16, transformer_engine::fused_attn_rocm::SmallSeqConfig<4, 128, 256, false, (transformer_engine::fused_attn_rocm::CausalMaskType)0> >(hip_bfloat16 const*, hip_bfloat16 const*, hip_bfloat16*, float, int const*, int, int) [clone .kd]",2,8,1033,1261566,1261566,256000,256,1024,0,12,4,16,64,"0x0","0x7faaf3550f80",4181228560644124,4181228560898742,4181228560904510,4181228560914757,5768
853,"void transformer_engine::fused_attn_rocm::compute_grad_qk_kernel<hip_bfloat16, transformer_engine::fused_attn_rocm::SmallSeqConfig<4, 128, 256, false, (transformer_engine::fused_attn_rocm::CausalMaskType)0>, 4, 16>(hip_bfloat16 const*, hip_bfloat16 const*, hip_bfloat16 const*, hip_bfloat16*, hip_bfloat16*, float, int const*, int const*, int, int) [clone .kd]",2,8,1034,1261566,1261566,1024000,64,8192,0,36,4,48,64,"0x0","0x7faaf3550fc0",4181228560653999,4181228560904510,4181228561029536,4181228561029758,125026
854,"input_reduce_fusion.kd",2,8,1035,1261566,1261566,524288,256,512,0,16,0,16,64,"0x0","0x7faafa589500",4181228560662031,4181228561029536,4181228561035705,4181228561042888,6169
855,"input_reduce_fusion_2.kd",2,8,1036,1261566,1261566,128,128,512,0,24,0,16,64,"0x0","0x7faafa589540",4181228560669322,4181228561035705,4181228561041474,4181228561049567,5769
856,"loop_convert_fusion.kd",2,8,1037,1261566,1261566,1,1,0,0,4,4,16,64,"0x0","0x7faafa589580",4181228560676453,4181228561041474,4181228561047002,4181228561055787,5528
857,"loop_compare_fusion.kd",2,8,1040,1261566,1261566,16128,256,0,0,4,4,16,64,"0x0","0x7faafa588b00",4181228560766096,4181228561060142,4181228561066151,4181228561068746,6009
858,"input_reduce_reduce_window_fusion_2.kd",2,8,1041,1261566,1261566,1024,1024,512,0,20,4,48,64,"0x0","0x7faafa588b40",4181228560775931,4181228561066151,4181228561091749,4181228561106422,25598
859,"loop_reduce_window_fusion_16.kd",2,8,1042,1261566,1261566,1024,256,0,0,8,0,16,64,"0x0","0x7faafa588b80",4181228560783922,4181228561091749,4181228561096396,4181228561112731,4647
860,"loop_reduce_window_fusion_15.kd",2,8,1043,1261566,1261566,64,64,0,0,8,0,16,64,"0x0","0x7faafa588bc0",4181228560792095,4181228561096396,4181228561101083,4181228561118450,4687
861,"loop_broadcast_fusion_2.kd",2,8,1044,1261566,1261566,16128,256,0,0,4,4,16,64,"0x0","0x7faafa588c00",4181228560799936,4181228561101083,4181228561105970,4181228561125070,4887
862,"input_scatter_fusion_2.kd",2,8,1045,1261566,1261566,16128,256,0,0,12,4,32,64,"0x0","0x7faafa588c40",4181228560808279,4181228561105970,4181228561110657,4181228561130548,4687
863,"loop_reduce_window_fusion_14.kd",2,8,1046,1261566,1261566,16128,256,0,0,8,0,16,64,"0x0","0x7faafa588c80",4181228560816581,4181228561110657,4181228561115424,4181228561136036,4767
864,"loop_reduce_window_fusion_16.kd",2,8,1047,1261566,1261566,1024,256,0,0,8,0,16,64,"0x0","0x7faafa588b80",4181228560823221,4181228561115424,4181228561120512,4181228561141644,5088
865,"loop_reduce_window_fusion_15.kd",2,8,1048,1261566,1261566,64,64,0,0,8,0,16,64,"0x0","0x7faafa588bc0",4181228560831032,4181228561120512,4181228561125158,4181228561147393,4646
866,"loop_select_fusion_4.kd",2,8,1049,1261566,1261566,16128,256,0,0,12,4,32,64,"0x0","0x7faafa588cc0",4181228560838634,4181228561125158,4181228561130086,4181228561153051,4928
867,"loop_select_fusion_2.kd",2,8,1050,1261566,1261566,16128,256,0,0,4,4,16,64,"0x0","0x7faafa588d00",4181228560846245,4181228561130086,4181228561134813,4181228561160613,4727
868,"loop_reduce_window_fusion_14.kd",2,8,1051,1261566,1261566,16128,256,0,0,8,0,16,64,"0x0","0x7faafa588c80",4181228560853496,4181228561134813,4181228561139500,4181228561166411,4687
869,"loop_reduce_window_fusion_16.kd",2,8,1052,1261566,1261566,1024,256,0,0,8,0,16,64,"0x0","0x7faafa588b80",4181228560861067,4181228561139500,4181228561144507,4181228561172280,5007
870,"loop_reduce_window_fusion_15.kd",2,8,1053,1261566,1261566,64,64,0,0,8,0,16,64,"0x0","0x7faafa588bc0",4181228560867637,4181228561144507,4181228561149154,4181228561177988,4647
871,"input_concatenate_fusion.kd",2,8,1054,1261566,1261566,16128,256,0,0,12,4,32,64,"0x0","0x7faafa588d40",4181228560875769,4181228561149154,4181228561154122,4181228561189215,4968
872,"input_reduce_reduce_window_fusion.kd",2,8,1055,1261566,1261566,8192,256,0,0,24,0,48,64,"0x0","0x7faafa588d80",4181228560882359,4181228561154122,4181228561164297,4181228561213802,10175
873,"loop_reduce_window_fusion_4.kd",2,8,1056,1261566,1261566,1280,256,0,0,8,0,16,64,"0x0","0x7faafa588dc0",4181228560890220,4181228561164297,4181228561169264,4181228561197397,4967
874,"loop_reduce_window_fusion_3.kd",2,8,1057,1261566,1261566,80,80,0,0,8,0,16,64,"0x0","0x7faafa588e00",4181228560897011,4181228561169264,4181228561173911,4181228561183727,4647
875,"loop_broadcast_fusion.kd",2,8,1058,1261566,1261566,20224,256,0,0,4,4,16,64,"0x0","0x7faafa588e40",4181228560904352,4181228561173911,4181228561178918,4181228561237377,5007
876,"input_scatter_fusion.kd",2,8,1059,1261566,1261566,20224,256,0,0,12,4,32,64,"0x0","0x7faafa588e80",4181228560911622,4181228561178918,4181228561183565,4181228561244367,4647
877,"loop_reduce_window_fusion_2.kd",2,8,1060,1261566,1261566,20224,256,0,0,8,0,16,64,"0x0","0x7faafa588ec0",4181228560920546,4181228561183565,4181228561188453,4181228561250136,4888
878,"loop_reduce_window_fusion_4.kd",2,8,1061,1261566,1261566,1280,256,0,0,8,0,16,64,"0x0","0x7faafa588dc0",4181228560928788,4181228561188453,4181228561193540,4181228561255714,5087
879,"loop_reduce_window_fusion_3.kd",2,8,1062,1261566,1261566,80,80,0,0,8,0,16,64,"0x0","0x7faafa588e00",4181228560936720,4181228561193540,4181228561198347,4181228561261493,4807
880,"loop_remainder_fusion.kd",2,8,1063,1261566,1261566,20224,256,0,0,12,4,32,64,"0x0","0x7faafa588f00",4181228560943760,4181228561198347,4181228561203275,4181228561266811,4928
881,"input_reduce_fusion_1.kd",2,8,1064,1261566,1261566,64,64,0,0,8,0,16,64,"0x0","0x7faafa588f40",4181228560950951,4181228561203275,4181228561207922,4181228561231598,4647
882,"loop_select_fusion.kd",2,8,1065,1261566,1261566,20224,256,0,0,8,0,32,64,"0x0","0x7faafa588f80",4181228560958522,4181228561207922,4181228561212849,4181228561226320,4927
883,"loop_compare_fusion_2.kd",2,8,1066,1261566,1261566,4096,256,0,0,4,4,16,64,"0x0","0x7faafa588fc0",4181228560965903,4181228561212849,4181228561217816,4181228561220021,4967
884,"input_reduce_reduce_window_fusion_3.kd",2,8,1067,1261566,1261566,256,256,512,0,20,4,32,64,"0x0","0x7faafa589000",4181228560972723,4181228561217816,4181228561234241,4181228561311457,16425
885,"loop_slice_fusion_1.kd",2,8,1068,1261566,1261566,16,16,0,0,20,4,16,64,"0x0","0x7faafa589040",4181228560980184,4181228561234241,4181228561239008,4181228561317246,4767
886,"loop_broadcast_fusion_3.kd",2,8,1069,1261566,1261566,4096,256,0,0,4,4,16,64,"0x0","0x7faafa589080",4181228560987265,4181228561239008,4181228561243975,4181228561323034,4967
887,"input_scatter_fusion_3.kd",2,8,1070,1261566,1261566,4096,256,0,0,8,0,32,64,"0x0","0x7faafa5890c0",4181228560995227,4181228561243975,4181228561250104,4181228561334171,6129
888,"loop_reduce_window_fusion_18.kd",2,8,1071,1261566,1261566,4096,256,0,0,8,0,16,64,"0x0","0x7faafa589100",4181228561002227,4181228561250104,4181228561254911,4181228561305839,4807
889,"loop_slice_fusion_1.kd",2,8,1072,1261566,1261566,16,16,0,0,20,4,16,64,"0x0","0x7faafa589040",4181228561009077,4181228561254911,4181228561259679,4181228561293651,4768
890,"loop_remainder_fusion_1.kd",2,8,1073,1261566,1261566,4096,256,0,0,12,4,16,64,"0x0","0x7faafa589140",4181228561016368,4181228561259679,4181228561266449,4181228561286840,6770
891,"loop_select_fusion_3.kd",2,8,1074,1261566,1261566,4096,256,0,0,8,0,32,64,"0x0","0x7faafa589180",4181228561023569,4181228561266449,4181228561271296,4181228561275654,4847
892,"loop_reduce_window_fusion_18.kd",2,8,1075,1261566,1261566,4096,256,0,0,8,0,16,64,"0x0","0x7faafa589100",4181228561029377,4181228561271296,4181228561276023,4181228561345297,4727
893,"loop_slice_fusion_1.kd",2,8,1076,1261566,1261566,16,16,0,0,20,4,16,64,"0x0","0x7faafa589040",4181228561070358,4181228561276023,4181228561280830,4181228561339509,4807
894,"input_concatenate_fusion_1.kd",2,8,1077,1261566,1261566,4096,256,0,0,8,0,32,64,"0x0","0x7faafa5891c0",4181228561078811,4181228561280830,4181228561286799,4181228561353399,5969
895,"loop_compare_fusion_1.kd",2,8,1078,1261566,1261566,8192,256,0,0,4,4,16,64,"0x0","0x7faafa589200",4181228561087334,4181228561286799,4181228561291806,4181228561299359,5007
896,"input_reduce_reduce_window_fusion_1.kd",2,8,1079,1261566,1261566,512,512,512,0,20,4,48,64,"0x0","0x7faafa589240",4181228561095646,4181228561291806,4181228561309032,4181228561398627,17226
897,"loop_reduce_window_fusion_8.kd",2,8,1080,1261566,1261566,32,32,0,0,32,0,16,64,"0x0","0x7faafa589280",4181228561102236,4181228561309032,4181228561317364,4181228561417535,8332
898,"loop_broadcast_fusion_1.kd",2,8,1081,1261566,1261566,8192,256,0,0,4,4,16,64,"0x0","0x7faafa5892c0",4181228561109527,4181228561317364,4181228561322412,4181228561423313,5048
899,"input_scatter_fusion_1.kd",2,8,1082,1261566,1261566,8192,256,0,0,8,0,32,64,"0x0","0x7faafa589300",4181228561210186,4181228561322412,4181228561328301,4181228561405387,5889
900,"loop_reduce_window_fusion_7.kd",2,8,1083,1261566,1261566,8192,256,0,0,8,0,16,64,"0x0","0x7faafa589340",4181228561219931,4181228561328301,4181228561332667,4181228561411796,4366
901,"loop_reduce_window_fusion_6.kd",2,8,1084,1261566,1261566,512,256,0,0,8,0,16,64,"0x0","0x7faafa589380",4181228561287281,4181228561360428,4181228561365716,4181228561370355,5288
902,"loop_reduce_window_fusion_5.kd",2,8,1085,1261566,1261566,32,32,0,0,8,0,16,64,"0x0","0x7faafa5893c0",4181228561362924,4181228561374730,4181228561378976,4181228561432217,4246
903,"loop_select_fusion_5.kd",2,8,1086,1261566,1261566,8192,256,0,0,8,0,32,64,"0x0","0x7faafa589400",4181228561396303,4181228561405816,4181228561409141,4181228561453638,3325
904,"loop_select_fusion_1.kd",2,8,1087,1261566,1261566,8192,256,0,0,8,0,16,64,"0x0","0x7faafa589440",4181228561404666,4181228561438705,4181228561441469,4181228561444385,2764
905,"loop_broadcast_fusion_4.kd",2,8,1088,1261566,1261566,16,16,0,0,4,4,16,64,"0x0","0x7faafa589480",4181228561441500,4181228561451203,4181228561453046,4181228561461170,1843
906,"__amd_rocclr_fillBufferAligned.kd",2,8,1089,1261566,1261566,77824,256,0,0,12,4,48,64,"0x0","0x7fc36f653580",4181228561455762,4181228561464864,4181228561478764,4181228561480018,13900
907,"__amd_rocclr_fillBufferAligned.kd",2,8,1090,1261566,1261566,16128,256,0,0,12,4,48,64,"0x0","0x7fc36f653580",4181228561462652,4181228561478764,4181228561485775,4181228561488200,7011
908,"transformer_engine::fused_attn_rocm::populate_rng_state_kernel(long*, long const*, long) [clone .kd]",2,8,1091,1261566,1261566,1,1,0,0,8,0,16,64,"0x0","0x7faafa5a5380",4181228561475531,4181228561485775,4181228561489901,4181228561497814,4126
909,"__amd_rocclr_fillBufferAligned.kd",2,8,1092,1261566,1261566,256,256,0,0,12,4,48,64,"0x0","0x7fc36f653580",4181228561486487,4181228561496471,4181228561498554,4181228561506217,2083
910,"ck_fused_attn::get_runtime_max_seqlen_kernel(unsigned long, int const*, int const*, unsigned long*) [clone .kd]",2,8,1093,1261566,1261566,4096,128,0,0,4,4,32,64,"0x0","0x7faafa570940",4181228561495601,4181228561512815,4181228561518664,4181228561522952,5849
911,"__amd_rocclr_copyBuffer.kd",2,8,1094,1261566,1261566,512,512,0,0,16,0,32,64,"0x7feb7cc72f80","0x7fc36f653600",4181228561512706,4181228561523511,4181228561528879,4181228561531274,5368
912,"__amd_rocclr_fillBufferAligned.kd",2,8,1096,1261566,1261566,256,256,0,0,12,4,48,64,"0x0","0x7fc36f653580",4181228561549261,4181228561557642,4181228561559645,4181228561590732,2003
913,"ck_fused_attn::get_runtime_max_seqlen_kernel(unsigned long, int const*, int const*, unsigned long*) [clone .kd]",2,8,1097,1261566,1261566,4096,128,0,0,4,4,32,64,"0x0","0x7faafa570940",4181228561559826,4181228561568658,4181228561574507,4181228561600537,5849
914,"__amd_rocclr_copyBuffer.kd",2,8,1098,1261566,1261566,512,512,0,0,16,0,32,64,"0x7feb7cde8200","0x7fc36f653600",4181228561567708,4181228561579274,4181228561584642,4181228561595810,5368
915,"void transformer_engine::fused_attn_rocm::compute_scores_kernel<hip_bfloat16, transformer_engine::fused_attn_rocm::SmallSeqConfig<4, 128, 256, false, (transformer_engine::fused_attn_rocm::CausalMaskType)0>, 1>(hip_bfloat16 const*, hip_bfloat16 const*, hip_bfloat16*, float, int const*, int const*, int, int) [clone .kd]",2,8,1100,1261566,1261566,64000,64,0,0,112,0,32,64,"0x0","0x7faaf354f440",4181228561612174,4181228561622698,4181228561640365,4181228561640206,17667
916,"void transformer_engine::fused_attn_rocm::apply_mask_and_softmax_kernel<hip_bfloat16, transformer_engine::fused_attn_rocm::SmallSeqConfig<4, 128, 256, false, (transformer_engine::fused_attn_rocm::CausalMaskType)0> >(hip_bfloat16*, hip_bfloat16 const*, float, int const*, int, int) [clone .kd]",2,8,1101,1261566,1261566,256000,256,1024,0,12,4,16,64,"0x0","0x7faaf354f480",4181228561620987,4181228561640365,4181228561646374,4181228561652534,6009
917,"void transformer_engine::fused_attn_rocm::compute_output_kernel<hip_bfloat16, transformer_engine::fused_attn_rocm::SmallSeqConfig<4, 128, 256, false, (transformer_engine::fused_attn_rocm::CausalMaskType)0>, 2, 8>(hip_bfloat16 const*, hip_bfloat16 const*, hip_bfloat16*, int const*, int const*, int, int) [clone .kd]",2,8,1102,1261566,1261566,512000,64,8192,0,28,4,48,64,"0x0","0x7faaf354f4c0",4181228561629059,4181228561646374,4181228561699132,4181228561699965,52758
918,"loop_broadcast_fusion_5.kd",2,8,1103,1261566,1261566,2048000,256,0,0,4,4,16,64,"0x0","0x7faafa5894c0",4181228561644873,4181228561699132,4181228561707344,4181228561708518,8212
919,"__amd_rocclr_fillBufferAligned.kd",2,8,1104,1261566,1261566,77824,256,0,0,12,4,48,64,"0x0","0x7fc36f653580",4181228561659394,4181228561707344,4181228561714154,4181228561714837,6810
920,"__amd_rocclr_fillBufferAligned.kd",2,8,1105,1261566,1261566,77824,256,0,0,12,4,48,64,"0x0","0x7fc36f653580",4181228561666165,4181228561714154,4181228561727334,4181228561731251,13180
921,"__amd_rocclr_fillBufferAligned.kd",2,8,1106,1261566,1261566,77824,256,0,0,12,4,48,64,"0x0","0x7fc36f653580",4181228561672043,4181228561727334,4181228561740874,4181228561751582,13540
922,"__amd_rocclr_fillBufferAligned.kd",2,8,1107,1261566,1261566,256,256,0,0,12,4,48,64,"0x0","0x7fc36f653580",4181228561681227,4181228561740874,4181228561745641,4181228561746534,4767
923,"ck_fused_attn::get_runtime_max_seqlen_kernel(unsigned long, int const*, int const*, unsigned long*) [clone .kd]",2,8,1108,1261566,1261566,4096,128,0,0,4,4,32,64,"0x0","0x7faafa570940",4181228561688908,4181228561745641,4181228561751610,4181228561763039,5969
924,"__amd_rocclr_copyBuffer.kd",2,8,1109,1261566,1261566,512,512,0,0,16,0,32,64,"0x7feb7cde9f80","0x7fc36f653600",4181228561697982,4181228561751610,4181228561757299,4181228561758221,5689
925,"__amd_rocclr_fillBufferAligned.kd",2,8,1111,1261566,1261566,256,256,0,0,12,4,48,64,"0x0","0x7fc36f653580",4181228561773825,4181228561790788,4181228561792992,4181228561794836,2204
926,"ck_fused_attn::get_runtime_max_seqlen_kernel(unsigned long, int const*, int const*, unsigned long*) [clone .kd]",2,8,1112,1261566,1261566,4096,128,0,0,4,4,32,64,"0x0","0x7faafa570940",4181228561789568,4181228561797999,4181228561803848,4181228561804721,5849
927,"__amd_rocclr_copyBuffer.kd",2,8,1113,1261566,1261566,512,512,0,0,16,0,32,64,"0x7feb7cc76f80","0x7fc36f653600",4181228561796589,4181228561819631,4181228561826001,4181228561831390,6370
928,"void transformer_engine::fused_attn_rocm::compute_grad_v_kernel<hip_bfloat16, transformer_engine::fused_attn_rocm::SmallSeqConfig<4, 128, 256, false, (transformer_engine::fused_attn_rocm::CausalMaskType)0>, 16, 16>(hip_bfloat16 const*, hip_bfloat16 const*, hip_bfloat16*, int const*, int const*, int, int) [clone .kd]",2,8,1115,1261566,1261566,256000,64,8192,0,32,0,48,64,"0x0","0x7faaf3550f00",4181228561847084,4181228561859010,4181228561968252,4181228561976817,109242
929,"void transformer_engine::fused_attn_rocm::compute_grad_attn_kernel<hip_bfloat16, transformer_engine::fused_attn_rocm::SmallSeqConfig<4, 128, 256, false, (transformer_engine::fused_attn_rocm::CausalMaskType)0>, 16>(hip_bfloat16 const*, hip_bfloat16 const*, hip_bfloat16*, int const*, int const*, int, int) [clone .kd]",2,8,1116,1261566,1261566,8000,64,0,0,116,4,48,64,"0x0","0x7faaf3550f40",4181228561857790,4181228561968252,4181228562117755,4181228562120390,149503
930,"void transformer_engine::fused_attn_rocm::softmax_backward_kernel<hip_bfloat16, transformer_engine::fused_attn_rocm::SmallSeqConfig<4, 128, 256, false, (transformer_engine::fused_attn_rocm::CausalMaskType)0> >(hip_bfloat16 const*, hip_bfloat16 const*, hip_bfloat16*, float, int const*, int, int) [clone .kd]",2,8,1117,1261566,1261566,256000,256,1024,0,12,4,16,64,"0x0","0x7faaf3550f80",4181228561866232,4181228562117755,4181228562123724,4181228562128082,5969
931,"void transformer_engine::fused_attn_rocm::compute_grad_qk_kernel<hip_bfloat16, transformer_engine::fused_attn_rocm::SmallSeqConfig<4, 128, 256, false, (transformer_engine::fused_attn_rocm::CausalMaskType)0>, 4, 16>(hip_bfloat16 const*, hip_bfloat16 const*, hip_bfloat16 const*, hip_bfloat16*, hip_bfloat16*, float, int const*, int const*, int, int) [clone .kd]",2,8,1118,1261566,1261566,1024000,64,8192,0,36,4,48,64,"0x0","0x7faaf3550fc0",4181228561875065,4181228562123724,4181228562244023,4181228562253799,120299
932,"input_reduce_fusion.kd",2,8,1119,1261566,1261566,524288,256,512,0,16,0,16,64,"0x0","0x7faafa589500",4181228561884329,4181228562244023,4181228562250432,4181228562262251,6409
933,"input_reduce_fusion_2.kd",2,8,1120,1261566,1261566,128,128,512,0,24,0,16,64,"0x0","0x7faafa589540",4181228561891339,4181228562250432,4181228562256201,4181228562268140,5769
934,"loop_convert_fusion.kd",2,8,1121,1261566,1261566,1,1,0,0,4,4,16,64,"0x0","0x7faafa589580",4181228561898069,4181228562256201,4181228562260727,4181228562276382,4526
935,"loop_compare_fusion.kd",2,8,1124,1261566,1261566,16128,256,0,0,4,4,16,64,"0x0","0x7faafa588b00",4181228561993551,4181228562271383,4181228562277272,4181228562283653,5889
936,"input_reduce_reduce_window_fusion_2.kd",2,8,1125,1261566,1261566,1024,1024,512,0,20,4,48,64,"0x0","0x7faafa588b40",4181228562003026,4181228562277272,4181228562303391,4181228562304965,26119
937,"loop_reduce_window_fusion_16.kd",2,8,1126,1261566,1261566,1024,256,0,0,8,0,16,64,"0x0","0x7faafa588b80",4181228562010637,4181228562303391,4181228562308799,4181228562310984,5408
938,"loop_reduce_window_fusion_15.kd",2,8,1127,1261566,1261566,64,64,0,0,8,0,16,64,"0x0","0x7faafa588bc0",4181228562017707,4181228562308799,4181228562314527,4181228562316642,5728
939,"loop_broadcast_fusion_2.kd",2,8,1128,1261566,1261566,16128,256,0,0,4,4,16,64,"0x0","0x7faafa588c00",4181228562025509,4181228562314527,4181228562319335,4181228562322340,4808
940,"input_scatter_fusion_2.kd",2,8,1129,1261566,1261566,16128,256,0,0,12,4,32,64,"0x0","0x7faafa588c40",4181228562033491,4181228562319335,4181228562323861,4181228562327688,4526
941,"loop_reduce_window_fusion_14.kd",2,8,1130,1261566,1261566,16128,256,0,0,8,0,16,64,"0x0","0x7faafa588c80",4181228562041272,4181228562323861,4181228562328628,4181228562333607,4767
942,"loop_reduce_window_fusion_16.kd",2,8,1131,1261566,1261566,1024,256,0,0,8,0,16,64,"0x0","0x7faafa588b80",4181228562048683,4181228562328628,4181228562333716,4181228562339306,5088
943,"loop_reduce_window_fusion_15.kd",2,8,1132,1261566,1261566,64,64,0,0,8,0,16,64,"0x0","0x7faafa588bc0",4181228562056725,4181228562333716,4181228562338363,4181228562346967,4647
944,"loop_select_fusion_4.kd",2,8,1133,1261566,1261566,16128,256,0,0,12,4,32,64,"0x0","0x7faafa588cc0",4181228562064847,4181228562338363,4181228562343290,4181228562352786,4927
945,"loop_select_fusion_2.kd",2,8,1134,1261566,1261566,16128,256,0,0,4,4,16,64,"0x0","0x7faafa588d00",4181228562072819,4181228562343290,4181228562347977,4181228562358745,4687
946,"loop_reduce_window_fusion_14.kd",2,8,1135,1261566,1261566,16128,256,0,0,8,0,16,64,"0x0","0x7faafa588c80",4181228562080431,4181228562347977,4181228562352704,4181228562364774,4727
947,"loop_reduce_window_fusion_16.kd",2,8,1136,1261566,1261566,1024,256,0,0,8,0,16,64,"0x0","0x7faafa588b80",4181228562088463,4181228562352704,4181228562357591,4181228562372305,4887
948,"loop_reduce_window_fusion_15.kd",2,8,1137,1261566,1261566,64,64,0,0,8,0,16,64,"0x0","0x7faafa588bc0",4181228562095133,4181228562357591,4181228562362278,4181228562392244,4687
949,"input_concatenate_fusion.kd",2,8,1138,1261566,1261566,16128,256,0,0,12,4,32,64,"0x0","0x7faafa588d40",4181228562103104,4181228562362278,4181228562367166,4181228562386846,4888
950,"input_reduce_reduce_window_fusion.kd",2,8,1139,1261566,1261566,8192,256,0,0,24,0,48,64,"0x0","0x7faafa588d80",4181228562110565,4181228562367166,4181228562376740,4181228562377783,9574
951,"loop_reduce_window_fusion_4.kd",2,8,1140,1261566,1261566,1280,256,0,0,8,0,16,64,"0x0","0x7faafa588dc0",4181228562117686,4181228562376740,4181228562381667,4181228562404092,4927
952,"loop_reduce_window_fusion_3.kd",2,8,1141,1261566,1261566,80,80,0,0,8,0,16,64,"0x0","0x7faafa588e00",4181228562125458,4181228562381667,4181228562386314,4181228562410221,4647
953,"loop_broadcast_fusion.kd",2,8,1142,1261566,1261566,20224,256,0,0,4,4,16,64,"0x0","0x7faafa588e40",4181228562144035,4181228562386314,4181228562391322,4181228562416611,5008
954,"input_scatter_fusion.kd",2,8,1143,1261566,1261566,20224,256,0,0,12,4,32,64,"0x0","0x7faafa588e80",4181228562153129,4181228562391322,4181228562395968,4181228562422359,4646
955,"loop_reduce_window_fusion_2.kd",2,8,1144,1261566,1261566,20224,256,0,0,8,0,16,64,"0x0","0x7faafa588ec0",4181228562160560,4181228562395968,4181228562400736,4181228562428368,4768
956,"loop_reduce_window_fusion_4.kd",2,8,1145,1261566,1261566,1280,256,0,0,8,0,16,64,"0x0","0x7faafa588dc0",4181228562167861,4181228562400736,4181228562405703,4181228562433766,4967
957,"loop_reduce_window_fusion_3.kd",2,8,1146,1261566,1261566,80,80,0,0,8,0,16,64,"0x0","0x7faafa588e00",4181228562175051,4181228562405703,4181228562410310,4181228562439505,4607
958,"loop_remainder_fusion.kd",2,8,1147,1261566,1261566,20224,256,0,0,12,4,32,64,"0x0","0x7faafa588f00",4181228562182272,4181228562410310,4181228562415277,4181228562445383,4967
959,"input_reduce_fusion_1.kd",2,8,1148,1261566,1261566,64,64,0,0,8,0,16,64,"0x0","0x7faafa588f40",4181228562189232,4181228562415277,4181228562420044,4181228562452664,4767
960,"loop_select_fusion.kd",2,8,1149,1261566,1261566,20224,256,0,0,8,0,32,64,"0x0","0x7faafa588f80",4181228562195983,4181228562420044,4181228562425052,4181228562477021,5008
961,"loop_compare_fusion_2.kd",2,8,1150,1261566,1261566,4096,256,0,0,4,4,16,64,"0x0","0x7faafa588fc0",4181228562203073,4181228562425052,4181228562430059,4181228562489078,5007
962,"input_reduce_reduce_window_fusion_3.kd",2,8,1151,1261566,1261566,256,256,512,0,20,4,32,64,"0x0","0x7faafa589000",4181228562211185,4181228562430059,4181228562446243,4181228562471042,16184
963,"loop_slice_fusion_1.kd",2,8,1152,1261566,1261566,16,16,0,0,20,4,16,64,"0x0","0x7faafa589040",4181228562218426,4181228562446243,4181228562450970,4181228562465143,4727
964,"loop_broadcast_fusion_3.kd",2,8,1153,1261566,1261566,4096,256,0,0,4,4,16,64,"0x0","0x7faafa589080",4181228562226107,4181228562450970,4181228562455978,4181228562459044,5008
965,"input_scatter_fusion_3.kd",2,8,1154,1261566,1261566,4096,256,0,0,8,0,32,64,"0x0","0x7faafa5890c0",4181228562234300,4181228562455978,4181228562462067,4181228562531822,6089
966,"loop_reduce_window_fusion_18.kd",2,8,1155,1261566,1261566,4096,256,0,0,8,0,16,64,"0x0","0x7faafa589100",4181228562240969,4181228562462067,4181228562466914,4181228562538933,4847
967,"loop_slice_fusion_1.kd",2,8,1156,1261566,1261566,16,16,0,0,20,4,16,64,"0x0","0x7faafa589040",4181228562248761,4181228562466914,4181228562471721,4181228562525913,4807
968,"loop_remainder_fusion_1.kd",2,8,1157,1261566,1261566,4096,256,0,0,12,4,16,64,"0x0","0x7faafa589140",4181228562256032,4181228562471721,4181228562478571,4181228562519944,6850
969,"loop_select_fusion_3.kd",2,8,1158,1261566,1261566,4096,256,0,0,8,0,32,64,"0x0","0x7faafa589180",4181228562294729,4181228562478571,4181228562483378,4181228562483340,4807
970,"loop_reduce_window_fusion_18.kd",2,8,1159,1261566,1261566,4096,256,0,0,8,0,16,64,"0x0","0x7faafa589100",4181228562302571,4181228562483378,4181228562488146,4181228562503420,4768
971,"loop_slice_fusion_1.kd",2,8,1160,1261566,1261566,16,16,0,0,20,4,16,64,"0x0","0x7faafa589040",4181228562309822,4181228562488146,4181228562492993,4181228562497191,4847
972,"input_concatenate_fusion_1.kd",2,8,1161,1261566,1261566,4096,256,0,0,8,0,32,64,"0x0","0x7faafa5891c0",4181228562396351,4181228562492993,4181228562498761,4181228562514386,5768
973,"loop_compare_fusion_1.kd",2,8,1162,1261566,1261566,8192,256,0,0,4,4,16,64,"0x0","0x7faafa589200",4181228562408449,4181228562507294,4181228562510178,4181228562546934,2884
974,"input_reduce_reduce_window_fusion_1.kd",2,8,1163,1261566,1261566,512,512,512,0,20,4,48,64,"0x0","0x7faafa589240",4181228562506374,4181228562553002,4181228562571670,4181228562576739,18668
975,"loop_reduce_window_fusion_8.kd",2,8,1164,1261566,1261566,32,32,0,0,32,0,16,64,"0x0","0x7faafa589280",4181228562556749,4181228562571670,4181228562581645,4181228562584050,9975
976,"loop_broadcast_fusion_1.kd",2,8,1165,1261566,1261566,8192,256,0,0,4,4,16,64,"0x0","0x7faafa5892c0",4181228562570249,4181228562581645,4181228562586011,4181228562592452,4366
977,"input_scatter_fusion_1.kd",2,8,1166,1261566,1261566,8192,256,0,0,8,0,32,64,"0x0","0x7faafa589300",4181228562577850,4181228562598550,4181228562605120,4181228562608626,6570
978,"loop_reduce_window_fusion_7.kd",2,8,1167,1261566,1261566,8192,256,0,0,8,0,16,64,"0x0","0x7faafa589340",4181228562599082,4181228562609166,4181228562612691,4181228562617810,3525
979,"loop_reduce_window_fusion_6.kd",2,8,1168,1261566,1261566,512,256,0,0,8,0,16,64,"0x0","0x7faafa589380",4181228562608506,4181228562623106,4181228562628755,4181228562636668,5649
980,"loop_reduce_window_fusion_5.kd",2,8,1169,1261566,1261566,32,32,0,0,8,0,16,64,"0x0","0x7faafa5893c0",4181228562622367,4181228562632801,4181228562635925,4181228562657078,3124
981,"loop_select_fusion_5.kd",2,8,1170,1261566,1261566,8192,256,0,0,8,0,32,64,"0x0","0x7faafa589400",4181228562654124,4181228562663887,4181228562667412,4181228562668325,3525
982,"loop_select_fusion_1.kd",2,8,1171,1261566,1261566,8192,256,0,0,8,0,16,64,"0x0","0x7faafa589440",4181228562663568,4181228562672460,4181228562675304,4181228562676487,2844
983,"loop_broadcast_fusion_4.kd",2,8,1172,1261566,1261566,16,16,0,0,4,4,16,64,"0x0","0x7faafa589480",4181228562671630,4181228562680632,4181228562682515,4181228562683698,1883
984,"__amd_rocclr_fillBufferAligned.kd",2,8,1173,1261566,1261566,77824,256,0,0,12,4,48,64,"0x0","0x7fc36f653580",4181228562683618,4181228562699860,4181228562714001,4181228562717498,14141
985,"__amd_rocclr_fillBufferAligned.kd",2,8,1174,1261566,1261566,16128,256,0,0,12,4,48,64,"0x0","0x7fc36f653580",4181228562697298,4181228562714001,4181228562718889,4181228562724719,4888
986,"transformer_engine::fused_attn_rocm::populate_rng_state_kernel(long*, long const*, long) [clone .kd]",2,8,1175,1261566,1261566,1,1,0,0,8,0,16,64,"0x0","0x7faafa5a5380",4181228562708935,4181228562718889,4181228562722975,4181228562733001,4086
987,"__amd_rocclr_fillBufferAligned.kd",2,8,1176,1261566,1261566,256,256,0,0,12,4,48,64,"0x0","0x7fc36f653580",4181228562719181,4181228562738919,4181228562741042,4181228562741274,2123
988,"ck_fused_attn::get_runtime_max_seqlen_kernel(unsigned long, int const*, int const*, unsigned long*) [clone .kd]",2,8,1177,1261566,1261566,4096,128,0,0,4,4,32,64,"0x0","0x7faafa570940",4181228562738049,4181228562747371,4181228562753060,4181228562757538,5689
989,"__amd_rocclr_copyBuffer.kd",2,8,1178,1261566,1261566,512,512,0,0,16,0,32,64,"0x7feb7cc77380","0x7fc36f653600",4181228562746722,4181228562757867,4181228562763635,4181228562766100,5768
990,"__amd_rocclr_fillBufferAligned.kd",2,8,1180,1261566,1261566,256,256,0,0,12,4,48,64,"0x0","0x7fc36f653580",4181228562783536,4181228562792118,4181228562794201,4181228562833110,2083
991,"ck_fused_attn::get_runtime_max_seqlen_kernel(unsigned long, int const*, int const*, unsigned long*) [clone .kd]",2,8,1181,1261566,1261566,4096,128,0,0,4,4,32,64,"0x0","0x7faafa570940",4181228562793902,4181228562803334,4181228562809183,4181228562843395,5849
992,"__amd_rocclr_copyBuffer.kd",2,8,1182,1261566,1261566,512,512,0,0,16,0,32,64,"0x7feb7cde9b80","0x7fc36f653600",4181228562806901,4181228562815072,4181228562821321,4181228562838518,6249
993,"void transformer_engine::fused_attn_rocm::compute_scores_kernel<hip_bfloat16, transformer_engine::fused_attn_rocm::SmallSeqConfig<4, 128, 256, false, (transformer_engine::fused_attn_rocm::CausalMaskType)0>, 1>(hip_bfloat16 const*, hip_bfloat16 const*, hip_bfloat16*, float, int const*, int const*, int, int) [clone .kd]",2,8,1184,1261566,1261566,64000,64,0,0,112,0,32,64,"0x0","0x7faaf354f440",4181228562855393,4181228562864826,4181228562883814,4181228562883645,18988
994,"void transformer_engine::fused_attn_rocm::apply_mask_and_softmax_kernel<hip_bfloat16, transformer_engine::fused_attn_rocm::SmallSeqConfig<4, 128, 256, false, (transformer_engine::fused_attn_rocm::CausalMaskType)0> >(hip_bfloat16*, hip_bfloat16 const*, float, int const*, int, int) [clone .kd]",2,8,1185,1261566,1261566,256000,256,1024,0,12,4,16,64,"0x0","0x7faaf354f480",4181228562863135,4181228562883814,4181228562889382,4181228562889544,5568
995,"void transformer_engine::fused_attn_rocm::compute_output_kernel<hip_bfloat16, transformer_engine::fused_attn_rocm::SmallSeqConfig<4, 128, 256, false, (transformer_engine::fused_attn_rocm::CausalMaskType)0>, 2, 8>(hip_bfloat16 const*, hip_bfloat16 const*, hip_bfloat16*, int const*, int const*, int, int) [clone .kd]",2,8,1186,1261566,1261566,512000,64,8192,0,28,4,48,64,"0x0","0x7faaf354f4c0",4181228562871848,4181228562889382,4181228562934009,4181228562935973,44627
996,"loop_broadcast_fusion_5.kd",2,8,1187,1261566,1261566,2048000,256,0,0,4,4,16,64,"0x0","0x7faafa5894c0",4181228562886600,4181228562934009,4181228562942301,4181228562948392,8292
997,"__amd_rocclr_fillBufferAligned.kd",2,8,1188,1261566,1261566,77824,256,0,0,12,4,48,64,"0x0","0x7fc36f653580",4181228562902273,4181228562942301,4181228562949151,4181228562954220,6850
998,"__amd_rocclr_fillBufferAligned.kd",2,8,1189,1261566,1261566,77824,256,0,0,12,4,48,64,"0x0","0x7fc36f653580",4181228562908763,4181228562949151,4181228562962010,4181228562963244,12859
999,"__amd_rocclr_fillBufferAligned.kd",2,8,1190,1261566,1261566,77824,256,0,0,12,4,48,64,"0x0","0x7fc36f653580",4181228562917926,4181228562962010,4181228562974950,4181228562979338,12940
1000,"__amd_rocclr_fillBufferAligned.kd",2,8,1191,1261566,1261566,256,256,0,0,12,4,48,64,"0x0","0x7fc36f653580",4181228562925848,4181228562974950,4181228562979837,4181228562991295,4887
1001,"ck_fused_attn::get_runtime_max_seqlen_kernel(unsigned long, int const*, int const*, unsigned long*) [clone .kd]",2,8,1192,1261566,1261566,4096,128,0,0,4,4,32,64,"0x0","0x7faafa570940",4181228562931807,4181228562979837,4181228562985806,4181228562986468,5969
1002,"__amd_rocclr_copyBuffer.kd",2,8,1193,1261566,1261566,512,512,0,0,16,0,32,64,"0x7feb7cc76e00","0x7fc36f653600",4181228562939959,4181228562985806,4181228562997904,4181228563005947,12098
1003,"__amd_rocclr_fillBufferAligned.kd",2,8,1195,1261566,1261566,256,256,0,0,12,4,48,64,"0x0","0x7fc36f653580",4181228563022432,4181228563031113,4181228563033076,4181228563032937,1963
1004,"ck_fused_attn::get_runtime_max_seqlen_kernel(unsigned long, int const*, int const*, unsigned long*) [clone .kd]",2,8,1196,1261566,1261566,4096,128,0,0,4,4,32,64,"0x0","0x7faafa570940",4181228563029021,4181228563037402,4181228563043171,4181228563044945,5769
1005,"__amd_rocclr_copyBuffer.kd",2,8,1197,1261566,1261566,512,512,0,0,16,0,32,64,"0x7feb7cc72b80","0x7fc36f653600",4181228563036062,4181228563048178,4181228563056831,4181228563061860,8653
1006,"void transformer_engine::fused_attn_rocm::compute_grad_v_kernel<hip_bfloat16, transformer_engine::fused_attn_rocm::SmallSeqConfig<4, 128, 256, false, (transformer_engine::fused_attn_rocm::CausalMaskType)0>, 16, 16>(hip_bfloat16 const*, hip_bfloat16 const*, hip_bfloat16*, int const*, int const*, int, int) [clone .kd]",2,8,1199,1261566,1261566,256000,64,8192,0,32,0,48,64,"0x0","0x7faaf3550f00",4181228563077934,4181228563092164,4181228563204851,4181228563207757,112687
1007,"void transformer_engine::fused_attn_rocm::compute_grad_attn_kernel<hip_bfloat16, transformer_engine::fused_attn_rocm::SmallSeqConfig<4, 128, 256, false, (transformer_engine::fused_attn_rocm::CausalMaskType)0>, 16>(hip_bfloat16 const*, hip_bfloat16 const*, hip_bfloat16*, int const*, int const*, int, int) [clone .kd]",2,8,1200,1261566,1261566,8000,64,0,0,116,4,48,64,"0x0","0x7faaf3550f40",4181228563090553,4181228563204851,4181228563355916,4181228563357770,151065
1008,"void transformer_engine::fused_attn_rocm::softmax_backward_kernel<hip_bfloat16, transformer_engine::fused_attn_rocm::SmallSeqConfig<4, 128, 256, false, (transformer_engine::fused_attn_rocm::CausalMaskType)0> >(hip_bfloat16 const*, hip_bfloat16 const*, hip_bfloat16*, float, int const*, int, int) [clone .kd]",2,8,1201,1261566,1261566,256000,256,1024,0,12,4,16,64,"0x0","0x7faaf3550f80",4181228563098204,4181228563355916,4181228563361685,4181228563365882,5769
1009,"void transformer_engine::fused_attn_rocm::compute_grad_qk_kernel<hip_bfloat16, transformer_engine::fused_attn_rocm::SmallSeqConfig<4, 128, 256, false, (transformer_engine::fused_attn_rocm::CausalMaskType)0>, 4, 16>(hip_bfloat16 const*, hip_bfloat16 const*, hip_bfloat16 const*, hip_bfloat16*, hip_bfloat16*, float, int const*, int const*, int, int) [clone .kd]",2,8,1202,1261566,1261566,1024000,64,8192,0,36,4,48,64,"0x0","0x7faaf3550fc0",4181228563106877,4181228563361685,4181228563478298,4181228563479301,116613
1010,"input_reduce_fusion.kd",2,8,1203,1261566,1261566,524288,256,512,0,16,0,16,64,"0x0","0x7faafa589500",4181228563114929,4181228563478298,4181228563484668,4181228563486141,6370
1011,"input_reduce_fusion_2.kd",2,8,1204,1261566,1261566,128,128,512,0,24,0,16,64,"0x0","0x7faafa589540",4181228563122731,4181228563484668,4181228563490476,4181228563492591,5808
1012,"loop_convert_fusion.kd",2,8,1205,1261566,1261566,1,1,0,0,4,4,16,64,"0x0","0x7faafa589580",4181228563130332,4181228563490476,4181228563494602,4181228563498580,4126
1013,"loop_compare_fusion.kd",2,8,1208,1261566,1261566,16128,256,0,0,4,4,16,64,"0x0","0x7faafa588b00",4181228563222669,4181228563506380,4181228563512469,4181228563532090,6089
1014,"input_reduce_reduce_window_fusion_2.kd",2,8,1209,1261566,1261566,1024,1024,512,0,20,4,48,64,"0x0","0x7faafa588b40",4181228563232364,4181228563512469,4181228563537106,4181228563540923,24637
1015,"loop_reduce_window_fusion_16.kd",2,8,1210,1261566,1261566,1024,256,0,0,8,0,16,64,"0x0","0x7faafa588b80",4181228563240766,4181228563537106,4181228563541953,4181228563551198,4847
1016,"loop_reduce_window_fusion_15.kd",2,8,1211,1261566,1261566,64,64,0,0,8,0,16,64,"0x0","0x7faafa588bc0",4181228563248919,4181228563541953,4181228563546600,4181228563556836,4647
1017,"loop_broadcast_fusion_2.kd",2,8,1212,1261566,1261566,16128,256,0,0,4,4,16,64,"0x0","0x7faafa588c00",4181228563256490,4181228563546600,4181228563551447,4181228563563346,4847
1018,"input_scatter_fusion_2.kd",2,8,1213,1261566,1261566,16128,256,0,0,12,4,32,64,"0x0","0x7faafa588c40",4181228563265343,4181228563551447,4181228563556054,4181228563569746,4607
1019,"loop_reduce_window_fusion_14.kd",2,8,1214,1261566,1261566,16128,256,0,0,8,0,16,64,"0x0","0x7faafa588c80",4181228563273355,4181228563556054,4181228563560821,4181228563575664,4767
1020,"loop_reduce_window_fusion_16.kd",2,8,1215,1261566,1261566,1024,256,0,0,8,0,16,64,"0x0","0x7faafa588b80",4181228563280686,4181228563560821,4181228563565949,4181228563581513,5128
1021,"loop_reduce_window_fusion_15.kd",2,8,1216,1261566,1261566,64,64,0,0,8,0,16,64,"0x0","0x7faafa588bc0",4181228563287446,4181228563565949,4181228563570555,4181228563587402,4606
1022,"loop_select_fusion_4.kd",2,8,1217,1261566,1261566,16128,256,0,0,12,4,32,64,"0x0","0x7faafa588cc0",4181228563295718,4181228563570555,4181228563575483,4181228563593251,4928
1023,"loop_select_fusion_2.kd",2,8,1218,1261566,1261566,16128,256,0,0,4,4,16,64,"0x0","0x7faafa588d00",4181228563303079,4181228563575483,4181228563580250,4181228563598929,4767
1024,"loop_reduce_window_fusion_14.kd",2,8,1219,1261566,1261566,16128,256,0,0,8,0,16,64,"0x0","0x7faafa588c80",4181228563310801,4181228563580250,4181228563584977,4181228563604638,4727
1025,"loop_reduce_window_fusion_16.kd",2,8,1220,1261566,1261566,1024,256,0,0,8,0,16,64,"0x0","0x7faafa588b80",4181228563318442,4181228563584977,4181228563589904,4181228563610296,4927
1026,"loop_reduce_window_fusion_15.kd",2,8,1221,1261566,1261566,64,64,0,0,8,0,16,64,"0x0","0x7faafa588bc0",4181228563325943,4181228563589904,4181228563594591,4181228563615994,4687
1027,"input_concatenate_fusion.kd",2,8,1222,1261566,1261566,16128,256,0,0,12,4,32,64,"0x0","0x7faafa588d40",4181228563333034,4181228563594591,4181228563599559,4181228563643756,4968
1028,"input_reduce_reduce_window_fusion.kd",2,8,1223,1261566,1261566,8192,256,0,0,24,0,48,64,"0x0","0x7faafa588d80",4181228563340114,4181228563599559,4181228563609253,4181228563633751,9694
1029,"loop_reduce_window_fusion_4.kd",2,8,1224,1261566,1261566,1280,256,0,0,8,0,16,64,"0x0","0x7faafa588dc0",4181228563347325,4181228563609253,4181228563614381,4181228563623586,5128
1030,"loop_reduce_window_fusion_3.kd",2,8,1225,1261566,1261566,80,80,0,0,8,0,16,64,"0x0","0x7faafa588e00",4181228563354836,4181228563614381,4181228563619068,4181228563673330,4687
1031,"loop_broadcast_fusion.kd",2,8,1226,1261566,1261566,20224,256,0,0,4,4,16,64,"0x0","0x7faafa588e40",4181228563361486,4181228563619068,4181228563624035,4181228563679279,4967
1032,"input_scatter_fusion.kd",2,8,1227,1261566,1261566,20224,256,0,0,12,4,32,64,"0x0","0x7faafa588e80",4181228563370860,4181228563624035,4181228563628682,4181228563684827,4647
1033,"loop_reduce_window_fusion_2.kd",2,8,1228,1261566,1261566,20224,256,0,0,8,0,16,64,"0x0","0x7faafa588ec0",4181228563378812,4181228563628682,4181228563633529,4181228563667802,4847
1034,"loop_reduce_window_fusion_4.kd",2,8,1229,1261566,1261566,1280,256,0,0,8,0,16,64,"0x0","0x7faafa588dc0",4181228563386243,4181228563633529,4181228563638617,4181228563662143,5088
1035,"loop_reduce_window_fusion_3.kd",2,8,1230,1261566,1261566,80,80,0,0,8,0,16,64,"0x0","0x7faafa588e00",4181228563392702,4181228563638617,4181228563643304,4181228563656304,4687
1036,"loop_remainder_fusion.kd",2,8,1231,1261566,1261566,20224,256,0,0,12,4,32,64,"0x0","0x7faafa588f00",4181228563400143,4181228563643304,4181228563648231,4181228563650285,4927
1037,"input_reduce_fusion_1.kd",2,8,1232,1261566,1261566,64,64,0,0,8,0,16,64,"0x0","0x7faafa588f40",4181228563407274,4181228563648231,4181228563652838,4181228563730355,4607
1038,"loop_select_fusion.kd",2,8,1233,1261566,1261566,20224,256,0,0,8,0,32,64,"0x0","0x7faafa588f80",4181228563415136,4181228563652838,4181228563657765,4181228563724636,4927
1039,"loop_compare_fusion_2.kd",2,8,1234,1261566,1261566,4096,256,0,0,4,4,16,64,"0x0","0x7faafa588fc0",4181228563423118,4181228563657765,4181228563662652,4181228563719018,4887
1040,"input_reduce_reduce_window_fusion_3.kd",2,8,1235,1261566,1261566,256,256,512,0,20,4,32,64,"0x0","0x7faafa589000",4181228563430699,4181228563662652,4181228563678316,4181228563713129,15664
1041,"loop_slice_fusion_1.kd",2,8,1236,1261566,1261566,16,16,0,0,20,4,16,64,"0x0","0x7faafa589040",4181228563438060,4181228563678316,4181228563683323,4181228563704927,5007
1042,"loop_broadcast_fusion_3.kd",2,8,1237,1261566,1261566,4096,256,0,0,4,4,16,64,"0x0","0x7faafa589080",4181228563444820,4181228563683323,4181228563688250,4181228563693259,4927
1043,"input_scatter_fusion_3.kd",2,8,1238,1261566,1261566,4096,256,0,0,8,0,32,64,"0x0","0x7faafa5890c0",4181228563452501,4181228563688250,4181228563694380,4181228563785557,6130
1044,"loop_reduce_window_fusion_18.kd",2,8,1239,1261566,1261566,4096,256,0,0,8,0,16,64,"0x0","0x7faafa589100",4181228563459982,4181228563694380,4181228563699227,4181228563767950,4847
1045,"loop_slice_fusion_1.kd",2,8,1240,1261566,1261566,16,16,0,0,20,4,16,64,"0x0","0x7faafa589040",4181228563467183,4181228563699227,4181228563703914,4181228563743785,4687
1046,"loop_remainder_fusion_1.kd",2,8,1241,1261566,1261566,4096,256,0,0,12,4,16,64,"0x0","0x7faafa589140",4181228563473733,4181228563703914,4181228563711044,4181228563738467,7130
1047,"loop_select_fusion_3.kd",2,8,1242,1261566,1261566,4096,256,0,0,8,0,32,64,"0x0","0x7faafa589180",4181228563482796,4181228563711044,4181228563715851,4181228563773719,4807
1048,"loop_reduce_window_fusion_18.kd",2,8,1243,1261566,1261566,4096,256,0,0,8,0,16,64,"0x0","0x7faafa589100",4181228563491459,4181228563715851,4181228563720619,4181228563779758,4768
1049,"loop_slice_fusion_1.kd",2,8,1244,1261566,1261566,16,16,0,0,20,4,16,64,"0x0","0x7faafa589040",4181228563512751,4181228563720619,4181228563725426,4181228563761911,4807
1050,"input_concatenate_fusion_1.kd",2,8,1245,1261566,1261566,4096,256,0,0,8,0,32,64,"0x0","0x7faafa5891c0",4181228563520803,4181228563725426,4181228563731194,4181228563755412,5768
1051,"loop_compare_fusion_1.kd",2,8,1246,1261566,1261566,8192,256,0,0,4,4,16,64,"0x0","0x7faafa589200",4181228563527873,4181228563731194,4181228563736202,4181228563749233,5008
1052,"input_reduce_reduce_window_fusion_1.kd",2,8,1247,1261566,1261566,512,512,512,0,20,4,48,64,"0x0","0x7faafa589240",4181228563537608,4181228563736202,4181228563752867,4181228563842892,16665
1053,"loop_reduce_window_fusion_8.kd",2,8,1248,1261566,1261566,32,32,0,0,32,0,16,64,"0x0","0x7faafa589280",4181228563547653,4181228563752867,4181228563761079,4181228563801010,8212
1054,"loop_broadcast_fusion_1.kd",2,8,1249,1261566,1261566,8192,256,0,0,4,4,16,64,"0x0","0x7faafa5892c0",4181228563555805,4181228563761079,4181228563766086,4181228563795622,5007
1055,"input_scatter_fusion_1.kd",2,8,1250,1261566,1261566,8192,256,0,0,8,0,32,64,"0x0","0x7faafa589300",4181228563642494,4181228563766086,4181228563771815,4181228563831896,5729
1056,"loop_reduce_window_fusion_7.kd",2,8,1251,1261566,1261566,8192,256,0,0,8,0,16,64,"0x0","0x7faafa589340",4181228563704085,4181228563771815,4181228563776902,4181228563837554,5087
1057,"loop_reduce_window_fusion_6.kd",2,8,1252,1261566,1261566,512,256,0,0,8,0,16,64,"0x0","0x7faafa589380",4181228563744075,4181228563776902,4181228563781950,4181228563825266,5048
1058,"loop_reduce_window_fusion_5.kd",2,8,1253,1261566,1261566,32,32,0,0,8,0,16,64,"0x0","0x7faafa5893c0",4181228563754851,4181228563804103,4181228563808710,4181228563850834,4607
1059,"loop_select_fusion_5.kd",2,8,1254,1261566,1261566,8192,256,0,0,8,0,32,64,"0x0","0x7faafa589400",4181228563823994,4181228563857222,4181228563860587,4181228563862962,3365
1060,"loop_select_fusion_1.kd",2,8,1255,1261566,1261566,8192,256,0,0,8,0,16,64,"0x0","0x7faafa589440",4181228563859897,4181228563869320,4181228563872004,4181228563871885,2684
1061,"loop_broadcast_fusion_4.kd",2,8,1256,1261566,1261566,16,16,0,0,4,4,16,64,"0x0","0x7faafa589480",4181228563867999,4181228563877171,4181228563879094,4181228563882661,1923
1062,"__amd_rocclr_fillBufferAligned.kd",2,8,1257,1261566,1261566,77824,256,0,0,12,4,48,64,"0x0","0x7fc36f653580",4181228563883793,4181228563897882,4181228563911983,4181228563914508,14101
1063,"__amd_rocclr_fillBufferAligned.kd",2,8,1258,1261566,1261566,16128,256,0,0,12,4,48,64,"0x0","0x7fc36f653580",4181228563895300,4181228563911983,4181228563917271,4181228563919626,5288
1064,"transformer_engine::fused_attn_rocm::populate_rng_state_kernel(long*, long const*, long) [clone .kd]",2,8,1259,1261566,1261566,1,1,0,0,8,0,16,64,"0x0","0x7faafa5a5380",4181228563907728,4181228563917271,4181228563921397,4181228563931414,4126
1065,"__amd_rocclr_fillBufferAligned.kd",2,8,1260,1261566,1261566,256,256,0,0,12,4,48,64,"0x0","0x7fc36f653580",4181228563918004,4181228563938543,4181228563940466,4181228563940597,1923
1066,"ck_fused_attn::get_runtime_max_seqlen_kernel(unsigned long, int const*, int const*, unsigned long*) [clone .kd]",2,8,1261,1261566,1261566,4096,128,0,0,4,4,32,64,"0x0","0x7faafa570940",4181228563938785,4181228563955688,4181228563961537,4181228563962750,5849
1067,"__amd_rocclr_copyBuffer.kd",2,8,1262,1261566,1261566,512,512,0,0,16,0,32,64,"0x7feb7cde9780","0x7fc36f653600",4181228563955750,4181228563966344,4181228563971912,4181228563978083,5568
1068,"__amd_rocclr_fillBufferAligned.kd",2,8,1264,1261566,1261566,256,256,0,0,12,4,48,64,"0x0","0x7fc36f653580",4181228564000777,4181228564009648,4181228564011491,4181228564051803,1843
1069,"ck_fused_attn::get_runtime_max_seqlen_kernel(unsigned long, int const*, int const*, unsigned long*) [clone .kd]",2,8,1265,1261566,1261566,4096,128,0,0,4,4,32,64,"0x0","0x7faafa570940",4181228564012694,4181228564022908,4181228564028677,4181228564062308,5769
1070,"__amd_rocclr_copyBuffer.kd",2,8,1266,1261566,1261566,512,512,0,0,16,0,32,64,"0x7feb7cc76780","0x7fc36f653600",4181228564021988,4181228564033564,4181228564039333,4181228564057351,5769
1071,"void transformer_engine::fused_attn_rocm::compute_scores_kernel<hip_bfloat16, transformer_engine::fused_attn_rocm::SmallSeqConfig<4, 128, 256, false, (transformer_engine::fused_attn_rocm::CausalMaskType)0>, 1>(hip_bfloat16 const*, hip_bfloat16 const*, hip_bfloat16*, float, int const*, int const*, int, int) [clone .kd]",2,8,1268,1261566,1261566,64000,64,0,0,112,0,32,64,"0x0","0x7faaf354f440",4181228564073074,4181228564083198,4181228564102506,4181228564102258,19308
1072,"void transformer_engine::fused_attn_rocm::apply_mask_and_softmax_kernel<hip_bfloat16, transformer_engine::fused_attn_rocm::SmallSeqConfig<4, 128, 256, false, (transformer_engine::fused_attn_rocm::CausalMaskType)0> >(hip_bfloat16*, hip_bfloat16 const*, float, int const*, int, int) [clone .kd]",2,8,1269,1261566,1261566,256000,256,1024,0,12,4,16,64,"0x0","0x7faaf354f480",4181228564082889,4181228564102506,4181228564107674,4181228564108217,5168
1073,"void transformer_engine::fused_attn_rocm::compute_output_kernel<hip_bfloat16, transformer_engine::fused_attn_rocm::SmallSeqConfig<4, 128, 256, false, (transformer_engine::fused_attn_rocm::CausalMaskType)0>, 2, 8>(hip_bfloat16 const*, hip_bfloat16 const*, hip_bfloat16*, int const*, int const*, int, int) [clone .kd]",2,8,1270,1261566,1261566,512000,64,8192,0,28,4,48,64,"0x0","0x7faaf354f4c0",4181228564090280,4181228564107674,4181228564154143,4181228564155176,46469
1074,"loop_broadcast_fusion_5.kd",2,8,1271,1261566,1261566,2048000,256,0,0,4,4,16,64,"0x0","0x7faafa5894c0",4181228564105012,4181228564154143,4181228564162556,4181228564164881,8413
1075,"__amd_rocclr_fillBufferAligned.kd",2,8,1272,1261566,1261566,77824,256,0,0,12,4,48,64,"0x0","0x7fc36f653580",4181228564119023,4181228564162556,4181228564169446,4181228564170129,6890
1076,"__amd_rocclr_fillBufferAligned.kd",2,8,1273,1261566,1261566,77824,256,0,0,12,4,48,64,"0x0","0x7fc36f653580",4181228564125793,4181228564169446,4181228564182465,4181228564189457,13019
1077,"__amd_rocclr_fillBufferAligned.kd",2,8,1274,1261566,1261566,77824,256,0,0,12,4,48,64,"0x0","0x7fc36f653580",4181228564133424,4181228564182465,4181228564195685,4181228564197069,13220
1078,"__amd_rocclr_fillBufferAligned.kd",2,8,1275,1261566,1261566,256,256,0,0,12,4,48,64,"0x0","0x7fc36f653580",4181228564140344,4181228564195685,4181228564200452,4181228564203759,4767
1079,"ck_fused_attn::get_runtime_max_seqlen_kernel(unsigned long, int const*, int const*, unsigned long*) [clone .kd]",2,8,1276,1261566,1261566,4096,128,0,0,4,4,32,64,"0x0","0x7faafa570940",4181228564147695,4181228564200452,4181228564206341,4181228564223959,5889
1080,"__amd_rocclr_copyBuffer.kd",2,8,1277,1261566,1261566,512,512,0,0,16,0,32,64,"0x7feb7cc72700","0x7fc36f653600",4181228564157079,4181228564206341,4181228564211669,4181228564215496,5328
1081,"__amd_rocclr_fillBufferAligned.kd",2,8,1279,1261566,1261566,256,256,0,0,12,4,48,64,"0x0","0x7fc36f653580",4181228564232371,4181228564241313,4181228564243236,4181228564247664,1923
1082,"ck_fused_attn::get_runtime_max_seqlen_kernel(unsigned long, int const*, int const*, unsigned long*) [clone .kd]",2,8,1280,1261566,1261566,4096,128,0,0,4,4,32,64,"0x0","0x7faafa570940",4181228564240664,4181228564249285,4181228564255174,4181228564257148,5889
1083,"__amd_rocclr_copyBuffer.kd",2,8,1281,1261566,1261566,512,512,0,0,16,0,32,64,"0x7feb7cc72580","0x7fc36f653600",4181228564247834,4181228564266751,4181228564273080,4181228564280473,6329
1084,"void transformer_engine::fused_attn_rocm::compute_grad_v_kernel<hip_bfloat16, transformer_engine::fused_attn_rocm::SmallSeqConfig<4, 128, 256, false, (transformer_engine::fused_attn_rocm::CausalMaskType)0>, 16, 16>(hip_bfloat16 const*, hip_bfloat16 const*, hip_bfloat16*, int const*, int const*, int, int) [clone .kd]",2,8,1283,1261566,1261566,256000,64,8192,0,32,0,48,64,"0x0","0x7faaf3550f00",4181228564294924,4181228564305568,4181228564415412,4181228564420842,109844
1085,"void transformer_engine::fused_attn_rocm::compute_grad_attn_kernel<hip_bfloat16, transformer_engine::fused_attn_rocm::SmallSeqConfig<4, 128, 256, false, (transformer_engine::fused_attn_rocm::CausalMaskType)0>, 16>(hip_bfloat16 const*, hip_bfloat16 const*, hip_bfloat16*, int const*, int const*, int, int) [clone .kd]",2,8,1284,1261566,1261566,8000,64,0,0,116,4,48,64,"0x0","0x7faaf3550f40",4181228564305089,4181228564415412,4181228564566917,4181228564578656,151505
1086,"void transformer_engine::fused_attn_rocm::softmax_backward_kernel<hip_bfloat16, transformer_engine::fused_attn_rocm::SmallSeqConfig<4, 128, 256, false, (transformer_engine::fused_attn_rocm::CausalMaskType)0> >(hip_bfloat16 const*, hip_bfloat16 const*, hip_bfloat16*, float, int const*, int, int) [clone .kd]",2,8,1285,1261566,1261566,256000,256,1024,0,12,4,16,64,"0x0","0x7faaf3550f80",4181228564312530,4181228564566917,4181228564572766,4181228564591836,5849
1087,"void transformer_engine::fused_attn_rocm::compute_grad_qk_kernel<hip_bfloat16, transformer_engine::fused_attn_rocm::SmallSeqConfig<4, 128, 256, false, (transformer_engine::fused_attn_rocm::CausalMaskType)0>, 4, 16>(hip_bfloat16 const*, hip_bfloat16 const*, hip_bfloat16 const*, hip_bfloat16*, hip_bfloat16*, float, int const*, int const*, int, int) [clone .kd]",2,8,1286,1261566,1261566,1024000,64,8192,0,36,4,48,64,"0x0","0x7faaf3550fc0",4181228564321944,4181228564572766,4181228564699595,4181228564700427,126829
1088,"input_reduce_fusion.kd",2,8,1287,1261566,1261566,524288,256,512,0,16,0,16,64,"0x0","0x7faafa589500",4181228564330177,4181228564699595,4181228564705523,4181228564706677,5928
1089,"input_reduce_fusion_2.kd",2,8,1288,1261566,1261566,128,128,512,0,24,0,16,64,"0x0","0x7faafa589540",4181228564337457,4181228564705523,4181228564711172,4181228564716692,5649
1090,"loop_convert_fusion.kd",2,8,1289,1261566,1261566,1,1,0,0,4,4,16,64,"0x0","0x7faafa589580",4181228564345640,4181228564711172,4181228564716540,4181228564722791,5368
1091,"loop_compare_fusion.kd",2,8,1292,1261566,1261566,16128,256,0,0,4,4,16,64,"0x0","0x7faafa588b00",4181228564437717,4181228564729319,4181228564735127,4181228564755850,5808
1092,"input_reduce_reduce_window_fusion_2.kd",2,8,1293,1261566,1261566,1024,1024,512,0,20,4,48,64,"0x0","0x7faafa588b40",4181228564447421,4181228564735127,4181228564759924,4181228564767177,24797
1093,"loop_reduce_window_fusion_16.kd",2,8,1294,1261566,1261566,1024,256,0,0,8,0,16,64,"0x0","0x7faafa588b80",4181228564454852,4181228564759924,4181228564765693,4181228564773286,5769
1094,"loop_reduce_window_fusion_15.kd",2,8,1295,1261566,1261566,64,64,0,0,8,0,16,64,"0x0","0x7faafa588bc0",4181228564462904,4181228564765693,4181228564770340,4181228564780396,4647
1095,"loop_broadcast_fusion_2.kd",2,8,1296,1261566,1261566,16128,256,0,0,4,4,16,64,"0x0","0x7faafa588c00",4181228564470405,4181228564770340,4181228564775227,4181228564786255,4887
1096,"input_scatter_fusion_2.kd",2,8,1297,1261566,1261566,16128,256,0,0,12,4,32,64,"0x0","0x7faafa588c40",4181228564478507,4181228564775227,4181228564779914,4181228564791883,4687
1097,"loop_reduce_window_fusion_14.kd",2,8,1298,1261566,1261566,16128,256,0,0,8,0,16,64,"0x0","0x7faafa588c80",4181228564486439,4181228564779914,4181228564784721,4181228564797622,4807
1098,"loop_reduce_window_fusion_16.kd",2,8,1299,1261566,1261566,1024,256,0,0,8,0,16,64,"0x0","0x7faafa588b80",4181228564494080,4181228564784721,4181228564789688,4181228564803661,4967
1099,"loop_reduce_window_fusion_15.kd",2,8,1300,1261566,1261566,64,64,0,0,8,0,16,64,"0x0","0x7faafa588bc0",4181228564501522,4181228564789688,4181228564794335,4181228564809740,4647
1100,"loop_select_fusion_4.kd",2,8,1301,1261566,1261566,16128,256,0,0,12,4,32,64,"0x0","0x7faafa588cc0",4181228564509594,4181228564794335,4181228564799263,4181228564815589,4928
1101,"loop_select_fusion_2.kd",2,8,1302,1261566,1261566,16128,256,0,0,4,4,16,64,"0x0","0x7faafa588d00",4181228564517255,4181228564799263,4181228564803950,4181228564821297,4687
1102,"loop_reduce_window_fusion_14.kd",2,8,1303,1261566,1261566,16128,256,0,0,8,0,16,64,"0x0","0x7faafa588c80",4181228564524766,4181228564803950,4181228564808637,4181228564826835,4687
1103,"loop_reduce_window_fusion_16.kd",2,8,1304,1261566,1261566,1024,256,0,0,8,0,16,64,"0x0","0x7faafa588b80",4181228564531736,4181228564808637,4181228564813444,4181228564832444,4807
1104,"loop_reduce_window_fusion_15.kd",2,8,1305,1261566,1261566,64,64,0,0,8,0,16,64,"0x0","0x7faafa588bc0",4181228564538466,4181228564813444,4181228564818091,4181228564844331,4647
1105,"input_concatenate_fusion.kd",2,8,1306,1261566,1261566,16128,256,0,0,12,4,32,64,"0x0","0x7faafa588d40",4181228564545998,4181228564818091,4181228564823018,4181228564838202,4927
1106,"input_reduce_reduce_window_fusion.kd",2,8,1307,1261566,1261566,8192,256,0,0,24,0,48,64,"0x0","0x7faafa588d80",4181228564553218,4181228564823018,4181228564832753,4181228564873855,9735
1107,"loop_reduce_window_fusion_4.kd",2,8,1308,1261566,1261566,1280,256,0,0,8,0,16,64,"0x0","0x7faafa588dc0",4181228564560770,4181228564832753,4181228564837880,4181228564855288,5127
1108,"loop_reduce_window_fusion_3.kd",2,8,1309,1261566,1261566,80,80,0,0,8,0,16,64,"0x0","0x7faafa588e00",4181228564567720,4181228564837880,4181228564842567,4181228564892653,4687
1109,"loop_broadcast_fusion.kd",2,8,1310,1261566,1261566,20224,256,0,0,4,4,16,64,"0x0","0x7faafa588e40",4181228564575512,4181228564842567,4181228564847575,4181228564898532,5008
1110,"input_scatter_fusion.kd",2,8,1311,1261566,1261566,20224,256,0,0,12,4,32,64,"0x0","0x7faafa588e80",4181228564582862,4181228564847575,4181228564852221,4181228564904311,4646
1111,"loop_reduce_window_fusion_2.kd",2,8,1312,1261566,1261566,20224,256,0,0,8,0,16,64,"0x0","0x7faafa588ec0",4181228564607239,4181228564852221,4181228564857029,4181228564910179,4808
1112,"loop_reduce_window_fusion_4.kd",2,8,1313,1261566,1261566,1280,256,0,0,8,0,16,64,"0x0","0x7faafa588dc0",4181228564614940,4181228564857029,4181228564862116,4181228564915998,5087
1113,"loop_reduce_window_fusion_3.kd",2,8,1314,1261566,1261566,80,80,0,0,8,0,16,64,"0x0","0x7faafa588e00",4181228564622982,4181228564862116,4181228564866803,4181228564921496,4687
1114,"loop_remainder_fusion.kd",2,8,1315,1261566,1261566,20224,256,0,0,12,4,32,64,"0x0","0x7faafa588f00",4181228564630614,4181228564866803,4181228564871731,4181228564886604,4928
1115,"input_reduce_fusion_1.kd",2,8,1316,1261566,1261566,64,64,0,0,8,0,16,64,"0x0","0x7faafa588f40",4181228564637384,4181228564871731,4181228564876417,4181228564880355,4686
1116,"loop_select_fusion.kd",2,8,1317,1261566,1261566,20224,256,0,0,8,0,32,64,"0x0","0x7faafa588f80",4181228564645686,4181228564876417,4181228564881465,4181228564956328,5048
1117,"loop_compare_fusion_2.kd",2,8,1318,1261566,1261566,4096,256,0,0,4,4,16,64,"0x0","0x7faafa588fc0",4181228564652436,4181228564881465,4181228564886512,4181228564962107,5047
1118,"input_reduce_reduce_window_fusion_3.kd",2,8,1319,1261566,1261566,256,256,512,0,20,4,32,64,"0x0","0x7faafa589000",4181228564659757,4181228564886512,4181228564902496,4181228564990248,15984
1119,"loop_slice_fusion_1.kd",2,8,1320,1261566,1261566,16,16,0,0,20,4,16,64,"0x0","0x7faafa589040",4181228564666337,4181228564902496,4181228564907343,4181228564995326,4847
1120,"loop_broadcast_fusion_3.kd",2,8,1321,1261566,1261566,4096,256,0,0,4,4,16,64,"0x0","0x7faafa589080",4181228564673678,4181228564907343,4181228564912351,4181228564942047,5008
1121,"input_scatter_fusion_3.kd",2,8,1322,1261566,1261566,4096,256,0,0,8,0,32,64,"0x0","0x7faafa5890c0",4181228564681089,4181228564912351,4181228564918400,4181228564929438,6049
1122,"loop_reduce_window_fusion_18.kd",2,8,1323,1261566,1261566,4096,256,0,0,8,0,16,64,"0x0","0x7faafa589100",4181228564688920,4181228564918400,4181228564923207,4181228564967765,4807
1123,"loop_slice_fusion_1.kd",2,8,1324,1261566,1261566,16,16,0,0,20,4,16,64,"0x0","0x7faafa589040",4181228564696542,4181228564923207,4181228564928094,4181228564973253,4887
1124,"loop_remainder_fusion_1.kd",2,8,1325,1261566,1261566,4096,256,0,0,12,4,16,64,"0x0","0x7faafa589140",4181228564703712,4181228564928094,4181228564934704,4181228564979012,6610
1125,"loop_select_fusion_3.kd",2,8,1326,1261566,1261566,4096,256,0,0,8,0,32,64,"0x0","0x7faafa589180",4181228564714969,4181228564934704,4181228564939471,4181228564984420,4767
1126,"loop_reduce_window_fusion_18.kd",2,8,1327,1261566,1261566,4096,256,0,0,8,0,16,64,"0x0","0x7faafa589100",4181228564736331,4181228564939471,4181228564944278,4181228564948466,4807
1127,"loop_slice_fusion_1.kd",2,8,1328,1261566,1261566,16,16,0,0,20,4,16,64,"0x0","0x7faafa589040",4181228564743852,4181228564944278,4181228564949045,4181228565036988,4767
1128,"input_concatenate_fusion_1.kd",2,8,1329,1261566,1261566,4096,256,0,0,8,0,32,64,"0x0","0x7faafa5891c0",4181228564751513,4181228564949045,4181228564955014,4181228565042766,5969
1129,"loop_compare_fusion_1.kd",2,8,1330,1261566,1261566,8192,256,0,0,4,4,16,64,"0x0","0x7faafa589200",4181228564759705,4181228564955014,4181228564960022,4181228565003839,5008
1130,"input_reduce_reduce_window_fusion_1.kd",2,8,1331,1261566,1261566,512,512,512,0,20,4,48,64,"0x0","0x7faafa589240",4181228564865483,4181228564960022,4181228564977448,4181228565029587,17426
1131,"loop_reduce_window_fusion_8.kd",2,8,1332,1261566,1261566,32,32,0,0,32,0,16,64,"0x0","0x7faafa589280",4181228564939122,4181228564977448,4181228564986862,4181228565023358,9414
1132,"loop_broadcast_fusion_1.kd",2,8,1333,1261566,1261566,8192,256,0,0,4,4,16,64,"0x0","0x7faafa5892c0",4181228564947184,4181228565010857,4181228565013662,4181228565015786,2805
1133,"input_scatter_fusion_1.kd",2,8,1334,1261566,1261566,8192,256,0,0,8,0,32,64,"0x0","0x7faafa589300",4181228565012942,4181228565022795,4181228565029245,4181228565051169,6450
1134,"loop_reduce_window_fusion_7.kd",2,8,1335,1261566,1261566,8192,256,0,0,8,0,16,64,"0x0","0x7faafa589340",4181228565023288,4181228565057487,4181228565061453,4181228565061314,3966
1135,"loop_reduce_window_fusion_6.kd",2,8,1336,1261566,1261566,512,256,0,0,8,0,16,64,"0x0","0x7faafa589380",4181228565058900,4181228565076996,4181228565082644,4181228565083297,5648
1136,"loop_reduce_window_fusion_5.kd",2,8,1337,1261566,1261566,32,32,0,0,8,0,16,64,"0x0","0x7faafa5893c0",4181228565076146,4181228565087051,4181228565090055,4181228565110808,3004
1137,"loop_select_fusion_5.kd",2,8,1338,1261566,1261566,8192,256,0,0,8,0,32,64,"0x0","0x7faafa589400",4181228565109015,4181228565125348,4181228565128633,4181228565130297,3285
1138,"loop_select_fusion_1.kd",2,8,1339,1261566,1261566,8192,256,0,0,8,0,16,64,"0x0","0x7faafa589440",4181228565123507,4181228565133039,4181228565135603,4181228565138178,2564
1139,"loop_broadcast_fusion_4.kd",2,8,1340,1261566,1261566,16,16,0,0,4,4,16,64,"0x0","0x7faafa589480",4181228565132210,4181228565141412,4181228565143014,4181228565143326,1602
1140,"__amd_rocclr_fillBufferAligned.kd",2,8,1341,1261566,1261566,77824,256,0,0,12,4,48,64,"0x0","0x7fc36f653580",4181228565145239,4181228565158477,4181228565173299,4181228565174853,14822
1141,"__amd_rocclr_fillBufferAligned.kd",2,8,1342,1261566,1261566,16128,256,0,0,12,4,48,64,"0x0","0x7fc36f653580",4181228565155955,4181228565173299,4181228565178186,4181228565179910,4887
1142,"transformer_engine::fused_attn_rocm::populate_rng_state_kernel(long*, long const*, long) [clone .kd]",2,8,1343,1261566,1261566,1,1,0,0,8,0,16,64,"0x0","0x7faafa5a5380",4181228565167041,4181228565178186,4181228565182272,4181228565188804,4086
1143,"__amd_rocclr_fillBufferAligned.kd",2,8,1344,1261566,1261566,256,256,0,0,12,4,48,64,"0x0","0x7fc36f653580",4181228565177176,4181228565186398,4181228565187360,4181228565194031,962
1144,"ck_fused_attn::get_runtime_max_seqlen_kernel(unsigned long, int const*, int const*, unsigned long*) [clone .kd]",2,8,1345,1261566,1261566,4096,128,0,0,4,4,32,64,"0x0","0x7faafa570940",4181228565184918,4181228565194090,4181228565199818,4181228565204587,5728
1145,"__amd_rocclr_copyBuffer.kd",2,8,1346,1261566,1261566,512,512,0,0,16,0,32,64,"0x7feb7cde9280","0x7fc36f653600",4181228565193671,4181228565212277,4181228565218727,4181228565220351,6450
1146,"__amd_rocclr_fillBufferAligned.kd",2,8,1348,1261566,1261566,256,256,0,0,12,4,48,64,"0x0","0x7fc36f653580",4181228565238638,4181228565248371,4181228565250494,4181228565283555,2123
1147,"ck_fused_attn::get_runtime_max_seqlen_kernel(unsigned long, int const*, int const*, unsigned long*) [clone .kd]",2,8,1349,1261566,1261566,4096,128,0,0,4,4,32,64,"0x0","0x7faafa570940",4181228565248783,4181228565256343,4181228565262191,4181228565294080,5848
1148,"__amd_rocclr_copyBuffer.kd",2,8,1350,1261566,1261566,512,512,0,0,16,0,32,64,"0x7feb7cde9180","0x7fc36f653600",4181228565260631,4181228565268801,4181228565274970,4181228565289203,6169
1149,"void transformer_engine::fused_attn_rocm::compute_scores_kernel<hip_bfloat16, transformer_engine::fused_attn_rocm::SmallSeqConfig<4, 128, 256, false, (transformer_engine::fused_attn_rocm::CausalMaskType)0>, 1>(hip_bfloat16 const*, hip_bfloat16 const*, hip_bfloat16*, float, int const*, int const*, int, int) [clone .kd]",2,8,1352,1261566,1261566,64000,64,0,0,112,0,32,64,"0x0","0x7faaf354f440",4181228565305477,4181228565315110,4181228565333738,4181228565333879,18628
1150,"void transformer_engine::fused_attn_rocm::apply_mask_and_softmax_kernel<hip_bfloat16, transformer_engine::fused_attn_rocm::SmallSeqConfig<4, 128, 256, false, (transformer_engine::fused_attn_rocm::CausalMaskType)0> >(hip_bfloat16*, hip_bfloat16 const*, float, int const*, int, int) [clone .kd]",2,8,1353,1261566,1261566,256000,256,1024,0,12,4,16,64,"0x0","0x7faaf354f480",4181228565313239,4181228565333738,4181228565338785,4181228565341421,5047
1151,"void transformer_engine::fused_attn_rocm::compute_output_kernel<hip_bfloat16, transformer_engine::fused_attn_rocm::SmallSeqConfig<4, 128, 256, false, (transformer_engine::fused_attn_rocm::CausalMaskType)0>, 2, 8>(hip_bfloat16 const*, hip_bfloat16 const*, hip_bfloat16*, int const*, int const*, int, int) [clone .kd]",2,8,1354,1261566,1261566,512000,64,8192,0,28,4,48,64,"0x0","0x7faaf354f4c0",4181228565325647,4181228565338785,4181228565386696,4181228565387820,47911
1152,"loop_broadcast_fusion_5.kd",2,8,1355,1261566,1261566,2048000,256,0,0,4,4,16,64,"0x0","0x7faafa5894c0",4181228565333629,4181228565386696,4181228565394869,4181228565396853,8173
1153,"__amd_rocclr_fillBufferAligned.kd",2,8,1356,1261566,1261566,77824,256,0,0,12,4,48,64,"0x0","0x7fc36f653580",4181228565362312,4181228565394869,4181228565401759,4181228565405536,6890
1154,"__amd_rocclr_fillBufferAligned.kd",2,8,1357,1261566,1261566,77824,256,0,0,12,4,48,64,"0x0","0x7fc36f653580",4181228565369843,4181228565401759,4181228565415059,4181228565415791,13300
1155,"__amd_rocclr_fillBufferAligned.kd",2,8,1358,1261566,1261566,77824,256,0,0,12,4,48,64,"0x0","0x7fc36f653580",4181228565377274,4181228565415059,4181228565428318,4181228565432286,13259
1156,"__amd_rocclr_fillBufferAligned.kd",2,8,1359,1261566,1261566,256,256,0,0,12,4,48,64,"0x0","0x7fc36f653580",4181228565384845,4181228565428318,4181228565433125,4181228565438625,4807
1157,"ck_fused_attn::get_runtime_max_seqlen_kernel(unsigned long, int const*, int const*, unsigned long*) [clone .kd]",2,8,1360,1261566,1261566,4096,128,0,0,4,4,32,64,"0x0","0x7faafa570940",4181228565391065,4181228565433125,4181228565439134,4181228565443643,6009
1158,"__amd_rocclr_copyBuffer.kd",2,8,1361,1261566,1261566,512,512,0,0,16,0,32,64,"0x7feb7cde9080","0x7fc36f653600",4181228565399667,4181228565439134,4181228565444743,4181228565450243,5609
1159,"__amd_rocclr_fillBufferAligned.kd",2,8,1363,1261566,1261566,256,256,0,0,12,4,48,64,"0x0","0x7fc36f653580",4181228565465856,4181228565477632,4181228565479715,4181228565488660,2083
1160,"ck_fused_attn::get_runtime_max_seqlen_kernel(unsigned long, int const*, int const*, unsigned long*) [clone .kd]",2,8,1364,1261566,1261566,4096,128,0,0,4,4,32,64,"0x0","0x7faafa570940",4181228565476201,4181228565496059,4181228565504592,4181228565507888,8533
1161,"__amd_rocclr_copyBuffer.kd",2,8,1365,1261566,1261566,512,512,0,0,16,0,32,64,"0x7feb7cc73a00","0x7fc36f653600",4181228565494649,4181228565504592,4181228565510561,4181228565514398,5969
1162,"void transformer_engine::fused_attn_rocm::compute_grad_v_kernel<hip_bfloat16, transformer_engine::fused_attn_rocm::SmallSeqConfig<4, 128, 256, false, (transformer_engine::fused_attn_rocm::CausalMaskType)0>, 16, 16>(hip_bfloat16 const*, hip_bfloat16 const*, hip_bfloat16*, int const*, int const*, int, int) [clone .kd]",2,8,1367,1261566,1261566,256000,64,8192,0,32,0,48,64,"0x0","0x7faaf3550f00",4181228565530512,4181228565541406,4181228565654014,4181228565655037,112608
1163,"void transformer_engine::fused_attn_rocm::compute_grad_attn_kernel<hip_bfloat16, transformer_engine::fused_attn_rocm::SmallSeqConfig<4, 128, 256, false, (transformer_engine::fused_attn_rocm::CausalMaskType)0>, 16>(hip_bfloat16 const*, hip_bfloat16 const*, hip_bfloat16*, int const*, int const*, int, int) [clone .kd]",2,8,1368,1261566,1261566,8000,64,0,0,116,4,48,64,"0x0","0x7faaf3550f40",4181228565540016,4181228565654014,4181228565804157,4181228565810999,150143
1164,"void transformer_engine::fused_attn_rocm::softmax_backward_kernel<hip_bfloat16, transformer_engine::fused_attn_rocm::SmallSeqConfig<4, 128, 256, false, (transformer_engine::fused_attn_rocm::CausalMaskType)0> >(hip_bfloat16 const*, hip_bfloat16 const*, hip_bfloat16*, float, int const*, int, int) [clone .kd]",2,8,1369,1261566,1261566,256000,256,1024,0,12,4,16,64,"0x0","0x7faaf3550f80",4181228565547557,4181228565804157,4181228565810086,4181228565821224,5929
1165,"void transformer_engine::fused_attn_rocm::compute_grad_qk_kernel<hip_bfloat16, transformer_engine::fused_attn_rocm::SmallSeqConfig<4, 128, 256, false, (transformer_engine::fused_attn_rocm::CausalMaskType)0>, 4, 16>(hip_bfloat16 const*, hip_bfloat16 const*, hip_bfloat16 const*, hip_bfloat16*, hip_bfloat16*, float, int const*, int const*, int, int) [clone .kd]",2,8,1370,1261566,1261566,1024000,64,8192,0,36,4,48,64,"0x0","0x7faaf3550fc0",4181228565554958,4181228565810086,4181228565928943,4181228565933141,118857
1166,"input_reduce_fusion.kd",2,8,1371,1261566,1261566,524288,256,512,0,16,0,16,64,"0x0","0x7faafa589500",4181228565563531,4181228565928943,4181228565936194,4181228565941393,7251
1167,"input_reduce_fusion_2.kd",2,8,1372,1261566,1261566,128,128,512,0,24,0,16,64,"0x0","0x7faafa589540",4181228565571793,4181228565936194,4181228565941842,4181228565947362,5648
1168,"loop_convert_fusion.kd",2,8,1373,1261566,1261566,1,1,0,0,4,4,16,64,"0x0","0x7faafa589580",4181228565578914,4181228565941842,4181228565946128,4181228565952990,4286
1169,"loop_compare_fusion.kd",2,8,1376,1261566,1261566,16128,256,0,0,4,4,16,64,"0x0","0x7faafa588b00",4181228565670250,4181228565958988,4181228565965037,4181228565985378,6049
1170,"input_reduce_reduce_window_fusion_2.kd",2,8,1377,1261566,1261566,1024,1024,512,0,20,4,48,64,"0x0","0x7faafa588b40",4181228565680185,4181228565965037,4181228565989473,4181228565991948,24436
1171,"loop_reduce_window_fusion_16.kd",2,8,1378,1261566,1261566,1024,256,0,0,8,0,16,64,"0x0","0x7faafa588b80",4181228565687846,4181228565989473,4181228565994801,4181228565997476,5328
1172,"loop_reduce_window_fusion_15.kd",2,8,1379,1261566,1261566,64,64,0,0,8,0,16,64,"0x0","0x7faafa588bc0",4181228565695407,4181228565994801,4181228565999448,4181228566002935,4647
1173,"loop_broadcast_fusion_2.kd",2,8,1380,1261566,1261566,16128,256,0,0,4,4,16,64,"0x0","0x7faafa588c00",4181228565702598,4181228565999448,4181228566004335,4181228566008753,4887
1174,"input_scatter_fusion_2.kd",2,8,1381,1261566,1261566,16128,256,0,0,12,4,32,64,"0x0","0x7faafa588c40",4181228565710169,4181228566004335,4181228566008942,4181228566015904,4607
1175,"loop_reduce_window_fusion_14.kd",2,8,1382,1261566,1261566,16128,256,0,0,8,0,16,64,"0x0","0x7faafa588c80",4181228565719092,4181228566008942,4181228566013749,4181228566021833,4807
1176,"loop_reduce_window_fusion_16.kd",2,8,1383,1261566,1261566,1024,256,0,0,8,0,16,64,"0x0","0x7faafa588b80",4181228565726724,4181228566013749,4181228566018957,4181228566027912,5208
1177,"loop_reduce_window_fusion_15.kd",2,8,1384,1261566,1261566,64,64,0,0,8,0,16,64,"0x0","0x7faafa588bc0",4181228565733574,4181228566018957,4181228566023604,4181228566033981,4647
1178,"loop_select_fusion_4.kd",2,8,1385,1261566,1261566,16128,256,0,0,12,4,32,64,"0x0","0x7faafa588cc0",4181228565742347,4181228566023604,4181228566028531,4181228566039679,4927
1179,"loop_select_fusion_2.kd",2,8,1386,1261566,1261566,16128,256,0,0,4,4,16,64,"0x0","0x7faafa588d00",4181228565749267,4181228566028531,4181228566033258,4181228566044847,4727
1180,"loop_reduce_window_fusion_14.kd",2,8,1387,1261566,1261566,16128,256,0,0,8,0,16,64,"0x0","0x7faafa588c80",4181228565756678,4181228566033258,4181228566037985,4181228566050635,4727
1181,"loop_reduce_window_fusion_16.kd",2,8,1388,1261566,1261566,1024,256,0,0,8,0,16,64,"0x0","0x7faafa588b80",4181228565763208,4181228566037985,4181228566042792,4181228566067861,4807
1182,"loop_reduce_window_fusion_15.kd",2,8,1389,1261566,1261566,64,64,0,0,8,0,16,64,"0x0","0x7faafa588bc0",4181228565770389,4181228566042792,4181228566047399,4181228566062573,4607
1183,"input_concatenate_fusion.kd",2,8,1390,1261566,1261566,16128,256,0,0,12,4,32,64,"0x0","0x7faafa588d40",4181228565777389,4181228566047399,4181228566052326,4181228566056745,4927
1184,"input_reduce_reduce_window_fusion.kd",2,8,1391,1261566,1261566,8192,256,0,0,24,0,48,64,"0x0","0x7faafa588d80",4181228565784520,4181228566052326,4181228566062141,4181228566083164,9815
1185,"loop_reduce_window_fusion_4.kd",2,8,1392,1261566,1261566,1280,256,0,0,8,0,16,64,"0x0","0x7faafa588dc0",4181228565792071,4181228566062141,4181228566067108,4181228566077495,4967
1186,"loop_reduce_window_fusion_3.kd",2,8,1393,1261566,1261566,80,80,0,0,8,0,16,64,"0x0","0x7faafa588e00",4181228565799071,4181228566067108,4181228566071755,4181228566100079,4647
1187,"loop_broadcast_fusion.kd",2,8,1394,1261566,1261566,20224,256,0,0,4,4,16,64,"0x0","0x7faafa588e40",4181228565807544,4181228566071755,4181228566076763,4181228566106318,5008
1188,"input_scatter_fusion.kd",2,8,1395,1261566,1261566,20224,256,0,0,12,4,32,64,"0x0","0x7faafa588e80",4181228565815546,4181228566076763,4181228566081450,4181228566112157,4687
1189,"loop_reduce_window_fusion_2.kd",2,8,1396,1261566,1261566,20224,256,0,0,8,0,16,64,"0x0","0x7faafa588ec0",4181228565836938,4181228566081450,4181228566086257,4181228566117635,4807
1190,"loop_reduce_window_fusion_4.kd",2,8,1397,1261566,1261566,1280,256,0,0,8,0,16,64,"0x0","0x7faafa588dc0",4181228565844399,4181228566086257,4181228566091344,4181228566094891,5087
1191,"loop_reduce_window_fusion_3.kd",2,8,1398,1261566,1261566,80,80,0,0,8,0,16,64,"0x0","0x7faafa588e00",4181228565851579,4181228566091344,4181228566096031,4181228566154460,4687
1192,"loop_remainder_fusion.kd",2,8,1399,1261566,1261566,20224,256,0,0,12,4,32,64,"0x0","0x7faafa588f00",4181228565859121,4181228566096031,4181228566100919,4181228566159868,4888
1193,"input_reduce_fusion_1.kd",2,8,1400,1261566,1261566,64,64,0,0,8,0,16,64,"0x0","0x7faafa588f40",4181228565865851,4181228566100919,4181228566105646,4181228566148982,4727
1194,"loop_select_fusion.kd",2,8,1401,1261566,1261566,20224,256,0,0,8,0,32,64,"0x0","0x7faafa588f80",4181228565874053,4181228566105646,4181228566110653,4181228566142783,5007
1195,"loop_compare_fusion_2.kd",2,8,1402,1261566,1261566,4096,256,0,0,4,4,16,64,"0x0","0x7faafa588fc0",4181228565881544,4181228566110653,4181228566115620,4181228566125937,4967
1196,"input_reduce_reduce_window_fusion_3.kd",2,8,1403,1261566,1261566,256,256,512,0,20,4,32,64,"0x0","0x7faafa589000",4181228565889045,4181228566115620,4181228566131204,4181228566220087,15584
1197,"loop_slice_fusion_1.kd",2,8,1404,1261566,1261566,16,16,0,0,20,4,16,64,"0x0","0x7faafa589040",4181228565896306,4181228566131204,4181228566135891,4181228566225886,4687
1198,"loop_broadcast_fusion_3.kd",2,8,1405,1261566,1261566,4096,256,0,0,4,4,16,64,"0x0","0x7faafa589080",4181228565904608,4181228566135891,4181228566140818,4181228566231274,4927
1199,"input_scatter_fusion_3.kd",2,8,1406,1261566,1261566,4096,256,0,0,8,0,32,64,"0x0","0x7faafa5890c0",4181228565912420,4181228566140818,4181228566147067,4181228566183894,6249
1200,"loop_reduce_window_fusion_18.kd",2,8,1407,1261566,1261566,4096,256,0,0,8,0,16,64,"0x0","0x7faafa589100",4181228565919641,4181228566147067,4181228566151874,4181228566203042,4807
1201,"loop_slice_fusion_1.kd",2,8,1408,1261566,1261566,16,16,0,0,20,4,16,64,"0x0","0x7faafa589040",4181228565927262,4181228566151874,4181228566156641,4181228566208731,4767
1202,"loop_remainder_fusion_1.kd",2,8,1409,1261566,1261566,4096,256,0,0,12,4,16,64,"0x0","0x7faafa589140",4181228565934823,4181228566156641,4181228566163251,4181228566214509,6610
1203,"loop_select_fusion_3.kd",2,8,1410,1261566,1261566,4096,256,0,0,8,0,32,64,"0x0","0x7faafa589180",4181228565971097,4181228566163251,4181228566168139,4181228566167960,4888
1204,"loop_reduce_window_fusion_18.kd",2,8,1411,1261566,1261566,4096,256,0,0,8,0,16,64,"0x0","0x7faafa589100",4181228565979199,4181228566168139,4181228566172866,4181228566252105,4727
1205,"loop_slice_fusion_1.kd",2,8,1412,1261566,1261566,16,16,0,0,20,4,16,64,"0x0","0x7faafa589040",4181228565986370,4181228566172866,4181228566177593,4181228566239426,4727
1206,"input_concatenate_fusion_1.kd",2,8,1413,1261566,1261566,4096,256,0,0,8,0,32,64,"0x0","0x7faafa5891c0",4181228566086519,4181228566177593,4181228566183401,4181228566189642,5808
1207,"loop_compare_fusion_1.kd",2,8,1414,1261566,1261566,8192,256,0,0,4,4,16,64,"0x0","0x7faafa589200",4181228566098296,4181228566183401,4181228566188409,4181228566197274,5008
1208,"input_reduce_reduce_window_fusion_1.kd",2,8,1415,1261566,1261566,512,512,512,0,20,4,48,64,"0x0","0x7faafa589240",4181228566133839,4181228566188409,4181228566204793,4181228566259075,16384
1209,"loop_reduce_window_fusion_8.kd",2,8,1416,1261566,1261566,32,32,0,0,32,0,16,64,"0x0","0x7faafa589280",4181228566177634,4181228566245734,4181228566254707,4181228566267899,8973
1210,"loop_broadcast_fusion_1.kd",2,8,1417,1261566,1261566,8192,256,0,0,4,4,16,64,"0x0","0x7faafa5892c0",4181228566249081,4181228566259635,4181228566262559,4181228566273106,2924
1211,"input_scatter_fusion_1.kd",2,8,1418,1261566,1261566,8192,256,0,0,8,0,32,64,"0x0","0x7faafa589300",4181228566259236,4181228566273575,4181228566280105,4181228566283442,6530
1212,"loop_reduce_window_fusion_7.kd",2,8,1419,1261566,1261566,8192,256,0,0,8,0,16,64,"0x0","0x7faafa589340",4181228566274308,4181228566289038,4181228566293124,4181228566300407,4086
1213,"loop_reduce_window_fusion_6.kd",2,8,1420,1261566,1261566,512,256,0,0,8,0,16,64,"0x0","0x7faafa589380",4181228566288219,4181228566299734,4181228566305102,4181228566309641,5368
1214,"loop_reduce_window_fusion_5.kd",2,8,1421,1261566,1261566,32,32,0,0,8,0,16,64,"0x0","0x7faafa5893c0",4181228566298694,4181228566315277,4181228566319604,4181228566341007,4327
1215,"loop_select_fusion_5.kd",2,8,1422,1261566,1261566,8192,256,0,0,8,0,32,64,"0x0","0x7faafa589400",4181228566339165,4181228566355698,4181228566359303,4181228566360236,3605
1216,"loop_select_fusion_1.kd",2,8,1423,1261566,1261566,8192,256,0,0,8,0,16,64,"0x0","0x7faafa589440",4181228566355619,4181228566365272,4181228566368156,4181228566368518,2884
1217,"loop_broadcast_fusion_4.kd",2,8,1424,1261566,1261566,16,16,0,0,4,4,16,64,"0x0","0x7faafa589480",4181228566363901,4181228566373524,4181228566375367,4181228566376490,1843
1218,"__amd_rocclr_fillBufferAligned.kd",2,8,1425,1261566,1261566,77824,256,0,0,12,4,48,64,"0x0","0x7fc36f653580",4181228566376490,4181228566392592,4181228566406573,4181228566407727,13981
1219,"__amd_rocclr_fillBufferAligned.kd",2,8,1426,1261566,1261566,16128,256,0,0,12,4,48,64,"0x0","0x7fc36f653580",4181228566390271,4181228566406573,4181228566411460,4181228566413395,4887
1220,"transformer_engine::fused_attn_rocm::populate_rng_state_kernel(long*, long const*, long) [clone .kd]",2,8,1427,1261566,1261566,1,1,0,0,8,0,16,64,"0x0","0x7faafa5a5380",4181228566401197,4181228566411460,4181228566415587,4181228566423079,4127
1221,"__amd_rocclr_fillBufferAligned.kd",2,8,1428,1261566,1261566,256,256,0,0,12,4,48,64,"0x0","0x7fc36f653580",4181228566410801,4181228566420354,4181228566422437,4181228566428427,2083
1222,"ck_fused_attn::get_runtime_max_seqlen_kernel(unsigned long, int const*, int const*, unsigned long*) [clone .kd]",2,8,1429,1261566,1261566,4096,128,0,0,4,4,32,64,"0x0","0x7faafa570940",4181228566419204,4181228566428486,4181228566434254,4181228566437411,5768
1223,"__amd_rocclr_copyBuffer.kd",2,8,1430,1261566,1261566,512,512,0,0,16,0,32,64,"0x7feb7cde8d80","0x7fc36f653600",4181228566428588,4181228566445391,4181228566452121,4181228566454506,6730
1224,"__amd_rocclr_fillBufferAligned.kd",2,8,1432,1261566,1261566,256,256,0,0,12,4,48,64,"0x0","0x7fc36f653580",4181228566473314,4181228566482126,4181228566484129,4181228566510890,2003
1225,"ck_fused_attn::get_runtime_max_seqlen_kernel(unsigned long, int const*, int const*, unsigned long*) [clone .kd]",2,8,1433,1261566,1261566,4096,128,0,0,4,4,32,64,"0x0","0x7faafa570940",4181228566484240,4181228566492621,4181228566501635,4181228566521336,9014
1226,"__amd_rocclr_copyBuffer.kd",2,8,1434,1261566,1261566,512,512,0,0,16,0,32,64,"0x7feb7cde8c80","0x7fc36f653600",4181228566491711,4181228566501635,4181228566507083,4181228566516508,5448
1227,"void transformer_engine::fused_attn_rocm::compute_scores_kernel<hip_bfloat16, transformer_engine::fused_attn_rocm::SmallSeqConfig<4, 128, 256, false, (transformer_engine::fused_attn_rocm::CausalMaskType)0>, 1>(hip_bfloat16 const*, hip_bfloat16 const*, hip_bfloat16*, float, int const*, int const*, int, int) [clone .kd]",2,8,1436,1261566,1261566,64000,64,0,0,112,0,32,64,"0x0","0x7faaf354f440",4181228566532412,4181228566549586,4181228566568855,4181228566570489,19269
1228,"void transformer_engine::fused_attn_rocm::apply_mask_and_softmax_kernel<hip_bfloat16, transformer_engine::fused_attn_rocm::SmallSeqConfig<4, 128, 256, false, (transformer_engine::fused_attn_rocm::CausalMaskType)0> >(hip_bfloat16*, hip_bfloat16 const*, float, int const*, int, int) [clone .kd]",2,8,1437,1261566,1261566,256000,256,1024,0,12,4,16,64,"0x0","0x7faaf354f480",4181228566548386,4181228566568855,4181228566573982,4181228566584650,5127
1229,"void transformer_engine::fused_attn_rocm::compute_output_kernel<hip_bfloat16, transformer_engine::fused_attn_rocm::SmallSeqConfig<4, 128, 256, false, (transformer_engine::fused_attn_rocm::CausalMaskType)0>, 2, 8>(hip_bfloat16 const*, hip_bfloat16 const*, hip_bfloat16*, int const*, int const*, int, int) [clone .kd]",2,8,1438,1261566,1261566,512000,64,8192,0,28,4,48,64,"0x0","0x7faaf354f4c0",4181228566556678,4181228566573982,4181228566622374,4181228566622436,48392
1230,"loop_broadcast_fusion_5.kd",2,8,1439,1261566,1261566,2048000,256,0,0,4,4,16,64,"0x0","0x7faafa5894c0",4181228566566272,4181228566622374,4181228566630707,4181228566632170,8333
1231,"__amd_rocclr_fillBufferAligned.kd",2,8,1440,1261566,1261566,77824,256,0,0,12,4,48,64,"0x0","0x7fc36f653580",4181228566579983,4181228566630707,4181228566637557,4181228566637578,6850
1232,"__amd_rocclr_fillBufferAligned.kd",2,8,1441,1261566,1261566,77824,256,0,0,12,4,48,64,"0x0","0x7fc36f653580",4181228566598030,4181228566637557,4181228566650576,4181228566658840,13019
1233,"__amd_rocclr_fillBufferAligned.kd",2,8,1442,1261566,1261566,77824,256,0,0,12,4,48,64,"0x0","0x7fc36f653580",4181228566605250,4181228566650576,4181228566663635,4181228566672871,13059
1234,"__amd_rocclr_fillBufferAligned.kd",2,8,1443,1261566,1261566,256,256,0,0,12,4,48,64,"0x0","0x7fc36f653580",4181228566613793,4181228566663635,4181228566668403,4181228566668434,4768
1235,"ck_fused_attn::get_runtime_max_seqlen_kernel(unsigned long, int const*, int const*, unsigned long*) [clone .kd]",2,8,1444,1261566,1261566,4096,128,0,0,4,4,32,64,"0x0","0x7faafa570940",4181228566620213,4181228566668403,4181228566674412,4181228566679250,6009
1236,"__amd_rocclr_copyBuffer.kd",2,8,1445,1261566,1261566,512,512,0,0,16,0,32,64,"0x7feb7cde8b80","0x7fc36f653600",4181228566637168,4181228566674412,4181228566680140,4181228566684648,5728
1237,"__amd_rocclr_fillBufferAligned.kd",2,8,1447,1261566,1261566,256,256,0,0,12,4,48,64,"0x0","0x7fc36f653580",4181228566702835,4181228566712228,4181228566714191,4181228566714683,1963
1238,"ck_fused_attn::get_runtime_max_seqlen_kernel(unsigned long, int const*, int const*, unsigned long*) [clone .kd]",2,8,1448,1261566,1261566,4096,128,0,0,4,4,32,64,"0x0","0x7faafa570940",4181228566710577,4181228566723164,4181228566728852,4181228566730817,5688
1239,"__amd_rocclr_copyBuffer.kd",2,8,1449,1261566,1261566,512,512,0,0,16,0,32,64,"0x7feb7cc73b00","0x7fc36f653600",4181228566721623,4181228566733700,4181228566738827,4181228566746671,5127
1240,"void transformer_engine::fused_attn_rocm::compute_grad_v_kernel<hip_bfloat16, transformer_engine::fused_attn_rocm::SmallSeqConfig<4, 128, 256, false, (transformer_engine::fused_attn_rocm::CausalMaskType)0>, 16, 16>(hip_bfloat16 const*, hip_bfloat16 const*, hip_bfloat16*, int const*, int const*, int, int) [clone .kd]",2,8,1451,1261566,1261566,256000,64,8192,0,32,0,48,64,"0x0","0x7faaf3550f00",4181228566761763,4181228566772598,4181228566888049,4181228566889713,115451
1241,"void transformer_engine::fused_attn_rocm::compute_grad_attn_kernel<hip_bfloat16, transformer_engine::fused_attn_rocm::SmallSeqConfig<4, 128, 256, false, (transformer_engine::fused_attn_rocm::CausalMaskType)0>, 16>(hip_bfloat16 const*, hip_bfloat16 const*, hip_bfloat16*, int const*, int const*, int, int) [clone .kd]",2,8,1452,1261566,1261566,8000,64,0,0,116,4,48,64,"0x0","0x7faaf3550f40",4181228566770366,4181228566888049,4181228567039795,4181228567040898,151746
1242,"void transformer_engine::fused_attn_rocm::softmax_backward_kernel<hip_bfloat16, transformer_engine::fused_attn_rocm::SmallSeqConfig<4, 128, 256, false, (transformer_engine::fused_attn_rocm::CausalMaskType)0> >(hip_bfloat16 const*, hip_bfloat16 const*, hip_bfloat16*, float, int const*, int, int) [clone .kd]",2,8,1453,1261566,1261566,256000,256,1024,0,12,4,16,64,"0x0","0x7faaf3550f80",4181228566779159,4181228567039795,4181228567045604,4181228567048530,5809
1243,"void transformer_engine::fused_attn_rocm::compute_grad_qk_kernel<hip_bfloat16, transformer_engine::fused_attn_rocm::SmallSeqConfig<4, 128, 256, false, (transformer_engine::fused_attn_rocm::CausalMaskType)0>, 4, 16>(hip_bfloat16 const*, hip_bfloat16 const*, hip_bfloat16 const*, hip_bfloat16*, hip_bfloat16*, float, int const*, int const*, int, int) [clone .kd]",2,8,1454,1261566,1261566,1024000,64,8192,0,36,4,48,64,"0x0","0x7faaf3550fc0",4181228566787121,4181228567045604,4181228567170029,4181228567180927,124425
1244,"input_reduce_fusion.kd",2,8,1455,1261566,1261566,524288,256,512,0,16,0,16,64,"0x0","0x7faafa589500",4181228566796064,4181228567170029,4181228567177039,4181228567189439,7010
1245,"input_reduce_fusion_2.kd",2,8,1456,1261566,1261566,128,128,512,0,24,0,16,64,"0x0","0x7faafa589540",4181228566804106,4181228567177039,4181228567182687,4181228567195438,5648
1246,"loop_convert_fusion.kd",2,8,1457,1261566,1261566,1,1,0,0,4,4,16,64,"0x0","0x7faafa589580",4181228566811187,4181228567182687,4181228567186814,4181228567201077,4127
1247,"loop_compare_fusion.kd",2,8,1460,1261566,1261566,16128,256,0,0,4,4,16,64,"0x0","0x7faafa588b00",4181228566902162,4181228567199192,4181228567205001,4181228567208638,5809
1248,"input_reduce_reduce_window_fusion_2.kd",2,8,1461,1261566,1261566,1024,1024,512,0,20,4,48,64,"0x0","0x7faafa588b40",4181228566911185,4181228567205001,4181228567229437,4181228567230060,24436
1249,"loop_reduce_window_fusion_16.kd",2,8,1462,1261566,1261566,1024,256,0,0,8,0,16,64,"0x0","0x7faafa588b80",4181228566919187,4181228567229437,4181228567235326,4181228567241967,5889
1250,"loop_reduce_window_fusion_15.kd",2,8,1463,1261566,1261566,64,64,0,0,8,0,16,64,"0x0","0x7faafa588bc0",4181228566926819,4181228567235326,4181228567239973,4181228567248167,4647
1251,"loop_broadcast_fusion_2.kd",2,8,1464,1261566,1261566,16128,256,0,0,4,4,16,64,"0x0","0x7faafa588c00",4181228566934280,4181228567239973,4181228567244820,4181228567254356,4847
1252,"input_scatter_fusion_2.kd",2,8,1465,1261566,1261566,16128,256,0,0,12,4,32,64,"0x0","0x7faafa588c40",4181228566942842,4181228567244820,4181228567249467,4181228567260074,4647
1253,"loop_reduce_window_fusion_14.kd",2,8,1466,1261566,1261566,16128,256,0,0,8,0,16,64,"0x0","0x7faafa588c80",4181228566950944,4181228567249467,4181228567254234,4181228567269328,4767
1254,"loop_reduce_window_fusion_16.kd",2,8,1467,1261566,1261566,1024,256,0,0,8,0,16,64,"0x0","0x7faafa588b80",4181228566958105,4181228567254234,4181228567259321,4181228567276008,5087
1255,"loop_reduce_window_fusion_15.kd",2,8,1468,1261566,1261566,64,64,0,0,8,0,16,64,"0x0","0x7faafa588bc0",4181228566965146,4181228567259321,4181228567263928,4181228567281997,4607
1256,"loop_select_fusion_4.kd",2,8,1469,1261566,1261566,16128,256,0,0,12,4,32,64,"0x0","0x7faafa588cc0",4181228566972356,4181228567263928,4181228567268816,4181228567287856,4888
1257,"loop_select_fusion_2.kd",2,8,1470,1261566,1261566,16128,256,0,0,4,4,16,64,"0x0","0x7faafa588d00",4181228566979817,4181228567268816,4181228567273502,4181228567293584,4686
1258,"loop_reduce_window_fusion_14.kd",2,8,1471,1261566,1261566,16128,256,0,0,8,0,16,64,"0x0","0x7faafa588c80",4181228566987208,4181228567273502,4181228567278230,4181228567299413,4728
1259,"loop_reduce_window_fusion_16.kd",2,8,1472,1261566,1261566,1024,256,0,0,8,0,16,64,"0x0","0x7faafa588b80",4181228566994269,4181228567278230,4181228567282997,4181228567305281,4767
1260,"loop_reduce_window_fusion_15.kd",2,8,1473,1261566,1261566,64,64,0,0,8,0,16,64,"0x0","0x7faafa588bc0",4181228567000939,4181228567282997,4181228567287644,4181228567311451,4647
1261,"input_concatenate_fusion.kd",2,8,1474,1261566,1261566,16128,256,0,0,12,4,32,64,"0x0","0x7faafa588d40",4181228567008560,4181228567287644,4181228567292611,4181228567317139,4967
1262,"input_reduce_reduce_window_fusion.kd",2,8,1475,1261566,1261566,8192,256,0,0,24,0,48,64,"0x0","0x7faafa588d80",4181228567015450,4181228567292611,4181228567302225,4181228567350569,9614
1263,"loop_reduce_window_fusion_4.kd",2,8,1476,1261566,1261566,1280,256,0,0,8,0,16,64,"0x0","0x7faafa588dc0",4181228567022982,4181228567302225,4181228567307153,4181228567338220,4928
1264,"loop_reduce_window_fusion_3.kd",2,8,1477,1261566,1261566,80,80,0,0,8,0,16,64,"0x0","0x7faafa588e00",4181228567029772,4181228567307153,4181228567311840,4181228567328526,4687
1265,"loop_broadcast_fusion.kd",2,8,1478,1261566,1261566,20224,256,0,0,4,4,16,64,"0x0","0x7faafa588e40",4181228567037243,4181228567311840,4181228567316847,4181228567322717,5007
1266,"input_scatter_fusion.kd",2,8,1479,1261566,1261566,20224,256,0,0,12,4,32,64,"0x0","0x7faafa588e80",4181228567044534,4181228567316847,4181228567321494,4181228567358541,4647
1267,"loop_reduce_window_fusion_2.kd",2,8,1480,1261566,1261566,20224,256,0,0,8,0,16,64,"0x0","0x7faafa588ec0",4181228567053447,4181228567321494,4181228567326261,4181228567364740,4767
1268,"loop_reduce_window_fusion_4.kd",2,8,1481,1261566,1261566,1280,256,0,0,8,0,16,64,"0x0","0x7faafa588dc0",4181228567061058,4181228567326261,4181228567331349,4181228567370318,5088
1269,"loop_reduce_window_fusion_3.kd",2,8,1482,1261566,1261566,80,80,0,0,8,0,16,64,"0x0","0x7faafa588e00",4181228567068169,4181228567331349,4181228567336076,4181228567375386,4727
1270,"loop_remainder_fusion.kd",2,8,1483,1261566,1261566,20224,256,0,0,12,4,32,64,"0x0","0x7faafa588f00",4181228567075560,4181228567336076,4181228567340963,4181228567380784,4887
1271,"input_reduce_fusion_1.kd",2,8,1484,1261566,1261566,64,64,0,0,8,0,16,64,"0x0","0x7faafa588f40",4181228567083151,4181228567340963,4181228567345610,4181228567386382,4647
1272,"loop_select_fusion.kd",2,8,1485,1261566,1261566,20224,256,0,0,8,0,32,64,"0x0","0x7faafa588f80",4181228567091123,4181228567345610,4181228567350577,4181228567392391,4967
1273,"loop_compare_fusion_2.kd",2,8,1486,1261566,1261566,4096,256,0,0,4,4,16,64,"0x0","0x7faafa588fc0",4181228567097803,4181228567350577,4181228567355545,4181228567398480,4968
1274,"input_reduce_reduce_window_fusion_3.kd",2,8,1487,1261566,1261566,256,256,512,0,20,4,32,64,"0x0","0x7faafa589000",4181228567105204,4181228567355545,4181228567371168,4181228567404068,15623
1275,"loop_slice_fusion_1.kd",2,8,1488,1261566,1261566,16,16,0,0,20,4,16,64,"0x0","0x7faafa589040",4181228567112044,4181228567371168,4181228567375935,4181228567409587,4767
1276,"loop_broadcast_fusion_3.kd",2,8,1489,1261566,1261566,4096,256,0,0,4,4,16,64,"0x0","0x7faafa589080",4181228567119726,4181228567375935,4181228567380902,4181228567432931,4967
1277,"input_scatter_fusion_3.kd",2,8,1490,1261566,1261566,4096,256,0,0,8,0,32,64,"0x0","0x7faafa5890c0",4181228567126716,4181228567380902,4181228567386951,4181228567444559,6049
1278,"loop_reduce_window_fusion_18.kd",2,8,1491,1261566,1261566,4096,256,0,0,8,0,16,64,"0x0","0x7faafa589100",4181228567134578,4181228567386951,4181228567391798,4181228567449987,4847
1279,"loop_slice_fusion_1.kd",2,8,1492,1261566,1261566,16,16,0,0,20,4,16,64,"0x0","0x7faafa589040",4181228567142469,4181228567391798,4181228567396606,4181228567455565,4808
1280,"loop_remainder_fusion_1.kd",2,8,1493,1261566,1261566,4096,256,0,0,12,4,16,64,"0x0","0x7faafa589140",4181228567149810,4181228567396606,4181228567403656,4181228567460923,7050
1281,"loop_select_fusion_3.kd",2,8,1494,1261566,1261566,4096,256,0,0,8,0,32,64,"0x0","0x7faafa589180",4181228567158473,4181228567403656,4181228567408423,4181228567466391,4767
1282,"loop_reduce_window_fusion_18.kd",2,8,1495,1261566,1261566,4096,256,0,0,8,0,16,64,"0x0","0x7faafa589100",4181228567165233,4181228567408423,4181228567413230,4181228567414814,4807
1283,"loop_slice_fusion_1.kd",2,8,1496,1261566,1261566,16,16,0,0,20,4,16,64,"0x0","0x7faafa589040",4181228567173516,4181228567413230,4181228567417997,4181228567420333,4767
1284,"input_concatenate_fusion_1.kd",2,8,1497,1261566,1261566,4096,256,0,0,8,0,32,64,"0x0","0x7faafa5891c0",4181228567180286,4181228567417997,4181228567423926,4181228567427263,5929
1285,"loop_compare_fusion_1.kd",2,8,1498,1261566,1261566,8192,256,0,0,4,4,16,64,"0x0","0x7faafa589200",4181228567217110,4181228567423926,4181228567428934,4181228567438790,5008
1286,"input_reduce_reduce_window_fusion_1.kd",2,8,1499,1261566,1261566,512,512,512,0,20,4,48,64,"0x0","0x7faafa589240",4181228567226224,4181228567428934,4181228567445478,4181228567505289,16544
1287,"loop_reduce_window_fusion_8.kd",2,8,1500,1261566,1261566,32,32,0,0,32,0,16,64,"0x0","0x7faafa589280",4181228567236129,4181228567445478,4181228567455333,4181228567474723,9855
1288,"loop_broadcast_fusion_1.kd",2,8,1501,1261566,1261566,8192,256,0,0,4,4,16,64,"0x0","0x7faafa5892c0",4181228567347144,4181228567455333,4181228567459619,4181228567499901,4286
1289,"input_scatter_fusion_1.kd",2,8,1502,1261566,1261566,8192,256,0,0,8,0,32,64,"0x0","0x7faafa589300",4181228567356678,4181228567480811,4181228567487421,4181228567493932,6610
1290,"loop_reduce_window_fusion_7.kd",2,8,1503,1261566,1261566,8192,256,0,0,8,0,16,64,"0x0","0x7faafa589340",4181228567487813,4181228567519749,4181228567523955,4181228567525098,4206
1291,"loop_reduce_window_fusion_6.kd",2,8,1504,1261566,1261566,512,256,0,0,8,0,16,64,"0x0","0x7faafa589380",4181228567520812,4181228567530965,4181228567536253,4181228567536265,5288
1292,"loop_reduce_window_fusion_5.kd",2,8,1505,1261566,1261566,32,32,0,0,8,0,16,64,"0x0","0x7faafa5893c0",4181228567529375,4181228567540259,4181228567543224,4181228567568453,2965
1293,"loop_select_fusion_5.kd",2,8,1506,1261566,1261566,8192,256,0,0,8,0,32,64,"0x0","0x7faafa589400",4181228567565519,4181228567574831,4181228567578116,4181228567578017,3285
1294,"loop_select_fusion_1.kd",2,8,1507,1261566,1261566,8192,256,0,0,8,0,16,64,"0x0","0x7faafa589440",4181228567573811,4181228567583003,4181228567585567,4181228567586380,2564
1295,"loop_broadcast_fusion_4.kd",2,8,1508,1261566,1261566,16,16,0,0,4,4,16,64,"0x0","0x7faafa589480",4181228567581863,4181228567591936,4181228567593579,4181228567594462,1643
1296,"__amd_rocclr_fillBufferAligned.kd",2,8,1509,1261566,1261566,77824,256,0,0,12,4,48,64,"0x0","0x7fc36f653580",4181228567595583,4181228567609522,4181228567623463,4181228567626049,13941
1297,"__amd_rocclr_fillBufferAligned.kd",2,8,1510,1261566,1261566,16128,256,0,0,12,4,48,64,"0x0","0x7fc36f653580",4181228567606960,4181228567623463,4181228567628951,4181228567632408,5488
1298,"transformer_engine::fused_attn_rocm::populate_rng_state_kernel(long*, long const*, long) [clone .kd]",2,8,1511,1261566,1261566,1,1,0,0,8,0,16,64,"0x0","0x7faafa5a5380",4181228567618207,4181228567628951,4181228567633077,4181228567641542,4126
1299,"__amd_rocclr_fillBufferAligned.kd",2,8,1512,1261566,1261566,256,256,0,0,12,4,48,64,"0x0","0x7fc36f653580",4181228567628222,4181228567637404,4181228567639327,4181228567646890,1923
1300,"ck_fused_attn::get_runtime_max_seqlen_kernel(unsigned long, int const*, int const*, unsigned long*) [clone .kd]",2,8,1513,1261566,1261566,4096,128,0,0,4,4,32,64,"0x0","0x7faafa570940",4181228567635843,4181228567646177,4181228567651745,4181228567655132,5568
1301,"__amd_rocclr_copyBuffer.kd",2,8,1514,1261566,1261566,512,512,0,0,16,0,32,64,"0x7feb7cde8880","0x7fc36f653600",4181228567645698,4181228567662922,4181228567669932,4181228567671306,7010
1302,"__amd_rocclr_fillBufferAligned.kd",2,8,1516,1261566,1261566,256,256,0,0,12,4,48,64,"0x0","0x7fc36f653580",4181228567688772,4181228567698855,4181228567700778,4181228567733859,1923
1303,"ck_fused_attn::get_runtime_max_seqlen_kernel(unsigned long, int const*, int const*, unsigned long*) [clone .kd]",2,8,1517,1261566,1261566,4096,128,0,0,4,4,32,64,"0x0","0x7faafa570940",4181228567700990,4181228567710112,4181228567715840,4181228567747139,5728
1304,"__amd_rocclr_copyBuffer.kd",2,8,1518,1261566,1261566,512,512,0,0,16,0,32,64,"0x7feb7cde8780","0x7fc36f653600",4181228567711596,4181228567720688,4181228567727017,4181228567742211,6329
1305,"void transformer_engine::fused_attn_rocm::compute_scores_kernel<hip_bfloat16, transformer_engine::fused_attn_rocm::SmallSeqConfig<4, 128, 256, false, (transformer_engine::fused_attn_rocm::CausalMaskType)0>, 1>(hip_bfloat16 const*, hip_bfloat16 const*, hip_bfloat16*, float, int const*, int const*, int, int) [clone .kd]",2,8,1520,1261566,1261566,64000,64,0,0,112,0,32,64,"0x0","0x7faaf354f440",4181228567757905,4181228567767557,4181228567786265,4181228567786177,18708
1306,"void transformer_engine::fused_attn_rocm::apply_mask_and_softmax_kernel<hip_bfloat16, transformer_engine::fused_attn_rocm::SmallSeqConfig<4, 128, 256, false, (transformer_engine::fused_attn_rocm::CausalMaskType)0> >(hip_bfloat16*, hip_bfloat16 const*, float, int const*, int, int) [clone .kd]",2,8,1521,1261566,1261566,256000,256,1024,0,12,4,16,64,"0x0","0x7faaf354f480",4181228567766558,4181228567786265,4181228567791673,4181228567793848,5408
1307,"void transformer_engine::fused_attn_rocm::compute_output_kernel<hip_bfloat16, transformer_engine::fused_attn_rocm::SmallSeqConfig<4, 128, 256, false, (transformer_engine::fused_attn_rocm::CausalMaskType)0>, 2, 8>(hip_bfloat16 const*, hip_bfloat16 const*, hip_bfloat16*, int const*, int const*, int, int) [clone .kd]",2,8,1522,1261566,1261566,512000,64,8192,0,28,4,48,64,"0x0","0x7faaf354f4c0",4181228567774710,4181228567791673,4181228567844392,4181228567849962,52719
1308,"loop_broadcast_fusion_5.kd",2,8,1523,1261566,1261566,2048000,256,0,0,4,4,16,64,"0x0","0x7faafa5894c0",4181228567790093,4181228567844392,4181228567852604,4181228567858384,8212
1309,"__amd_rocclr_fillBufferAligned.kd",2,8,1524,1261566,1261566,77824,256,0,0,12,4,48,64,"0x0","0x7fc36f653580",4181228567813517,4181228567852604,4181228567859374,4181228567869390,6770
1310,"__amd_rocclr_fillBufferAligned.kd",2,8,1525,1261566,1261566,77824,256,0,0,12,4,48,64,"0x0","0x7fc36f653580",4181228567820107,4181228567859374,4181228567872433,4181228567874488,13059
1311,"__amd_rocclr_fillBufferAligned.kd",2,8,1526,1261566,1261566,77824,256,0,0,12,4,48,64,"0x0","0x7fc36f653580",4181228567827638,4181228567872433,4181228567885413,4181228567898995,12980
1312,"__amd_rocclr_fillBufferAligned.kd",2,8,1527,1261566,1261566,256,256,0,0,12,4,48,64,"0x0","0x7fc36f653580",4181228567835180,4181228567885413,4181228567890100,4181228567892224,4687
1313,"ck_fused_attn::get_runtime_max_seqlen_kernel(unsigned long, int const*, int const*, unsigned long*) [clone .kd]",2,8,1528,1261566,1261566,4096,128,0,0,4,4,32,64,"0x0","0x7faafa570940",4181228567842621,4181228567890100,4181228567896068,4181228567903321,5968
1314,"__amd_rocclr_copyBuffer.kd",2,8,1529,1261566,1261566,512,512,0,0,16,0,32,64,"0x7feb7cde8680","0x7fc36f653600",4181228567849771,4181228567896068,4181228567901436,4181228567909751,5368
1315,"__amd_rocclr_fillBufferAligned.kd",2,8,1531,1261566,1261566,256,256,0,0,12,4,48,64,"0x0","0x7fc36f653580",4181228567925925,4181228567938932,4181228567940895,4181228567946826,1963
1316,"ck_fused_attn::get_runtime_max_seqlen_kernel(unsigned long, int const*, int const*, unsigned long*) [clone .kd]",2,8,1532,1261566,1261566,4096,128,0,0,4,4,32,64,"0x0","0x7faafa570940",4181228567937342,4181228567947865,4181228567953634,4181228567953566,5769
1317,"__amd_rocclr_copyBuffer.kd",2,8,1533,1261566,1261566,512,512,0,0,16,0,32,64,"0x7feb7cde8580","0x7fc36f653600",4181228567946365,4181228567968937,4181228567975547,4181228567979825,6610
1318,"void transformer_engine::fused_attn_rocm::compute_grad_v_kernel<hip_bfloat16, transformer_engine::fused_attn_rocm::SmallSeqConfig<4, 128, 256, false, (transformer_engine::fused_attn_rocm::CausalMaskType)0>, 16, 16>(hip_bfloat16 const*, hip_bfloat16 const*, hip_bfloat16*, int const*, int const*, int, int) [clone .kd]",2,8,1535,1261566,1261566,256000,64,8192,0,32,0,48,64,"0x0","0x7faaf3550f00",4181228567996409,4181228568009277,4181228568121243,4181228568124560,111966
1319,"void transformer_engine::fused_attn_rocm::compute_grad_attn_kernel<hip_bfloat16, transformer_engine::fused_attn_rocm::SmallSeqConfig<4, 128, 256, false, (transformer_engine::fused_attn_rocm::CausalMaskType)0>, 16>(hip_bfloat16 const*, hip_bfloat16 const*, hip_bfloat16*, int const*, int const*, int, int) [clone .kd]",2,8,1536,1261566,1261566,8000,64,0,0,116,4,48,64,"0x0","0x7faaf3550f40",4181228568007246,4181228568121243,4181228568273910,4181228568280422,152667
1320,"void transformer_engine::fused_attn_rocm::softmax_backward_kernel<hip_bfloat16, transformer_engine::fused_attn_rocm::SmallSeqConfig<4, 128, 256, false, (transformer_engine::fused_attn_rocm::CausalMaskType)0> >(hip_bfloat16 const*, hip_bfloat16 const*, hip_bfloat16*, float, int const*, int, int) [clone .kd]",2,8,1537,1261566,1261566,256000,256,1024,0,12,4,16,64,"0x0","0x7faaf3550f80",4181228568015027,4181228568273910,4181228568279639,4181228568287823,5729
1321,"void transformer_engine::fused_attn_rocm::compute_grad_qk_kernel<hip_bfloat16, transformer_engine::fused_attn_rocm::SmallSeqConfig<4, 128, 256, false, (transformer_engine::fused_attn_rocm::CausalMaskType)0>, 4, 16>(hip_bfloat16 const*, hip_bfloat16 const*, hip_bfloat16 const*, hip_bfloat16*, hip_bfloat16*, float, int const*, int const*, int, int) [clone .kd]",2,8,1538,1261566,1261566,1024000,64,8192,0,36,4,48,64,"0x0","0x7faaf3550fc0",4181228568022398,4181228568279639,4181228568403703,4181228568411286,124064
1322,"input_reduce_fusion.kd",2,8,1539,1261566,1261566,524288,256,512,0,16,0,16,64,"0x0","0x7faafa589500",4181228568031732,4181228568403703,4181228568411114,4181228568421081,7411
1323,"input_reduce_fusion_2.kd",2,8,1540,1261566,1261566,128,128,512,0,24,0,16,64,"0x0","0x7faafa589540",4181228568039564,4181228568411114,4181228568418565,4181228568426739,7451
1324,"loop_convert_fusion.kd",2,8,1541,1261566,1261566,1,1,0,0,4,4,16,64,"0x0","0x7faafa589580",4181228568046524,4181228568418565,4181228568424094,4181228568432588,5529
1325,"loop_compare_fusion.kd",2,8,1544,1261566,1261566,16128,256,0,0,4,4,16,64,"0x0","0x7faafa588b00",4181228568134985,4181228568437153,4181228568443202,4181228568445708,6049
1326,"input_reduce_reduce_window_fusion_2.kd",2,8,1545,1261566,1261566,1024,1024,512,0,20,4,48,64,"0x0","0x7faafa588b40",4181228568145161,4181228568443202,4181228568467438,4181228568467490,24236
1327,"loop_reduce_window_fusion_16.kd",2,8,1546,1261566,1261566,1024,256,0,0,8,0,16,64,"0x0","0x7faafa588b80",4181228568152532,4181228568467438,4181228568472285,4181228568478266,4847
1328,"loop_reduce_window_fusion_15.kd",2,8,1547,1261566,1261566,64,64,0,0,8,0,16,64,"0x0","0x7faafa588bc0",4181228568160443,4181228568472285,4181228568476972,4181228568484215,4687
1329,"loop_broadcast_fusion_2.kd",2,8,1548,1261566,1261566,16128,256,0,0,4,4,16,64,"0x0","0x7faafa588c00",4181228568168435,4181228568476972,4181228568481860,4181228568490274,4888
1330,"input_scatter_fusion_2.kd",2,8,1549,1261566,1261566,16128,256,0,0,12,4,32,64,"0x0","0x7faafa588c40",4181228568176828,4181228568481860,4181228568486466,4181228568496163,4606
1331,"loop_reduce_window_fusion_14.kd",2,8,1550,1261566,1261566,16128,256,0,0,8,0,16,64,"0x0","0x7faafa588c80",4181228568184339,4181228568486466,4181228568491274,4181228568501801,4808
1332,"loop_reduce_window_fusion_16.kd",2,8,1551,1261566,1261566,1024,256,0,0,8,0,16,64,"0x0","0x7faafa588b80",4181228568192661,4181228568491274,4181228568496241,4181228568507239,4967
1333,"loop_reduce_window_fusion_15.kd",2,8,1552,1261566,1261566,64,64,0,0,8,0,16,64,"0x0","0x7faafa588bc0",4181228568199451,4181228568496241,4181228568500888,4181228568515011,4647
1334,"loop_select_fusion_4.kd",2,8,1553,1261566,1261566,16128,256,0,0,12,4,32,64,"0x0","0x7faafa588cc0",4181228568207654,4181228568500888,4181228568505815,4181228568520659,4927
1335,"loop_select_fusion_2.kd",2,8,1554,1261566,1261566,16128,256,0,0,4,4,16,64,"0x0","0x7faafa588d00",4181228568226972,4181228568505815,4181228568510582,4181228568526418,4767
1336,"loop_reduce_window_fusion_14.kd",2,8,1555,1261566,1261566,16128,256,0,0,8,0,16,64,"0x0","0x7faafa588c80",4181228568233893,4181228568510582,4181228568515309,4181228568532737,4727
1337,"loop_reduce_window_fusion_16.kd",2,8,1556,1261566,1261566,1024,256,0,0,8,0,16,64,"0x0","0x7faafa588b80",4181228568240813,4181228568515309,4181228568520117,4181228568538175,4808
1338,"loop_reduce_window_fusion_15.kd",2,8,1557,1261566,1261566,64,64,0,0,8,0,16,64,"0x0","0x7faafa588bc0",4181228568248404,4181228568520117,4181228568524803,4181228568543954,4686
1339,"input_concatenate_fusion.kd",2,8,1558,1261566,1261566,16128,256,0,0,12,4,32,64,"0x0","0x7faafa588d40",4181228568255034,4181228568524803,4181228568529771,4181228568569992,4968
1340,"input_reduce_reduce_window_fusion.kd",2,8,1559,1261566,1261566,8192,256,0,0,24,0,48,64,"0x0","0x7faafa588d80",4181228568262665,4181228568529771,4181228568539465,4181228568564955,9694
1341,"loop_reduce_window_fusion_4.kd",2,8,1560,1261566,1261566,1280,256,0,0,8,0,16,64,"0x0","0x7faafa588dc0",4181228568269696,4181228568539465,4181228568544433,4181228568555571,4968
1342,"loop_reduce_window_fusion_3.kd",2,8,1561,1261566,1261566,80,80,0,0,8,0,16,64,"0x0","0x7faafa588e00",4181228568277287,4181228568544433,4181228568549120,4181228568549993,4687
1343,"loop_broadcast_fusion.kd",2,8,1562,1261566,1261566,20224,256,0,0,4,4,16,64,"0x0","0x7faafa588e40",4181228568284077,4181228568549120,4181228568554087,4181228568587468,4967
1344,"input_scatter_fusion.kd",2,8,1563,1261566,1261566,20224,256,0,0,12,4,32,64,"0x0","0x7faafa588e80",4181228568293671,4181228568554087,4181228568558814,4181228568594609,4727
1345,"loop_reduce_window_fusion_2.kd",2,8,1564,1261566,1261566,20224,256,0,0,8,0,16,64,"0x0","0x7faafa588ec0",4181228568302354,4181228568558814,4181228568563661,4181228568600097,4847
1346,"loop_reduce_window_fusion_4.kd",2,8,1565,1261566,1261566,1280,256,0,0,8,0,16,64,"0x0","0x7faafa588dc0",4181228568309335,4181228568563661,4181228568568789,4181228568581670,5128
1347,"loop_reduce_window_fusion_3.kd",2,8,1566,1261566,1261566,80,80,0,0,8,0,16,64,"0x0","0x7faafa588e00",4181228568316215,4181228568568789,4181228568573476,4181228568575711,4687
1348,"loop_remainder_fusion.kd",2,8,1567,1261566,1261566,20224,256,0,0,12,4,32,64,"0x0","0x7faafa588f00",4181228568323786,4181228568573476,4181228568578403,4181228568636531,4927
1349,"input_reduce_fusion_1.kd",2,8,1568,1261566,1261566,64,64,0,0,8,0,16,64,"0x0","0x7faafa588f40",4181228568330747,4181228568578403,4181228568583130,4181228568630733,4727
1350,"loop_select_fusion.kd",2,8,1569,1261566,1261566,20224,256,0,0,8,0,32,64,"0x0","0x7faafa588f80",4181228568338558,4181228568583130,4181228568588017,4181228568624293,4887
1351,"loop_compare_fusion_2.kd",2,8,1570,1261566,1261566,4096,256,0,0,4,4,16,64,"0x0","0x7faafa588fc0",4181228568345869,4181228568588017,4181228568592865,4181228568608520,4848
1352,"input_reduce_reduce_window_fusion_3.kd",2,8,1571,1261566,1261566,256,256,512,0,20,4,32,64,"0x0","0x7faafa589000",4181228568353210,4181228568592865,4181228568608848,4181228568668619,15983
1353,"loop_slice_fusion_1.kd",2,8,1572,1261566,1261566,16,16,0,0,20,4,16,64,"0x0","0x7faafa589040",4181228568359730,4181228568608848,4181228568613896,4181228568674217,5048
1354,"loop_broadcast_fusion_3.kd",2,8,1573,1261566,1261566,4096,256,0,0,4,4,16,64,"0x0","0x7faafa589080",4181228568367141,4181228568613896,4181228568618743,4181228568662660,4847
1355,"input_scatter_fusion_3.kd",2,8,1574,1261566,1261566,4096,256,0,0,8,0,32,64,"0x0","0x7faafa5890c0",4181228568374482,4181228568618743,4181228568624832,4181228568657092,6089
1356,"loop_reduce_window_fusion_18.kd",2,8,1575,1261566,1261566,4096,256,0,0,8,0,16,64,"0x0","0x7faafa589100",4181228568380891,4181228568624832,4181228568629599,4181228568650893,4767
1357,"loop_slice_fusion_1.kd",2,8,1576,1261566,1261566,16,16,0,0,20,4,16,64,"0x0","0x7faafa589040",4181228568388252,4181228568629599,4181228568634406,4181228568644623,4807
1358,"loop_remainder_fusion_1.kd",2,8,1577,1261566,1261566,4096,256,0,0,12,4,16,64,"0x0","0x7faafa589140",4181228568395633,4181228568634406,4181228568641497,4181228568681318,7091
1359,"loop_select_fusion_3.kd",2,8,1578,1261566,1261566,4096,256,0,0,8,0,32,64,"0x0","0x7faafa589180",4181228568403885,4181228568641497,4181228568646264,4181228568686956,4767
1360,"loop_reduce_window_fusion_18.kd",2,8,1579,1261566,1261566,4096,256,0,0,8,0,16,64,"0x0","0x7faafa589100",4181228568410836,4181228568646264,4181228568651031,4181228568698113,4767
1361,"loop_slice_fusion_1.kd",2,8,1580,1261566,1261566,16,16,0,0,20,4,16,64,"0x0","0x7faafa589040",4181228568446819,4181228568651031,4181228568655798,4181228568692425,4767
1362,"input_concatenate_fusion_1.kd",2,8,1581,1261566,1261566,4096,256,0,0,8,0,32,64,"0x0","0x7faafa5891c0",4181228568456614,4181228568655798,4181228568661727,4181228568706135,5929
1363,"loop_compare_fusion_1.kd",2,8,1582,1261566,1261566,8192,256,0,0,4,4,16,64,"0x0","0x7faafa589200",4181228568464506,4181228568661727,4181228568666735,4181228568742319,5008
1364,"input_reduce_reduce_window_fusion_1.kd",2,8,1583,1261566,1261566,512,512,512,0,20,4,48,64,"0x0","0x7faafa589240",4181228568475362,4181228568666735,4181228568684000,4181228568753245,17265
1365,"loop_reduce_window_fusion_8.kd",2,8,1584,1261566,1261566,32,32,0,0,32,0,16,64,"0x0","0x7faafa589280",4181228568484335,4181228568684000,4181228568693134,4181228568718854,9134
1366,"loop_broadcast_fusion_1.kd",2,8,1585,1261566,1261566,8192,256,0,0,4,4,16,64,"0x0","0x7faafa5892c0",4181228568573458,4181228568693134,4181228568698181,4181228568736220,5047
1367,"input_scatter_fusion_1.kd",2,8,1586,1261566,1261566,8192,256,0,0,8,0,32,64,"0x0","0x7faafa589300",4181228568618164,4181228568698181,4181228568703710,4181228568747767,5529
1368,"loop_reduce_window_fusion_7.kd",2,8,1587,1261566,1261566,8192,256,0,0,8,0,16,64,"0x0","0x7faafa589340",4181228568651063,4181228568715407,4181228568719373,4181228568761457,3966
1369,"loop_reduce_window_fusion_6.kd",2,8,1588,1261566,1261566,512,256,0,0,8,0,16,64,"0x0","0x7faafa589380",4181228568714828,4181228568726744,4181228568732152,4181228568798572,5408
1370,"loop_reduce_window_fusion_5.kd",2,8,1589,1261566,1261566,32,32,0,0,8,0,16,64,"0x0","0x7faafa5893c0",4181228568726595,4181228568768045,4181228568772532,4181228568792293,4487
1371,"loop_select_fusion_5.kd",2,8,1590,1261566,1261566,8192,256,0,0,8,0,32,64,"0x0","0x7faafa589400",4181228568790761,4181228568814314,4181228568817759,4181228568820165,3445
1372,"loop_select_fusion_1.kd",2,8,1591,1261566,1261566,8192,256,0,0,8,0,16,64,"0x0","0x7faafa589440",4181228568813825,4181228568822807,4181228568825571,4181228568828427,2764
1373,"loop_broadcast_fusion_4.kd",2,8,1592,1261566,1261566,16,16,0,0,4,4,16,64,"0x0","0x7faafa589480",4181228568821416,4181228568831540,4181228568833182,4181228568833304,1642
1374,"__amd_rocclr_fillBufferAligned.kd",2,8,1593,1261566,1261566,77824,256,0,0,12,4,48,64,"0x0","0x7fc36f653580",4181228568835818,4181228568844960,4181228568859621,4181228568863950,14661
1375,"__amd_rocclr_fillBufferAligned.kd",2,8,1594,1261566,1261566,16128,256,0,0,12,4,48,64,"0x0","0x7fc36f653580",4181228568843089,4181228568859621,4181228568864429,4181228568870970,4808
1376,"transformer_engine::fused_attn_rocm::populate_rng_state_kernel(long*, long const*, long) [clone .kd]",2,8,1595,1261566,1261566,1,1,0,0,8,0,16,64,"0x0","0x7faafa5a5380",4181228568853234,4181228568864429,4181228568868635,4181228568879002,4206
1377,"__amd_rocclr_fillBufferAligned.kd",2,8,1596,1261566,1261566,256,256,0,0,12,4,48,64,"0x0","0x7fc36f653580",4181228568863529,4181228568886261,4181228568888184,4181228568894966,1923
1378,"ck_fused_attn::get_runtime_max_seqlen_kernel(unsigned long, int const*, int const*, unsigned long*) [clone .kd]",2,8,1597,1261566,1261566,4096,128,0,0,4,4,32,64,"0x0","0x7faafa570940",4181228568886483,4181228568909696,4181228568915505,4181228568916548,5809
1379,"__amd_rocclr_copyBuffer.kd",2,8,1598,1261566,1261566,512,512,0,0,16,0,32,64,"0x7feb7cde8380","0x7fc36f653600",4181228568909487,4181228568920752,4181228568925640,4181228568932171,4888
1380,"__amd_rocclr_fillBufferAligned.kd",2,8,1600,1261566,1261566,256,256,0,0,12,4,48,64,"0x0","0x7fc36f653580",4181228568948916,4181228568958008,4181228568960011,4181228568997669,2003
1381,"ck_fused_attn::get_runtime_max_seqlen_kernel(unsigned long, int const*, int const*, unsigned long*) [clone .kd]",2,8,1601,1261566,1261566,4096,128,0,0,4,4,32,64,"0x0","0x7faafa570940",4181228568958250,4181228568966741,4181228568972549,4181228569007764,5808
1382,"__amd_rocclr_copyBuffer.kd",2,8,1602,1261566,1261566,512,512,0,0,16,0,32,64,"0x7feb7cde8280","0x7fc36f653600",4181228568973432,4181228568982484,4181228568989014,4181228569003057,6530
1383,"void transformer_engine::fused_attn_rocm::compute_scores_kernel<hip_bfloat16, transformer_engine::fused_attn_rocm::SmallSeqConfig<4, 128, 256, false, (transformer_engine::fused_attn_rocm::CausalMaskType)0>, 1>(hip_bfloat16 const*, hip_bfloat16 const*, hip_bfloat16*, float, int const*, int const*, int, int) [clone .kd]",2,8,1604,1261566,1261566,64000,64,0,0,112,0,32,64,"0x0","0x7faaf354f440",4181228569019842,4181228569037526,4181228569055833,4181228569058529,18307
1384,"void transformer_engine::fused_attn_rocm::apply_mask_and_softmax_kernel<hip_bfloat16, transformer_engine::fused_attn_rocm::SmallSeqConfig<4, 128, 256, false, (transformer_engine::fused_attn_rocm::CausalMaskType)0> >(hip_bfloat16*, hip_bfloat16 const*, float, int const*, int, int) [clone .kd]",2,8,1605,1261566,1261566,256000,256,1024,0,12,4,16,64,"0x0","0x7faaf354f480",4181228569035365,4181228569055833,4181228569060881,4181228569066080,5048
1385,"void transformer_engine::fused_attn_rocm::compute_output_kernel<hip_bfloat16, transformer_engine::fused_attn_rocm::SmallSeqConfig<4, 128, 256, false, (transformer_engine::fused_attn_rocm::CausalMaskType)0>, 2, 8>(hip_bfloat16 const*, hip_bfloat16 const*, hip_bfloat16*, int const*, int const*, int, int) [clone .kd]",2,8,1606,1261566,1261566,512000,64,8192,0,28,4,48,64,"0x0","0x7faaf354f4c0",4181228569043587,4181228569060881,4181228569107270,4181228569117377,46389
1386,"loop_broadcast_fusion_5.kd",2,8,1607,1261566,1261566,2048000,256,0,0,4,4,16,64,"0x0","0x7faafa5894c0",4181228569052069,4181228569107270,4181228569115482,4181228569122985,8212
1387,"__amd_rocclr_fillBufferAligned.kd",2,8,1608,1261566,1261566,77824,256,0,0,12,4,48,64,"0x0","0x7fc36f653580",4181228569064899,4181228569115482,4181228569122252,4181228569128143,6770
1388,"__amd_rocclr_fillBufferAligned.kd",2,8,1609,1261566,1261566,77824,256,0,0,12,4,48,64,"0x0","0x7fc36f653580",4181228569078939,4181228569122252,4181228569135432,4181228569136014,13180
1389,"__amd_rocclr_fillBufferAligned.kd",2,8,1610,1261566,1261566,77824,256,0,0,12,4,48,64,"0x0","0x7fc36f653580",4181228569084818,4181228569135432,4181228569148411,4181228569151768,12979
1390,"__amd_rocclr_fillBufferAligned.kd",2,8,1611,1261566,1261566,256,256,0,0,12,4,48,64,"0x0","0x7fc36f653580",4181228569094462,4181228569148411,4181228569153098,4181228569158257,4687
1391,"ck_fused_attn::get_runtime_max_seqlen_kernel(unsigned long, int const*, int const*, unsigned long*) [clone .kd]",2,8,1612,1261566,1261566,4096,128,0,0,4,4,32,64,"0x0","0x7faafa570940",4181228569100742,4181228569153098,4181228569158987,4181228569165298,5889
1392,"__amd_rocclr_copyBuffer.kd",2,8,1613,1261566,1261566,512,512,0,0,16,0,32,64,"0x7feb7cc72f80","0x7fc36f653600",4181228569110837,4181228569158987,4181228569164675,4181228569171948,5688
1393,"__amd_rocclr_fillBufferAligned.kd",2,8,1615,1261566,1261566,256,256,0,0,12,4,48,64,"0x0","0x7fc36f653580",4181228569186730,4181228569199807,4181228569202011,4181228569203314,2204
1394,"ck_fused_attn::get_runtime_max_seqlen_kernel(unsigned long, int const*, int const*, unsigned long*) [clone .kd]",2,8,1616,1261566,1261566,4096,128,0,0,4,4,32,64,"0x0","0x7faafa570940",4181228569198798,4181228569208140,4181228569216672,4181228569222192,8532
1395,"__amd_rocclr_copyBuffer.kd",2,8,1617,1261566,1261566,512,512,0,0,16,0,32,64,"0x7feb7cde8200","0x7fc36f653600",4181228569207080,4181228569216672,4181228569222721,4181228569228342,6049
1396,"void transformer_engine::fused_attn_rocm::compute_grad_v_kernel<hip_bfloat16, transformer_engine::fused_attn_rocm::SmallSeqConfig<4, 128, 256, false, (transformer_engine::fused_attn_rocm::CausalMaskType)0>, 16, 16>(hip_bfloat16 const*, hip_bfloat16 const*, hip_bfloat16*, int const*, int const*, int, int) [clone .kd]",2,8,1619,1261566,1261566,256000,64,8192,0,32,0,48,64,"0x0","0x7faaf3550f00",4181228569243554,4181228569256932,4181228569365454,4181228569373027,108522
1397,"void transformer_engine::fused_attn_rocm::compute_grad_attn_kernel<hip_bfloat16, transformer_engine::fused_attn_rocm::SmallSeqConfig<4, 128, 256, false, (transformer_engine::fused_attn_rocm::CausalMaskType)0>, 16>(hip_bfloat16 const*, hip_bfloat16 const*, hip_bfloat16*, int const*, int const*, int, int) [clone .kd]",2,8,1620,1261566,1261566,8000,64,0,0,116,4,48,64,"0x0","0x7faaf3550f40",4181228569256994,4181228569365454,4181228569516318,4181228569519204,150864
1398,"void transformer_engine::fused_attn_rocm::softmax_backward_kernel<hip_bfloat16, transformer_engine::fused_attn_rocm::SmallSeqConfig<4, 128, 256, false, (transformer_engine::fused_attn_rocm::CausalMaskType)0> >(hip_bfloat16 const*, hip_bfloat16 const*, hip_bfloat16*, float, int const*, int, int) [clone .kd]",2,8,1621,1261566,1261566,256000,256,1024,0,12,4,16,64,"0x0","0x7faaf3550f80",4181228569264946,4181228569516318,4181228569522087,4181228569526285,5769
1399,"void transformer_engine::fused_attn_rocm::compute_grad_qk_kernel<hip_bfloat16, transformer_engine::fused_attn_rocm::SmallSeqConfig<4, 128, 256, false, (transformer_engine::fused_attn_rocm::CausalMaskType)0>, 4, 16>(hip_bfloat16 const*, hip_bfloat16 const*, hip_bfloat16 const*, hip_bfloat16*, hip_bfloat16*, float, int const*, int const*, int, int) [clone .kd]",2,8,1622,1261566,1261566,1024000,64,8192,0,36,4,48,64,"0x0","0x7faaf3550fc0",4181228569272077,4181228569522087,4181228569639501,4181228569652833,117414
1400,"input_reduce_fusion.kd",2,8,1623,1261566,1261566,524288,256,512,0,16,0,16,64,"0x0","0x7faafa589500",4181228569280339,4181228569639501,4181228569646912,4181228569662708,7411
1401,"input_reduce_fusion_2.kd",2,8,1624,1261566,1261566,128,128,512,0,24,0,16,64,"0x0","0x7faafa589540",4181228569287009,4181228569646912,4181228569651559,4181228569668656,4647
1402,"loop_convert_fusion.kd",2,8,1625,1261566,1261566,1,1,0,0,4,4,16,64,"0x0","0x7faafa589580",4181228569296273,4181228569651559,4181228569655685,4181228569674325,4126
1403,"loop_compare_fusion.kd",2,8,1628,1261566,1261566,16128,256,0,0,4,4,16,64,"0x0","0x7faafa588b00",4181228569385285,4181228569667463,4181228569673432,4181228569681996,5969
1404,"input_reduce_reduce_window_fusion_2.kd",2,8,1629,1261566,1261566,1024,1024,512,0,20,4,48,64,"0x0","0x7faafa588b40",4181228569395410,4181228569673432,4181228569699270,4181228569702947,25838
1405,"loop_reduce_window_fusion_16.kd",2,8,1630,1261566,1261566,1024,256,0,0,8,0,16,64,"0x0","0x7faafa588b80",4181228569403082,4181228569699270,4181228569705239,4181228569710068,5969
1406,"loop_reduce_window_fusion_15.kd",2,8,1631,1261566,1261566,64,64,0,0,8,0,16,64,"0x0","0x7faafa588bc0",4181228569410603,4181228569705239,4181228569710086,4181228569717129,4847
1407,"loop_broadcast_fusion_2.kd",2,8,1632,1261566,1261566,16128,256,0,0,4,4,16,64,"0x0","0x7faafa588c00",4181228569418364,4181228569710086,4181228569714893,4181228569723869,4807
1408,"input_scatter_fusion_2.kd",2,8,1633,1261566,1261566,16128,256,0,0,12,4,32,64,"0x0","0x7faafa588c40",4181228569427388,4181228569714893,4181228569719540,4181228569729807,4647
1409,"loop_reduce_window_fusion_14.kd",2,8,1634,1261566,1261566,16128,256,0,0,8,0,16,64,"0x0","0x7faafa588c80",4181228569435860,4181228569719540,4181228569724307,4181228569735616,4767
1410,"loop_reduce_window_fusion_16.kd",2,8,1635,1261566,1261566,1024,256,0,0,8,0,16,64,"0x0","0x7faafa588b80",4181228569443081,4181228569724307,4181228569729355,4181228569741264,5048
1411,"loop_reduce_window_fusion_15.kd",2,8,1636,1261566,1261566,64,64,0,0,8,0,16,64,"0x0","0x7faafa588bc0",4181228569450232,4181228569729355,4181228569733922,4181228569747233,4567
1412,"loop_select_fusion_4.kd",2,8,1637,1261566,1261566,16128,256,0,0,12,4,32,64,"0x0","0x7faafa588cc0",4181228569458965,4181228569733922,4181228569738809,4181228569752742,4887
1413,"loop_select_fusion_2.kd",2,8,1638,1261566,1261566,16128,256,0,0,4,4,16,64,"0x0","0x7faafa588d00",4181228569465294,4181228569738809,4181228569743576,4181228569760002,4767
1414,"loop_reduce_window_fusion_14.kd",2,8,1639,1261566,1261566,16128,256,0,0,8,0,16,64,"0x0","0x7faafa588c80",4181228569472595,4181228569743576,4181228569748303,4181228569765571,4727
1415,"loop_reduce_window_fusion_16.kd",2,8,1640,1261566,1261566,1024,256,0,0,8,0,16,64,"0x0","0x7faafa588b80",4181228569479225,4181228569748303,4181228569753110,4181228569771660,4807
1416,"loop_reduce_window_fusion_15.kd",2,8,1641,1261566,1261566,64,64,0,0,8,0,16,64,"0x0","0x7faafa588bc0",4181228569486766,4181228569753110,4181228569757717,4181228569777008,4607
1417,"input_concatenate_fusion.kd",2,8,1642,1261566,1261566,16128,256,0,0,12,4,32,64,"0x0","0x7faafa588d40",4181228569493806,4181228569757717,4181228569762684,4181228569797799,4967
1418,"input_reduce_reduce_window_fusion.kd",2,8,1643,1261566,1261566,8192,256,0,0,24,0,48,64,"0x0","0x7faafa588d80",4181228569501498,4181228569762684,4181228569772299,4181228569792310,9615
1419,"loop_reduce_window_fusion_4.kd",2,8,1644,1261566,1261566,1280,256,0,0,8,0,16,64,"0x0","0x7faafa588dc0",4181228569508288,4181228569772299,4181228569777226,4181228569782906,4927
1420,"loop_reduce_window_fusion_3.kd",2,8,1645,1261566,1261566,80,80,0,0,8,0,16,64,"0x0","0x7faafa588e00",4181228569516050,4181228569777226,4181228569781873,4181228569815375,4647
1421,"loop_broadcast_fusion.kd",2,8,1646,1261566,1261566,20224,256,0,0,4,4,16,64,"0x0","0x7faafa588e40",4181228569522429,4181228569781873,4181228569786840,4181228569821193,4967
1422,"input_scatter_fusion.kd",2,8,1647,1261566,1261566,20224,256,0,0,12,4,32,64,"0x0","0x7faafa588e80",4181228569543931,4181228569786840,4181228569791608,4181228569826251,4768
1423,"loop_reduce_window_fusion_2.kd",2,8,1648,1261566,1261566,20224,256,0,0,8,0,16,64,"0x0","0x7faafa588ec0",4181228569552123,4181228569791608,4181228569796415,4181228569809246,4807
1424,"loop_reduce_window_fusion_4.kd",2,8,1649,1261566,1261566,1280,256,0,0,8,0,16,64,"0x0","0x7faafa588dc0",4181228569559654,4181228569796415,4181228569801542,4181228569803447,5127
1425,"loop_reduce_window_fusion_3.kd",2,8,1650,1261566,1261566,80,80,0,0,8,0,16,64,"0x0","0x7faafa588e00",4181228569566855,4181228569801542,4181228569806189,4181228569864538,4647
1426,"loop_remainder_fusion.kd",2,8,1651,1261566,1261566,20224,256,0,0,12,4,32,64,"0x0","0x7faafa588f00",4181228569574426,4181228569806189,4181228569811076,4181228569858909,4887
1427,"input_reduce_fusion_1.kd",2,8,1652,1261566,1261566,64,64,0,0,8,0,16,64,"0x0","0x7faafa588f40",4181228569582008,4181228569811076,4181228569815763,4181228569852600,4687
1428,"loop_select_fusion.kd",2,8,1653,1261566,1261566,20224,256,0,0,8,0,32,64,"0x0","0x7faafa588f80",4181228569589038,4181228569815763,4181228569820691,4181228569847052,4928
1429,"loop_compare_fusion_2.kd",2,8,1654,1261566,1261566,4096,256,0,0,4,4,16,64,"0x0","0x7faafa588fc0",4181228569596509,4181228569820691,4181228569825698,4181228569836306,5007
1430,"input_reduce_reduce_window_fusion_3.kd",2,8,1655,1261566,1261566,256,256,512,0,20,4,32,64,"0x0","0x7faafa589000",4181228569603810,4181228569825698,4181228569841722,4181228569922895,16024
1431,"loop_slice_fusion_1.kd",2,8,1656,1261566,1261566,16,16,0,0,20,4,16,64,"0x0","0x7faafa589040",4181228569611461,4181228569841722,4181228569846489,4181228569899159,4767
1432,"loop_broadcast_fusion_3.kd",2,8,1657,1261566,1261566,4096,256,0,0,4,4,16,64,"0x0","0x7faafa589080",4181228569618542,4181228569846489,4181228569851457,4181228569887362,4968
1433,"input_scatter_fusion_3.kd",2,8,1658,1261566,1261566,4096,256,0,0,8,0,32,64,"0x0","0x7faafa5890c0",4181228569626394,4181228569851457,4181228569857506,4181228569880952,6049
1434,"loop_reduce_window_fusion_18.kd",2,8,1659,1261566,1261566,4096,256,0,0,8,0,16,64,"0x0","0x7faafa589100",4181228569633534,4181228569857506,4181228569862313,4181228569873321,4807
1435,"loop_slice_fusion_1.kd",2,8,1660,1261566,1261566,16,16,0,0,20,4,16,64,"0x0","0x7faafa589040",4181228569641226,4181228569862313,4181228569867080,4181228569904798,4767
1436,"loop_remainder_fusion_1.kd",2,8,1661,1261566,1261566,4096,256,0,0,12,4,16,64,"0x0","0x7faafa589140",4181228569649398,4181228569867080,4181228569873369,4181228569910366,6289
1437,"loop_select_fusion_3.kd",2,8,1662,1261566,1261566,4096,256,0,0,8,0,32,64,"0x0","0x7faafa589180",4181228569656518,4181228569873369,4181228569878216,4181228569915754,4847
1438,"loop_reduce_window_fusion_18.kd",2,8,1663,1261566,1261566,4096,256,0,0,8,0,16,64,"0x0","0x7faafa589100",4181228569690789,4181228569878216,4181228569882943,4181228569928313,4727
1439,"loop_slice_fusion_1.kd",2,8,1664,1261566,1261566,16,16,0,0,20,4,16,64,"0x0","0x7faafa589040",4181228569699302,4181228569882943,4181228569887791,4181228569892990,4848
1440,"input_concatenate_fusion_1.kd",2,8,1665,1261566,1261566,4096,256,0,0,8,0,32,64,"0x0","0x7faafa5891c0",4181228569707214,4181228569887791,4181228569893719,4181228570002723,5928
1441,"loop_compare_fusion_1.kd",2,8,1666,1261566,1261566,8192,256,0,0,4,4,16,64,"0x0","0x7faafa589200",4181228569718030,4181228569893719,4181228569898807,4181228570008071,5088
1442,"input_reduce_reduce_window_fusion_1.kd",2,8,1667,1261566,1261566,512,512,512,0,20,4,48,64,"0x0","0x7faafa589240",4181228569728285,4181228569898807,4181228569915592,4181228569936525,16785
1443,"loop_reduce_window_fusion_8.kd",2,8,1668,1261566,1261566,32,32,0,0,32,0,16,64,"0x0","0x7faafa589280",4181228569799171,4181228569915592,4181228569924205,4181228569985948,8613
1444,"loop_broadcast_fusion_1.kd",2,8,1669,1261566,1261566,8192,256,0,0,4,4,16,64,"0x0","0x7faafa5892c0",4181228569807944,4181228569924205,4181228569929212,4181228569979889,5007
1445,"input_scatter_fusion_1.kd",2,8,1670,1261566,1261566,8192,256,0,0,8,0,32,64,"0x0","0x7faafa589300",4181228569843697,4181228569929212,4181228569934780,4181228569991707,5568
1446,"loop_reduce_window_fusion_7.kd",2,8,1671,1261566,1261566,8192,256,0,0,8,0,16,64,"0x0","0x7faafa589340",4181228569853231,4181228569934780,4181228569939868,4181228569997095,5088
1447,"loop_reduce_window_fusion_6.kd",2,8,1672,1261566,1261566,512,256,0,0,8,0,16,64,"0x0","0x7faafa589380",4181228569881643,4181228569939868,4181228569946197,4181228569973560,6329
1448,"loop_reduce_window_fusion_5.kd",2,8,1673,1261566,1261566,32,32,0,0,8,0,16,64,"0x0","0x7faafa5893c0",4181228569891999,4181228569946197,4181228569950324,4181228569966670,4127
1449,"loop_select_fusion_5.kd",2,8,1674,1261566,1261566,8192,256,0,0,8,0,32,64,"0x0","0x7faafa589400",4181228569963675,4181228569973879,4181228569977324,4181228570016494,3445
1450,"loop_select_fusion_1.kd",2,8,1675,1261566,1261566,8192,256,0,0,8,0,16,64,"0x0","0x7faafa589440",4181228569973580,4181228570022271,4181228570025235,4181228570025818,2964
1451,"loop_broadcast_fusion_4.kd",2,8,1676,1261566,1261566,16,16,0,0,4,4,16,64,"0x0","0x7faafa589480",4181228570023725,4181228570040698,4181228570042621,4181228570044435,1923
1452,"__amd_rocclr_fillBufferAligned.kd",2,8,1677,1261566,1261566,77824,256,0,0,12,4,48,64,"0x0","0x7fc36f653580",4181228570043965,4181228570059125,4181228570073907,4181228570076503,14782
1453,"__amd_rocclr_fillBufferAligned.kd",2,8,1678,1261566,1261566,16128,256,0,0,12,4,48,64,"0x0","0x7fc36f653580",4181228570056814,4181228570073907,4181228570078755,4181228570081651,4848
1454,"transformer_engine::fused_attn_rocm::populate_rng_state_kernel(long*, long const*, long) [clone .kd]",2,8,1679,1261566,1261566,1,1,0,0,8,0,16,64,"0x0","0x7faafa5a5380",4181228570067610,4181228570078755,4181228570082921,4181228570089853,4166
1455,"__amd_rocclr_fillBufferAligned.kd",2,8,1680,1261566,1261566,256,256,0,0,12,4,48,64,"0x0","0x7fc36f653580",4181228570079007,4181228570087568,4181228570089611,4181228570096092,2043
1456,"ck_fused_attn::get_runtime_max_seqlen_kernel(unsigned long, int const*, int const*, unsigned long*) [clone .kd]",2,8,1681,1261566,1261566,4096,128,0,0,4,4,32,64,"0x0","0x7faafa570940",4181228570086338,4181228570096661,4181228570102350,4181228570105046,5689
1457,"__amd_rocclr_copyBuffer.kd",2,8,1682,1261566,1261566,512,512,0,0,16,0,32,64,"0x7feb7cc76f80","0x7fc36f653600",4181228570096673,4181228570111643,4181228570118093,4181228570120358,6450
1458,"__amd_rocclr_fillBufferAligned.kd",2,8,1684,1261566,1261566,256,256,0,0,12,4,48,64,"0x0","0x7fc36f653580",4181228570137774,4181228570150221,4181228570152224,4181228570182781,2003
1459,"ck_fused_attn::get_runtime_max_seqlen_kernel(unsigned long, int const*, int const*, unsigned long*) [clone .kd]",2,8,1685,1261566,1261566,4096,128,0,0,4,4,32,64,"0x0","0x7faafa570940",4181228570148480,4181228570156911,4181228570162759,4181228570192836,5848
1460,"__amd_rocclr_copyBuffer.kd",2,8,1686,1261566,1261566,512,512,0,0,16,0,32,64,"0x7feb7cc73980","0x7fc36f653600",4181228570156061,4181228570167527,4181228570173055,4181228570187919,5528
1461,"void transformer_engine::fused_attn_rocm::compute_scores_kernel<hip_bfloat16, transformer_engine::fused_attn_rocm::SmallSeqConfig<4, 128, 256, false, (transformer_engine::fused_attn_rocm::CausalMaskType)0>, 1>(hip_bfloat16 const*, hip_bfloat16 const*, hip_bfloat16*, float, int const*, int const*, int, int) [clone .kd]",2,8,1688,1261566,1261566,64000,64,0,0,112,0,32,64,"0x0","0x7faaf354f440",4181228570204163,4181228570213475,4181228570232623,4181228570233697,19148
1462,"void transformer_engine::fused_attn_rocm::apply_mask_and_softmax_kernel<hip_bfloat16, transformer_engine::fused_attn_rocm::SmallSeqConfig<4, 128, 256, false, (transformer_engine::fused_attn_rocm::CausalMaskType)0> >(hip_bfloat16*, hip_bfloat16 const*, float, int const*, int, int) [clone .kd]",2,8,1689,1261566,1261566,256000,256,1024,0,12,4,16,64,"0x0","0x7faaf354f480",4181228570211624,4181228570232623,4181228570238031,4181228570243752,5408
1463,"void transformer_engine::fused_attn_rocm::compute_output_kernel<hip_bfloat16, transformer_engine::fused_attn_rocm::SmallSeqConfig<4, 128, 256, false, (transformer_engine::fused_attn_rocm::CausalMaskType)0>, 2, 8>(hip_bfloat16 const*, hip_bfloat16 const*, hip_bfloat16*, int const*, int const*, int, int) [clone .kd]",2,8,1690,1261566,1261566,512000,64,8192,0,28,4,48,64,"0x0","0x7faaf354f4c0",4181228570219436,4181228570238031,4181228570289388,4181228570289259,51357
1464,"loop_broadcast_fusion_5.kd",2,8,1691,1261566,1261566,2048000,256,0,0,4,4,16,64,"0x0","0x7faafa5894c0",4181228570236431,4181228570289388,4181228570297680,4181228570299224,8292
1465,"__amd_rocclr_fillBufferAligned.kd",2,8,1692,1261566,1261566,77824,256,0,0,12,4,48,64,"0x0","0x7fc36f653580",4181228570261749,4181228570297680,4181228570304490,4181228570304712,6810
1466,"__amd_rocclr_fillBufferAligned.kd",2,8,1693,1261566,1261566,77824,256,0,0,12,4,48,64,"0x0","0x7fc36f653580",4181228570269811,4181228570304490,4181228570317430,4181228570323811,12940
1467,"__amd_rocclr_fillBufferAligned.kd",2,8,1694,1261566,1261566,77824,256,0,0,12,4,48,64,"0x0","0x7fc36f653580",4181228570276601,4181228570317430,4181228570330369,4181228570331502,12939
1468,"__amd_rocclr_fillBufferAligned.kd",2,8,1695,1261566,1261566,256,256,0,0,12,4,48,64,"0x0","0x7fc36f653580",4181228570283311,4181228570330369,4181228570335216,4181228570337621,4847
1469,"ck_fused_attn::get_runtime_max_seqlen_kernel(unsigned long, int const*, int const*, unsigned long*) [clone .kd]",2,8,1696,1261566,1261566,4096,128,0,0,4,4,32,64,"0x0","0x7faafa570940",4181228570289890,4181228570335216,4181228570341145,4181228570342068,5929
1470,"__amd_rocclr_copyBuffer.kd",2,8,1697,1261566,1261566,512,512,0,0,16,0,32,64,"0x7feb7cc77380","0x7fc36f653600",4181228570306746,4181228570341145,4181228570346753,4181228570348448,5608
1471,"__amd_rocclr_fillBufferAligned.kd",2,8,1699,1261566,1261566,256,256,0,0,12,4,48,64,"0x0","0x7fc36f653580",4181228570364251,4181228570376557,4181228570378520,4181228570379133,1963
1472,"ck_fused_attn::get_runtime_max_seqlen_kernel(unsigned long, int const*, int const*, unsigned long*) [clone .kd]",2,8,1700,1261566,1261566,4096,128,0,0,4,4,32,64,"0x0","0x7faafa570940",4181228570374586,4181228570386412,4181228570392141,4181228570400615,5729
1473,"__amd_rocclr_copyBuffer.kd",2,8,1701,1261566,1261566,512,512,0,0,16,0,32,64,"0x7feb7cde9b80","0x7fc36f653600",4181228570385152,4181228570397108,4181228570401675,4181228570406223,4567
1474,"void transformer_engine::fused_attn_rocm::compute_grad_v_kernel<hip_bfloat16, transformer_engine::fused_attn_rocm::SmallSeqConfig<4, 128, 256, false, (transformer_engine::fused_attn_rocm::CausalMaskType)0>, 16, 16>(hip_bfloat16 const*, hip_bfloat16 const*, hip_bfloat16*, int const*, int const*, int, int) [clone .kd]",2,8,1703,1261566,1261566,256000,64,8192,0,32,0,48,64,"0x0","0x7faaf3550f00",4181228570421516,4181228570432441,4181228570543966,4181228570549507,111525
1475,"void transformer_engine::fused_attn_rocm::compute_grad_attn_kernel<hip_bfloat16, transformer_engine::fused_attn_rocm::SmallSeqConfig<4, 128, 256, false, (transformer_engine::fused_attn_rocm::CausalMaskType)0>, 16>(hip_bfloat16 const*, hip_bfloat16 const*, hip_bfloat16*, int const*, int const*, int, int) [clone .kd]",2,8,1704,1261566,1261566,8000,64,0,0,116,4,48,64,"0x0","0x7faaf3550f40",4181228570431681,4181228570543966,4181228570694631,4181228570698148,150665
1476,"void transformer_engine::fused_attn_rocm::softmax_backward_kernel<hip_bfloat16, transformer_engine::fused_attn_rocm::SmallSeqConfig<4, 128, 256, false, (transformer_engine::fused_attn_rocm::CausalMaskType)0> >(hip_bfloat16 const*, hip_bfloat16 const*, hip_bfloat16*, float, int const*, int, int) [clone .kd]",2,8,1705,1261566,1261566,256000,256,1024,0,12,4,16,64,"0x0","0x7faaf3550f80",4181228570440234,4181228570694631,4181228570700279,4181228570705909,5648
1477,"void transformer_engine::fused_attn_rocm::compute_grad_qk_kernel<hip_bfloat16, transformer_engine::fused_attn_rocm::SmallSeqConfig<4, 128, 256, false, (transformer_engine::fused_attn_rocm::CausalMaskType)0>, 4, 16>(hip_bfloat16 const*, hip_bfloat16 const*, hip_bfloat16 const*, hip_bfloat16*, hip_bfloat16*, float, int const*, int const*, int, int) [clone .kd]",2,8,1706,1261566,1261566,1024000,64,8192,0,36,4,48,64,"0x0","0x7faaf3550fc0",4181228570447164,4181228570700279,4181228570822981,4181228570824666,122702
1478,"input_reduce_fusion.kd",2,8,1707,1261566,1261566,524288,256,512,0,16,0,16,64,"0x0","0x7faafa589500",4181228570455387,4181228570822981,4181228570830272,4181228570832457,7291
1479,"input_reduce_fusion_2.kd",2,8,1708,1261566,1261566,128,128,512,0,24,0,16,64,"0x0","0x7faafa589540",4181228570462507,4181228570830272,4181228570835760,4181228570838466,5488
1480,"loop_convert_fusion.kd",2,8,1709,1261566,1261566,1,1,0,0,4,4,16,64,"0x0","0x7faafa589580",4181228570471701,4181228570835760,4181228570841008,4181228570846108,5248
1481,"loop_compare_fusion.kd",2,8,1712,1261566,1261566,16128,256,0,0,4,4,16,64,"0x0","0x7faafa588b00",4181228570565480,4181228570853587,4181228570859556,4181228570878626,5969
1482,"input_reduce_reduce_window_fusion_2.kd",2,8,1713,1261566,1261566,1024,1024,512,0,20,4,48,64,"0x0","0x7faafa588b40",4181228570575545,4181228570859556,4181228570884232,4181228570885396,24676
1483,"loop_reduce_window_fusion_16.kd",2,8,1714,1261566,1261566,1024,256,0,0,8,0,16,64,"0x0","0x7faafa588b80",4181228570583457,4181228570884232,4181228570889040,4181228570891145,4808
1484,"loop_reduce_window_fusion_15.kd",2,8,1715,1261566,1261566,64,64,0,0,8,0,16,64,"0x0","0x7faafa588bc0",4181228570591239,4181228570889040,4181228570893687,4181228570896993,4647
1485,"loop_broadcast_fusion_2.kd",2,8,1716,1261566,1261566,16128,256,0,0,4,4,16,64,"0x0","0x7faafa588c00",4181228570598319,4181228570893687,4181228570898574,4181228570902842,4887
1486,"input_scatter_fusion_2.kd",2,8,1717,1261566,1261566,16128,256,0,0,12,4,32,64,"0x0","0x7faafa588c40",4181228570606161,4181228570898574,4181228570903221,4181228570908420,4647
1487,"loop_reduce_window_fusion_14.kd",2,8,1718,1261566,1261566,16128,256,0,0,8,0,16,64,"0x0","0x7faafa588c80",4181228570614263,4181228570903221,4181228570907988,4181228570914359,4767
1488,"loop_reduce_window_fusion_16.kd",2,8,1719,1261566,1261566,1024,256,0,0,8,0,16,64,"0x0","0x7faafa588b80",4181228570621464,4181228570907988,4181228570913196,4181228570919937,5208
1489,"loop_reduce_window_fusion_15.kd",2,8,1720,1261566,1261566,64,64,0,0,8,0,16,64,"0x0","0x7faafa588bc0",4181228570629345,4181228570913196,4181228570917883,4181228570925786,4687
1490,"loop_select_fusion_4.kd",2,8,1721,1261566,1261566,16128,256,0,0,12,4,32,64,"0x0","0x7faafa588cc0",4181228570637047,4181228570917883,4181228570922770,4181228570931415,4887
1491,"loop_select_fusion_2.kd",2,8,1722,1261566,1261566,16128,256,0,0,4,4,16,64,"0x0","0x7faafa588d00",4181228570643586,4181228570922770,4181228570927457,4181228570936863,4687
1492,"loop_reduce_window_fusion_14.kd",2,8,1723,1261566,1261566,16128,256,0,0,8,0,16,64,"0x0","0x7faafa588c80",4181228570650567,4181228570927457,4181228570932144,4181228570942521,4687
1493,"loop_reduce_window_fusion_16.kd",2,8,1724,1261566,1261566,1024,256,0,0,8,0,16,64,"0x0","0x7faafa588b80",4181228570657677,4181228570932144,4181228570937031,4181228570949712,4887
1494,"loop_reduce_window_fusion_15.kd",2,8,1725,1261566,1261566,64,64,0,0,8,0,16,64,"0x0","0x7faafa588bc0",4181228570665149,4181228570937031,4181228570941638,4181228570954990,4607
1495,"input_concatenate_fusion.kd",2,8,1726,1261566,1261566,16128,256,0,0,12,4,32,64,"0x0","0x7faafa588d40",4181228570672950,4181228570941638,4181228570946645,4181228570970943,5007
1496,"input_reduce_reduce_window_fusion.kd",2,8,1727,1261566,1261566,8192,256,0,0,24,0,48,64,"0x0","0x7faafa588d80",4181228570680311,4181228570946645,4181228570956099,4181228570964524,9454
1497,"loop_reduce_window_fusion_4.kd",2,8,1728,1261566,1261566,1280,256,0,0,8,0,16,64,"0x0","0x7faafa588dc0",4181228570687852,4181228570956099,4181228570961147,4181228570988980,5048
1498,"loop_reduce_window_fusion_3.kd",2,8,1729,1261566,1261566,80,80,0,0,8,0,16,64,"0x0","0x7faafa588e00",4181228570695143,4181228570961147,4181228570965754,4181228570994158,4607
1499,"loop_broadcast_fusion.kd",2,8,1730,1261566,1261566,20224,256,0,0,4,4,16,64,"0x0","0x7faafa588e40",4181228570702995,4181228570965754,4181228570970761,4181228570983442,5007
1500,"input_scatter_fusion.kd",2,8,1731,1261566,1261566,20224,256,0,0,12,4,32,64,"0x0","0x7faafa588e80",4181228570713280,4181228570970761,4181228570975328,4181228570977623,4567
1501,"loop_reduce_window_fusion_2.kd",2,8,1732,1261566,1261566,20224,256,0,0,8,0,16,64,"0x0","0x7faafa588ec0",4181228570721643,4181228570975328,4181228570980135,4181228571018114,4807
1502,"loop_reduce_window_fusion_4.kd",2,8,1733,1261566,1261566,1280,256,0,0,8,0,16,64,"0x0","0x7faafa588dc0",4181228570728473,4181228570980135,4181228570985103,4181228571025044,4968
1503,"loop_reduce_window_fusion_3.kd",2,8,1734,1261566,1261566,80,80,0,0,8,0,16,64,"0x0","0x7faafa588e00",4181228570735483,4181228570985103,4181228570989789,4181228571012505,4686
1504,"loop_remainder_fusion.kd",2,8,1735,1261566,1261566,20224,256,0,0,12,4,32,64,"0x0","0x7faafa588f00",4181228570743044,4181228570989789,4181228570994637,4181228571008139,4848
1505,"input_reduce_fusion_1.kd",2,8,1736,1261566,1261566,64,64,0,0,8,0,16,64,"0x0","0x7faafa588f40",4181228570750576,4181228570994637,4181228570999284,4181228571002951,4647
1506,"loop_select_fusion.kd",2,8,1737,1261566,1261566,20224,256,0,0,8,0,32,64,"0x0","0x7faafa588f80",4181228570759379,4181228570999284,4181228571004291,4181228571052004,5007
1507,"loop_compare_fusion_2.kd",2,8,1738,1261566,1261566,4096,256,0,0,4,4,16,64,"0x0","0x7faafa588fc0",4181228570767371,4181228571004291,4181228571009258,4181228571046035,4967
1508,"input_reduce_reduce_window_fusion_3.kd",2,8,1739,1261566,1261566,256,256,512,0,20,4,32,64,"0x0","0x7faafa589000",4181228570774291,4181228571009258,4181228571025362,4181228571039535,16104
1509,"loop_slice_fusion_1.kd",2,8,1740,1261566,1261566,16,16,0,0,20,4,16,64,"0x0","0x7faafa589040",4181228570781732,4181228571025362,4181228571030089,4181228571033396,4727
1510,"loop_broadcast_fusion_3.kd",2,8,1741,1261566,1261566,4096,256,0,0,4,4,16,64,"0x0","0x7faafa589080",4181228570789554,4181228571030089,4181228571035057,4181228571072384,4968
1511,"input_scatter_fusion_3.kd",2,8,1742,1261566,1261566,4096,256,0,0,8,0,32,64,"0x0","0x7faafa5890c0",4181228570797315,4181228571035057,4181228571041186,4181228571066315,6129
1512,"loop_reduce_window_fusion_18.kd",2,8,1743,1261566,1261566,4096,256,0,0,8,0,16,64,"0x0","0x7faafa589100",4181228570804516,4181228571041186,4181228571046033,4181228571060967,4847
1513,"loop_slice_fusion_1.kd",2,8,1744,1261566,1261566,16,16,0,0,20,4,16,64,"0x0","0x7faafa589040",4181228570811046,4181228571046033,4181228571050800,4181228571089600,4767
1514,"loop_remainder_fusion_1.kd",2,8,1745,1261566,1261566,4096,256,0,0,12,4,16,64,"0x0","0x7faafa589140",4181228570818437,4181228571050800,4181228571057570,4181228571094808,6770
1515,"loop_select_fusion_3.kd",2,8,1746,1261566,1261566,4096,256,0,0,8,0,32,64,"0x0","0x7faafa589180",4181228570826248,4181228571057570,4181228571062377,4181228571083881,4807
1516,"loop_reduce_window_fusion_18.kd",2,8,1747,1261566,1261566,4096,256,0,0,8,0,16,64,"0x0","0x7faafa589100",4181228570860519,4181228571062377,4181228571067104,4181228571078283,4727
1517,"loop_slice_fusion_1.kd",2,8,1748,1261566,1261566,16,16,0,0,20,4,16,64,"0x0","0x7faafa589040",4181228570869182,4181228571067104,4181228571071872,4181228571139154,4768
1518,"input_concatenate_fusion_1.kd",2,8,1749,1261566,1261566,4096,256,0,0,8,0,32,64,"0x0","0x7faafa5891c0",4181228570876002,4181228571071872,4181228571077800,4181228571110491,5928
1519,"loop_compare_fusion_1.kd",2,8,1750,1261566,1261566,8192,256,0,0,4,4,16,64,"0x0","0x7faafa589200",4181228570883674,4181228571077800,4181228571082848,4181228571102729,5048
1520,"input_reduce_reduce_window_fusion_1.kd",2,8,1751,1261566,1261566,512,512,512,0,20,4,48,64,"0x0","0x7faafa589240",4181228570975901,4181228571082848,4181228571099673,4181228571127877,16825
1521,"loop_reduce_window_fusion_8.kd",2,8,1752,1261566,1261566,32,32,0,0,32,0,16,64,"0x0","0x7faafa589280",4181228571008679,4181228571099673,4181228571109528,4181228571122118,9855
1522,"loop_broadcast_fusion_1.kd",2,8,1753,1261566,1261566,8192,256,0,0,4,4,16,64,"0x0","0x7faafa5892c0",4181228571016671,4181228571109528,4181228571114575,4181228571116770,5047
1523,"input_scatter_fusion_1.kd",2,8,1754,1261566,1261566,8192,256,0,0,8,0,32,64,"0x0","0x7faafa589300",4181228571040216,4181228571114575,4181228571120264,4181228571133425,5689
1524,"loop_reduce_window_fusion_7.kd",2,8,1755,1261566,1261566,8192,256,0,0,8,0,16,64,"0x0","0x7faafa589340",4181228571066676,4181228571120264,4181228571124670,4181228571147526,4406
1525,"loop_reduce_window_fusion_6.kd",2,8,1756,1261566,1261566,512,256,0,0,8,0,16,64,"0x0","0x7faafa589380",4181228571109570,4181228571154474,4181228571159922,4181228571165753,5448
1526,"loop_reduce_window_fusion_5.kd",2,8,1757,1261566,1261566,32,32,0,0,8,0,16,64,"0x0","0x7faafa5893c0",4181228571159043,4181228571180032,4181228571184559,4181228571184641,4527
1527,"loop_select_fusion_5.kd",2,8,1758,1261566,1261566,8192,256,0,0,8,0,32,64,"0x0","0x7faafa589400",4181228571204080,4181228571214243,4181228571217728,4181228571220114,3485
1528,"loop_select_fusion_1.kd",2,8,1759,1261566,1261566,8192,256,0,0,8,0,16,64,"0x0","0x7faafa589440",4181228571212913,4181228571221774,4181228571224659,4181228571229638,2885
1529,"loop_broadcast_fusion_4.kd",2,8,1760,1261566,1261566,16,16,0,0,4,4,16,64,"0x0","0x7faafa589480",4181228571220595,4181228571235194,4181228571236837,4181228571237830,1643
1530,"__amd_rocclr_fillBufferAligned.kd",2,8,1761,1261566,1261566,77824,256,0,0,12,4,48,64,"0x0","0x7fc36f653580",4181228571239553,4181228571254423,4181228571269165,4181228571270809,14742
1531,"__amd_rocclr_fillBufferAligned.kd",2,8,1762,1261566,1261566,16128,256,0,0,12,4,48,64,"0x0","0x7fc36f653580",4181228571251901,4181228571269165,4181228571274132,4181228571277439,4967
1532,"transformer_engine::fused_attn_rocm::populate_rng_state_kernel(long*, long const*, long) [clone .kd]",2,8,1763,1261566,1261566,1,1,0,0,8,0,16,64,"0x0","0x7faafa5a5380",4181228571262777,4181228571274132,4181228571278339,4181228571286262,4207
1533,"__amd_rocclr_fillBufferAligned.kd",2,8,1764,1261566,1261566,256,256,0,0,12,4,48,64,"0x0","0x7fc36f653580",4181228571271951,4181228571291678,4181228571293601,4181228571294444,1923
1534,"ck_fused_attn::get_runtime_max_seqlen_kernel(unsigned long, int const*, int const*, unsigned long*) [clone .kd]",2,8,1765,1261566,1261566,4096,128,0,0,4,4,32,64,"0x0","0x7faafa570940",4181228571291720,4181228571307983,4181228571313791,4181228571314645,5808
1535,"__amd_rocclr_copyBuffer.kd",2,8,1766,1261566,1261566,512,512,0,0,16,0,32,64,"0x7feb7cc72b80","0x7fc36f653600",4181228571307394,4181228571318679,4181228571324808,4181228571330108,6129
1536,"__amd_rocclr_fillBufferAligned.kd",2,8,1768,1261566,1261566,256,256,0,0,12,4,48,64,"0x0","0x7fc36f653580",4181228571350618,4181228571359579,4181228571361502,4181228571395335,1923
1537,"ck_fused_attn::get_runtime_max_seqlen_kernel(unsigned long, int const*, int const*, unsigned long*) [clone .kd]",2,8,1769,1261566,1261566,4096,128,0,0,4,4,32,64,"0x0","0x7faafa570940",4181228571360733,4181228571368873,4181228571374602,4181228571406010,5729
1538,"__amd_rocclr_copyBuffer.kd",2,8,1770,1261566,1261566,512,512,0,0,16,0,32,64,"0x7feb7cde9880","0x7fc36f653600",4181228571369546,4181228571379409,4181228571384136,4181228571400913,4727
1539,"void transformer_engine::fused_attn_rocm::compute_scores_kernel<hip_bfloat16, transformer_engine::fused_attn_rocm::SmallSeqConfig<4, 128, 256, false, (transformer_engine::fused_attn_rocm::CausalMaskType)0>, 1>(hip_bfloat16 const*, hip_bfloat16 const*, hip_bfloat16*, float, int const*, int const*, int, int) [clone .kd]",2,8,1772,1261566,1261566,64000,64,0,0,112,0,32,64,"0x0","0x7faaf354f440",4181228571416827,4181228571426319,4181228571445547,4181228571446300,19228
1540,"void transformer_engine::fused_attn_rocm::apply_mask_and_softmax_kernel<hip_bfloat16, transformer_engine::fused_attn_rocm::SmallSeqConfig<4, 128, 256, false, (transformer_engine::fused_attn_rocm::CausalMaskType)0> >(hip_bfloat16*, hip_bfloat16 const*, float, int const*, int, int) [clone .kd]",2,8,1773,1261566,1261566,256000,256,1024,0,12,4,16,64,"0x0","0x7faaf354f480",4181228571423947,4181228571445547,4181228571450635,4181228571454843,5088
1541,"void transformer_engine::fused_attn_rocm::compute_output_kernel<hip_bfloat16, transformer_engine::fused_attn_rocm::SmallSeqConfig<4, 128, 256, false, (transformer_engine::fused_attn_rocm::CausalMaskType)0>, 2, 8>(hip_bfloat16 const*, hip_bfloat16 const*, hip_bfloat16*, int const*, int const*, int, int) [clone .kd]",2,8,1774,1261566,1261566,512000,64,8192,0,28,4,48,64,"0x0","0x7faaf354f4c0",4181228571432279,4181228571450635,4181228571498706,4181228571500932,48071
1542,"loop_broadcast_fusion_5.kd",2,8,1775,1261566,1261566,2048000,256,0,0,4,4,16,64,"0x0","0x7faafa5894c0",4181228571447382,4181228571498706,4181228571506919,4181228571507992,8213
1543,"__amd_rocclr_fillBufferAligned.kd",2,8,1776,1261566,1261566,77824,256,0,0,12,4,48,64,"0x0","0x7fc36f653580",4181228571477006,4181228571506919,4181228571513809,4181228571516425,6890
1544,"__amd_rocclr_fillBufferAligned.kd",2,8,1777,1261566,1261566,77824,256,0,0,12,4,48,64,"0x0","0x7fc36f653580",4181228571483786,4181228571513809,4181228571527028,4181228571535713,13219
1545,"__amd_rocclr_fillBufferAligned.kd",2,8,1778,1261566,1261566,77824,256,0,0,12,4,48,64,"0x0","0x7fc36f653580",4181228571489254,4181228571527028,4181228571539968,4181228571542604,12940
1546,"__amd_rocclr_fillBufferAligned.kd",2,8,1779,1261566,1261566,256,256,0,0,12,4,48,64,"0x0","0x7fc36f653580",4181228571497006,4181228571539968,4181228571544735,4181228571549203,4767
1547,"ck_fused_attn::get_runtime_max_seqlen_kernel(unsigned long, int const*, int const*, unsigned long*) [clone .kd]",2,8,1780,1261566,1261566,4096,128,0,0,4,4,32,64,"0x0","0x7faafa570940",4181228571504517,4181228571544735,4181228571550664,4181228571554001,5929
1548,"__amd_rocclr_copyBuffer.kd",2,8,1781,1261566,1261566,512,512,0,0,16,0,32,64,"0x7feb7cde9780","0x7fc36f653600",4181228571513871,4181228571550664,4181228571556472,4181228571558407,5808
1549,"__amd_rocclr_fillBufferAligned.kd",2,8,1783,1261566,1261566,256,256,0,0,12,4,48,64,"0x0","0x7fc36f653580",4181228571573970,4181228571583352,4181228571585275,4181228571594541,1923
1550,"ck_fused_attn::get_runtime_max_seqlen_kernel(unsigned long, int const*, int const*, unsigned long*) [clone .kd]",2,8,1784,1261566,1261566,4096,128,0,0,4,4,32,64,"0x0","0x7faafa570940",4181228571581672,4181228571595771,4181228571601579,4181228571603825,5808
1551,"__amd_rocclr_copyBuffer.kd",2,8,1785,1261566,1261566,512,512,0,0,16,0,32,64,"0x7feb7cc76780","0x7fc36f653600",4181228571594411,4181228571609511,4181228571615921,4181228571620710,6410
1552,"void transformer_engine::fused_attn_rocm::compute_grad_v_kernel<hip_bfloat16, transformer_engine::fused_attn_rocm::SmallSeqConfig<4, 128, 256, false, (transformer_engine::fused_attn_rocm::CausalMaskType)0>, 16, 16>(hip_bfloat16 const*, hip_bfloat16 const*, hip_bfloat16*, int const*, int const*, int, int) [clone .kd]",2,8,1787,1261566,1261566,256000,64,8192,0,32,0,48,64,"0x0","0x7faaf3550f00",4181228571635251,4181228571646166,4181228571756570,4181228571761068,110404
1553,"void transformer_engine::fused_attn_rocm::compute_grad_attn_kernel<hip_bfloat16, transformer_engine::fused_attn_rocm::SmallSeqConfig<4, 128, 256, false, (transformer_engine::fused_attn_rocm::CausalMaskType)0>, 16>(hip_bfloat16 const*, hip_bfloat16 const*, hip_bfloat16*, int const*, int const*, int, int) [clone .kd]",2,8,1788,1261566,1261566,8000,64,0,0,116,4,48,64,"0x0","0x7faaf3550f40",4181228571644445,4181228571756570,4181228571907715,4181228571913105,151145
1554,"void transformer_engine::fused_attn_rocm::softmax_backward_kernel<hip_bfloat16, transformer_engine::fused_attn_rocm::SmallSeqConfig<4, 128, 256, false, (transformer_engine::fused_attn_rocm::CausalMaskType)0> >(hip_bfloat16 const*, hip_bfloat16 const*, hip_bfloat16*, float, int const*, int, int) [clone .kd]",2,8,1789,1261566,1261566,256000,256,1024,0,12,4,16,64,"0x0","0x7faaf3550f80",4181228571652237,4181228571907715,4181228571913443,4181228571920696,5728
1555,"void transformer_engine::fused_attn_rocm::compute_grad_qk_kernel<hip_bfloat16, transformer_engine::fused_attn_rocm::SmallSeqConfig<4, 128, 256, false, (transformer_engine::fused_attn_rocm::CausalMaskType)0>, 4, 16>(hip_bfloat16 const*, hip_bfloat16 const*, hip_bfloat16 const*, hip_bfloat16*, hip_bfloat16*, float, int const*, int const*, int, int) [clone .kd]",2,8,1790,1261566,1261566,1024000,64,8192,0,36,4,48,64,"0x0","0x7faaf3550fc0",4181228571659127,4181228571913443,4181228572039190,4181228572046783,125747
1556,"input_reduce_fusion.kd",2,8,1791,1261566,1261566,524288,256,512,0,16,0,16,64,"0x0","0x7faafa589500",4181228571668301,4181228572039190,4181228572045480,4181228572055266,6290
1557,"input_reduce_fusion_2.kd",2,8,1792,1261566,1261566,128,128,512,0,24,0,16,64,"0x0","0x7faafa589540",4181228571675251,4181228572045480,4181228572051248,4181228572061255,5768
1558,"loop_convert_fusion.kd",2,8,1793,1261566,1261566,1,1,0,0,4,4,16,64,"0x0","0x7faafa589580",4181228571682672,4181228572051248,4181228572056736,4181228572066933,5488
1559,"loop_compare_fusion.kd",2,8,1796,1261566,1261566,16128,256,0,0,4,4,16,64,"0x0","0x7faafa588b00",4181228571771344,4181228572069916,4181228572075564,4181228572076728,5648
1560,"input_reduce_reduce_window_fusion_2.kd",2,8,1797,1261566,1261566,1024,1024,512,0,20,4,48,64,"0x0","0x7faafa588b40",4181228571781289,4181228572075564,4181228572100161,4181228572100033,24597
1561,"loop_reduce_window_fusion_16.kd",2,8,1798,1261566,1261566,1024,256,0,0,8,0,16,64,"0x0","0x7faafa588b80",4181228571789381,4181228572100161,4181228572106170,4181228572109887,6009
1562,"loop_reduce_window_fusion_15.kd",2,8,1799,1261566,1261566,64,64,0,0,8,0,16,64,"0x0","0x7faafa588bc0",4181228571796852,4181228572106170,4181228572110857,4181228572121214,4687
1563,"loop_broadcast_fusion_2.kd",2,8,1800,1261566,1261566,16128,256,0,0,4,4,16,64,"0x0","0x7faafa588c00",4181228571804253,4181228572110857,4181228572115704,4181228572136036,4847
1564,"input_scatter_fusion_2.kd",2,8,1801,1261566,1261566,16128,256,0,0,12,4,32,64,"0x0","0x7faafa588c40",4181228571813266,4181228572115704,4181228572120311,4181228572141995,4607
1565,"loop_reduce_window_fusion_14.kd",2,8,1802,1261566,1261566,16128,256,0,0,8,0,16,64,"0x0","0x7faafa588c80",4181228571820958,4181228572120311,4181228572125078,4181228572147553,4767
1566,"loop_reduce_window_fusion_16.kd",2,8,1803,1261566,1261566,1024,256,0,0,8,0,16,64,"0x0","0x7faafa588b80",4181228571827497,4181228572125078,4181228572130206,4181228572153342,5128
1567,"loop_reduce_window_fusion_15.kd",2,8,1804,1261566,1261566,64,64,0,0,8,0,16,64,"0x0","0x7faafa588bc0",4181228571835109,4181228572130206,4181228572134852,4181228572159020,4646
1568,"loop_select_fusion_4.kd",2,8,1805,1261566,1261566,16128,256,0,0,12,4,32,64,"0x0","0x7faafa588cc0",4181228571843131,4181228572134852,4181228572139740,4181228572164619,4888
1569,"loop_select_fusion_2.kd",2,8,1806,1261566,1261566,16128,256,0,0,4,4,16,64,"0x0","0x7faafa588d00",4181228571850742,4181228572139740,4181228572144467,4181228572170237,4727
1570,"loop_reduce_window_fusion_14.kd",2,8,1807,1261566,1261566,16128,256,0,0,8,0,16,64,"0x0","0x7faafa588c80",4181228571858804,4181228572144467,4181228572149154,4181228572175785,4687
1571,"loop_reduce_window_fusion_16.kd",2,8,1808,1261566,1261566,1024,256,0,0,8,0,16,64,"0x0","0x7faafa588b80",4181228571866305,4181228572149154,4181228572154001,4181228572181454,4847
1572,"loop_reduce_window_fusion_15.kd",2,8,1809,1261566,1261566,64,64,0,0,8,0,16,64,"0x0","0x7faafa588bc0",4181228571873756,4181228572154001,4181228572158648,4181228572189335,4647
1573,"input_concatenate_fusion.kd",2,8,1810,1261566,1261566,16128,256,0,0,12,4,32,64,"0x0","0x7faafa588d40",4181228571881588,4181228572158648,4181228572163575,4181228572206942,4927
1574,"input_reduce_reduce_window_fusion.kd",2,8,1811,1261566,1261566,8192,256,0,0,24,0,48,64,"0x0","0x7faafa588d80",4181228571888438,4181228572163575,4181228572173149,4181228572235244,9574
1575,"loop_reduce_window_fusion_4.kd",2,8,1812,1261566,1261566,1280,256,0,0,8,0,16,64,"0x0","0x7faafa588dc0",4181228571896019,4181228572173149,4181228572178397,4181228572223186,5248
1576,"loop_reduce_window_fusion_3.kd",2,8,1813,1261566,1261566,80,80,0,0,8,0,16,64,"0x0","0x7faafa588e00",4181228571903000,4181228572178397,4181228572183124,4181228572201484,4727
1577,"loop_broadcast_fusion.kd",2,8,1814,1261566,1261566,20224,256,0,0,4,4,16,64,"0x0","0x7faafa588e40",4181228571910431,4181228572183124,4181228572188132,4181228572195525,5008
1578,"input_scatter_fusion.kd",2,8,1815,1261566,1261566,20224,256,0,0,12,4,32,64,"0x0","0x7faafa588e80",4181228571918112,4181228572188132,4181228572192779,4181228572249265,4647
1579,"loop_reduce_window_fusion_2.kd",2,8,1816,1261566,1261566,20224,256,0,0,8,0,16,64,"0x0","0x7faafa588ec0",4181228571937080,4181228572192779,4181228572197546,4181228572255083,4767
1580,"loop_reduce_window_fusion_4.kd",2,8,1817,1261566,1261566,1280,256,0,0,8,0,16,64,"0x0","0x7faafa588dc0",4181228571944571,4181228572197546,4181228572202553,4181228572260952,5007
1581,"loop_reduce_window_fusion_3.kd",2,8,1818,1261566,1261566,80,80,0,0,8,0,16,64,"0x0","0x7faafa588e00",4181228571952473,4181228572202553,4181228572207200,4181228572266731,4647
1582,"loop_remainder_fusion.kd",2,8,1819,1261566,1261566,20224,256,0,0,12,4,32,64,"0x0","0x7faafa588f00",4181228571960786,4181228572207200,4181228572212127,4181228572272189,4927
1583,"input_reduce_fusion_1.kd",2,8,1820,1261566,1261566,64,64,0,0,8,0,16,64,"0x0","0x7faafa588f40",4181228571968126,4181228572212127,4181228572216814,4181228572278087,4687
1584,"loop_select_fusion.kd",2,8,1821,1261566,1261566,20224,256,0,0,8,0,32,64,"0x0","0x7faafa588f80",4181228571975037,4181228572216814,4181228572221742,4181228572284687,4928
1585,"loop_compare_fusion_2.kd",2,8,1822,1261566,1261566,4096,256,0,0,4,4,16,64,"0x0","0x7faafa588fc0",4181228571982067,4181228572221742,4181228572226749,4181228572242224,5007
1586,"input_reduce_reduce_window_fusion_3.kd",2,8,1823,1261566,1261566,256,256,512,0,20,4,32,64,"0x0","0x7faafa589000",4181228571989468,4181228572226749,4181228572242693,4181228572315453,15944
1587,"loop_slice_fusion_1.kd",2,8,1824,1261566,1261566,16,16,0,0,20,4,16,64,"0x0","0x7faafa589040",4181228571996409,4181228572242693,4181228572247500,4181228572321422,4807
1588,"loop_broadcast_fusion_3.kd",2,8,1825,1261566,1261566,4096,256,0,0,4,4,16,64,"0x0","0x7faafa589080",4181228572004160,4181228572247500,4181228572252467,4181228572356134,4967
1589,"input_scatter_fusion_3.kd",2,8,1826,1261566,1261566,4096,256,0,0,8,0,32,64,"0x0","0x7faafa5890c0",4181228572011060,4181228572252467,4181228572258596,4181228572309644,6129
1590,"loop_reduce_window_fusion_18.kd",2,8,1827,1261566,1261566,4096,256,0,0,8,0,16,64,"0x0","0x7faafa589100",4181228572018481,4181228572258596,4181228572263444,4181228572298378,4848
1591,"loop_slice_fusion_1.kd",2,8,1828,1261566,1261566,16,16,0,0,20,4,16,64,"0x0","0x7faafa589040",4181228572025462,4181228572263444,4181228572268211,4181228572292799,4767
1592,"loop_remainder_fusion_1.kd",2,8,1829,1261566,1261566,4096,256,0,0,12,4,16,64,"0x0","0x7faafa589140",4181228572032422,4181228572268211,4181228572275261,4181228572327160,7050
1593,"loop_select_fusion_3.kd",2,8,1830,1261566,1261566,4096,256,0,0,8,0,32,64,"0x0","0x7faafa589180",4181228572040013,4181228572275261,4181228572280108,4181228572344817,4847
1594,"loop_reduce_window_fusion_18.kd",2,8,1831,1261566,1261566,4096,256,0,0,8,0,16,64,"0x0","0x7faafa589100",4181228572046693,4181228572280108,4181228572284916,4181228572338898,4808
1595,"loop_slice_fusion_1.kd",2,8,1832,1261566,1261566,16,16,0,0,20,4,16,64,"0x0","0x7faafa589040",4181228572081605,4181228572284916,4181228572289683,4181228572350565,4767
1596,"input_concatenate_fusion_1.kd",2,8,1833,1261566,1261566,4096,256,0,0,8,0,32,64,"0x0","0x7faafa5891c0",4181228572096207,4181228572289683,4181228572295692,4181228572332899,6009
1597,"loop_compare_fusion_1.kd",2,8,1834,1261566,1261566,8192,256,0,0,4,4,16,64,"0x0","0x7faafa589200",4181228572104279,4181228572295692,4181228572300739,4181228572405537,5047
1598,"input_reduce_reduce_window_fusion_1.kd",2,8,1835,1261566,1261566,512,512,512,0,20,4,48,64,"0x0","0x7faafa589240",4181228572118150,4181228572300739,4181228572318165,4181228572410735,17426
1599,"loop_reduce_window_fusion_8.kd",2,8,1836,1261566,1261566,32,32,0,0,32,0,16,64,"0x0","0x7faafa589280",4181228572130298,4181228572318165,4181228572326898,4181228572366118,8733
1600,"loop_broadcast_fusion_1.kd",2,8,1837,1261566,1261566,8192,256,0,0,4,4,16,64,"0x0","0x7faafa5892c0",4181228572232129,4181228572326898,4181228572331986,4181228572393749,5088
1601,"input_scatter_fusion_1.kd",2,8,1838,1261566,1261566,8192,256,0,0,8,0,32,64,"0x0","0x7faafa589300",4181228572241022,4181228572331986,4181228572337514,4181228572399738,5528
1602,"loop_reduce_window_fusion_7.kd",2,8,1839,1261566,1261566,8192,256,0,0,8,0,16,64,"0x0","0x7faafa589340",4181228572303515,4181228572372205,4181228572376292,4181228572381241,4087
1603,"loop_reduce_window_fusion_6.kd",2,8,1840,1261566,1261566,512,256,0,0,8,0,16,64,"0x0","0x7faafa589380",4181228572373860,4181228572386106,4181228572391554,4181228572418336,5448
1604,"loop_reduce_window_fusion_5.kd",2,8,1841,1261566,1261566,32,32,0,0,8,0,16,64,"0x0","0x7faafa5893c0",4181228572385197,4181228572424643,4181228572429170,4181228572452667,4527
1605,"loop_select_fusion_5.kd",2,8,1842,1261566,1261566,8192,256,0,0,8,0,32,64,"0x0","0x7faafa589400",4181228572450734,4181228572467147,4181228572470432,4181228572472236,3285
1606,"loop_select_fusion_1.kd",2,8,1843,1261566,1261566,8192,256,0,0,8,0,16,64,"0x0","0x7faafa589440",4181228572466337,4181228572475679,4181228572478283,4181228572481119,2604
1607,"loop_broadcast_fusion_4.kd",2,8,1844,1261566,1261566,16,16,0,0,4,4,16,64,"0x0","0x7faafa589480",4181228572474279,4181228572484613,4181228572486255,4181228572486177,1642
1608,"__amd_rocclr_fillBufferAligned.kd",2,8,1845,1261566,1261566,77824,256,0,0,12,4,48,64,"0x0","0x7fc36f653580",4181228572488310,4181228572501918,4181228572517341,4181228572518034,15423
1609,"__amd_rocclr_fillBufferAligned.kd",2,8,1846,1261566,1261566,16128,256,0,0,12,4,48,64,"0x0","0x7fc36f653580",4181228572499387,4181228572517341,4181228572522269,4181228572523553,4928
1610,"transformer_engine::fused_attn_rocm::populate_rng_state_kernel(long*, long const*, long) [clone .kd]",2,8,1847,1261566,1261566,1,1,0,0,8,0,16,64,"0x0","0x7faafa5a5380",4181228572511064,4181228572522269,4181228572526395,4181228572537924,4126
1611,"__amd_rocclr_fillBufferAligned.kd",2,8,1848,1261566,1261566,256,256,0,0,12,4,48,64,"0x0","0x7fc36f653580",4181228572520738,4181228572530441,4181228572531122,4181228572543753,681
1612,"ck_fused_attn::get_runtime_max_seqlen_kernel(unsigned long, int const*, int const*, unsigned long*) [clone .kd]",2,8,1849,1261566,1261566,4096,128,0,0,4,4,32,64,"0x0","0x7faafa570940",4181228572528330,4181228572543620,4181228572549429,4181228572552506,5809
1613,"__amd_rocclr_copyBuffer.kd",2,8,1850,1261566,1261566,512,512,0,0,16,0,32,64,"0x7feb7cc72580","0x7fc36f653600",4181228572543853,4181228572559644,4181228572566414,4181228572568209,6770
1614,"__amd_rocclr_fillBufferAligned.kd",2,8,1852,1261566,1261566,256,256,0,0,12,4,48,64,"0x0","0x7fc36f653580",4181228572585314,4181228572597981,4181228572599944,4181228572625624,1963
1615,"ck_fused_attn::get_runtime_max_seqlen_kernel(unsigned long, int const*, int const*, unsigned long*) [clone .kd]",2,8,1853,1261566,1261566,4096,128,0,0,4,4,32,64,"0x0","0x7faafa570940",4181228572597362,4181228572605873,4181228572614285,4181228572635749,8412
1616,"__amd_rocclr_copyBuffer.kd",2,8,1854,1261566,1261566,512,512,0,0,16,0,32,64,"0x7feb7cde9380","0x7fc36f653600",4181228572604673,4181228572614285,4181228572620855,4181228572630722,6570
1617,"void transformer_engine::fused_attn_rocm::compute_scores_kernel<hip_bfloat16, transformer_engine::fused_attn_rocm::SmallSeqConfig<4, 128, 256, false, (transformer_engine::fused_attn_rocm::CausalMaskType)0>, 1>(hip_bfloat16 const*, hip_bfloat16 const*, hip_bfloat16*, float, int const*, int const*, int, int) [clone .kd]",2,8,1856,1261566,1261566,64000,64,0,0,112,0,32,64,"0x0","0x7faaf354f440",4181228572646545,4181228572656548,4181228572675697,4181228572676430,19149
1618,"void transformer_engine::fused_attn_rocm::apply_mask_and_softmax_kernel<hip_bfloat16, transformer_engine::fused_attn_rocm::SmallSeqConfig<4, 128, 256, false, (transformer_engine::fused_attn_rocm::CausalMaskType)0> >(hip_bfloat16*, hip_bfloat16 const*, float, int const*, int, int) [clone .kd]",2,8,1857,1261566,1261566,256000,256,1024,0,12,4,16,64,"0x0","0x7faaf354f480",4181228572657532,4181228572675697,4181228572681706,4181228572682799,6009
1619,"void transformer_engine::fused_attn_rocm::compute_output_kernel<hip_bfloat16, transformer_engine::fused_attn_rocm::SmallSeqConfig<4, 128, 256, false, (transformer_engine::fused_attn_rocm::CausalMaskType)0>, 2, 8>(hip_bfloat16 const*, hip_bfloat16 const*, hip_bfloat16*, int const*, int const*, int, int) [clone .kd]",2,8,1858,1261566,1261566,512000,64,8192,0,28,4,48,64,"0x0","0x7faaf354f4c0",4181228572665283,4181228572681706,4181228572733663,4181228572738833,51957
1620,"loop_broadcast_fusion_5.kd",2,8,1859,1261566,1261566,2048000,256,0,0,4,4,16,64,"0x0","0x7faafa5894c0",4181228572682178,4181228572733663,4181228572741955,4181228572748737,8292
1621,"__amd_rocclr_fillBufferAligned.kd",2,8,1860,1261566,1261566,77824,256,0,0,12,4,48,64,"0x0","0x7fc36f653580",4181228572701998,4181228572741955,4181228572748886,4181228572754806,6931
1622,"__amd_rocclr_fillBufferAligned.kd",2,8,1861,1261566,1261566,77824,256,0,0,12,4,48,64,"0x0","0x7fc36f653580",4181228572708417,4181228572748886,4181228572761945,4181228572762488,13059
1623,"__amd_rocclr_fillBufferAligned.kd",2,8,1862,1261566,1261566,77824,256,0,0,12,4,48,64,"0x0","0x7fc36f653580",4181228572716259,4181228572761945,4181228572774844,4181228572778001,12899
1624,"__amd_rocclr_fillBufferAligned.kd",2,8,1863,1261566,1261566,256,256,0,0,12,4,48,64,"0x0","0x7fc36f653580",4181228572722879,4181228572774844,4181228572779571,4181228572784901,4727
1625,"ck_fused_attn::get_runtime_max_seqlen_kernel(unsigned long, int const*, int const*, unsigned long*) [clone .kd]",2,8,1864,1261566,1261566,4096,128,0,0,4,4,32,64,"0x0","0x7faafa570940",4181228572730110,4181228572779571,4181228572785460,4181228572789809,5889
1626,"__amd_rocclr_copyBuffer.kd",2,8,1865,1261566,1261566,512,512,0,0,16,0,32,64,"0x7feb7cde9280","0x7fc36f653600",4181228572738392,4181228572785460,4181228572790828,4181228572796098,5368
1627,"__amd_rocclr_fillBufferAligned.kd",2,8,1867,1261566,1261566,256,256,0,0,12,4,48,64,"0x0","0x7fc36f653580",4181228572813354,4181228572826000,4181228572828204,4181228572829908,2204
1628,"ck_fused_attn::get_runtime_max_seqlen_kernel(unsigned long, int const*, int const*, unsigned long*) [clone .kd]",2,8,1868,1261566,1261566,4096,128,0,0,4,4,32,64,"0x0","0x7faafa570940",4181228572824510,4181228572832971,4181228572838980,4181228572840945,6009
1629,"__amd_rocclr_copyBuffer.kd",2,8,1869,1261566,1261566,512,512,0,0,16,0,32,64,"0x7feb7cde9180","0x7fc36f653600",4181228572831480,4181228572856686,4181228572863136,4181228572867644,6450
1630,"void transformer_engine::fused_attn_rocm::compute_grad_v_kernel<hip_bfloat16, transformer_engine::fused_attn_rocm::SmallSeqConfig<4, 128, 256, false, (transformer_engine::fused_attn_rocm::CausalMaskType)0>, 16, 16>(hip_bfloat16 const*, hip_bfloat16 const*, hip_bfloat16*, int const*, int const*, int, int) [clone .kd]",2,8,1871,1261566,1261566,256000,64,8192,0,32,0,48,64,"0x0","0x7faaf3550f00",4181228572883177,4181228572892860,4181228573002984,4181228573009435,110124
1631,"void transformer_engine::fused_attn_rocm::compute_grad_attn_kernel<hip_bfloat16, transformer_engine::fused_attn_rocm::SmallSeqConfig<4, 128, 256, false, (transformer_engine::fused_attn_rocm::CausalMaskType)0>, 16>(hip_bfloat16 const*, hip_bfloat16 const*, hip_bfloat16*, int const*, int const*, int, int) [clone .kd]",2,8,1872,1261566,1261566,8000,64,0,0,116,4,48,64,"0x0","0x7faaf3550f40",4181228572891380,4181228573002984,4181228573155130,4181228573166889,152146
1632,"void transformer_engine::fused_attn_rocm::softmax_backward_kernel<hip_bfloat16, transformer_engine::fused_attn_rocm::SmallSeqConfig<4, 128, 256, false, (transformer_engine::fused_attn_rocm::CausalMaskType)0> >(hip_bfloat16 const*, hip_bfloat16 const*, hip_bfloat16*, float, int const*, int, int) [clone .kd]",2,8,1873,1261566,1261566,256000,256,1024,0,12,4,16,64,"0x0","0x7faaf3550f80",4181228572902146,4181228573155130,4181228573160818,4181228573173329,5688
1633,"void transformer_engine::fused_attn_rocm::compute_grad_qk_kernel<hip_bfloat16, transformer_engine::fused_attn_rocm::SmallSeqConfig<4, 128, 256, false, (transformer_engine::fused_attn_rocm::CausalMaskType)0>, 4, 16>(hip_bfloat16 const*, hip_bfloat16 const*, hip_bfloat16 const*, hip_bfloat16*, hip_bfloat16*, float, int const*, int const*, int, int) [clone .kd]",2,8,1874,1261566,1261566,1024000,64,8192,0,36,4,48,64,"0x0","0x7faaf3550fc0",4181228572910568,4181228573160818,4181228573280677,4181228573283363,119859
1634,"input_reduce_fusion.kd",2,8,1875,1261566,1261566,524288,256,512,0,16,0,16,64,"0x0","0x7faafa589500",4181228572919231,4181228573280677,4181228573287727,4181228573291304,7050
1635,"input_reduce_fusion_2.kd",2,8,1876,1261566,1261566,128,128,512,0,24,0,16,64,"0x0","0x7faafa589540",4181228572926412,4181228573287727,4181228573293496,4181228573297273,5769
1636,"loop_convert_fusion.kd",2,8,1877,1261566,1261566,1,1,0,0,4,4,16,64,"0x0","0x7faafa589580",4181228572933372,4181228573293496,4181228573297542,4181228573302822,4046
1637,"loop_compare_fusion.kd",2,8,1880,1261566,1261566,16128,256,0,0,4,4,16,64,"0x0","0x7faafa588b00",4181228573020952,4181228573309880,4181228573315528,4181228573334789,5648
1638,"input_reduce_reduce_window_fusion_2.kd",2,8,1881,1261566,1261566,1024,1024,512,0,20,4,48,64,"0x0","0x7faafa588b40",4181228573030517,4181228573315528,4181228573339845,4181228573340518,24317
1639,"loop_reduce_window_fusion_16.kd",2,8,1882,1261566,1261566,1024,256,0,0,8,0,16,64,"0x0","0x7faafa588b80",4181228573037146,4181228573339845,4181228573344972,4181228573346316,5127
1640,"loop_reduce_window_fusion_15.kd",2,8,1883,1261566,1261566,64,64,0,0,8,0,16,64,"0x0","0x7faafa588bc0",4181228573045098,4181228573344972,4181228573349619,4181228573353667,4647
1641,"loop_broadcast_fusion_2.kd",2,8,1884,1261566,1261566,16128,256,0,0,4,4,16,64,"0x0","0x7faafa588c00",4181228573051668,4181228573349619,4181228573354506,4181228573359446,4887
1642,"input_scatter_fusion_2.kd",2,8,1885,1261566,1261566,16128,256,0,0,12,4,32,64,"0x0","0x7faafa588c40",4181228573061162,4181228573354506,4181228573359153,4181228573364784,4647
1643,"loop_reduce_window_fusion_14.kd",2,8,1886,1261566,1261566,16128,256,0,0,8,0,16,64,"0x0","0x7faafa588c80",4181228573069364,4181228573359153,4181228573363960,4181228573370672,4807
1644,"loop_reduce_window_fusion_16.kd",2,8,1887,1261566,1261566,1024,256,0,0,8,0,16,64,"0x0","0x7faafa588b80",4181228573076375,4181228573363960,4181228573369048,4181228573376181,5088
1645,"loop_reduce_window_fusion_15.kd",2,8,1888,1261566,1261566,64,64,0,0,8,0,16,64,"0x0","0x7faafa588bc0",4181228573084046,4181228573369048,4181228573373735,4181228573382039,4687
1646,"loop_select_fusion_4.kd",2,8,1889,1261566,1261566,16128,256,0,0,12,4,32,64,"0x0","0x7faafa588cc0",4181228573091768,4181228573373735,4181228573378702,4181228573387808,4967
1647,"loop_select_fusion_2.kd",2,8,1890,1261566,1261566,16128,256,0,0,4,4,16,64,"0x0","0x7faafa588d00",4181228573099429,4181228573378702,4181228573383429,4181228573393737,4727
1648,"loop_reduce_window_fusion_14.kd",2,8,1891,1261566,1261566,16128,256,0,0,8,0,16,64,"0x0","0x7faafa588c80",4181228573106439,4181228573383429,4181228573388156,4181228573399285,4727
1649,"loop_reduce_window_fusion_16.kd",2,8,1892,1261566,1261566,1024,256,0,0,8,0,16,64,"0x0","0x7faafa588b80",4181228573112849,4181228573388156,4181228573393004,4181228573404773,4848
1650,"loop_reduce_window_fusion_15.kd",2,8,1893,1261566,1261566,64,64,0,0,8,0,16,64,"0x0","0x7faafa588bc0",4181228573119929,4181228573393004,4181228573397691,4181228573409861,4687
1651,"input_concatenate_fusion.kd",2,8,1894,1261566,1261566,16128,256,0,0,12,4,32,64,"0x0","0x7faafa588d40",4181228573126810,4181228573397691,4181228573402698,4181228573415579,5007
1652,"input_reduce_reduce_window_fusion.kd",2,8,1895,1261566,1261566,8192,256,0,0,24,0,48,64,"0x0","0x7faafa588d80",4181228573134071,4181228573402698,4181228573412432,4181228573449770,9734
1653,"loop_reduce_window_fusion_4.kd",2,8,1896,1261566,1261566,1280,256,0,0,8,0,16,64,"0x0","0x7faafa588dc0",4181228573141251,4181228573412432,4181228573417480,4181228573432615,5048
1654,"loop_reduce_window_fusion_3.kd",2,8,1897,1261566,1261566,80,80,0,0,8,0,16,64,"0x0","0x7faafa588e00",4181228573148362,4181228573417480,4181228573422127,4181228573427116,4647
1655,"loop_broadcast_fusion.kd",2,8,1898,1261566,1261566,20224,256,0,0,4,4,16,64,"0x0","0x7faafa588e40",4181228573155232,4181228573422127,4181228573427054,4181228573455338,4927
1656,"input_scatter_fusion.kd",2,8,1899,1261566,1261566,20224,256,0,0,12,4,32,64,"0x0","0x7faafa588e80",4181228573162613,4181228573427054,4181228573431821,4181228573461147,4767
1657,"loop_reduce_window_fusion_2.kd",2,8,1900,1261566,1261566,20224,256,0,0,8,0,16,64,"0x0","0x7faafa588ec0",4181228573170024,4181228573431821,4181228573436628,4181228573466595,4807
1658,"loop_reduce_window_fusion_4.kd",2,8,1901,1261566,1261566,1280,256,0,0,8,0,16,64,"0x0","0x7faafa588dc0",4181228573178587,4181228573436628,4181228573441716,4181228573443991,5088
1659,"loop_reduce_window_fusion_3.kd",2,8,1902,1261566,1261566,80,80,0,0,8,0,16,64,"0x0","0x7faafa588e00",4181228573187650,4181228573441716,4181228573446403,4181228573485954,4687
1660,"loop_remainder_fusion.kd",2,8,1903,1261566,1261566,20224,256,0,0,12,4,32,64,"0x0","0x7faafa588f00",4181228573195111,4181228573446403,4181228573451290,4181228573491953,4887
1661,"input_reduce_fusion_1.kd",2,8,1904,1261566,1261566,64,64,0,0,8,0,16,64,"0x0","0x7faafa588f40",4181228573202072,4181228573451290,4181228573455857,4181228573497661,4567
1662,"loop_select_fusion.kd",2,8,1905,1261566,1261566,20224,256,0,0,8,0,32,64,"0x0","0x7faafa588f80",4181228573210514,4181228573455857,4181228573460824,4181228573480456,4967
1663,"loop_compare_fusion_2.kd",2,8,1906,1261566,1261566,4096,256,0,0,4,4,16,64,"0x0","0x7faafa588fc0",4181228573218126,4181228573460824,4181228573465832,4181228573475098,5008
1664,"input_reduce_reduce_window_fusion_3.kd",2,8,1907,1261566,1261566,256,256,512,0,20,4,32,64,"0x0","0x7faafa589000",4181228573226097,4181228573465832,4181228573481415,4181228573530620,15583
1665,"loop_slice_fusion_1.kd",2,8,1908,1261566,1261566,16,16,0,0,20,4,16,64,"0x0","0x7faafa589040",4181228573232377,4181228573481415,4181228573486222,4181228573536169,4807
1666,"loop_broadcast_fusion_3.kd",2,8,1909,1261566,1261566,4096,256,0,0,4,4,16,64,"0x0","0x7faafa589080",4181228573239878,4181228573486222,4181228573491190,4181228573517921,4968
1667,"input_scatter_fusion_3.kd",2,8,1910,1261566,1261566,4096,256,0,0,8,0,32,64,"0x0","0x7faafa5890c0",4181228573247649,4181228573491190,4181228573497359,4181228573512994,6169
1668,"loop_reduce_window_fusion_18.kd",2,8,1911,1261566,1261566,4096,256,0,0,8,0,16,64,"0x0","0x7faafa589100",4181228573255441,4181228573497359,4181228573502206,4181228573505803,4847
1669,"loop_slice_fusion_1.kd",2,8,1912,1261566,1261566,16,16,0,0,20,4,16,64,"0x0","0x7faafa589040",4181228573262842,4181228573502206,4181228573507013,4181228573592803,4807
1670,"loop_remainder_fusion_1.kd",2,8,1913,1261566,1261566,4096,256,0,0,12,4,16,64,"0x0","0x7faafa589140",4181228573270123,4181228573507013,4181228573513863,4181228573541867,6850
1671,"loop_select_fusion_3.kd",2,8,1914,1261566,1261566,4096,256,0,0,8,0,32,64,"0x0","0x7faafa589180",4181228573278365,4181228573513863,4181228573518630,4181228573547576,4767
1672,"loop_reduce_window_fusion_18.kd",2,8,1915,1261566,1261566,4096,256,0,0,8,0,16,64,"0x0","0x7faafa589100",4181228573284995,4181228573518630,4181228573523398,4181228573523990,4768
1673,"loop_slice_fusion_1.kd",2,8,1916,1261566,1261566,16,16,0,0,20,4,16,64,"0x0","0x7faafa589040",4181228573316983,4181228573523398,4181228573528165,4181228573567886,4767
1674,"input_concatenate_fusion_1.kd",2,8,1917,1261566,1261566,4096,256,0,0,8,0,32,64,"0x0","0x7faafa5891c0",4181228573325315,4181228573528165,4181228573534013,4181228573562237,5848
1675,"loop_compare_fusion_1.kd",2,8,1918,1261566,1261566,8192,256,0,0,4,4,16,64,"0x0","0x7faafa589200",4181228573332926,4181228573534013,4181228573539021,4181228573555617,5008
1676,"input_reduce_reduce_window_fusion_1.kd",2,8,1919,1261566,1261566,512,512,512,0,20,4,48,64,"0x0","0x7faafa589240",4181228573438373,4181228573539021,4181228573556286,4181228573573604,17265
1677,"loop_reduce_window_fusion_8.kd",2,8,1920,1261566,1261566,32,32,0,0,32,0,16,64,"0x0","0x7faafa589280",4181228573480806,4181228573556286,4181228573566381,4181228573580134,10095
1678,"loop_broadcast_fusion_1.kd",2,8,1921,1261566,1261566,8192,256,0,0,4,4,16,64,"0x0","0x7faafa5892c0",4181228573492213,4181228573566381,4181228573571349,4181228573587365,4968
1679,"input_scatter_fusion_1.kd",2,8,1922,1261566,1261566,8192,256,0,0,8,0,32,64,"0x0","0x7faafa589300",4181228573513695,4181228573571349,4181228573577037,4181228573643949,5688
1680,"loop_reduce_window_fusion_7.kd",2,8,1923,1261566,1261566,8192,256,0,0,8,0,16,64,"0x0","0x7faafa589340",4181228573522749,4181228573577037,4181228573582125,4181228573601245,5088
1681,"loop_reduce_window_fusion_6.kd",2,8,1924,1261566,1261566,512,256,0,0,8,0,16,64,"0x0","0x7faafa589380",4181228573563169,4181228573582125,4181228573586932,4181228573638681,4807
1682,"loop_reduce_window_fusion_5.kd",2,8,1925,1261566,1261566,32,32,0,0,8,0,16,64,"0x0","0x7faafa5893c0",4181228573573224,4181228573607483,4181228573611969,4181228573632432,4486
1683,"loop_select_fusion_5.kd",2,8,1926,1261566,1261566,8192,256,0,0,8,0,32,64,"0x0","0x7faafa589400",4181228573630519,4181228573658318,4181228573661883,4181228573663889,3565
1684,"loop_select_fusion_1.kd",2,8,1927,1261566,1261566,8192,256,0,0,8,0,16,64,"0x0","0x7faafa589440",4181228573658511,4181228573667532,4181228573670456,4181228573673353,2924
1685,"loop_broadcast_fusion_4.kd",2,8,1928,1261566,1261566,16,16,0,0,4,4,16,64,"0x0","0x7faafa589480",4181228573666913,4181228573677226,4181228573679069,4181228573683137,1843
1686,"__amd_rocclr_fillBufferAligned.kd",2,8,1929,1261566,1261566,77824,256,0,0,12,4,48,64,"0x0","0x7fc36f653580",4181228573681975,4181228573698458,4181228573712959,4181228573714924,14501
1687,"__amd_rocclr_fillBufferAligned.kd",2,8,1930,1261566,1261566,16128,256,0,0,12,4,48,64,"0x0","0x7fc36f653580",4181228573696126,4181228573712959,4181228573717807,4181228573722115,4848
1688,"transformer_engine::fused_attn_rocm::populate_rng_state_kernel(long*, long const*, long) [clone .kd]",2,8,1931,1261566,1261566,1,1,0,0,8,0,16,64,"0x0","0x7faafa5a5380",4181228573706191,4181228573717807,4181228573721933,4181228573739801,4126
1689,"__amd_rocclr_fillBufferAligned.kd",2,8,1932,1261566,1261566,256,256,0,0,12,4,48,64,"0x0","0x7fc36f653580",4181228573715766,4181228573730425,4181228573732428,4181228573758840,2003
1690,"ck_fused_attn::get_runtime_max_seqlen_kernel(unsigned long, int const*, int const*, unsigned long*) [clone .kd]",2,8,1933,1261566,1261566,4096,128,0,0,4,4,32,64,"0x0","0x7faafa570940",4181228573731469,4181228573745288,4181228573751136,4181228573752661,5848
1691,"__amd_rocclr_copyBuffer.kd",2,8,1934,1261566,1261566,512,512,0,0,16,0,32,64,"0x7feb7cc73a00","0x7fc36f653600",4181228573746972,4181228573774170,4181228573780620,4181228573785529,6450
1692,"__amd_rocclr_fillBufferAligned.kd",2,8,1936,1261566,1261566,256,256,0,0,12,4,48,64,"0x0","0x7fc36f653580",4181228573803216,4181228573812347,4181228573814350,4181228573848263,2003
1693,"ck_fused_attn::get_runtime_max_seqlen_kernel(unsigned long, int const*, int const*, unsigned long*) [clone .kd]",2,8,1937,1261566,1261566,4096,128,0,0,4,4,32,64,"0x0","0x7faafa570940",4181228573814963,4181228573824245,4181228573830174,4181228573858278,5929
1694,"__amd_rocclr_copyBuffer.kd",2,8,1938,1261566,1261566,512,512,0,0,16,0,32,64,"0x7feb7cde8e80","0x7fc36f653600",4181228573825629,4181228573834981,4181228573840269,4181228573853611,5288
1695,"void transformer_engine::fused_attn_rocm::compute_scores_kernel<hip_bfloat16, transformer_engine::fused_attn_rocm::SmallSeqConfig<4, 128, 256, false, (transformer_engine::fused_attn_rocm::CausalMaskType)0>, 1>(hip_bfloat16 const*, hip_bfloat16 const*, hip_bfloat16*, float, int const*, int const*, int, int) [clone .kd]",2,8,1940,1261566,1261566,64000,64,0,0,112,0,32,64,"0x0","0x7faaf354f440",4181228573871357,4181228573880769,4181228573898676,4181228573906139,17907
1696,"void transformer_engine::fused_attn_rocm::apply_mask_and_softmax_kernel<hip_bfloat16, transformer_engine::fused_attn_rocm::SmallSeqConfig<4, 128, 256, false, (transformer_engine::fused_attn_rocm::CausalMaskType)0> >(hip_bfloat16*, hip_bfloat16 const*, float, int const*, int, int) [clone .kd]",2,8,1941,1261566,1261566,256000,256,1024,0,12,4,16,64,"0x0","0x7faaf354f480",4181228573878648,4181228573898676,4181228573903923,4181228573913299,5247
1697,"void transformer_engine::fused_attn_rocm::compute_output_kernel<hip_bfloat16, transformer_engine::fused_attn_rocm::SmallSeqConfig<4, 128, 256, false, (transformer_engine::fused_attn_rocm::CausalMaskType)0>, 2, 8>(hip_bfloat16 const*, hip_bfloat16 const*, hip_bfloat16*, int const*, int const*, int, int) [clone .kd]",2,8,1942,1261566,1261566,512000,64,8192,0,28,4,48,64,"0x0","0x7faaf354f4c0",4181228573886900,4181228573903923,4181228573956241,4181228573963694,52318
1698,"loop_broadcast_fusion_5.kd",2,8,1943,1261566,1261566,2048000,256,0,0,4,4,16,64,"0x0","0x7faafa5894c0",4181228573902543,4181228573956241,4181228573964453,4181228573969904,8212
1699,"__amd_rocclr_fillBufferAligned.kd",2,8,1944,1261566,1261566,77824,256,0,0,12,4,48,64,"0x0","0x7fc36f653580",4181228573916003,4181228573964453,4181228573971264,4181228573976433,6811
1700,"__amd_rocclr_fillBufferAligned.kd",2,8,1945,1261566,1261566,77824,256,0,0,12,4,48,64,"0x0","0x7fc36f653580",4181228573927270,4181228573971264,4181228573984163,4181228573984005,12899
1701,"__amd_rocclr_fillBufferAligned.kd",2,8,1946,1261566,1261566,77824,256,0,0,12,4,48,64,"0x0","0x7fc36f653580",4181228573934191,4181228573984163,4181228573997142,4181228574000149,12979
1702,"__amd_rocclr_fillBufferAligned.kd",2,8,1947,1261566,1261566,256,256,0,0,12,4,48,64,"0x0","0x7fc36f653580",4181228573942102,4181228573997142,4181228574001869,4181228574006408,4727
1703,"ck_fused_attn::get_runtime_max_seqlen_kernel(unsigned long, int const*, int const*, unsigned long*) [clone .kd]",2,8,1948,1261566,1261566,4096,128,0,0,4,4,32,64,"0x0","0x7faafa570940",4181228573948091,4181228574001869,4181228574007798,4181228574013178,5929
1704,"__amd_rocclr_copyBuffer.kd",2,8,1949,1261566,1261566,512,512,0,0,16,0,32,64,"0x7feb7cde8d80","0x7fc36f653600",4181228573956614,4181228574007798,4181228574014608,4181228574017845,6810
1705,"__amd_rocclr_fillBufferAligned.kd",2,8,1951,1261566,1261566,256,256,0,0,12,4,48,64,"0x0","0x7fc36f653580",4181228574033719,4181228574047657,4181228574049861,4181228574051165,2204
1706,"ck_fused_attn::get_runtime_max_seqlen_kernel(unsigned long, int const*, int const*, unsigned long*) [clone .kd]",2,8,1952,1261566,1261566,4096,128,0,0,4,4,32,64,"0x0","0x7faafa570940",4181228574045807,4181228574054628,4181228574063401,4181228574069442,8773
1707,"__amd_rocclr_copyBuffer.kd",2,8,1953,1261566,1261566,512,512,0,0,16,0,32,64,"0x7feb7cde8c80","0x7fc36f653600",4181228574053608,4181228574063401,4181228574069089,4181228574074720,5688
1708,"void transformer_engine::fused_attn_rocm::compute_grad_v_kernel<hip_bfloat16, transformer_engine::fused_attn_rocm::SmallSeqConfig<4, 128, 256, false, (transformer_engine::fused_attn_rocm::CausalMaskType)0>, 16, 16>(hip_bfloat16 const*, hip_bfloat16 const*, hip_bfloat16*, int const*, int const*, int, int) [clone .kd]",2,8,1955,1261566,1261566,256000,64,8192,0,32,0,48,64,"0x0","0x7faaf3550f00",4181228574090864,4181228574104101,4181228574219313,4181228574219465,115212
1709,"void transformer_engine::fused_attn_rocm::compute_grad_attn_kernel<hip_bfloat16, transformer_engine::fused_attn_rocm::SmallSeqConfig<4, 128, 256, false, (transformer_engine::fused_attn_rocm::CausalMaskType)0>, 16>(hip_bfloat16 const*, hip_bfloat16 const*, hip_bfloat16*, int const*, int const*, int, int) [clone .kd]",2,8,1956,1261566,1261566,8000,64,0,0,116,4,48,64,"0x0","0x7faaf3550f40",4181228574102200,4181228574219313,4181228574371539,4181228574374896,152226
1710,"void transformer_engine::fused_attn_rocm::softmax_backward_kernel<hip_bfloat16, transformer_engine::fused_attn_rocm::SmallSeqConfig<4, 128, 256, false, (transformer_engine::fused_attn_rocm::CausalMaskType)0> >(hip_bfloat16 const*, hip_bfloat16 const*, hip_bfloat16*, float, int const*, int, int) [clone .kd]",2,8,1957,1261566,1261566,256000,256,1024,0,12,4,16,64,"0x0","0x7faaf3550f80",4181228574109491,4181228574371539,4181228574377388,4181228574385111,5849
1711,"void transformer_engine::fused_attn_rocm::compute_grad_qk_kernel<hip_bfloat16, transformer_engine::fused_attn_rocm::SmallSeqConfig<4, 128, 256, false, (transformer_engine::fused_attn_rocm::CausalMaskType)0>, 4, 16>(hip_bfloat16 const*, hip_bfloat16 const*, hip_bfloat16 const*, hip_bfloat16*, hip_bfloat16*, float, int const*, int const*, int, int) [clone .kd]",2,8,1958,1261566,1261566,1024000,64,8192,0,36,4,48,64,"0x0","0x7faaf3550fc0",4181228574118034,4181228574377388,4181228574496004,4181228574510267,118616
1712,"input_reduce_fusion.kd",2,8,1959,1261566,1261566,524288,256,512,0,16,0,16,64,"0x0","0x7faafa589500",4181228574125826,4181228574496004,4181228574503415,4181228574517688,7411
1713,"input_reduce_fusion_2.kd",2,8,1960,1261566,1261566,128,128,512,0,24,0,16,64,"0x0","0x7faafa589540",4181228574133737,4181228574503415,4181228574508062,4181228574523908,4647
1714,"loop_convert_fusion.kd",2,8,1961,1261566,1261566,1,1,0,0,4,4,16,64,"0x0","0x7faafa589580",4181228574141619,4181228574508062,4181228574512188,4181228574529326,4126
1715,"loop_compare_fusion.kd",2,8,1964,1261566,1261566,16128,256,0,0,4,4,16,64,"0x0","0x7faafa588b00",4181228574228028,4181228574524006,4181228574529894,4181228574537308,5888
1716,"input_reduce_reduce_window_fusion_2.kd",2,8,1965,1261566,1261566,1024,1024,512,0,20,4,48,64,"0x0","0x7faafa588b40",4181228574237241,4181228574529894,4181228574555132,4181228574557978,25238
1717,"loop_reduce_window_fusion_16.kd",2,8,1966,1261566,1261566,1024,256,0,0,8,0,16,64,"0x0","0x7faafa588b80",4181228574245143,4181228574555132,4181228574559859,4181228574573842,4727
1718,"loop_reduce_window_fusion_15.kd",2,8,1967,1261566,1261566,64,64,0,0,8,0,16,64,"0x0","0x7faafa588bc0",4181228574252093,4181228574559859,4181228574566028,4181228574579791,6169
1719,"loop_broadcast_fusion_2.kd",2,8,1968,1261566,1261566,16128,256,0,0,4,4,16,64,"0x0","0x7faafa588c00",4181228574259745,4181228574566028,4181228574570955,4181228574587532,4927
1720,"input_scatter_fusion_2.kd",2,8,1969,1261566,1261566,16128,256,0,0,12,4,32,64,"0x0","0x7faafa588c40",4181228574267827,4181228574570955,4181228574575602,4181228574592840,4647
1721,"loop_reduce_window_fusion_14.kd",2,8,1970,1261566,1261566,16128,256,0,0,8,0,16,64,"0x0","0x7faafa588c80",4181228574276349,4181228574575602,4181228574580450,4181228574598589,4848
1722,"loop_reduce_window_fusion_16.kd",2,8,1971,1261566,1261566,1024,256,0,0,8,0,16,64,"0x0","0x7faafa588b80",4181228574283300,4181228574580450,4181228574585417,4181228574603806,4967
1723,"loop_reduce_window_fusion_15.kd",2,8,1972,1261566,1261566,64,64,0,0,8,0,16,64,"0x0","0x7faafa588bc0",4181228574290200,4181228574585417,4181228574590064,4181228574609675,4647
1724,"loop_select_fusion_4.kd",2,8,1973,1261566,1261566,16128,256,0,0,12,4,32,64,"0x0","0x7faafa588cc0",4181228574297932,4181228574590064,4181228574594951,4181228574615434,4887
1725,"loop_select_fusion_2.kd",2,8,1974,1261566,1261566,16128,256,0,0,4,4,16,64,"0x0","0x7faafa588d00",4181228574305302,4181228574594951,4181228574599678,4181228574621172,4727
1726,"loop_reduce_window_fusion_14.kd",2,8,1975,1261566,1261566,16128,256,0,0,8,0,16,64,"0x0","0x7faafa588c80",4181228574313114,4181228574599678,4181228574604365,4181228574626791,4687
1727,"loop_reduce_window_fusion_16.kd",2,8,1976,1261566,1261566,1024,256,0,0,8,0,16,64,"0x0","0x7faafa588b80",4181228574320185,4181228574604365,4181228574609252,4181228574632199,4887
1728,"loop_reduce_window_fusion_15.kd",2,8,1977,1261566,1261566,64,64,0,0,8,0,16,64,"0x0","0x7faafa588bc0",4181228574327315,4181228574609252,4181228574613899,4181228574637767,4647
1729,"input_concatenate_fusion.kd",2,8,1978,1261566,1261566,16128,256,0,0,12,4,32,64,"0x0","0x7faafa588d40",4181228574334416,4181228574613899,4181228574618867,4181228574654792,4968
1730,"input_reduce_reduce_window_fusion.kd",2,8,1979,1261566,1261566,8192,256,0,0,24,0,48,64,"0x0","0x7faafa588d80",4181228574341807,4181228574618867,4181228574628080,4181228574649354,9213
1731,"loop_reduce_window_fusion_4.kd",2,8,1980,1261566,1261566,1280,256,0,0,8,0,16,64,"0x0","0x7faafa588dc0",4181228574349007,4181228574628080,4181228574632928,4181228574676655,4848
1732,"loop_reduce_window_fusion_3.kd",2,8,1981,1261566,1261566,80,80,0,0,8,0,16,64,"0x0","0x7faafa588e00",4181228574355968,4181228574632928,4181228574637615,4181228574666049,4687
1733,"loop_broadcast_fusion.kd",2,8,1982,1261566,1261566,20224,256,0,0,4,4,16,64,"0x0","0x7faafa588e40",4181228574362708,4181228574637615,4181228574642542,4181228574643245,4927
1734,"input_scatter_fusion.kd",2,8,1983,1261566,1261566,20224,256,0,0,12,4,32,64,"0x0","0x7faafa588e80",4181228574370359,4181228574642542,4181228574647229,4181228574682734,4687
1735,"loop_reduce_window_fusion_2.kd",2,8,1984,1261566,1261566,20224,256,0,0,8,0,16,64,"0x0","0x7faafa588ec0",4181228574378231,4181228574647229,4181228574652036,4181228574688412,4807
1736,"loop_reduce_window_fusion_4.kd",2,8,1985,1261566,1261566,1280,256,0,0,8,0,16,64,"0x0","0x7faafa588dc0",4181228574399633,4181228574652036,4181228574657124,4181228574694601,5088
1737,"loop_reduce_window_fusion_3.kd",2,8,1986,1261566,1261566,80,80,0,0,8,0,16,64,"0x0","0x7faafa588e00",4181228574407354,4181228574657124,4181228574661771,4181228574700080,4647
1738,"loop_remainder_fusion.kd",2,8,1987,1261566,1261566,20224,256,0,0,12,4,32,64,"0x0","0x7faafa588f00",4181228574414855,4181228574661771,4181228574666618,4181228574705598,4847
1739,"input_reduce_fusion_1.kd",2,8,1988,1261566,1261566,64,64,0,0,8,0,16,64,"0x0","0x7faafa588f40",4181228574421746,4181228574666618,4181228574671225,4181228574711076,4607
1740,"loop_select_fusion.kd",2,8,1989,1261566,1261566,20224,256,0,0,8,0,32,64,"0x0","0x7faafa588f80",4181228574429557,4181228574671225,4181228574676192,4181228574716344,4967
1741,"loop_compare_fusion_2.kd",2,8,1990,1261566,1261566,4096,256,0,0,4,4,16,64,"0x0","0x7faafa588fc0",4181228574437739,4181228574676192,4181228574681240,4181228574722092,5048
1742,"input_reduce_reduce_window_fusion_3.kd",2,8,1991,1261566,1261566,256,256,512,0,20,4,32,64,"0x0","0x7faafa589000",4181228574444449,4181228574681240,4181228574697384,4181228574727500,16144
1743,"loop_slice_fusion_1.kd",2,8,1992,1261566,1261566,16,16,0,0,20,4,16,64,"0x0","0x7faafa589040",4181228574451230,4181228574697384,4181228574702151,4181228574753479,4767
1744,"loop_broadcast_fusion_3.kd",2,8,1993,1261566,1261566,4096,256,0,0,4,4,16,64,"0x0","0x7faafa589080",4181228574457869,4181228574702151,4181228574707118,4181228574764515,4967
1745,"input_scatter_fusion_3.kd",2,8,1994,1261566,1261566,4096,256,0,0,8,0,32,64,"0x0","0x7faafa5890c0",4181228574465931,4181228574707118,4181228574713247,4181228574769903,6129
1746,"loop_reduce_window_fusion_18.kd",2,8,1995,1261566,1261566,4096,256,0,0,8,0,16,64,"0x0","0x7faafa589100",4181228574473212,4181228574713247,4181228574718094,4181228574775592,4847
1747,"loop_slice_fusion_1.kd",2,8,1996,1261566,1261566,16,16,0,0,20,4,16,64,"0x0","0x7faafa589040",4181228574481615,4181228574718094,4181228574722861,4181228574781070,4767
1748,"loop_remainder_fusion_1.kd",2,8,1997,1261566,1261566,4096,256,0,0,12,4,16,64,"0x0","0x7faafa589140",4181228574489797,4181228574722861,4181228574729832,4181228574733449,6971
1749,"loop_select_fusion_3.kd",2,8,1998,1261566,1261566,4096,256,0,0,8,0,32,64,"0x0","0x7faafa589180",4181228574497538,4181228574729832,4181228574734679,4181228574813478,4847
1750,"loop_reduce_window_fusion_18.kd",2,8,1999,1261566,1261566,4096,256,0,0,8,0,16,64,"0x0","0x7faafa589100",4181228574505070,4181228574734679,4181228574739486,4181228574741722,4807
1751,"loop_slice_fusion_1.kd",2,8,2000,1261566,1261566,16,16,0,0,20,4,16,64,"0x0","0x7faafa589040",4181228574511870,4181228574739486,4181228574744293,4181228574747730,4807
1752,"input_concatenate_fusion_1.kd",2,8,2001,1261566,1261566,4096,256,0,0,8,0,32,64,"0x0","0x7faafa5891c0",4181228574545750,4181228574744293,4181228574750182,4181228574759057,5889
1753,"loop_compare_fusion_1.kd",2,8,2002,1261566,1261566,8192,256,0,0,4,4,16,64,"0x0","0x7faafa589200",4181228574555805,4181228574750182,4181228574755230,4181228574818746,5048
1754,"input_reduce_reduce_window_fusion_1.kd",2,8,2003,1261566,1261566,512,512,512,0,20,4,48,64,"0x0","0x7faafa589240",4181228574567613,4181228574755230,4181228574772215,4181228574789513,16985
1755,"loop_reduce_window_fusion_8.kd",2,8,2004,1261566,1261566,32,32,0,0,32,0,16,64,"0x0","0x7faafa589280",4181228574674361,4181228574796731,4181228574806386,4181228574808040,9655
1756,"loop_broadcast_fusion_1.kd",2,8,2005,1261566,1261566,8192,256,0,0,4,4,16,64,"0x0","0x7faafa5892c0",4181228574801040,4181228574832905,4181228574835869,4181228574838135,2964
1757,"input_scatter_fusion_1.kd",2,8,2006,1261566,1261566,8192,256,0,0,8,0,32,64,"0x0","0x7faafa589300",4181228574833508,4181228574843280,4181228574849730,4181228574850644,6450
1758,"loop_reduce_window_fusion_7.kd",2,8,2007,1261566,1261566,8192,256,0,0,8,0,16,64,"0x0","0x7faafa589340",4181228574843182,4181228574853736,4181228574857822,4181228574858145,4086
1759,"loop_reduce_window_fusion_6.kd",2,8,2008,1261566,1261566,512,256,0,0,8,0,16,64,"0x0","0x7faafa589380",4181228574853007,4181228574861948,4181228574867276,4181228574868440,5328
1760,"loop_reduce_window_fusion_5.kd",2,8,2009,1261566,1261566,32,32,0,0,8,0,16,64,"0x0","0x7faafa5893c0",4181228574861680,4181228574871282,4181228574875408,4181228574896181,4126
1761,"loop_select_fusion_5.kd",2,8,2010,1261566,1261566,8192,256,0,0,8,0,32,64,"0x0","0x7faafa589400",4181228574893748,4181228574903370,4181228574906855,4181228574907578,3485
1762,"loop_select_fusion_1.kd",2,8,2011,1261566,1261566,8192,256,0,0,8,0,16,64,"0x0","0x7faafa589440",4181228574903112,4181228574912704,4181228574915508,4181228574915770,2804
1763,"loop_broadcast_fusion_4.kd",2,8,2012,1261566,1261566,16,16,0,0,4,4,16,64,"0x0","0x7faafa589480",4181228574911724,4181228574921517,4181228574923320,4181228574923963,1803
1764,"__amd_rocclr_fillBufferAligned.kd",2,8,2013,1261566,1261566,77824,256,0,0,12,4,48,64,"0x0","0x7fc36f653580",4181228574926416,4181228574934977,4181228574948717,4181228574948559,13740
1765,"__amd_rocclr_fillBufferAligned.kd",2,8,2014,1261566,1261566,16128,256,0,0,12,4,48,64,"0x0","0x7fc36f653580",4181228574933116,4181228574948717,4181228574953605,4181228574953907,4888
1766,"transformer_engine::fused_attn_rocm::populate_rng_state_kernel(long*, long const*, long) [clone .kd]",2,8,2015,1261566,1261566,1,1,0,0,8,0,16,64,"0x0","0x7faafa5a5380",4181228574943992,4181228574953605,4181228574957731,4181228574962540,4126
1767,"__amd_rocclr_fillBufferAligned.kd",2,8,2016,1261566,1261566,256,256,0,0,12,4,48,64,"0x0","0x7fc36f653580",4181228574953777,4181228574969188,4181228574971151,4181228574971113,1963
1768,"ck_fused_attn::get_runtime_max_seqlen_kernel(unsigned long, int const*, int const*, unsigned long*) [clone .kd]",2,8,2017,1261566,1261566,4096,128,0,0,4,4,32,64,"0x0","0x7faafa570940",4181228574969070,4181228574985893,4181228574991661,4181228574993206,5768
1769,"__amd_rocclr_copyBuffer.kd",2,8,2018,1261566,1261566,512,512,0,0,16,0,32,64,"0x7feb7cc73b00","0x7fc36f653600",4181228574986115,4181228574996548,4181228575002237,4181228575002650,5689
1770,"__amd_rocclr_fillBufferAligned.kd",2,8,2020,1261566,1261566,256,256,0,0,12,4,48,64,"0x0","0x7fc36f653580",4181228575023691,4181228575032402,4181228575034325,4181228575063991,1923
1771,"ck_fused_attn::get_runtime_max_seqlen_kernel(unsigned long, int const*, int const*, unsigned long*) [clone .kd]",2,8,2021,1261566,1261566,4096,128,0,0,4,4,32,64,"0x0","0x7faafa570940",4181228575033856,4181228575043258,4181228575048986,4181228575074436,5728
1772,"__amd_rocclr_copyBuffer.kd",2,8,2022,1261566,1261566,512,512,0,0,16,0,32,64,"0x7feb7cde8980","0x7fc36f653600",4181228575045013,4181228575053834,4181228575060083,4181228575069519,6249
1773,"void transformer_engine::fused_attn_rocm::compute_scores_kernel<hip_bfloat16, transformer_engine::fused_attn_rocm::SmallSeqConfig<4, 128, 256, false, (transformer_engine::fused_attn_rocm::CausalMaskType)0>, 1>(hip_bfloat16 const*, hip_bfloat16 const*, hip_bfloat16*, float, int const*, int const*, int, int) [clone .kd]",2,8,2024,1261566,1261566,64000,64,0,0,112,0,32,64,"0x0","0x7faaf354f440",4181228575086895,4181228575096497,4181228575114404,4181228575120835,17907
1774,"void transformer_engine::fused_attn_rocm::apply_mask_and_softmax_kernel<hip_bfloat16, transformer_engine::fused_attn_rocm::SmallSeqConfig<4, 128, 256, false, (transformer_engine::fused_attn_rocm::CausalMaskType)0> >(hip_bfloat16*, hip_bfloat16 const*, float, int const*, int, int) [clone .kd]",2,8,2025,1261566,1261566,256000,256,1024,0,12,4,16,64,"0x0","0x7faaf354f480",4181228575094797,4181228575114404,4181228575119692,4181228575132873,5288
1775,"void transformer_engine::fused_attn_rocm::compute_output_kernel<hip_bfloat16, transformer_engine::fused_attn_rocm::SmallSeqConfig<4, 128, 256, false, (transformer_engine::fused_attn_rocm::CausalMaskType)0>, 2, 8>(hip_bfloat16 const*, hip_bfloat16 const*, hip_bfloat16*, int const*, int const*, int, int) [clone .kd]",2,8,2026,1261566,1261566,512000,64,8192,0,28,4,48,64,"0x0","0x7faaf354f4c0",4181228575109418,4181228575119692,4181228575171409,4181228575172052,51717
1776,"loop_broadcast_fusion_5.kd",2,8,2027,1261566,1261566,2048000,256,0,0,4,4,16,64,"0x0","0x7faafa5894c0",4181228575118021,4181228575171409,4181228575179581,4181228575179903,8172
1777,"__amd_rocclr_fillBufferAligned.kd",2,8,2028,1261566,1261566,77824,256,0,0,12,4,48,64,"0x0","0x7fc36f653580",4181228575133775,4181228575179581,4181228575186391,4181228575186293,6810
1778,"__amd_rocclr_fillBufferAligned.kd",2,8,2029,1261566,1261566,77824,256,0,0,12,4,48,64,"0x0","0x7fc36f653580",4181228575146474,4181228575186391,4181228575199450,4181228575208656,13059
1779,"__amd_rocclr_fillBufferAligned.kd",2,8,2030,1261566,1261566,77824,256,0,0,12,4,48,64,"0x0","0x7fc36f653580",4181228575153003,4181228575199450,4181228575212510,4181228575216418,13060
1780,"__amd_rocclr_fillBufferAligned.kd",2,8,2031,1261566,1261566,256,256,0,0,12,4,48,64,"0x0","0x7fc36f653580",4181228575163008,4181228575212510,4181228575217437,4181228575223528,4927
1781,"ck_fused_attn::get_runtime_max_seqlen_kernel(unsigned long, int const*, int const*, unsigned long*) [clone .kd]",2,8,2032,1261566,1261566,4096,128,0,0,4,4,32,64,"0x0","0x7faafa570940",4181228575169107,4181228575217437,4181228575223406,4181228575227945,5969
1782,"__amd_rocclr_copyBuffer.kd",2,8,2033,1261566,1261566,512,512,0,0,16,0,32,64,"0x7feb7cde8880","0x7fc36f653600",4181228575179413,4181228575223406,4181228575228894,4181228575234464,5488
1783,"__amd_rocclr_fillBufferAligned.kd",2,8,2035,1261566,1261566,256,256,0,0,12,4,48,64,"0x0","0x7fc36f653580",4181228575250288,4181228575259820,4181228575261943,4181228575270899,2123
1784,"ck_fused_attn::get_runtime_max_seqlen_kernel(unsigned long, int const*, int const*, unsigned long*) [clone .kd]",2,8,2036,1261566,1261566,4096,128,0,0,4,4,32,64,"0x0","0x7faafa570940",4181228575258150,4181228575268633,4181228575274362,4181228575278810,5729
1785,"__amd_rocclr_copyBuffer.kd",2,8,2037,1261566,1261566,512,512,0,0,16,0,32,64,"0x7feb7cde8780","0x7fc36f653600",4181228575267343,4181228575279569,4181228575286019,4181228575285831,6450
1786,"void transformer_engine::fused_attn_rocm::compute_grad_v_kernel<hip_bfloat16, transformer_engine::fused_attn_rocm::SmallSeqConfig<4, 128, 256, false, (transformer_engine::fused_attn_rocm::CausalMaskType)0>, 16, 16>(hip_bfloat16 const*, hip_bfloat16 const*, hip_bfloat16*, int const*, int const*, int, int) [clone .kd]",2,8,2039,1261566,1261566,256000,64,8192,0,32,0,48,64,"0x0","0x7faaf3550f00",4181228575301905,4181228575312498,4181228575427790,4181228575429474,115292
1787,"void transformer_engine::fused_attn_rocm::compute_grad_attn_kernel<hip_bfloat16, transformer_engine::fused_attn_rocm::SmallSeqConfig<4, 128, 256, false, (transformer_engine::fused_attn_rocm::CausalMaskType)0>, 16>(hip_bfloat16 const*, hip_bfloat16 const*, hip_bfloat16*, int const*, int const*, int, int) [clone .kd]",2,8,2040,1261566,1261566,8000,64,0,0,116,4,48,64,"0x0","0x7faaf3550f40",4181228575311669,4181228575427790,4181228575577773,4181228575586478,149983
1788,"void transformer_engine::fused_attn_rocm::softmax_backward_kernel<hip_bfloat16, transformer_engine::fused_attn_rocm::SmallSeqConfig<4, 128, 256, false, (transformer_engine::fused_attn_rocm::CausalMaskType)0> >(hip_bfloat16 const*, hip_bfloat16 const*, hip_bfloat16*, float, int const*, int, int) [clone .kd]",2,8,2041,1261566,1261566,256000,256,1024,0,12,4,16,64,"0x0","0x7faaf3550f80",4181228575320062,4181228575577773,4181228575583702,4181228575596333,5929
1789,"void transformer_engine::fused_attn_rocm::compute_grad_qk_kernel<hip_bfloat16, transformer_engine::fused_attn_rocm::SmallSeqConfig<4, 128, 256, false, (transformer_engine::fused_attn_rocm::CausalMaskType)0>, 4, 16>(hip_bfloat16 const*, hip_bfloat16 const*, hip_bfloat16 const*, hip_bfloat16*, hip_bfloat16*, float, int const*, int const*, int, int) [clone .kd]",2,8,2042,1261566,1261566,1024000,64,8192,0,36,4,48,64,"0x0","0x7faaf3550fc0",4181228575327623,4181228575583702,4181228575706324,4181228575706466,122622
1790,"input_reduce_fusion.kd",2,8,2043,1261566,1261566,524288,256,512,0,16,0,16,64,"0x0","0x7faafa589500",4181228575336096,4181228575706324,4181228575713655,4181228575714318,7331
1791,"input_reduce_fusion_2.kd",2,8,2044,1261566,1261566,128,128,512,0,24,0,16,64,"0x0","0x7faafa589540",4181228575344107,4181228575713655,4181228575719343,4181228575719886,5688
1792,"loop_convert_fusion.kd",2,8,2045,1261566,1261566,1,1,0,0,4,4,16,64,"0x0","0x7faafa589580",4181228575352410,4181228575719343,4181228575723670,4181228575725354,4327
1793,"loop_compare_fusion.kd",2,8,2048,1261566,1261566,16128,256,0,0,4,4,16,64,"0x0","0x7faafa588b00",4181228575437597,4181228575735407,4181228575741456,4181228575756601,6049
1794,"input_reduce_reduce_window_fusion_2.kd",2,8,2049,1261566,1261566,1024,1024,512,0,20,4,48,64,"0x0","0x7faafa588b40",4181228575447852,4181228575741456,4181228575766133,4181228575768419,24677
1795,"loop_reduce_window_fusion_16.kd",2,8,2050,1261566,1261566,1024,256,0,0,8,0,16,64,"0x0","0x7faafa588b80",4181228575454962,4181228575766133,4181228575770820,4181228575773767,4687
1796,"loop_reduce_window_fusion_15.kd",2,8,2051,1261566,1261566,64,64,0,0,8,0,16,64,"0x0","0x7faafa588bc0",4181228575462884,4181228575770820,4181228575775467,4181228575780206,4647
1797,"loop_broadcast_fusion_2.kd",2,8,2052,1261566,1261566,16128,256,0,0,4,4,16,64,"0x0","0x7faafa588c00",4181228575471006,4181228575775467,4181228575780354,4181228575797662,4887
1798,"input_scatter_fusion_2.kd",2,8,2053,1261566,1261566,16128,256,0,0,12,4,32,64,"0x0","0x7faafa588c40",4181228575479168,4181228575780354,4181228575785001,4181228575809079,4647
1799,"loop_reduce_window_fusion_14.kd",2,8,2054,1261566,1261566,16128,256,0,0,8,0,16,64,"0x0","0x7faafa588c80",4181228575486790,4181228575785001,4181228575789808,4181228575816630,4807
1800,"loop_reduce_window_fusion_16.kd",2,8,2055,1261566,1261566,1024,256,0,0,8,0,16,64,"0x0","0x7faafa588b80",4181228575494601,4181228575789808,4181228575795016,4181228575823881,5208
1801,"loop_reduce_window_fusion_15.kd",2,8,2056,1261566,1261566,64,64,0,0,8,0,16,64,"0x0","0x7faafa588bc0",4181228575502423,4181228575795016,4181228575799703,4181228575830831,4687
1802,"loop_select_fusion_4.kd",2,8,2057,1261566,1261566,16128,256,0,0,12,4,32,64,"0x0","0x7faafa588cc0",4181228575510164,4181228575799703,4181228575804670,4181228575836900,4967
1803,"loop_select_fusion_2.kd",2,8,2058,1261566,1261566,16128,256,0,0,4,4,16,64,"0x0","0x7faafa588d00",4181228575517656,4181228575804670,4181228575809397,4181228575843050,4727
1804,"loop_reduce_window_fusion_14.kd",2,8,2059,1261566,1261566,16128,256,0,0,8,0,16,64,"0x0","0x7faafa588c80",4181228575524846,4181228575809397,4181228575814124,4181228575848908,4727
1805,"loop_reduce_window_fusion_16.kd",2,8,2060,1261566,1261566,1024,256,0,0,8,0,16,64,"0x0","0x7faafa588b80",4181228575531536,4181228575814124,4181228575818972,4181228575854657,4848
1806,"loop_reduce_window_fusion_15.kd",2,8,2061,1261566,1261566,64,64,0,0,8,0,16,64,"0x0","0x7faafa588bc0",4181228575539128,4181228575818972,4181228575823618,4181228575878092,4646
1807,"input_concatenate_fusion.kd",2,8,2062,1261566,1261566,16128,256,0,0,12,4,32,64,"0x0","0x7faafa588d40",4181228575546288,4181228575823618,4181228575828546,4181228575872704,4928
1808,"input_reduce_reduce_window_fusion.kd",2,8,2063,1261566,1261566,8192,256,0,0,24,0,48,64,"0x0","0x7faafa588d80",4181228575554000,4181228575828546,4181228575838240,4181228575866795,9694
1809,"loop_reduce_window_fusion_4.kd",2,8,2064,1261566,1261566,1280,256,0,0,8,0,16,64,"0x0","0x7faafa588dc0",4181228575561120,4181228575838240,4181228575843168,4181228575898572,4928
1810,"loop_reduce_window_fusion_3.kd",2,8,2065,1261566,1261566,80,80,0,0,8,0,16,64,"0x0","0x7faafa588e00",4181228575568291,4181228575843168,4181228575847814,4181228575887466,4646
1811,"loop_broadcast_fusion.kd",2,8,2066,1261566,1261566,20224,256,0,0,4,4,16,64,"0x0","0x7faafa588e40",4181228575575211,4181228575847814,4181228575852742,4181228575860746,4928
1812,"input_scatter_fusion.kd",2,8,2067,1261566,1261566,20224,256,0,0,12,4,32,64,"0x0","0x7faafa588e80",4181228575583283,4181228575852742,4181228575857429,4181228575930259,4687
1813,"loop_reduce_window_fusion_2.kd",2,8,2068,1261566,1261566,20224,256,0,0,8,0,16,64,"0x0","0x7faafa588ec0",4181228575590524,4181228575857429,4181228575862236,4181228575935828,4807
1814,"loop_reduce_window_fusion_4.kd",2,8,2069,1261566,1261566,1280,256,0,0,8,0,16,64,"0x0","0x7faafa588dc0",4181228575610444,4181228575862236,4181228575867364,4181228575941897,5128
1815,"loop_reduce_window_fusion_3.kd",2,8,2070,1261566,1261566,80,80,0,0,8,0,16,64,"0x0","0x7faafa588e00",4181228575617975,4181228575867364,4181228575872010,4181228575947355,4646
1816,"loop_remainder_fusion.kd",2,8,2071,1261566,1261566,20224,256,0,0,12,4,32,64,"0x0","0x7faafa588f00",4181228575624885,4181228575872010,4181228575876978,4181228575924401,4968
1817,"input_reduce_fusion_1.kd",2,8,2072,1261566,1261566,64,64,0,0,8,0,16,64,"0x0","0x7faafa588f40",4181228575631976,4181228575876978,4181228575881665,4181228575918582,4687
1818,"loop_select_fusion.kd",2,8,2073,1261566,1261566,20224,256,0,0,8,0,32,64,"0x0","0x7faafa588f80",4181228575639897,4181228575881665,4181228575886592,4181228575912493,4927
1819,"loop_compare_fusion_2.kd",2,8,2074,1261566,1261566,4096,256,0,0,4,4,16,64,"0x0","0x7faafa588fc0",4181228575647739,4181228575886592,4181228575891479,4181228575906444,4887
1820,"input_reduce_reduce_window_fusion_3.kd",2,8,2075,1261566,1261566,256,256,512,0,20,4,32,64,"0x0","0x7faafa589000",4181228575655020,4181228575891479,4181228575906982,4181228576027544,15503
1821,"loop_slice_fusion_1.kd",2,8,2076,1261566,1261566,16,16,0,0,20,4,16,64,"0x0","0x7faafa589040",4181228575662531,4181228575906982,4181228575911870,4181228576045310,4888
1822,"loop_broadcast_fusion_3.kd",2,8,2077,1261566,1261566,4096,256,0,0,4,4,16,64,"0x0","0x7faafa589080",4181228575669652,4181228575911870,4181228575916877,4181228576050839,5007
1823,"input_scatter_fusion_3.kd",2,8,2078,1261566,1261566,4096,256,0,0,8,0,32,64,"0x0","0x7faafa5890c0",4181228575677463,4181228575916877,4181228575923086,4181228576061745,6209
1824,"loop_reduce_window_fusion_18.kd",2,8,2079,1261566,1261566,4096,256,0,0,8,0,16,64,"0x0","0x7faafa589100",4181228575684694,4181228575923086,4181228575927974,4181228576066852,4888
1825,"loop_slice_fusion_1.kd",2,8,2080,1261566,1261566,16,16,0,0,20,4,16,64,"0x0","0x7faafa589040",4181228575692235,4181228575927974,4181228575932741,4181228575973674,4767
1826,"loop_remainder_fusion_1.kd",2,8,2081,1261566,1261566,4096,256,0,0,12,4,16,64,"0x0","0x7faafa589140",4181228575700217,4181228575932741,4181228575939270,4181228575955867,6529
1827,"loop_select_fusion_3.kd",2,8,2082,1261566,1261566,4096,256,0,0,8,0,32,64,"0x0","0x7faafa589180",4181228575707107,4181228575939270,4181228575944078,4181228576056537,4808
1828,"loop_reduce_window_fusion_18.kd",2,8,2083,1261566,1261566,4096,256,0,0,8,0,16,64,"0x0","0x7faafa589100",4181228575740707,4181228575944078,4181228575948845,4181228576033292,4767
1829,"loop_slice_fusion_1.kd",2,8,2084,1261566,1261566,16,16,0,0,20,4,16,64,"0x0","0x7faafa589040",4181228575749090,4181228575948845,4181228575953652,4181228576039542,4807
1830,"input_concatenate_fusion_1.kd",2,8,2085,1261566,1261566,4096,256,0,0,8,0,32,64,"0x0","0x7faafa5891c0",4181228575756070,4181228575953652,4181228575959701,4181228576075535,6049
1831,"loop_compare_fusion_1.kd",2,8,2086,1261566,1261566,8192,256,0,0,4,4,16,64,"0x0","0x7faafa589200",4181228575772965,4181228575959701,4181228575964708,4181228575984660,5007
1832,"input_reduce_reduce_window_fusion_1.kd",2,8,2087,1261566,1261566,512,512,512,0,20,4,48,64,"0x0","0x7faafa589240",4181228575788899,4181228575964708,4181228575982174,4181228576009056,17466
1833,"loop_reduce_window_fusion_8.kd",2,8,2088,1261566,1261566,32,32,0,0,32,0,16,64,"0x0","0x7faafa589280",4181228575805604,4181228575982174,4181228575992229,4181228576021685,10055
1834,"loop_broadcast_fusion_1.kd",2,8,2089,1261566,1261566,8192,256,0,0,4,4,16,64,"0x0","0x7faafa5892c0",4181228575814277,4181228575992229,4181228575997197,4181228576123867,4968
1835,"input_scatter_fusion_1.kd",2,8,2090,1261566,1261566,8192,256,0,0,8,0,32,64,"0x0","0x7faafa589300",4181228575823881,4181228575997197,4181228576002925,4181228576129476,5728
1836,"loop_reduce_window_fusion_7.kd",2,8,2091,1261566,1261566,8192,256,0,0,8,0,16,64,"0x0","0x7faafa589340",4181228575897050,4181228576002925,4181228576008093,4181228576118019,5168
1837,"loop_reduce_window_fusion_6.kd",2,8,2092,1261566,1261566,512,256,0,0,8,0,16,64,"0x0","0x7faafa589380",4181228575964700,4181228576008093,4181228576013140,4181228576112280,5047
1838,"loop_reduce_window_fusion_5.kd",2,8,2093,1261566,1261566,32,32,0,0,8,0,16,64,"0x0","0x7faafa5893c0",4181228575981495,4181228576013140,4181228576018749,4181228576105620,5609
1839,"loop_select_fusion_5.kd",2,8,2094,1261566,1261566,8192,256,0,0,8,0,32,64,"0x0","0x7faafa589400",4181228576006763,4181228576018749,4181228576023075,4181228576099811,4326
1840,"loop_select_fusion_1.kd",2,8,2095,1261566,1261566,8192,256,0,0,8,0,16,64,"0x0","0x7faafa589440",4181228576016367,4181228576085488,4181228576088212,4181228576093542,2724
1841,"loop_broadcast_fusion_4.kd",2,8,2096,1261566,1261566,16,16,0,0,4,4,16,64,"0x0","0x7faafa589480",4181228576087393,4181228576143334,4181228576145097,4181228576147903,1763
1842,"__amd_rocclr_fillBufferAligned.kd",2,8,2097,1261566,1261566,77824,256,0,0,12,4,48,64,"0x0","0x7fc36f653580",4181228576147683,4181228576163204,4181228576177585,4181228576180281,14381
1843,"__amd_rocclr_fillBufferAligned.kd",2,8,2098,1261566,1261566,16128,256,0,0,12,4,48,64,"0x0","0x7fc36f653580",4181228576160622,4181228576177585,4181228576181991,4181228576185068,4406
1844,"transformer_engine::fused_attn_rocm::populate_rng_state_kernel(long*, long const*, long) [clone .kd]",2,8,2099,1261566,1261566,1,1,0,0,8,0,16,64,"0x0","0x7faafa5a5380",4181228576175043,4181228576185917,4181228576186598,4181228576194022,681
1845,"__amd_rocclr_fillBufferAligned.kd",2,8,2100,1261566,1261566,256,256,0,0,12,4,48,64,"0x0","0x7fc36f653580",4181228576185088,4181228576200098,4181228576202061,4181228576202023,1963
1846,"ck_fused_attn::get_runtime_max_seqlen_kernel(unsigned long, int const*, int const*, unsigned long*) [clone .kd]",2,8,2101,1261566,1261566,4096,128,0,0,4,4,32,64,"0x0","0x7faafa570940",4181228576199530,4181228576221650,4181228576227299,4181228576227541,5649
1847,"__amd_rocclr_copyBuffer.kd",2,8,2102,1261566,1261566,512,512,0,0,16,0,32,64,"0x7feb7cde8580","0x7fc36f653600",4181228576221192,4181228576232146,4181228576237274,4181228576244156,5128
1848,"__amd_rocclr_fillBufferAligned.kd",2,8,2104,1261566,1261566,256,256,0,0,12,4,48,64,"0x0","0x7fc36f653580",4181228576262423,4181228576271164,4181228576273007,4181228576308302,1843
1849,"ck_fused_attn::get_runtime_max_seqlen_kernel(unsigned long, int const*, int const*, unsigned long*) [clone .kd]",2,8,2105,1261566,1261566,4096,128,0,0,4,4,32,64,"0x0","0x7faafa570940",4181228576275463,4181228576283783,4181228576289511,4181228576320219,5728
1850,"__amd_rocclr_copyBuffer.kd",2,8,2106,1261566,1261566,512,512,0,0,16,0,32,64,"0x7feb7cde8480","0x7fc36f653600",4181228576284917,4181228576294278,4181228576300127,4181228576315452,5849
1851,"void transformer_engine::fused_attn_rocm::compute_scores_kernel<hip_bfloat16, transformer_engine::fused_attn_rocm::SmallSeqConfig<4, 128, 256, false, (transformer_engine::fused_attn_rocm::CausalMaskType)0>, 1>(hip_bfloat16 const*, hip_bfloat16 const*, hip_bfloat16*, float, int const*, int const*, int, int) [clone .kd]",2,8,2108,1261566,1261566,64000,64,0,0,112,0,32,64,"0x0","0x7faaf354f440",4181228576331326,4181228576341308,4181228576360337,4181228576361240,19029
1852,"void transformer_engine::fused_attn_rocm::apply_mask_and_softmax_kernel<hip_bfloat16, transformer_engine::fused_attn_rocm::SmallSeqConfig<4, 128, 256, false, (transformer_engine::fused_attn_rocm::CausalMaskType)0> >(hip_bfloat16*, hip_bfloat16 const*, float, int const*, int, int) [clone .kd]",2,8,2109,1261566,1261566,256000,256,1024,0,12,4,16,64,"0x0","0x7faaf354f480",4181228576339258,4181228576360337,4181228576365424,4181228576368030,5087
1853,"void transformer_engine::fused_attn_rocm::compute_output_kernel<hip_bfloat16, transformer_engine::fused_attn_rocm::SmallSeqConfig<4, 128, 256, false, (transformer_engine::fused_attn_rocm::CausalMaskType)0>, 2, 8>(hip_bfloat16 const*, hip_bfloat16 const*, hip_bfloat16*, int const*, int const*, int, int) [clone .kd]",2,8,2110,1261566,1261566,512000,64,8192,0,28,4,48,64,"0x0","0x7faaf354f4c0",4181228576352307,4181228576365424,4181228576413496,4181228576420709,48072
1854,"loop_broadcast_fusion_5.kd",2,8,2111,1261566,1261566,2048000,256,0,0,4,4,16,64,"0x0","0x7faafa5894c0",4181228576361390,4181228576413496,4181228576421668,4181228576427959,8172
1855,"__amd_rocclr_fillBufferAligned.kd",2,8,2112,1261566,1261566,77824,256,0,0,12,4,48,64,"0x0","0x7fc36f653580",4181228576387549,4181228576421668,4181228576428398,4181228576432907,6730
1856,"__amd_rocclr_fillBufferAligned.kd",2,8,2113,1261566,1261566,77824,256,0,0,12,4,48,64,"0x0","0x7fc36f653580",4181228576393919,4181228576428398,4181228576441537,4181228576442651,13139
1857,"__amd_rocclr_fillBufferAligned.kd",2,8,2114,1261566,1261566,77824,256,0,0,12,4,48,64,"0x0","0x7fc36f653580",4181228576399577,4181228576441537,4181228576454517,4181228576457974,12980
1858,"__amd_rocclr_fillBufferAligned.kd",2,8,2115,1261566,1261566,256,256,0,0,12,4,48,64,"0x0","0x7fc36f653580",4181228576408891,4181228576454517,4181228576459324,4181228576469762,4807
1859,"ck_fused_attn::get_runtime_max_seqlen_kernel(unsigned long, int const*, int const*, unsigned long*) [clone .kd]",2,8,2116,1261566,1261566,4096,128,0,0,4,4,32,64,"0x0","0x7faafa570940",4181228576416112,4181228576459324,4181228576465293,4181228576465215,5969
1860,"__amd_rocclr_copyBuffer.kd",2,8,2117,1261566,1261566,512,512,0,0,16,0,32,64,"0x7feb7cde8380","0x7fc36f653600",4181228576424124,4181228576465293,4181228576471101,4181228576474238,5808
1861,"__amd_rocclr_fillBufferAligned.kd",2,8,2119,1261566,1261566,256,256,0,0,12,4,48,64,"0x0","0x7fc36f653580",4181228576489120,4181228576502588,4181228576504792,4181228576511904,2204
1862,"ck_fused_attn::get_runtime_max_seqlen_kernel(unsigned long, int const*, int const*, unsigned long*) [clone .kd]",2,8,2120,1261566,1261566,4096,128,0,0,4,4,32,64,"0x0","0x7faafa570940",4181228576503442,4181228576511762,4181228576517651,4181228576518464,5889
1863,"__amd_rocclr_copyBuffer.kd",2,8,2121,1261566,1261566,512,512,0,0,16,0,32,64,"0x7feb7cde8280","0x7fc36f653600",4181228576511544,4181228576533875,4181228576540324,4181228576545254,6449
1864,"void transformer_engine::fused_attn_rocm::compute_grad_v_kernel<hip_bfloat16, transformer_engine::fused_attn_rocm::SmallSeqConfig<4, 128, 256, false, (transformer_engine::fused_attn_rocm::CausalMaskType)0>, 16, 16>(hip_bfloat16 const*, hip_bfloat16 const*, hip_bfloat16*, int const*, int const*, int, int) [clone .kd]",2,8,2123,1261566,1261566,256000,64,8192,0,32,0,48,64,"0x0","0x7faaf3550f00",4181228576560847,4181228576574335,4181228576682736,4181228576691081,108401
1865,"void transformer_engine::fused_attn_rocm::compute_grad_attn_kernel<hip_bfloat16, transformer_engine::fused_attn_rocm::SmallSeqConfig<4, 128, 256, false, (transformer_engine::fused_attn_rocm::CausalMaskType)0>, 16>(hip_bfloat16 const*, hip_bfloat16 const*, hip_bfloat16*, int const*, int const*, int, int) [clone .kd]",2,8,2124,1261566,1261566,8000,64,0,0,116,4,48,64,"0x0","0x7faaf3550f40",4181228576572705,4181228576682736,4181228576834522,4181228576835936,151786
1866,"void transformer_engine::fused_attn_rocm::softmax_backward_kernel<hip_bfloat16, transformer_engine::fused_attn_rocm::SmallSeqConfig<4, 128, 256, false, (transformer_engine::fused_attn_rocm::CausalMaskType)0> >(hip_bfloat16 const*, hip_bfloat16 const*, hip_bfloat16*, float, int const*, int, int) [clone .kd]",2,8,2125,1261566,1261566,256000,256,1024,0,12,4,16,64,"0x0","0x7faaf3550f80",4181228576580807,4181228576834522,4181228576840130,4181228576842396,5608
1867,"void transformer_engine::fused_attn_rocm::compute_grad_qk_kernel<hip_bfloat16, transformer_engine::fused_attn_rocm::SmallSeqConfig<4, 128, 256, false, (transformer_engine::fused_attn_rocm::CausalMaskType)0>, 4, 16>(hip_bfloat16 const*, hip_bfloat16 const*, hip_bfloat16 const*, hip_bfloat16*, hip_bfloat16*, float, int const*, int const*, int, int) [clone .kd]",2,8,2126,1261566,1261566,1024000,64,8192,0,36,4,48,64,"0x0","0x7faaf3550fc0",4181228576588158,4181228576840130,4181228576955582,4181228576955464,115452
1868,"input_reduce_fusion.kd",2,8,2127,1261566,1261566,524288,256,512,0,16,0,16,64,"0x0","0x7faafa589500",4181228576598082,4181228576955582,4181228576961631,4181228576963907,6049
1869,"input_reduce_fusion_2.kd",2,8,2128,1261566,1261566,128,128,512,0,24,0,16,64,"0x0","0x7faafa589540",4181228576605053,4181228576961631,4181228576967199,4181228576969956,5568
1870,"loop_convert_fusion.kd",2,8,2129,1261566,1261566,1,1,0,0,4,4,16,64,"0x0","0x7faafa589580",4181228576612444,4181228576967199,4181228576971165,4181228576975243,3966
1871,"loop_compare_fusion.kd",2,8,2132,1261566,1261566,16128,256,0,0,4,4,16,64,"0x0","0x7faafa588b00",4181228576712142,4181228576983984,4181228576989993,4181228577006550,6009
1872,"input_reduce_reduce_window_fusion_2.kd",2,8,2133,1261566,1261566,1024,1024,512,0,20,4,48,64,"0x0","0x7faafa588b40",4181228576721706,4181228576989993,4181228577014710,4181228577017847,24717
1873,"loop_reduce_window_fusion_16.kd",2,8,2134,1261566,1261566,1024,256,0,0,8,0,16,64,"0x0","0x7faafa588b80",4181228576728406,4181228577014710,4181228577019838,4181228577028172,5128
1874,"loop_reduce_window_fusion_15.kd",2,8,2135,1261566,1261566,64,64,0,0,8,0,16,64,"0x0","0x7faafa588bc0",4181228576735807,4181228577019838,4181228577024444,4181228577034141,4606
1875,"loop_broadcast_fusion_2.kd",2,8,2136,1261566,1261566,16128,256,0,0,4,4,16,64,"0x0","0x7faafa588c00",4181228576743599,4181228577024444,4181228577029332,4181228577040741,4888
1876,"input_scatter_fusion_2.kd",2,8,2137,1261566,1261566,16128,256,0,0,12,4,32,64,"0x0","0x7faafa588c40",4181228576750469,4181228577029332,4181228577033979,4181228577046670,4647
1877,"loop_reduce_window_fusion_14.kd",2,8,2138,1261566,1261566,16128,256,0,0,8,0,16,64,"0x0","0x7faafa588c80",4181228576758321,4181228577033979,4181228577038746,4181228577052258,4767
1878,"loop_reduce_window_fusion_16.kd",2,8,2139,1261566,1261566,1024,256,0,0,8,0,16,64,"0x0","0x7faafa588b80",4181228576766072,4181228577038746,4181228577043833,4181228577058197,5087
1879,"loop_reduce_window_fusion_15.kd",2,8,2140,1261566,1261566,64,64,0,0,8,0,16,64,"0x0","0x7faafa588bc0",4181228576772993,4181228577043833,4181228577048520,4181228577065247,4687
1880,"loop_select_fusion_4.kd",2,8,2141,1261566,1261566,16128,256,0,0,12,4,32,64,"0x0","0x7faafa588cc0",4181228576780223,4181228577048520,4181228577053448,4181228577070615,4928
1881,"loop_select_fusion_2.kd",2,8,2142,1261566,1261566,16128,256,0,0,4,4,16,64,"0x0","0x7faafa588d00",4181228576787945,4181228577053448,4181228577058175,4181228577076164,4727
1882,"loop_reduce_window_fusion_14.kd",2,8,2143,1261566,1261566,16128,256,0,0,8,0,16,64,"0x0","0x7faafa588c80",4181228576795586,4181228577058175,4181228577062902,4181228577081782,4727
1883,"loop_reduce_window_fusion_16.kd",2,8,2144,1261566,1261566,1024,256,0,0,8,0,16,64,"0x0","0x7faafa588b80",4181228576803278,4181228577062902,4181228577067709,4181228577087190,4807
1884,"loop_reduce_window_fusion_15.kd",2,8,2145,1261566,1261566,64,64,0,0,8,0,16,64,"0x0","0x7faafa588bc0",4181228576810418,4181228577067709,4181228577072356,4181228577106869,4647
1885,"input_concatenate_fusion.kd",2,8,2146,1261566,1261566,16128,256,0,0,12,4,32,64,"0x0","0x7faafa588d40",4181228576818170,4181228577072356,4181228577077283,4181228577101722,4927
1886,"input_reduce_reduce_window_fusion.kd",2,8,2147,1261566,1261566,8192,256,0,0,24,0,48,64,"0x0","0x7faafa588d80",4181228576825010,4181228577077283,4181228577086777,4181228577092788,9494
1887,"loop_reduce_window_fusion_4.kd",2,8,2148,1261566,1261566,1280,256,0,0,8,0,16,64,"0x0","0x7faafa588dc0",4181228576832842,4181228577086777,4181228577091825,4181228577130554,5048
1888,"loop_reduce_window_fusion_3.kd",2,8,2149,1261566,1261566,80,80,0,0,8,0,16,64,"0x0","0x7faafa588e00",4181228576840153,4181228577091825,4181228577096431,4181228577136263,4606
1889,"loop_broadcast_fusion.kd",2,8,2150,1261566,1261566,20224,256,0,0,4,4,16,64,"0x0","0x7faafa588e40",4181228576861494,4181228577096431,4181228577101359,4181228577141781,4928
1890,"input_scatter_fusion.kd",2,8,2151,1261566,1261566,20224,256,0,0,12,4,32,64,"0x0","0x7faafa588e80",4181228576870508,4181228577101359,4181228577105966,4181228577149002,4607
1891,"loop_reduce_window_fusion_2.kd",2,8,2152,1261566,1261566,20224,256,0,0,8,0,16,64,"0x0","0x7faafa588ec0",4181228576877989,4181228577105966,4181228577110693,4181228577154901,4727
1892,"loop_reduce_window_fusion_4.kd",2,8,2153,1261566,1261566,1280,256,0,0,8,0,16,64,"0x0","0x7faafa588dc0",4181228576884749,4181228577110693,4181228577115900,4181228577160369,5207
1893,"loop_reduce_window_fusion_3.kd",2,8,2154,1261566,1261566,80,80,0,0,8,0,16,64,"0x0","0x7faafa588e00",4181228576890738,4181228577115900,4181228577120547,4181228577120449,4647
1894,"loop_remainder_fusion.kd",2,8,2155,1261566,1261566,20224,256,0,0,12,4,32,64,"0x0","0x7faafa588f00",4181228576898289,4181228577120547,4181228577125515,4181228577195050,4968
1895,"input_reduce_fusion_1.kd",2,8,2156,1261566,1261566,64,64,0,0,8,0,16,64,"0x0","0x7faafa588f40",4181228576904939,4181228577125515,4181228577130242,4181228577201971,4727
1896,"loop_select_fusion.kd",2,8,2157,1261566,1261566,20224,256,0,0,8,0,32,64,"0x0","0x7faafa588f80",4181228576912740,4181228577130242,4181228577135249,4181228577237854,5007
1897,"loop_compare_fusion_2.kd",2,8,2158,1261566,1261566,4096,256,0,0,4,4,16,64,"0x0","0x7faafa588fc0",4181228576920502,4181228577135249,4181228577140257,4181228577189182,5008
1898,"input_reduce_reduce_window_fusion_3.kd",2,8,2159,1261566,1261566,256,256,512,0,20,4,32,64,"0x0","0x7faafa589000",4181228576928314,4181228577140257,4181228577155760,4181228577179547,15503
1899,"loop_slice_fusion_1.kd",2,8,2160,1261566,1261566,16,16,0,0,20,4,16,64,"0x0","0x7faafa589040",4181228576935695,4181228577155760,4181228577160447,4181228577168881,4687
1900,"loop_broadcast_fusion_3.kd",2,8,2161,1261566,1261566,4096,256,0,0,4,4,16,64,"0x0","0x7faafa589080",4181228576944237,4181228577160447,4181228577165454,4181228577219246,5007
1901,"input_scatter_fusion_3.kd",2,8,2162,1261566,1261566,4096,256,0,0,8,0,32,64,"0x0","0x7faafa5890c0",4181228576951258,4181228577165454,4181228577171583,4181228577225065,6129
1902,"loop_reduce_window_fusion_18.kd",2,8,2163,1261566,1261566,4096,256,0,0,8,0,16,64,"0x0","0x7faafa589100",4181228576957968,4181228577171583,4181228577176430,4181228577230643,4847
1903,"loop_slice_fusion_1.kd",2,8,2164,1261566,1261566,16,16,0,0,20,4,16,64,"0x0","0x7faafa589040",4181228576990516,4181228577176430,4181228577181198,4181228577207629,4768
1904,"loop_remainder_fusion_1.kd",2,8,2165,1261566,1261566,4096,256,0,0,12,4,16,64,"0x0","0x7faafa589140",4181228576999560,4181228577181198,4181228577187807,4181228577213488,6609
1905,"loop_select_fusion_3.kd",2,8,2166,1261566,1261566,4096,256,0,0,8,0,32,64,"0x0","0x7faafa589180",4181228577007572,4181228577187807,4181228577192614,4181228577246287,4807
1906,"loop_reduce_window_fusion_18.kd",2,8,2167,1261566,1261566,4096,256,0,0,8,0,16,64,"0x0","0x7faafa589100",4181228577024266,4181228577192614,4181228577197342,4181228577280608,4728
1907,"loop_slice_fusion_1.kd",2,8,2168,1261566,1261566,16,16,0,0,20,4,16,64,"0x0","0x7faafa589040",4181228577032769,4181228577197342,4181228577202189,4181228577257093,4847
1908,"input_concatenate_fusion_1.kd",2,8,2169,1261566,1261566,4096,256,0,0,8,0,32,64,"0x0","0x7faafa5891c0",4181228577109804,4181228577202189,4181228577207997,4181228577269381,5808
1909,"loop_compare_fusion_1.kd",2,8,2170,1261566,1261566,8192,256,0,0,4,4,16,64,"0x0","0x7faafa589200",4181228577128461,4181228577207997,4181228577213045,4181228577274939,5048
1910,"input_reduce_reduce_window_fusion_1.kd",2,8,2171,1261566,1261566,512,512,512,0,20,4,48,64,"0x0","0x7faafa589240",4181228577176763,4181228577213045,4181228577229349,4181228577263372,16304
1911,"loop_reduce_window_fusion_8.kd",2,8,2172,1261566,1261566,32,32,0,0,32,0,16,64,"0x0","0x7faafa589280",4181228577185937,4181228577255548,4181228577265363,4181228577288880,9815
1912,"loop_broadcast_fusion_1.kd",2,8,2173,1261566,1261566,8192,256,0,0,4,4,16,64,"0x0","0x7faafa5892c0",4181228577253377,4181228577265363,4181228577269729,4181228577294198,4366
1913,"input_scatter_fusion_1.kd",2,8,2174,1261566,1261566,8192,256,0,0,8,0,32,64,"0x0","0x7faafa589300",4181228577262661,4181228577297851,4181228577304220,4181228577313827,6369
1914,"loop_reduce_window_fusion_7.kd",2,8,2175,1261566,1261566,8192,256,0,0,8,0,16,64,"0x0","0x7faafa589340",4181228577296671,4181228577308427,4181228577311071,4181228577319425,2644
1915,"loop_reduce_window_fusion_6.kd",2,8,2176,1261566,1261566,512,256,0,0,8,0,16,64,"0x0","0x7faafa589380",4181228577306096,4181228577316839,4181228577322207,4181228577348539,5368
1916,"loop_reduce_window_fusion_5.kd",2,8,2177,1261566,1261566,32,32,0,0,8,0,16,64,"0x0","0x7faafa5893c0",4181228577315479,4181228577326213,4181228577329698,4181228577361888,3485
1917,"loop_select_fusion_5.kd",2,8,2178,1261566,1261566,8192,256,0,0,8,0,32,64,"0x0","0x7faafa589400",4181228577343752,4181228577353454,4181228577356939,4181228577356741,3485
1918,"loop_select_fusion_1.kd",2,8,2179,1261566,1261566,8192,256,0,0,8,0,16,64,"0x0","0x7faafa589440",4181228577352194,4181228577361986,4181228577364871,4181228577370081,2885
1919,"loop_broadcast_fusion_4.kd",2,8,2180,1261566,1261566,16,16,0,0,4,4,16,64,"0x0","0x7faafa589480",4181228577360987,4181228577375647,4181228577377449,4181228577380576,1802
1920,"__amd_rocclr_fillBufferAligned.kd",2,8,2181,1261566,1261566,77824,256,0,0,12,4,48,64,"0x0","0x7fc36f653580",4181228577382129,4181228577396438,4181228577409777,4181228577411522,13339
1921,"__amd_rocclr_fillBufferAligned.kd",2,8,2182,1261566,1261566,16128,256,0,0,12,4,48,64,"0x0","0x7fc36f653580",4181228577394397,4181228577409777,4181228577414625,4181228577423270,4848
1922,"transformer_engine::fused_attn_rocm::populate_rng_state_kernel(long*, long const*, long) [clone .kd]",2,8,2183,1261566,1261566,1,1,0,0,8,0,16,64,"0x0","0x7faafa5a5380",4181228577403891,4181228577414625,4181228577418791,4181228577435548,4166
1923,"__amd_rocclr_fillBufferAligned.kd",2,8,2184,1261566,1261566,256,256,0,0,12,4,48,64,"0x0","0x7fc36f653580",4181228577414056,4181228577431610,4181228577433693,4181228577441046,2083
1924,"ck_fused_attn::get_runtime_max_seqlen_kernel(unsigned long, int const*, int const*, unsigned long*) [clone .kd]",2,8,2185,1261566,1261566,4096,128,0,0,4,4,32,64,"0x0","0x7faafa570940",4181228577430370,4181228577439622,4181228577445430,4181228577449519,5808
1925,"__amd_rocclr_copyBuffer.kd",2,8,2186,1261566,1261566,512,512,0,0,16,0,32,64,"0x7feb7cde8200","0x7fc36f653600",4181228577439193,4181228577457368,4181228577464299,4181228577465583,6931
1926,"__amd_rocclr_fillBufferAligned.kd",2,8,2188,1261566,1261566,256,256,0,0,12,4,48,64,"0x0","0x7fc36f653580",4181228577483029,4181228577491619,4181228577493662,4181228577522918,2043
1927,"ck_fused_attn::get_runtime_max_seqlen_kernel(unsigned long, int const*, int const*, unsigned long*) [clone .kd]",2,8,2189,1261566,1261566,4096,128,0,0,4,4,32,64,"0x0","0x7faafa570940",4181228577492042,4181228577500472,4181228577506401,4181228577534916,5929
1928,"__amd_rocclr_copyBuffer.kd",2,8,2190,1261566,1261566,512,512,0,0,16,0,32,64,"0x7feb7cde9f80","0x7fc36f653600",4181228577499864,4181228577511128,4181228577516696,4181228577528466,5568
1929,"void transformer_engine::fused_attn_rocm::compute_scores_kernel<hip_bfloat16, transformer_engine::fused_attn_rocm::SmallSeqConfig<4, 128, 256, false, (transformer_engine::fused_attn_rocm::CausalMaskType)0>, 1>(hip_bfloat16 const*, hip_bfloat16 const*, hip_bfloat16*, float, int const*, int const*, int, int) [clone .kd]",2,8,2192,1261566,1261566,64000,64,0,0,112,0,32,64,"0x0","0x7faaf354f440",4181228577545812,4181228577555875,4181228577574583,4181228577574825,18708
1930,"void transformer_engine::fused_attn_rocm::apply_mask_and_softmax_kernel<hip_bfloat16, transformer_engine::fused_attn_rocm::SmallSeqConfig<4, 128, 256, false, (transformer_engine::fused_attn_rocm::CausalMaskType)0> >(hip_bfloat16*, hip_bfloat16 const*, float, int const*, int, int) [clone .kd]",2,8,2193,1261566,1261566,256000,256,1024,0,12,4,16,64,"0x0","0x7faaf354f480",4181228577553724,4181228577574583,4181228577579670,4181228577582577,5087
1931,"void transformer_engine::fused_attn_rocm::compute_output_kernel<hip_bfloat16, transformer_engine::fused_attn_rocm::SmallSeqConfig<4, 128, 256, false, (transformer_engine::fused_attn_rocm::CausalMaskType)0>, 2, 8>(hip_bfloat16 const*, hip_bfloat16 const*, hip_bfloat16*, int const*, int const*, int, int) [clone .kd]",2,8,2194,1261566,1261566,512000,64,8192,0,28,4,48,64,"0x0","0x7faaf354f4c0",4181228577567885,4181228577579670,4181228577627662,4181228577628315,47992
1932,"loop_broadcast_fusion_5.kd",2,8,2195,1261566,1261566,2048000,256,0,0,4,4,16,64,"0x0","0x7faafa5894c0",4181228577576117,4181228577627662,4181228577635874,4181228577637759,8212
1933,"__amd_rocclr_fillBufferAligned.kd",2,8,2196,1261566,1261566,77824,256,0,0,12,4,48,64,"0x0","0x7fc36f653580",4181228577601825,4181228577635874,4181228577642804,4181228577649586,6930
1934,"__amd_rocclr_fillBufferAligned.kd",2,8,2197,1261566,1261566,77824,256,0,0,12,4,48,64,"0x0","0x7fc36f653580",4181228577609537,4181228577642804,4181228577656064,4181228577658269,13260
1935,"__amd_rocclr_fillBufferAligned.kd",2,8,2198,1261566,1261566,77824,256,0,0,12,4,48,64,"0x0","0x7fc36f653580",4181228577615756,4181228577656064,4181228577669043,4181228577684348,12979
1936,"__amd_rocclr_fillBufferAligned.kd",2,8,2199,1261566,1261566,256,256,0,0,12,4,48,64,"0x0","0x7fc36f653580",4181228577623558,4181228577669043,4181228577673890,4181228577674844,4847
1937,"ck_fused_attn::get_runtime_max_seqlen_kernel(unsigned long, int const*, int const*, unsigned long*) [clone .kd]",2,8,2200,1261566,1261566,4096,128,0,0,4,4,32,64,"0x0","0x7faafa570940",4181228577630818,4181228577673890,4181228577679819,4181228577680052,5929
1938,"__amd_rocclr_copyBuffer.kd",2,8,2201,1261566,1261566,512,512,0,0,16,0,32,64,"0x7feb7cc76f80","0x7fc36f653600",4181228577643417,4181228577679819,4181228577685187,4181228577692690,5368
1939,"__amd_rocclr_fillBufferAligned.kd",2,8,2203,1261566,1261566,256,256,0,0,12,4,48,64,"0x0","0x7fc36f653580",4181228577709526,4181228577718957,4181228577721080,4181228577722475,2123
1940,"ck_fused_attn::get_runtime_max_seqlen_kernel(unsigned long, int const*, int const*, unsigned long*) [clone .kd]",2,8,2204,1261566,1261566,4096,128,0,0,4,4,32,64,"0x0","0x7faafa570940",4181228577718208,4181228577730895,4181228577736824,4181228577738609,5929
1941,"__amd_rocclr_copyBuffer.kd",2,8,2205,1261566,1261566,512,512,0,0,16,0,32,64,"0x7feb7cc73980","0x7fc36f653600",4181228577729716,4181228577741751,4181228577745998,4181228577745870,4247
1942,"void transformer_engine::fused_attn_rocm::compute_grad_v_kernel<hip_bfloat16, transformer_engine::fused_attn_rocm::SmallSeqConfig<4, 128, 256, false, (transformer_engine::fused_attn_rocm::CausalMaskType)0>, 16, 16>(hip_bfloat16 const*, hip_bfloat16 const*, hip_bfloat16*, int const*, int const*, int, int) [clone .kd]",2,8,2207,1261566,1261566,256000,64,8192,0,32,0,48,64,"0x0","0x7faaf3550f00",4181228577760962,4181228577770754,4181228577880558,4181228577888261,109804
1943,"void transformer_engine::fused_attn_rocm::compute_grad_attn_kernel<hip_bfloat16, transformer_engine::fused_attn_rocm::SmallSeqConfig<4, 128, 256, false, (transformer_engine::fused_attn_rocm::CausalMaskType)0>, 16>(hip_bfloat16 const*, hip_bfloat16 const*, hip_bfloat16*, int const*, int const*, int, int) [clone .kd]",2,8,2208,1261566,1261566,8000,64,0,0,116,4,48,64,"0x0","0x7faaf3550f40",4181228577770957,4181228577880558,4181228578032544,4181228578045585,151986
1944,"void transformer_engine::fused_attn_rocm::softmax_backward_kernel<hip_bfloat16, transformer_engine::fused_attn_rocm::SmallSeqConfig<4, 128, 256, false, (transformer_engine::fused_attn_rocm::CausalMaskType)0> >(hip_bfloat16 const*, hip_bfloat16 const*, hip_bfloat16*, float, int const*, int, int) [clone .kd]",2,8,2209,1261566,1261566,256000,256,1024,0,12,4,16,64,"0x0","0x7faaf3550f80",4181228577779510,4181228578032544,4181228578038432,4181228578054048,5888
1945,"void transformer_engine::fused_attn_rocm::compute_grad_qk_kernel<hip_bfloat16, transformer_engine::fused_attn_rocm::SmallSeqConfig<4, 128, 256, false, (transformer_engine::fused_attn_rocm::CausalMaskType)0>, 4, 16>(hip_bfloat16 const*, hip_bfloat16 const*, hip_bfloat16 const*, hip_bfloat16*, hip_bfloat16*, float, int const*, int const*, int, int) [clone .kd]",2,8,2210,1261566,1261566,1024000,64,8192,0,36,4,48,64,"0x0","0x7faaf3550fc0",4181228577788102,4181228578038432,4181228578162377,4181228578164753,123945
1946,"input_reduce_fusion.kd",2,8,2211,1261566,1261566,524288,256,512,0,16,0,16,64,"0x0","0x7faafa589500",4181228577795904,4181228578162377,4181228578169748,4181228578174647,7371
1947,"input_reduce_fusion_2.kd",2,8,2212,1261566,1261566,128,128,512,0,24,0,16,64,"0x0","0x7faafa589540",4181228577803585,4181228578169748,4181228578175476,4181228578180847,5728
1948,"loop_convert_fusion.kd",2,8,2213,1261566,1261566,1,1,0,0,4,4,16,64,"0x0","0x7faafa589580",4181228577812589,4181228578175476,4181228578179522,4181228578186285,4046
1949,"loop_compare_fusion.kd",2,8,2216,1261566,1261566,16128,256,0,0,4,4,16,64,"0x0","0x7faafa588b00",4181228577905417,4181228578192381,4181228578198430,4181228578218733,6049
1950,"input_reduce_reduce_window_fusion_2.kd",2,8,2217,1261566,1261566,1024,1024,512,0,20,4,48,64,"0x0","0x7faafa588b40",4181228577915071,4181228578198430,4181228578223468,4181228578225132,25038
1951,"loop_reduce_window_fusion_16.kd",2,8,2218,1261566,1261566,1024,256,0,0,8,0,16,64,"0x0","0x7faafa588b80",4181228577922302,4181228578223468,4181228578228675,4181228578230851,5207
1952,"loop_reduce_window_fusion_15.kd",2,8,2219,1261566,1261566,64,64,0,0,8,0,16,64,"0x0","0x7faafa588bc0",4181228577929823,4181228578228675,4181228578233442,4181228578236639,4767
1953,"loop_broadcast_fusion_2.kd",2,8,2220,1261566,1261566,16128,256,0,0,4,4,16,64,"0x0","0x7faafa588c00",4181228577937675,4181228578233442,4181228578238290,4181228578242058,4848
1954,"input_scatter_fusion_2.kd",2,8,2221,1261566,1261566,16128,256,0,0,12,4,32,64,"0x0","0x7faafa588c40",4181228577945196,4181228578238290,4181228578242937,4181228578247776,4647
1955,"loop_reduce_window_fusion_14.kd",2,8,2222,1261566,1261566,16128,256,0,0,8,0,16,64,"0x0","0x7faafa588c80",4181228577953218,4181228578242937,4181228578247704,4181228578253545,4767
1956,"loop_reduce_window_fusion_16.kd",2,8,2223,1261566,1261566,1024,256,0,0,8,0,16,64,"0x0","0x7faafa588b80",4181228577960809,4181228578247704,4181228578252871,4181228578259073,5167
1957,"loop_reduce_window_fusion_15.kd",2,8,2224,1261566,1261566,64,64,0,0,8,0,16,64,"0x0","0x7faafa588bc0",4181228577968541,4181228578252871,4181228578257558,4181228578264962,4687
1958,"loop_select_fusion_4.kd",2,8,2225,1261566,1261566,16128,256,0,0,12,4,32,64,"0x0","0x7faafa588cc0",4181228577975862,4181228578257558,4181228578262486,4181228578270870,4928
1959,"loop_select_fusion_2.kd",2,8,2226,1261566,1261566,16128,256,0,0,4,4,16,64,"0x0","0x7faafa588d00",4181228577983833,4181228578262486,4181228578267173,4181228578277971,4687
1960,"loop_reduce_window_fusion_14.kd",2,8,2227,1261566,1261566,16128,256,0,0,8,0,16,64,"0x0","0x7faafa588c80",4181228577991305,4181228578267173,4181228578271820,4181228578283619,4647
1961,"loop_reduce_window_fusion_16.kd",2,8,2228,1261566,1261566,1024,256,0,0,8,0,16,64,"0x0","0x7faafa588b80",4181228577998585,4181228578271820,4181228578276707,4181228578300444,4887
1962,"loop_reduce_window_fusion_15.kd",2,8,2229,1261566,1261566,64,64,0,0,8,0,16,64,"0x0","0x7faafa588bc0",4181228578005295,4181228578276707,4181228578281394,4181228578295076,4687
1963,"input_concatenate_fusion.kd",2,8,2230,1261566,1261566,16128,256,0,0,12,4,32,64,"0x0","0x7faafa588d40",4181228578012676,4181228578281394,4181228578286281,4181228578289308,4887
1964,"input_reduce_reduce_window_fusion.kd",2,8,2231,1261566,1261566,8192,256,0,0,24,0,48,64,"0x0","0x7faafa588d80",4181228578019837,4181228578286281,4181228578295975,4181228578315677,9694
1965,"loop_reduce_window_fusion_4.kd",2,8,2232,1261566,1261566,1280,256,0,0,8,0,16,64,"0x0","0x7faafa588dc0",4181228578027308,4181228578295975,4181228578300903,4181228578309808,4928
1966,"loop_reduce_window_fusion_3.kd",2,8,2233,1261566,1261566,80,80,0,0,8,0,16,64,"0x0","0x7faafa588e00",4181228578034539,4181228578300903,4181228578305470,4181228578332923,4567
1967,"loop_broadcast_fusion.kd",2,8,2234,1261566,1261566,20224,256,0,0,4,4,16,64,"0x0","0x7faafa588e40",4181228578042050,4181228578305470,4181228578310437,4181228578338481,4967
1968,"input_scatter_fusion.kd",2,8,2235,1261566,1261566,20224,256,0,0,12,4,32,64,"0x0","0x7faafa588e80",4181228578049992,4181228578310437,4181228578315084,4181228578344300,4647
1969,"loop_reduce_window_fusion_2.kd",2,8,2236,1261566,1261566,20224,256,0,0,8,0,16,64,"0x0","0x7faafa588ec0",4181228578069912,4181228578315084,4181228578319931,4181228578349898,4847
1970,"loop_reduce_window_fusion_4.kd",2,8,2237,1261566,1261566,1280,256,0,0,8,0,16,64,"0x0","0x7faafa588dc0",4181228578077052,4181228578319931,4181228578324979,4181228578327485,5048
1971,"loop_reduce_window_fusion_3.kd",2,8,2238,1261566,1261566,80,80,0,0,8,0,16,64,"0x0","0x7faafa588e00",4181228578084683,4181228578324979,4181228578329666,4181228578384820,4687
1972,"loop_remainder_fusion.kd",2,8,2239,1261566,1261566,20224,256,0,0,12,4,32,64,"0x0","0x7faafa588f00",4181228578091774,4181228578329666,4181228578334633,4181228578390418,4967
1973,"input_reduce_fusion_1.kd",2,8,2240,1261566,1261566,64,64,0,0,8,0,16,64,"0x0","0x7faafa588f40",4181228578099225,4181228578334633,4181228578339320,4181228578378210,4687
1974,"loop_select_fusion.kd",2,8,2241,1261566,1261566,20224,256,0,0,8,0,32,64,"0x0","0x7faafa588f80",4181228578107137,4181228578339320,4181228578344327,4181228578370418,5007
1975,"loop_compare_fusion_2.kd",2,8,2242,1261566,1261566,4096,256,0,0,4,4,16,64,"0x0","0x7faafa588fc0",4181228578113727,4181228578344327,4181228578349375,4181228578359532,5048
1976,"input_reduce_reduce_window_fusion_3.kd",2,8,2243,1261566,1261566,256,256,512,0,20,4,32,64,"0x0","0x7faafa589000",4181228578121809,4181228578349375,4181228578365399,4181228578451159,16024
1977,"loop_slice_fusion_1.kd",2,8,2244,1261566,1261566,16,16,0,0,20,4,16,64,"0x0","0x7faafa589040",4181228578128909,4181228578365399,4181228578370126,4181228578415065,4727
1978,"loop_broadcast_fusion_3.kd",2,8,2245,1261566,1261566,4096,256,0,0,4,4,16,64,"0x0","0x7faafa589080",4181228578136270,4181228578370126,4181228578375133,4181228578409126,5007
1979,"input_scatter_fusion_3.kd",2,8,2246,1261566,1261566,4096,256,0,0,8,0,32,64,"0x0","0x7faafa5890c0",4181228578144032,4181228578375133,4181228578381222,4181228578398460,6089
1980,"loop_reduce_window_fusion_18.kd",2,8,2247,1261566,1261566,4096,256,0,0,8,0,16,64,"0x0","0x7faafa589100",4181228578151092,4181228578381222,4181228578386029,4181228578432371,4807
1981,"loop_slice_fusion_1.kd",2,8,2248,1261566,1261566,16,16,0,0,20,4,16,64,"0x0","0x7faafa589040",4181228578158633,4181228578386029,4181228578390837,4181228578438199,4808
1982,"loop_remainder_fusion_1.kd",2,8,2249,1261566,1261566,4096,256,0,0,12,4,16,64,"0x0","0x7faafa589140",4181228578165333,4181228578390837,4181228578397366,4181228578444028,6529
1983,"loop_select_fusion_3.kd",2,8,2250,1261566,1261566,4096,256,0,0,8,0,32,64,"0x0","0x7faafa589180",4181228578203520,4181228578397366,4181228578402173,4181228578489926,4807
1984,"loop_reduce_window_fusion_18.kd",2,8,2251,1261566,1261566,4096,256,0,0,8,0,16,64,"0x0","0x7faafa589100",4181228578211132,4181228578402173,4181228578406860,4181228578495224,4687
1985,"loop_slice_fusion_1.kd",2,8,2252,1261566,1261566,16,16,0,0,20,4,16,64,"0x0","0x7faafa589040",4181228578218503,4181228578406860,4181228578411668,4181228578459781,4808
1986,"input_concatenate_fusion_1.kd",2,8,2253,1261566,1261566,4096,256,0,0,8,0,32,64,"0x0","0x7faafa5891c0",4181228578318281,4181228578411668,4181228578417476,4181228578420523,5808
1987,"loop_compare_fusion_1.kd",2,8,2254,1261566,1261566,8192,256,0,0,4,4,16,64,"0x0","0x7faafa589200",4181228578331200,4181228578417476,4181228578422444,4181228578426672,4968
1988,"input_reduce_reduce_window_fusion_1.kd",2,8,2255,1261566,1261566,512,512,512,0,20,4,48,64,"0x0","0x7faafa589240",4181228578367684,4181228578422444,4181228578439709,4181228578478369,17265
1989,"loop_reduce_window_fusion_8.kd",2,8,2256,1261566,1261566,32,32,0,0,32,0,16,64,"0x0","0x7faafa589280",4181228578376838,4181228578439709,4181228578448282,4181228578484358,8573
1990,"loop_broadcast_fusion_1.kd",2,8,2257,1261566,1261566,8192,256,0,0,4,4,16,64,"0x0","0x7faafa5892c0",4181228578406672,4181228578466549,4181228578469514,4181228578471238,2965
1991,"input_scatter_fusion_1.kd",2,8,2258,1261566,1261566,8192,256,0,0,8,0,32,64,"0x0","0x7faafa589300",4181228578468564,4181228578478687,4181228578485297,4181228578503276,6610
1992,"loop_reduce_window_fusion_7.kd",2,8,2259,1261566,1261566,8192,256,0,0,8,0,16,64,"0x0","0x7faafa589340",4181228578477478,4181228578509213,4181228578513379,4181228578513121,4166
1993,"loop_reduce_window_fusion_6.kd",2,8,2260,1261566,1261566,512,256,0,0,8,0,16,64,"0x0","0x7faafa589380",4181228578511919,4181228578527720,4181228578533369,4181228578533631,5649
1994,"loop_reduce_window_fusion_5.kd",2,8,2261,1261566,1261566,32,32,0,0,8,0,16,64,"0x0","0x7faafa5893c0",4181228578527011,4181228578537415,4181228578540619,4181228578563596,3204
1995,"loop_select_fusion_5.kd",2,8,2262,1261566,1261566,8192,256,0,0,8,0,32,64,"0x0","0x7faafa589400",4181228578557356,4181228578567579,4181228578571185,4181228578571708,3606
1996,"loop_select_fusion_1.kd",2,8,2263,1261566,1261566,8192,256,0,0,8,0,16,64,"0x0","0x7faafa589440",4181228578566510,4181228578575711,4181228578578636,4181228578579539,2925
1997,"loop_broadcast_fusion_4.kd",2,8,2264,1261566,1261566,16,16,0,0,4,4,16,64,"0x0","0x7faafa589480",4181228578575393,4181228578585125,4181228578586928,4181228578588393,1803
1998,"__amd_rocclr_fillBufferAligned.kd",2,8,2265,1261566,1261566,77824,256,0,0,12,4,48,64,"0x0","0x7fc36f653580",4181228578590816,4181228578599347,4181228578614129,4181228578623124,14782
1999,"__amd_rocclr_fillBufferAligned.kd",2,8,2266,1261566,1261566,16128,256,0,0,12,4,48,64,"0x0","0x7fc36f653580",4181228578596925,4181228578614129,4181228578619096,4181228578635493,4967
2000,"transformer_engine::fused_attn_rocm::populate_rng_state_kernel(long*, long const*, long) [clone .kd]",2,8,2267,1261566,1261566,1,1,0,0,8,0,16,64,"0x0","0x7faafa5a5380",4181228578607701,4181228578619096,4181228578623222,4181228578629103,4126
2001,"__amd_rocclr_fillBufferAligned.kd",2,8,2268,1261566,1261566,256,256,0,0,12,4,48,64,"0x0","0x7fc36f653580",4181228578619178,4181228578627909,4181228578630032,4181228578643715,2123
2002,"ck_fused_attn::get_runtime_max_seqlen_kernel(unsigned long, int const*, int const*, unsigned long*) [clone .kd]",2,8,2269,1261566,1261566,4096,128,0,0,4,4,32,64,"0x0","0x7faafa570940",4181228578626680,4181228578650903,4181228578656832,4181228578659879,5929
2003,"__amd_rocclr_copyBuffer.kd",2,8,2270,1261566,1261566,512,512,0,0,16,0,32,64,"0x7feb7cde9b80","0x7fc36f653600",4181228578650435,4181228578662160,4181228578668610,4181228578676534,6450
2004,"__amd_rocclr_fillBufferAligned.kd",2,8,2272,1261566,1261566,256,256,0,0,12,4,48,64,"0x0","0x7fc36f653580",4181228578695732,4181228578704303,4181228578706226,4181228578737414,1923
2005,"ck_fused_attn::get_runtime_max_seqlen_kernel(unsigned long, int const*, int const*, unsigned long*) [clone .kd]",2,8,2273,1261566,1261566,4096,128,0,0,4,4,32,64,"0x0","0x7faafa570940",4181228578704976,4181228578712635,4181228578718284,4181228578747740,5649
2006,"__amd_rocclr_copyBuffer.kd",2,8,2274,1261566,1261566,512,512,0,0,16,0,32,64,"0x7feb7cc76e00","0x7fc36f653600",4181228578711726,4181228578723131,4181228578729460,4181228578743003,6329
2007,"void transformer_engine::fused_attn_rocm::compute_scores_kernel<hip_bfloat16, transformer_engine::fused_attn_rocm::SmallSeqConfig<4, 128, 256, false, (transformer_engine::fused_attn_rocm::CausalMaskType)0>, 1>(hip_bfloat16 const*, hip_bfloat16 const*, hip_bfloat16*, float, int const*, int const*, int, int) [clone .kd]",2,8,2276,1261566,1261566,64000,64,0,0,112,0,32,64,"0x0","0x7faaf354f440",4181228578759076,4181228578768919,4181228578787547,4181228578788400,18628
2008,"void transformer_engine::fused_attn_rocm::apply_mask_and_softmax_kernel<hip_bfloat16, transformer_engine::fused_attn_rocm::SmallSeqConfig<4, 128, 256, false, (transformer_engine::fused_attn_rocm::CausalMaskType)0> >(hip_bfloat16*, hip_bfloat16 const*, float, int const*, int, int) [clone .kd]",2,8,2277,1261566,1261566,256000,256,1024,0,12,4,16,64,"0x0","0x7faaf354f480",4181228578767038,4181228578787547,4181228578792714,4181228578797444,5167
2009,"void transformer_engine::fused_attn_rocm::compute_output_kernel<hip_bfloat16, transformer_engine::fused_attn_rocm::SmallSeqConfig<4, 128, 256, false, (transformer_engine::fused_attn_rocm::CausalMaskType)0>, 2, 8>(hip_bfloat16 const*, hip_bfloat16 const*, hip_bfloat16*, int const*, int const*, int, int) [clone .kd]",2,8,2278,1261566,1261566,512000,64,8192,0,28,4,48,64,"0x0","0x7faaf354f4c0",4181228578775771,4181228578792714,4181228578846034,4181228578854458,53320
2010,"loop_broadcast_fusion_5.kd",2,8,2279,1261566,1261566,2048000,256,0,0,4,4,16,64,"0x0","0x7faafa5894c0",4181228578790884,4181228578846034,4181228578854206,4181228578861689,8172
2011,"__amd_rocclr_fillBufferAligned.kd",2,8,2280,1261566,1261566,77824,256,0,0,12,4,48,64,"0x0","0x7fc36f653580",4181228578817864,4181228578854206,4181228578861096,4181228578867558,6890
2012,"__amd_rocclr_fillBufferAligned.kd",2,8,2281,1261566,1261566,77824,256,0,0,12,4,48,64,"0x0","0x7fc36f653580",4181228578824374,4181228578861096,4181228578874235,4181228578876391,13139
2013,"__amd_rocclr_fillBufferAligned.kd",2,8,2282,1261566,1261566,77824,256,0,0,12,4,48,64,"0x0","0x7fc36f653580",4181228578831114,4181228578874235,4181228578887175,4181228578897332,12940
2014,"__amd_rocclr_fillBufferAligned.kd",2,8,2283,1261566,1261566,256,256,0,0,12,4,48,64,"0x0","0x7fc36f653580",4181228578839266,4181228578887175,4181228578891902,4181228578892034,4727
2015,"ck_fused_attn::get_runtime_max_seqlen_kernel(unsigned long, int const*, int const*, unsigned long*) [clone .kd]",2,8,2284,1261566,1261566,4096,128,0,0,4,4,32,64,"0x0","0x7faafa570940",4181228578845155,4181228578891902,4181228578897871,4181228578903832,5969
2016,"__amd_rocclr_copyBuffer.kd",2,8,2285,1261566,1261566,512,512,0,0,16,0,32,64,"0x7feb7cc72b80","0x7fc36f653600",4181228578852836,4181228578897871,4181228578903319,4181228578908489,5448
2017,"__amd_rocclr_fillBufferAligned.kd",2,8,2287,1261566,1261566,256,256,0,0,12,4,48,64,"0x0","0x7fc36f653580",4181228578924913,4181228578934966,4181228578936969,4181228578938413,2003
2018,"ck_fused_attn::get_runtime_max_seqlen_kernel(unsigned long, int const*, int const*, unsigned long*) [clone .kd]",2,8,2288,1261566,1261566,4096,128,0,0,4,4,32,64,"0x0","0x7faafa570940",4181228578932865,4181228578941295,4181228578947104,4181228578949780,5809
2019,"__amd_rocclr_copyBuffer.kd",2,8,2289,1261566,1261566,512,512,0,0,16,0,32,64,"0x7feb7cde9880","0x7fc36f653600",4181228578939875,4181228578968816,4181228578975426,4181228578976770,6610
2020,"void transformer_engine::fused_attn_rocm::compute_grad_v_kernel<hip_bfloat16, transformer_engine::fused_attn_rocm::SmallSeqConfig<4, 128, 256, false, (transformer_engine::fused_attn_rocm::CausalMaskType)0>, 16, 16>(hip_bfloat16 const*, hip_bfloat16 const*, hip_bfloat16*, int const*, int const*, int, int) [clone .kd]",2,8,2291,1261566,1261566,256000,64,8192,0,32,0,48,64,"0x0","0x7faaf3550f00",4181228578992163,4181228579002186,4181228579118599,4181228579119633,116413
2021,"void transformer_engine::fused_attn_rocm::compute_grad_attn_kernel<hip_bfloat16, transformer_engine::fused_attn_rocm::SmallSeqConfig<4, 128, 256, false, (transformer_engine::fused_attn_rocm::CausalMaskType)0>, 16>(hip_bfloat16 const*, hip_bfloat16 const*, hip_bfloat16*, int const*, int const*, int, int) [clone .kd]",2,8,2292,1261566,1261566,8000,64,0,0,116,4,48,64,"0x0","0x7faaf3550f40",4181228579000776,4181228579118599,4181228579268021,4181228579268674,149422
2022,"void transformer_engine::fused_attn_rocm::softmax_backward_kernel<hip_bfloat16, transformer_engine::fused_attn_rocm::SmallSeqConfig<4, 128, 256, false, (transformer_engine::fused_attn_rocm::CausalMaskType)0> >(hip_bfloat16 const*, hip_bfloat16 const*, hip_bfloat16*, float, int const*, int, int) [clone .kd]",2,8,2293,1261566,1261566,256000,256,1024,0,12,4,16,64,"0x0","0x7faaf3550f80",4181228579011081,4181228579268021,4181228579273790,4181228579275174,5769
2023,"void transformer_engine::fused_attn_rocm::compute_grad_qk_kernel<hip_bfloat16, transformer_engine::fused_attn_rocm::SmallSeqConfig<4, 128, 256, false, (transformer_engine::fused_attn_rocm::CausalMaskType)0>, 4, 16>(hip_bfloat16 const*, hip_bfloat16 const*, hip_bfloat16 const*, hip_bfloat16*, hip_bfloat16*, float, int const*, int const*, int, int) [clone .kd]",2,8,2294,1261566,1261566,1024000,64,8192,0,36,4,48,64,"0x0","0x7faaf3550fc0",4181228579018352,4181228579273790,4181228579391845,4181228579392999,118055
2024,"input_reduce_fusion.kd",2,8,2295,1261566,1261566,524288,256,512,0,16,0,16,64,"0x0","0x7faafa589500",4181228579027756,4181228579391845,4181228579398655,4181228579401242,6810
2025,"input_reduce_fusion_2.kd",2,8,2296,1261566,1261566,128,128,512,0,24,0,16,64,"0x0","0x7faafa589540",4181228579035147,4181228579398655,4181228579404464,4181228579407040,5809
2026,"loop_convert_fusion.kd",2,8,2297,1261566,1261566,1,1,0,0,4,4,16,64,"0x0","0x7faafa589580",4181228579041977,4181228579404464,4181228579409752,4181228579414361,5288
2027,"loop_compare_fusion.kd",2,8,2300,1261566,1261566,16128,256,0,0,4,4,16,64,"0x0","0x7faafa588b00",4181228579130088,4181228579422250,4181228579428179,4181228579446729,5929
2028,"input_reduce_reduce_window_fusion_2.kd",2,8,2301,1261566,1261566,1024,1024,512,0,20,4,48,64,"0x0","0x7faafa588b40",4181228579139522,4181228579428179,4181228579453257,4181228579457035,25078
2029,"loop_reduce_window_fusion_16.kd",2,8,2302,1261566,1261566,1024,256,0,0,8,0,16,64,"0x0","0x7faafa588b80",4181228579147394,4181228579453257,4181228579458184,4181228579462543,4927
2030,"loop_reduce_window_fusion_15.kd",2,8,2303,1261566,1261566,64,64,0,0,8,0,16,64,"0x0","0x7faafa588bc0",4181228579154915,4181228579458184,4181228579462791,4181228579468932,4607
2031,"loop_broadcast_fusion_2.kd",2,8,2304,1261566,1261566,16128,256,0,0,4,4,16,64,"0x0","0x7faafa588c00",4181228579162206,4181228579462791,4181228579467678,4181228579475011,4887
2032,"input_scatter_fusion_2.kd",2,8,2305,1261566,1261566,16128,256,0,0,12,4,32,64,"0x0","0x7faafa588c40",4181228579169747,4181228579467678,4181228579472325,4181228579480640,4647
2033,"loop_reduce_window_fusion_14.kd",2,8,2306,1261566,1261566,16128,256,0,0,8,0,16,64,"0x0","0x7faafa588c80",4181228579178120,4181228579472325,4181228579477052,4181228579486348,4727
2034,"loop_reduce_window_fusion_16.kd",2,8,2307,1261566,1261566,1024,256,0,0,8,0,16,64,"0x0","0x7faafa588b80",4181228579184980,4181228579477052,4181228579482140,4181228579491806,5088
2035,"loop_reduce_window_fusion_15.kd",2,8,2308,1261566,1261566,64,64,0,0,8,0,16,64,"0x0","0x7faafa588bc0",4181228579191770,4181228579482140,4181228579486786,4181228579497405,4646
2036,"loop_select_fusion_4.kd",2,8,2309,1261566,1261566,16128,256,0,0,12,4,32,64,"0x0","0x7faafa588cc0",4181228579198770,4181228579486786,4181228579491674,4181228579502803,4888
2037,"loop_select_fusion_2.kd",2,8,2310,1261566,1261566,16128,256,0,0,4,4,16,64,"0x0","0x7faafa588d00",4181228579206292,4181228579491674,4181228579496361,4181228579508481,4687
2038,"loop_reduce_window_fusion_14.kd",2,8,2311,1261566,1261566,16128,256,0,0,8,0,16,64,"0x0","0x7faafa588c80",4181228579213693,4181228579496361,4181228579501048,4181228579515552,4687
2039,"loop_reduce_window_fusion_16.kd",2,8,2312,1261566,1261566,1024,256,0,0,8,0,16,64,"0x0","0x7faafa588b80",4181228579221174,4181228579501048,4181228579505975,4181228579520960,4927
2040,"loop_reduce_window_fusion_15.kd",2,8,2313,1261566,1261566,64,64,0,0,8,0,16,64,"0x0","0x7faafa588bc0",4181228579228645,4181228579505975,4181228579510662,4181228579526398,4687
2041,"input_concatenate_fusion.kd",2,8,2314,1261566,1261566,16128,256,0,0,12,4,32,64,"0x0","0x7faafa588d40",4181228579236226,4181228579510662,4181228579515589,4181228579532176,4927
2042,"input_reduce_reduce_window_fusion.kd",2,8,2315,1261566,1261566,8192,256,0,0,24,0,48,64,"0x0","0x7faafa588d80",4181228579243146,4181228579515589,4181228579524963,4181228579558636,9374
2043,"loop_reduce_window_fusion_4.kd",2,8,2316,1261566,1261566,1280,256,0,0,8,0,16,64,"0x0","0x7faafa588dc0",4181228579251178,4181228579524963,4181228579529851,4181228579547129,4888
2044,"loop_reduce_window_fusion_3.kd",2,8,2317,1261566,1261566,80,80,0,0,8,0,16,64,"0x0","0x7faafa588e00",4181228579257898,4181228579529851,4181228579534497,4181228579537975,4646
2045,"loop_broadcast_fusion.kd",2,8,2318,1261566,1261566,20224,256,0,0,4,4,16,64,"0x0","0x7faafa588e40",4181228579265089,4181228579534497,4181228579539425,4181228579566127,4928
2046,"input_scatter_fusion.kd",2,8,2319,1261566,1261566,20224,256,0,0,12,4,32,64,"0x0","0x7faafa588e80",4181228579272500,4181228579539425,4181228579544072,4181228579571795,4647
2047,"loop_reduce_window_fusion_2.kd",2,8,2320,1261566,1261566,20224,256,0,0,8,0,16,64,"0x0","0x7faafa588ec0",4181228579283046,4181228579544072,4181228579548879,4181228579577924,4807
2048,"loop_reduce_window_fusion_4.kd",2,8,2321,1261566,1261566,1280,256,0,0,8,0,16,64,"0x0","0x7faafa588dc0",4181228579290727,4181228579548879,4181228579554046,4181228579583523,5167
2049,"loop_reduce_window_fusion_3.kd",2,8,2322,1261566,1261566,80,80,0,0,8,0,16,64,"0x0","0x7faafa588e00",4181228579298379,4181228579554046,4181228579558693,4181228579589011,4647
2050,"loop_remainder_fusion.kd",2,8,2323,1261566,1261566,20224,256,0,0,12,4,32,64,"0x0","0x7faafa588f00",4181228579306140,4181228579558693,4181228579563581,4181228579594349,4888
2051,"input_reduce_fusion_1.kd",2,8,2324,1261566,1261566,64,64,0,0,8,0,16,64,"0x0","0x7faafa588f40",4181228579313441,4181228579563581,4181228579568188,4181228579601990,4607
2052,"loop_select_fusion.kd",2,8,2325,1261566,1261566,20224,256,0,0,8,0,32,64,"0x0","0x7faafa588f80",4181228579321934,4181228579568188,4181228579573155,4181228579607679,4967
2053,"loop_compare_fusion_2.kd",2,8,2326,1261566,1261566,4096,256,0,0,4,4,16,64,"0x0","0x7faafa588fc0",4181228579329395,4181228579573155,4181228579578162,4181228579612856,5007
2054,"input_reduce_reduce_window_fusion_3.kd",2,8,2327,1261566,1261566,256,256,512,0,20,4,32,64,"0x0","0x7faafa589000",4181228579336575,4181228579578162,4181228579594146,4181228579618254,15984
2055,"loop_slice_fusion_1.kd",2,8,2328,1261566,1261566,16,16,0,0,20,4,16,64,"0x0","0x7faafa589040",4181228579343426,4181228579594146,4181228579598873,4181228579623953,4727
2056,"loop_broadcast_fusion_3.kd",2,8,2329,1261566,1261566,4096,256,0,0,4,4,16,64,"0x0","0x7faafa589080",4181228579350446,4181228579598873,4181228579603841,4181228579657983,4968
2057,"input_scatter_fusion_3.kd",2,8,2330,1261566,1261566,4096,256,0,0,8,0,32,64,"0x0","0x7faafa5890c0",4181228579357376,4181228579603841,4181228579609930,4181228579663652,6089
2058,"loop_reduce_window_fusion_18.kd",2,8,2331,1261566,1261566,4096,256,0,0,8,0,16,64,"0x0","0x7faafa589100",4181228579364988,4181228579609930,4181228579614817,4181228579635540,4887
2059,"loop_slice_fusion_1.kd",2,8,2332,1261566,1261566,16,16,0,0,20,4,16,64,"0x0","0x7faafa589040",4181228579372299,4181228579614817,4181228579619624,4181228579629631,4807
2060,"loop_remainder_fusion_1.kd",2,8,2333,1261566,1261566,4096,256,0,0,12,4,16,64,"0x0","0x7faafa589140",4181228579379690,4181228579619624,4181228579626634,4181228579640898,7010
2061,"loop_select_fusion_3.kd",2,8,2334,1261566,1261566,4096,256,0,0,8,0,32,64,"0x0","0x7faafa589180",4181228579388082,4181228579626634,4181228579631522,4181228579646687,4888
2062,"loop_reduce_window_fusion_18.kd",2,8,2335,1261566,1261566,4096,256,0,0,8,0,16,64,"0x0","0x7faafa589100",4181228579394792,4181228579631522,4181228579636329,4181228579652485,4807
2063,"loop_slice_fusion_1.kd",2,8,2336,1261566,1261566,16,16,0,0,20,4,16,64,"0x0","0x7faafa589040",4181228579428672,4181228579636329,4181228579641136,4181228579696711,4807
2064,"input_concatenate_fusion_1.kd",2,8,2337,1261566,1261566,4096,256,0,0,8,0,32,64,"0x0","0x7faafa5891c0",4181228579436504,4181228579641136,4181228579647105,4181228579691193,5969
2065,"loop_compare_fusion_1.kd",2,8,2338,1261566,1261566,8192,256,0,0,4,4,16,64,"0x0","0x7faafa589200",4181228579444456,4181228579647105,4181228579652152,4181228579673386,5047
2066,"input_reduce_reduce_window_fusion_1.kd",2,8,2339,1261566,1261566,512,512,512,0,20,4,48,64,"0x0","0x7faafa589240",4181228579461852,4181228579652152,4181228579668577,4181228579684463,16425
2067,"loop_reduce_window_fusion_8.kd",2,8,2340,1261566,1261566,32,32,0,0,32,0,16,64,"0x0","0x7faafa589280",4181228579558215,4181228579685802,4181228579694816,4181228579704463,9014
2068,"loop_broadcast_fusion_1.kd",2,8,2341,1261566,1261566,8192,256,0,0,4,4,16,64,"0x0","0x7faafa5892c0",4181228579683972,4181228579711320,4181228579714085,4181228579715068,2765
2069,"input_scatter_fusion_1.kd",2,8,2342,1261566,1261566,8192,256,0,0,8,0,32,64,"0x0","0x7faafa589300",4181228579712625,4181228579730990,4181228579737439,4181228579737502,6449
2070,"loop_reduce_window_fusion_7.kd",2,8,2343,1261566,1261566,8192,256,0,0,8,0,16,64,"0x0","0x7faafa589340",4181228579729860,4181228579741485,4181228579744370,4181228579745644,2885
2071,"loop_reduce_window_fusion_6.kd",2,8,2344,1261566,1261566,512,256,0,0,8,0,16,64,"0x0","0x7faafa589380",4181228579739795,4181228579749257,4181228579754264,4181228579754487,5007
2072,"loop_reduce_window_fusion_5.kd",2,8,2345,1261566,1261566,32,32,0,0,8,0,16,64,"0x0","0x7faafa5893c0",4181228579749660,4181228579758430,4181228579762717,4181228579784852,4287
2073,"loop_select_fusion_5.kd",2,8,2346,1261566,1261566,8192,256,0,0,8,0,32,64,"0x0","0x7faafa589400",4181228579781958,4181228579790919,4181228579794244,4181228579795087,3325
2074,"loop_select_fusion_1.kd",2,8,2347,1261566,1261566,8192,256,0,0,8,0,16,64,"0x0","0x7faafa589440",4181228579789159,4181228579798690,4181228579801254,4181228579803300,2564
2075,"loop_broadcast_fusion_4.kd",2,8,2348,1261566,1261566,16,16,0,0,4,4,16,64,"0x0","0x7faafa589480",4181228579797210,4181228579806422,4181228579808064,4181228579813435,1642
2076,"__amd_rocclr_fillBufferAligned.kd",2,8,2349,1261566,1261566,77824,256,0,0,12,4,48,64,"0x0","0x7fc36f653580",4181228579810801,4181228579821244,4181228579835345,4181228579835798,14101
2077,"__amd_rocclr_fillBufferAligned.kd",2,8,2350,1261566,1261566,16128,256,0,0,12,4,48,64,"0x0","0x7fc36f653580",4181228579818753,4181228579835345,4181228579840312,4181228579847325,4967
2078,"transformer_engine::fused_attn_rocm::populate_rng_state_kernel(long*, long const*, long) [clone .kd]",2,8,2351,1261566,1261566,1,1,0,0,8,0,16,64,"0x0","0x7faafa5a5380",4181228579829008,4181228579840312,4181228579844438,4181228579855798,4126
2079,"__amd_rocclr_fillBufferAligned.kd",2,8,2352,1261566,1261566,256,256,0,0,12,4,48,64,"0x0","0x7fc36f653580",4181228579841066,4181228579862665,4181228579864588,4181228579873514,1923
2080,"ck_fused_attn::get_runtime_max_seqlen_kernel(unsigned long, int const*, int const*, unsigned long*) [clone .kd]",2,8,2353,1261566,1261566,4096,128,0,0,4,4,32,64,"0x0","0x7faafa570940",4181228579861626,4181228579871879,4181228579877528,4181228579882758,5649
2081,"__amd_rocclr_copyBuffer.kd",2,8,2354,1261566,1261566,512,512,0,0,16,0,32,64,"0x7feb7cc76780","0x7fc36f653600",4181228579871691,4181228579889505,4181228579896035,4181228579898421,6530
2082,"__amd_rocclr_fillBufferAligned.kd",2,8,2356,1261566,1261566,256,256,0,0,12,4,48,64,"0x0","0x7fc36f653580",4181228579916828,4181228579926000,4181228579927923,4181228579961795,1923
2083,"ck_fused_attn::get_runtime_max_seqlen_kernel(unsigned long, int const*, int const*, unsigned long*) [clone .kd]",2,8,2357,1261566,1261566,4096,128,0,0,4,4,32,64,"0x0","0x7faafa570940",4181228579927544,4181228579937296,4181228579943065,4181228579972101,5769
2084,"__amd_rocclr_copyBuffer.kd",2,8,2358,1261566,1261566,512,512,0,0,16,0,32,64,"0x7feb7cc72700","0x7fc36f653600",4181228579939352,4181228579947792,4181228579954041,4181228579967424,6249
2085,"void transformer_engine::fused_attn_rocm::compute_scores_kernel<hip_bfloat16, transformer_engine::fused_attn_rocm::SmallSeqConfig<4, 128, 256, false, (transformer_engine::fused_attn_rocm::CausalMaskType)0>, 1>(hip_bfloat16 const*, hip_bfloat16 const*, hip_bfloat16*, float, int const*, int const*, int, int) [clone .kd]",2,8,2360,1261566,1261566,64000,64,0,0,112,0,32,64,"0x0","0x7faaf354f440",4181228579983277,4181228579992859,4181228580011447,4181228580011429,18588
2086,"void transformer_engine::fused_attn_rocm::apply_mask_and_softmax_kernel<hip_bfloat16, transformer_engine::fused_attn_rocm::SmallSeqConfig<4, 128, 256, false, (transformer_engine::fused_attn_rocm::CausalMaskType)0> >(hip_bfloat16*, hip_bfloat16 const*, float, int const*, int, int) [clone .kd]",2,8,2361,1261566,1261566,256000,256,1024,0,12,4,16,64,"0x0","0x7faaf354f480",4181228579991830,4181228580011447,4181228580017095,4181228580017989,5648
2087,"void transformer_engine::fused_attn_rocm::compute_output_kernel<hip_bfloat16, transformer_engine::fused_attn_rocm::SmallSeqConfig<4, 128, 256, false, (transformer_engine::fused_attn_rocm::CausalMaskType)0>, 2, 8>(hip_bfloat16 const*, hip_bfloat16 const*, hip_bfloat16*, int const*, int const*, int, int) [clone .kd]",2,8,2362,1261566,1261566,512000,64,8192,0,28,4,48,64,"0x0","0x7faaf354f4c0",4181228579999972,4181228580017095,4181228580062362,4181228580066531,45267
2088,"loop_broadcast_fusion_5.kd",2,8,2363,1261566,1261566,2048000,256,0,0,4,4,16,64,"0x0","0x7faafa5894c0",4181228580014353,4181228580062362,4181228580070735,4181228580074513,8373
2089,"__amd_rocclr_fillBufferAligned.kd",2,8,2364,1261566,1261566,77824,256,0,0,12,4,48,64,"0x0","0x7fc36f653580",4181228580027713,4181228580070735,4181228580077705,4181228580080061,6970
2090,"__amd_rocclr_fillBufferAligned.kd",2,8,2365,1261566,1261566,77824,256,0,0,12,4,48,64,"0x0","0x7fc36f653580",4181228580033812,4181228580077705,4181228580090925,4181228580090787,13220
2091,"__amd_rocclr_fillBufferAligned.kd",2,8,2366,1261566,1261566,77824,256,0,0,12,4,48,64,"0x0","0x7fc36f653580",4181228580043176,4181228580090925,4181228580104024,4181228580107312,13099
2092,"__amd_rocclr_fillBufferAligned.kd",2,8,2367,1261566,1261566,256,256,0,0,12,4,48,64,"0x0","0x7fc36f653580",4181228580050617,4181228580104024,4181228580108952,4181228580114302,4928
2093,"ck_fused_attn::get_runtime_max_seqlen_kernel(unsigned long, int const*, int const*, unsigned long*) [clone .kd]",2,8,2368,1261566,1261566,4096,128,0,0,4,4,32,64,"0x0","0x7faafa570940",4181228580057187,4181228580108952,4181228580114921,4181228580119279,5969
2094,"__amd_rocclr_copyBuffer.kd",2,8,2369,1261566,1261566,512,512,0,0,16,0,32,64,"0x7feb7cc72580","0x7fc36f653600",4181228580065349,4181228580114921,4181228580120729,4181228580125349,5808
2095,"__amd_rocclr_fillBufferAligned.kd",2,8,2371,1261566,1261566,256,256,0,0,12,4,48,64,"0x0","0x7fc36f653580",4181228580142174,4181228580154740,4181228580156943,4181228580157787,2203
2096,"ck_fused_attn::get_runtime_max_seqlen_kernel(unsigned long, int const*, int const*, unsigned long*) [clone .kd]",2,8,2372,1261566,1261566,4096,128,0,0,4,4,32,64,"0x0","0x7faafa570940",4181228580154141,4181228580162551,4181228580168480,4181228580176384,5929
2097,"__amd_rocclr_copyBuffer.kd",2,8,2373,1261566,1261566,512,512,0,0,16,0,32,64,"0x7feb7cde9380","0x7fc36f653600",4181228580161342,4181228580174249,4181228580181460,4181228580184216,7211
2098,"void transformer_engine::fused_attn_rocm::compute_grad_v_kernel<hip_bfloat16, transformer_engine::fused_attn_rocm::SmallSeqConfig<4, 128, 256, false, (transformer_engine::fused_attn_rocm::CausalMaskType)0>, 16, 16>(hip_bfloat16 const*, hip_bfloat16 const*, hip_bfloat16*, int const*, int const*, int, int) [clone .kd]",2,8,2375,1261566,1261566,256000,64,8192,0,32,0,48,64,"0x0","0x7faaf3550f00",4181228580201131,4181228580212025,4181228580324192,4181228580327629,112167
2099,"void transformer_engine::fused_attn_rocm::compute_grad_attn_kernel<hip_bfloat16, transformer_engine::fused_attn_rocm::SmallSeqConfig<4, 128, 256, false, (transformer_engine::fused_attn_rocm::CausalMaskType)0>, 16>(hip_bfloat16 const*, hip_bfloat16 const*, hip_bfloat16*, int const*, int const*, int, int) [clone .kd]",2,8,2376,1261566,1261566,8000,64,0,0,116,4,48,64,"0x0","0x7faaf3550f40",4181228580220730,4181228580324192,4181228580475216,4181228580484913,151024
2100,"void transformer_engine::fused_attn_rocm::softmax_backward_kernel<hip_bfloat16, transformer_engine::fused_attn_rocm::SmallSeqConfig<4, 128, 256, false, (transformer_engine::fused_attn_rocm::CausalMaskType)0> >(hip_bfloat16 const*, hip_bfloat16 const*, hip_bfloat16*, float, int const*, int, int) [clone .kd]",2,8,2377,1261566,1261566,256000,256,1024,0,12,4,16,64,"0x0","0x7faaf3550f80",4181228580228562,4181228580475216,4181228580481145,4181228580492324,5929
2101,"void transformer_engine::fused_attn_rocm::compute_grad_qk_kernel<hip_bfloat16, transformer_engine::fused_attn_rocm::SmallSeqConfig<4, 128, 256, false, (transformer_engine::fused_attn_rocm::CausalMaskType)0>, 4, 16>(hip_bfloat16 const*, hip_bfloat16 const*, hip_bfloat16 const*, hip_bfloat16*, hip_bfloat16*, float, int const*, int const*, int, int) [clone .kd]",2,8,2378,1261566,1261566,1024000,64,8192,0,36,4,48,64,"0x0","0x7faaf3550fc0",4181228580236704,4181228580481145,4181228580598400,4181228580600675,117255
2102,"input_reduce_fusion.kd",2,8,2379,1261566,1261566,524288,256,512,0,16,0,16,64,"0x0","0x7faafa589500",4181228580244976,4181228580598400,4181228580605410,4181228580607816,7010
2103,"input_reduce_fusion_2.kd",2,8,2380,1261566,1261566,128,128,512,0,24,0,16,64,"0x0","0x7faafa589540",4181228580253028,4181228580605410,4181228580610898,4181228580613675,5488
2104,"loop_convert_fusion.kd",2,8,2381,1261566,1261566,1,1,0,0,4,4,16,64,"0x0","0x7faafa589580",4181228580260199,4181228580610898,4181228580615064,4181228580619183,4166
2105,"loop_compare_fusion.kd",2,8,2384,1261566,1261566,16128,256,0,0,4,4,16,64,"0x0","0x7faafa588b00",4181228580352286,4181228580628965,4181228580634573,4181228580648967,5608
2106,"input_reduce_reduce_window_fusion_2.kd",2,8,2385,1261566,1261566,1024,1024,512,0,20,4,48,64,"0x0","0x7faafa588b40",4181228580362091,4181228580634573,4181228580658970,4181228580662127,24397
2107,"loop_reduce_window_fusion_16.kd",2,8,2386,1261566,1261566,1024,256,0,0,8,0,16,64,"0x0","0x7faafa588b80",4181228580369722,4181228580658970,4181228580663777,4181228580668016,4807
2108,"loop_reduce_window_fusion_15.kd",2,8,2387,1261566,1261566,64,64,0,0,8,0,16,64,"0x0","0x7faafa588bc0",4181228580377053,4181228580663777,4181228580668464,4181228580673904,4687
2109,"loop_broadcast_fusion_2.kd",2,8,2388,1261566,1261566,16128,256,0,0,4,4,16,64,"0x0","0x7faafa588c00",4181228580384354,4181228580668464,4181228580673351,4181228580679843,4887
2110,"input_scatter_fusion_2.kd",2,8,2389,1261566,1261566,16128,256,0,0,12,4,32,64,"0x0","0x7faafa588c40",4181228580392566,4181228580673351,4181228580678078,4181228580686002,4727
2111,"loop_reduce_window_fusion_14.kd",2,8,2390,1261566,1261566,16128,256,0,0,8,0,16,64,"0x0","0x7faafa588c80",4181228580400267,4181228580678078,4181228580682925,4181228580691601,4847
2112,"loop_reduce_window_fusion_16.kd",2,8,2391,1261566,1261566,1024,256,0,0,8,0,16,64,"0x0","0x7faafa588b80",4181228580408560,4181228580682925,4181228580688213,4181228580697239,5288
2113,"loop_reduce_window_fusion_15.kd",2,8,2392,1261566,1261566,64,64,0,0,8,0,16,64,"0x0","0x7faafa588bc0",4181228580415901,4181228580688213,4181228580692900,4181228580703368,4687
2114,"loop_select_fusion_4.kd",2,8,2393,1261566,1261566,16128,256,0,0,12,4,32,64,"0x0","0x7faafa588cc0",4181228580424003,4181228580692900,4181228580697787,4181228580709237,4887
2115,"loop_select_fusion_2.kd",2,8,2394,1261566,1261566,16128,256,0,0,4,4,16,64,"0x0","0x7faafa588d00",4181228580431264,4181228580697787,4181228580702555,4181228580714895,4768
2116,"loop_reduce_window_fusion_14.kd",2,8,2395,1261566,1261566,16128,256,0,0,8,0,16,64,"0x0","0x7faafa588c80",4181228580438594,4181228580702555,4181228580707242,4181228580720554,4687
2117,"loop_reduce_window_fusion_16.kd",2,8,2396,1261566,1261566,1024,256,0,0,8,0,16,64,"0x0","0x7faafa588b80",4181228580445144,4181228580707242,4181228580712129,4181228580726503,4887
2118,"loop_reduce_window_fusion_15.kd",2,8,2397,1261566,1261566,64,64,0,0,8,0,16,64,"0x0","0x7faafa588bc0",4181228580452605,4181228580712129,4181228580716736,4181228580733803,4607
2119,"input_concatenate_fusion.kd",2,8,2398,1261566,1261566,16128,256,0,0,12,4,32,64,"0x0","0x7faafa588d40",4181228580459385,4181228580716736,4181228580721743,4181228580748355,5007
2120,"input_reduce_reduce_window_fusion.kd",2,8,2399,1261566,1261566,8192,256,0,0,24,0,48,64,"0x0","0x7faafa588d80",4181228580467427,4181228580721743,4181228580731197,4181228580741976,9454
2121,"loop_reduce_window_fusion_4.kd",2,8,2400,1261566,1261566,1280,256,0,0,8,0,16,64,"0x0","0x7faafa588dc0",4181228580474648,4181228580731197,4181228580736245,4181228580754344,5048
2122,"loop_reduce_window_fusion_3.kd",2,8,2401,1261566,1261566,80,80,0,0,8,0,16,64,"0x0","0x7faafa588e00",4181228580482079,4181228580736245,4181228580740852,4181228580760383,4607
2123,"loop_broadcast_fusion.kd",2,8,2402,1261566,1261566,20224,256,0,0,4,4,16,64,"0x0","0x7faafa588e40",4181228580488999,4181228580740852,4181228580745819,4181228580765931,4967
2124,"input_scatter_fusion.kd",2,8,2403,1261566,1261566,20224,256,0,0,12,4,32,64,"0x0","0x7faafa588e80",4181228580508989,4181228580745819,4181228580750426,4181228580771520,4607
2125,"loop_reduce_window_fusion_2.kd",2,8,2404,1261566,1261566,20224,256,0,0,8,0,16,64,"0x0","0x7faafa588ec0",4181228580516540,4181228580750426,4181228580755193,4181228580777378,4767
2126,"loop_reduce_window_fusion_4.kd",2,8,2405,1261566,1261566,1280,256,0,0,8,0,16,64,"0x0","0x7faafa588dc0",4181228580523661,4181228580755193,4181228580760240,4181228580783097,5047
2127,"loop_reduce_window_fusion_3.kd",2,8,2406,1261566,1261566,80,80,0,0,8,0,16,64,"0x0","0x7faafa588e00",4181228580531022,4181228580760240,4181228580764887,4181228580788465,4647
2128,"loop_remainder_fusion.kd",2,8,2407,1261566,1261566,20224,256,0,0,12,4,32,64,"0x0","0x7faafa588f00",4181228580538132,4181228580764887,4181228580769895,4181228580794283,5008
2129,"input_reduce_fusion_1.kd",2,8,2408,1261566,1261566,64,64,0,0,8,0,16,64,"0x0","0x7faafa588f40",4181228580545774,4181228580769895,4181228580774622,4181228580800202,4727
2130,"loop_select_fusion.kd",2,8,2409,1261566,1261566,20224,256,0,0,8,0,32,64,"0x0","0x7faafa588f80",4181228580553265,4181228580774622,4181228580779669,4181228580807333,5047
2131,"loop_compare_fusion_2.kd",2,8,2410,1261566,1261566,4096,256,0,0,4,4,16,64,"0x0","0x7faafa588fc0",4181228580560896,4181228580779669,4181228580784677,4181228580824018,5008
2132,"input_reduce_reduce_window_fusion_3.kd",2,8,2411,1261566,1261566,256,256,512,0,20,4,32,64,"0x0","0x7faafa589000",4181228580567987,4181228580784677,4181228580800660,4181228580840943,15983
2133,"loop_slice_fusion_1.kd",2,8,2412,1261566,1261566,16,16,0,0,20,4,16,64,"0x0","0x7faafa589040",4181228580575788,4181228580800660,4181228580805428,4181228580818489,4768
2134,"loop_broadcast_fusion_3.kd",2,8,2413,1261566,1261566,4096,256,0,0,4,4,16,64,"0x0","0x7faafa589080",4181228580582639,4181228580805428,4181228580810395,4181228580813322,4967
2135,"input_scatter_fusion_3.kd",2,8,2414,1261566,1261566,4096,256,0,0,8,0,32,64,"0x0","0x7faafa5890c0",4181228580590410,4181228580810395,4181228580816524,4181228580883456,6129
2136,"loop_reduce_window_fusion_18.kd",2,8,2415,1261566,1261566,4096,256,0,0,8,0,16,64,"0x0","0x7faafa589100",4181228580597931,4181228580816524,4181228580821331,4181228580829566,4807
2137,"loop_slice_fusion_1.kd",2,8,2416,1261566,1261566,16,16,0,0,20,4,16,64,"0x0","0x7faafa589040",4181228580606564,4181228580821331,4181228580826138,4181228580835495,4807
2138,"loop_remainder_fusion_1.kd",2,8,2417,1261566,1261566,4096,256,0,0,12,4,16,64,"0x0","0x7faafa589140",4181228580635297,4181228580826138,4181228580832668,4181228580889535,6530
2139,"loop_select_fusion_3.kd",2,8,2418,1261566,1261566,4096,256,0,0,8,0,32,64,"0x0","0x7faafa589180",4181228580644240,4181228580832668,4181228580837515,4181228580878238,4847
2140,"loop_reduce_window_fusion_18.kd",2,8,2419,1261566,1261566,4096,256,0,0,8,0,16,64,"0x0","0x7faafa589100",4181228580651771,4181228580837515,4181228580842282,4181228580849125,4767
2141,"loop_slice_fusion_1.kd",2,8,2420,1261566,1261566,16,16,0,0,20,4,16,64,"0x0","0x7faafa589040",4181228580666654,4181228580842282,4181228580846409,4181228580895063,4127
2142,"input_concatenate_fusion_1.kd",2,8,2421,1261566,1261566,4096,256,0,0,8,0,32,64,"0x0","0x7faafa5891c0",4181228580752872,4181228580855943,4181228580862713,4181228580867432,6770
2143,"loop_compare_fusion_1.kd",2,8,2422,1261566,1261566,8192,256,0,0,4,4,16,64,"0x0","0x7faafa589200",4181228580861293,4181228580875692,4181228580878416,4181228580905359,2724
2144,"input_reduce_reduce_window_fusion_1.kd",2,8,2423,1261566,1261566,512,512,512,0,20,4,48,64,"0x0","0x7faafa589240",4181228580874563,4181228580883744,4181228580900489,4181228580910777,16745
2145,"loop_reduce_window_fusion_8.kd",2,8,2424,1261566,1261566,32,32,0,0,32,0,16,64,"0x0","0x7faafa589280",4181228580882174,4181228580911145,4181228580919758,4181228580920531,8613
2146,"loop_broadcast_fusion_1.kd",2,8,2425,1261566,1261566,8192,256,0,0,4,4,16,64,"0x0","0x7faafa5892c0",4181228580912309,4181228580923764,4181228580925126,4181228580926620,1362
2147,"input_scatter_fusion_1.kd",2,8,2426,1261566,1261566,8192,256,0,0,8,0,32,64,"0x0","0x7faafa589300",4181228580921012,4181228580940829,4181228580947319,4181228580948132,6490
2148,"loop_reduce_window_fusion_7.kd",2,8,2427,1261566,1261566,8192,256,0,0,8,0,16,64,"0x0","0x7faafa589340",4181228580940911,4181228580951285,4181228580954129,4181228580953931,2844
2149,"loop_reduce_window_fusion_6.kd",2,8,2428,1261566,1261566,512,256,0,0,8,0,16,64,"0x0","0x7faafa589380",4181228580949314,4181228580959497,4181228580964584,4181228580965318,5087
2150,"loop_reduce_window_fusion_5.kd",2,8,2429,1261566,1261566,32,32,0,0,8,0,16,64,"0x0","0x7faafa5893c0",4181228580958137,4181228580969191,4181228580973437,4181228580992478,4246
2151,"loop_select_fusion_5.kd",2,8,2430,1261566,1261566,8192,256,0,0,8,0,32,64,"0x0","0x7faafa589400",4181228580989854,4181228580999636,4181228581003001,4181228581004075,3365
2152,"loop_select_fusion_1.kd",2,8,2431,1261566,1261566,8192,256,0,0,8,0,16,64,"0x0","0x7faafa589440",4181228580998337,4181228581007408,4181228581010172,4181228581012238,2764
2153,"loop_broadcast_fusion_4.kd",2,8,2432,1261566,1261566,16,16,0,0,4,4,16,64,"0x0","0x7faafa589480",4181228581005978,4181228581015260,4181228581017102,4181228581017415,1842
2154,"__amd_rocclr_fillBufferAligned.kd",2,8,2433,1261566,1261566,77824,256,0,0,12,4,48,64,"0x0","0x7fc36f653580",4181228581019128,4181228581032646,4181228581047387,4181228581049643,14741
2155,"__amd_rocclr_fillBufferAligned.kd",2,8,2434,1261566,1261566,16128,256,0,0,12,4,48,64,"0x0","0x7fc36f653580",4181228581030495,4181228581047387,4181228581052315,4181228581056744,4928
2156,"transformer_engine::fused_attn_rocm::populate_rng_state_kernel(long*, long const*, long) [clone .kd]",2,8,2435,1261566,1261566,1,1,0,0,8,0,16,64,"0x0","0x7faafa5a5380",4181228581040970,4181228581052315,4181228581056441,4181228581067019,4126
2157,"__amd_rocclr_fillBufferAligned.kd",2,8,2436,1261566,1261566,256,256,0,0,12,4,48,64,"0x0","0x7fc36f653580",4181228581050625,4181228581073066,4181228581075189,4181228581083854,2123
2158,"ck_fused_attn::get_runtime_max_seqlen_kernel(unsigned long, int const*, int const*, unsigned long*) [clone .kd]",2,8,2437,1261566,1261566,4096,128,0,0,4,4,32,64,"0x0","0x7faafa570940",4181228581072978,4181228581083962,4181228581089931,4181228581093308,5969
2159,"__amd_rocclr_copyBuffer.kd",2,8,2438,1261566,1261566,512,512,0,0,16,0,32,64,"0x7feb7cde9180","0x7fc36f653600",4181228581083664,4181228581099024,4181228581105714,4181228581109302,6690
2160,"__amd_rocclr_fillBufferAligned.kd",2,8,2440,1261566,1261566,256,256,0,0,12,4,48,64,"0x0","0x7fc36f653580",4181228581128100,4181228581136720,4181228581138723,4181228581169852,2003
2161,"ck_fused_attn::get_runtime_max_seqlen_kernel(unsigned long, int const*, int const*, unsigned long*) [clone .kd]",2,8,2441,1261566,1261566,4096,128,0,0,4,4,32,64,"0x0","0x7faafa570940",4181228581138275,4181228581146335,4181228581152183,4181228581180508,5848
2162,"__amd_rocclr_copyBuffer.kd",2,8,2442,1261566,1261566,512,512,0,0,16,0,32,64,"0x7feb7cde9080","0x7fc36f653600",4181228581148470,4181228581157551,4181228581163801,4181228581175450,6250
2163,"void transformer_engine::fused_attn_rocm::compute_scores_kernel<hip_bfloat16, transformer_engine::fused_attn_rocm::SmallSeqConfig<4, 128, 256, false, (transformer_engine::fused_attn_rocm::CausalMaskType)0>, 1>(hip_bfloat16 const*, hip_bfloat16 const*, hip_bfloat16*, float, int const*, int const*, int, int) [clone .kd]",2,8,2444,1261566,1261566,64000,64,0,0,112,0,32,64,"0x0","0x7faaf354f440",4181228581192365,4181228581201817,4181228581220725,4181228581221719,18908
2164,"void transformer_engine::fused_attn_rocm::apply_mask_and_softmax_kernel<hip_bfloat16, transformer_engine::fused_attn_rocm::SmallSeqConfig<4, 128, 256, false, (transformer_engine::fused_attn_rocm::CausalMaskType)0> >(hip_bfloat16*, hip_bfloat16 const*, float, int const*, int, int) [clone .kd]",2,8,2445,1261566,1261566,256000,256,1024,0,12,4,16,64,"0x0","0x7faaf354f480",4181228581200317,4181228581220725,4181228581225853,4181228581235730,5128
2165,"void transformer_engine::fused_attn_rocm::compute_output_kernel<hip_bfloat16, transformer_engine::fused_attn_rocm::SmallSeqConfig<4, 128, 256, false, (transformer_engine::fused_attn_rocm::CausalMaskType)0>, 2, 8>(hip_bfloat16 const*, hip_bfloat16 const*, hip_bfloat16*, int const*, int const*, int, int) [clone .kd]",2,8,2446,1261566,1261566,512000,64,8192,0,28,4,48,64,"0x0","0x7faaf354f4c0",4181228581207999,4181228581225853,4181228581273283,4181228581274618,47430
2166,"loop_broadcast_fusion_5.kd",2,8,2447,1261566,1261566,2048000,256,0,0,4,4,16,64,"0x0","0x7faafa5894c0",4181228581218875,4181228581273283,4181228581281456,4181228581284452,8173
2167,"__amd_rocclr_fillBufferAligned.kd",2,8,2448,1261566,1261566,77824,256,0,0,12,4,48,64,"0x0","0x7fc36f653580",4181228581238855,4181228581281456,4181228581288226,4181228581290001,6770
2168,"__amd_rocclr_fillBufferAligned.kd",2,8,2449,1261566,1261566,77824,256,0,0,12,4,48,64,"0x0","0x7fc36f653580",4181228581250682,4181228581288226,4181228581301245,4181228581301137,13019
2169,"__amd_rocclr_fillBufferAligned.kd",2,8,2450,1261566,1261566,77824,256,0,0,12,4,48,64,"0x0","0x7fc36f653580",4181228581256531,4181228581301245,4181228581314184,4181228581317552,12939
2170,"__amd_rocclr_fillBufferAligned.kd",2,8,2451,1261566,1261566,256,256,0,0,12,4,48,64,"0x0","0x7fc36f653580",4181228581266576,4181228581314184,4181228581318951,4181228581323841,4767
2171,"ck_fused_attn::get_runtime_max_seqlen_kernel(unsigned long, int const*, int const*, unsigned long*) [clone .kd]",2,8,2452,1261566,1261566,4096,128,0,0,4,4,32,64,"0x0","0x7faafa570940",4181228581272455,4181228581318951,4181228581324960,4181228581331172,6009
2172,"__amd_rocclr_copyBuffer.kd",2,8,2453,1261566,1261566,512,512,0,0,16,0,32,64,"0x7feb7cc73a00","0x7fc36f653600",4181228581290141,4181228581324960,4181228581330609,4181228581335629,5649
2173,"__amd_rocclr_fillBufferAligned.kd",2,8,2455,1261566,1261566,256,256,0,0,12,4,48,64,"0x0","0x7fc36f653580",4181228581351712,4181228581364339,4181228581366502,4181228581366975,2163
2174,"ck_fused_attn::get_runtime_max_seqlen_kernel(unsigned long, int const*, int const*, unsigned long*) [clone .kd]",2,8,2456,1261566,1261566,4096,128,0,0,4,4,32,64,"0x0","0x7faafa570940",4181228581362879,4181228581374794,4181228581383247,4181228581383390,8453
2175,"__amd_rocclr_copyBuffer.kd",2,8,2457,1261566,1261566,512,512,0,0,16,0,32,64,"0x7feb7cde8e80","0x7fc36f653600",4181228581373285,4181228581383247,4181228581389176,4181228581390921,5929
2176,"void transformer_engine::fused_attn_rocm::compute_grad_v_kernel<hip_bfloat16, transformer_engine::fused_attn_rocm::SmallSeqConfig<4, 128, 256, false, (transformer_engine::fused_attn_rocm::CausalMaskType)0>, 16, 16>(hip_bfloat16 const*, hip_bfloat16 const*, hip_bfloat16*, int const*, int const*, int, int) [clone .kd]",2,8,2459,1261566,1261566,256000,64,8192,0,32,0,48,64,"0x0","0x7faaf3550f00",4181228581407045,4181228581416416,4181228581526941,4181228581532902,110525
2177,"void transformer_engine::fused_attn_rocm::compute_grad_attn_kernel<hip_bfloat16, transformer_engine::fused_attn_rocm::SmallSeqConfig<4, 128, 256, false, (transformer_engine::fused_attn_rocm::CausalMaskType)0>, 16>(hip_bfloat16 const*, hip_bfloat16 const*, hip_bfloat16*, int const*, int const*, int, int) [clone .kd]",2,8,2460,1261566,1261566,8000,64,0,0,116,4,48,64,"0x0","0x7faaf3550f40",4181228581414656,4181228581526941,4181228581679127,4181228581686130,152186
2178,"void transformer_engine::fused_attn_rocm::softmax_backward_kernel<hip_bfloat16, transformer_engine::fused_attn_rocm::SmallSeqConfig<4, 128, 256, false, (transformer_engine::fused_attn_rocm::CausalMaskType)0> >(hip_bfloat16 const*, hip_bfloat16 const*, hip_bfloat16*, float, int const*, int, int) [clone .kd]",2,8,2461,1261566,1261566,256000,256,1024,0,12,4,16,64,"0x0","0x7faaf3550f80",4181228581424381,4181228581679127,4181228581684936,4181228581694092,5809
2179,"void transformer_engine::fused_attn_rocm::compute_grad_qk_kernel<hip_bfloat16, transformer_engine::fused_attn_rocm::SmallSeqConfig<4, 128, 256, false, (transformer_engine::fused_attn_rocm::CausalMaskType)0>, 4, 16>(hip_bfloat16 const*, hip_bfloat16 const*, hip_bfloat16 const*, hip_bfloat16*, hip_bfloat16*, float, int const*, int const*, int, int) [clone .kd]",2,8,2462,1261566,1261566,1024000,64,8192,0,36,4,48,64,"0x0","0x7faaf3550fc0",4181228581432212,4181228581684936,4181228581798104,4181228581802172,113168
2180,"input_reduce_fusion.kd",2,8,2463,1261566,1261566,524288,256,512,0,16,0,16,64,"0x0","0x7faafa589500",4181228581441937,4181228581798104,4181228581805235,4181228581809684,7131
2181,"input_reduce_fusion_2.kd",2,8,2464,1261566,1261566,128,128,512,0,24,0,16,64,"0x0","0x7faafa589540",4181228581449288,4181228581805235,4181228581810723,4181228581815072,5488
2182,"loop_convert_fusion.kd",2,8,2465,1261566,1261566,1,1,0,0,4,4,16,64,"0x0","0x7faafa589580",4181228581456558,4181228581810723,4181228581814889,4181228581821000,4166
2183,"loop_compare_fusion.kd",2,8,2468,1261566,1261566,16128,256,0,0,4,4,16,64,"0x0","0x7faafa588b00",4181228581546342,4181228581827468,4181228581833356,4181228581854781,5888
2184,"input_reduce_reduce_window_fusion_2.kd",2,8,2469,1261566,1261566,1024,1024,512,0,20,4,48,64,"0x0","0x7faafa588b40",4181228581556627,4181228581833356,4181228581858233,4181228581860359,24877
2185,"loop_reduce_window_fusion_16.kd",2,8,2470,1261566,1261566,1024,256,0,0,8,0,16,64,"0x0","0x7faafa588b80",4181228581563678,4181228581858233,4181228581864202,4181228581873348,5969
2186,"loop_reduce_window_fusion_15.kd",2,8,2471,1261566,1261566,64,64,0,0,8,0,16,64,"0x0","0x7faafa588bc0",4181228581571069,4181228581864202,4181228581868849,4181228581878866,4647
2187,"loop_broadcast_fusion_2.kd",2,8,2472,1261566,1261566,16128,256,0,0,4,4,16,64,"0x0","0x7faafa588c00",4181228581578930,4181228581868849,4181228581873696,4181228581884875,4847
2188,"input_scatter_fusion_2.kd",2,8,2473,1261566,1261566,16128,256,0,0,12,4,32,64,"0x0","0x7faafa588c40",4181228581586902,4181228581873696,4181228581878383,4181228581890223,4687
2189,"loop_reduce_window_fusion_14.kd",2,8,2474,1261566,1261566,16128,256,0,0,8,0,16,64,"0x0","0x7faafa588c80",4181228581594604,4181228581878383,4181228581883150,4181228581895682,4767
2190,"loop_reduce_window_fusion_16.kd",2,8,2475,1261566,1261566,1024,256,0,0,8,0,16,64,"0x0","0x7faafa588b80",4181228581602015,4181228581883150,4181228581888238,4181228581901240,5088
2191,"loop_reduce_window_fusion_15.kd",2,8,2476,1261566,1261566,64,64,0,0,8,0,16,64,"0x0","0x7faafa588bc0",4181228581609476,4181228581888238,4181228581892885,4181228581907068,4647
2192,"loop_select_fusion_4.kd",2,8,2477,1261566,1261566,16128,256,0,0,12,4,32,64,"0x0","0x7faafa588cc0",4181228581616677,4181228581892885,4181228581897812,4181228581912897,4927
2193,"loop_select_fusion_2.kd",2,8,2478,1261566,1261566,16128,256,0,0,4,4,16,64,"0x0","0x7faafa588d00",4181228581624158,4181228581897812,4181228581902539,4181228581918586,4727
2194,"loop_reduce_window_fusion_14.kd",2,8,2479,1261566,1261566,16128,256,0,0,8,0,16,64,"0x0","0x7faafa588c80",4181228581631519,4181228581902539,4181228581907266,4181228581924274,4727
2195,"loop_reduce_window_fusion_16.kd",2,8,2480,1261566,1261566,1024,256,0,0,8,0,16,64,"0x0","0x7faafa588b80",4181228581639070,4181228581907266,4181228581912113,4181228581930123,4847
2196,"loop_reduce_window_fusion_15.kd",2,8,2481,1261566,1261566,64,64,0,0,8,0,16,64,"0x0","0x7faafa588bc0",4181228581645570,4181228581912113,4181228581916720,4181228581935481,4607
2197,"input_concatenate_fusion.kd",2,8,2482,1261566,1261566,16128,256,0,0,12,4,32,64,"0x0","0x7faafa588d40",4181228581653111,4181228581916720,4181228581921648,4181228581941069,4928
2198,"input_reduce_reduce_window_fusion.kd",2,8,2483,1261566,1261566,8192,256,0,0,24,0,48,64,"0x0","0x7faafa588d80",4181228581659821,4181228581921648,4181228581931102,4181228581964384,9454
2199,"loop_reduce_window_fusion_4.kd",2,8,2484,1261566,1261566,1280,256,0,0,8,0,16,64,"0x0","0x7faafa588dc0",4181228581667512,4181228581931102,4181228581936109,4181228581953007,5007
2200,"loop_reduce_window_fusion_3.kd",2,8,2485,1261566,1261566,80,80,0,0,8,0,16,64,"0x0","0x7faafa588e00",4181228581674232,4181228581936109,4181228581940756,4181228582006266,4647
2201,"loop_broadcast_fusion.kd",2,8,2486,1261566,1261566,20224,256,0,0,4,4,16,64,"0x0","0x7faafa588e40",4181228581682064,4181228581940756,4181228581945764,4181228582013026,5008
2202,"input_scatter_fusion.kd",2,8,2487,1261566,1261566,20224,256,0,0,12,4,32,64,"0x0","0x7faafa588e80",4181228581689204,4181228581945764,4181228581950410,4181228582018825,4646
2203,"loop_reduce_window_fusion_2.kd",2,8,2488,1261566,1261566,20224,256,0,0,8,0,16,64,"0x0","0x7faafa588ec0",4181228581699019,4181228581950410,4181228581955137,4181228582024483,4727
2204,"loop_reduce_window_fusion_4.kd",2,8,2489,1261566,1261566,1280,256,0,0,8,0,16,64,"0x0","0x7faafa588dc0",4181228581706630,4181228581955137,4181228581960225,4181228582000017,5088
2205,"loop_reduce_window_fusion_3.kd",2,8,2490,1261566,1261566,80,80,0,0,8,0,16,64,"0x0","0x7faafa588e00",4181228581714592,4181228581960225,4181228581964792,4181228581994318,4567
2206,"loop_remainder_fusion.kd",2,8,2491,1261566,1261566,20224,256,0,0,12,4,32,64,"0x0","0x7faafa588f00",4181228581722294,4181228581964792,4181228581969719,4181228581986707,4927
2207,"input_reduce_fusion_1.kd",2,8,2492,1261566,1261566,64,64,0,0,8,0,16,64,"0x0","0x7faafa588f40",4181228581730316,4181228581969719,4181228581974366,4181228581977183,4647
2208,"loop_select_fusion.kd",2,8,2493,1261566,1261566,20224,256,0,0,8,0,32,64,"0x0","0x7faafa588f80",4181228581737847,4181228581974366,4181228581979293,4181228582100706,4927
2209,"loop_compare_fusion_2.kd",2,8,2494,1261566,1261566,4096,256,0,0,4,4,16,64,"0x0","0x7faafa588fc0",4181228581745348,4181228581979293,4181228581984181,4181228582106365,4888
2210,"input_reduce_reduce_window_fusion_3.kd",2,8,2495,1261566,1261566,256,256,512,0,20,4,32,64,"0x0","0x7faafa589000",4181228581752338,4181228581984181,4181228582000285,4181228582112204,16104
2211,"loop_slice_fusion_1.kd",2,8,2496,1261566,1261566,16,16,0,0,20,4,16,64,"0x0","0x7faafa589040",4181228581759709,4181228582000285,4181228582005012,4181228582070622,4727
2212,"loop_broadcast_fusion_3.kd",2,8,2497,1261566,1261566,4096,256,0,0,4,4,16,64,"0x0","0x7faafa589080",4181228581766760,4181228582005012,4181228582009939,4181228582065043,4927
2213,"input_scatter_fusion_3.kd",2,8,2498,1261566,1261566,4096,256,0,0,8,0,32,64,"0x0","0x7faafa5890c0",4181228581775112,4181228582009939,4181228582015988,4181228582056110,6049
2214,"loop_reduce_window_fusion_18.kd",2,8,2499,1261566,1261566,4096,256,0,0,8,0,16,64,"0x0","0x7faafa589100",4181228581781952,4181228582015988,4181228582020875,4181228582033416,4887
2215,"loop_slice_fusion_1.kd",2,8,2500,1261566,1261566,16,16,0,0,20,4,16,64,"0x0","0x7faafa589040",4181228581789243,4181228582020875,4181228582025642,4181228582117732,4767
2216,"loop_remainder_fusion_1.kd",2,8,2501,1261566,1261566,4096,256,0,0,12,4,16,64,"0x0","0x7faafa589140",4181228581797365,4181228582025642,4181228582032372,4181228582123430,6730
2217,"loop_select_fusion_3.kd",2,8,2502,1261566,1261566,4096,256,0,0,8,0,32,64,"0x0","0x7faafa589180",4181228581805087,4181228582032372,4181228582037179,4181228582128878,4807
2218,"loop_reduce_window_fusion_18.kd",2,8,2503,1261566,1261566,4096,256,0,0,8,0,16,64,"0x0","0x7faafa589100",4181228581814040,4181228582037179,4181228582041907,4181228582077141,4728
2219,"loop_slice_fusion_1.kd",2,8,2504,1261566,1261566,16,16,0,0,20,4,16,64,"0x0","0x7faafa589040",4181228581834951,4181228582041907,4181228582046754,4181228582083160,4847
2220,"input_concatenate_fusion_1.kd",2,8,2505,1261566,1261566,4096,256,0,0,8,0,32,64,"0x0","0x7faafa5891c0",4181228581842522,4181228582046754,4181228582052683,4181228582088749,5929
2221,"loop_compare_fusion_1.kd",2,8,2506,1261566,1261566,8192,256,0,0,4,4,16,64,"0x0","0x7faafa589200",4181228581850314,4181228582052683,4181228582057690,4181228582094818,5007
2222,"input_reduce_reduce_window_fusion_1.kd",2,8,2507,1261566,1261566,512,512,512,0,20,4,48,64,"0x0","0x7faafa589240",4181228581857915,4181228582057690,4181228582074475,4181228582192253,16785
2223,"loop_reduce_window_fusion_8.kd",2,8,2508,1261566,1261566,32,32,0,0,32,0,16,64,"0x0","0x7faafa589280",4181228581868491,4181228582074475,4181228582084009,4181228582197550,9534
2224,"loop_broadcast_fusion_1.kd",2,8,2509,1261566,1261566,8192,256,0,0,4,4,16,64,"0x0","0x7faafa5892c0",4181228581877234,4181228582084009,4181228582089017,4181228582137631,5008
2225,"input_scatter_fusion_1.kd",2,8,2510,1261566,1261566,8192,256,0,0,8,0,32,64,"0x0","0x7faafa589300",4181228581961610,4181228582089017,4181228582094705,4181228582170220,5688
2226,"loop_reduce_window_fusion_7.kd",2,8,2511,1261566,1261566,8192,256,0,0,8,0,16,64,"0x0","0x7faafa589340",4181228581971865,4181228582094705,4181228582099793,4181228582176089,5088
2227,"loop_reduce_window_fusion_6.kd",2,8,2512,1261566,1261566,512,256,0,0,8,0,16,64,"0x0","0x7faafa589380",4181228581983432,4181228582099793,4181228582105040,4181228582181346,5247
2228,"loop_reduce_window_fusion_5.kd",2,8,2513,1261566,1261566,32,32,0,0,8,0,16,64,"0x0","0x7faafa5893c0",4181228581998795,4181228582105040,4181228582109807,4181228582186855,4767
2229,"loop_select_fusion_5.kd",2,8,2514,1261566,1261566,8192,256,0,0,8,0,32,64,"0x0","0x7faafa589400",4181228582053246,4181228582109807,4181228582114775,4181228582164531,4968
2230,"loop_select_fusion_1.kd",2,8,2515,1261566,1261566,8192,256,0,0,8,0,16,64,"0x0","0x7faafa589440",4181228582061658,4181228582114775,4181228582118981,4181228582158412,4206
2231,"loop_broadcast_fusion_4.kd",2,8,2516,1261566,1261566,16,16,0,0,4,4,16,64,"0x0","0x7faafa589480",4181228582069750,4181228582147303,4181228582149226,4181228582151692,1923
2232,"__amd_rocclr_fillBufferAligned.kd",2,8,2517,1261566,1261566,77824,256,0,0,12,4,48,64,"0x0","0x7fc36f653580",4181228582152624,4181228582212040,4181228582226301,4181228582228286,14261
2233,"__amd_rocclr_fillBufferAligned.kd",2,8,2518,1261566,1261566,16128,256,0,0,12,4,48,64,"0x0","0x7fc36f653580",4181228582209749,4181228582226301,4181228582231869,4181228582233654,5568
2234,"transformer_engine::fused_attn_rocm::populate_rng_state_kernel(long*, long const*, long) [clone .kd]",2,8,2519,1261566,1261566,1,1,0,0,8,0,16,64,"0x0","0x7faafa5a5380",4181228582222578,4181228582231869,4181228582235995,4181228582243319,4126
2235,"__amd_rocclr_fillBufferAligned.kd",2,8,2520,1261566,1261566,256,256,0,0,12,4,48,64,"0x0","0x7fc36f653580",4181228582232543,4181228582250216,4181228582252339,4181228582253113,2123
2236,"ck_fused_attn::get_runtime_max_seqlen_kernel(unsigned long, int const*, int const*, unsigned long*) [clone .kd]",2,8,2521,1261566,1261566,4096,128,0,0,4,4,32,64,"0x0","0x7faafa570940",4181228582249498,4181228582259230,4181228582264918,4181228582269217,5688
2237,"__amd_rocclr_copyBuffer.kd",2,8,2522,1261566,1261566,512,512,0,0,16,0,32,64,"0x7feb7cde8c80","0x7fc36f653600",4181228582258972,4181228582269765,4181228582275254,4181228582277519,5489
2238,"__amd_rocclr_fillBufferAligned.kd",2,8,2524,1261566,1261566,256,256,0,0,12,4,48,64,"0x0","0x7fc36f653580",4181228582293964,4181228582302374,4181228582304497,4181228582345851,2123
2239,"ck_fused_attn::get_runtime_max_seqlen_kernel(unsigned long, int const*, int const*, unsigned long*) [clone .kd]",2,8,2525,1261566,1261566,4096,128,0,0,4,4,32,64,"0x0","0x7faafa570940",4181228582310619,4181228582319640,4181228582325608,4181228582356236,5968
2240,"__amd_rocclr_copyBuffer.kd",2,8,2526,1261566,1261566,512,512,0,0,16,0,32,64,"0x7feb7cde8b80","0x7fc36f653600",4181228582318550,4181228582330335,4181228582336064,4181228582351319,5729
2241,"void transformer_engine::fused_attn_rocm::compute_scores_kernel<hip_bfloat16, transformer_engine::fused_attn_rocm::SmallSeqConfig<4, 128, 256, false, (transformer_engine::fused_attn_rocm::CausalMaskType)0>, 1>(hip_bfloat16 const*, hip_bfloat16 const*, hip_bfloat16*, float, int const*, int const*, int, int) [clone .kd]",2,8,2528,1261566,1261566,64000,64,0,0,112,0,32,64,"0x0","0x7faaf354f440",4181228582367233,4181228582376417,4181228582394885,4181228582404238,18468
2242,"void transformer_engine::fused_attn_rocm::apply_mask_and_softmax_kernel<hip_bfloat16, transformer_engine::fused_attn_rocm::SmallSeqConfig<4, 128, 256, false, (transformer_engine::fused_attn_rocm::CausalMaskType)0> >(hip_bfloat16*, hip_bfloat16 const*, float, int const*, int, int) [clone .kd]",2,8,2529,1261566,1261566,256000,256,1024,0,12,4,16,64,"0x0","0x7faaf354f480",4181228582374684,4181228582394885,4181228582399932,4181228582410858,5047
2243,"void transformer_engine::fused_attn_rocm::compute_output_kernel<hip_bfloat16, transformer_engine::fused_attn_rocm::SmallSeqConfig<4, 128, 256, false, (transformer_engine::fused_attn_rocm::CausalMaskType)0>, 2, 8>(hip_bfloat16 const*, hip_bfloat16 const*, hip_bfloat16*, int const*, int const*, int, int) [clone .kd]",2,8,2530,1261566,1261566,512000,64,8192,0,28,4,48,64,"0x0","0x7faaf354f4c0",4181228582382736,4181228582399932,4181228582447682,4181228582448674,47750
2244,"loop_broadcast_fusion_5.kd",2,8,2531,1261566,1261566,2048000,256,0,0,4,4,16,64,"0x0","0x7faafa5894c0",4181228582391188,4181228582447682,4181228582455815,4181228582457928,8133
2245,"__amd_rocclr_fillBufferAligned.kd",2,8,2532,1261566,1261566,77824,256,0,0,12,4,48,64,"0x0","0x7fc36f653580",4181228582411889,4181228582455815,4181228582462745,4181228582474052,6930
2246,"__amd_rocclr_fillBufferAligned.kd",2,8,2533,1261566,1261566,77824,256,0,0,12,4,48,64,"0x0","0x7fc36f653580",4181228582424959,4181228582462745,4181228582475684,4181228582480682,12939
2247,"__amd_rocclr_fillBufferAligned.kd",2,8,2534,1261566,1261566,77824,256,0,0,12,4,48,64,"0x0","0x7fc36f653580",4181228582431428,4181228582475684,4181228582488784,4181228582488894,13100
2248,"__amd_rocclr_fillBufferAligned.kd",2,8,2535,1261566,1261566,256,256,0,0,12,4,48,64,"0x0","0x7fc36f653580",4181228582439310,4181228582488784,4181228582493471,4181228582495834,4687
2249,"ck_fused_attn::get_runtime_max_seqlen_kernel(unsigned long, int const*, int const*, unsigned long*) [clone .kd]",2,8,2536,1261566,1261566,4096,128,0,0,4,4,32,64,"0x0","0x7faafa570940",4181228582446531,4181228582493471,4181228582499439,4181228582500241,5968
2250,"__amd_rocclr_copyBuffer.kd",2,8,2537,1261566,1261566,512,512,0,0,16,0,32,64,"0x7feb7cc73b00","0x7fc36f653600",4181228582467602,4181228582499439,4181228582504767,4181228582504757,5328
2251,"__amd_rocclr_fillBufferAligned.kd",2,8,2539,1261566,1261566,256,256,0,0,12,4,48,64,"0x0","0x7fc36f653580",4181228582521683,4181228582530285,4181228582532529,4181228582533931,2244
2252,"ck_fused_attn::get_runtime_max_seqlen_kernel(unsigned long, int const*, int const*, unsigned long*) [clone .kd]",2,8,2540,1261566,1261566,4096,128,0,0,4,4,32,64,"0x0","0x7faafa570940",4181228582530205,4181228582538297,4181228582544106,4181228582543966,5809
2253,"__amd_rocclr_copyBuffer.kd",2,8,2541,1261566,1261566,512,512,0,0,16,0,32,64,"0x7feb7cde8980","0x7fc36f653600",4181228582537166,4181228582549955,4181228582556404,4181228582559489,6449
2254,"void transformer_engine::fused_attn_rocm::compute_grad_v_kernel<hip_bfloat16, transformer_engine::fused_attn_rocm::SmallSeqConfig<4, 128, 256, false, (transformer_engine::fused_attn_rocm::CausalMaskType)0>, 16, 16>(hip_bfloat16 const*, hip_bfloat16 const*, hip_bfloat16*, int const*, int const*, int, int) [clone .kd]",2,8,2543,1261566,1261566,256000,64,8192,0,32,0,48,64,"0x0","0x7faaf3550f00",4181228582574972,4181228582585648,4181228582696933,4181228582703162,111285
2255,"void transformer_engine::fused_attn_rocm::compute_grad_attn_kernel<hip_bfloat16, transformer_engine::fused_attn_rocm::SmallSeqConfig<4, 128, 256, false, (transformer_engine::fused_attn_rocm::CausalMaskType)0>, 16>(hip_bfloat16 const*, hip_bfloat16 const*, hip_bfloat16*, int const*, int const*, int, int) [clone .kd]",2,8,2544,1261566,1261566,8000,64,0,0,116,4,48,64,"0x0","0x7faaf3550f40",4181228582585658,4181228582696933,4181228582848078,4181228582851964,151145
2256,"void transformer_engine::fused_attn_rocm::softmax_backward_kernel<hip_bfloat16, transformer_engine::fused_attn_rocm::SmallSeqConfig<4, 128, 256, false, (transformer_engine::fused_attn_rocm::CausalMaskType)0> >(hip_bfloat16 const*, hip_bfloat16 const*, hip_bfloat16*, float, int const*, int, int) [clone .kd]",2,8,2545,1261566,1261566,256000,256,1024,0,12,4,16,64,"0x0","0x7faaf3550f80",4181228582593700,4181228582848078,4181228582853766,4181228582865985,5688
2257,"void transformer_engine::fused_attn_rocm::compute_grad_qk_kernel<hip_bfloat16, transformer_engine::fused_attn_rocm::SmallSeqConfig<4, 128, 256, false, (transformer_engine::fused_attn_rocm::CausalMaskType)0>, 4, 16>(hip_bfloat16 const*, hip_bfloat16 const*, hip_bfloat16 const*, hip_bfloat16*, hip_bfloat16*, float, int const*, int const*, int, int) [clone .kd]",2,8,2546,1261566,1261566,1024000,64,8192,0,36,4,48,64,"0x0","0x7faaf3550fc0",4181228582601982,4181228582853766,4181228582975307,4181228582975528,121541
2258,"input_reduce_fusion.kd",2,8,2547,1261566,1261566,524288,256,512,0,16,0,16,64,"0x0","0x7faafa589500",4181228582610274,4181228582975307,4181228582982398,4181228582983329,7091
2259,"input_reduce_fusion_2.kd",2,8,2548,1261566,1261566,128,128,512,0,24,0,16,64,"0x0","0x7faafa589540",4181228582618497,4181228582982398,4181228582987966,4181228582989298,5568
2260,"loop_convert_fusion.kd",2,8,2549,1261566,1261566,1,1,0,0,4,4,16,64,"0x0","0x7faafa589580",4181228582626048,4181228582987966,4181228582991892,4181228582995047,3926
2261,"loop_compare_fusion.kd",2,8,2552,1261566,1261566,16128,256,0,0,4,4,16,64,"0x0","0x7faafa588b00",4181228582722081,4181228583004390,4181228583010039,4181228583022007,5649
2262,"input_reduce_reduce_window_fusion_2.kd",2,8,2553,1261566,1261566,1024,1024,512,0,20,4,48,64,"0x0","0x7faafa588b40",4181228582731384,4181228583010039,4181228583035196,4181228583036568,25157
2263,"loop_reduce_window_fusion_16.kd",2,8,2554,1261566,1261566,1024,256,0,0,8,0,16,64,"0x0","0x7faafa588b80",4181228582738795,4181228583035196,4181228583041045,4181228583043469,5849
2264,"loop_reduce_window_fusion_15.kd",2,8,2555,1261566,1261566,64,64,0,0,8,0,16,64,"0x0","0x7faafa588bc0",4181228582746387,4181228583041045,4181228583046333,4181228583049718,5288
2265,"loop_broadcast_fusion_2.kd",2,8,2556,1261566,1261566,16128,256,0,0,4,4,16,64,"0x0","0x7faafa588c00",4181228582753157,4181228583046333,4181228583051260,4181228583056758,4927
2266,"input_scatter_fusion_2.kd",2,8,2557,1261566,1261566,16128,256,0,0,12,4,32,64,"0x0","0x7faafa588c40",4181228582761359,4181228583051260,4181228583055867,4181228583062657,4607
2267,"loop_reduce_window_fusion_14.kd",2,8,2558,1261566,1261566,16128,256,0,0,8,0,16,64,"0x0","0x7faafa588c80",4181228582769211,4181228583055867,4181228583060674,4181228583068376,4807
2268,"loop_reduce_window_fusion_16.kd",2,8,2559,1261566,1261566,1024,256,0,0,8,0,16,64,"0x0","0x7faafa588b80",4181228582776381,4181228583060674,4181228583065802,4181228583074014,5128
2269,"loop_reduce_window_fusion_15.kd",2,8,2560,1261566,1261566,64,64,0,0,8,0,16,64,"0x0","0x7faafa588bc0",4181228582783692,4181228583065802,4181228583070529,4181228583079773,4727
2270,"loop_select_fusion_4.kd",2,8,2561,1261566,1261566,16128,256,0,0,12,4,32,64,"0x0","0x7faafa588cc0",4181228582791354,4181228583070529,4181228583075456,4181228583085852,4927
2271,"loop_select_fusion_2.kd",2,8,2562,1261566,1261566,16128,256,0,0,4,4,16,64,"0x0","0x7faafa588d00",4181228582798644,4181228583075456,4181228583080183,4181228583092221,4727
2272,"loop_reduce_window_fusion_14.kd",2,8,2563,1261566,1261566,16128,256,0,0,8,0,16,64,"0x0","0x7faafa588c80",4181228582805985,4181228583080183,4181228583084910,4181228583097829,4727
2273,"loop_reduce_window_fusion_16.kd",2,8,2564,1261566,1261566,1024,256,0,0,8,0,16,64,"0x0","0x7faafa588b80",4181228582812465,4181228583084910,4181228583089717,4181228583104089,4807
2274,"loop_reduce_window_fusion_15.kd",2,8,2565,1261566,1261566,64,64,0,0,8,0,16,64,"0x0","0x7faafa588bc0",4181228582819926,4181228583089717,4181228583094364,4181228583109447,4647
2275,"input_concatenate_fusion.kd",2,8,2566,1261566,1261566,16128,256,0,0,12,4,32,64,"0x0","0x7faafa588d40",4181228582827047,4181228583094364,4181228583099372,4181228583198479,5008
2276,"input_reduce_reduce_window_fusion.kd",2,8,2567,1261566,1261566,8192,256,0,0,24,0,48,64,"0x0","0x7faafa588d80",4181228582834197,4181228583099372,4181228583109106,4181228583118971,9734
2277,"loop_reduce_window_fusion_4.kd",2,8,2568,1261566,1261566,1280,256,0,0,8,0,16,64,"0x0","0x7faafa588dc0",4181228582841068,4181228583109106,4181228583114194,4181228583133833,5088
2278,"loop_reduce_window_fusion_3.kd",2,8,2569,1261566,1261566,80,80,0,0,8,0,16,64,"0x0","0x7faafa588e00",4181228582849059,4181228583114194,4181228583118841,4181228583142796,4647
2279,"loop_broadcast_fusion.kd",2,8,2570,1261566,1261566,20224,256,0,0,4,4,16,64,"0x0","0x7faafa588e40",4181228582857562,4181228583118841,4181228583123808,4181228583148715,4967
2280,"input_scatter_fusion.kd",2,8,2571,1261566,1261566,20224,256,0,0,12,4,32,64,"0x0","0x7faafa588e80",4181228582881898,4181228583123808,4181228583128495,4181228583154434,4687
2281,"loop_reduce_window_fusion_2.kd",2,8,2572,1261566,1261566,20224,256,0,0,8,0,16,64,"0x0","0x7faafa588ec0",4181228582889740,4181228583128495,4181228583133302,4181228583159882,4807
2282,"loop_reduce_window_fusion_4.kd",2,8,2573,1261566,1261566,1280,256,0,0,8,0,16,64,"0x0","0x7faafa588dc0",4181228582896440,4181228583133302,4181228583138430,4181228583165280,5128
2283,"loop_reduce_window_fusion_3.kd",2,8,2574,1261566,1261566,80,80,0,0,8,0,16,64,"0x0","0x7faafa588e00",4181228582903881,4181228583138430,4181228583143037,4181228583170678,4607
2284,"loop_remainder_fusion.kd",2,8,2575,1261566,1261566,20224,256,0,0,12,4,32,64,"0x0","0x7faafa588f00",4181228582910681,4181228583143037,4181228583148004,4181228583176386,4967
2285,"input_reduce_fusion_1.kd",2,8,2576,1261566,1261566,64,64,0,0,8,0,16,64,"0x0","0x7faafa588f40",4181228582917762,4181228583148004,4181228583152731,4181228583182165,4727
2286,"loop_select_fusion.kd",2,8,2577,1261566,1261566,20224,256,0,0,8,0,32,64,"0x0","0x7faafa588f80",4181228582925193,4181228583152731,4181228583157698,4181228583187623,4967
2287,"loop_compare_fusion_2.kd",2,8,2578,1261566,1261566,4096,256,0,0,4,4,16,64,"0x0","0x7faafa588fc0",4181228582933165,4181228583157698,4181228583162666,4181228583193281,4968
2288,"input_reduce_reduce_window_fusion_3.kd",2,8,2579,1261566,1261566,256,256,512,0,20,4,32,64,"0x0","0x7faafa589000",4181228582939935,4181228583162666,4181228583178409,4181228583204057,15743
2289,"loop_slice_fusion_1.kd",2,8,2580,1261566,1261566,16,16,0,0,20,4,16,64,"0x0","0x7faafa589040",4181228582947977,4181228583178409,4181228583183176,4181228583222645,4767
2290,"loop_broadcast_fusion_3.kd",2,8,2581,1261566,1261566,4096,256,0,0,4,4,16,64,"0x0","0x7faafa589080",4181228582954416,4181228583183176,4181228583188144,4181228583228303,4968
2291,"input_scatter_fusion_3.kd",2,8,2582,1261566,1261566,4096,256,0,0,8,0,32,64,"0x0","0x7faafa5890c0",4181228582962007,4181228583188144,4181228583194193,4181228583233641,6049
2292,"loop_reduce_window_fusion_18.kd",2,8,2583,1261566,1261566,4096,256,0,0,8,0,16,64,"0x0","0x7faafa589100",4181228582968988,4181228583194193,4181228583199040,4181228583209616,4847
2293,"loop_slice_fusion_1.kd",2,8,2584,1261566,1261566,16,16,0,0,20,4,16,64,"0x0","0x7faafa589040",4181228582977110,4181228583199040,4181228583203847,4181228583216616,4807
2294,"loop_remainder_fusion_1.kd",2,8,2585,1261566,1261566,4096,256,0,0,12,4,16,64,"0x0","0x7faafa589140",4181228583010590,4181228583203847,4181228583210457,4181228583252339,6610
2295,"loop_select_fusion_3.kd",2,8,2586,1261566,1261566,4096,256,0,0,8,0,32,64,"0x0","0x7faafa589180",4181228583020504,4181228583210457,4181228583215264,4181228583264948,4807
2296,"loop_reduce_window_fusion_18.kd",2,8,2587,1261566,1261566,4096,256,0,0,8,0,16,64,"0x0","0x7faafa589100",4181228583035567,4181228583215264,4181228583220031,4181228583241964,4767
2297,"loop_slice_fusion_1.kd",2,8,2588,1261566,1261566,16,16,0,0,20,4,16,64,"0x0","0x7faafa589040",4181228583130218,4181228583220031,4181228583224117,4181228583258979,4086
2298,"input_concatenate_fusion_1.kd",2,8,2589,1261566,1261566,4096,256,0,0,8,0,32,64,"0x0","0x7faafa5891c0",4181228583139311,4181228583253240,4181228583259970,4181228583273050,6730
2299,"loop_compare_fusion_1.kd",2,8,2590,1261566,1261566,8192,256,0,0,4,4,16,64,"0x0","0x7faafa589200",4181228583252279,4181228583278959,4181228583281843,4181228583290766,2884
2300,"input_reduce_reduce_window_fusion_1.kd",2,8,2591,1261566,1261566,512,512,512,0,20,4,48,64,"0x0","0x7faafa589240",4181228583279600,4181228583289214,4181228583306960,4181228583311347,17746
2301,"loop_reduce_window_fusion_8.kd",2,8,2592,1261566,1261566,32,32,0,0,32,0,16,64,"0x0","0x7faafa589280",4181228583289334,4181228583306960,4181228583316815,4181228583318297,9855
2302,"loop_broadcast_fusion_1.kd",2,8,2593,1261566,1261566,8192,256,0,0,4,4,16,64,"0x0","0x7faafa5892c0",4181228583304026,4181228583316815,4181228583321182,4181228583328102,4367
2303,"input_scatter_fusion_1.kd",2,8,2594,1261566,1261566,8192,256,0,0,8,0,32,64,"0x0","0x7faafa589300",4181228583311728,4181228583334201,4181228583340650,4181228583342513,6449
2304,"loop_reduce_window_fusion_7.kd",2,8,2595,1261566,1261566,8192,256,0,0,8,0,16,64,"0x0","0x7faafa589340",4181228583336975,4181228583346539,4181228583350465,4181228583354000,3926
2305,"loop_reduce_window_fusion_6.kd",2,8,2596,1261566,1261566,512,256,0,0,8,0,16,64,"0x0","0x7faafa589380",4181228583345067,4181228583368812,4181228583373980,4181228583375482,5168
2306,"loop_reduce_window_fusion_5.kd",2,8,2597,1261566,1261566,32,32,0,0,8,0,16,64,"0x0","0x7faafa5893c0",4181228583367951,4181228583378867,4181228583383194,4181228583400349,4327
2307,"loop_select_fusion_5.kd",2,8,2598,1261566,1261566,8192,256,0,0,8,0,32,64,"0x0","0x7faafa589400",4181228583397996,4181228583415041,4181228583418446,4181228583419588,3405
2308,"loop_select_fusion_1.kd",2,8,2599,1261566,1261566,8192,256,0,0,8,0,16,64,"0x0","0x7faafa589440",4181228583414330,4181228583423494,4181228583426378,4181228583427350,2884
2309,"loop_broadcast_fusion_4.kd",2,8,2600,1261566,1261566,16,16,0,0,4,4,16,64,"0x0","0x7faafa589480",4181228583422182,4181228583431145,4181228583433068,4181228583434410,1923
2310,"__amd_rocclr_fillBufferAligned.kd",2,8,2601,1261566,1261566,77824,256,0,0,12,4,48,64,"0x0","0x7fc36f653580",4181228583436143,4181228583449132,4181228583463193,4181228583466147,14061
2311,"__amd_rocclr_fillBufferAligned.kd",2,8,2602,1261566,1261566,16128,256,0,0,12,4,48,64,"0x0","0x7fc36f653580",4181228583447089,4181228583463193,4181228583468721,4181228583472376,5528
2312,"transformer_engine::fused_attn_rocm::populate_rng_state_kernel(long*, long const*, long) [clone .kd]",2,8,2603,1261566,1261566,1,1,0,0,8,0,16,64,"0x0","0x7faafa5a5380",4181228583458175,4181228583468721,4181228583472807,4181228583485907,4086
2313,"__amd_rocclr_fillBufferAligned.kd",2,8,2604,1261566,1261566,256,256,0,0,12,4,48,64,"0x0","0x7fc36f653580",4181228583468110,4181228583477294,4181228583479217,4181228583492206,1923
2314,"ck_fused_attn::get_runtime_max_seqlen_kernel(unsigned long, int const*, int const*, unsigned long*) [clone .kd]",2,8,2605,1261566,1261566,4096,128,0,0,4,4,32,64,"0x0","0x7faafa570940",4181228583477845,4181228583488270,4181228583493958,4181228583499867,5688
2315,"__amd_rocclr_copyBuffer.kd",2,8,2606,1261566,1261566,512,512,0,0,16,0,32,64,"0x7feb7cde8780","0x7fc36f653600",4181228583488360,4181228583498846,4181228583504975,4181228583506277,6129
2316,"__amd_rocclr_fillBufferAligned.kd",2,8,2608,1261566,1261566,256,256,0,0,12,4,48,64,"0x0","0x7fc36f653580",4181228583523583,4181228583534098,4181228583536021,4181228583570412,1923
2317,"ck_fused_attn::get_runtime_max_seqlen_kernel(unsigned long, int const*, int const*, unsigned long*) [clone .kd]",2,8,2609,1261566,1261566,4096,128,0,0,4,4,32,64,"0x0","0x7faafa570940",4181228583537443,4181228583546036,4181228583551684,4181228583581339,5648
2318,"__amd_rocclr_copyBuffer.kd",2,8,2610,1261566,1261566,512,512,0,0,16,0,32,64,"0x7feb7cde8680","0x7fc36f653600",4181228583545425,4181228583556411,4181228583561138,4181228583576652,4727
2319,"void transformer_engine::fused_attn_rocm::compute_scores_kernel<hip_bfloat16, transformer_engine::fused_attn_rocm::SmallSeqConfig<4, 128, 256, false, (transformer_engine::fused_attn_rocm::CausalMaskType)0>, 1>(hip_bfloat16 const*, hip_bfloat16 const*, hip_bfloat16*, float, int const*, int const*, int, int) [clone .kd]",2,8,2612,1261566,1261566,64000,64,0,0,112,0,32,64,"0x0","0x7faaf354f440",4181228583592305,4181228583601118,4181228583620547,4181228583621979,19429
2320,"void transformer_engine::fused_attn_rocm::apply_mask_and_softmax_kernel<hip_bfloat16, transformer_engine::fused_attn_rocm::SmallSeqConfig<4, 128, 256, false, (transformer_engine::fused_attn_rocm::CausalMaskType)0> >(hip_bfloat16*, hip_bfloat16 const*, float, int const*, int, int) [clone .kd]",2,8,2613,1261566,1261566,256000,256,1024,0,12,4,16,64,"0x0","0x7faaf354f480",4181228583599075,4181228583620547,4181228583625594,4181228583631123,5047
2321,"void transformer_engine::fused_attn_rocm::compute_output_kernel<hip_bfloat16, transformer_engine::fused_attn_rocm::SmallSeqConfig<4, 128, 256, false, (transformer_engine::fused_attn_rocm::CausalMaskType)0>, 2, 8>(hip_bfloat16 const*, hip_bfloat16 const*, hip_bfloat16*, int const*, int const*, int, int) [clone .kd]",2,8,2614,1261566,1261566,512000,64,8192,0,28,4,48,64,"0x0","0x7faaf354f4c0",4181228583606967,4181228583625594,4181228583672063,4181228583672704,46469
2322,"loop_broadcast_fusion_5.kd",2,8,2615,1261566,1261566,2048000,256,0,0,4,4,16,64,"0x0","0x7faafa5894c0",4181228583617482,4181228583672063,4181228583680276,4181228583680276,8213
2323,"__amd_rocclr_fillBufferAligned.kd",2,8,2616,1261566,1261566,77824,256,0,0,12,4,48,64,"0x0","0x7fc36f653580",4181228583632284,4181228583680276,4181228583687166,4181228583688678,6890
2324,"__amd_rocclr_fillBufferAligned.kd",2,8,2617,1261566,1261566,77824,256,0,0,12,4,48,64,"0x0","0x7fc36f653580",4181228583651443,4181228583687166,4181228583700265,4181228583704452,13099
2325,"__amd_rocclr_fillBufferAligned.kd",2,8,2618,1261566,1261566,77824,256,0,0,12,4,48,64,"0x0","0x7fc36f653580",4181228583658003,4181228583700265,4181228583713285,4181228583720756,13020
2326,"__amd_rocclr_fillBufferAligned.kd",2,8,2619,1261566,1261566,256,256,0,0,12,4,48,64,"0x0","0x7fc36f653580",4181228583666045,4181228583713285,4181228583718052,4181228583725743,4767
2327,"ck_fused_attn::get_runtime_max_seqlen_kernel(unsigned long, int const*, int const*, unsigned long*) [clone .kd]",2,8,2620,1261566,1261566,4096,128,0,0,4,4,32,64,"0x0","0x7faafa570940",4181228583672955,4181228583718052,4181228583723981,4181228583730420,5929
2328,"__amd_rocclr_copyBuffer.kd",2,8,2621,1261566,1261566,512,512,0,0,16,0,32,64,"0x7feb7cde8580","0x7fc36f653600",4181228583693205,4181228583723981,4181228583729308,4181228583735117,5327
2329,"__amd_rocclr_fillBufferAligned.kd",2,8,2623,1261566,1261566,256,256,0,0,12,4,48,64,"0x0","0x7fc36f653580",4181228583750300,4181228583760114,4181228583762157,4181228583763109,2043
2330,"ck_fused_attn::get_runtime_max_seqlen_kernel(unsigned long, int const*, int const*, unsigned long*) [clone .kd]",2,8,2624,1261566,1261566,4096,128,0,0,4,4,32,64,"0x0","0x7faafa570940",4181228583763640,4181228583776979,4181228583782908,4181228583783019,5929
2331,"__amd_rocclr_copyBuffer.kd",2,8,2625,1261566,1261566,512,512,0,0,16,0,32,64,"0x7feb7cde8480","0x7fc36f653600",4181228583775497,4181228583789117,4181228583795367,4181228583798972,6250
2332,"void transformer_engine::fused_attn_rocm::compute_grad_v_kernel<hip_bfloat16, transformer_engine::fused_attn_rocm::SmallSeqConfig<4, 128, 256, false, (transformer_engine::fused_attn_rocm::CausalMaskType)0>, 16, 16>(hip_bfloat16 const*, hip_bfloat16 const*, hip_bfloat16*, int const*, int const*, int, int) [clone .kd]",2,8,2627,1261566,1261566,256000,64,8192,0,32,0,48,64,"0x0","0x7faaf3550f00",4181228583814155,4181228583824089,4181228583933252,4181228583940042,109163
2333,"void transformer_engine::fused_attn_rocm::compute_grad_attn_kernel<hip_bfloat16, transformer_engine::fused_attn_rocm::SmallSeqConfig<4, 128, 256, false, (transformer_engine::fused_attn_rocm::CausalMaskType)0>, 16>(hip_bfloat16 const*, hip_bfloat16 const*, hip_bfloat16*, int const*, int const*, int, int) [clone .kd]",2,8,2628,1261566,1261566,8000,64,0,0,116,4,48,64,"0x0","0x7faaf3550f40",4181228583822487,4181228583933252,4181228584083515,4181228584090967,150263
2334,"void transformer_engine::fused_attn_rocm::softmax_backward_kernel<hip_bfloat16, transformer_engine::fused_attn_rocm::SmallSeqConfig<4, 128, 256, false, (transformer_engine::fused_attn_rocm::CausalMaskType)0> >(hip_bfloat16 const*, hip_bfloat16 const*, hip_bfloat16*, float, int const*, int, int) [clone .kd]",2,8,2629,1261566,1261566,256000,256,1024,0,12,4,16,64,"0x0","0x7faaf3550f80",4181228583830139,4181228584083515,4181228584089204,4181228584101102,5689
2335,"void transformer_engine::fused_attn_rocm::compute_grad_qk_kernel<hip_bfloat16, transformer_engine::fused_attn_rocm::SmallSeqConfig<4, 128, 256, false, (transformer_engine::fused_attn_rocm::CausalMaskType)0>, 4, 16>(hip_bfloat16 const*, hip_bfloat16 const*, hip_bfloat16 const*, hip_bfloat16*, hip_bfloat16*, float, int const*, int const*, int, int) [clone .kd]",2,8,2630,1261566,1261566,1024000,64,8192,0,36,4,48,64,"0x0","0x7faaf3550fc0",4181228583837950,4181228584089204,4181228584208141,4181228584216483,118937
2336,"input_reduce_fusion.kd",2,8,2631,1261566,1261566,524288,256,512,0,16,0,16,64,"0x0","0x7faafa589500",4181228583847134,4181228584208141,4181228584214069,4181228584224425,5928
2337,"input_reduce_fusion_2.kd",2,8,2632,1261566,1261566,128,128,512,0,24,0,16,64,"0x0","0x7faafa589540",4181228583855146,4181228584214069,4181228584219798,4181228584230284,5729
2338,"loop_convert_fusion.kd",2,8,2633,1261566,1261566,1,1,0,0,4,4,16,64,"0x0","0x7faafa589580",4181228583862417,4181228584219798,4181228584223844,4181228584235692,4046
2339,"loop_compare_fusion.kd",2,8,2636,1261566,1261566,16128,256,0,0,4,4,16,64,"0x0","0x7faafa588b00",4181228583950758,4181228584235461,4181228584241590,4181228584242322,6129
2340,"input_reduce_reduce_window_fusion_2.kd",2,8,2637,1261566,1261566,1024,1024,512,0,20,4,48,64,"0x0","0x7faafa588b40",4181228583960392,4181228584241590,4181228584267509,4181228584267669,25919
2341,"loop_reduce_window_fusion_16.kd",2,8,2638,1261566,1261566,1024,256,0,0,8,0,16,64,"0x0","0x7faafa588b80",4181228583967523,4181228584267509,4181228584273959,4181228584277774,6450
2342,"loop_reduce_window_fusion_15.kd",2,8,2639,1261566,1261566,64,64,0,0,8,0,16,64,"0x0","0x7faafa588bc0",4181228583974794,4181228584273959,4181228584278766,4181228584284294,4807
2343,"loop_broadcast_fusion_2.kd",2,8,2640,1261566,1261566,16128,256,0,0,4,4,16,64,"0x0","0x7faafa588c00",4181228583982816,4181228584278766,4181228584283613,4181228584296562,4847
2344,"input_scatter_fusion_2.kd",2,8,2641,1261566,1261566,16128,256,0,0,12,4,32,64,"0x0","0x7faafa588c40",4181228583991138,4181228584283613,4181228584288260,4181228584303262,4647
2345,"loop_reduce_window_fusion_14.kd",2,8,2642,1261566,1261566,16128,256,0,0,8,0,16,64,"0x0","0x7faafa588c80",4181228583999260,4181228584288260,4181228584293067,4181228584311164,4807
2346,"loop_reduce_window_fusion_16.kd",2,8,2643,1261566,1261566,1024,256,0,0,8,0,16,64,"0x0","0x7faafa588b80",4181228584006711,4181228584293067,4181228584298114,4181228584316682,5047
2347,"loop_reduce_window_fusion_15.kd",2,8,2644,1261566,1261566,64,64,0,0,8,0,16,64,"0x0","0x7faafa588bc0",4181228584014112,4181228584298114,4181228584302681,4181228584322631,4567
2348,"loop_select_fusion_4.kd",2,8,2645,1261566,1261566,16128,256,0,0,12,4,32,64,"0x0","0x7faafa588cc0",4181228584021884,4181228584302681,4181228584307609,4181228584328380,4928
2349,"loop_select_fusion_2.kd",2,8,2646,1261566,1261566,16128,256,0,0,4,4,16,64,"0x0","0x7faafa588d00",4181228584029966,4181228584307609,4181228584312255,4181228584333698,4646
2350,"loop_reduce_window_fusion_14.kd",2,8,2647,1261566,1261566,16128,256,0,0,8,0,16,64,"0x0","0x7faafa588c80",4181228584037066,4181228584312255,4181228584316982,4181228584339466,4727
2351,"loop_reduce_window_fusion_16.kd",2,8,2648,1261566,1261566,1024,256,0,0,8,0,16,64,"0x0","0x7faafa588b80",4181228584044588,4181228584316982,4181228584321790,4181228584345024,4808
2352,"loop_reduce_window_fusion_15.kd",2,8,2649,1261566,1261566,64,64,0,0,8,0,16,64,"0x0","0x7faafa588bc0",4181228584051698,4181228584321790,4181228584326477,4181228584361349,4687
2353,"input_concatenate_fusion.kd",2,8,2650,1261566,1261566,16128,256,0,0,12,4,32,64,"0x0","0x7faafa588d40",4181228584059049,4181228584326477,4181228584331444,4181228584356101,4967
2354,"input_reduce_reduce_window_fusion.kd",2,8,2651,1261566,1261566,8192,256,0,0,24,0,48,64,"0x0","0x7faafa588d80",4181228584065799,4181228584331444,4181228584341138,4181228584380207,9694
2355,"loop_reduce_window_fusion_4.kd",2,8,2652,1261566,1261566,1280,256,0,0,8,0,16,64,"0x0","0x7faafa588dc0",4181228584073130,4181228584341138,4181228584345986,4181228584369881,4848
2356,"loop_reduce_window_fusion_3.kd",2,8,2653,1261566,1261566,80,80,0,0,8,0,16,64,"0x0","0x7faafa588e00",4181228584079710,4181228584345986,4181228584350592,4181228584350703,4606
2357,"loop_broadcast_fusion.kd",2,8,2654,1261566,1261566,20224,256,0,0,4,4,16,64,"0x0","0x7faafa588e40",4181228584087211,4181228584350592,4181228584355520,4181228584399876,4928
2358,"input_scatter_fusion.kd",2,8,2655,1261566,1261566,20224,256,0,0,12,4,32,64,"0x0","0x7faafa588e80",4181228584094342,4181228584355520,4181228584360167,4181228584406195,4647
2359,"loop_reduce_window_fusion_2.kd",2,8,2656,1261566,1261566,20224,256,0,0,8,0,16,64,"0x0","0x7faafa588ec0",4181228584115663,4181228584360167,4181228584364934,4181228584411994,4767
2360,"loop_reduce_window_fusion_4.kd",2,8,2657,1261566,1261566,1280,256,0,0,8,0,16,64,"0x0","0x7faafa588dc0",4181228584123365,4181228584364934,4181228584370101,4181228584417472,5167
2361,"loop_reduce_window_fusion_3.kd",2,8,2658,1261566,1261566,80,80,0,0,8,0,16,64,"0x0","0x7faafa588e00",4181228584130836,4181228584370101,4181228584374788,4181228584422670,4687
2362,"loop_remainder_fusion.kd",2,8,2659,1261566,1261566,20224,256,0,0,12,4,32,64,"0x0","0x7faafa588f00",4181228584138647,4181228584374788,4181228584379716,4181228584394318,4928
2363,"input_reduce_fusion_1.kd",2,8,2660,1261566,1261566,64,64,0,0,8,0,16,64,"0x0","0x7faafa588f40",4181228584145438,4181228584379716,4181228584384363,4181228584388439,4647
2364,"loop_select_fusion.kd",2,8,2661,1261566,1261566,20224,256,0,0,8,0,32,64,"0x0","0x7faafa588f80",4181228584152969,4181228584384363,4181228584389370,4181228584449029,5007
2365,"loop_compare_fusion_2.kd",2,8,2662,1261566,1261566,4096,256,0,0,4,4,16,64,"0x0","0x7faafa588fc0",4181228584160019,4181228584389370,4181228584394338,4181228584473305,4968
2366,"input_reduce_reduce_window_fusion_3.kd",2,8,2663,1261566,1261566,256,256,512,0,20,4,32,64,"0x0","0x7faafa589000",4181228584168332,4181228584394338,4181228584410161,4181228584490591,15823
2367,"loop_slice_fusion_1.kd",2,8,2664,1261566,1261566,16,16,0,0,20,4,16,64,"0x0","0x7faafa589040",4181228584174701,4181228584410161,4181228584414968,4181228584443180,4807
2368,"loop_broadcast_fusion_3.kd",2,8,2665,1261566,1261566,4096,256,0,0,4,4,16,64,"0x0","0x7faafa589080",4181228584182132,4181228584414968,4181228584420016,4181228584437662,5048
2369,"input_scatter_fusion_3.kd",2,8,2666,1261566,1261566,4096,256,0,0,8,0,32,64,"0x0","0x7faafa5890c0",4181228584189984,4181228584420016,4181228584425945,4181228584430692,5929
2370,"loop_reduce_window_fusion_18.kd",2,8,2667,1261566,1261566,4096,256,0,0,8,0,16,64,"0x0","0x7faafa589100",4181228584196413,4181228584425945,4181228584430792,4181228584454577,4847
2371,"loop_slice_fusion_1.kd",2,8,2668,1261566,1261566,16,16,0,0,20,4,16,64,"0x0","0x7faafa589040",4181228584204025,4181228584430792,4181228584435559,4181228584460216,4767
2372,"loop_remainder_fusion_1.kd",2,8,2669,1261566,1261566,4096,256,0,0,12,4,16,64,"0x0","0x7faafa589140",4181228584216533,4181228584435559,4181228584442209,4181228584478633,6650
2373,"loop_select_fusion_3.kd",2,8,2670,1261566,1261566,4096,256,0,0,8,0,32,64,"0x0","0x7faafa589180",4181228584253759,4181228584442209,4181228584447056,4181228584484752,4847
2374,"loop_reduce_window_fusion_18.kd",2,8,2671,1261566,1261566,4096,256,0,0,8,0,16,64,"0x0","0x7faafa589100",4181228584262982,4181228584447056,4181228584451783,4181228584467366,4727
2375,"loop_slice_fusion_1.kd",2,8,2672,1261566,1261566,16,16,0,0,20,4,16,64,"0x0","0x7faafa589040",4181228584270704,4181228584451783,4181228584456590,4181228584498703,4807
2376,"input_concatenate_fusion_1.kd",2,8,2673,1261566,1261566,4096,256,0,0,8,0,32,64,"0x0","0x7faafa5891c0",4181228584279216,4181228584456590,4181228584462519,4181228584516700,5929
2377,"loop_compare_fusion_1.kd",2,8,2674,1261566,1261566,8192,256,0,0,4,4,16,64,"0x0","0x7faafa589200",4181228584293097,4181228584462519,4181228584467566,4181228584527816,5047
2378,"input_reduce_reduce_window_fusion_1.kd",2,8,2675,1261566,1261566,512,512,512,0,20,4,48,64,"0x0","0x7faafa589240",4181228584301810,4181228584467566,4181228584484031,4181228584510240,16465
2379,"loop_reduce_window_fusion_8.kd",2,8,2676,1261566,1261566,32,32,0,0,32,0,16,64,"0x0","0x7faafa589280",4181228584380297,4181228584484031,4181228584492163,4181228584522338,8132
2380,"loop_broadcast_fusion_1.kd",2,8,2677,1261566,1261566,8192,256,0,0,4,4,16,64,"0x0","0x7faafa5892c0",4181228584441898,4181228584507826,4181228584510630,4181228584535658,2804
2381,"input_scatter_fusion_1.kd",2,8,2678,1261566,1261566,8192,256,0,0,8,0,32,64,"0x0","0x7faafa589300",4181228584508848,4181228584541837,4181228584548246,4181228584553104,6409
2382,"loop_reduce_window_fusion_7.kd",2,8,2679,1261566,1261566,8192,256,0,0,8,0,16,64,"0x0","0x7faafa589340",4181228584542017,4181228584552573,4181228584556539,4181228584563720,3966
2383,"loop_reduce_window_fusion_6.kd",2,8,2680,1261566,1261566,512,256,0,0,8,0,16,64,"0x0","0x7faafa589380",4181228584552453,4181228584569238,4181228584574405,4181228584574275,5167
2384,"loop_reduce_window_fusion_5.kd",2,8,2681,1261566,1261566,32,32,0,0,8,0,16,64,"0x0","0x7faafa5893c0",4181228584568156,4181228584578411,4181228584582658,4181228584603589,4247
2385,"loop_select_fusion_5.kd",2,8,2682,1261566,1261566,8192,256,0,0,8,0,32,64,"0x0","0x7faafa589400",4181228584600434,4181228584609858,4181228584613143,4181228584614585,3285
2386,"loop_select_fusion_1.kd",2,8,2683,1261566,1261566,8192,256,0,0,8,0,16,64,"0x0","0x7faafa589440",4181228584608576,4181228584617670,4181228584620274,4181228584620184,2604
2387,"loop_broadcast_fusion_4.kd",2,8,2684,1261566,1261566,16,16,0,0,4,4,16,64,"0x0","0x7faafa589480",4181228584617600,4181228584627044,4181228584628686,4181228584629487,1642
2388,"__amd_rocclr_fillBufferAligned.kd",2,8,2685,1261566,1261566,77824,256,0,0,12,4,48,64,"0x0","0x7fc36f653580",4181228584631661,4181228584640223,4181228584655125,4181228584660283,14902
2389,"__amd_rocclr_fillBufferAligned.kd",2,8,2686,1261566,1261566,16128,256,0,0,12,4,48,64,"0x0","0x7fc36f653580",4181228584637930,4181228584655125,4181228584660053,4181228584670839,4928
2390,"transformer_engine::fused_attn_rocm::populate_rng_state_kernel(long*, long const*, long) [clone .kd]",2,8,2687,1261566,1261566,1,1,0,0,8,0,16,64,"0x0","0x7faafa5a5380",4181228584649006,4181228584660053,4181228584664139,4181228584679662,4086
2391,"__amd_rocclr_fillBufferAligned.kd",2,8,2688,1261566,1261566,256,256,0,0,12,4,48,64,"0x0","0x7fc36f653580",4181228584658521,4181228584668465,4181228584670428,4181228584690608,1963
2392,"ck_fused_attn::get_runtime_max_seqlen_kernel(unsigned long, int const*, int const*, unsigned long*) [clone .kd]",2,8,2689,1261566,1261566,4096,128,0,0,4,4,32,64,"0x0","0x7faafa570940",4181228584666683,4181228584676517,4181228584682286,4181228584685541,5769
2393,"__amd_rocclr_copyBuffer.kd",2,8,2690,1261566,1261566,512,512,0,0,16,0,32,64,"0x7feb7cde8280","0x7fc36f653600",4181228584676968,4181228584687293,4181228584693743,4181228584697539,6450
2394,"__amd_rocclr_fillBufferAligned.kd",2,8,2692,1261566,1261566,256,256,0,0,12,4,48,64,"0x0","0x7fc36f653580",4181228584714684,4181228584726552,4181228584728675,4181228584763737,2123
2395,"ck_fused_attn::get_runtime_max_seqlen_kernel(unsigned long, int const*, int const*, unsigned long*) [clone .kd]",2,8,2693,1261566,1261566,4096,128,0,0,4,4,32,64,"0x0","0x7faafa570940",4181228584727633,4181228584736286,4181228584742215,4181228584774203,5929
2396,"__amd_rocclr_copyBuffer.kd",2,8,2694,1261566,1261566,512,512,0,0,16,0,32,64,"0x7feb7cc72f80","0x7fc36f653600",4181228584738229,4181228584747062,4181228584752350,4181228584769305,5288
2397,"void transformer_engine::fused_attn_rocm::compute_scores_kernel<hip_bfloat16, transformer_engine::fused_attn_rocm::SmallSeqConfig<4, 128, 256, false, (transformer_engine::fused_attn_rocm::CausalMaskType)0>, 1>(hip_bfloat16 const*, hip_bfloat16 const*, hip_bfloat16*, float, int const*, int const*, int, int) [clone .kd]",2,8,2696,1261566,1261566,64000,64,0,0,112,0,32,64,"0x0","0x7faaf354f440",4181228584787332,4181228584796416,4181228584816525,4181228584820271,20109
2398,"void transformer_engine::fused_attn_rocm::apply_mask_and_softmax_kernel<hip_bfloat16, transformer_engine::fused_attn_rocm::SmallSeqConfig<4, 128, 256, false, (transformer_engine::fused_attn_rocm::CausalMaskType)0> >(hip_bfloat16*, hip_bfloat16 const*, float, int const*, int, int) [clone .kd]",2,8,2697,1261566,1261566,256000,256,1024,0,12,4,16,64,"0x0","0x7faaf354f480",4181228584794843,4181228584816525,4181228584821653,4181228584827762,5128
2399,"void transformer_engine::fused_attn_rocm::compute_output_kernel<hip_bfloat16, transformer_engine::fused_attn_rocm::SmallSeqConfig<4, 128, 256, false, (transformer_engine::fused_attn_rocm::CausalMaskType)0>, 2, 8>(hip_bfloat16 const*, hip_bfloat16 const*, hip_bfloat16*, int const*, int const*, int, int) [clone .kd]",2,8,2698,1261566,1261566,512000,64,8192,0,28,4,48,64,"0x0","0x7faaf354f4c0",4181228584803016,4181228584821653,4181228584868963,4181228584870476,47310
2400,"loop_broadcast_fusion_5.kd",2,8,2699,1261566,1261566,2048000,256,0,0,4,4,16,64,"0x0","0x7faafa5894c0",4181228584819460,4181228584868963,4181228584877216,4181228584878308,8253
2401,"__amd_rocclr_fillBufferAligned.kd",2,8,2700,1261566,1261566,77824,256,0,0,12,4,48,64,"0x0","0x7fc36f653580",4181228584847882,4181228584877216,4181228584884066,4181228584886540,6850
2402,"__amd_rocclr_fillBufferAligned.kd",2,8,2701,1261566,1261566,77824,256,0,0,12,4,48,64,"0x0","0x7fc36f653580",4181228584855343,4181228584884066,4181228584897005,4181228584897306,12939
2403,"__amd_rocclr_fillBufferAligned.kd",2,8,2702,1261566,1261566,77824,256,0,0,12,4,48,64,"0x0","0x7fc36f653580",4181228584861272,4181228584897005,4181228584910225,4181228584923975,13220
2404,"__amd_rocclr_fillBufferAligned.kd",2,8,2703,1261566,1261566,256,256,0,0,12,4,48,64,"0x0","0x7fc36f653580",4181228584869885,4181228584910225,4181228584914952,4181228584916464,4727
2405,"ck_fused_attn::get_runtime_max_seqlen_kernel(unsigned long, int const*, int const*, unsigned long*) [clone .kd]",2,8,2704,1261566,1261566,4096,128,0,0,4,4,32,64,"0x0","0x7faafa570940",4181228584892018,4181228584914952,4181228584920881,4181228584929914,5929
2406,"__amd_rocclr_copyBuffer.kd",2,8,2705,1261566,1261566,512,512,0,0,16,0,32,64,"0x7feb7cde8200","0x7fc36f653600",4181228584902353,4181228584920881,4181228584926609,4181228584934681,5728
2407,"__amd_rocclr_fillBufferAligned.kd",2,8,2707,1261566,1261566,256,256,0,0,12,4,48,64,"0x0","0x7fc36f653580",4181228584950805,4181228584960780,4181228584962983,4181228584963494,2203
2408,"ck_fused_attn::get_runtime_max_seqlen_kernel(unsigned long, int const*, int const*, unsigned long*) [clone .kd]",2,8,2708,1261566,1261566,4096,128,0,0,4,4,32,64,"0x0","0x7faafa570940",4181228584960450,4181228584975001,4181228584984295,4181228584988191,9294
2409,"__amd_rocclr_copyBuffer.kd",2,8,2709,1261566,1261566,512,512,0,0,16,0,32,64,"0x7feb7cde9f80","0x7fc36f653600",4181228584973639,4181228584984295,4181228584989583,4181228584993789,5288
2410,"void transformer_engine::fused_attn_rocm::compute_grad_v_kernel<hip_bfloat16, transformer_engine::fused_attn_rocm::SmallSeqConfig<4, 128, 256, false, (transformer_engine::fused_attn_rocm::CausalMaskType)0>, 16, 16>(hip_bfloat16 const*, hip_bfloat16 const*, hip_bfloat16*, int const*, int const*, int, int) [clone .kd]",2,8,2711,1261566,1261566,256000,64,8192,0,32,0,48,64,"0x0","0x7faaf3550f00",4181228585008551,4181228585019627,4181228585130472,4181228585135170,110845
2411,"void transformer_engine::fused_attn_rocm::compute_grad_attn_kernel<hip_bfloat16, transformer_engine::fused_attn_rocm::SmallSeqConfig<4, 128, 256, false, (transformer_engine::fused_attn_rocm::CausalMaskType)0>, 16>(hip_bfloat16 const*, hip_bfloat16 const*, hip_bfloat16*, int const*, int const*, int, int) [clone .kd]",2,8,2712,1261566,1261566,8000,64,0,0,116,4,48,64,"0x0","0x7faaf3550f40",4181228585018075,4181228585130472,4181228585282338,4181228585283210,151866
2412,"void transformer_engine::fused_attn_rocm::softmax_backward_kernel<hip_bfloat16, transformer_engine::fused_attn_rocm::SmallSeqConfig<4, 128, 256, false, (transformer_engine::fused_attn_rocm::CausalMaskType)0> >(hip_bfloat16 const*, hip_bfloat16 const*, hip_bfloat16*, float, int const*, int, int) [clone .kd]",2,8,2713,1261566,1261566,256000,256,1024,0,12,4,16,64,"0x0","0x7faaf3550f80",4181228585026618,4181228585282338,4181228585288147,4181228585291432,5809
2413,"void transformer_engine::fused_attn_rocm::compute_grad_qk_kernel<hip_bfloat16, transformer_engine::fused_attn_rocm::SmallSeqConfig<4, 128, 256, false, (transformer_engine::fused_attn_rocm::CausalMaskType)0>, 4, 16>(hip_bfloat16 const*, hip_bfloat16 const*, hip_bfloat16 const*, hip_bfloat16*, hip_bfloat16*, float, int const*, int const*, int, int) [clone .kd]",2,8,2714,1261566,1261566,1024000,64,8192,0,36,4,48,64,"0x0","0x7faaf3550fc0",4181228585035772,4181228585288147,4181228585405602,4181228585407585,117455
2414,"input_reduce_fusion.kd",2,8,2715,1261566,1261566,524288,256,512,0,16,0,16,64,"0x0","0x7faafa589500",4181228585044104,4181228585405602,4181228585412572,4181228585415356,6970
2415,"input_reduce_fusion_2.kd",2,8,2716,1261566,1261566,128,128,512,0,24,0,16,64,"0x0","0x7faafa589540",4181228585051024,4181228585412572,4181228585418100,4181228585420874,5528
2416,"loop_convert_fusion.kd",2,8,2717,1261566,1261566,1,1,0,0,4,4,16,64,"0x0","0x7faafa589580",4181228585058025,4181228585418100,4181228585422266,4181228585426753,4166
2417,"loop_compare_fusion.kd",2,8,2720,1261566,1261566,16128,256,0,0,4,4,16,64,"0x0","0x7faafa588b00",4181228585148009,4181228585436207,4181228585442136,4181228585457439,5929
2418,"input_reduce_reduce_window_fusion_2.kd",2,8,2721,1261566,1261566,1024,1024,512,0,20,4,48,64,"0x0","0x7faafa588b40",4181228585158094,4181228585442136,4181228585467293,4181228585468305,25157
2419,"loop_reduce_window_fusion_16.kd",2,8,2722,1261566,1261566,1024,256,0,0,8,0,16,64,"0x0","0x7faafa588b80",4181228585165515,4181228585467293,4181228585471940,4181228585472992,4647
2420,"loop_reduce_window_fusion_15.kd",2,8,2723,1261566,1261566,64,64,0,0,8,0,16,64,"0x0","0x7faafa588bc0",4181228585173426,4181228585471940,4181228585476627,4181228585479251,4687
2421,"loop_broadcast_fusion_2.kd",2,8,2724,1261566,1261566,16128,256,0,0,4,4,16,64,"0x0","0x7faafa588c00",4181228585180898,4181228585476627,4181228585481514,4181228585484920,4887
2422,"input_scatter_fusion_2.kd",2,8,2725,1261566,1261566,16128,256,0,0,12,4,32,64,"0x0","0x7faafa588c40",4181228585189951,4181228585481514,4181228585486161,4181228585490869,4647
2423,"loop_reduce_window_fusion_14.kd",2,8,2726,1261566,1261566,16128,256,0,0,8,0,16,64,"0x0","0x7faafa588c80",4181228585198714,4181228585486161,4181228585490888,4181228585496697,4727
2424,"loop_reduce_window_fusion_16.kd",2,8,2727,1261566,1261566,1024,256,0,0,8,0,16,64,"0x0","0x7faafa588b80",4181228585207107,4181228585490888,4181228585495896,4181228585504849,5008
2425,"loop_reduce_window_fusion_15.kd",2,8,2728,1261566,1261566,64,64,0,0,8,0,16,64,"0x0","0x7faafa588bc0",4181228585213576,4181228585495896,4181228585500583,4181228585511079,4687
2426,"loop_select_fusion_4.kd",2,8,2729,1261566,1261566,16128,256,0,0,12,4,32,64,"0x0","0x7faafa588cc0",4181228585221628,4181228585500583,4181228585505550,4181228585516777,4967
2427,"loop_select_fusion_2.kd",2,8,2730,1261566,1261566,16128,256,0,0,4,4,16,64,"0x0","0x7faafa588d00",4181228585228248,4181228585505550,4181228585510237,4181228585522546,4687
2428,"loop_reduce_window_fusion_14.kd",2,8,2731,1261566,1261566,16128,256,0,0,8,0,16,64,"0x0","0x7faafa588c80",4181228585235969,4181228585510237,4181228585514884,4181228585528174,4647
2429,"loop_reduce_window_fusion_16.kd",2,8,2732,1261566,1261566,1024,256,0,0,8,0,16,64,"0x0","0x7faafa588b80",4181228585242870,4181228585514884,4181228585519731,4181228585533873,4847
2430,"loop_reduce_window_fusion_15.kd",2,8,2733,1261566,1261566,64,64,0,0,8,0,16,64,"0x0","0x7faafa588bc0",4181228585249880,4181228585519731,4181228585524418,4181228585539531,4687
2431,"input_concatenate_fusion.kd",2,8,2734,1261566,1261566,16128,256,0,0,12,4,32,64,"0x0","0x7faafa588d40",4181228585257031,4181228585524418,4181228585529346,4181228585570187,4928
2432,"input_reduce_reduce_window_fusion.kd",2,8,2735,1261566,1261566,8192,256,0,0,24,0,48,64,"0x0","0x7faafa588d80",4181228585264812,4181228585529346,4181228585538599,4181228585548224,9253
2433,"loop_reduce_window_fusion_4.kd",2,8,2736,1261566,1261566,1280,256,0,0,8,0,16,64,"0x0","0x7faafa588dc0",4181228585271953,4181228585538599,4181228585543447,4181228585576366,4848
2434,"loop_reduce_window_fusion_3.kd",2,8,2737,1261566,1261566,80,80,0,0,8,0,16,64,"0x0","0x7faafa588e00",4181228585279735,4181228585543447,4181228585548133,4181228585582214,4686
2435,"loop_broadcast_fusion.kd",2,8,2738,1261566,1261566,20224,256,0,0,4,4,16,64,"0x0","0x7faafa588e40",4181228585287456,4181228585548133,4181228585553101,4181228585587632,4968
2436,"input_scatter_fusion.kd",2,8,2739,1261566,1261566,20224,256,0,0,12,4,32,64,"0x0","0x7faafa588e80",4181228585299874,4181228585553101,4181228585557748,4181228585593381,4647
2437,"loop_reduce_window_fusion_2.kd",2,8,2740,1261566,1261566,20224,256,0,0,8,0,16,64,"0x0","0x7faafa588ec0",4181228585317441,4181228585557748,4181228585562555,4181228585601263,4807
2438,"loop_reduce_window_fusion_4.kd",2,8,2741,1261566,1261566,1280,256,0,0,8,0,16,64,"0x0","0x7faafa588dc0",4181228585325122,4181228585562555,4181228585567723,4181228585606601,5168
2439,"loop_reduce_window_fusion_3.kd",2,8,2742,1261566,1261566,80,80,0,0,8,0,16,64,"0x0","0x7faafa588e00",4181228585332533,4181228585567723,4181228585572410,4181228585612479,4687
2440,"loop_remainder_fusion.kd",2,8,2743,1261566,1261566,20224,256,0,0,12,4,32,64,"0x0","0x7faafa588f00",4181228585340335,4181228585572410,4181228585577377,4181228585618098,4967
2441,"input_reduce_fusion_1.kd",2,8,2744,1261566,1261566,64,64,0,0,8,0,16,64,"0x0","0x7faafa588f40",4181228585347856,4181228585577377,4181228585582144,4181228585623346,4767
2442,"loop_select_fusion.kd",2,8,2745,1261566,1261566,20224,256,0,0,8,0,32,64,"0x0","0x7faafa588f80",4181228585356389,4181228585582144,4181228585587111,4181228585628904,4967
2443,"loop_compare_fusion_2.kd",2,8,2746,1261566,1261566,4096,256,0,0,4,4,16,64,"0x0","0x7faafa588fc0",4181228585363790,4181228585587111,4181228585592079,4181228585662724,4968
2444,"input_reduce_reduce_window_fusion_3.kd",2,8,2747,1261566,1261566,256,256,512,0,20,4,32,64,"0x0","0x7faafa589000",4181228585371621,4181228585592079,4181228585607862,4181228585669945,15783
2445,"loop_slice_fusion_1.kd",2,8,2748,1261566,1261566,16,16,0,0,20,4,16,64,"0x0","0x7faafa589040",4181228585378111,4181228585607862,4181228585612549,4181228585640401,4687
2446,"loop_broadcast_fusion_3.kd",2,8,2749,1261566,1261566,4096,256,0,0,4,4,16,64,"0x0","0x7faafa589080",4181228585385472,4181228585612549,4181228585617517,4181228585634432,4968
2447,"input_scatter_fusion_3.kd",2,8,2750,1261566,1261566,4096,256,0,0,8,0,32,64,"0x0","0x7faafa5890c0",4181228585392292,4181228585617517,4181228585623686,4181228585645839,6169
2448,"loop_reduce_window_fusion_18.kd",2,8,2751,1261566,1261566,4096,256,0,0,8,0,16,64,"0x0","0x7faafa589100",4181228585399312,4181228585623686,4181228585628573,4181228585651337,4887
2449,"loop_slice_fusion_1.kd",2,8,2752,1261566,1261566,16,16,0,0,20,4,16,64,"0x0","0x7faafa589040",4181228585406363,4181228585628573,4181228585633340,4181228585656805,4767
2450,"loop_remainder_fusion_1.kd",2,8,2753,1261566,1261566,4096,256,0,0,12,4,16,64,"0x0","0x7faafa589140",4181228585442757,4181228585633340,4181228585639870,4181228585701963,6530
2451,"loop_select_fusion_3.kd",2,8,2754,1261566,1261566,4096,256,0,0,8,0,32,64,"0x0","0x7faafa589180",4181228585451580,4181228585639870,4181228585644637,4181228585696464,4767
2452,"loop_reduce_window_fusion_18.kd",2,8,2755,1261566,1261566,4096,256,0,0,8,0,16,64,"0x0","0x7faafa589100",4181228585458881,4181228585644637,4181228585649404,4181228585677847,4767
2453,"loop_slice_fusion_1.kd",2,8,2756,1261566,1261566,16,16,0,0,20,4,16,64,"0x0","0x7faafa589040",4181228585472912,4181228585649404,4181228585653490,4181228585690165,4086
2454,"input_concatenate_fusion_1.kd",2,8,2757,1261566,1261566,4096,256,0,0,8,0,32,64,"0x0","0x7faafa5891c0",4181228585558319,4181228585689984,4181228585696995,4181228585710185,7011
2455,"loop_compare_fusion_1.kd",2,8,2758,1261566,1261566,8192,256,0,0,4,4,16,64,"0x0","0x7faafa589200",4181228585689013,4181228585717105,4181228585720470,4181228585721141,3365
2456,"input_reduce_reduce_window_fusion_1.kd",2,8,2759,1261566,1261566,512,512,512,0,20,4,48,64,"0x0","0x7faafa589240",4181228585718267,4181228585727400,4181228585745026,4181228585753569,17626
2457,"loop_reduce_window_fusion_8.kd",2,8,2760,1261566,1261566,32,32,0,0,32,0,16,64,"0x0","0x7faafa589280",4181228585726379,4181228585745026,4181228585754200,4181228585767530,9174
2458,"loop_broadcast_fusion_1.kd",2,8,2761,1261566,1261566,8192,256,0,0,4,4,16,64,"0x0","0x7faafa5892c0",4181228585734982,4181228585754200,4181228585759207,4181228585761822,5007
2459,"input_scatter_fusion_1.kd",2,8,2762,1261566,1261566,8192,256,0,0,8,0,32,64,"0x0","0x7faafa589300",4181228585743264,4181228585759207,4181228585764736,4181228585775342,5529
2460,"loop_reduce_window_fusion_7.kd",2,8,2763,1261566,1261566,8192,256,0,0,8,0,16,64,"0x0","0x7faafa589340",4181228585751606,4181228585781120,4181228585785286,4181228585792437,4166
2461,"loop_reduce_window_fusion_6.kd",2,8,2764,1261566,1261566,512,256,0,0,8,0,16,64,"0x0","0x7faafa589380",4181228585780650,4181228585793178,4181228585798506,4181228585801691,5328
2462,"loop_reduce_window_fusion_5.kd",2,8,2765,1261566,1261566,32,32,0,0,8,0,16,64,"0x0","0x7faafa5893c0",4181228585792637,4181228585807079,4181228585811285,4181228585830474,4206
2463,"loop_select_fusion_5.kd",2,8,2766,1261566,1261566,8192,256,0,0,8,0,32,64,"0x0","0x7faafa589400",4181228585827780,4181228585837524,4181228585841049,4181228585840819,3525
2464,"loop_select_fusion_1.kd",2,8,2767,1261566,1261566,8192,256,0,0,8,0,16,64,"0x0","0x7faafa589440",4181228585836743,4181228585845896,4181228585848821,4181228585848971,2925
2465,"loop_broadcast_fusion_4.kd",2,8,2768,1261566,1261566,16,16,0,0,4,4,16,64,"0x0","0x7faafa589480",4181228585844965,4181228585854589,4181228585856392,4181228585860028,1803
2466,"__amd_rocclr_fillBufferAligned.kd",2,8,2769,1261566,1261566,77824,256,0,0,12,4,48,64,"0x0","0x7fc36f653580",4181228585859767,4181228585874739,4181228585888680,4181228585891244,13941
2467,"__amd_rocclr_fillBufferAligned.kd",2,8,2770,1261566,1261566,16128,256,0,0,12,4,48,64,"0x0","0x7fc36f653580",4181228585872366,4181228585888680,4181228585893607,4181228585897954,4927
2468,"transformer_engine::fused_attn_rocm::populate_rng_state_kernel(long*, long const*, long) [clone .kd]",2,8,2771,1261566,1261566,1,1,0,0,8,0,16,64,"0x0","0x7faafa5a5380",4181228585882902,4181228585893607,4181228585897693,4181228585906016,4086
2469,"__amd_rocclr_fillBufferAligned.kd",2,8,2772,1261566,1261566,256,256,0,0,12,4,48,64,"0x0","0x7fc36f653580",4181228585891945,4181228585911915,4181228585914038,4181228585922450,2123
2470,"ck_fused_attn::get_runtime_max_seqlen_kernel(unsigned long, int const*, int const*, unsigned long*) [clone .kd]",2,8,2773,1261566,1261566,4096,128,0,0,4,4,32,64,"0x0","0x7faafa570940",4181228585912205,4181228585922570,4181228585928579,4181228585931694,6009
2471,"__amd_rocclr_copyBuffer.kd",2,8,2774,1261566,1261566,512,512,0,0,16,0,32,64,"0x7feb7cc73980","0x7fc36f653600",4181228585922390,4181228585937793,4181228585944323,4181228585947558,6530
2472,"__amd_rocclr_fillBufferAligned.kd",2,8,2776,1261566,1261566,256,256,0,0,12,4,48,64,"0x0","0x7fc36f653580",4181228585966246,4181228585974728,4181228585976731,4181228586002830,2003
2473,"ck_fused_attn::get_runtime_max_seqlen_kernel(unsigned long, int const*, int const*, unsigned long*) [clone .kd]",2,8,2777,1261566,1261566,4096,128,0,0,4,4,32,64,"0x0","0x7faafa570940",4181228585976641,4181228585985544,4181228585994638,4181228586015279,9094
2474,"__amd_rocclr_copyBuffer.kd",2,8,2778,1261566,1261566,512,512,0,0,16,0,32,64,"0x7feb7cc77380","0x7fc36f653600",4181228585984603,4181228585994638,4181228586000246,4181228586008759,5608
2475,"void transformer_engine::fused_attn_rocm::compute_scores_kernel<hip_bfloat16, transformer_engine::fused_attn_rocm::SmallSeqConfig<4, 128, 256, false, (transformer_engine::fused_attn_rocm::CausalMaskType)0>, 1>(hip_bfloat16 const*, hip_bfloat16 const*, hip_bfloat16*, float, int const*, int const*, int, int) [clone .kd]",2,8,2780,1261566,1261566,64000,64,0,0,112,0,32,64,"0x0","0x7faaf354f440",4181228586025974,4181228586035338,4181228586054206,4181228586055268,18868
2476,"void transformer_engine::fused_attn_rocm::apply_mask_and_softmax_kernel<hip_bfloat16, transformer_engine::fused_attn_rocm::SmallSeqConfig<4, 128, 256, false, (transformer_engine::fused_attn_rocm::CausalMaskType)0> >(hip_bfloat16*, hip_bfloat16 const*, float, int const*, int, int) [clone .kd]",2,8,2781,1261566,1261566,256000,256,1024,0,12,4,16,64,"0x0","0x7faaf354f480",4181228586033756,4181228586054206,4181228586060375,4181228586063961,6169
2477,"void transformer_engine::fused_attn_rocm::compute_output_kernel<hip_bfloat16, transformer_engine::fused_attn_rocm::SmallSeqConfig<4, 128, 256, false, (transformer_engine::fused_attn_rocm::CausalMaskType)0>, 2, 8>(hip_bfloat16 const*, hip_bfloat16 const*, hip_bfloat16*, int const*, int const*, int, int) [clone .kd]",2,8,2782,1261566,1261566,512000,64,8192,0,28,4,48,64,"0x0","0x7faaf354f4c0",4181228586040616,4181228586060375,4181228586109889,4181228586111191,49514
2478,"loop_broadcast_fusion_5.kd",2,8,2783,1261566,1261566,2048000,256,0,0,4,4,16,64,"0x0","0x7faafa5894c0",4181228586057842,4181228586109889,4181228586118342,4181228586120515,8453
2479,"__amd_rocclr_fillBufferAligned.kd",2,8,2784,1261566,1261566,77824,256,0,0,12,4,48,64,"0x0","0x7fc36f653580",4181228586078693,4181228586118342,4181228586125232,4181228586125873,6890
2480,"__amd_rocclr_fillBufferAligned.kd",2,8,2785,1261566,1261566,77824,256,0,0,12,4,48,64,"0x0","0x7fc36f653580",4181228586085142,4181228586125232,4181228586138451,4181228586141416,13219
2481,"__amd_rocclr_fillBufferAligned.kd",2,8,2786,1261566,1261566,77824,256,0,0,12,4,48,64,"0x0","0x7fc36f653580",4181228586091392,4181228586138451,4181228586151431,4181228586161005,12980
2482,"__amd_rocclr_fillBufferAligned.kd",2,8,2787,1261566,1261566,256,256,0,0,12,4,48,64,"0x0","0x7fc36f653580",4181228586099424,4181228586151431,4181228586156198,4181228586156238,4767
2483,"ck_fused_attn::get_runtime_max_seqlen_kernel(unsigned long, int const*, int const*, unsigned long*) [clone .kd]",2,8,2788,1261566,1261566,4096,128,0,0,4,4,32,64,"0x0","0x7faafa570940",4181228586106164,4181228586156198,4181228586162087,4181228586169037,5889
2484,"__amd_rocclr_copyBuffer.kd",2,8,2789,1261566,1261566,512,512,0,0,16,0,32,64,"0x7feb7cde9b80","0x7fc36f653600",4181228586114797,4181228586162087,4181228586167815,4181228586173584,5728
2485,"__amd_rocclr_fillBufferAligned.kd",2,8,2791,1261566,1261566,256,256,0,0,12,4,48,64,"0x0","0x7fc36f653580",4181228586190139,4181228586206032,4181228586208075,4181228586208225,2043
2486,"ck_fused_attn::get_runtime_max_seqlen_kernel(unsigned long, int const*, int const*, unsigned long*) [clone .kd]",2,8,2792,1261566,1261566,4096,128,0,0,4,4,32,64,"0x0","0x7faafa570940",4181228586204840,4181228586214004,4181228586219692,4181228586226743,5688
2487,"__amd_rocclr_copyBuffer.kd",2,8,2793,1261566,1261566,512,512,0,0,16,0,32,64,"0x7feb7cc76e00","0x7fc36f653600",4181228586212572,4181228586224700,4181228586229347,4181228586232271,4647
2488,"void transformer_engine::fused_attn_rocm::compute_grad_v_kernel<hip_bfloat16, transformer_engine::fused_attn_rocm::SmallSeqConfig<4, 128, 256, false, (transformer_engine::fused_attn_rocm::CausalMaskType)0>, 16, 16>(hip_bfloat16 const*, hip_bfloat16 const*, hip_bfloat16*, int const*, int const*, int, int) [clone .kd]",2,8,2795,1261566,1261566,256000,64,8192,0,32,0,48,64,"0x0","0x7faaf3550f00",4181228586248836,4181228586260713,4181228586373000,4181228586374683,112287
2489,"void transformer_engine::fused_attn_rocm::compute_grad_attn_kernel<hip_bfloat16, transformer_engine::fused_attn_rocm::SmallSeqConfig<4, 128, 256, false, (transformer_engine::fused_attn_rocm::CausalMaskType)0>, 16>(hip_bfloat16 const*, hip_bfloat16 const*, hip_bfloat16*, int const*, int const*, int, int) [clone .kd]",2,8,2796,1261566,1261566,8000,64,0,0,116,4,48,64,"0x0","0x7faaf3550f40",4181228586258951,4181228586373000,4181228586523063,4181228586530625,150063
2490,"void transformer_engine::fused_attn_rocm::softmax_backward_kernel<hip_bfloat16, transformer_engine::fused_attn_rocm::SmallSeqConfig<4, 128, 256, false, (transformer_engine::fused_attn_rocm::CausalMaskType)0> >(hip_bfloat16 const*, hip_bfloat16 const*, hip_bfloat16*, float, int const*, int, int) [clone .kd]",2,8,2797,1261566,1261566,256000,256,1024,0,12,4,16,64,"0x0","0x7faaf3550f80",4181228586267133,4181228586523063,4181228586528752,4181228586537225,5689
2491,"void transformer_engine::fused_attn_rocm::compute_grad_qk_kernel<hip_bfloat16, transformer_engine::fused_attn_rocm::SmallSeqConfig<4, 128, 256, false, (transformer_engine::fused_attn_rocm::CausalMaskType)0>, 4, 16>(hip_bfloat16 const*, hip_bfloat16 const*, hip_bfloat16 const*, hip_bfloat16*, hip_bfloat16*, float, int const*, int const*, int, int) [clone .kd]",2,8,2798,1261566,1261566,1024000,64,8192,0,36,4,48,64,"0x0","0x7faaf3550fc0",4181228586273543,4181228586528752,4181228586650773,4181228586663092,122021
2492,"input_reduce_fusion.kd",2,8,2799,1261566,1261566,524288,256,512,0,16,0,16,64,"0x0","0x7faafa589500",4181228586282576,4181228586650773,4181228586658024,4181228586672366,7251
2493,"input_reduce_fusion_2.kd",2,8,2800,1261566,1261566,128,128,512,0,24,0,16,64,"0x0","0x7faafa589540",4181228586289917,4181228586658024,4181228586662631,4181228586678174,4607
2494,"loop_convert_fusion.kd",2,8,2801,1261566,1261566,1,1,0,0,4,4,16,64,"0x0","0x7faafa589580",4181228586298079,4181228586662631,4181228586666757,4181228586684003,4126
2495,"loop_compare_fusion.kd",2,8,2804,1261566,1261566,16128,256,0,0,4,4,16,64,"0x0","0x7faafa588b00",4181228586382184,4181228586678374,4181228586684223,4181228586691434,5849
2496,"input_reduce_reduce_window_fusion_2.kd",2,8,2805,1261566,1261566,1024,1024,512,0,20,4,48,64,"0x0","0x7faafa588b40",4181228586392600,4181228586684223,4181228586709140,4181228586715290,24917
2497,"loop_reduce_window_fusion_16.kd",2,8,2806,1261566,1261566,1024,256,0,0,8,0,16,64,"0x0","0x7faafa588b80",4181228586399540,4181228586709140,4181228586714989,4181228586722590,5849
2498,"loop_reduce_window_fusion_15.kd",2,8,2807,1261566,1261566,64,64,0,0,8,0,16,64,"0x0","0x7faafa588bc0",4181228586407292,4181228586714989,4181228586720157,4181228586728810,5168
2499,"loop_broadcast_fusion_2.kd",2,8,2808,1261566,1261566,16128,256,0,0,4,4,16,64,"0x0","0x7faafa588c00",4181228586414442,4181228586720157,4181228586725084,4181228586734498,4927
2500,"input_scatter_fusion_2.kd",2,8,2809,1261566,1261566,16128,256,0,0,12,4,32,64,"0x0","0x7faafa588c40",4181228586422444,4181228586725084,4181228586729691,4181228586739946,4607
2501,"loop_reduce_window_fusion_14.kd",2,8,2810,1261566,1261566,16128,256,0,0,8,0,16,64,"0x0","0x7faafa588c80",4181228586430466,4181228586729691,4181228586734458,4181228586745555,4767
2502,"loop_reduce_window_fusion_16.kd",2,8,2811,1261566,1261566,1024,256,0,0,8,0,16,64,"0x0","0x7faafa588b80",4181228586437436,4181228586734458,4181228586739666,4181228586750923,5208
2503,"loop_reduce_window_fusion_15.kd",2,8,2812,1261566,1261566,64,64,0,0,8,0,16,64,"0x0","0x7faafa588bc0",4181228586444477,4181228586739666,4181228586744272,4181228586756621,4606
2504,"loop_select_fusion_4.kd",2,8,2813,1261566,1261566,16128,256,0,0,12,4,32,64,"0x0","0x7faafa588cc0",4181228586452509,4181228586744272,4181228586749200,4181228586763712,4928
2505,"loop_select_fusion_2.kd",2,8,2814,1261566,1261566,16128,256,0,0,4,4,16,64,"0x0","0x7faafa588d00",4181228586459449,4181228586749200,4181228586753887,4181228586769120,4687
2506,"loop_reduce_window_fusion_14.kd",2,8,2815,1261566,1261566,16128,256,0,0,8,0,16,64,"0x0","0x7faafa588c80",4181228586467020,4181228586753887,4181228586758614,4181228586774398,4727
2507,"loop_reduce_window_fusion_16.kd",2,8,2816,1261566,1261566,1024,256,0,0,8,0,16,64,"0x0","0x7faafa588b80",4181228586474431,4181228586758614,4181228586763381,4181228586779996,4767
2508,"loop_reduce_window_fusion_15.kd",2,8,2817,1261566,1261566,64,64,0,0,8,0,16,64,"0x0","0x7faafa588bc0",4181228586482503,4181228586763381,4181228586768028,4181228586785714,4647
2509,"input_concatenate_fusion.kd",2,8,2818,1261566,1261566,16128,256,0,0,12,4,32,64,"0x0","0x7faafa588d40",4181228586490275,4181228586768028,4181228586772995,4181228586791603,4967
2510,"input_reduce_reduce_window_fusion.kd",2,8,2819,1261566,1261566,8192,256,0,0,24,0,48,64,"0x0","0x7faafa588d80",4181228586497756,4181228586772995,4181228586782369,4181228586803401,9374
2511,"loop_reduce_window_fusion_4.kd",2,8,2820,1261566,1261566,1280,256,0,0,8,0,16,64,"0x0","0x7faafa588dc0",4181228586504686,4181228586782369,4181228586787296,4181228586888097,4927
2512,"loop_reduce_window_fusion_3.kd",2,8,2821,1261566,1261566,80,80,0,0,8,0,16,64,"0x0","0x7faafa588e00",4181228586512127,4181228586787296,4181228586791983,4181228586812915,4687
2513,"loop_broadcast_fusion.kd",2,8,2822,1261566,1261566,20224,256,0,0,4,4,16,64,"0x0","0x7faafa588e40",4181228586519058,4181228586791983,4181228586796991,4181228586797482,5008
2514,"input_scatter_fusion.kd",2,8,2823,1261566,1261566,20224,256,0,0,12,4,32,64,"0x0","0x7faafa588e80",4181228586526980,4181228586796991,4181228586801638,4181228586830661,4647
2515,"loop_reduce_window_fusion_2.kd",2,8,2824,1261566,1261566,20224,256,0,0,8,0,16,64,"0x0","0x7faafa588ec0",4181228586534100,4181228586801638,4181228586806445,4181228586836590,4807
2516,"loop_reduce_window_fusion_4.kd",2,8,2825,1261566,1261566,1280,256,0,0,8,0,16,64,"0x0","0x7faafa588dc0",4181228586542463,4181228586806445,4181228586811532,4181228586842429,5087
2517,"loop_reduce_window_fusion_3.kd",2,8,2826,1261566,1261566,80,80,0,0,8,0,16,64,"0x0","0x7faafa588e00",4181228586550615,4181228586811532,4181228586816179,4181228586847947,4647
2518,"loop_remainder_fusion.kd",2,8,2827,1261566,1261566,20224,256,0,0,12,4,32,64,"0x0","0x7faafa588f00",4181228586558557,4181228586816179,4181228586821067,4181228586855027,4888
2519,"input_reduce_fusion_1.kd",2,8,2828,1261566,1261566,64,64,0,0,8,0,16,64,"0x0","0x7faafa588f40",4181228586565126,4181228586821067,4181228586825754,4181228586860596,4687
2520,"loop_select_fusion.kd",2,8,2829,1261566,1261566,20224,256,0,0,8,0,32,64,"0x0","0x7faafa588f80",4181228586573459,4181228586825754,4181228586830721,4181228586866645,4967
2521,"loop_compare_fusion_2.kd",2,8,2830,1261566,1261566,4096,256,0,0,4,4,16,64,"0x0","0x7faafa588fc0",4181228586580800,4181228586830721,4181228586835768,4181228586872283,5047
2522,"input_reduce_reduce_window_fusion_3.kd",2,8,2831,1261566,1261566,256,256,512,0,20,4,32,64,"0x0","0x7faafa589000",4181228586588351,4181228586835768,4181228586851912,4181228586877581,16144
2523,"loop_slice_fusion_1.kd",2,8,2832,1261566,1261566,16,16,0,0,20,4,16,64,"0x0","0x7faafa589040",4181228586595391,4181228586851912,4181228586856640,4181228586882809,4728
2524,"loop_broadcast_fusion_3.kd",2,8,2833,1261566,1261566,4096,256,0,0,4,4,16,64,"0x0","0x7faafa589080",4181228586602963,4181228586856640,4181228586861647,4181228586905863,5007
2525,"input_scatter_fusion_3.kd",2,8,2834,1261566,1261566,4096,256,0,0,8,0,32,64,"0x0","0x7faafa5890c0",4181228586610724,4181228586861647,4181228586867736,4181228586917410,6089
2526,"loop_reduce_window_fusion_18.kd",2,8,2835,1261566,1261566,4096,256,0,0,8,0,16,64,"0x0","0x7faafa589100",4181228586618105,4181228586867736,4181228586872583,4181228586924190,4847
2527,"loop_slice_fusion_1.kd",2,8,2836,1261566,1261566,16,16,0,0,20,4,16,64,"0x0","0x7faafa589040",4181228586625857,4181228586872583,4181228586877390,4181228586929528,4807
2528,"loop_remainder_fusion_1.kd",2,8,2837,1261566,1261566,4096,256,0,0,12,4,16,64,"0x0","0x7faafa589140",4181228586633518,4181228586877390,4181228586883760,4181228586900245,6370
2529,"loop_select_fusion_3.kd",2,8,2838,1261566,1261566,4096,256,0,0,8,0,32,64,"0x0","0x7faafa589180",4181228586642642,4181228586883760,4181228586888607,4181228586894136,4847
2530,"loop_reduce_window_fusion_18.kd",2,8,2839,1261566,1261566,4096,256,0,0,8,0,16,64,"0x0","0x7faafa589100",4181228586649121,4181228586888607,4181228586893374,4181228586951621,4767
2531,"loop_slice_fusion_1.kd",2,8,2840,1261566,1261566,16,16,0,0,20,4,16,64,"0x0","0x7faafa589040",4181228586656442,4181228586893374,4181228586898181,4181228586969508,4807
2532,"input_concatenate_fusion_1.kd",2,8,2841,1261566,1261566,4096,256,0,0,8,0,32,64,"0x0","0x7faafa5891c0",4181228586662431,4181228586898181,4181228586904030,4181228586963058,5849
2533,"loop_compare_fusion_1.kd",2,8,2842,1261566,1261566,8192,256,0,0,4,4,16,64,"0x0","0x7faafa589200",4181228586699266,4181228586904030,4181228586909037,4181228586911281,5007
2534,"input_reduce_reduce_window_fusion_1.kd",2,8,2843,1261566,1261566,512,512,512,0,20,4,48,64,"0x0","0x7faafa589240",4181228586714759,4181228586909037,4181228586925342,4181228586937330,16305
2535,"loop_reduce_window_fusion_8.kd",2,8,2844,1261566,1261566,32,32,0,0,32,0,16,64,"0x0","0x7faafa589280",4181228586824452,4181228586944330,4181228586955186,4181228586977520,10856
2536,"loop_broadcast_fusion_1.kd",2,8,2845,1261566,1261566,8192,256,0,0,4,4,16,64,"0x0","0x7faafa5892c0",4181228586948887,4181228586959232,4181228586962076,4181228586982928,2844
2537,"input_scatter_fusion_1.kd",2,8,2846,1261566,1261566,8192,256,0,0,8,0,32,64,"0x0","0x7faafa589300",4181228586961065,4181228586983348,4181228586989998,4181228586990399,6650
2538,"loop_reduce_window_fusion_7.kd",2,8,2847,1261566,1261566,8192,256,0,0,8,0,16,64,"0x0","0x7faafa589340",4181228586984089,4181228586993964,4181228586997529,4181228587001806,3565
2539,"loop_reduce_window_fusion_6.kd",2,8,2848,1261566,1261566,512,256,0,0,8,0,16,64,"0x0","0x7faafa589380",4181228586992782,4181228587016597,4181228587022166,4181228587023748,5569
2540,"loop_reduce_window_fusion_5.kd",2,8,2849,1261566,1261566,32,32,0,0,8,0,16,64,"0x0","0x7faafa5893c0",4181228587015536,4181228587026172,4181228587028816,4181228587052852,2644
2541,"loop_select_fusion_5.kd",2,8,2850,1261566,1261566,8192,256,0,0,8,0,32,64,"0x0","0x7faafa589400",4181228587051189,4181228587067473,4181228587070798,4181228587072982,3325
2542,"loop_select_fusion_1.kd",2,8,2851,1261566,1261566,8192,256,0,0,8,0,16,64,"0x0","0x7faafa589440",4181228587067183,4181228587076486,4181228587079170,4181228587084439,2684
2543,"loop_broadcast_fusion_4.kd",2,8,2852,1261566,1261566,16,16,0,0,4,4,16,64,"0x0","0x7faafa589480",4181228587075706,4181228587089346,4181228587090988,4181228587092431,1642
2544,"__amd_rocclr_fillBufferAligned.kd",2,8,2853,1261566,1261566,77824,256,0,0,12,4,48,64,"0x0","0x7fc36f653580",4181228587093712,4181228587109536,4181228587124278,4181228587124098,14742
2545,"__amd_rocclr_fillBufferAligned.kd",2,8,2854,1261566,1261566,16128,256,0,0,12,4,48,64,"0x0","0x7fc36f653580",4181228587106942,4181228587124278,4181228587129205,4181228587130788,4927
2546,"transformer_engine::fused_attn_rocm::populate_rng_state_kernel(long*, long const*, long) [clone .kd]",2,8,2855,1261566,1261566,1,1,0,0,8,0,16,64,"0x0","0x7faafa5a5380",4181228587117348,4181228587129205,4181228587133331,4181228587139290,4126
2547,"__amd_rocclr_fillBufferAligned.kd",2,8,2856,1261566,1261566,256,256,0,0,12,4,48,64,"0x0","0x7fc36f653580",4181228587126201,4181228587146350,4181228587148273,4181228587149646,1923
2548,"ck_fused_attn::get_runtime_max_seqlen_kernel(unsigned long, int const*, int const*, unsigned long*) [clone .kd]",2,8,2857,1261566,1261566,4096,128,0,0,4,4,32,64,"0x0","0x7faafa570940",4181228587144788,4181228587154042,4181228587159650,4181228587160682,5608
2549,"__amd_rocclr_copyBuffer.kd",2,8,2858,1261566,1261566,512,512,0,0,16,0,32,64,"0x7feb7cde9880","0x7fc36f653600",4181228587154443,4181228587166140,4181228587172870,4181228587176055,6730
2550,"__amd_rocclr_fillBufferAligned.kd",2,8,2860,1261566,1261566,256,256,0,0,12,4,48,64,"0x0","0x7fc36f653580",4181228587194152,4181228587203235,4181228587205158,4181228587240130,1923
2551,"ck_fused_attn::get_runtime_max_seqlen_kernel(unsigned long, int const*, int const*, unsigned long*) [clone .kd]",2,8,2861,1261566,1261566,4096,128,0,0,4,4,32,64,"0x0","0x7faafa570940",4181228587204297,4181228587213210,4181228587218978,4181228587250426,5768
2552,"__amd_rocclr_copyBuffer.kd",2,8,2862,1261566,1261566,512,512,0,0,16,0,32,64,"0x7feb7cde9780","0x7fc36f653600",4181228587214893,4181228587223786,4181228587230115,4181228587245148,6329
2553,"void transformer_engine::fused_attn_rocm::compute_scores_kernel<hip_bfloat16, transformer_engine::fused_attn_rocm::SmallSeqConfig<4, 128, 256, false, (transformer_engine::fused_attn_rocm::CausalMaskType)0>, 1>(hip_bfloat16 const*, hip_bfloat16 const*, hip_bfloat16*, float, int const*, int const*, int, int) [clone .kd]",2,8,2864,1261566,1261566,64000,64,0,0,112,0,32,64,"0x0","0x7faaf354f440",4181228587260531,4181228587277105,4181228587295773,4181228587302743,18668
2554,"void transformer_engine::fused_attn_rocm::apply_mask_and_softmax_kernel<hip_bfloat16, transformer_engine::fused_attn_rocm::SmallSeqConfig<4, 128, 256, false, (transformer_engine::fused_attn_rocm::CausalMaskType)0> >(hip_bfloat16*, hip_bfloat16 const*, float, int const*, int, int) [clone .kd]",2,8,2865,1261566,1261566,256000,256,1024,0,12,4,16,64,"0x0","0x7faaf354f480",4181228587275403,4181228587295773,4181228587300820,4181228587310244,5047
2555,"void transformer_engine::fused_attn_rocm::compute_output_kernel<hip_bfloat16, transformer_engine::fused_attn_rocm::SmallSeqConfig<4, 128, 256, false, (transformer_engine::fused_attn_rocm::CausalMaskType)0>, 2, 8>(hip_bfloat16 const*, hip_bfloat16 const*, hip_bfloat16*, int const*, int const*, int, int) [clone .kd]",2,8,2866,1261566,1261566,512000,64,8192,0,28,4,48,64,"0x0","0x7faaf354f4c0",4181228587283445,4181228587300820,4181228587348251,4181228587348662,47431
2556,"loop_broadcast_fusion_5.kd",2,8,2867,1261566,1261566,2048000,256,0,0,4,4,16,64,"0x0","0x7faafa5894c0",4181228587291977,4181228587348251,4181228587356463,4181228587357955,8212
2557,"__amd_rocclr_fillBufferAligned.kd",2,8,2868,1261566,1261566,77824,256,0,0,12,4,48,64,"0x0","0x7fc36f653580",4181228587305107,4181228587356463,4181228587363353,4181228587363454,6890
2558,"__amd_rocclr_fillBufferAligned.kd",2,8,2869,1261566,1261566,77824,256,0,0,12,4,48,64,"0x0","0x7fc36f653580",4181228587323735,4181228587363353,4181228587376212,4181228587380068,12859
2559,"__amd_rocclr_fillBufferAligned.kd",2,8,2870,1261566,1261566,77824,256,0,0,12,4,48,64,"0x0","0x7fc36f653580",4181228587331156,4181228587376212,4181228587389312,4181228587400569,13100
2560,"__amd_rocclr_fillBufferAligned.kd",2,8,2871,1261566,1261566,256,256,0,0,12,4,48,64,"0x0","0x7fc36f653580",4181228587338837,4181228587389312,4181228587394039,4181228587395571,4727
2561,"ck_fused_attn::get_runtime_max_seqlen_kernel(unsigned long, int const*, int const*, unsigned long*) [clone .kd]",2,8,2872,1261566,1261566,4096,128,0,0,4,4,32,64,"0x0","0x7faafa570940",4181228587345597,4181228587394039,4181228587400048,4181228587404945,6009
2562,"__amd_rocclr_copyBuffer.kd",2,8,2873,1261566,1261566,512,512,0,0,16,0,32,64,"0x7feb7cc76780","0x7fc36f653600",4181228587354641,4181228587400048,4181228587405336,4181228587409732,5288
2563,"__amd_rocclr_fillBufferAligned.kd",2,8,2875,1261566,1261566,256,256,0,0,12,4,48,64,"0x0","0x7fc36f653580",4181228587425957,4181228587439066,4181228587440989,4181228587448881,1923
2564,"ck_fused_attn::get_runtime_max_seqlen_kernel(unsigned long, int const*, int const*, unsigned long*) [clone .kd]",2,8,2876,1261566,1261566,4096,128,0,0,4,4,32,64,"0x0","0x7faafa570940",4181228587439687,4181228587449441,4181228587455210,4181228587455470,5769
2565,"__amd_rocclr_copyBuffer.kd",2,8,2877,1261566,1261566,512,512,0,0,16,0,32,64,"0x7feb7cc72700","0x7fc36f653600",4181228587448320,4181228587470673,4181228587477202,4181228587481449,6529
2566,"void transformer_engine::fused_attn_rocm::compute_grad_v_kernel<hip_bfloat16, transformer_engine::fused_attn_rocm::SmallSeqConfig<4, 128, 256, false, (transformer_engine::fused_attn_rocm::CausalMaskType)0>, 16, 16>(hip_bfloat16 const*, hip_bfloat16 const*, hip_bfloat16*, int const*, int const*, int, int) [clone .kd]",2,8,2879,1261566,1261566,256000,64,8192,0,32,0,48,64,"0x0","0x7faaf3550f00",4181228587496371,4181228587509651,4181228587625183,4181228587627306,115532
2567,"void transformer_engine::fused_attn_rocm::compute_grad_attn_kernel<hip_bfloat16, transformer_engine::fused_attn_rocm::SmallSeqConfig<4, 128, 256, false, (transformer_engine::fused_attn_rocm::CausalMaskType)0>, 16>(hip_bfloat16 const*, hip_bfloat16 const*, hip_bfloat16*, int const*, int const*, int, int) [clone .kd]",2,8,2880,1261566,1261566,8000,64,0,0,116,4,48,64,"0x0","0x7faaf3550f40",4181228587508309,4181228587625183,4181228587776648,4181228587789087,151465
2568,"void transformer_engine::fused_attn_rocm::softmax_backward_kernel<hip_bfloat16, transformer_engine::fused_attn_rocm::SmallSeqConfig<4, 128, 256, false, (transformer_engine::fused_attn_rocm::CausalMaskType)0> >(hip_bfloat16 const*, hip_bfloat16 const*, hip_bfloat16*, float, int const*, int, int) [clone .kd]",2,8,2881,1261566,1261566,256000,256,1024,0,12,4,16,64,"0x0","0x7faaf3550f80",4181228587516661,4181228587776648,4181228587782336,4181228587795516,5688
2569,"void transformer_engine::fused_attn_rocm::compute_grad_qk_kernel<hip_bfloat16, transformer_engine::fused_attn_rocm::SmallSeqConfig<4, 128, 256, false, (transformer_engine::fused_attn_rocm::CausalMaskType)0>, 4, 16>(hip_bfloat16 const*, hip_bfloat16 const*, hip_bfloat16 const*, hip_bfloat16*, hip_bfloat16*, float, int const*, int const*, int, int) [clone .kd]",2,8,2882,1261566,1261566,1024000,64,8192,0,36,4,48,64,"0x0","0x7faaf3550fc0",4181228587525264,4181228587782336,4181228587903597,4181228587913141,121261
2570,"input_reduce_fusion.kd",2,8,2883,1261566,1261566,524288,256,512,0,16,0,16,64,"0x0","0x7faafa589500",4181228587533717,4181228587903597,4181228587910847,4181228587921123,7250
2571,"input_reduce_fusion_2.kd",2,8,2884,1261566,1261566,128,128,512,0,24,0,16,64,"0x0","0x7faafa589540",4181228587541148,4181228587910847,4181228587916496,4181228587929035,5649
2572,"loop_convert_fusion.kd",2,8,2885,1261566,1261566,1,1,0,0,4,4,16,64,"0x0","0x7faafa589580",4181228587548599,4181228587916496,4181228587920742,4181228587934683,4246
2573,"loop_compare_fusion.kd",2,8,2888,1261566,1261566,16128,256,0,0,4,4,16,64,"0x0","0x7faafa588b00",4181228587638052,4181228587933561,4181228587939490,4181228587941624,5929
2574,"input_reduce_reduce_window_fusion_2.kd",2,8,2889,1261566,1261566,1024,1024,512,0,20,4,48,64,"0x0","0x7faafa588b40",4181228587647837,4181228587939490,4181228587964207,4181228587966080,24717
2575,"loop_reduce_window_fusion_16.kd",2,8,2890,1261566,1261566,1024,256,0,0,8,0,16,64,"0x0","0x7faafa588b80",4181228587655869,4181228587964207,4181228587970656,4181228587975213,6449
2576,"loop_reduce_window_fusion_15.kd",2,8,2891,1261566,1261566,64,64,0,0,8,0,16,64,"0x0","0x7faafa588bc0",4181228587664041,4181228587970656,4181228587975544,4181228587981112,4888
2577,"loop_broadcast_fusion_2.kd",2,8,2892,1261566,1261566,16128,256,0,0,4,4,16,64,"0x0","0x7faafa588c00",4181228587671872,4181228587975544,4181228587980431,4181228587987762,4887
2578,"input_scatter_fusion_2.kd",2,8,2893,1261566,1261566,16128,256,0,0,12,4,32,64,"0x0","0x7faafa588c40",4181228587679774,4181228587980431,4181228587985038,4181228587993561,4607
2579,"loop_reduce_window_fusion_14.kd",2,8,2894,1261566,1261566,16128,256,0,0,8,0,16,64,"0x0","0x7faafa588c80",4181228587688427,4181228587985038,4181228587989845,4181228587999359,4807
2580,"loop_reduce_window_fusion_16.kd",2,8,2895,1261566,1261566,1024,256,0,0,8,0,16,64,"0x0","0x7faafa588b80",4181228587695638,4181228587989845,4181228587994932,4181228588004968,5087
2581,"loop_reduce_window_fusion_15.kd",2,8,2896,1261566,1261566,64,64,0,0,8,0,16,64,"0x0","0x7faafa588bc0",4181228587703069,4181228587994932,4181228587999619,4181228588010867,4687
2582,"loop_select_fusion_4.kd",2,8,2897,1261566,1261566,16128,256,0,0,12,4,32,64,"0x0","0x7faafa588cc0",4181228587711371,4181228587999619,4181228588004547,4181228588016615,4928
2583,"loop_select_fusion_2.kd",2,8,2898,1261566,1261566,16128,256,0,0,4,4,16,64,"0x0","0x7faafa588d00",4181228587718772,4181228588004547,4181228588009314,4181228588021993,4767
2584,"loop_reduce_window_fusion_14.kd",2,8,2899,1261566,1261566,16128,256,0,0,8,0,16,64,"0x0","0x7faafa588c80",4181228587726063,4181228588009314,4181228588014041,4181228588029214,4727
2585,"loop_reduce_window_fusion_16.kd",2,8,2900,1261566,1261566,1024,256,0,0,8,0,16,64,"0x0","0x7faafa588b80",4181228587732943,4181228588014041,4181228588018848,4181228588034812,4807
2586,"loop_reduce_window_fusion_15.kd",2,8,2901,1261566,1261566,64,64,0,0,8,0,16,64,"0x0","0x7faafa588bc0",4181228587739833,4181228588018848,4181228588023455,4181228588040210,4607
2587,"input_concatenate_fusion.kd",2,8,2902,1261566,1261566,16128,256,0,0,12,4,32,64,"0x0","0x7faafa588d40",4181228587746884,4181228588023455,4181228588028422,4181228588045668,4967
2588,"input_reduce_reduce_window_fusion.kd",2,8,2903,1261566,1261566,8192,256,0,0,24,0,48,64,"0x0","0x7faafa588d80",4181228587754475,4181228588028422,4181228588037956,4181228588051176,9534
2589,"loop_reduce_window_fusion_4.kd",2,8,2904,1261566,1261566,1280,256,0,0,8,0,16,64,"0x0","0x7faafa588dc0",4181228587761295,4181228588037956,4181228588042964,4181228588137595,5008
2590,"loop_reduce_window_fusion_3.kd",2,8,2905,1261566,1261566,80,80,0,0,8,0,16,64,"0x0","0x7faafa588e00",4181228587768496,4181228588042964,4181228588047611,4181228588060861,4647
2591,"loop_broadcast_fusion.kd",2,8,2906,1261566,1261566,20224,256,0,0,4,4,16,64,"0x0","0x7faafa588e40",4181228587775366,4181228588047611,4181228588052618,4181228588066609,5007
2592,"input_scatter_fusion.kd",2,8,2907,1261566,1261566,20224,256,0,0,12,4,32,64,"0x0","0x7faafa588e80",4181228587783428,4181228588052618,4181228588057265,4181228588072228,4647
2593,"loop_reduce_window_fusion_2.kd",2,8,2908,1261566,1261566,20224,256,0,0,8,0,16,64,"0x0","0x7faafa588ec0",4181228587793333,4181228588057265,4181228588062032,4181228588088863,4767
2594,"loop_reduce_window_fusion_4.kd",2,8,2909,1261566,1261566,1280,256,0,0,8,0,16,64,"0x0","0x7faafa588dc0",4181228587802547,4181228588062032,4181228588067040,4181228588095733,5008
2595,"loop_reduce_window_fusion_3.kd",2,8,2910,1261566,1261566,80,80,0,0,8,0,16,64,"0x0","0x7faafa588e00",4181228587810539,4181228588067040,4181228588071687,4181228588101331,4647
2596,"loop_remainder_fusion.kd",2,8,2911,1261566,1261566,20224,256,0,0,12,4,32,64,"0x0","0x7faafa588f00",4181228587818520,4181228588071687,4181228588076614,4181228588106909,4927
2597,"input_reduce_fusion_1.kd",2,8,2912,1261566,1261566,64,64,0,0,8,0,16,64,"0x0","0x7faafa588f40",4181228587825982,4181228588076614,4181228588081301,4181228588114851,4687
2598,"loop_select_fusion.kd",2,8,2913,1261566,1261566,20224,256,0,0,8,0,32,64,"0x0","0x7faafa588f80",4181228587833573,4181228588081301,4181228588086188,4181228588120800,4887
2599,"loop_compare_fusion_2.kd",2,8,2914,1261566,1261566,4096,256,0,0,4,4,16,64,"0x0","0x7faafa588fc0",4181228587840914,4181228588086188,4181228588091156,4181228588126539,4968
2600,"input_reduce_reduce_window_fusion_3.kd",2,8,2915,1261566,1261566,256,256,512,0,20,4,32,64,"0x0","0x7faafa589000",4181228587847924,4181228588091156,4181228588106659,4181228588132147,15503
2601,"loop_slice_fusion_1.kd",2,8,2916,1261566,1261566,16,16,0,0,20,4,16,64,"0x0","0x7faafa589040",4181228587855806,4181228588106659,4181228588111586,4181228588160429,4927
2602,"loop_broadcast_fusion_3.kd",2,8,2917,1261566,1261566,4096,256,0,0,4,4,16,64,"0x0","0x7faafa589080",4181228587863247,4181228588111586,4181228588116513,4181228588171886,4927
2603,"input_scatter_fusion_3.kd",2,8,2918,1261566,1261566,4096,256,0,0,8,0,32,64,"0x0","0x7faafa5890c0",4181228587870358,4181228588116513,4181228588122562,4181228588177564,6049
2604,"loop_reduce_window_fusion_18.kd",2,8,2919,1261566,1261566,4096,256,0,0,8,0,16,64,"0x0","0x7faafa589100",4181228587876967,4181228588122562,4181228588127450,4181228588154690,4888
2605,"loop_slice_fusion_1.kd",2,8,2920,1261566,1261566,16,16,0,0,20,4,16,64,"0x0","0x7faafa589040",4181228587884799,4181228588127450,4181228588132177,4181228588149072,4727
2606,"loop_remainder_fusion_1.kd",2,8,2921,1261566,1261566,4096,256,0,0,12,4,16,64,"0x0","0x7faafa589140",4181228587892210,4181228588132177,4181228588138626,4181228588143073,6449
2607,"loop_select_fusion_3.kd",2,8,2922,1261566,1261566,4096,256,0,0,8,0,32,64,"0x0","0x7faafa589180",4181228587899661,4181228588138626,4181228588143473,4181228588192727,4847
2608,"loop_reduce_window_fusion_18.kd",2,8,2923,1261566,1261566,4096,256,0,0,8,0,16,64,"0x0","0x7faafa589100",4181228587906912,4181228588143473,4181228588148200,4181228588220528,4727
2609,"loop_slice_fusion_1.kd",2,8,2924,1261566,1261566,16,16,0,0,20,4,16,64,"0x0","0x7faafa589040",4181228587913261,4181228588148200,4181228588153008,4181228588214539,4808
2610,"input_concatenate_fusion_1.kd",2,8,2925,1261566,1261566,4096,256,0,0,8,0,32,64,"0x0","0x7faafa5891c0",4181228587950136,4181228588153008,4181228588158856,4181228588166047,5848
2611,"loop_compare_fusion_1.kd",2,8,2926,1261566,1261566,8192,256,0,0,4,4,16,64,"0x0","0x7faafa589200",4181228587960482,4181228588158856,4181228588163904,4181228588203703,5048
2612,"input_reduce_reduce_window_fusion_1.kd",2,8,2927,1261566,1261566,512,512,512,0,20,4,48,64,"0x0","0x7faafa589240",4181228587968413,4181228588163904,4181228588180488,4181228588185907,16584
2613,"loop_reduce_window_fusion_8.kd",2,8,2928,1261566,1261566,32,32,0,0,32,0,16,64,"0x0","0x7faafa589280",4181228588068993,4181228588180488,4181228588188380,4181228588197724,7892
2614,"loop_broadcast_fusion_1.kd",2,8,2929,1261566,1261566,8192,256,0,0,4,4,16,64,"0x0","0x7faafa5892c0",4181228588080520,4181228588196192,4181228588198996,4181228588228630,2804
2615,"input_scatter_fusion_1.kd",2,8,2930,1261566,1261566,8192,256,0,0,8,0,32,64,"0x0","0x7faafa589300",4181228588195731,4181228588234689,4181228588241099,4181228588243733,6410
2616,"loop_reduce_window_fusion_7.kd",2,8,2931,1261566,1261566,8192,256,0,0,8,0,16,64,"0x0","0x7faafa589340",4181228588236843,4181228588249271,4181228588253156,4181228588254148,3885
2617,"loop_reduce_window_fusion_6.kd",2,8,2932,1261566,1261566,512,256,0,0,8,0,16,64,"0x0","0x7faafa589380",4181228588247889,4181228588257243,4181228588262290,4181228588263763,5047
2618,"loop_reduce_window_fusion_5.kd",2,8,2933,1261566,1261566,32,32,0,0,8,0,16,64,"0x0","0x7faafa5893c0",4181228588256201,4181228588266496,4181228588269541,4181228588291053,3045
2619,"loop_select_fusion_5.kd",2,8,2934,1261566,1261566,8192,256,0,0,8,0,32,64,"0x0","0x7faafa589400",4181228588288059,4181228588305514,4181228588308879,4181228588311714,3365
2620,"loop_select_fusion_1.kd",2,8,2935,1261566,1261566,8192,256,0,0,8,0,16,64,"0x0","0x7faafa589440",4181228588305084,4181228588313967,4181228588316651,4181228588321769,2684
2621,"loop_broadcast_fusion_4.kd",2,8,2936,1261566,1261566,16,16,0,0,4,4,16,64,"0x0","0x7faafa589480",4181228588312575,4181228588326546,4181228588328228,4181228588328809,1682
2622,"__amd_rocclr_fillBufferAligned.kd",2,8,2937,1261566,1261566,77824,256,0,0,12,4,48,64,"0x0","0x7fc36f653580",4181228588330852,4181228588339605,4181228588353105,4181228588359465,13500
2623,"__amd_rocclr_fillBufferAligned.kd",2,8,2938,1261566,1261566,16128,256,0,0,12,4,48,64,"0x0","0x7fc36f653580",4181228588337142,4181228588353105,4181228588357992,4181228588365925,4887
2624,"transformer_engine::fused_attn_rocm::populate_rng_state_kernel(long*, long const*, long) [clone .kd]",2,8,2939,1261566,1261566,1,1,0,0,8,0,16,64,"0x0","0x7faafa5a5380",4181228588347958,4181228588357992,4181228588362159,4181228588375198,4167
2625,"__amd_rocclr_fillBufferAligned.kd",2,8,2940,1261566,1261566,256,256,0,0,12,4,48,64,"0x0","0x7fc36f653580",4181228588358514,4181228588382228,4181228588384151,4181228588392344,1923
2626,"ck_fused_attn::get_runtime_max_seqlen_kernel(unsigned long, int const*, int const*, unsigned long*) [clone .kd]",2,8,2941,1261566,1261566,4096,128,0,0,4,4,32,64,"0x0","0x7faafa570940",4181228588381488,4181228588392203,4181228588397812,4181228588401668,5609
2627,"__amd_rocclr_copyBuffer.kd",2,8,2942,1261566,1261566,512,512,0,0,16,0,32,64,"0x7feb7cde9380","0x7fc36f653600",4181228588391843,4181228588408788,4181228588415238,4181228588417571,6450
2628,"__amd_rocclr_fillBufferAligned.kd",2,8,2944,1261566,1261566,256,256,0,0,12,4,48,64,"0x0","0x7fc36f653580",4181228588436439,4181228588445202,4181228588447245,4181228588474236,2043
2629,"ck_fused_attn::get_runtime_max_seqlen_kernel(unsigned long, int const*, int const*, unsigned long*) [clone .kd]",2,8,2945,1261566,1261566,4096,128,0,0,4,4,32,64,"0x0","0x7faafa570940",4181228588446214,4181228588456459,4181228588465632,4181228588484241,9173
2630,"__amd_rocclr_copyBuffer.kd",2,8,2946,1261566,1261566,512,512,0,0,16,0,32,64,"0x7feb7cde9280","0x7fc36f653600",4181228588455478,4181228588465632,4181228588471241,4181228588479493,5609
2631,"void transformer_engine::fused_attn_rocm::compute_scores_kernel<hip_bfloat16, transformer_engine::fused_attn_rocm::SmallSeqConfig<4, 128, 256, false, (transformer_engine::fused_attn_rocm::CausalMaskType)0>, 1>(hip_bfloat16 const*, hip_bfloat16 const*, hip_bfloat16*, float, int const*, int const*, int, int) [clone .kd]",2,8,2948,1261566,1261566,64000,64,0,0,112,0,32,64,"0x0","0x7faaf354f440",4181228588496569,4181228588512983,4181228588532211,4181228588533003,19228
2632,"void transformer_engine::fused_attn_rocm::apply_mask_and_softmax_kernel<hip_bfloat16, transformer_engine::fused_attn_rocm::SmallSeqConfig<4, 128, 256, false, (transformer_engine::fused_attn_rocm::CausalMaskType)0> >(hip_bfloat16*, hip_bfloat16 const*, float, int const*, int, int) [clone .kd]",2,8,2949,1261566,1261566,256000,256,1024,0,12,4,16,64,"0x0","0x7faaf354f480",4181228588511471,4181228588532211,4181228588537259,4181228588540444,5048
2633,"void transformer_engine::fused_attn_rocm::compute_output_kernel<hip_bfloat16, transformer_engine::fused_attn_rocm::SmallSeqConfig<4, 128, 256, false, (transformer_engine::fused_attn_rocm::CausalMaskType)0>, 2, 8>(hip_bfloat16 const*, hip_bfloat16 const*, hip_bfloat16*, int const*, int const*, int, int) [clone .kd]",2,8,2950,1261566,1261566,512000,64,8192,0,28,4,48,64,"0x0","0x7faaf354f4c0",4181228588518982,4181228588537259,4181228588584649,4181228588588656,47390
2634,"loop_broadcast_fusion_5.kd",2,8,2951,1261566,1261566,2048000,256,0,0,4,4,16,64,"0x0","0x7faafa5894c0",4181228588526824,4181228588584649,4181228588592822,4181228588595045,8173
2635,"__amd_rocclr_fillBufferAligned.kd",2,8,2952,1261566,1261566,77824,256,0,0,12,4,48,64,"0x0","0x7fc36f653580",4181228588541255,4181228588592822,4181228588599672,4181228588600113,6850
2636,"__amd_rocclr_fillBufferAligned.kd",2,8,2953,1261566,1261566,77824,256,0,0,12,4,48,64,"0x0","0x7fc36f653580",4181228588556007,4181228588599672,4181228588613172,4181228588616567,13500
2637,"__amd_rocclr_fillBufferAligned.kd",2,8,2954,1261566,1261566,77824,256,0,0,12,4,48,64,"0x0","0x7fc36f653580",4181228588561626,4181228588613172,4181228588626151,4181228588641134,12979
2638,"__amd_rocclr_fillBufferAligned.kd",2,8,2955,1261566,1261566,256,256,0,0,12,4,48,64,"0x0","0x7fc36f653580",4181228588570138,4181228588626151,4181228588630878,4181228588631820,4727
2639,"ck_fused_attn::get_runtime_max_seqlen_kernel(unsigned long, int const*, int const*, unsigned long*) [clone .kd]",2,8,2956,1261566,1261566,4096,128,0,0,4,4,32,64,"0x0","0x7faafa570940",4181228588576378,4181228588630878,4181228588636807,4181228588636888,5929
2640,"__amd_rocclr_copyBuffer.kd",2,8,2957,1261566,1261566,512,512,0,0,16,0,32,64,"0x7feb7cde9180","0x7fc36f653600",4181228588584760,4181228588636807,4181228588642215,4181228588647543,5408
2641,"__amd_rocclr_fillBufferAligned.kd",2,8,2959,1261566,1261566,256,256,0,0,12,4,48,64,"0x0","0x7fc36f653580",4181228588663247,4181228588679511,4181228588681714,4181228588682726,2203
2642,"ck_fused_attn::get_runtime_max_seqlen_kernel(unsigned long, int const*, int const*, unsigned long*) [clone .kd]",2,8,2960,1261566,1261566,4096,128,0,0,4,4,32,64,"0x0","0x7faafa570940",4181228588677939,4181228588686922,4181228588695334,4181228588701514,8412
2643,"__amd_rocclr_copyBuffer.kd",2,8,2961,1261566,1261566,512,512,0,0,16,0,32,64,"0x7feb7cde9080","0x7fc36f653600",4181228588685900,4181228588695334,4181228588701263,4181228588708374,5929
2644,"void transformer_engine::fused_attn_rocm::compute_grad_v_kernel<hip_bfloat16, transformer_engine::fused_attn_rocm::SmallSeqConfig<4, 128, 256, false, (transformer_engine::fused_attn_rocm::CausalMaskType)0>, 16, 16>(hip_bfloat16 const*, hip_bfloat16 const*, hip_bfloat16*, int const*, int const*, int, int) [clone .kd]",2,8,2963,1261566,1261566,256000,64,8192,0,32,0,48,64,"0x0","0x7faaf3550f00",4181228588724558,4181228588736716,4181228588847801,4181228588851056,111085
2645,"void transformer_engine::fused_attn_rocm::compute_grad_attn_kernel<hip_bfloat16, transformer_engine::fused_attn_rocm::SmallSeqConfig<4, 128, 256, false, (transformer_engine::fused_attn_rocm::CausalMaskType)0>, 16>(hip_bfloat16 const*, hip_bfloat16 const*, hip_bfloat16*, int const*, int const*, int, int) [clone .kd]",2,8,2964,1261566,1261566,8000,64,0,0,116,4,48,64,"0x0","0x7faaf3550f40",4181228588735344,4181228588847801,4181228588998184,4181228589000739,150383
2646,"void transformer_engine::fused_attn_rocm::softmax_backward_kernel<hip_bfloat16, transformer_engine::fused_attn_rocm::SmallSeqConfig<4, 128, 256, false, (transformer_engine::fused_attn_rocm::CausalMaskType)0> >(hip_bfloat16 const*, hip_bfloat16 const*, hip_bfloat16*, float, int const*, int, int) [clone .kd]",2,8,2965,1261566,1261566,256000,256,1024,0,12,4,16,64,"0x0","0x7faaf3550f80",4181228588743196,4181228588998184,4181228589004033,4181228589010533,5849
2647,"void transformer_engine::fused_attn_rocm::compute_grad_qk_kernel<hip_bfloat16, transformer_engine::fused_attn_rocm::SmallSeqConfig<4, 128, 256, false, (transformer_engine::fused_attn_rocm::CausalMaskType)0>, 4, 16>(hip_bfloat16 const*, hip_bfloat16 const*, hip_bfloat16 const*, hip_bfloat16*, hip_bfloat16*, float, int const*, int const*, int, int) [clone .kd]",2,8,2966,1261566,1261566,1024000,64,8192,0,36,4,48,64,"0x0","0x7faaf3550fc0",4181228588750036,4181228589004033,4181228589120807,4181228589120887,116774
2648,"input_reduce_fusion.kd",2,8,2967,1261566,1261566,524288,256,512,0,16,0,16,64,"0x0","0x7faafa589500",4181228588759059,4181228589120807,4181228589128258,4181228589129250,7451
2649,"input_reduce_fusion_2.kd",2,8,2968,1261566,1261566,128,128,512,0,24,0,16,64,"0x0","0x7faafa589540",4181228588766751,4181228589128258,4181228589133946,4181228589135129,5688
2650,"loop_convert_fusion.kd",2,8,2969,1261566,1261566,1,1,0,0,4,4,16,64,"0x0","0x7faafa589580",4181228588773881,4181228589133946,4181228589139555,4181228589140727,5609
2651,"loop_compare_fusion.kd",2,8,2972,1261566,1261566,16128,256,0,0,4,4,16,64,"0x0","0x7faafa588b00",4181228588863655,4181228589151012,4181228589157101,4181228589175158,6089
2652,"input_reduce_reduce_window_fusion_2.kd",2,8,2973,1261566,1261566,1024,1024,512,0,20,4,48,64,"0x0","0x7faafa588b40",4181228588873710,4181228589157101,4181228589181858,4181228589181658,24757
2653,"loop_reduce_window_fusion_16.kd",2,8,2974,1261566,1261566,1024,256,0,0,8,0,16,64,"0x0","0x7faafa588b80",4181228588881171,4181228589181858,4181228589186665,4181228589187587,4807
2654,"loop_reduce_window_fusion_15.kd",2,8,2975,1261566,1261566,64,64,0,0,8,0,16,64,"0x0","0x7faafa588bc0",4181228588888131,4181228589186665,4181228589191432,4181228589193686,4767
2655,"loop_broadcast_fusion_2.kd",2,8,2976,1261566,1261566,16128,256,0,0,4,4,16,64,"0x0","0x7faafa588c00",4181228588895803,4181228589191432,4181228589196359,4181228589199084,4927
2656,"input_scatter_fusion_2.kd",2,8,2977,1261566,1261566,16128,256,0,0,12,4,32,64,"0x0","0x7faafa588c40",4181228588903464,4181228589196359,4181228589200926,4181228589204872,4567
2657,"loop_reduce_window_fusion_14.kd",2,8,2978,1261566,1261566,16128,256,0,0,8,0,16,64,"0x0","0x7faafa588c80",4181228588912137,4181228589200926,4181228589205693,4181228589210250,4767
2658,"loop_reduce_window_fusion_16.kd",2,8,2979,1261566,1261566,1024,256,0,0,8,0,16,64,"0x0","0x7faafa588b80",4181228588919468,4181228589205693,4181228589210701,4181228589215678,5008
2659,"loop_reduce_window_fusion_15.kd",2,8,2980,1261566,1261566,64,64,0,0,8,0,16,64,"0x0","0x7faafa588bc0",4181228588926929,4181228589210701,4181228589215307,4181228589221567,4606
2660,"loop_select_fusion_4.kd",2,8,2981,1261566,1261566,16128,256,0,0,12,4,32,64,"0x0","0x7faafa588cc0",4181228588934550,4181228589215307,4181228589220235,4181228589227105,4928
2661,"loop_select_fusion_2.kd",2,8,2982,1261566,1261566,16128,256,0,0,4,4,16,64,"0x0","0x7faafa588d00",4181228588942262,4181228589220235,4181228589224962,4181228589233064,4727
2662,"loop_reduce_window_fusion_14.kd",2,8,2983,1261566,1261566,16128,256,0,0,8,0,16,64,"0x0","0x7faafa588c80",4181228588949583,4181228589224962,4181228589229649,4181228589238572,4687
2663,"loop_reduce_window_fusion_16.kd",2,8,2984,1261566,1261566,1024,256,0,0,8,0,16,64,"0x0","0x7faafa588b80",4181228588955832,4181228589229649,4181228589234496,4181228589251412,4847
2664,"loop_reduce_window_fusion_15.kd",2,8,2985,1261566,1261566,64,64,0,0,8,0,16,64,"0x0","0x7faafa588bc0",4181228588963343,4181228589234496,4181228589239103,4181228589244471,4607
2665,"input_concatenate_fusion.kd",2,8,2986,1261566,1261566,16128,256,0,0,12,4,32,64,"0x0","0x7faafa588d40",4181228588970964,4181228589239103,4181228589244230,4181228589284501,5127
2666,"input_reduce_reduce_window_fusion.kd",2,8,2987,1261566,1261566,8192,256,0,0,24,0,48,64,"0x0","0x7faafa588d80",4181228588978996,4181228589244230,4181228589254005,4181228589279003,9775
2667,"loop_reduce_window_fusion_4.kd",2,8,2988,1261566,1261566,1280,256,0,0,8,0,16,64,"0x0","0x7faafa588dc0",4181228588985997,4181228589254005,4181228589258932,4181228589260986,4927
2668,"loop_reduce_window_fusion_3.kd",2,8,2989,1261566,1261566,80,80,0,0,8,0,16,64,"0x0","0x7faafa588e00",4181228588993919,4181228589258932,4181228589263539,4181228589292733,4607
2669,"loop_broadcast_fusion.kd",2,8,2990,1261566,1261566,20224,256,0,0,4,4,16,64,"0x0","0x7faafa588e40",4181228589001029,4181228589263539,4181228589268507,4181228589272293,4968
2670,"input_scatter_fusion.kd",2,8,2991,1261566,1261566,20224,256,0,0,12,4,32,64,"0x0","0x7faafa588e80",4181228589027088,4181228589268507,4181228589273113,4181228589312182,4606
2671,"loop_reduce_window_fusion_2.kd",2,8,2992,1261566,1261566,20224,256,0,0,8,0,16,64,"0x0","0x7faafa588ec0",4181228589035230,4181228589273113,4181228589277921,4181228589318071,4808
2672,"loop_reduce_window_fusion_4.kd",2,8,2993,1261566,1261566,1280,256,0,0,8,0,16,64,"0x0","0x7faafa588dc0",4181228589042721,4181228589277921,4181228589283088,4181228589323889,5167
2673,"loop_reduce_window_fusion_3.kd",2,8,2994,1261566,1261566,80,80,0,0,8,0,16,64,"0x0","0x7faafa588e00",4181228589050523,4181228589283088,4181228589287815,4181228589329337,4727
2674,"loop_remainder_fusion.kd",2,8,2995,1261566,1261566,20224,256,0,0,12,4,32,64,"0x0","0x7faafa588f00",4181228589057864,4181228589287815,4181228589292823,4181228589305873,5008
2675,"input_reduce_fusion_1.kd",2,8,2996,1261566,1261566,64,64,0,0,8,0,16,64,"0x0","0x7faafa588f40",4181228589065555,4181228589292823,4181228589297550,4181228589299423,4727
2676,"loop_select_fusion.kd",2,8,2997,1261566,1261566,20224,256,0,0,8,0,32,64,"0x0","0x7faafa588f80",4181228589073056,4181228589297550,4181228589302557,4181228589355997,5007
2677,"loop_compare_fusion_2.kd",2,8,2998,1261566,1261566,4096,256,0,0,4,4,16,64,"0x0","0x7faafa588fc0",4181228589080708,4181228589302557,4181228589307605,4181228589362076,5048
2678,"input_reduce_reduce_window_fusion_3.kd",2,8,2999,1261566,1261566,256,256,512,0,20,4,32,64,"0x0","0x7faafa589000",4181228589087728,4181228589307605,4181228589323789,4181228589367254,16184
2679,"loop_slice_fusion_1.kd",2,8,3000,1261566,1261566,16,16,0,0,20,4,16,64,"0x0","0x7faafa589040",4181228589095600,4181228589323789,4181228589328516,4181228589344350,4727
2680,"loop_broadcast_fusion_3.kd",2,8,3001,1261566,1261566,4096,256,0,0,4,4,16,64,"0x0","0x7faafa589080",4181228589102290,4181228589328516,4181228589333523,4181228589338872,5007
2681,"input_scatter_fusion_3.kd",2,8,3002,1261566,1261566,4096,256,0,0,8,0,32,64,"0x0","0x7faafa5890c0",4181228589109551,4181228589333523,4181228589339572,4181228589405170,6049
2682,"loop_reduce_window_fusion_18.kd",2,8,3003,1261566,1261566,4096,256,0,0,8,0,16,64,"0x0","0x7faafa589100",4181228589117182,4181228589339572,4181228589344419,4181228589410809,4847
2683,"loop_slice_fusion_1.kd",2,8,3004,1261566,1261566,16,16,0,0,20,4,16,64,"0x0","0x7faafa589040",4181228589123732,4181228589344419,4181228589349146,4181228589350018,4727
2684,"loop_remainder_fusion_1.kd",2,8,3005,1261566,1261566,4096,256,0,0,12,4,16,64,"0x0","0x7faafa589140",4181228589159254,4181228589349146,4181228589355756,4181228589393954,6610
2685,"loop_select_fusion_3.kd",2,8,3006,1261566,1261566,4096,256,0,0,8,0,32,64,"0x0","0x7faafa589180",4181228589168538,4181228589355756,4181228589360563,4181228589417929,4807
2686,"loop_reduce_window_fusion_18.kd",2,8,3007,1261566,1261566,4096,256,0,0,8,0,16,64,"0x0","0x7faafa589100",4181228589176220,4181228589360563,4181228589365331,4181228589375726,4768
2687,"loop_slice_fusion_1.kd",2,8,3008,1261566,1261566,16,16,0,0,20,4,16,64,"0x0","0x7faafa589040",4181228589272773,4181228589365331,4181228589370098,4181228589381395,4767
2688,"input_concatenate_fusion_1.kd",2,8,3009,1261566,1261566,4096,256,0,0,8,0,32,64,"0x0","0x7faafa5891c0",4181228589299433,4181228589370098,4181228589375946,4181228589399712,5848
2689,"loop_compare_fusion_1.kd",2,8,3010,1261566,1261566,8192,256,0,0,4,4,16,64,"0x0","0x7faafa589200",4181228589346463,4181228589375946,4181228589381795,4181228589387694,5849
2690,"input_reduce_reduce_window_fusion_1.kd",2,8,3011,1261566,1261566,512,512,512,0,20,4,48,64,"0x0","0x7faafa589240",4181228589356708,4181228589381795,4181228589399021,4181228589425801,17226
2691,"loop_reduce_window_fusion_8.kd",2,8,3012,1261566,1261566,32,32,0,0,32,0,16,64,"0x0","0x7faafa589280",4181228589381295,4181228589431869,4181228589444128,4181228589450738,12259
2692,"loop_broadcast_fusion_1.kd",2,8,3013,1261566,1261566,8192,256,0,0,4,4,16,64,"0x0","0x7faafa5892c0",4181228589433963,4181228589444128,4181228589448454,4181228589457738,4326
2693,"input_scatter_fusion_1.kd",2,8,3014,1261566,1261566,8192,256,0,0,8,0,32,64,"0x0","0x7faafa589300",4181228589443447,4181228589452460,4181228589458789,4181228589466011,6329
2694,"loop_reduce_window_fusion_7.kd",2,8,3015,1261566,1261566,8192,256,0,0,8,0,16,64,"0x0","0x7faafa589340",4181228589451780,4181228589471729,4181228589475975,4181228589476316,4246
2695,"loop_reduce_window_fusion_6.kd",2,8,3016,1261566,1261566,512,256,0,0,8,0,16,64,"0x0","0x7faafa589380",4181228589470948,4181228589481744,4181228589487272,4181228589493502,5528
2696,"loop_reduce_window_fusion_5.kd",2,8,3017,1261566,1261566,32,32,0,0,8,0,16,64,"0x0","0x7faafa5893c0",4181228589482005,4181228589492279,4181228589496606,4181228589518569,4327
2697,"loop_select_fusion_5.kd",2,8,3018,1261566,1261566,8192,256,0,0,8,0,32,64,"0x0","0x7faafa589400",4181228589513321,4181228589523165,4181228589526690,4181228589526681,3525
2698,"loop_select_fusion_1.kd",2,8,3019,1261566,1261566,8192,256,0,0,8,0,16,64,"0x0","0x7faafa589440",4181228589521894,4181228589530897,4181228589533781,4181228589534953,2884
2699,"loop_broadcast_fusion_4.kd",2,8,3020,1261566,1261566,16,16,0,0,4,4,16,64,"0x0","0x7faafa589480",4181228589530086,4181228589538989,4181228589540912,4181228589545859,1923
2700,"__amd_rocclr_fillBufferAligned.kd",2,8,3021,1261566,1261566,77824,256,0,0,12,4,48,64,"0x0","0x7fc36f653580",4181228589544507,4181228589561062,4181228589574962,4181228589576515,13900
2701,"__amd_rocclr_fillBufferAligned.kd",2,8,3022,1261566,1261566,16128,256,0,0,12,4,48,64,"0x0","0x7fc36f653580",4181228589558849,4181228589574962,4181228589579890,4181228589584487,4928
2702,"transformer_engine::fused_attn_rocm::populate_rng_state_kernel(long*, long const*, long) [clone .kd]",2,8,3023,1261566,1261566,1,1,0,0,8,0,16,64,"0x0","0x7faafa5a5380",4181228589569304,4181228589579890,4181228589584016,4181228589592769,4126
2703,"__amd_rocclr_fillBufferAligned.kd",2,8,3024,1261566,1261566,256,256,0,0,12,4,48,64,"0x0","0x7fc36f653580",4181228589579269,4181228589598918,4181228589601001,4181228589601052,2083
2704,"ck_fused_attn::get_runtime_max_seqlen_kernel(unsigned long, int const*, int const*, unsigned long*) [clone .kd]",2,8,3025,1261566,1261566,4096,128,0,0,4,4,32,64,"0x0","0x7faafa570940",4181228589598748,4181228589615342,4181228589621471,4181228589623205,6129
2705,"__amd_rocclr_copyBuffer.kd",2,8,3026,1261566,1261566,512,512,0,0,16,0,32,64,"0x7feb7cde8e80","0x7fc36f653600",4181228589616334,4181228589626479,4181228589632328,4181228589638517,5849
2706,"__amd_rocclr_fillBufferAligned.kd",2,8,3028,1261566,1261566,256,256,0,0,12,4,48,64,"0x0","0x7fc36f653580",4181228589656214,4181228589665016,4181228589667099,4181228589700039,2083
2707,"ck_fused_attn::get_runtime_max_seqlen_kernel(unsigned long, int const*, int const*, unsigned long*) [clone .kd]",2,8,3029,1261566,1261566,4096,128,0,0,4,4,32,64,"0x0","0x7faafa570940",4181228589666930,4181228589674911,4181228589680840,4181228589710254,5929
2708,"__amd_rocclr_copyBuffer.kd",2,8,3030,1261566,1261566,512,512,0,0,16,0,32,64,"0x7feb7cde8d80","0x7fc36f653600",4181228589677265,4181228589685967,4181228589692417,4181228589705267,6450
2709,"void transformer_engine::fused_attn_rocm::compute_scores_kernel<hip_bfloat16, transformer_engine::fused_attn_rocm::SmallSeqConfig<4, 128, 256, false, (transformer_engine::fused_attn_rocm::CausalMaskType)0>, 1>(hip_bfloat16 const*, hip_bfloat16 const*, hip_bfloat16*, float, int const*, int const*, int, int) [clone .kd]",2,8,3032,1261566,1261566,64000,64,0,0,112,0,32,64,"0x0","0x7faaf354f440",4181228589722863,4181228589732276,4181228589750583,4181228589750494,18307
2710,"void transformer_engine::fused_attn_rocm::apply_mask_and_softmax_kernel<hip_bfloat16, transformer_engine::fused_attn_rocm::SmallSeqConfig<4, 128, 256, false, (transformer_engine::fused_attn_rocm::CausalMaskType)0> >(hip_bfloat16*, hip_bfloat16 const*, float, int const*, int, int) [clone .kd]",2,8,3033,1261566,1261566,256000,256,1024,0,12,4,16,64,"0x0","0x7faaf354f480",4181228589730524,4181228589750583,4181228589756152,4181228589756633,5569
2711,"void transformer_engine::fused_attn_rocm::compute_output_kernel<hip_bfloat16, transformer_engine::fused_attn_rocm::SmallSeqConfig<4, 128, 256, false, (transformer_engine::fused_attn_rocm::CausalMaskType)0>, 2, 8>(hip_bfloat16 const*, hip_bfloat16 const*, hip_bfloat16*, int const*, int const*, int, int) [clone .kd]",2,8,3034,1261566,1261566,512000,64,8192,0,28,4,48,64,"0x0","0x7faaf354f4c0",4181228589744164,4181228589756152,4181228589809191,4181228589812736,53039
2712,"loop_broadcast_fusion_5.kd",2,8,3035,1261566,1261566,2048000,256,0,0,4,4,16,64,"0x0","0x7faafa5894c0",4181228589754780,4181228589809191,4181228589817403,4181228589820638,8212
2713,"__amd_rocclr_fillBufferAligned.kd",2,8,3036,1261566,1261566,77824,256,0,0,12,4,48,64,"0x0","0x7fc36f653580",4181228589777113,4181228589817403,4181228589824173,4181228589826377,6770
2714,"__amd_rocclr_fillBufferAligned.kd",2,8,3037,1261566,1261566,77824,256,0,0,12,4,48,64,"0x0","0x7fc36f653580",4181228589784454,4181228589824173,4181228589837072,4181228589845375,12899
2715,"__amd_rocclr_fillBufferAligned.kd",2,8,3038,1261566,1261566,77824,256,0,0,12,4,48,64,"0x0","0x7fc36f653580",4181228589789772,4181228589837072,4181228589850011,4181228589853146,12939
2716,"__amd_rocclr_fillBufferAligned.kd",2,8,3039,1261566,1261566,256,256,0,0,12,4,48,64,"0x0","0x7fc36f653580",4181228589798585,4181228589850011,4181228589854738,4181228589859516,4727
2717,"ck_fused_attn::get_runtime_max_seqlen_kernel(unsigned long, int const*, int const*, unsigned long*) [clone .kd]",2,8,3040,1261566,1261566,4096,128,0,0,4,4,32,64,"0x0","0x7faafa570940",4181228589803743,4181228589854738,4181228589860747,4181228589863832,6009
2718,"__amd_rocclr_copyBuffer.kd",2,8,3041,1261566,1261566,512,512,0,0,16,0,32,64,"0x7feb7cde8c80","0x7fc36f653600",4181228589811835,4181228589860747,4181228589866396,4181228589870052,5649
2719,"__amd_rocclr_fillBufferAligned.kd",2,8,3043,1261566,1261566,256,256,0,0,12,4,48,64,"0x0","0x7fc36f653580",4181228589887718,4181228589898684,4181228589900727,4181228589902209,2043
2720,"ck_fused_attn::get_runtime_max_seqlen_kernel(unsigned long, int const*, int const*, unsigned long*) [clone .kd]",2,8,3044,1261566,1261566,4096,128,0,0,4,4,32,64,"0x0","0x7faafa570940",4181228589897252,4181228589906175,4181228589911983,4181228589911854,5808
2721,"__amd_rocclr_copyBuffer.kd",2,8,3045,1261566,1261566,512,512,0,0,16,0,32,64,"0x7feb7cde8b80","0x7fc36f653600",4181228589904663,4181228589917672,4181228589924081,4181228589927197,6409
2722,"void transformer_engine::fused_attn_rocm::compute_grad_v_kernel<hip_bfloat16, transformer_engine::fused_attn_rocm::SmallSeqConfig<4, 128, 256, false, (transformer_engine::fused_attn_rocm::CausalMaskType)0>, 16, 16>(hip_bfloat16 const*, hip_bfloat16 const*, hip_bfloat16*, int const*, int const*, int, int) [clone .kd]",2,8,3047,1261566,1261566,256000,64,8192,0,32,0,48,64,"0x0","0x7faaf3550f00",4181228589943301,4181228589953565,4181228590066774,4181228590068357,113209
2723,"void transformer_engine::fused_attn_rocm::compute_grad_attn_kernel<hip_bfloat16, transformer_engine::fused_attn_rocm::SmallSeqConfig<4, 128, 256, false, (transformer_engine::fused_attn_rocm::CausalMaskType)0>, 16>(hip_bfloat16 const*, hip_bfloat16 const*, hip_bfloat16*, int const*, int const*, int, int) [clone .kd]",2,8,3048,1261566,1261566,8000,64,0,0,116,4,48,64,"0x0","0x7faaf3550f40",4181228589951753,4181228590066774,4181228590218800,4181228590223317,152026
2724,"void transformer_engine::fused_attn_rocm::softmax_backward_kernel<hip_bfloat16, transformer_engine::fused_attn_rocm::SmallSeqConfig<4, 128, 256, false, (transformer_engine::fused_attn_rocm::CausalMaskType)0> >(hip_bfloat16 const*, hip_bfloat16 const*, hip_bfloat16*, float, int const*, int, int) [clone .kd]",2,8,3049,1261566,1261566,256000,256,1024,0,12,4,16,64,"0x0","0x7faaf3550f80",4181228589959495,4181228590218800,4181228590224648,4181228590229987,5848
2725,"void transformer_engine::fused_attn_rocm::compute_grad_qk_kernel<hip_bfloat16, transformer_engine::fused_attn_rocm::SmallSeqConfig<4, 128, 256, false, (transformer_engine::fused_attn_rocm::CausalMaskType)0>, 4, 16>(hip_bfloat16 const*, hip_bfloat16 const*, hip_bfloat16 const*, hip_bfloat16*, hip_bfloat16*, float, int const*, int const*, int, int) [clone .kd]",2,8,3050,1261566,1261566,1024000,64,8192,0,36,4,48,64,"0x0","0x7faaf3550fc0",4181228589968508,4181228590224648,4181228590343225,4181228590345308,118577
2726,"input_reduce_fusion.kd",2,8,3051,1261566,1261566,524288,256,512,0,16,0,16,64,"0x0","0x7faafa589500",4181228589977131,4181228590343225,4181228590349274,4181228590353701,6049
2727,"input_reduce_fusion_2.kd",2,8,3052,1261566,1261566,128,128,512,0,24,0,16,64,"0x0","0x7faafa589540",4181228589984922,4181228590349274,4181228590354922,4181228590359209,5648
2728,"loop_convert_fusion.kd",2,8,3053,1261566,1261566,1,1,0,0,4,4,16,64,"0x0","0x7faafa589580",4181228589992644,4181228590354922,4181228590359169,4181228590365248,4247
2729,"loop_compare_fusion.kd",2,8,3056,1261566,1261566,16128,256,0,0,4,4,16,64,"0x0","0x7faafa588b00",4181228590082377,4181228590370666,4181228590376715,4181228590377897,6049
2730,"input_reduce_reduce_window_fusion_2.kd",2,8,3057,1261566,1261566,1024,1024,512,0,20,4,48,64,"0x0","0x7faafa588b40",4181228590091912,4181228590376715,4181228590401271,4181228590401322,24556
2731,"loop_reduce_window_fusion_16.kd",2,8,3058,1261566,1261566,1024,256,0,0,8,0,16,64,"0x0","0x7faafa588b80",4181228590099853,4181228590401271,4181228590405878,4181228590408382,4607
2732,"loop_reduce_window_fusion_15.kd",2,8,3059,1261566,1261566,64,64,0,0,8,0,16,64,"0x0","0x7faafa588bc0",4181228590107435,4181228590405878,4181228590410525,4181228590419479,4647
2733,"loop_broadcast_fusion_2.kd",2,8,3060,1261566,1261566,16128,256,0,0,4,4,16,64,"0x0","0x7faafa588c00",4181228590114796,4181228590410525,4181228590415372,4181228590428903,4847
2734,"input_scatter_fusion_2.kd",2,8,3061,1261566,1261566,16128,256,0,0,12,4,32,64,"0x0","0x7faafa588c40",4181228590123398,4181228590415372,4181228590420019,4181228590436094,4647
2735,"loop_reduce_window_fusion_14.kd",2,8,3062,1261566,1261566,16128,256,0,0,8,0,16,64,"0x0","0x7faafa588c80",4181228590131450,4181228590420019,4181228590424826,4181228590442713,4807
2736,"loop_reduce_window_fusion_16.kd",2,8,3063,1261566,1261566,1024,256,0,0,8,0,16,64,"0x0","0x7faafa588b80",4181228590140424,4181228590424826,4181228590429914,4181228590448141,5088
2737,"loop_reduce_window_fusion_15.kd",2,8,3064,1261566,1261566,64,64,0,0,8,0,16,64,"0x0","0x7faafa588bc0",4181228590147665,4181228590429914,4181228590434601,4181228590453790,4687
2738,"loop_select_fusion_4.kd",2,8,3065,1261566,1261566,16128,256,0,0,12,4,32,64,"0x0","0x7faafa588cc0",4181228590155536,4181228590434601,4181228590439528,4181228590459298,4927
2739,"loop_select_fusion_2.kd",2,8,3066,1261566,1261566,16128,256,0,0,4,4,16,64,"0x0","0x7faafa588d00",4181228590162557,4181228590439528,4181228590444255,4181228590464946,4727
2740,"loop_reduce_window_fusion_14.kd",2,8,3067,1261566,1261566,16128,256,0,0,8,0,16,64,"0x0","0x7faafa588c80",4181228590169197,4181228590444255,4181228590448982,4181228590470395,4727
2741,"loop_reduce_window_fusion_16.kd",2,8,3068,1261566,1261566,1024,256,0,0,8,0,16,64,"0x0","0x7faafa588b80",4181228590176027,4181228590448982,4181228590453829,4181228590476223,4847
2742,"loop_reduce_window_fusion_15.kd",2,8,3069,1261566,1261566,64,64,0,0,8,0,16,64,"0x0","0x7faafa588bc0",4181228590183428,4181228590453829,4181228590458436,4181228590481471,4607
2743,"input_concatenate_fusion.kd",2,8,3070,1261566,1261566,16128,256,0,0,12,4,32,64,"0x0","0x7faafa588d40",4181228590190889,4181228590458436,4181228590463404,4181228590501080,4968
2744,"input_reduce_reduce_window_fusion.kd",2,8,3071,1261566,1261566,8192,256,0,0,24,0,48,64,"0x0","0x7faafa588d80",4181228590197889,4181228590463404,4181228590472617,4181228590514771,9213
2745,"loop_reduce_window_fusion_4.kd",2,8,3072,1261566,1261566,1280,256,0,0,8,0,16,64,"0x0","0x7faafa588dc0",4181228590205320,4181228590472617,4181228590477545,4181228590509352,4928
2746,"loop_reduce_window_fusion_3.kd",2,8,3073,1261566,1261566,80,80,0,0,8,0,16,64,"0x0","0x7faafa588e00",4181228590212291,4181228590477545,4181228590482151,4181228590495572,4606
2747,"loop_broadcast_fusion.kd",2,8,3074,1261566,1261566,20224,256,0,0,4,4,16,64,"0x0","0x7faafa588e40",4181228590219301,4181228590482151,4181228590487159,4181228590489293,5008
2748,"input_scatter_fusion.kd",2,8,3075,1261566,1261566,20224,256,0,0,12,4,32,64,"0x0","0x7faafa588e80",4181228590226231,4181228590487159,4181228590491806,4181228590544375,4647
2749,"loop_reduce_window_fusion_2.kd",2,8,3076,1261566,1261566,20224,256,0,0,8,0,16,64,"0x0","0x7faafa588ec0",4181228590234454,4181228590491806,4181228590496613,4181228590550043,4807
2750,"loop_reduce_window_fusion_4.kd",2,8,3077,1261566,1261566,1280,256,0,0,8,0,16,64,"0x0","0x7faafa588dc0",4181228590242305,4181228590496613,4181228590501620,4181228590555621,5007
2751,"loop_reduce_window_fusion_3.kd",2,8,3078,1261566,1261566,80,80,0,0,8,0,16,64,"0x0","0x7faafa588e00",4181228590249556,4181228590501620,4181228590506307,4181228590538406,4687
2752,"loop_remainder_fusion.kd",2,8,3079,1261566,1261566,20224,256,0,0,12,4,32,64,"0x0","0x7faafa588f00",4181228590256597,4181228590506307,4181228590511235,4181228590527309,4928
2753,"input_reduce_fusion_1.kd",2,8,3080,1261566,1261566,64,64,0,0,8,0,16,64,"0x0","0x7faafa588f40",4181228590264058,4181228590511235,4181228590515922,4181228590520459,4687
2754,"loop_select_fusion.kd",2,8,3081,1261566,1261566,20224,256,0,0,8,0,32,64,"0x0","0x7faafa588f80",4181228590272260,4181228590515922,4181228590520849,4181228590613257,4927
2755,"loop_compare_fusion_2.kd",2,8,3082,1261566,1261566,4096,256,0,0,4,4,16,64,"0x0","0x7faafa588fc0",4181228590280041,4181228590520849,4181228590525897,4181228590618845,5048
2756,"input_reduce_reduce_window_fusion_3.kd",2,8,3083,1261566,1261566,256,256,512,0,20,4,32,64,"0x0","0x7faafa589000",4181228590287262,4181228590525897,4181228590541840,4181228590624263,15943
2757,"loop_slice_fusion_1.kd",2,8,3084,1261566,1261566,16,16,0,0,20,4,16,64,"0x0","0x7faafa589040",4181228590293541,4181228590541840,4181228590546567,4181228590629852,4727
2758,"loop_broadcast_fusion_3.kd",2,8,3085,1261566,1261566,4096,256,0,0,4,4,16,64,"0x0","0x7faafa589080",4181228590301153,4181228590546567,4181228590551455,4181228590607899,4888
2759,"input_scatter_fusion_3.kd",2,8,3086,1261566,1261566,4096,256,0,0,8,0,32,64,"0x0","0x7faafa5890c0",4181228590308694,4181228590551455,4181228590557544,4181228590575501,6089
2760,"loop_reduce_window_fusion_18.kd",2,8,3087,1261566,1261566,4096,256,0,0,8,0,16,64,"0x0","0x7faafa589100",4181228590316766,4181228590557544,4181228590562391,4181228590564044,4847
2761,"loop_slice_fusion_1.kd",2,8,3088,1261566,1261566,16,16,0,0,20,4,16,64,"0x0","0x7faafa589040",4181228590323716,4181228590562391,4181228590567158,4181228590690692,4767
2762,"loop_remainder_fusion_1.kd",2,8,3089,1261566,1261566,4096,256,0,0,12,4,16,64,"0x0","0x7faafa589140",4181228590331127,4181228590567158,4181228590573527,4181228590696781,6369
2763,"loop_select_fusion_3.kd",2,8,3090,1261566,1261566,4096,256,0,0,8,0,32,64,"0x0","0x7faafa589180",4181228590338969,4181228590573527,4181228590578375,4181228590702219,4848
2764,"loop_reduce_window_fusion_18.kd",2,8,3091,1261566,1261566,4096,256,0,0,8,0,16,64,"0x0","0x7faafa589100",4181228590345719,4181228590578375,4181228590583182,4181228590595060,4807
2765,"loop_slice_fusion_1.kd",2,8,3092,1261566,1261566,16,16,0,0,20,4,16,64,"0x0","0x7faafa589040",4181228590379650,4181228590583182,4181228590587989,4181228590679616,4807
2766,"input_concatenate_fusion_1.kd",2,8,3093,1261566,1261566,4096,256,0,0,8,0,32,64,"0x0","0x7faafa5891c0",4181228590389684,4181228590587989,4181228590593918,4181228590638264,5929
2767,"loop_compare_fusion_1.kd",2,8,3094,1261566,1261566,8192,256,0,0,4,4,16,64,"0x0","0x7faafa589200",4181228590397787,4181228590593918,4181228590598925,4181228590601920,5007
2768,"input_reduce_reduce_window_fusion_1.kd",2,8,3095,1261566,1261566,512,512,512,0,20,4,48,64,"0x0","0x7faafa589240",4181228590406269,4181228590598925,4181228590616191,4181228590666176,17266
2769,"loop_reduce_window_fusion_8.kd",2,8,3096,1261566,1261566,32,32,0,0,32,0,16,64,"0x0","0x7faafa589280",4181228590416314,4181228590616191,4181228590624643,4181228590660437,8452
2770,"loop_broadcast_fusion_1.kd",2,8,3097,1261566,1261566,8192,256,0,0,4,4,16,64,"0x0","0x7faafa5892c0",4181228590426449,4181228590624643,4181228590629611,4181228590707567,4968
2771,"input_scatter_fusion_1.kd",2,8,3098,1261566,1261566,8192,256,0,0,8,0,32,64,"0x0","0x7faafa589300",4181228590436795,4181228590629611,4181228590635259,4181228590648830,5648
2772,"loop_reduce_window_fusion_7.kd",2,8,3099,1261566,1261566,8192,256,0,0,8,0,16,64,"0x0","0x7faafa589340",4181228590517525,4181228590635259,4181228590640307,4181228590673907,5048
2773,"loop_reduce_window_fusion_6.kd",2,8,3100,1261566,1261566,512,256,0,0,8,0,16,64,"0x0","0x7faafa589380",4181228590528631,4181228590640307,4181228590645474,4181228590685605,5167
2774,"loop_reduce_window_fusion_5.kd",2,8,3101,1261566,1261566,32,32,0,0,8,0,16,64,"0x0","0x7faafa5893c0",4181228590571515,4181228590645474,4181228590650241,4181228590654558,4767
2775,"loop_select_fusion_5.kd",2,8,3102,1261566,1261566,8192,256,0,0,8,0,32,64,"0x0","0x7faafa589400",4181228590592586,4181228590650241,4181228590655489,4181228590715539,5248
2776,"loop_select_fusion_1.kd",2,8,3103,1261566,1261566,8192,256,0,0,8,0,16,64,"0x0","0x7faafa589440",4181228590645034,4181228590655489,4181228590659655,4181228590727146,4166
2777,"loop_broadcast_fusion_4.kd",2,8,3104,1261566,1261566,16,16,0,0,4,4,16,64,"0x0","0x7faafa589480",4181228590653236,4181228590727797,4181228590729519,4181228590734968,1722
2778,"__amd_rocclr_fillBufferAligned.kd",2,8,3105,1261566,1261566,77824,256,0,0,12,4,48,64,"0x0","0x7fc36f653580",4181228590731042,4181228590740375,4181228590754356,4181228590755919,13981
2779,"__amd_rocclr_fillBufferAligned.kd",2,8,3106,1261566,1261566,16128,256,0,0,12,4,48,64,"0x0","0x7fc36f653580",4181228590737852,4181228590754356,4181228590759364,4181228590774026,5008
2780,"transformer_engine::fused_attn_rocm::populate_rng_state_kernel(long*, long const*, long) [clone .kd]",2,8,3107,1261566,1261566,1,1,0,0,8,0,16,64,"0x0","0x7faafa5a5380",4181228590748288,4181228590759364,4181228590763530,4181228590767767,4166
2781,"__amd_rocclr_fillBufferAligned.kd",2,8,3108,1261566,1261566,256,256,0,0,12,4,48,64,"0x0","0x7fc36f653580",4181228590762168,4181228590790410,4181228590792333,4181228590794827,1923
2782,"ck_fused_attn::get_runtime_max_seqlen_kernel(unsigned long, int const*, int const*, unsigned long*) [clone .kd]",2,8,3109,1261566,1261566,4096,128,0,0,4,4,32,64,"0x0","0x7faafa570940",4181228590789880,4181228590799263,4181228590804871,4181228590805713,5608
2783,"__amd_rocclr_copyBuffer.kd",2,8,3110,1261566,1261566,512,512,0,0,16,0,32,64,"0x7feb7cde8980","0x7fc36f653600",4181228590799063,4181228590810800,4181228590817731,4181228590821256,6931
2784,"__amd_rocclr_fillBufferAligned.kd",2,8,3112,1261566,1261566,256,256,0,0,12,4,48,64,"0x0","0x7fc36f653580",4181228590838392,4181228590846974,4181228590848897,4181228590884881,1923
2785,"ck_fused_attn::get_runtime_max_seqlen_kernel(unsigned long, int const*, int const*, unsigned long*) [clone .kd]",2,8,3113,1261566,1261566,4096,128,0,0,4,4,32,64,"0x0","0x7faafa570940",4181228590848206,4181228590856709,4181228590862317,4181228590895347,5608
2786,"__amd_rocclr_copyBuffer.kd",2,8,3114,1261566,1261566,512,512,0,0,16,0,32,64,"0x7feb7cde8880","0x7fc36f653600",4181228590855828,4181228590867885,4181228590874575,4181228590890429,6690
2787,"void transformer_engine::fused_attn_rocm::compute_scores_kernel<hip_bfloat16, transformer_engine::fused_attn_rocm::SmallSeqConfig<4, 128, 256, false, (transformer_engine::fused_attn_rocm::CausalMaskType)0>, 1>(hip_bfloat16 const*, hip_bfloat16 const*, hip_bfloat16*, float, int const*, int const*, int, int) [clone .kd]",2,8,3116,1261566,1261566,64000,64,0,0,112,0,32,64,"0x0","0x7faaf354f440",4181228590906844,4181228590916277,4181228590934745,4181228590935877,18468
2788,"void transformer_engine::fused_attn_rocm::apply_mask_and_softmax_kernel<hip_bfloat16, transformer_engine::fused_attn_rocm::SmallSeqConfig<4, 128, 256, false, (transformer_engine::fused_attn_rocm::CausalMaskType)0> >(hip_bfloat16*, hip_bfloat16 const*, float, int const*, int, int) [clone .kd]",2,8,3117,1261566,1261566,256000,256,1024,0,12,4,16,64,"0x0","0x7faaf354f480",4181228590914695,4181228590934745,4181228590939271,4181228590942196,4526
2789,"void transformer_engine::fused_attn_rocm::compute_output_kernel<hip_bfloat16, transformer_engine::fused_attn_rocm::SmallSeqConfig<4, 128, 256, false, (transformer_engine::fused_attn_rocm::CausalMaskType)0>, 2, 8>(hip_bfloat16 const*, hip_bfloat16 const*, hip_bfloat16*, int const*, int const*, int, int) [clone .kd]",2,8,3118,1261566,1261566,512000,64,8192,0,28,4,48,64,"0x0","0x7faaf354f4c0",4181228590925662,4181228590943197,4181228590994674,4181228590998220,51477
2790,"loop_broadcast_fusion_5.kd",2,8,3119,1261566,1261566,2048000,256,0,0,4,4,16,64,"0x0","0x7faafa5894c0",4181228590941024,4181228590994674,4181228591003166,4181228591008815,8492
2791,"__amd_rocclr_fillBufferAligned.kd",2,8,3120,1261566,1261566,77824,256,0,0,12,4,48,64,"0x0","0x7fc36f653580",4181228590961645,4181228591003166,4181228591010057,4181228591014674,6891
2792,"__amd_rocclr_fillBufferAligned.kd",2,8,3121,1261566,1261566,77824,256,0,0,12,4,48,64,"0x0","0x7fc36f653580",4181228590969146,4181228591010057,4181228591023036,4181228591023217,12979
2793,"__amd_rocclr_fillBufferAligned.kd",2,8,3122,1261566,1261566,77824,256,0,0,12,4,48,64,"0x0","0x7fc36f653580",4181228590974314,4181228591023036,4181228591036055,4181228591039371,13019
2794,"__amd_rocclr_fillBufferAligned.kd",2,8,3123,1261566,1261566,256,256,0,0,12,4,48,64,"0x0","0x7fc36f653580",4181228590982887,4181228591036055,4181228591040983,4181228591046341,4928
2795,"ck_fused_attn::get_runtime_max_seqlen_kernel(unsigned long, int const*, int const*, unsigned long*) [clone .kd]",2,8,3124,1261566,1261566,4096,128,0,0,4,4,32,64,"0x0","0x7faafa570940",4181228590989296,4181228591040983,4181228591046911,4181228591051339,5928
2796,"__amd_rocclr_copyBuffer.kd",2,8,3125,1261566,1261566,512,512,0,0,16,0,32,64,"0x7feb7cde8780","0x7fc36f653600",4181228590998770,4181228591046911,4181228591052640,4181228591057628,5729
2797,"__amd_rocclr_fillBufferAligned.kd",2,8,3127,1261566,1261566,256,256,0,0,12,4,48,64,"0x0","0x7fc36f653580",4181228591073351,4181228591082484,4181228591084447,4181228591085249,1963
2798,"ck_fused_attn::get_runtime_max_seqlen_kernel(unsigned long, int const*, int const*, unsigned long*) [clone .kd]",2,8,3128,1261566,1261566,4096,128,0,0,4,4,32,64,"0x0","0x7faafa570940",4181228591081263,4181228591089855,4181228591095704,4181228591104187,5849
2799,"__amd_rocclr_copyBuffer.kd",2,8,3129,1261566,1261566,512,512,0,0,16,0,32,64,"0x7feb7cde8680","0x7fc36f653600",4181228591088944,4181228591102794,4181228591109244,4181228591109996,6450
2800,"void transformer_engine::fused_attn_rocm::compute_grad_v_kernel<hip_bfloat16, transformer_engine::fused_attn_rocm::SmallSeqConfig<4, 128, 256, false, (transformer_engine::fused_attn_rocm::CausalMaskType)0>, 16, 16>(hip_bfloat16 const*, hip_bfloat16 const*, hip_bfloat16*, int const*, int const*, int, int) [clone .kd]",2,8,3131,1261566,1261566,256000,64,8192,0,32,0,48,64,"0x0","0x7faaf3550f00",4181228591124948,4181228591136565,4181228591248371,4181228591254451,111806
2801,"void transformer_engine::fused_attn_rocm::compute_grad_attn_kernel<hip_bfloat16, transformer_engine::fused_attn_rocm::SmallSeqConfig<4, 128, 256, false, (transformer_engine::fused_attn_rocm::CausalMaskType)0>, 16>(hip_bfloat16 const*, hip_bfloat16 const*, hip_bfloat16*, int const*, int const*, int, int) [clone .kd]",2,8,3132,1261566,1261566,8000,64,0,0,116,4,48,64,"0x0","0x7faaf3550f40",4181228591135834,4181228591248371,4181228591400637,4181228591401199,152266
2802,"void transformer_engine::fused_attn_rocm::softmax_backward_kernel<hip_bfloat16, transformer_engine::fused_attn_rocm::SmallSeqConfig<4, 128, 256, false, (transformer_engine::fused_attn_rocm::CausalMaskType)0> >(hip_bfloat16 const*, hip_bfloat16 const*, hip_bfloat16*, float, int const*, int, int) [clone .kd]",2,8,3133,1261566,1261566,256000,256,1024,0,12,4,16,64,"0x0","0x7faaf3550f80",4181228591144257,4181228591400637,4181228591406326,4181228591409031,5689
2803,"void transformer_engine::fused_attn_rocm::compute_grad_qk_kernel<hip_bfloat16, transformer_engine::fused_attn_rocm::SmallSeqConfig<4, 128, 256, false, (transformer_engine::fused_attn_rocm::CausalMaskType)0>, 4, 16>(hip_bfloat16 const*, hip_bfloat16 const*, hip_bfloat16 const*, hip_bfloat16*, hip_bfloat16*, float, int const*, int const*, int, int) [clone .kd]",2,8,3134,1261566,1261566,1024000,64,8192,0,36,4,48,64,"0x0","0x7faaf3550fc0",4181228591151818,4181228591406326,4181228591521617,4181228591530772,115291
2804,"input_reduce_fusion.kd",2,8,3135,1261566,1261566,524288,256,512,0,16,0,16,64,"0x0","0x7faafa589500",4181228591160501,4181228591521617,4181228591528628,4181228591539715,7011
2805,"input_reduce_fusion_2.kd",2,8,3136,1261566,1261566,128,128,512,0,24,0,16,64,"0x0","0x7faafa589540",4181228591169805,4181228591528628,4181228591534276,4181228591545514,5648
2806,"loop_convert_fusion.kd",2,8,3137,1261566,1261566,1,1,0,0,4,4,16,64,"0x0","0x7faafa589580",4181228591178648,4181228591534276,4181228591538282,4181228591551052,4006
2807,"loop_compare_fusion.kd",2,8,3140,1261566,1261566,16128,256,0,0,4,4,16,64,"0x0","0x7faafa588b00",4181228591280449,4181228591550741,4181228591556750,4181228591557652,6009
2808,"input_reduce_reduce_window_fusion_2.kd",2,8,3141,1261566,1261566,1024,1024,512,0,20,4,48,64,"0x0","0x7faafa588b40",4181228591290534,4181228591556750,4181228591581747,4181228591588658,24997
2809,"loop_reduce_window_fusion_16.kd",2,8,3142,1261566,1261566,1024,256,0,0,8,0,16,64,"0x0","0x7faafa588b80",4181228591297655,4181228591581747,4181228591586434,4181228591595237,4687
2810,"loop_reduce_window_fusion_15.kd",2,8,3143,1261566,1261566,64,64,0,0,8,0,16,64,"0x0","0x7faafa588bc0",4181228591305086,4181228591586434,4181228591591081,4181228591600836,4647
2811,"loop_broadcast_fusion_2.kd",2,8,3144,1261566,1261566,16128,256,0,0,4,4,16,64,"0x0","0x7faafa588c00",4181228591312797,4181228591591081,4181228591595968,4181228591608317,4887
2812,"input_scatter_fusion_2.kd",2,8,3145,1261566,1261566,16128,256,0,0,12,4,32,64,"0x0","0x7faafa588c40",4181228591320419,4181228591595968,4181228591600615,4181228591613975,4647
2813,"loop_reduce_window_fusion_14.kd",2,8,3146,1261566,1261566,16128,256,0,0,8,0,16,64,"0x0","0x7faafa588c80",4181228591329182,4181228591600615,4181228591605382,4181228591619373,4767
2814,"loop_reduce_window_fusion_16.kd",2,8,3147,1261566,1261566,1024,256,0,0,8,0,16,64,"0x0","0x7faafa588b80",4181228591336172,4181228591605382,4181228591610470,4181228591625082,5088
2815,"loop_reduce_window_fusion_15.kd",2,8,3148,1261566,1261566,64,64,0,0,8,0,16,64,"0x0","0x7faafa588bc0",4181228591344144,4181228591610470,4181228591615116,4181228591631261,4646
2816,"loop_select_fusion_4.kd",2,8,3149,1261566,1261566,16128,256,0,0,12,4,32,64,"0x0","0x7faafa588cc0",4181228591351805,4181228591615116,4181228591620004,4181228591636960,4888
2817,"loop_select_fusion_2.kd",2,8,3150,1261566,1261566,16128,256,0,0,4,4,16,64,"0x0","0x7faafa588d00",4181228591359707,4181228591620004,4181228591624651,4181228591642388,4647
2818,"loop_reduce_window_fusion_14.kd",2,8,3151,1261566,1261566,16128,256,0,0,8,0,16,64,"0x0","0x7faafa588c80",4181228591366467,4181228591624651,4181228591629458,4181228591659673,4807
2819,"loop_reduce_window_fusion_16.kd",2,8,3152,1261566,1261566,1024,256,0,0,8,0,16,64,"0x0","0x7faafa588b80",4181228591373307,4181228591629458,4181228591634345,4181228591654265,4887
2820,"loop_reduce_window_fusion_15.kd",2,8,3153,1261566,1261566,64,64,0,0,8,0,16,64,"0x0","0x7faafa588bc0",4181228591379977,4181228591634345,4181228591639032,4181228591648407,4687
2821,"input_concatenate_fusion.kd",2,8,3154,1261566,1261566,16128,256,0,0,12,4,32,64,"0x0","0x7faafa588d40",4181228591387779,4181228591639032,4181228591643959,4181228591682337,4927
2822,"input_reduce_reduce_window_fusion.kd",2,8,3155,1261566,1261566,8192,256,0,0,24,0,48,64,"0x0","0x7faafa588d80",4181228591395530,4181228591643959,4181228591653614,4181228591668396,9655
2823,"loop_reduce_window_fusion_4.kd",2,8,3156,1261566,1261566,1280,256,0,0,8,0,16,64,"0x0","0x7faafa588dc0",4181228591402931,4181228591653614,4181228591658661,4181228591703198,5047
2824,"loop_reduce_window_fusion_3.kd",2,8,3157,1261566,1261566,80,80,0,0,8,0,16,64,"0x0","0x7faafa588e00",4181228591423813,4181228591658661,4181228591663308,4181228591708556,4647
2825,"loop_broadcast_fusion.kd",2,8,3158,1261566,1261566,20224,256,0,0,4,4,16,64,"0x0","0x7faafa588e40",4181228591431594,4181228591663308,4181228591668316,4181228591714164,5008
2826,"input_scatter_fusion.kd",2,8,3159,1261566,1261566,20224,256,0,0,12,4,32,64,"0x0","0x7faafa588e80",4181228591440157,4181228591668316,4181228591672962,4181228591719522,4646
2827,"loop_reduce_window_fusion_2.kd",2,8,3160,1261566,1261566,20224,256,0,0,8,0,16,64,"0x0","0x7faafa588ec0",4181228591447628,4181228591672962,4181228591677810,4181228591725271,4848
2828,"loop_reduce_window_fusion_4.kd",2,8,3161,1261566,1261566,1280,256,0,0,8,0,16,64,"0x0","0x7faafa588dc0",4181228591453737,4181228591677810,4181228591682817,4181228591730589,5007
2829,"loop_reduce_window_fusion_3.kd",2,8,3162,1261566,1261566,80,80,0,0,8,0,16,64,"0x0","0x7faafa588e00",4181228591461388,4181228591682817,4181228591687544,4181228591736588,4727
2830,"loop_remainder_fusion.kd",2,8,3163,1261566,1261566,20224,256,0,0,12,4,32,64,"0x0","0x7faafa588f00",4181228591468058,4181228591687544,4181228591692431,4181228591696478,4887
2831,"input_reduce_fusion_1.kd",2,8,3164,1261566,1261566,64,64,0,0,8,0,16,64,"0x0","0x7faafa588f40",4181228591475850,4181228591692431,4181228591697199,4181228591768455,4768
2832,"loop_select_fusion.kd",2,8,3165,1261566,1261566,20224,256,0,0,8,0,32,64,"0x0","0x7faafa588f80",4181228591482770,4181228591697199,4181228591702246,4181228591774294,5047
2833,"loop_compare_fusion_2.kd",2,8,3166,1261566,1261566,4096,256,0,0,4,4,16,64,"0x0","0x7faafa588fc0",4181228591490181,4181228591702246,4181228591707253,4181228591792160,5007
2834,"input_reduce_reduce_window_fusion_3.kd",2,8,3167,1261566,1261566,256,256,512,0,20,4,32,64,"0x0","0x7faafa589000",4181228591496821,4181228591707253,4181228591723397,4181228591797548,16144
2835,"loop_slice_fusion_1.kd",2,8,3168,1261566,1261566,16,16,0,0,20,4,16,64,"0x0","0x7faafa589040",4181228591504212,4181228591723397,4181228591728124,4181228591802826,4727
2836,"loop_broadcast_fusion_3.kd",2,8,3169,1261566,1261566,4096,256,0,0,4,4,16,64,"0x0","0x7faafa589080",4181228591511643,4181228591728124,4181228591733132,4181228591762787,5008
2837,"input_scatter_fusion_3.kd",2,8,3170,1261566,1261566,4096,256,0,0,8,0,32,64,"0x0","0x7faafa5890c0",4181228591518724,4181228591733132,4181228591739181,4181228591745251,6049
2838,"loop_reduce_window_fusion_18.kd",2,8,3171,1261566,1261566,4096,256,0,0,8,0,16,64,"0x0","0x7faafa589100",4181228591525994,4181228591739181,4181228591744028,4181228591781364,4847
2839,"loop_slice_fusion_1.kd",2,8,3172,1261566,1261566,16,16,0,0,20,4,16,64,"0x0","0x7faafa589040",4181228591532935,4181228591744028,4181228591748835,4181228591786672,4807
2840,"loop_remainder_fusion_1.kd",2,8,3173,1261566,1261566,4096,256,0,0,12,4,16,64,"0x0","0x7faafa589140",4181228591573936,4181228591748835,4181228591755325,4181228591755977,6490
2841,"loop_select_fusion_3.kd",2,8,3174,1261566,1261566,4096,256,0,0,8,0,32,64,"0x0","0x7faafa589180",4181228591586414,4181228591755325,4181228591760132,4181228591823186,4807
2842,"loop_reduce_window_fusion_18.kd",2,8,3175,1261566,1261566,4096,256,0,0,8,0,16,64,"0x0","0x7faafa589100",4181228591679693,4181228591760132,4181228591764899,4181228591829476,4767
2843,"loop_slice_fusion_1.kd",2,8,3176,1261566,1261566,16,16,0,0,20,4,16,64,"0x0","0x7faafa589040",4181228591690499,4181228591764899,4181228591768985,4181228591810738,4086
2844,"input_concatenate_fusion_1.kd",2,8,3177,1261566,1261566,4096,256,0,0,8,0,32,64,"0x0","0x7faafa5891c0",4181228591754935,4181228591817778,4181228591824588,4181228591838139,6810
2845,"loop_compare_fusion_1.kd",2,8,3178,1261566,1261566,8192,256,0,0,4,4,16,64,"0x0","0x7faafa589200",4181228591819821,4181228591829555,4181228591832199,4181228591848845,2644
2846,"input_reduce_reduce_window_fusion_1.kd",2,8,3179,1261566,1261566,512,512,512,0,20,4,48,64,"0x0","0x7faafa589240",4181228591828334,4181228591844778,4181228591862484,4181228591870367,17706
2847,"loop_reduce_window_fusion_8.kd",2,8,3180,1261566,1261566,32,32,0,0,32,0,16,64,"0x0","0x7faafa589280",4181228591846171,4181228591862484,4181228591871538,4181228591875765,9054
2848,"loop_broadcast_fusion_1.kd",2,8,3181,1261566,1261566,8192,256,0,0,4,4,16,64,"0x0","0x7faafa5892c0",4181228591855184,4181228591871538,4181228591876545,4181228591886030,5007
2849,"input_scatter_fusion_1.kd",2,8,3182,1261566,1261566,8192,256,0,0,8,0,32,64,"0x0","0x7faafa589300",4181228591863797,4181228591876545,4181228591884197,4181228591891428,7652
2850,"loop_reduce_window_fusion_7.kd",2,8,3183,1261566,1261566,8192,256,0,0,8,0,16,64,"0x0","0x7faafa589340",4181228591872620,4181228591884197,4181228591888603,4181228591897337,4406
2851,"loop_reduce_window_fusion_6.kd",2,8,3184,1261566,1261566,512,256,0,0,8,0,16,64,"0x0","0x7faafa589380",4181228591881804,4181228591892529,4181228591896775,4181228591905158,4246
2852,"loop_reduce_window_fusion_5.kd",2,8,3185,1261566,1261566,32,32,0,0,8,0,16,64,"0x0","0x7faafa5893c0",4181228591890837,4181228591912278,4181228591916805,4181228591933280,4527
2853,"loop_select_fusion_5.kd",2,8,3186,1261566,1261566,8192,256,0,0,8,0,32,64,"0x0","0x7faafa589400",4181228591931117,4181228591947210,4181228591950495,4181228591952599,3285
2854,"loop_select_fusion_1.kd",2,8,3187,1261566,1261566,8192,256,0,0,8,0,16,64,"0x0","0x7faafa589440",4181228591946490,4181228591955983,4181228591958587,4181228591961783,2604
2855,"loop_broadcast_fusion_4.kd",2,8,3188,1261566,1261566,16,16,0,0,4,4,16,64,"0x0","0x7faafa589480",4181228591954312,4181228591964276,4181228591965918,4181228591967261,1642
2856,"__amd_rocclr_fillBufferAligned.kd",2,8,3189,1261566,1261566,77824,256,0,0,12,4,48,64,"0x0","0x7fc36f653580",4181228591968653,4181228591981021,4181228591995963,4181228591998878,14942
2857,"__amd_rocclr_fillBufferAligned.kd",2,8,3190,1261566,1261566,16128,256,0,0,12,4,48,64,"0x0","0x7fc36f653580",4181228591978588,4181228591995963,4181228592000890,4181228592005648,4927
2858,"transformer_engine::fused_attn_rocm::populate_rng_state_kernel(long*, long const*, long) [clone .kd]",2,8,3191,1261566,1261566,1,1,0,0,8,0,16,64,"0x0","0x7faafa5a5380",4181228591989594,4181228592000890,4181228592005016,4181228592020600,4126
2859,"__amd_rocclr_fillBufferAligned.kd",2,8,3192,1261566,1261566,256,256,0,0,12,4,48,64,"0x0","0x7fc36f653580",4181228591999549,4181228592013990,4181228592015872,4181228592041000,1882
2860,"ck_fused_attn::get_runtime_max_seqlen_kernel(unsigned long, int const*, int const*, unsigned long*) [clone .kd]",2,8,3193,1261566,1261566,4096,128,0,0,4,4,32,64,"0x0","0x7faafa570940",4181228592014842,4181228592024766,4181228592030334,4181228592032778,5568
2861,"__amd_rocclr_copyBuffer.kd",2,8,3194,1261566,1261566,512,512,0,0,16,0,32,64,"0x7feb7cde8480","0x7fc36f653600",4181228592026018,4181228592056333,4181228592063343,4181228592067981,7010
2862,"__amd_rocclr_fillBufferAligned.kd",2,8,3196,1261566,1261566,256,256,0,0,12,4,48,64,"0x0","0x7fc36f653580",4181228592086017,4181228592102521,4181228592104444,4181228592137674,1923
2863,"ck_fused_attn::get_runtime_max_seqlen_kernel(unsigned long, int const*, int const*, unsigned long*) [clone .kd]",2,8,3197,1261566,1261566,4096,128,0,0,4,4,32,64,"0x0","0x7faafa570940",4181228592103874,4181228592112256,4181228592117984,4181228592147879,5728
2864,"__amd_rocclr_copyBuffer.kd",2,8,3198,1261566,1261566,512,512,0,0,16,0,32,64,"0x7feb7cde8380","0x7fc36f653600",4181228592114009,4181228592122711,4181228592128480,4181228592143192,5769
2865,"void transformer_engine::fused_attn_rocm::compute_scores_kernel<hip_bfloat16, transformer_engine::fused_attn_rocm::SmallSeqConfig<4, 128, 256, false, (transformer_engine::fused_attn_rocm::CausalMaskType)0>, 1>(hip_bfloat16 const*, hip_bfloat16 const*, hip_bfloat16*, float, int const*, int const*, int, int) [clone .kd]",2,8,3200,1261566,1261566,64000,64,0,0,112,0,32,64,"0x0","0x7faaf354f440",4181228592159837,4181228592169541,4181228592188489,4181228592188710,18948
2866,"void transformer_engine::fused_attn_rocm::apply_mask_and_softmax_kernel<hip_bfloat16, transformer_engine::fused_attn_rocm::SmallSeqConfig<4, 128, 256, false, (transformer_engine::fused_attn_rocm::CausalMaskType)0> >(hip_bfloat16*, hip_bfloat16 const*, float, int const*, int, int) [clone .kd]",2,8,3201,1261566,1261566,256000,256,1024,0,12,4,16,64,"0x0","0x7faaf354f480",4181228592167118,4181228592188489,4181228592194057,4181228592199546,5568
2867,"void transformer_engine::fused_attn_rocm::compute_output_kernel<hip_bfloat16, transformer_engine::fused_attn_rocm::SmallSeqConfig<4, 128, 256, false, (transformer_engine::fused_attn_rocm::CausalMaskType)0>, 2, 8>(hip_bfloat16 const*, hip_bfloat16 const*, hip_bfloat16*, int const*, int const*, int, int) [clone .kd]",2,8,3202,1261566,1261566,512000,64,8192,0,28,4,48,64,"0x0","0x7faaf354f4c0",4181228592175280,4181228592194057,4181228592243251,4181228592245715,49194
2868,"loop_broadcast_fusion_5.kd",2,8,3203,1261566,1261566,2048000,256,0,0,4,4,16,64,"0x0","0x7faafa5894c0",4181228592191334,4181228592243251,4181228592251703,4181228592253306,8452
2869,"__amd_rocclr_fillBufferAligned.kd",2,8,3204,1261566,1261566,77824,256,0,0,12,4,48,64,"0x0","0x7fc36f653580",4181228592206737,4181228592251703,4181228592258513,4181228592258684,6810
2870,"__amd_rocclr_fillBufferAligned.kd",2,8,3205,1261566,1261566,77824,256,0,0,12,4,48,64,"0x0","0x7fc36f653580",4181228592218575,4181228592258513,4181228592271653,4181228592279695,13140
2871,"__amd_rocclr_fillBufferAligned.kd",2,8,3206,1261566,1261566,77824,256,0,0,12,4,48,64,"0x0","0x7fc36f653580",4181228592224614,4181228592271653,4181228592284672,4181228592287297,13019
2872,"__amd_rocclr_fillBufferAligned.kd",2,8,3207,1261566,1261566,256,256,0,0,12,4,48,64,"0x0","0x7fc36f653580",4181228592231193,4181228592284672,4181228592289399,4181228592293756,4727
2873,"ck_fused_attn::get_runtime_max_seqlen_kernel(unsigned long, int const*, int const*, unsigned long*) [clone .kd]",2,8,3208,1261566,1261566,4096,128,0,0,4,4,32,64,"0x0","0x7faafa570940",4181228592237122,4181228592289399,4181228592295328,4181228592298553,5929
2874,"__amd_rocclr_copyBuffer.kd",2,8,3209,1261566,1261566,512,512,0,0,16,0,32,64,"0x7feb7cde8280","0x7fc36f653600",4181228592245765,4181228592295328,4181228592300696,4181228592304693,5368
2875,"__amd_rocclr_fillBufferAligned.kd",2,8,3211,1261566,1261566,256,256,0,0,12,4,48,64,"0x0","0x7fc36f653580",4181228592320075,4181228592328578,4181228592330661,4181228592335428,2083
2876,"ck_fused_attn::get_runtime_max_seqlen_kernel(unsigned long, int const*, int const*, unsigned long*) [clone .kd]",2,8,3212,1261566,1261566,4096,128,0,0,4,4,32,64,"0x0","0x7faafa570940",4181228592329469,4181228592338312,4181228592344201,4181228592347136,5889
2877,"__amd_rocclr_copyBuffer.kd",2,8,3213,1261566,1261566,512,512,0,0,16,0,32,64,"0x7feb7cc72f80","0x7fc36f653600",4181228592337391,4181228592366354,4181228592372803,4181228592374196,6449
2878,"void transformer_engine::fused_attn_rocm::compute_grad_v_kernel<hip_bfloat16, transformer_engine::fused_attn_rocm::SmallSeqConfig<4, 128, 256, false, (transformer_engine::fused_attn_rocm::CausalMaskType)0>, 16, 16>(hip_bfloat16 const*, hip_bfloat16 const*, hip_bfloat16*, int const*, int const*, int, int) [clone .kd]",2,8,3215,1261566,1261566,256000,64,8192,0,32,0,48,64,"0x0","0x7faaf3550f00",4181228592389469,4181228592399203,4181228592510528,4181228592513693,111325
2879,"void transformer_engine::fused_attn_rocm::compute_grad_attn_kernel<hip_bfloat16, transformer_engine::fused_attn_rocm::SmallSeqConfig<4, 128, 256, false, (transformer_engine::fused_attn_rocm::CausalMaskType)0>, 16>(hip_bfloat16 const*, hip_bfloat16 const*, hip_bfloat16*, int const*, int const*, int, int) [clone .kd]",2,8,3216,1261566,1261566,8000,64,0,0,116,4,48,64,"0x0","0x7faaf3550f40",4181228592398983,4181228592510528,4181228592661032,4181228592670316,150504
2880,"void transformer_engine::fused_attn_rocm::softmax_backward_kernel<hip_bfloat16, transformer_engine::fused_attn_rocm::SmallSeqConfig<4, 128, 256, false, (transformer_engine::fused_attn_rocm::CausalMaskType)0> >(hip_bfloat16 const*, hip_bfloat16 const*, hip_bfloat16*, float, int const*, int, int) [clone .kd]",2,8,3217,1261566,1261566,256000,256,1024,0,12,4,16,64,"0x0","0x7faaf3550f80",4181228592406474,4181228592661032,4181228592666801,4181228592680301,5769
2881,"void transformer_engine::fused_attn_rocm::compute_grad_qk_kernel<hip_bfloat16, transformer_engine::fused_attn_rocm::SmallSeqConfig<4, 128, 256, false, (transformer_engine::fused_attn_rocm::CausalMaskType)0>, 4, 16>(hip_bfloat16 const*, hip_bfloat16 const*, hip_bfloat16 const*, hip_bfloat16*, hip_bfloat16*, float, int const*, int const*, int, int) [clone .kd]",2,8,3218,1261566,1261566,1024000,64,8192,0,36,4,48,64,"0x0","0x7faaf3550fc0",4181228592414526,4181228592666801,4181228592789383,4181228592790135,122582
2882,"input_reduce_fusion.kd",2,8,3219,1261566,1261566,524288,256,512,0,16,0,16,64,"0x0","0x7faafa589500",4181228592422838,4181228592789383,4181228592797835,4181228592798517,8452
2883,"input_reduce_fusion_2.kd",2,8,3220,1261566,1261566,128,128,512,0,24,0,16,64,"0x0","0x7faafa589540",4181228592430219,4181228592797835,4181228592803844,4181228592803905,6009
2884,"loop_convert_fusion.kd",2,8,3221,1261566,1261566,1,1,0,0,4,4,16,64,"0x0","0x7faafa589580",4181228592438041,4181228592803844,4181228592807890,4181228592809844,4046
2885,"loop_compare_fusion.kd",2,8,3224,1261566,1261566,16128,256,0,0,4,4,16,64,"0x0","0x7faafa588b00",4181228592528005,4181228592819147,4181228592825036,4181228592840770,5889
2886,"input_reduce_reduce_window_fusion_2.kd",2,8,3225,1261566,1261566,1024,1024,512,0,20,4,48,64,"0x0","0x7faafa588b40",4181228592537970,4181228592825036,4181228592849913,4181228592851015,24877
2887,"loop_reduce_window_fusion_16.kd",2,8,3226,1261566,1261566,1024,256,0,0,8,0,16,64,"0x0","0x7faafa588b80",4181228592545721,4181228592849913,4181228592854640,4181228592857775,4727
2888,"loop_reduce_window_fusion_15.kd",2,8,3227,1261566,1261566,64,64,0,0,8,0,16,64,"0x0","0x7faafa588bc0",4181228592553963,4181228592854640,4181228592859367,4181228592863944,4727
2889,"loop_broadcast_fusion_2.kd",2,8,3228,1261566,1261566,16128,256,0,0,4,4,16,64,"0x0","0x7faafa588c00",4181228592561935,4181228592859367,4181228592864254,4181228592869613,4887
2890,"input_scatter_fusion_2.kd",2,8,3229,1261566,1261566,16128,256,0,0,12,4,32,64,"0x0","0x7faafa588c40",4181228592569476,4181228592864254,4181228592868901,4181228592877124,4647
2891,"loop_reduce_window_fusion_14.kd",2,8,3230,1261566,1261566,16128,256,0,0,8,0,16,64,"0x0","0x7faafa588c80",4181228592578229,4181228592868901,4181228592873668,4181228592882983,4767
2892,"loop_reduce_window_fusion_16.kd",2,8,3231,1261566,1261566,1024,256,0,0,8,0,16,64,"0x0","0x7faafa588b80",4181228592586311,4181228592873668,4181228592878676,4181228592888701,5008
2893,"loop_reduce_window_fusion_15.kd",2,8,3232,1261566,1261566,64,64,0,0,8,0,16,64,"0x0","0x7faafa588bc0",4181228592593462,4181228592878676,4181228592883282,4181228592894500,4606
2894,"loop_select_fusion_4.kd",2,8,3233,1261566,1261566,16128,256,0,0,12,4,32,64,"0x0","0x7faafa588cc0",4181228592601164,4181228592883282,4181228592888170,4181228592900278,4888
2895,"loop_select_fusion_2.kd",2,8,3234,1261566,1261566,16128,256,0,0,4,4,16,64,"0x0","0x7faafa588d00",4181228592608484,4181228592888170,4181228592892857,4181228592905626,4687
2896,"loop_reduce_window_fusion_14.kd",2,8,3235,1261566,1261566,16128,256,0,0,8,0,16,64,"0x0","0x7faafa588c80",4181228592615805,4181228592892857,4181228592897584,4181228592910964,4727
2897,"loop_reduce_window_fusion_16.kd",2,8,3236,1261566,1261566,1024,256,0,0,8,0,16,64,"0x0","0x7faafa588b80",4181228592622846,4181228592897584,4181228592902391,4181228592916122,4807
2898,"loop_reduce_window_fusion_15.kd",2,8,3237,1261566,1261566,64,64,0,0,8,0,16,64,"0x0","0x7faafa588bc0",4181228592629826,4181228592902391,4181228592906998,4181228592921410,4607
2899,"input_concatenate_fusion.kd",2,8,3238,1261566,1261566,16128,256,0,0,12,4,32,64,"0x0","0x7faafa588d40",4181228592637588,4181228592906998,4181228592911925,4181228592926748,4927
2900,"input_reduce_reduce_window_fusion.kd",2,8,3239,1261566,1261566,8192,256,0,0,24,0,48,64,"0x0","0x7faafa588d80",4181228592644478,4181228592911925,4181228592921499,4181228592952406,9574
2901,"loop_reduce_window_fusion_4.kd",2,8,3240,1261566,1261566,1280,256,0,0,8,0,16,64,"0x0","0x7faafa588dc0",4181228592651799,4181228592921499,4181228592926467,4181228592934990,4968
2902,"loop_reduce_window_fusion_3.kd",2,8,3241,1261566,1261566,80,80,0,0,8,0,16,64,"0x0","0x7faafa588e00",4181228592658559,4181228592926467,4181228592931154,4181228592958475,4687
2903,"loop_broadcast_fusion.kd",2,8,3242,1261566,1261566,20224,256,0,0,4,4,16,64,"0x0","0x7faafa588e40",4181228592665740,4181228592931154,4181228592936161,4181228592965946,5007
2904,"input_scatter_fusion.kd",2,8,3243,1261566,1261566,20224,256,0,0,12,4,32,64,"0x0","0x7faafa588e80",4181228592673491,4181228592936161,4181228592940848,4181228592971825,4687
2905,"loop_reduce_window_fusion_2.kd",2,8,3244,1261566,1261566,20224,256,0,0,8,0,16,64,"0x0","0x7faafa588ec0",4181228592694572,4181228592940848,4181228592945615,4181228592977884,4767
2906,"loop_reduce_window_fusion_4.kd",2,8,3245,1261566,1261566,1280,256,0,0,8,0,16,64,"0x0","0x7faafa588dc0",4181228592702214,4181228592945615,4181228592950703,4181228592983492,5088
2907,"loop_reduce_window_fusion_3.kd",2,8,3246,1261566,1261566,80,80,0,0,8,0,16,64,"0x0","0x7faafa588e00",4181228592709234,4181228592950703,4181228592955430,4181228592989000,4727
2908,"loop_remainder_fusion.kd",2,8,3247,1261566,1261566,20224,256,0,0,12,4,32,64,"0x0","0x7faafa588f00",4181228592717126,4181228592955430,4181228592960317,4181228592994589,4887
2909,"input_reduce_fusion_1.kd",2,8,3248,1261566,1261566,64,64,0,0,8,0,16,64,"0x0","0x7faafa588f40",4181228592724437,4181228592960317,4181228592965004,4181228593000417,4687
2910,"loop_select_fusion.kd",2,8,3249,1261566,1261566,20224,256,0,0,8,0,32,64,"0x0","0x7faafa588f80",4181228592732659,4181228592965004,4181228592969971,4181228593005925,4967
2911,"loop_compare_fusion_2.kd",2,8,3250,1261566,1261566,4096,256,0,0,4,4,16,64,"0x0","0x7faafa588fc0",4181228592739970,4181228592969971,4181228592974939,4181228593011354,4968
2912,"input_reduce_reduce_window_fusion_3.kd",2,8,3251,1261566,1261566,256,256,512,0,20,4,32,64,"0x0","0x7faafa589000",4181228592746920,4181228592974939,4181228592990522,4181228593027948,15583
2913,"loop_slice_fusion_1.kd",2,8,3252,1261566,1261566,16,16,0,0,20,4,16,64,"0x0","0x7faafa589040",4181228592753009,4181228592990522,4181228592995449,4181228593034969,4927
2914,"loop_broadcast_fusion_3.kd",2,8,3253,1261566,1261566,4096,256,0,0,4,4,16,64,"0x0","0x7faafa589080",4181228592760531,4181228592995449,4181228593000457,4181228593046075,5008
2915,"input_scatter_fusion_3.kd",2,8,3254,1261566,1261566,4096,256,0,0,8,0,32,64,"0x0","0x7faafa5890c0",4181228592769153,4181228593000457,4181228593006626,4181228593051153,6169
2916,"loop_reduce_window_fusion_18.kd",2,8,3255,1261566,1261566,4096,256,0,0,8,0,16,64,"0x0","0x7faafa589100",4181228592776985,4181228593006626,4181228593011433,4181228593022630,4807
2917,"loop_slice_fusion_1.kd",2,8,3256,1261566,1261566,16,16,0,0,20,4,16,64,"0x0","0x7faafa589040",4181228592784166,4181228593011433,4181228593016240,4181228593016691,4807
2918,"loop_remainder_fusion_1.kd",2,8,3257,1261566,1261566,4096,256,0,0,12,4,16,64,"0x0","0x7faafa589140",4181228592791697,4181228593016240,4181228593023090,4181228593040397,6850
2919,"loop_select_fusion_3.kd",2,8,3258,1261566,1261566,4096,256,0,0,8,0,32,64,"0x0","0x7faafa589180",4181228592827991,4181228593023090,4181228593027938,4181228593089039,4848
2920,"loop_reduce_window_fusion_18.kd",2,8,3259,1261566,1261566,4096,256,0,0,8,0,16,64,"0x0","0x7faafa589100",4181228592836033,4181228593027938,4181228593032705,4181228593083611,4767
2921,"loop_slice_fusion_1.kd",2,8,3260,1261566,1261566,16,16,0,0,20,4,16,64,"0x0","0x7faafa589040",4181228592843714,4181228593032705,4181228593037512,4181228593059355,4807
2922,"input_concatenate_fusion_1.kd",2,8,3261,1261566,1261566,4096,256,0,0,8,0,32,64,"0x0","0x7faafa5891c0",4181228592852477,4181228593037512,4181228593043361,4181228593070872,5849
2923,"loop_compare_fusion_1.kd",2,8,3262,1261566,1261566,8192,256,0,0,4,4,16,64,"0x0","0x7faafa589200",4181228592945576,4181228593043361,4181228593047727,4181228593077582,4366
2924,"input_reduce_reduce_window_fusion_1.kd",2,8,3263,1261566,1261566,512,512,512,0,20,4,48,64,"0x0","0x7faafa589240",4181228592957153,4181228593071282,4181228593088868,4181228593097031,17586
2925,"loop_reduce_window_fusion_8.kd",2,8,3264,1261566,1261566,32,32,0,0,32,0,16,64,"0x0","0x7faafa589280",4181228593069830,4181228593104411,4181228593116589,4181228593117361,12178
2926,"loop_broadcast_fusion_1.kd",2,8,3265,1261566,1261566,8192,256,0,0,4,4,16,64,"0x0","0x7faafa5892c0",4181228593107276,4181228593116589,4181228593120876,4181228593123961,4287
2927,"input_scatter_fusion_1.kd",2,8,3266,1261566,1261566,8192,256,0,0,8,0,32,64,"0x0","0x7faafa589300",4181228593115538,4181228593138182,4181228593144791,4181228593145203,6609
2928,"loop_reduce_window_fusion_7.kd",2,8,3267,1261566,1261566,8192,256,0,0,8,0,16,64,"0x0","0x7faafa589340",4181228593137431,4181228593148797,4181228593151762,4181228593154837,2965
2929,"loop_reduce_window_fusion_6.kd",2,8,3268,1261566,1261566,512,256,0,0,8,0,16,64,"0x0","0x7faafa589380",4181228593146054,4181228593169308,4181228593174756,4181228593176760,5448
2930,"loop_reduce_window_fusion_5.kd",2,8,3269,1261566,1261566,32,32,0,0,8,0,16,64,"0x0","0x7faafa5893c0",4181228593168778,4181228593179643,4181228593183970,4181228593201677,4327
2931,"loop_select_fusion_5.kd",2,8,3270,1261566,1261566,8192,256,0,0,8,0,32,64,"0x0","0x7faafa589400",4181228593199994,4181228593216137,4181228593219623,4181228593221156,3486
2932,"loop_select_fusion_1.kd",2,8,3271,1261566,1261566,8192,256,0,0,8,0,16,64,"0x0","0x7faafa589440",4181228593215617,4181228593224510,4181228593227394,4181228593228837,2884
2933,"loop_broadcast_fusion_4.kd",2,8,3272,1261566,1261566,16,16,0,0,4,4,16,64,"0x0","0x7faafa589480",4181228593223169,4181228593232081,4181228593233884,4181228593234105,1803
2934,"__amd_rocclr_fillBufferAligned.kd",2,8,3273,1261566,1261566,77824,256,0,0,12,4,48,64,"0x0","0x7fc36f653580",4181228593237179,4181228593247664,4181228593261525,4181228593263949,13861
2935,"__amd_rocclr_fillBufferAligned.kd",2,8,3274,1261566,1261566,16128,256,0,0,12,4,48,64,"0x0","0x7fc36f653580",4181228593245672,4181228593261525,4181228593266452,4181228593270970,4927
2936,"transformer_engine::fused_attn_rocm::populate_rng_state_kernel(long*, long const*, long) [clone .kd]",2,8,3275,1261566,1261566,1,1,0,0,8,0,16,64,"0x0","0x7faafa5a5380",4181228593255537,4181228593266452,4181228593270578,4181228593278992,4126
2937,"__amd_rocclr_fillBufferAligned.kd",2,8,3276,1261566,1261566,256,256,0,0,12,4,48,64,"0x0","0x7fc36f653580",4181228593264520,4181228593285200,4181228593287283,4181228593296317,2083
2938,"ck_fused_attn::get_runtime_max_seqlen_kernel(unsigned long, int const*, int const*, unsigned long*) [clone .kd]",2,8,3277,1261566,1261566,4096,128,0,0,4,4,32,64,"0x0","0x7faafa570940",4181228593285331,4181228593296457,4181228593302426,4181228593305361,5969
2939,"__amd_rocclr_copyBuffer.kd",2,8,3278,1261566,1261566,512,512,0,0,16,0,32,64,"0x7feb7cde9f80","0x7fc36f653600",4181228593296087,4181228593312921,4181228593318970,4181228593321084,6049
2940,"__amd_rocclr_fillBufferAligned.kd",2,8,3280,1261566,1261566,256,256,0,0,12,4,48,64,"0x0","0x7fc36f653580",4181228593337188,4181228593347613,4181228593349576,4181228593386832,1963
2941,"ck_fused_attn::get_runtime_max_seqlen_kernel(unsigned long, int const*, int const*, unsigned long*) [clone .kd]",2,8,3281,1261566,1261566,4096,128,0,0,4,4,32,64,"0x0","0x7faafa570940",4181228593348214,4181228593356707,4181228593362595,4181228593397578,5888
2942,"__amd_rocclr_copyBuffer.kd",2,8,3282,1261566,1261566,512,512,0,0,16,0,32,64,"0x7feb7cc76f80","0x7fc36f653600",4181228593359251,4181228593367322,4181228593373892,4181228593392520,6570
2943,"void transformer_engine::fused_attn_rocm::compute_scores_kernel<hip_bfloat16, transformer_engine::fused_attn_rocm::SmallSeqConfig<4, 128, 256, false, (transformer_engine::fused_attn_rocm::CausalMaskType)0>, 1>(hip_bfloat16 const*, hip_bfloat16 const*, hip_bfloat16*, float, int const*, int const*, int, int) [clone .kd]",2,8,3284,1261566,1261566,64000,64,0,0,112,0,32,64,"0x0","0x7faaf354f440",4181228593408704,4181228593417878,4181228593436505,4181228593444017,18627
2944,"void transformer_engine::fused_attn_rocm::apply_mask_and_softmax_kernel<hip_bfloat16, transformer_engine::fused_attn_rocm::SmallSeqConfig<4, 128, 256, false, (transformer_engine::fused_attn_rocm::CausalMaskType)0> >(hip_bfloat16*, hip_bfloat16 const*, float, int const*, int, int) [clone .kd]",2,8,3285,1261566,1261566,256000,256,1024,0,12,4,16,64,"0x0","0x7faaf354f480",4181228593416236,4181228593436505,4181228593443716,4181228593450266,7211
2945,"void transformer_engine::fused_attn_rocm::compute_output_kernel<hip_bfloat16, transformer_engine::fused_attn_rocm::SmallSeqConfig<4, 128, 256, false, (transformer_engine::fused_attn_rocm::CausalMaskType)0>, 2, 8>(hip_bfloat16 const*, hip_bfloat16 const*, hip_bfloat16*, int const*, int const*, int, int) [clone .kd]",2,8,3286,1261566,1261566,512000,64,8192,0,28,4,48,64,"0x0","0x7faaf354f4c0",4181228593432500,4181228593443716,4181228593494071,4181228593496315,50355
2946,"loop_broadcast_fusion_5.kd",2,8,3287,1261566,1261566,2048000,256,0,0,4,4,16,64,"0x0","0x7faafa5894c0",4181228593446471,4181228593494071,4181228593502523,4181228593503806,8452
2947,"__amd_rocclr_fillBufferAligned.kd",2,8,3288,1261566,1261566,77824,256,0,0,12,4,48,64,"0x0","0x7fc36f653580",4181228593460592,4181228593502523,4181228593509334,4181228593509444,6811
2948,"__amd_rocclr_fillBufferAligned.kd",2,8,3289,1261566,1261566,77824,256,0,0,12,4,48,64,"0x0","0x7fc36f653580",4181228593468013,4181228593509334,4181228593522313,4181228593528733,12979
2949,"__amd_rocclr_fillBufferAligned.kd",2,8,3290,1261566,1261566,77824,256,0,0,12,4,48,64,"0x0","0x7fc36f653580",4181228593474462,4181228593522313,4181228593535212,4181228593544777,12899
2950,"__amd_rocclr_fillBufferAligned.kd",2,8,3291,1261566,1261566,256,256,0,0,12,4,48,64,"0x0","0x7fc36f653580",4181228593481633,4181228593535212,4181228593540019,4181228593540070,4807
2951,"ck_fused_attn::get_runtime_max_seqlen_kernel(unsigned long, int const*, int const*, unsigned long*) [clone .kd]",2,8,3292,1261566,1261566,4096,128,0,0,4,4,32,64,"0x0","0x7faafa570940",4181228593487952,4181228593540019,4181228593545908,4181228593551427,5889
2952,"__amd_rocclr_copyBuffer.kd",2,8,3293,1261566,1261566,512,512,0,0,16,0,32,64,"0x7feb7cc73980","0x7fc36f653600",4181228593495313,4181228593545908,4181228593551316,4181228593555833,5408
2953,"__amd_rocclr_fillBufferAligned.kd",2,8,3295,1261566,1261566,256,256,0,0,12,4,48,64,"0x0","0x7fc36f653580",4181228593573560,4181228593583844,4181228593586048,4181228593586038,2204
2954,"ck_fused_attn::get_runtime_max_seqlen_kernel(unsigned long, int const*, int const*, unsigned long*) [clone .kd]",2,8,3296,1261566,1261566,4096,128,0,0,4,4,32,64,"0x0","0x7faafa570940",4181228593582453,4181228593591255,4181228593597224,4181228593605287,5969
2955,"__amd_rocclr_copyBuffer.kd",2,8,3297,1261566,1261566,512,512,0,0,16,0,32,64,"0x7feb7cc77380","0x7fc36f653600",4181228593590545,4181228593603914,4181228593610404,4181228593611476,6490
2956,"void transformer_engine::fused_attn_rocm::compute_grad_v_kernel<hip_bfloat16, transformer_engine::fused_attn_rocm::SmallSeqConfig<4, 128, 256, false, (transformer_engine::fused_attn_rocm::CausalMaskType)0>, 16, 16>(hip_bfloat16 const*, hip_bfloat16 const*, hip_bfloat16*, int const*, int const*, int, int) [clone .kd]",2,8,3299,1261566,1261566,256000,64,8192,0,32,0,48,64,"0x0","0x7faaf3550f00",4181228593627129,4181228593638085,4181228593749931,4181228593756422,111846
2957,"void transformer_engine::fused_attn_rocm::compute_grad_attn_kernel<hip_bfloat16, transformer_engine::fused_attn_rocm::SmallSeqConfig<4, 128, 256, false, (transformer_engine::fused_attn_rocm::CausalMaskType)0>, 16>(hip_bfloat16 const*, hip_bfloat16 const*, hip_bfloat16*, int const*, int const*, int, int) [clone .kd]",2,8,3300,1261566,1261566,8000,64,0,0,116,4,48,64,"0x0","0x7faaf3550f40",4181228593636493,4181228593749931,4181228593901437,4181228593906985,151506
2958,"void transformer_engine::fused_attn_rocm::softmax_backward_kernel<hip_bfloat16, transformer_engine::fused_attn_rocm::SmallSeqConfig<4, 128, 256, false, (transformer_engine::fused_attn_rocm::CausalMaskType)0> >(hip_bfloat16 const*, hip_bfloat16 const*, hip_bfloat16*, float, int const*, int, int) [clone .kd]",2,8,3301,1261566,1261566,256000,256,1024,0,12,4,16,64,"0x0","0x7faaf3550f80",4181228593644976,4181228593901437,4181228593907245,4181228593913846,5808
2959,"void transformer_engine::fused_attn_rocm::compute_grad_qk_kernel<hip_bfloat16, transformer_engine::fused_attn_rocm::SmallSeqConfig<4, 128, 256, false, (transformer_engine::fused_attn_rocm::CausalMaskType)0>, 4, 16>(hip_bfloat16 const*, hip_bfloat16 const*, hip_bfloat16 const*, hip_bfloat16*, hip_bfloat16*, float, int const*, int const*, int, int) [clone .kd]",2,8,3302,1261566,1261566,1024000,64,8192,0,36,4,48,64,"0x0","0x7faaf3550fc0",4181228593654109,4181228593907245,4181228594024700,4181228594030389,117455
2960,"input_reduce_fusion.kd",2,8,3303,1261566,1261566,524288,256,512,0,16,0,16,64,"0x0","0x7faafa589500",4181228593662372,4181228594024700,4181228594032151,4181228594039232,7451
2961,"input_reduce_fusion_2.kd",2,8,3304,1261566,1261566,128,128,512,0,24,0,16,64,"0x0","0x7faafa589540",4181228593670273,4181228594032151,4181228594038000,4181228594044129,5849
2962,"loop_convert_fusion.kd",2,8,3305,1261566,1261566,1,1,0,0,4,4,16,64,"0x0","0x7faafa589580",4181228593678566,4181228594038000,4181228594042366,4181228594056858,4366
2963,"loop_compare_fusion.kd",2,8,3308,1261566,1261566,16128,256,0,0,4,4,16,64,"0x0","0x7faafa588b00",4181228593768540,4181228594057028,4181228594062997,4181228594064530,5969
2964,"input_reduce_reduce_window_fusion_2.kd",2,8,3309,1261566,1261566,1024,1024,512,0,20,4,48,64,"0x0","0x7faafa588b40",4181228593778675,4181228594062997,4181228594088194,4181228594088796,25197
2965,"loop_reduce_window_fusion_16.kd",2,8,3310,1261566,1261566,1024,256,0,0,8,0,16,64,"0x0","0x7faafa588b80",4181228593786116,4181228594088194,4181228594093002,4181228594097599,4808
2966,"loop_reduce_window_fusion_15.kd",2,8,3311,1261566,1261566,64,64,0,0,8,0,16,64,"0x0","0x7faafa588bc0",4181228593793907,4181228594093002,4181228594097689,4181228594103408,4687
2967,"loop_broadcast_fusion_2.kd",2,8,3312,1261566,1261566,16128,256,0,0,4,4,16,64,"0x0","0x7faafa588c00",4181228593801268,4181228594097689,4181228594102616,4181228594108936,4927
2968,"input_scatter_fusion_2.kd",2,8,3313,1261566,1261566,16128,256,0,0,12,4,32,64,"0x0","0x7faafa588c40",4181228593809651,4181228594102616,4181228594107223,4181228594114284,4607
2969,"loop_reduce_window_fusion_14.kd",2,8,3314,1261566,1261566,16128,256,0,0,8,0,16,64,"0x0","0x7faafa588c80",4181228593817462,4181228594107223,4181228594111990,4181228594119682,4767
2970,"loop_reduce_window_fusion_16.kd",2,8,3315,1261566,1261566,1024,256,0,0,8,0,16,64,"0x0","0x7faafa588b80",4181228593824953,4181228594111990,4181228594116997,4181228594126963,5007
2971,"loop_reduce_window_fusion_15.kd",2,8,3316,1261566,1261566,64,64,0,0,8,0,16,64,"0x0","0x7faafa588bc0",4181228593831804,4181228594116997,4181228594121604,4181228594133012,4607
2972,"loop_select_fusion_4.kd",2,8,3317,1261566,1261566,16128,256,0,0,12,4,32,64,"0x0","0x7faafa588cc0",4181228593839886,4181228594121604,4181228594126491,4181228594138390,4887
2973,"loop_select_fusion_2.kd",2,8,3318,1261566,1261566,16128,256,0,0,4,4,16,64,"0x0","0x7faafa588d00",4181228593847487,4181228594126491,4181228594131178,4181228594143778,4687
2974,"loop_reduce_window_fusion_14.kd",2,8,3319,1261566,1261566,16128,256,0,0,8,0,16,64,"0x0","0x7faafa588c80",4181228593853987,4181228594131178,4181228594135905,4181228594149156,4727
2975,"loop_reduce_window_fusion_16.kd",2,8,3320,1261566,1261566,1024,256,0,0,8,0,16,64,"0x0","0x7faafa588b80",4181228593860777,4181228594135905,4181228594140793,4181228594154764,4888
2976,"loop_reduce_window_fusion_15.kd",2,8,3321,1261566,1261566,64,64,0,0,8,0,16,64,"0x0","0x7faafa588bc0",4181228593867817,4181228594140793,4181228594145440,4181228594160522,4647
2977,"input_concatenate_fusion.kd",2,8,3322,1261566,1261566,16128,256,0,0,12,4,32,64,"0x0","0x7faafa588d40",4181228593874748,4181228594145440,4181228594150407,4181228594166151,4967
2978,"input_reduce_reduce_window_fusion.kd",2,8,3323,1261566,1261566,8192,256,0,0,24,0,48,64,"0x0","0x7faafa588d80",4181228593881648,4181228594150407,4181228594160181,4181228594193582,9774
2979,"loop_reduce_window_fusion_4.kd",2,8,3324,1261566,1261566,1280,256,0,0,8,0,16,64,"0x0","0x7faafa588dc0",4181228593889179,4181228594160181,4181228594165149,4181228594180582,4968
2980,"loop_reduce_window_fusion_3.kd",2,8,3325,1261566,1261566,80,80,0,0,8,0,16,64,"0x0","0x7faafa588e00",4181228593896259,4181228594165149,4181228594169796,4181228594171679,4647
2981,"loop_broadcast_fusion.kd",2,8,3326,1261566,1261566,20224,256,0,0,4,4,16,64,"0x0","0x7faafa588e40",4181228593903090,4181228594169796,4181228594174803,4181228594200031,5007
2982,"input_scatter_fusion.kd",2,8,3327,1261566,1261566,20224,256,0,0,12,4,32,64,"0x0","0x7faafa588e80",4181228593910441,4181228594174803,4181228594179450,4181228594211058,4647
2983,"loop_reduce_window_fusion_2.kd",2,8,3328,1261566,1261566,20224,256,0,0,8,0,16,64,"0x0","0x7faafa588ec0",4181228593919965,4181228594179450,4181228594184217,4181228594219130,4767
2984,"loop_reduce_window_fusion_4.kd",2,8,3329,1261566,1261566,1280,256,0,0,8,0,16,64,"0x0","0x7faafa588dc0",4181228593927626,4181228594184217,4181228594189385,4181228594225229,5168
2985,"loop_reduce_window_fusion_3.kd",2,8,3330,1261566,1261566,80,80,0,0,8,0,16,64,"0x0","0x7faafa588e00",4181228593935247,4181228594189385,4181228594194072,4181228594230787,4687
2986,"loop_remainder_fusion.kd",2,8,3331,1261566,1261566,20224,256,0,0,12,4,32,64,"0x0","0x7faafa588f00",4181228593942498,4181228594194072,4181228594198999,4181228594236445,4927
2987,"input_reduce_fusion_1.kd",2,8,3332,1261566,1261566,64,64,0,0,8,0,16,64,"0x0","0x7faafa588f40",4181228593950831,4181228594198999,4181228594203686,4181228594243205,4687
2988,"loop_select_fusion.kd",2,8,3333,1261566,1261566,20224,256,0,0,8,0,32,64,"0x0","0x7faafa588f80",4181228593959764,4181228594203686,4181228594208654,4181228594249004,4968
2989,"loop_compare_fusion_2.kd",2,8,3334,1261566,1261566,4096,256,0,0,4,4,16,64,"0x0","0x7faafa588fc0",4181228593967315,4181228594208654,4181228594213541,4181228594254632,4887
2990,"input_reduce_reduce_window_fusion_3.kd",2,8,3335,1261566,1261566,256,256,512,0,20,4,32,64,"0x0","0x7faafa589000",4181228593975207,4181228594213541,4181228594229805,4181228594291447,16264
2991,"loop_slice_fusion_1.kd",2,8,3336,1261566,1261566,16,16,0,0,20,4,16,64,"0x0","0x7faafa589040",4181228593981667,4181228594229805,4181228594234492,4181228594302243,4687
2992,"loop_broadcast_fusion_3.kd",2,8,3337,1261566,1261566,4096,256,0,0,4,4,16,64,"0x0","0x7faafa589080",4181228593988687,4181228594234492,4181228594239379,4181228594308292,4887
2993,"input_scatter_fusion_3.kd",2,8,3338,1261566,1261566,4096,256,0,0,8,0,32,64,"0x0","0x7faafa5890c0",4181228593995818,4181228594239379,4181228594245308,4181228594313941,5929
2994,"loop_reduce_window_fusion_18.kd",2,8,3339,1261566,1261566,4096,256,0,0,8,0,16,64,"0x0","0x7faafa589100",4181228594003249,4181228594245308,4181228594250195,4181228594319289,4887
2995,"loop_slice_fusion_1.kd",2,8,3340,1261566,1261566,16,16,0,0,20,4,16,64,"0x0","0x7faafa589040",4181228594010119,4181228594250195,4181228594255083,4181228594260631,4888
2996,"loop_remainder_fusion_1.kd",2,8,3341,1261566,1261566,4096,256,0,0,12,4,16,64,"0x0","0x7faafa589140",4181228594017249,4181228594255083,4181228594261532,4181228594395883,6449
2997,"loop_select_fusion_3.kd",2,8,3342,1261566,1261566,4096,256,0,0,8,0,32,64,"0x0","0x7faafa589180",4181228594025862,4181228594261532,4181228594266299,4181228594266620,4767
2998,"loop_reduce_window_fusion_18.kd",2,8,3343,1261566,1261566,4096,256,0,0,8,0,16,64,"0x0","0x7faafa589100",4181228594032402,4181228594266299,4181228594271106,4181228594272269,4807
2999,"loop_slice_fusion_1.kd",2,8,3344,1261566,1261566,16,16,0,0,20,4,16,64,"0x0","0x7faafa589040",4181228594051711,4181228594271106,4181228594275914,4181228594277917,4808
3000,"input_concatenate_fusion_1.kd",2,8,3345,1261566,1261566,4096,256,0,0,8,0,32,64,"0x0","0x7faafa5891c0",4181228594061125,4181228594275914,4181228594281842,4181228594283686,5928
3001,"loop_compare_fusion_1.kd",2,8,3346,1261566,1261566,8192,256,0,0,4,4,16,64,"0x0","0x7faafa589200",4181228594071700,4181228594281842,4181228594286930,4181228594296665,5088
3002,"input_reduce_reduce_window_fusion_1.kd",2,8,3347,1261566,1261566,512,512,512,0,20,4,48,64,"0x0","0x7faafa589240",4181228594080934,4181228594286930,4181228594304276,4181228594327070,17346
3003,"loop_reduce_window_fusion_8.kd",2,8,3348,1261566,1261566,32,32,0,0,32,0,16,64,"0x0","0x7faafa589280",4181228594089216,4181228594304276,4181228594313009,4181228594403003,8733
3004,"loop_broadcast_fusion_1.kd",2,8,3349,1261566,1261566,8192,256,0,0,4,4,16,64,"0x0","0x7faafa5892c0",4181228594189956,4181228594313009,4181228594318016,4181228594390264,5007
3005,"input_scatter_fusion_1.kd",2,8,3350,1261566,1261566,8192,256,0,0,8,0,32,64,"0x0","0x7faafa589300",4181228594207372,4181228594318016,4181228594323585,4181228594384506,5569
3006,"loop_reduce_window_fusion_7.kd",2,8,3351,1261566,1261566,8192,256,0,0,8,0,16,64,"0x0","0x7faafa589340",4181228594215875,4181228594323585,4181228594328712,4181228594377896,5127
3007,"loop_reduce_window_fusion_6.kd",2,8,3352,1261566,1261566,512,256,0,0,8,0,16,64,"0x0","0x7faafa589380",4181228594226070,4181228594328712,4181228594333599,4181228594371977,4887
3008,"loop_reduce_window_fusion_5.kd",2,8,3353,1261566,1261566,32,32,0,0,8,0,16,64,"0x0","0x7faafa5893c0",4181228594235664,4181228594338246,4181228594342573,4181228594361251,4327
3009,"loop_select_fusion_5.kd",2,8,3354,1261566,1261566,8192,256,0,0,8,0,32,64,"0x0","0x7faafa589400",4181228594358357,4181228594369092,4181228594372617,4181228594411315,3525
3010,"loop_select_fusion_1.kd",2,8,3355,1261566,1261566,8192,256,0,0,8,0,16,64,"0x0","0x7faafa589440",4181228594368051,4181228594376984,4181228594379908,4181228594416994,2924
3011,"loop_broadcast_fusion_4.kd",2,8,3356,1261566,1261566,16,16,0,0,4,4,16,64,"0x0","0x7faafa589480",4181228594376934,4181228594417885,4181228594419768,4181228594435682,1883
3012,"__amd_rocclr_fillBufferAligned.kd",2,8,3357,1261566,1261566,77824,256,0,0,12,4,48,64,"0x0","0x7fc36f653580",4181228594424946,4181228594442521,4181228594457784,4181228594458115,15263
3013,"__amd_rocclr_fillBufferAligned.kd",2,8,3358,1261566,1261566,16128,256,0,0,12,4,48,64,"0x0","0x7fc36f653580",4181228594440078,4181228594457784,4181228594462751,4181228594463323,4967
3014,"transformer_engine::fused_attn_rocm::populate_rng_state_kernel(long*, long const*, long) [clone .kd]",2,8,3359,1261566,1261566,1,1,0,0,8,0,16,64,"0x0","0x7faafa5a5380",4181228594453158,4181228594462751,4181228594466878,4181228594472316,4127
3015,"__amd_rocclr_fillBufferAligned.kd",2,8,3360,1261566,1261566,256,256,0,0,12,4,48,64,"0x0","0x7fc36f653580",4181228594464274,4181228594478054,4181228594480017,4181228594481420,1963
3016,"ck_fused_attn::get_runtime_max_seqlen_kernel(unsigned long, int const*, int const*, unsigned long*) [clone .kd]",2,8,3361,1261566,1261566,4096,128,0,0,4,4,32,64,"0x0","0x7faafa570940",4181228594477354,4181228594487188,4181228594492796,4181228594500768,5608
3017,"__amd_rocclr_copyBuffer.kd",2,8,3362,1261566,1261566,512,512,0,0,16,0,32,64,"0x7feb7cc76e00","0x7fc36f653600",4181228594486998,4181228594497764,4181228594504293,4181228594506477,6529
3018,"__amd_rocclr_fillBufferAligned.kd",2,8,3364,1261566,1261566,256,256,0,0,12,4,48,64,"0x0","0x7fc36f653580",4181228594524053,4181228594532575,4181228594534498,4181228594564744,1923
3019,"ck_fused_attn::get_runtime_max_seqlen_kernel(unsigned long, int const*, int const*, unsigned long*) [clone .kd]",2,8,3365,1261566,1261566,4096,128,0,0,4,4,32,64,"0x0","0x7faafa570940",4181228594534388,4181228594542831,4181228594548559,4181228594577112,5728
3020,"__amd_rocclr_copyBuffer.kd",2,8,3366,1261566,1261566,512,512,0,0,16,0,32,64,"0x7feb7cc72b80","0x7fc36f653600",4181228594541900,4181228594553366,4181228594559015,4181228594570142,5649
3021,"void transformer_engine::fused_attn_rocm::compute_scores_kernel<hip_bfloat16, transformer_engine::fused_attn_rocm::SmallSeqConfig<4, 128, 256, false, (transformer_engine::fused_attn_rocm::CausalMaskType)0>, 1>(hip_bfloat16 const*, hip_bfloat16 const*, hip_bfloat16*, float, int const*, int const*, int, int) [clone .kd]",2,8,3368,1261566,1261566,64000,64,0,0,112,0,32,64,"0x0","0x7faaf354f440",4181228594585785,4181228594595068,4181228594614617,4181228594615279,19549
3022,"void transformer_engine::fused_attn_rocm::apply_mask_and_softmax_kernel<hip_bfloat16, transformer_engine::fused_attn_rocm::SmallSeqConfig<4, 128, 256, false, (transformer_engine::fused_attn_rocm::CausalMaskType)0> >(hip_bfloat16*, hip_bfloat16 const*, float, int const*, int, int) [clone .kd]",2,8,3369,1261566,1261566,256000,256,1024,0,12,4,16,64,"0x0","0x7faaf354f480",4181228594593627,4181228594614617,4181228594620626,4181228594621047,6009
3023,"void transformer_engine::fused_attn_rocm::compute_output_kernel<hip_bfloat16, transformer_engine::fused_attn_rocm::SmallSeqConfig<4, 128, 256, false, (transformer_engine::fused_attn_rocm::CausalMaskType)0>, 2, 8>(hip_bfloat16 const*, hip_bfloat16 const*, hip_bfloat16*, int const*, int const*, int, int) [clone .kd]",2,8,3370,1261566,1261566,512000,64,8192,0,28,4,48,64,"0x0","0x7faaf354f4c0",4181228594609881,4181228594620626,4181228594667376,4181228594676850,46750
3024,"loop_broadcast_fusion_5.kd",2,8,3371,1261566,1261566,2048000,256,0,0,4,4,16,64,"0x0","0x7faafa5894c0",4181228594617903,4181228594667376,4181228594675828,4181228594683871,8452
3025,"__amd_rocclr_fillBufferAligned.kd",2,8,3372,1261566,1261566,77824,256,0,0,12,4,48,64,"0x0","0x7fc36f653580",4181228594631934,4181228594675828,4181228594682719,4181228594688808,6891
3026,"__amd_rocclr_fillBufferAligned.kd",2,8,3373,1261566,1261566,77824,256,0,0,12,4,48,64,"0x0","0x7fc36f653580",4181228594637932,4181228594682719,4181228594695738,4181228594696690,13019
3027,"__amd_rocclr_fillBufferAligned.kd",2,8,3374,1261566,1261566,77824,256,0,0,12,4,48,64,"0x0","0x7fc36f653580",4181228594645874,4181228594695738,4181228594708717,4181228594711902,12979
3028,"__amd_rocclr_fillBufferAligned.kd",2,8,3375,1261566,1261566,256,256,0,0,12,4,48,64,"0x0","0x7fc36f653580",4181228594654227,4181228594708717,4181228594713484,4181228594718252,4767
3029,"ck_fused_attn::get_runtime_max_seqlen_kernel(unsigned long, int const*, int const*, unsigned long*) [clone .kd]",2,8,3376,1261566,1261566,4096,128,0,0,4,4,32,64,"0x0","0x7faafa570940",4181228594660135,4181228594713484,4181228594719413,4181228594732653,5929
3030,"__amd_rocclr_copyBuffer.kd",2,8,3377,1261566,1261566,512,512,0,0,16,0,32,64,"0x7feb7cde9880","0x7fc36f653600",4181228594669529,4181228594719413,4181228594725142,4181228594725623,5729
3031,"__amd_rocclr_fillBufferAligned.kd",2,8,3379,1261566,1261566,256,256,0,0,12,4,48,64,"0x0","0x7fc36f653580",4181228594745082,4181228594758832,4181228594760795,4181228594762748,1963
3032,"ck_fused_attn::get_runtime_max_seqlen_kernel(unsigned long, int const*, int const*, unsigned long*) [clone .kd]",2,8,3380,1261566,1261566,4096,128,0,0,4,4,32,64,"0x0","0x7faafa570940",4181228594757370,4181228594765842,4181228594771611,4181228594771962,5769
3033,"__amd_rocclr_copyBuffer.kd",2,8,3381,1261566,1261566,512,512,0,0,16,0,32,64,"0x7feb7cde9780","0x7fc36f653600",4181228594764360,4181228594778461,4181228594784830,4181228594787124,6369
3034,"void transformer_engine::fused_attn_rocm::compute_grad_v_kernel<hip_bfloat16, transformer_engine::fused_attn_rocm::SmallSeqConfig<4, 128, 256, false, (transformer_engine::fused_attn_rocm::CausalMaskType)0>, 16, 16>(hip_bfloat16 const*, hip_bfloat16 const*, hip_bfloat16*, int const*, int const*, int, int) [clone .kd]",2,8,3383,1261566,1261566,256000,64,8192,0,32,0,48,64,"0x0","0x7faaf3550f00",4181228594802647,4181228594812712,4181228594927362,4181228594929997,114650
3035,"void transformer_engine::fused_attn_rocm::compute_grad_attn_kernel<hip_bfloat16, transformer_engine::fused_attn_rocm::SmallSeqConfig<4, 128, 256, false, (transformer_engine::fused_attn_rocm::CausalMaskType)0>, 16>(hip_bfloat16 const*, hip_bfloat16 const*, hip_bfloat16*, int const*, int const*, int, int) [clone .kd]",2,8,3384,1261566,1261566,8000,64,0,0,116,4,48,64,"0x0","0x7faaf3550f40",4181228594810619,4181228594927362,4181228595078307,4181228595085879,150945
3036,"void transformer_engine::fused_attn_rocm::softmax_backward_kernel<hip_bfloat16, transformer_engine::fused_attn_rocm::SmallSeqConfig<4, 128, 256, false, (transformer_engine::fused_attn_rocm::CausalMaskType)0> >(hip_bfloat16 const*, hip_bfloat16 const*, hip_bfloat16*, float, int const*, int, int) [clone .kd]",2,8,3385,1261566,1261566,256000,256,1024,0,12,4,16,64,"0x0","0x7faaf3550f80",4181228594820574,4181228595078307,4181228595084076,4181228595094201,5769
3037,"void transformer_engine::fused_attn_rocm::compute_grad_qk_kernel<hip_bfloat16, transformer_engine::fused_attn_rocm::SmallSeqConfig<4, 128, 256, false, (transformer_engine::fused_attn_rocm::CausalMaskType)0>, 4, 16>(hip_bfloat16 const*, hip_bfloat16 const*, hip_bfloat16 const*, hip_bfloat16*, hip_bfloat16*, float, int const*, int const*, int, int) [clone .kd]",2,8,3386,1261566,1261566,1024000,64,8192,0,36,4,48,64,"0x0","0x7faaf3550fc0",4181228594830218,4181228595084076,4181228595200849,4181228595201130,116773
3038,"input_reduce_fusion.kd",2,8,3387,1261566,1261566,524288,256,512,0,16,0,16,64,"0x0","0x7faafa589500",4181228594838871,4181228595200849,4181228595208020,4181228595213889,7171
3039,"input_reduce_fusion_2.kd",2,8,3388,1261566,1261566,128,128,512,0,24,0,16,64,"0x0","0x7faafa589540",4181228594845491,4181228595208020,4181228595213548,4181228595219738,5528
3040,"loop_convert_fusion.kd",2,8,3389,1261566,1261566,1,1,0,0,4,4,16,64,"0x0","0x7faafa589580",4181228594852401,4181228595213548,4181228595217714,4181228595225516,4166
3041,"loop_compare_fusion.kd",2,8,3392,1261566,1261566,16128,256,0,0,4,4,16,64,"0x0","0x7faafa588b00",4181228594943918,4181228595230333,4181228595236142,4181228595238686,5809
3042,"input_reduce_reduce_window_fusion_2.kd",2,8,3393,1261566,1261566,1024,1024,512,0,20,4,48,64,"0x0","0x7faafa588b40",4181228594953802,4181228595236142,4181228595260858,4181228595274269,24716
3043,"loop_reduce_window_fusion_16.kd",2,8,3394,1261566,1261566,1024,256,0,0,8,0,16,64,"0x0","0x7faafa588b80",4181228594961674,4181228595260858,4181228595265585,4181228595280238,4727
3044,"loop_reduce_window_fusion_15.kd",2,8,3395,1261566,1261566,64,64,0,0,8,0,16,64,"0x0","0x7faafa588bc0",4181228594969155,4181228595265585,4181228595270192,4181228595285706,4607
3045,"loop_broadcast_fusion_2.kd",2,8,3396,1261566,1261566,16128,256,0,0,4,4,16,64,"0x0","0x7faafa588c00",4181228594976786,4181228595270192,4181228595275080,4181228595292276,4888
3046,"input_scatter_fusion_2.kd",2,8,3397,1261566,1261566,16128,256,0,0,12,4,32,64,"0x0","0x7faafa588c40",4181228594985079,4181228595275080,4181228595279767,4181228595297784,4687
3047,"loop_reduce_window_fusion_14.kd",2,8,3398,1261566,1261566,16128,256,0,0,8,0,16,64,"0x0","0x7faafa588c80",4181228594993271,4181228595279767,4181228595284534,4181228595303202,4767
3048,"loop_reduce_window_fusion_16.kd",2,8,3399,1261566,1261566,1024,256,0,0,8,0,16,64,"0x0","0x7faafa588b80",4181228595000301,4181228595284534,4181228595289621,4181228595309000,5087
3049,"loop_reduce_window_fusion_15.kd",2,8,3400,1261566,1261566,64,64,0,0,8,0,16,64,"0x0","0x7faafa588bc0",4181228595007993,4181228595289621,4181228595294268,4181228595314829,4647
3050,"loop_select_fusion_4.kd",2,8,3401,1261566,1261566,16128,256,0,0,12,4,32,64,"0x0","0x7faafa588cc0",4181228595016195,4181228595294268,4181228595299236,4181228595322090,4968
3051,"loop_select_fusion_2.kd",2,8,3402,1261566,1261566,16128,256,0,0,4,4,16,64,"0x0","0x7faafa588d00",4181228595024087,4181228595299236,4181228595303963,4181228595327969,4727
3052,"loop_reduce_window_fusion_14.kd",2,8,3403,1261566,1261566,16128,256,0,0,8,0,16,64,"0x0","0x7faafa588c80",4181228595031398,4181228595303963,4181228595308650,4181228595333457,4687
3053,"loop_reduce_window_fusion_16.kd",2,8,3404,1261566,1261566,1024,256,0,0,8,0,16,64,"0x0","0x7faafa588b80",4181228595038769,4181228595308650,4181228595313617,4181228595339135,4967
3054,"loop_reduce_window_fusion_15.kd",2,8,3405,1261566,1261566,64,64,0,0,8,0,16,64,"0x0","0x7faafa588bc0",4181228595045438,4181228595313617,4181228595318304,4181228595350462,4687
3055,"input_concatenate_fusion.kd",2,8,3406,1261566,1261566,16128,256,0,0,12,4,32,64,"0x0","0x7faafa588d40",4181228595053030,4181228595318304,4181228595323271,4181228595344844,4967
3056,"input_reduce_reduce_window_fusion.kd",2,8,3407,1261566,1261566,8192,256,0,0,24,0,48,64,"0x0","0x7faafa588d80",4181228595059820,4181228595323271,4181228595333046,4181228595371724,9775
3057,"loop_reduce_window_fusion_4.kd",2,8,3408,1261566,1261566,1280,256,0,0,8,0,16,64,"0x0","0x7faafa588dc0",4181228595066910,4181228595333046,4181228595338013,4181228595359115,4967
3058,"loop_reduce_window_fusion_3.kd",2,8,3409,1261566,1261566,80,80,0,0,8,0,16,64,"0x0","0x7faafa588e00",4181228595073861,4181228595338013,4181228595342700,4181228595397632,4687
3059,"loop_broadcast_fusion.kd",2,8,3410,1261566,1261566,20224,256,0,0,4,4,16,64,"0x0","0x7faafa588e40",4181228595081112,4181228595342700,4181228595347668,4181228595405063,4968
3060,"input_scatter_fusion.kd",2,8,3411,1261566,1261566,20224,256,0,0,12,4,32,64,"0x0","0x7faafa588e80",4181228595087992,4181228595347668,4181228595352355,4181228595410692,4687
3061,"loop_reduce_window_fusion_2.kd",2,8,3412,1261566,1261566,20224,256,0,0,8,0,16,64,"0x0","0x7faafa588ec0",4181228595108793,4181228595352355,4181228595357122,4181228595416270,4767
3062,"loop_reduce_window_fusion_4.kd",2,8,3413,1261566,1261566,1280,256,0,0,8,0,16,64,"0x0","0x7faafa588dc0",4181228595115863,4181228595357122,4181228595362209,4181228595421838,5087
3063,"loop_reduce_window_fusion_3.kd",2,8,3414,1261566,1261566,80,80,0,0,8,0,16,64,"0x0","0x7faafa588e00",4181228595122623,4181228595362209,4181228595366816,4181228595391563,4607
3064,"loop_remainder_fusion.kd",2,8,3415,1261566,1261566,20224,256,0,0,12,4,32,64,"0x0","0x7faafa588f00",4181228595130435,4181228595366816,4181228595371703,4181228595385855,4887
3065,"input_reduce_fusion_1.kd",2,8,3416,1261566,1261566,64,64,0,0,8,0,16,64,"0x0","0x7faafa588f40",4181228595137806,4181228595371703,4181228595376390,4181228595378884,4687
3066,"loop_select_fusion.kd",2,8,3417,1261566,1261566,20224,256,0,0,8,0,32,64,"0x0","0x7faafa588f80",4181228595145818,4181228595376390,4181228595381358,4181228595471021,4968
3067,"loop_compare_fusion_2.kd",2,8,3418,1261566,1261566,4096,256,0,0,4,4,16,64,"0x0","0x7faafa588fc0",4181228595152347,4181228595381358,4181228595386445,4181228595476750,5087
3068,"input_reduce_reduce_window_fusion_3.kd",2,8,3419,1261566,1261566,256,256,512,0,20,4,32,64,"0x0","0x7faafa589000",4181228595160029,4181228595386445,4181228595402629,4181228595506925,16184
3069,"loop_slice_fusion_1.kd",2,8,3420,1261566,1261566,16,16,0,0,20,4,16,64,"0x0","0x7faafa589040",4181228595166759,4181228595402629,4181228595407396,4181228595451913,4767
3070,"loop_broadcast_fusion_3.kd",2,8,3421,1261566,1261566,4096,256,0,0,4,4,16,64,"0x0","0x7faafa589080",4181228595174050,4181228595407396,4181228595412364,4181228595442158,4968
3071,"input_scatter_fusion_3.kd",2,8,3422,1261566,1261566,4096,256,0,0,8,0,32,64,"0x0","0x7faafa5890c0",4181228595181901,4181228595412364,4181228595418453,4181228595429870,6089
3072,"loop_reduce_window_fusion_18.kd",2,8,3423,1261566,1261566,4096,256,0,0,8,0,16,64,"0x0","0x7faafa589100",4181228595190094,4181228595418453,4181228595423300,4181228595482458,4847
3073,"loop_slice_fusion_1.kd",2,8,3424,1261566,1261566,16,16,0,0,20,4,16,64,"0x0","0x7faafa589040",4181228595197905,4181228595423300,4181228595428107,4181228595488047,4807
3074,"loop_remainder_fusion_1.kd",2,8,3425,1261566,1261566,4096,256,0,0,12,4,16,64,"0x0","0x7faafa589140",4181228595204315,4181228595428107,4181228595434797,4181228595501176,6690
3075,"loop_select_fusion_3.kd",2,8,3426,1261566,1261566,4096,256,0,0,8,0,32,64,"0x0","0x7faafa589180",4181228595243733,4181228595434797,4181228595439604,4181228595495368,4807
3076,"loop_reduce_window_fusion_18.kd",2,8,3427,1261566,1261566,4096,256,0,0,8,0,16,64,"0x0","0x7faafa589100",4181228595252256,4181228595439604,4181228595444411,4181228595515187,4807
3077,"loop_slice_fusion_1.kd",2,8,3428,1261566,1261566,16,16,0,0,20,4,16,64,"0x0","0x7faafa589040",4181228595259867,4181228595444411,4181228595449219,4181228595458513,4808
3078,"input_concatenate_fusion_1.kd",2,8,3429,1261566,1261566,4096,256,0,0,8,0,32,64,"0x0","0x7faafa5891c0",4181228595268590,4181228595449219,4181228595455107,4181228595465063,5888
3079,"loop_compare_fusion_1.kd",2,8,3430,1261566,1261566,8192,256,0,0,4,4,16,64,"0x0","0x7faafa589200",4181228595275491,4181228595455107,4181228595460115,4181228595550740,5008
3080,"input_reduce_reduce_window_fusion_1.kd",2,8,3431,1261566,1261566,512,512,512,0,20,4,48,64,"0x0","0x7faafa589240",4181228595285686,4181228595460115,4181228595476900,4181228595526654,16785
3081,"loop_reduce_window_fusion_8.kd",2,8,3432,1261566,1261566,32,32,0,0,32,0,16,64,"0x0","0x7faafa589280",4181228595368549,4181228595476900,4181228595487275,4181228595539473,10375
3082,"loop_broadcast_fusion_1.kd",2,8,3433,1261566,1261566,8192,256,0,0,4,4,16,64,"0x0","0x7faafa5892c0",4181228595377462,4181228595487275,4181228595492323,4181228595545122,5048
3083,"input_scatter_fusion_1.kd",2,8,3434,1261566,1261566,8192,256,0,0,8,0,32,64,"0x0","0x7faafa589300",4181228595439284,4181228595492323,4181228595497771,4181228595532593,5448
3084,"loop_reduce_window_fusion_7.kd",2,8,3435,1261566,1261566,8192,256,0,0,8,0,16,64,"0x0","0x7faafa589340",4181228595450511,4181228595524811,4181228595528737,4181228595558612,3926
3085,"loop_reduce_window_fusion_6.kd",2,8,3436,1261566,1261566,512,256,0,0,8,0,16,64,"0x0","0x7faafa589380",4181228595523159,4181228595532943,4181228595537790,4181228595594104,4847
3086,"loop_reduce_window_fusion_5.kd",2,8,3437,1261566,1261566,32,32,0,0,8,0,16,64,"0x0","0x7faafa5893c0",4181228595532933,4181228595565191,4181228595569598,4181228595588055,4407
3087,"loop_select_fusion_5.kd",2,8,3438,1261566,1261566,8192,256,0,0,8,0,32,64,"0x0","0x7faafa589400",4181228595586313,4181228595610338,4181228595613623,4181228595616207,3285
3088,"loop_select_fusion_1.kd",2,8,3439,1261566,1261566,8192,256,0,0,8,0,16,64,"0x0","0x7faafa589440",4181228595609037,4181228595618791,4181228595621475,4181228595624950,2684
3089,"loop_broadcast_fusion_4.kd",2,8,3440,1261566,1261566,16,16,0,0,4,4,16,64,"0x0","0x7faafa589480",4181228595617359,4181228595628605,4181228595630248,4181228595630408,1643
3090,"__amd_rocclr_fillBufferAligned.kd",2,8,3441,1261566,1261566,77824,256,0,0,12,4,48,64,"0x0","0x7fc36f653580",4181228595632792,4181228595643307,4181228595656968,4181228595665310,13661
3091,"__amd_rocclr_fillBufferAligned.kd",2,8,3442,1261566,1261566,16128,256,0,0,12,4,48,64,"0x0","0x7fc36f653580",4181228595640734,4181228595656968,4181228595661855,4181228595677008,4887
3092,"transformer_engine::fused_attn_rocm::populate_rng_state_kernel(long*, long const*, long) [clone .kd]",2,8,3443,1261566,1261566,1,1,0,0,8,0,16,64,"0x0","0x7faafa5a5380",4181228595651039,4181228595661855,4181228595665941,4181228595671249,4086
3093,"__amd_rocclr_fillBufferAligned.kd",2,8,3444,1261566,1261566,256,256,0,0,12,4,48,64,"0x0","0x7fc36f653580",4181228595661144,4181228595669947,4181228595671109,4181228595686842,1162
3094,"ck_fused_attn::get_runtime_max_seqlen_kernel(unsigned long, int const*, int const*, unsigned long*) [clone .kd]",2,8,3445,1261566,1261566,4096,128,0,0,4,4,32,64,"0x0","0x7faafa570940",4181228595667644,4181228595677799,4181228595683647,4181228595692180,5848
3095,"__amd_rocclr_copyBuffer.kd",2,8,3446,1261566,1261566,512,512,0,0,16,0,32,64,"0x7feb7cc72700","0x7fc36f653600",4181228595677218,4181228595695265,4181228595702155,4181228595707583,6890
3096,"__amd_rocclr_fillBufferAligned.kd",2,8,3448,1261566,1261566,256,256,0,0,12,4,48,64,"0x0","0x7fc36f653580",4181228595726021,4181228595735725,4181228595737648,4181228595769816,1923
3097,"ck_fused_attn::get_runtime_max_seqlen_kernel(unsigned long, int const*, int const*, unsigned long*) [clone .kd]",2,8,3449,1261566,1261566,4096,128,0,0,4,4,32,64,"0x0","0x7faafa570940",4181228595737197,4181228595745980,4181228595751708,4181228595780211,5728
3098,"__amd_rocclr_copyBuffer.kd",2,8,3450,1261566,1261566,512,512,0,0,16,0,32,64,"0x7feb7cc72580","0x7fc36f653600",4181228595744789,4181228595756596,4181228595762364,4181228595775274,5768
3099,"void transformer_engine::fused_attn_rocm::compute_scores_kernel<hip_bfloat16, transformer_engine::fused_attn_rocm::SmallSeqConfig<4, 128, 256, false, (transformer_engine::fused_attn_rocm::CausalMaskType)0>, 1>(hip_bfloat16 const*, hip_bfloat16 const*, hip_bfloat16*, float, int const*, int const*, int, int) [clone .kd]",2,8,3452,1261566,1261566,64000,64,0,0,112,0,32,64,"0x0","0x7faaf354f440",4181228595791428,4181228595801182,4181228595819609,4181228595819910,18427
3100,"void transformer_engine::fused_attn_rocm::apply_mask_and_softmax_kernel<hip_bfloat16, transformer_engine::fused_attn_rocm::SmallSeqConfig<4, 128, 256, false, (transformer_engine::fused_attn_rocm::CausalMaskType)0> >(hip_bfloat16*, hip_bfloat16 const*, float, int const*, int, int) [clone .kd]",2,8,3453,1261566,1261566,256000,256,1024,0,12,4,16,64,"0x0","0x7faaf354f480",4181228595799129,4181228595819609,4181228595825258,4181228595825398,5649
3101,"void transformer_engine::fused_attn_rocm::compute_output_kernel<hip_bfloat16, transformer_engine::fused_attn_rocm::SmallSeqConfig<4, 128, 256, false, (transformer_engine::fused_attn_rocm::CausalMaskType)0>, 2, 8>(hip_bfloat16 const*, hip_bfloat16 const*, hip_bfloat16*, int const*, int const*, int, int) [clone .kd]",2,8,3454,1261566,1261566,512000,64,8192,0,28,4,48,64,"0x0","0x7faaf354f4c0",4181228595815404,4181228595825258,4181228595878177,4181228595883996,52919
3102,"loop_broadcast_fusion_5.kd",2,8,3455,1261566,1261566,2048000,256,0,0,4,4,16,64,"0x0","0x7faafa5894c0",4181228595823626,4181228595878177,4181228595886469,4181228595892318,8292
3103,"__amd_rocclr_fillBufferAligned.kd",2,8,3456,1261566,1261566,77824,256,0,0,12,4,48,64,"0x0","0x7fc36f653580",4181228595844867,4181228595886469,4181228595893319,4181228595898427,6850
3104,"__amd_rocclr_fillBufferAligned.kd",2,8,3457,1261566,1261566,77824,256,0,0,12,4,48,64,"0x0","0x7fc36f653580",4181228595854361,4181228595893319,4181228595906018,4181228595907320,12699
3105,"__amd_rocclr_fillBufferAligned.kd",2,8,3458,1261566,1261566,77824,256,0,0,12,4,48,64,"0x0","0x7fc36f653580",4181228595861512,4181228595906018,4181228595919278,4181228595923194,13260
3106,"__amd_rocclr_fillBufferAligned.kd",2,8,3459,1261566,1261566,256,256,0,0,12,4,48,64,"0x0","0x7fc36f653580",4181228595868643,4181228595919278,4181228595924005,4181228595930595,4727
3107,"ck_fused_attn::get_runtime_max_seqlen_kernel(unsigned long, int const*, int const*, unsigned long*) [clone .kd]",2,8,3460,1261566,1261566,4096,128,0,0,4,4,32,64,"0x0","0x7faafa570940",4181228595875613,4181228595924005,4181228595929974,4181228595940289,5969
3108,"__amd_rocclr_copyBuffer.kd",2,8,3461,1261566,1261566,512,512,0,0,16,0,32,64,"0x7feb7cde9380","0x7fc36f653600",4181228595884426,4181228595929974,4181228595935742,4181228595935572,5768
3109,"__amd_rocclr_fillBufferAligned.kd",2,8,3463,1261566,1261566,256,256,0,0,12,4,48,64,"0x0","0x7fc36f653580",4181228595953138,4181228595962021,4181228595964225,4181228595964525,2204
3110,"ck_fused_attn::get_runtime_max_seqlen_kernel(unsigned long, int const*, int const*, unsigned long*) [clone .kd]",2,8,3464,1261566,1261566,4096,128,0,0,4,4,32,64,"0x0","0x7faafa570940",4181228595960299,4181228595968391,4181228595974279,4181228595975842,5888
3111,"__amd_rocclr_copyBuffer.kd",2,8,3465,1261566,1261566,512,512,0,0,16,0,32,64,"0x7feb7cde9280","0x7fc36f653600",4181228595967259,4181228595990504,4181228595996953,4181228596002061,6449
3112,"void transformer_engine::fused_attn_rocm::compute_grad_v_kernel<hip_bfloat16, transformer_engine::fused_attn_rocm::SmallSeqConfig<4, 128, 256, false, (transformer_engine::fused_attn_rocm::CausalMaskType)0>, 16, 16>(hip_bfloat16 const*, hip_bfloat16 const*, hip_bfloat16*, int const*, int const*, int, int) [clone .kd]",2,8,3467,1261566,1261566,256000,64,8192,0,32,0,48,64,"0x0","0x7faaf3550f00",4181228596017124,4181228596032486,4181228596142850,4181228596150902,110364
3113,"void transformer_engine::fused_attn_rocm::compute_grad_attn_kernel<hip_bfloat16, transformer_engine::fused_attn_rocm::SmallSeqConfig<4, 128, 256, false, (transformer_engine::fused_attn_rocm::CausalMaskType)0>, 16>(hip_bfloat16 const*, hip_bfloat16 const*, hip_bfloat16*, int const*, int const*, int, int) [clone .kd]",2,8,3468,1261566,1261566,8000,64,0,0,116,4,48,64,"0x0","0x7faaf3550f40",4181228596031695,4181228596142850,4181228596292873,4181228596299704,150023
3114,"void transformer_engine::fused_attn_rocm::softmax_backward_kernel<hip_bfloat16, transformer_engine::fused_attn_rocm::SmallSeqConfig<4, 128, 256, false, (transformer_engine::fused_attn_rocm::CausalMaskType)0> >(hip_bfloat16 const*, hip_bfloat16 const*, hip_bfloat16*, float, int const*, int, int) [clone .kd]",2,8,3469,1261566,1261566,256000,256,1024,0,12,4,16,64,"0x0","0x7faaf3550f80",4181228596039897,4181228596292873,4181228596298682,4181228596309138,5809
3115,"void transformer_engine::fused_attn_rocm::compute_grad_qk_kernel<hip_bfloat16, transformer_engine::fused_attn_rocm::SmallSeqConfig<4, 128, 256, false, (transformer_engine::fused_attn_rocm::CausalMaskType)0>, 4, 16>(hip_bfloat16 const*, hip_bfloat16 const*, hip_bfloat16 const*, hip_bfloat16*, hip_bfloat16*, float, int const*, int const*, int, int) [clone .kd]",2,8,3470,1261566,1261566,1024000,64,8192,0,36,4,48,64,"0x0","0x7faaf3550fc0",4181228596046597,4181228596298682,4181228596421625,4181228596433433,122943
3116,"input_reduce_fusion.kd",2,8,3471,1261566,1261566,524288,256,512,0,16,0,16,64,"0x0","0x7faafa589500",4181228596055721,4181228596421625,4181228596428395,4181228596440223,6770
3117,"input_reduce_fusion_2.kd",2,8,3472,1261566,1261566,128,128,512,0,24,0,16,64,"0x0","0x7faafa589540",4181228596062551,4181228596428395,4181228596434123,4181228596454244,5728
3118,"loop_convert_fusion.kd",2,8,3473,1261566,1261566,1,1,0,0,4,4,16,64,"0x0","0x7faafa589580",4181228596069962,4181228596434123,4181228596438169,4181228596460032,4046
3119,"loop_compare_fusion.kd",2,8,3476,1261566,1261566,16128,256,0,0,4,4,16,64,"0x0","0x7faafa588b00",4181228596157632,4181228596450468,4181228596456356,4181228596470788,5888
3120,"input_reduce_reduce_window_fusion_2.kd",2,8,3477,1261566,1261566,1024,1024,512,0,20,4,48,64,"0x0","0x7faafa588b40",4181228596167257,4181228596456356,4181228596481193,4181228596482065,24837
3121,"loop_reduce_window_fusion_16.kd",2,8,3478,1261566,1261566,1024,256,0,0,8,0,16,64,"0x0","0x7faafa588b80",4181228596174377,4181228596481193,4181228596485800,4181228596487423,4607
3122,"loop_reduce_window_fusion_15.kd",2,8,3479,1261566,1261566,64,64,0,0,8,0,16,64,"0x0","0x7faafa588bc0",4181228596181778,4181228596485800,4181228596490447,4181228596493161,4647
3123,"loop_broadcast_fusion_2.kd",2,8,3480,1261566,1261566,16128,256,0,0,4,4,16,64,"0x0","0x7faafa588c00",4181228596189590,4181228596490447,4181228596495415,4181228596498620,4968
3124,"input_scatter_fusion_2.kd",2,8,3481,1261566,1261566,16128,256,0,0,12,4,32,64,"0x0","0x7faafa588c40",4181228596198854,4181228596495415,4181228596500021,4181228596503767,4606
3125,"loop_reduce_window_fusion_14.kd",2,8,3482,1261566,1261566,16128,256,0,0,8,0,16,64,"0x0","0x7faafa588c80",4181228596206425,4181228596500021,4181228596504788,4181228596509346,4767
3126,"loop_reduce_window_fusion_16.kd",2,8,3483,1261566,1261566,1024,256,0,0,8,0,16,64,"0x0","0x7faafa588b80",4181228596219755,4181228596504788,4181228596510036,4181228596515134,5248
3127,"loop_reduce_window_fusion_15.kd",2,8,3484,1261566,1261566,64,64,0,0,8,0,16,64,"0x0","0x7faafa588bc0",4181228596227556,4181228596510036,4181228596514683,4181228596520803,4647
3128,"loop_select_fusion_4.kd",2,8,3485,1261566,1261566,16128,256,0,0,12,4,32,64,"0x0","0x7faafa588cc0",4181228596235388,4181228596514683,4181228596519610,4181228596526501,4927
3129,"loop_select_fusion_2.kd",2,8,3486,1261566,1261566,16128,256,0,0,4,4,16,64,"0x0","0x7faafa588d00",4181228596243110,4181228596519610,4181228596524297,4181228596532029,4687
3130,"loop_reduce_window_fusion_14.kd",2,8,3487,1261566,1261566,16128,256,0,0,8,0,16,64,"0x0","0x7faafa588c80",4181228596250561,4181228596524297,4181228596528984,4181228596550226,4687
3131,"loop_reduce_window_fusion_16.kd",2,8,3488,1261566,1261566,1024,256,0,0,8,0,16,64,"0x0","0x7faafa588b80",4181228596257862,4181228596528984,4181228596533912,4181228596544969,4928
3132,"loop_reduce_window_fusion_15.kd",2,8,3489,1261566,1261566,64,64,0,0,8,0,16,64,"0x0","0x7faafa588bc0",4181228596265683,4181228596533912,4181228596538519,4181228596539330,4607
3133,"input_concatenate_fusion.kd",2,8,3490,1261566,1261566,16128,256,0,0,12,4,32,64,"0x0","0x7faafa588d40",4181228596273014,4181228596538519,4181228596543486,4181228596570356,4967
3134,"input_reduce_reduce_window_fusion.kd",2,8,3491,1261566,1261566,8192,256,0,0,24,0,48,64,"0x0","0x7faafa588d80",4181228596280766,4181228596543486,4181228596553100,4181228596559821,9614
3135,"loop_reduce_window_fusion_4.kd",2,8,3492,1261566,1261566,1280,256,0,0,8,0,16,64,"0x0","0x7faafa588dc0",4181228596288056,4181228596553100,4181228596558108,4181228596594382,5008
3136,"loop_reduce_window_fusion_3.kd",2,8,3493,1261566,1261566,80,80,0,0,8,0,16,64,"0x0","0x7faafa588e00",4181228596295668,4181228596558108,4181228596562715,4181228596599870,4607
3137,"loop_broadcast_fusion.kd",2,8,3494,1261566,1261566,20224,256,0,0,4,4,16,64,"0x0","0x7faafa588e40",4181228596302588,4181228596562715,4181228596567722,4181228596588473,5007
3138,"input_scatter_fusion.kd",2,8,3495,1261566,1261566,20224,256,0,0,12,4,32,64,"0x0","0x7faafa588e80",4181228596324931,4181228596567722,4181228596572409,4181228596582885,4687
3139,"loop_reduce_window_fusion_2.kd",2,8,3496,1261566,1261566,20224,256,0,0,8,0,16,64,"0x0","0x7faafa588ec0",4181228596332452,4181228596572409,4181228596577136,4181228596577527,4727
3140,"loop_reduce_window_fusion_4.kd",2,8,3497,1261566,1261566,1280,256,0,0,8,0,16,64,"0x0","0x7faafa588dc0",4181228596339203,4181228596577136,4181228596582184,4181228596638888,5048
3141,"loop_reduce_window_fusion_3.kd",2,8,3498,1261566,1261566,80,80,0,0,8,0,16,64,"0x0","0x7faafa588e00",4181228596345832,4181228596582184,4181228596586830,4181228596644577,4646
3142,"loop_remainder_fusion.kd",2,8,3499,1261566,1261566,20224,256,0,0,12,4,32,64,"0x0","0x7faafa588f00",4181228596353784,4181228596586830,4181228596591798,4181228596633230,4968
3143,"input_reduce_fusion_1.kd",2,8,3500,1261566,1261566,64,64,0,0,8,0,16,64,"0x0","0x7faafa588f40",4181228596361255,4181228596591798,4181228596596525,4181228596627742,4727
3144,"loop_select_fusion.kd",2,8,3501,1261566,1261566,20224,256,0,0,8,0,32,64,"0x0","0x7faafa588f80",4181228596368817,4181228596596525,4181228596601492,4181228596619830,4967
3145,"loop_compare_fusion_2.kd",2,8,3502,1261566,1261566,4096,256,0,0,4,4,16,64,"0x0","0x7faafa588fc0",4181228596376768,4181228596601492,4181228596606500,4181228596608303,5008
3146,"input_reduce_reduce_window_fusion_3.kd",2,8,3503,1261566,1261566,256,256,512,0,20,4,32,64,"0x0","0x7faafa589000",4181228596384290,4181228596606500,4181228596622003,4181228596680240,15503
3147,"loop_slice_fusion_1.kd",2,8,3504,1261566,1261566,16,16,0,0,20,4,16,64,"0x0","0x7faafa589040",4181228596391520,4181228596622003,4181228596626970,4181228596686118,4967
3148,"loop_broadcast_fusion_3.kd",2,8,3505,1261566,1261566,4096,256,0,0,4,4,16,64,"0x0","0x7faafa589080",4181228596398471,4181228596626970,4181228596631897,4181228596691346,4927
3149,"input_scatter_fusion_3.kd",2,8,3506,1261566,1261566,4096,256,0,0,8,0,32,64,"0x0","0x7faafa5890c0",4181228596406503,4181228596631897,4181228596637946,4181228596657997,6049
3150,"loop_reduce_window_fusion_18.kd",2,8,3507,1261566,1261566,4096,256,0,0,8,0,16,64,"0x0","0x7faafa589100",4181228596414314,4181228596637946,4181228596642794,4181228596652849,4848
3151,"loop_slice_fusion_1.kd",2,8,3508,1261566,1261566,16,16,0,0,20,4,16,64,"0x0","0x7faafa589040",4181228596422106,4181228596642794,4181228596647601,4181228596668392,4807
3152,"loop_remainder_fusion_1.kd",2,8,3509,1261566,1261566,4096,256,0,0,12,4,16,64,"0x0","0x7faafa589140",4181228596430058,4181228596647601,4181228596653930,4181228596662874,6329
3153,"loop_select_fusion_3.kd",2,8,3510,1261566,1261566,4096,256,0,0,8,0,32,64,"0x0","0x7faafa589180",4181228596437348,4181228596653930,4181228596658777,4181228596723714,4847
3154,"loop_reduce_window_fusion_18.kd",2,8,3511,1261566,1261566,4096,256,0,0,8,0,16,64,"0x0","0x7faafa589100",4181228596447193,4181228596658777,4181228596663545,4181228596706819,4768
3155,"loop_slice_fusion_1.kd",2,8,3512,1261566,1261566,16,16,0,0,20,4,16,64,"0x0","0x7faafa589040",4181228596473973,4181228596663545,4181228596668312,4181228596699168,4767
3156,"input_concatenate_fusion_1.kd",2,8,3513,1261566,1261566,4096,256,0,0,8,0,32,64,"0x0","0x7faafa5891c0",4181228596571198,4181228596668312,4181228596674321,4181228596674521,6009
3157,"loop_compare_fusion_1.kd",2,8,3514,1261566,1261566,8192,256,0,0,4,4,16,64,"0x0","0x7faafa589200",4181228596616996,4181228596674321,4181228596679328,4181228596718366,5007
3158,"input_reduce_reduce_window_fusion_1.kd",2,8,3515,1261566,1261566,512,512,512,0,20,4,48,64,"0x0","0x7faafa589240",4181228596658547,4181228596679328,4181228596695833,4181228596712628,16505
3159,"loop_reduce_window_fusion_8.kd",2,8,3516,1261566,1261566,32,32,0,0,32,0,16,64,"0x0","0x7faafa589280",4181228596669103,4181228596706609,4181228596716704,4181228596731696,10095
3160,"loop_broadcast_fusion_1.kd",2,8,3517,1261566,1261566,8192,256,0,0,4,4,16,64,"0x0","0x7faafa5892c0",4181228596705027,4181228596740058,4181228596742822,4181228596748451,2764
3161,"input_scatter_fusion_1.kd",2,8,3518,1261566,1261566,8192,256,0,0,8,0,32,64,"0x0","0x7faafa589300",4181228596739408,4181228596749032,4181228596755361,4181228596758045,6329
3162,"loop_reduce_window_fusion_7.kd",2,8,3519,1261566,1261566,8192,256,0,0,8,0,16,64,"0x0","0x7faafa589340",4181228596748601,4181228596763053,4181228596766978,4181228596775421,3925
3163,"loop_reduce_window_fusion_6.kd",2,8,3520,1261566,1261566,512,256,0,0,8,0,16,64,"0x0","0x7faafa589380",4181228596763754,4181228596773388,4181228596778876,4181228596811715,5488
3164,"loop_reduce_window_fusion_5.kd",2,8,3521,1261566,1261566,32,32,0,0,8,0,16,64,"0x0","0x7faafa5893c0",4181228596772857,4181228596782882,4181228596786608,4181228596817684,3726
3165,"loop_select_fusion_5.kd",2,8,3522,1261566,1261566,8192,256,0,0,8,0,32,64,"0x0","0x7faafa589400",4181228596805356,4181228596815771,4181228596819256,4181228596826307,3485
3166,"loop_select_fusion_1.kd",2,8,3523,1261566,1261566,8192,256,0,0,8,0,16,64,"0x0","0x7faafa589440",4181228596814730,4181228596823663,4181228596826587,4181228596831425,2924
3167,"loop_broadcast_fusion_4.kd",2,8,3524,1261566,1261566,16,16,0,0,4,4,16,64,"0x0","0x7faafa589480",4181228596823303,4181228596832556,4181228596834399,4181228596840819,1843
3168,"__amd_rocclr_fillBufferAligned.kd",2,8,3525,1261566,1261566,77824,256,0,0,12,4,48,64,"0x0","0x7fc36f653580",4181228596836582,4181228596845736,4181228596860758,4181228596862160,15022
3169,"__amd_rocclr_fillBufferAligned.kd",2,8,3526,1261566,1261566,16128,256,0,0,12,4,48,64,"0x0","0x7fc36f653580",4181228596843583,4181228596860758,4181228596865605,4181228596867388,4847
3170,"transformer_engine::fused_attn_rocm::populate_rng_state_kernel(long*, long const*, long) [clone .kd]",2,8,3527,1261566,1261566,1,1,0,0,8,0,16,64,"0x0","0x7faafa5a5380",4181228596854148,4181228596865605,4181228596869771,4181228596875560,4166
3171,"__amd_rocclr_fillBufferAligned.kd",2,8,3528,1261566,1261566,256,256,0,0,12,4,48,64,"0x0","0x7fc36f653580",4181228596864804,4181228596873777,4181228596875139,4181228596881409,1362
3172,"ck_fused_attn::get_runtime_max_seqlen_kernel(unsigned long, int const*, int const*, unsigned long*) [clone .kd]",2,8,3529,1261566,1261566,4096,128,0,0,4,4,32,64,"0x0","0x7faafa570940",4181228596872476,4181228596881228,4181228596887077,4181228596890162,5849
3173,"__amd_rocclr_copyBuffer.kd",2,8,3530,1261566,1261566,512,512,0,0,16,0,32,64,"0x7feb7cde9080","0x7fc36f653600",4181228596881449,4181228596897693,4181228596904343,4181228596906757,6650
3174,"__amd_rocclr_fillBufferAligned.kd",2,8,3532,1261566,1261566,256,256,0,0,12,4,48,64,"0x0","0x7fc36f653580",4181228596924473,4181228596936791,4181228596938874,4181228596963711,2083
3175,"ck_fused_attn::get_runtime_max_seqlen_kernel(unsigned long, int const*, int const*, unsigned long*) [clone .kd]",2,8,3533,1261566,1261566,4096,128,0,0,4,4,32,64,"0x0","0x7faafa570940",4181228596935359,4181228596944042,4181228596953376,4181228596973927,9334
3176,"__amd_rocclr_copyBuffer.kd",2,8,3534,1261566,1261566,512,512,0,0,16,0,32,64,"0x7feb7cc73a00","0x7fc36f653600",4181228596943291,4181228596953376,4181228596958984,4181228596969159,5608
3177,"void transformer_engine::fused_attn_rocm::compute_scores_kernel<hip_bfloat16, transformer_engine::fused_attn_rocm::SmallSeqConfig<4, 128, 256, false, (transformer_engine::fused_attn_rocm::CausalMaskType)0>, 1>(hip_bfloat16 const*, hip_bfloat16 const*, hip_bfloat16*, float, int const*, int const*, int, int) [clone .kd]",2,8,3536,1261566,1261566,64000,64,0,0,112,0,32,64,"0x0","0x7faaf354f440",4181228596986495,4181228596995959,4181228597014987,4181228597018974,19028
3178,"void transformer_engine::fused_attn_rocm::apply_mask_and_softmax_kernel<hip_bfloat16, transformer_engine::fused_attn_rocm::SmallSeqConfig<4, 128, 256, false, (transformer_engine::fused_attn_rocm::CausalMaskType)0> >(hip_bfloat16*, hip_bfloat16 const*, float, int const*, int, int) [clone .kd]",2,8,3537,1261566,1261566,256000,256,1024,0,12,4,16,64,"0x0","0x7faaf354f480",4181228596993866,4181228597014987,4181228597020756,4181228597027296,5769
3179,"void transformer_engine::fused_attn_rocm::compute_output_kernel<hip_bfloat16, transformer_engine::fused_attn_rocm::SmallSeqConfig<4, 128, 256, false, (transformer_engine::fused_attn_rocm::CausalMaskType)0>, 2, 8>(hip_bfloat16 const*, hip_bfloat16 const*, hip_bfloat16*, int const*, int const*, int, int) [clone .kd]",2,8,3538,1261566,1261566,512000,64,8192,0,28,4,48,64,"0x0","0x7faaf354f4c0",4181228597002189,4181228597020756,4181228597067065,4181228597074376,46309
3180,"loop_broadcast_fusion_5.kd",2,8,3539,1261566,1261566,2048000,256,0,0,4,4,16,64,"0x0","0x7faafa5894c0",4181228597018202,4181228597067065,4181228597075317,4181228597082208,8252
3181,"__amd_rocclr_fillBufferAligned.kd",2,8,3540,1261566,1261566,77824,256,0,0,12,4,48,64,"0x0","0x7fc36f653580",4181228597037491,4181228597075317,4181228597082207,4181228597088557,6890
3182,"__amd_rocclr_fillBufferAligned.kd",2,8,3541,1261566,1261566,77824,256,0,0,12,4,48,64,"0x0","0x7fc36f653580",4181228597044301,4181228597082207,4181228597095307,4181228597097200,13100
3183,"__amd_rocclr_fillBufferAligned.kd",2,8,3542,1261566,1261566,77824,256,0,0,12,4,48,64,"0x0","0x7fc36f653580",4181228597051121,4181228597095307,4181228597108366,4181228597112703,13059
3184,"__amd_rocclr_fillBufferAligned.kd",2,8,3543,1261566,1261566,256,256,0,0,12,4,48,64,"0x0","0x7fc36f653580",4181228597059173,4181228597108366,4181228597113133,4181228597119663,4767
3185,"ck_fused_attn::get_runtime_max_seqlen_kernel(unsigned long, int const*, int const*, unsigned long*) [clone .kd]",2,8,3544,1261566,1261566,4096,128,0,0,4,4,32,64,"0x0","0x7faafa570940",4181228597065583,4181228597113133,4181228597119102,4181228597128807,5969
3186,"__amd_rocclr_copyBuffer.kd",2,8,3545,1261566,1261566,512,512,0,0,16,0,32,64,"0x7feb7cde8e80","0x7fc36f653600",4181228597073465,4181228597119102,4181228597124390,4181228597124410,5288
3187,"__amd_rocclr_fillBufferAligned.kd",2,8,3547,1261566,1261566,256,256,0,0,12,4,48,64,"0x0","0x7fc36f653580",4181228597142698,4181228597150949,4181228597153153,4181228597162116,2204
3188,"ck_fused_attn::get_runtime_max_seqlen_kernel(unsigned long, int const*, int const*, unsigned long*) [clone .kd]",2,8,3548,1261566,1261566,4096,128,0,0,4,4,32,64,"0x0","0x7faafa570940",4181228597149428,4181228597158801,4181228597164810,4181228597172211,6009
3189,"__amd_rocclr_copyBuffer.kd",2,8,3549,1261566,1261566,512,512,0,0,16,0,32,64,"0x7feb7cde8d80","0x7fc36f653600",4181228597157480,4181228597170659,4181228597176988,4181228597177119,6329
3190,"void transformer_engine::fused_attn_rocm::compute_grad_v_kernel<hip_bfloat16, transformer_engine::fused_attn_rocm::SmallSeqConfig<4, 128, 256, false, (transformer_engine::fused_attn_rocm::CausalMaskType)0>, 16, 16>(hip_bfloat16 const*, hip_bfloat16 const*, hip_bfloat16*, int const*, int const*, int, int) [clone .kd]",2,8,3551,1261566,1261566,256000,64,8192,0,32,0,48,64,"0x0","0x7faaf3550f00",4181228597190769,4181228597201184,4181228597314433,4181228597316806,113249
3191,"void transformer_engine::fused_attn_rocm::compute_grad_attn_kernel<hip_bfloat16, transformer_engine::fused_attn_rocm::SmallSeqConfig<4, 128, 256, false, (transformer_engine::fused_attn_rocm::CausalMaskType)0>, 16>(hip_bfloat16 const*, hip_bfloat16 const*, hip_bfloat16*, int const*, int const*, int, int) [clone .kd]",2,8,3552,1261566,1261566,8000,64,0,0,116,4,48,64,"0x0","0x7faaf3550f40",4181228597200614,4181228597314433,4181228597465177,4181228597466880,150744
3192,"void transformer_engine::fused_attn_rocm::softmax_backward_kernel<hip_bfloat16, transformer_engine::fused_attn_rocm::SmallSeqConfig<4, 128, 256, false, (transformer_engine::fused_attn_rocm::CausalMaskType)0> >(hip_bfloat16 const*, hip_bfloat16 const*, hip_bfloat16*, float, int const*, int, int) [clone .kd]",2,8,3553,1261566,1261566,256000,256,1024,0,12,4,16,64,"0x0","0x7faaf3550f80",4181228597207484,4181228597465177,4181228597471025,4181228597475663,5848
3193,"void transformer_engine::fused_attn_rocm::compute_grad_qk_kernel<hip_bfloat16, transformer_engine::fused_attn_rocm::SmallSeqConfig<4, 128, 256, false, (transformer_engine::fused_attn_rocm::CausalMaskType)0>, 4, 16>(hip_bfloat16 const*, hip_bfloat16 const*, hip_bfloat16 const*, hip_bfloat16*, hip_bfloat16*, float, int const*, int const*, int, int) [clone .kd]",2,8,3554,1261566,1261566,1024000,64,8192,0,36,4,48,64,"0x0","0x7faaf3550fc0",4181228597215055,4181228597471025,4181228597596412,4181228597603924,125387
3194,"input_reduce_fusion.kd",2,8,3555,1261566,1261566,524288,256,512,0,16,0,16,64,"0x0","0x7faafa589500",4181228597223778,4181228597596412,4181228597604624,4181228597610383,8212
3195,"input_reduce_fusion_2.kd",2,8,3556,1261566,1261566,128,128,512,0,24,0,16,64,"0x0","0x7faafa589540",4181228597230748,4181228597604624,4181228597610353,4181228597616763,5729
3196,"loop_convert_fusion.kd",2,8,3557,1261566,1261566,1,1,0,0,4,4,16,64,"0x0","0x7faafa589580",4181228597239181,4181228597610353,4181228597614359,4181228597623993,4006
