"Index","KernelName","gpu-id","queue-id","queue-index","pid","tid","grd","wgr","lds","scr","arch_vgpr","accum_vgpr","sgpr","wave_size","sig","obj","DispatchNs","BeginNs","EndNs","CompleteNs","DurationNs"
0,"__amd_rocclr_fillBufferAligned.kd",4,5,0,1263855,1264874,77824,256,0,0,12,4,48,64,"0x0","0x7f2ac0063580",4181238441984549,4181238442151498,4181238442163035,4181238442268541,11537
1,"__amd_rocclr_fillBufferAligned.kd",9,7,0,1263855,1264869,77824,256,0,0,12,4,48,64,"0x0","0x7f2ac0043580",4181238535929340,4181238535965725,4181238535976220,4181238536040736,10495
2,"__amd_rocclr_fillBufferAligned.kd",8,3,0,1263855,1264871,77824,256,0,0,12,4,48,64,"0x0","0x7f2abbfd3580",4181238657550693,4181238657586277,4181238657597614,4181238657679685,11337
3,"__amd_rocclr_fillBufferAligned.kd",6,0,0,1263855,1264870,77824,256,0,0,12,4,48,64,"0x0","0x7f2abbfb3580",4181238661641757,4181238661679154,4181238661688287,4181238661711942,9133
4,"__amd_rocclr_fillBufferAligned.kd",3,4,0,1263855,1264872,77824,256,0,0,12,4,48,64,"0x0","0x7f2abbf93580",4181238780043011,4181238780081769,4181238780091704,4181238780157461,9935
5,"__amd_rocclr_fillBufferAligned.kd",5,1,0,1263855,1264868,77824,256,0,0,12,4,48,64,"0x0","0x7f2abbf73580",4181238923029179,4181238923068138,4181238923079715,4181238923153684,11577
6,"__amd_rocclr_fillBufferAligned.kd",7,6,0,1263855,1264873,77824,256,0,0,12,4,48,64,"0x0","0x7f2abbf53580",4181239033462943,4181239033502672,4181239033512407,4181239033603602,9735
7,"__amd_rocclr_fillBufferAligned.kd",2,2,0,1263855,1264867,77824,256,0,0,12,4,48,64,"0x0","0x7f2abbf33580",4181239043081969,4181239043136401,4181239043148419,4181239043168628,12018
8,"__amd_rocclr_fillBufferAligned.kd",2,2,1,1263855,1263855,77824,256,0,0,12,4,48,64,"0x0","0x7f2abbf33580",4181239703596929,4181239703643519,4181239703654495,4181239703677679,10976
9,"__amd_rocclr_copyBuffer.kd",2,9,2,1263855,1265284,512,512,0,0,16,0,32,64,"0x0","0x7f2abbf33600",4181240675148181,4181240675231676,4181240675236283,4181240675252967,4607
10,"__amd_rocclr_copyBuffer.kd",2,8,5,1263855,1263855,512,512,0,0,16,0,32,64,"0x0","0x7f2abbf33600",4181240760785707,4181240760833369,4181240760837014,4181240760852627,3645
11,"input_concatenate_fusion.kd",2,8,8,1263855,1263855,1,1,0,0,4,4,16,64,"0x0","0x7f2abbe905c0",4181240891457150,4181240891513254,4181240891518421,4181240891529648,5167
12,"input_concatenate_fusion.kd",2,8,11,1263855,1263855,5,5,0,0,4,4,16,64,"0x0","0x7f2abbe085c0",4181241111481203,4181241111536476,4181241111541524,4181241111555855,5048
13,"wrapped_slice_4.kd",2,8,14,1263855,1263855,2,2,0,0,4,4,16,64,"0x0","0x7f1abbbb9040",4181241247489644,4181241247549533,4181241247553499,4181241247566979,3966
14,"wrapped_slice_3.kd",2,8,15,1263855,1263855,2,2,0,0,4,4,16,64,"0x0","0x7f1abbbb9080",4181241247544365,4181241247565596,4181241247567679,4181241247611325,2083
15,"wrapped_slice_2.kd",2,8,16,1263855,1263855,2,2,0,0,4,4,16,64,"0x0","0x7f1abbbb90c0",4181241247564135,4181241247572767,4181241247574850,4181241247618305,2083
16,"wrapped_slice_1.kd",2,8,17,1263855,1263855,2,2,0,0,4,4,16,64,"0x0","0x7f1abbbb9100",4181241247572677,4181241247617313,4181241247619436,4181241247629091,2123
17,"wrapped_slice.kd",2,8,18,1263855,1263855,2,2,0,0,4,4,16,64,"0x0","0x7f1abbbb9140",4181241247615601,4181241247624804,4181241247626927,4181241247635701,2123
18,"__amd_rocclr_copyBuffer.kd",2,9,7,1263855,1265203,512,512,0,0,16,0,32,64,"0x0","0x7f2abbf33600",4181241446553023,4181241523292255,4181241523298304,4181241523316952,6049
19,"__amd_rocclr_copyBuffer.kd",2,9,8,1263855,1265187,512,512,0,0,16,0,32,64,"0x0","0x7f2abbf33600",4181241446645901,4181241523298304,4181241523303312,4181241523353696,5008
20,"wrapped_subtract.kd",2,8,31,1263855,1263855,1,1,0,0,4,4,16,64,"0x0","0x7f1abbba8c80",4181241523546052,4181241523603317,4181241523607483,4181241523607804,4166
21,"loop_xor_fusion.kd",2,8,32,1263855,1263855,1,1,0,0,4,4,16,64,"0x0","0x7f1abbba8cc0",4181241523600243,4181241523611489,4181241523612771,4181241523918156,1282
22,"loop_convert_fusion.kd",2,8,33,1263855,1263855,2048000,256,0,0,8,0,32,64,"0x0","0x7f1abbba8d00",4181241523878557,4181241523922231,4181241523948550,4181241523963233,26319
23,"__amd_rocclr_copyBuffer.kd",2,9,15,1263855,1265132,512,512,0,0,16,0,32,64,"0x0","0x7f2abbf33600",4181241694555358,4181241770904259,4181241770910508,4181241770933412,6249
24,"__amd_rocclr_copyBuffer.kd",2,9,16,1263855,1265220,512,512,0,0,16,0,32,64,"0x0","0x7f2abbf33600",4181241694646975,4181241770910508,4181241770915997,4181241770972150,5489
25,"wrapped_subtract.kd",2,8,46,1263855,1263855,1,1,0,0,4,4,16,64,"0x0","0x7f1abbb98c80",4181241771136494,4181241771195852,4181241771200058,4181241771201521,4206
26,"loop_xor_fusion.kd",2,8,47,1263855,1263855,1,1,0,0,4,4,16,64,"0x0","0x7f1abbb98cc0",4181241771189092,4181241771200058,4181241771204344,4181241771500856,4286
27,"loop_convert_fusion.kd",2,8,48,1263855,1263855,12288000,256,0,0,8,0,32,64,"0x0","0x7f1abbb98d00",4181241771472684,4181241771509799,4181241771646332,4181241771647534,136533
28,"__amd_rocclr_copyBuffer.kd",2,9,23,1263855,1265220,512,512,0,0,16,0,32,64,"0x0","0x7f2abbf33600",4181241772002893,4181241772072726,4181241772077373,4181241772084074,4647
29,"__amd_rocclr_copyBuffer.kd",2,9,24,1263855,1265132,512,512,0,0,16,0,32,64,"0x0","0x7f2abbf33600",4181241772101640,4181241772161298,4181241772165784,4181241772168169,4486
30,"wrapped_subtract.kd",2,8,54,1263855,1265220,1,1,0,0,4,4,16,64,"0x0","0x7f1abbb98c80",4181241772281217,4181241772306594,4181241772309037,4181241772310590,2443
31,"loop_xor_fusion.kd",2,8,54,1263855,1265220,1,1,0,0,4,4,16,64,"0x0","0x7f1abbb98cc0",4181241772301317,4181241772342647,4181241772344891,4181241772344891,2244
32,"loop_convert_fusion.kd",2,8,57,1263855,1263855,12288000,256,0,0,8,0,32,64,"0x0","0x7f1abbb98d00",4181241772344871,4181241772363679,4181241772495925,4181241772496387,132246
33,"__amd_rocclr_copyBuffer.kd",2,9,30,1263855,1265132,512,512,0,0,16,0,32,64,"0x0","0x7f2abbf33600",4181241772635193,4181241772652718,4181241772657966,4181241772658598,5248
34,"__amd_rocclr_copyBuffer.kd",2,8,69,1263855,1263855,512,512,0,0,16,0,32,64,"0x0","0x7f2abbf33600",4181241772690826,4181241772710444,4181241772714570,4181241772715252,4126
35,"wrapped_broadcast.kd",2,8,72,1263855,1263855,4096,256,0,0,4,4,16,64,"0x0","0x7f1abbb8c580",4181241911409918,4181241911468646,4181241911473333,4181241911490979,4687
36,"__amd_rocclr_copyBuffer.kd",2,9,34,1263855,1265132,512,512,0,0,16,0,32,64,"0x0","0x7f2abbf33600",4181241912003421,4181241912072704,4181241912077350,4181241912080956,4646
37,"__amd_rocclr_copyBuffer.kd",2,8,79,1263855,1263855,512,512,0,0,16,0,32,64,"0x0","0x7f2abbf33600",4181241912137280,4181241912155747,4181241912158191,4181241912162067,2444
38,"wrapped_broadcast.kd",2,8,82,1263855,1263855,4096,256,0,0,4,4,16,64,"0x0","0x7f1abbb8c580",4181241912307323,4181241912326401,4181241912334733,4181241912335945,8332
39,"__amd_rocclr_copyBuffer.kd",2,9,38,1263855,1265132,512,512,0,0,16,0,32,64,"0x0","0x7f2abbf33600",4181241912535642,4181241912568801,4181241912572687,4181241912574530,3886
40,"__amd_rocclr_copyBuffer.kd",2,8,88,1263855,1265132,512,512,0,0,16,0,32,64,"0x0","0x7f2abbf33600",4181241912615481,4181241912627929,4181241912632095,4181241912635751,4166
41,"wrapped_broadcast.kd",2,8,92,1263855,1263855,4096,256,0,0,4,4,16,64,"0x0","0x7f1abbb8c580",4181241912759305,4181241912788368,4181241912790571,4181241912796310,2203
42,"__amd_rocclr_copyBuffer.kd",2,9,42,1263855,1265132,512,512,0,0,16,0,32,64,"0x0","0x7f2abbf33600",4181241912964560,4181241912981535,4181241912986623,4181241912989227,5088
43,"__amd_rocclr_copyBuffer.kd",2,8,98,1263855,1265132,512,512,0,0,16,0,32,64,"0x0","0x7f2abbf33600",4181241913018170,4181241913034534,4181241913035415,4181241913039031,881
44,"wrapped_broadcast.kd",2,8,102,1263855,1263855,4096,256,0,0,4,4,16,64,"0x0","0x7f1abbb8c580",4181241913175454,4181241913205308,4181241913208713,4181241913214562,3405
45,"wrapped_iota.kd",2,8,105,1263855,1263855,4096,256,0,0,4,4,16,64,"0x0","0x7f1abbb84540",4181242055554108,4181242055618084,4181242055622290,4181242055637442,4206
46,"__amd_rocclr_copyBuffer.kd",2,8,108,1263855,1263855,1024,512,0,0,16,0,32,64,"0x0","0x7f2abbf33600",4181242183534999,4181242183597233,4181242183600718,4181242183615449,3485
47,"__amd_rocclr_copyBuffer.kd",2,9,46,1263855,1265132,512,512,0,0,16,0,32,64,"0x0","0x7f2abbf33600",4181242184331634,4181242184405313,4181242184409960,4181242184413586,4647
48,"__amd_rocclr_copyBuffer.kd",2,8,114,1263855,1265132,512,512,0,0,16,0,32,64,"0x0","0x7f2abbf33600",4181242184470400,4181242184490159,4181242184494286,4181242184498222,4127
49,"wrapped_broadcast.kd",2,8,118,1263855,1263855,4096,256,0,0,4,4,16,64,"0x0","0x7f1abbb8c580",4181242184675836,4181242184710287,4181242184714934,4181242184722145,4647
50,"wrapped_concatenate.kd",2,8,121,1263855,1263855,4096,256,0,0,4,4,16,64,"0x0","0x7f1abbb74600",4181242331467414,4181242331529567,4181242331534454,4181242331547843,4887
51,"__amd_rocclr_copyBuffer.kd",2,9,59,1263855,1265126,512,512,0,0,16,0,32,64,"0x0","0x7f2abbf33600",4181242465136314,4181242547331762,4181242547336849,4181242547353664,5087
52,"loop_select_fusion.kd",2,8,141,1263855,1263855,24064,256,0,0,4,4,16,64,"0x0","0x7f1abbb6c640",4181242547580491,4181242547642463,4181242547648071,4181242547649383,5608
53,"__amd_rocclr_copyBuffer.kd",2,8,144,1263855,1263855,512,512,0,0,16,0,32,64,"0x0","0x7f2abbf33600",4181242891480300,4181242891534541,4181242891540510,4181242891561551,5969
54,"__amd_rocclr_copyBuffer.kd",2,8,145,1263855,1263855,512,512,0,0,16,0,32,64,"0x0","0x7f2abbf33600",4181242891535502,4181242891553009,4181242891557095,4181242891607840,4086
55,"__amd_rocclr_copyBuffer.kd",2,8,146,1263855,1263855,512,512,0,0,16,0,32,64,"0x0","0x7f2abbf33600",4181242891556013,4181242891565787,4181242891569552,4181242891614049,3765
56,"loop_broadcast_maximum_fusion.kd",2,8,148,1263855,1263855,24064,256,0,0,4,4,16,64,"0x0","0x7f1abba5abc0",4181242891894767,4181242891915146,4181242891921716,4181242891922167,6570
57,"__amd_rocclr_copyBuffer.kd",2,8,149,1263855,1263855,6144,512,0,0,16,0,32,64,"0x0","0x7f2abbf33600",4181242891910891,4181242891921716,4181242891926803,4181242891939363,5087
58,"input_scatter_fusion_2.kd",2,8,150,1263855,1263855,24064,256,0,0,4,4,16,64,"0x0","0x7f1abba5ac00",4181242891918812,4181242891926803,4181242891931050,4181242891931972,4247
59,"loop_transpose_fusion.kd",2,8,151,1263855,1263855,20224,256,0,0,4,4,16,64,"0x0","0x7f1abba5ac40",4181242891924841,4181242891937620,4181242891940744,4181242891949758,3124
60,"loop_broadcast_fusion.kd",2,8,152,1263855,1263855,24064,256,0,0,4,4,16,64,"0x0","0x7f1abba5ac80",4181242891937420,4181242891962657,4181242891965661,4181242891966203,3004
61,"input_scatter_fusion_1.kd",2,8,153,1263855,1263855,20224,256,0,0,4,4,16,64,"0x0","0x7f1abba5acc0",4181242891962127,4181242891970468,4181242891973833,4181242891975537,3365
62,"wrapped_transpose.kd",2,8,154,1263855,1263855,24064,256,0,0,4,4,16,64,"0x0","0x7f1abba5ad00",4181242891970509,4181242891979882,4181242891982967,4181242891984300,3085
63,"input_concatenate_fusion.kd",2,8,155,1263855,1263855,20224,256,0,0,8,0,16,64,"0x0","0x7f1abba5ad40",4181242891978882,4181242891988375,4181242891991580,4181242892001365,3205
64,"loop_maximum_select_fusion.kd",2,8,156,1263855,1263855,24064,256,0,0,8,0,32,64,"0x0","0x7f1abba5ad80",4181242891994465,4181242892029997,4181242892033923,4181242892034535,3926
65,"__amd_rocclr_copyBuffer.kd",2,8,157,1263855,1263855,6144,512,0,0,16,0,32,64,"0x0","0x7f2abbf33600",4181242892028696,4181242892038289,4181242892040172,4181242892044339,1883
66,"input_scatter_fusion_2.kd",2,8,158,1263855,1263855,24064,256,0,0,4,4,16,64,"0x0","0x7f1abba5ac00",4181242892036197,4181242892045981,4181242892049947,4181242892052682,3966
67,"loop_select_fusion.kd",2,8,159,1263855,1263855,24064,256,0,0,12,4,16,64,"0x0","0x7f1abba5adc0",4181242892046222,4181242892054834,4181242892058680,4181242892060133,3846
68,"wrapped_transpose_1.kd",2,8,160,1263855,1263855,24064,256,0,0,4,4,16,64,"0x0","0x7f1abba5ae00",4181242892056557,4181242892066331,4181242892069295,4181242892069256,2964
69,"wrapped_broadcast.kd",2,8,161,1263855,1263855,28160,256,0,0,4,4,16,64,"0x0","0x7f1abba5ae40",4181242892065531,4181242892075344,4181242892078349,4181242892078600,3005
70,"input_scatter_fusion.kd",2,8,162,1263855,1263855,24064,256,0,0,4,4,16,64,"0x0","0x7f1abba5ae80",4181242892074604,4181242892084999,4181242892088123,4181242892088495,3124
71,"wrapped_transpose_2.kd",2,8,163,1263855,1263855,28160,256,0,0,4,4,16,64,"0x0","0x7f1abba5aec0",4181242892084118,4181242892092971,4181242892096095,4181242892096306,3124
72,"loop_not_fusion.kd",2,8,166,1263855,1263855,24064,256,0,0,8,0,32,64,"0x0","0x7f1abba64680",4181243031579975,4181243031640796,4181243031646124,4181243031662408,5328
73,"__amd_rocclr_copyBuffer.kd",2,9,63,1263855,1265216,512,512,0,0,16,0,32,64,"0x0","0x7f2abbf33600",4181243064574316,4181243147291499,4181243147297188,4181243147319941,5689
74,"__amd_rocclr_copyBuffer.kd",2,8,174,1263855,1263855,512,512,0,0,16,0,32,64,"0x0","0x7f2abbf33600",4181243147467771,4181243147524845,4181243147527850,4181243147529453,3005
75,"__amd_rocclr_copyBuffer.kd",2,9,67,1263855,1265216,512,512,0,0,16,0,32,64,"0x0","0x7f2abbf33600",4181243272152870,4181243272283134,4181243272288542,4181243272302102,5408
76,"__amd_rocclr_copyBuffer.kd",2,8,183,1263855,1263855,512,512,0,0,16,0,32,64,"0x0","0x7f2abbf33600",4181243272381751,4181243272430513,4181243272433317,4181243272435040,2804
77,"__amd_rocclr_copyBuffer.kd",2,9,71,1263855,1265216,512,512,0,0,16,0,32,64,"0x0","0x7f2abbf33600",4181243272792642,4181243272810718,4181243272816887,4181243272817819,6169
78,"__amd_rocclr_copyBuffer.kd",2,8,191,1263855,1265216,512,512,0,0,16,0,32,64,"0x0","0x7f2abbf33600",4181243272847133,4181243272864758,4181243272868884,4181243272873112,4126
79,"__amd_rocclr_copyBuffer.kd",2,9,75,1263855,1265216,512,512,0,0,16,0,32,64,"0x0","0x7f2abbf33600",4181243273128351,4181243273145896,4181243273150423,4181243273154310,4527
80,"__amd_rocclr_copyBuffer.kd",2,8,200,1263855,1265216,512,512,0,0,16,0,32,64,"0x0","0x7f2abbf33600",4181243273181480,4181243273198134,4181243273198815,4181243273202251,681
81,"__amd_rocclr_copyBuffer.kd",2,9,78,1263855,1265216,1024,512,0,0,16,0,32,64,"0x0","0x7f2abbf33600",4181243408386836,4181243408448478,4181243408453766,4181243408467536,5288
82,"input_reduce_reduce_window_fusion_3.kd",2,8,206,1263855,1263855,9728,256,0,0,28,4,48,64,"0x0","0x7f0abb6c9000",4181245251048247,4181245251106354,4181245251120816,4181245251136228,14462
83,"loop_reduce_window_fusion_11.kd",2,8,207,1263855,1263855,1536,256,0,0,8,0,16,64,"0x0","0x7f0abb6c9040",4181245251098722,4181245251120816,4181245251128267,4181245251190729,7451
84,"loop_slice_fusion_5.kd",2,8,208,1263855,1263855,6,6,0,0,20,4,16,64,"0x0","0x7f0abb6c9080",4181245251117160,4181245251128267,4181245251132513,4181245251181796,4246
85,"loop_broadcast_fusion_2.kd",2,8,209,1263855,1263855,24064,256,0,0,4,4,16,64,"0x0","0x7f0abb6c90c0",4181245251126504,4181245251136678,4181245251138882,4181245251200654,2204
86,"input_scatter_fusion_2.kd",2,8,210,1263855,1263855,24064,256,0,0,12,4,32,64,"0x0","0x7f0abb6c9100",4181245251137069,4181245251189197,4181245251198090,4181245251208616,8893
87,"loop_reduce_window_fusion_10.kd",2,8,211,1263855,1263855,24064,256,0,0,8,0,16,64,"0x0","0x7f0abb6c9140",4181245251188516,4181245251225250,4181245251229577,4181245251229597,4327
88,"loop_reduce_window_fusion_11.kd",2,8,212,1263855,1263855,1536,256,0,0,8,0,16,64,"0x0","0x7f0abb6c9040",4181245251225130,4181245251234143,4181245251240393,4181245251241505,6250
89,"loop_slice_fusion_4.kd",2,8,213,1263855,1263855,94,94,0,0,24,0,16,64,"0x0","0x7f0abb6c9180",4181245251232581,4181245251245000,4181245251252811,4181245251261995,7811
90,"input_reduce_fusion_1.kd",2,8,214,1263855,1263855,64,64,0,0,8,0,16,64,"0x0","0x7f0abb6c91c0",4181245251244039,4181245251252811,4181245251257098,4181245251288805,4287
91,"loop_select_fusion_5.kd",2,8,215,1263855,1263855,24064,256,0,0,8,0,32,64,"0x0","0x7f0abb6c9200",4181245251256527,4181245251266231,4181245251270077,4181245251297338,3846
92,"loop_select_fusion_2.kd",2,8,216,1263855,1263855,24064,256,0,0,4,4,16,64,"0x0","0x7f0abb6c9240",4181245251266111,4181245251303246,4181245251306531,4181245251308064,3285
93,"loop_reduce_window_fusion_10.kd",2,8,217,1263855,1263855,24064,256,0,0,8,0,16,64,"0x0","0x7f0abb6c9140",4181245251301604,4181245251310497,4181245251314783,4181245251315385,4286
94,"loop_reduce_window_fusion_11.kd",2,8,218,1263855,1263855,1536,256,0,0,8,0,16,64,"0x0","0x7f0abb6c9040",4181245251309476,4181245251329525,4181245251336255,4181245251338559,6730
95,"loop_slice_fusion_5.kd",2,8,219,1263855,1263855,6,6,0,0,20,4,16,64,"0x0","0x7f0abb6c9080",4181245251329255,4181245251340181,4181245251340902,4181245251345149,721
96,"input_concatenate_fusion.kd",2,8,220,1263855,1263855,24064,256,0,0,12,4,32,64,"0x0","0x7f0abb6c9280",4181245251337247,4181245251359370,4181245251366100,4181245251367332,6730
97,"input_reduce_reduce_window_fusion.kd",2,8,221,1263855,1263855,11264,256,0,0,36,4,48,64,"0x0","0x7f0abb6c92c0",4181245251357637,4181245251370426,4181245251380401,4181245251387943,9975
98,"loop_reduce_window_fusion_2.kd",2,8,222,1263855,1263855,1792,256,0,0,8,0,16,64,"0x0","0x7f0abb6c9300",4181245251366641,4181245251384727,4181245251391257,4181245251395213,6530
99,"loop_slice_fusion_7.kd",2,8,223,1263855,1263855,7,7,0,0,20,4,16,64,"0x0","0x7f0abb6c9340",4181245251380642,4181245251391257,4181245251395503,4181245251404267,4246
100,"loop_broadcast_fusion.kd",2,8,224,1263855,1263855,28160,256,0,0,4,4,16,64,"0x0","0x7f0abb6c9380",4181245251389034,4181245251410686,4181245251413570,4181245251427732,2884
101,"input_scatter_fusion.kd",2,8,225,1263855,1263855,28160,256,0,0,12,4,32,64,"0x0","0x7f0abb6c93c0",4181245251417106,4181245251443415,4181245251452548,4181245251459609,9133
102,"loop_reduce_window_fusion_1.kd",2,8,226,1263855,1263855,28160,256,0,0,8,0,16,64,"0x0","0x7f0abb6c9400",4181245251441702,4181245251452548,4181245251458517,4181245251465848,5969
103,"loop_reduce_window_fusion_2.kd",2,8,227,1263855,1263855,1792,256,0,0,8,0,16,64,"0x0","0x7f0abb6c9300",4181245251450105,4181245251458517,4181245251466609,4181245251476474,8092
104,"loop_slice_fusion_7.kd",2,8,228,1263855,1263855,7,7,0,0,20,4,16,64,"0x0","0x7f0abb6c9340",4181245251456645,4181245251466609,4181245251470855,4181245251481381,4246
105,"loop_slice_fusion_3.kd",2,8,229,1263855,1263855,110,110,0,0,8,0,16,64,"0x0","0x7f0abb6c9440",4181245251463695,4181245251484115,4181245251488482,4181245251490755,4367
106,"input_reduce_fusion_2.kd",2,8,230,1263855,1263855,64,64,0,0,8,0,16,64,"0x0","0x7f0abb6c9480",4181245251481952,4181245251495853,4181245251498577,4181245251503194,2724
107,"loop_select_fusion_4.kd",2,8,231,1263855,1263855,28160,256,0,0,8,0,32,64,"0x0","0x7f0abb6c94c0",4181245251500780,4181245251517885,4181245251521491,4181245251523524,3606
108,"loop_select_fusion.kd",2,8,232,1263855,1263855,28160,256,0,0,8,0,16,64,"0x0","0x7f0abb6c9500",4181245251516474,4181245251525657,4181245251528261,4181245251531516,2604
109,"loop_compare_fusion_1.kd",2,8,233,1263855,1263855,4096,256,0,0,4,4,16,64,"0x0","0x7f0abb6c9540",4181245251524846,4181245251534190,4181245251536673,4181245251538036,2483
110,"input_reduce_reduce_window_fusion_2.kd",2,8,234,1263855,1263855,256,256,512,0,20,4,32,64,"0x0","0x7f0abb6c9580",4181245251532457,4181245251552697,4181245251569162,4181245251569713,16465
111,"loop_slice_fusion_1.kd",2,8,235,1263855,1263855,16,16,0,0,20,4,16,64,"0x0","0x7f0abb6c95c0",4181245251552217,4181245251569162,4181245251574089,4181245251576303,4927
112,"loop_broadcast_fusion_3.kd",2,8,236,1263855,1263855,4096,256,0,0,4,4,16,64,"0x0","0x7f0abb6c9600",4181245251560329,4181245251574089,4181245251578696,4181245251584685,4607
113,"input_scatter_fusion_3.kd",2,8,237,1263855,1263855,4096,256,0,0,8,0,32,64,"0x0","0x7f0abb6c9640",4181245251568852,4181245251594559,4181245251604374,4181245251610844,9815
114,"loop_reduce_window_fusion_13.kd",2,8,238,1263855,1263855,4096,256,0,0,8,0,16,64,"0x0","0x7f0abb6c9680",4181245251593408,4181245251604374,4181245251609982,4181245251624074,5608
115,"loop_slice_fusion_1.kd",2,8,239,1263855,1263855,16,16,0,0,20,4,16,64,"0x0","0x7f0abb6c95c0",4181245251600539,4181245251609982,4181245251614269,4181245251641159,4287
116,"loop_remainder_fusion.kd",2,8,240,1263855,1263855,4096,256,0,0,12,4,16,64,"0x0","0x7f0abb6c96c0",4181245251608350,4181245251618435,4181245251624724,4181245251647649,6289
117,"loop_select_fusion_3.kd",2,8,241,1263855,1263855,4096,256,0,0,8,0,32,64,"0x0","0x7f0abb6c9700",4181245251621129,4181245251630373,4181245251633217,4181245251653748,2844
118,"loop_reduce_window_fusion_13.kd",2,8,242,1263855,1263855,4096,256,0,0,8,0,16,64,"0x0","0x7f0abb6c9680",4181245251628490,4181245251646236,4181245251650443,4181245251662150,4207
119,"loop_slice_fusion_1.kd",2,8,243,1263855,1263855,16,16,0,0,20,4,16,64,"0x0","0x7f0abb6c95c0",4181245251645656,4181245251667668,4181245251669912,4181245251670132,2244
120,"input_concatenate_fusion_1.kd",2,8,244,1263855,1263855,4096,256,0,0,8,0,32,64,"0x0","0x7f0abb6c9740",4181245251666697,4181245251677082,4181245251685495,4181245251690863,8413
121,"loop_compare_fusion.kd",2,8,245,1263855,1263855,8192,256,0,0,4,4,16,64,"0x0","0x7f0abb6c9780",4181245251675500,4181245251685495,4181245251690102,4181245251695961,4607
122,"input_reduce_reduce_window_fusion_1.kd",2,8,246,1263855,1263855,512,512,512,0,20,4,48,64,"0x0","0x7f0abb6c97c0",4181245251683742,4181245251694268,4181245251711093,4181245251717052,16825
123,"loop_reduce_window_fusion_6.kd",2,8,247,1263855,1263855,32,32,0,0,32,0,16,64,"0x0","0x7f0abb6c9800",4181245251694979,4181245251711093,4181245251721268,4181245251722730,10175
124,"loop_broadcast_fusion_1.kd",2,8,248,1263855,1263855,8192,256,0,0,4,4,16,64,"0x0","0x7f0abb6c9840",4181245251710883,4181245251721268,4181245251725955,4181245251731243,4687
125,"input_scatter_fusion_1.kd",2,8,249,1263855,1263855,8192,256,0,0,8,0,32,64,"0x0","0x7f0abb6c9880",4181245251718825,4181245251730081,4181245251736210,4181245251737993,6129
126,"loop_reduce_window_fusion_5.kd",2,8,250,1263855,1263855,8192,256,0,0,8,0,16,64,"0x0","0x7f0abb6c98c0",4181245251726596,4181245251736210,4181245251740857,4181245251745564,4647
127,"loop_reduce_window_fusion_4.kd",2,8,251,1263855,1263855,512,256,0,0,8,0,16,64,"0x0","0x7f0abb6c9900",4181245251735249,4181245251745023,4181245251749710,4181245251751724,4687
128,"loop_reduce_window_fusion_3.kd",2,8,252,1263855,1263855,32,32,0,0,8,0,16,64,"0x0","0x7f0abb6c9940",4181245251743271,4181245251767777,4181245251772744,4181245251773075,4967
129,"loop_select_fusion_6.kd",2,8,253,1263855,1263855,8192,256,0,0,8,0,32,64,"0x0","0x7f0abb6c9980",4181245251771203,4181245251788528,4181245251792454,4181245251793215,3926
130,"loop_select_fusion_1.kd",2,8,254,1263855,1263855,8192,256,0,0,8,0,16,64,"0x0","0x7f0abb6c99c0",4181245251786896,4181245251796780,4181245251799424,4181245251802309,2644
131,"loop_broadcast_fusion_4.kd",2,8,255,1263855,1263855,16,16,0,0,4,4,16,64,"0x0","0x7f0abb6c9a00",4181245251794828,4181245251807556,4181245251809239,4181245251809670,1683
132,"__amd_rocclr_fillBufferAligned.kd",2,8,256,1263855,1263855,77824,256,0,0,12,4,48,64,"0x0","0x7f2abbf33580",4181245251851832,4181245251862638,4181245251872573,4181245251879123,9935
133,"__amd_rocclr_fillBufferAligned.kd",2,8,257,1263855,1263855,16128,256,0,0,12,4,48,64,"0x0","0x7f2abbf33580",4181245251859364,4181245251872573,4181245251877060,4181245251885733,4487
134,"transformer_engine::fused_attn_rocm::populate_rng_state_kernel(long*, long const*, long) [clone .kd]",2,8,258,1263855,1263855,1,1,0,0,8,0,16,64,"0x0","0x7f1abba31380",4181245257562876,4181245257585629,4181245257589195,4181245257593492,3566
135,"__amd_rocclr_fillBufferAligned.kd",2,8,259,1263855,1263855,256,256,0,0,12,4,48,64,"0x0","0x7f2abbf33580",4181245257591829,4181245257621403,4181245257623646,4181245257623927,2243
136,"ck_fused_attn::get_runtime_max_seqlen_kernel(unsigned long, int const*, int const*, unsigned long*) [clone .kd]",2,8,260,1263855,1263855,4096,128,0,0,4,4,32,64,"0x0","0x7f1abba20940",4181245261768972,4181245261789121,4181245261797012,4181245261800990,7891
137,"__amd_rocclr_copyBuffer.kd",2,8,261,1263855,1263855,512,512,0,0,16,0,32,64,"0x7f32cafe9a00","0x7f2abbf33600",4181245261806888,4181245261828619,4181245261835630,4181245261842782,7011
138,"__amd_rocclr_fillBufferAligned.kd",2,8,263,1263855,1263855,256,256,0,0,12,4,48,64,"0x0","0x7f2abbf33580",4181245261867629,4181245261876611,4181245261878774,4181245261944433,2163
139,"ck_fused_attn::get_runtime_max_seqlen_kernel(unsigned long, int const*, int const*, unsigned long*) [clone .kd]",2,8,264,1263855,1263855,4096,128,0,0,4,4,32,64,"0x0","0x7f1abba20940",4181245261879837,4181245261887948,4181245261893957,4181245261960587,6009
140,"__amd_rocclr_copyBuffer.kd",2,8,265,1263855,1263855,512,512,0,0,16,0,32,64,"0x7f32cafe9200","0x7f2abbf33600",4181245261888820,4181245261898844,4181245261904733,4181245261950342,5889
141,"void transformer_engine::fused_attn_rocm::compute_scores_kernel<hip_bfloat16, transformer_engine::fused_attn_rocm::SmallSeqConfig<6, 128, 256, false, (transformer_engine::fused_attn_rocm::CausalMaskType)0>, 1>(hip_bfloat16 const*, hip_bfloat16 const*, hip_bfloat16*, float, int const*, int const*, int, int) [clone .kd]",2,8,267,1263855,1263855,64000,64,0,0,112,0,48,64,"0x0","0x7f02bb54f5c0",4181245277448051,4181245277475089,4181245277505854,4181245277512967,30765
142,"void transformer_engine::fused_attn_rocm::apply_mask_and_softmax_kernel<hip_bfloat16, transformer_engine::fused_attn_rocm::SmallSeqConfig<6, 128, 256, false, (transformer_engine::fused_attn_rocm::CausalMaskType)0> >(hip_bfloat16*, hip_bfloat16 const*, float, int const*, int, int) [clone .kd]",2,8,268,1263855,1263855,390144,256,1024,0,12,4,16,64,"0x0","0x7f02bb54f600",4181245277469853,4181245277505854,4181245277510942,4181245277549492,5088
143,"void transformer_engine::fused_attn_rocm::compute_output_kernel<hip_bfloat16, transformer_engine::fused_attn_rocm::SmallSeqConfig<6, 128, 256, false, (transformer_engine::fused_attn_rocm::CausalMaskType)0>, 2, 8>(hip_bfloat16 const*, hip_bfloat16 const*, hip_bfloat16*, int const*, int const*, int, int) [clone .kd]",2,8,269,1263855,1263855,512000,64,12288,0,28,4,48,64,"0x0","0x7f02bb54f640",4181245277477124,4181245277510942,4181245277574316,4181245277576351,63374
144,"loop_broadcast_fusion_5.kd",2,8,270,1263855,1263855,2048000,256,0,0,4,4,16,64,"0x0","0x7f0abb6c9a40",4181245277497444,4181245277574316,4181245277582529,4181245277586396,8213
145,"__amd_rocclr_fillBufferAligned.kd",2,8,271,1263855,1263855,77824,256,0,0,12,4,48,64,"0x0","0x7f2abbf33580",4181245277567308,4181245277582529,4181245277588658,4181245277593227,6129
146,"__amd_rocclr_fillBufferAligned.kd",2,8,272,1263855,1263855,77824,256,0,0,12,4,48,64,"0x0","0x7f2abbf33580",4181245277575590,4181245277609569,4181245277629679,4181245277634147,20110
147,"__amd_rocclr_fillBufferAligned.kd",2,8,273,1263855,1263855,77824,256,0,0,12,4,48,64,"0x0","0x7f2abbf33580",4181245277607558,4181245277629679,4181245277647105,4181245277656651,17426
148,"__amd_rocclr_fillBufferAligned.kd",2,8,274,1263855,1263855,256,256,0,0,12,4,48,64,"0x0","0x7f2abbf33580",4181245277617383,4181245277647105,4181245277651751,4181245277651904,4646
149,"ck_fused_attn::get_runtime_max_seqlen_kernel(unsigned long, int const*, int const*, unsigned long*) [clone .kd]",2,8,275,1263855,1263855,4096,128,0,0,4,4,32,64,"0x0","0x7f1abba20940",4181245277627037,4181245277651751,4181245277657800,4181245277666926,6049
150,"__amd_rocclr_copyBuffer.kd",2,8,276,1263855,1263855,512,512,0,0,16,0,32,64,"0x7f32cafe9100","0x7f2abbf33600",4181245277642129,4181245277657800,4181245277663930,4181245277671713,6130
151,"__amd_rocclr_fillBufferAligned.kd",2,8,278,1263855,1263855,256,256,0,0,12,4,48,64,"0x0","0x7f2abbf33580",4181245277694868,4181245277705872,4181245277707915,4181245277716961,2043
152,"ck_fused_attn::get_runtime_max_seqlen_kernel(unsigned long, int const*, int const*, unsigned long*) [clone .kd]",2,8,279,1263855,1263855,4096,128,0,0,4,4,32,64,"0x0","0x7f1abba20940",4181245277706145,4181245277715606,4181245277725541,4181245277727096,9935
153,"__amd_rocclr_copyBuffer.kd",2,8,280,1263855,1263855,512,512,0,0,16,0,32,64,"0x7f32cafe9000","0x7f2abbf33600",4181245277714757,4181245277725541,4181245277731109,4181245277731522,5568
154,"void transformer_engine::fused_attn_rocm::compute_grad_v_kernel<hip_bfloat16, transformer_engine::fused_attn_rocm::SmallSeqConfig<6, 128, 256, false, (transformer_engine::fused_attn_rocm::CausalMaskType)0>, 16, 16>(hip_bfloat16 const*, hip_bfloat16 const*, hip_bfloat16*, int const*, int const*, int, int) [clone .kd]",2,8,282,1263855,1263855,256000,64,12288,0,32,0,48,64,"0x0","0x7f02bb551100",4181245277757321,4181245277767283,4181245277914743,4181245277916017,147460
155,"void transformer_engine::fused_attn_rocm::compute_grad_attn_kernel<hip_bfloat16, transformer_engine::fused_attn_rocm::SmallSeqConfig<6, 128, 256, false, (transformer_engine::fused_attn_rocm::CausalMaskType)0>, 16>(hip_bfloat16 const*, hip_bfloat16 const*, hip_bfloat16*, int const*, int const*, int, int) [clone .kd]",2,8,283,1263855,1263855,8000,64,0,0,116,4,64,64,"0x0","0x7f02bb551140",4181245277766464,4181245277914743,4181245278146007,4181245278146329,231264
156,"void transformer_engine::fused_attn_rocm::softmax_backward_kernel<hip_bfloat16, transformer_engine::fused_attn_rocm::SmallSeqConfig<6, 128, 256, false, (transformer_engine::fused_attn_rocm::CausalMaskType)0> >(hip_bfloat16 const*, hip_bfloat16 const*, hip_bfloat16*, float, int const*, int, int) [clone .kd]",2,8,284,1263855,1263855,390144,256,1024,0,16,0,16,64,"0x0","0x7f02bb551180",4181245277773985,4181245278146007,4181245278151975,4181245278154561,5968
157,"void transformer_engine::fused_attn_rocm::compute_grad_qk_kernel<hip_bfloat16, transformer_engine::fused_attn_rocm::SmallSeqConfig<6, 128, 256, false, (transformer_engine::fused_attn_rocm::CausalMaskType)0>, 4, 16>(hip_bfloat16 const*, hip_bfloat16 const*, hip_bfloat16 const*, hip_bfloat16*, hip_bfloat16*, float, int const*, int const*, int, int) [clone .kd]",2,8,285,1263855,1263855,1024000,64,12288,0,36,4,48,64,"0x0","0x7f02bb5511c0",4181245277783810,4181245278151975,4181245278316059,4181245278319026,164084
158,"input_reduce_fusion.kd",2,8,286,1263855,1263855,524288,256,512,0,16,0,16,64,"0x0","0x7f0abb6c9a80",4181245277793074,4181245278316059,4181245278325193,4181245278329862,9134
159,"input_reduce_fusion_3.kd",2,8,287,1263855,1263855,128,128,512,0,24,0,16,64,"0x0","0x7f0abb6c9ac0",4181245277801276,4181245278325193,4181245278330962,4181245278336883,5769
160,"loop_convert_fusion.kd",2,8,288,1263855,1263855,1,1,0,0,4,4,16,64,"0x0","0x7f0abb6c9b00",4181245277811912,4181245278330962,4181245278335288,4181245278342932,4326
161,"input_reduce_reduce_window_fusion_3.kd",2,8,291,1263855,1263855,9728,256,0,0,28,4,48,64,"0x0","0x7f0abb6c9000",4181245278144527,4181245278346945,4181245278357761,4181245278357914,10816
162,"loop_reduce_window_fusion_11.kd",2,8,292,1263855,1263855,1536,256,0,0,8,0,16,64,"0x0","0x7f0abb6c9040",4181245278171346,4181245278357761,4181245278365533,4181245278377543,7772
163,"loop_slice_fusion_5.kd",2,8,293,1263855,1263855,6,6,0,0,20,4,16,64,"0x0","0x7f0abb6c9080",4181245278180119,4181245278365533,4181245278370661,4181245278383111,5128
164,"loop_broadcast_fusion_2.kd",2,8,294,1263855,1263855,24064,256,0,0,4,4,16,64,"0x0","0x7f0abb6c90c0",4181245278187100,4181245278370661,4181245278376710,4181245278389461,6049
165,"input_scatter_fusion_2.kd",2,8,295,1263855,1263855,24064,256,0,0,12,4,32,64,"0x0","0x7f0abb6c9100",4181245278198246,4181245278376710,4181245278385242,4181245278407898,8532
166,"loop_reduce_window_fusion_10.kd",2,8,296,1263855,1263855,24064,256,0,0,8,0,16,64,"0x0","0x7f0abb6c9140",4181245278210535,4181245278385242,4181245278390170,4181245278401519,4928
167,"loop_reduce_window_fusion_11.kd",2,8,297,1263855,1263855,1536,256,0,0,8,0,16,64,"0x0","0x7f0abb6c9040",4181245278220930,4181245278390170,4181245278395057,4181245278395390,4887
168,"loop_slice_fusion_4.kd",2,8,298,1263855,1263855,94,94,0,0,24,0,16,64,"0x0","0x7f0abb6c9180",4181245278237605,4181245278395057,4181245278400625,4181245278431884,5568
169,"input_reduce_fusion_1.kd",2,8,299,1263855,1263855,64,64,0,0,8,0,16,64,"0x0","0x7f0abb6c91c0",4181245278247760,4181245278400625,4181245278405392,4181245278437662,4767
170,"loop_select_fusion_5.kd",2,8,300,1263855,1263855,24064,256,0,0,8,0,32,64,"0x0","0x7f0abb6c9200",4181245278264275,4181245278405392,4181245278410520,4181245278423892,5128
171,"loop_select_fusion_2.kd",2,8,301,1263855,1263855,24064,256,0,0,4,4,16,64,"0x0","0x7f0abb6c9240",4181245278275401,4181245278410520,4181245278415407,4181245278418214,4887
172,"loop_reduce_window_fusion_10.kd",2,8,302,1263855,1263855,24064,256,0,0,8,0,16,64,"0x0","0x7f0abb6c9140",4181245278291595,4181245278415407,4181245278420214,4181245278487707,4807
173,"loop_reduce_window_fusion_11.kd",2,8,303,1263855,1263855,1536,256,0,0,8,0,16,64,"0x0","0x7f0abb6c9040",4181245278303042,4181245278420214,4181245278424981,4181245278493766,4767
174,"loop_slice_fusion_5.kd",2,8,304,1263855,1263855,6,6,0,0,20,4,16,64,"0x0","0x7f0abb6c9080",4181245278309862,4181245278424981,4181245278429748,4181245278499725,4767
175,"input_concatenate_fusion.kd",2,8,305,1263855,1263855,24064,256,0,0,12,4,32,64,"0x0","0x7f0abb6c9280",4181245278321019,4181245278429748,4181245278435437,4181245278505383,5689
176,"input_reduce_reduce_window_fusion.kd",2,8,306,1263855,1263855,11264,256,0,0,36,4,48,64,"0x0","0x7f0abb6c92c0",4181245278358234,4181245278435437,4181245278445572,4181245278446045,10135
177,"loop_reduce_window_fusion_2.kd",2,8,307,1263855,1263855,1792,256,0,0,8,0,16,64,"0x0","0x7f0abb6c9300",4181245278372816,4181245278445572,4181245278450820,4181245278481818,5248
178,"loop_slice_fusion_7.kd",2,8,308,1263855,1263855,7,7,0,0,20,4,16,64,"0x0","0x7f0abb6c9340",4181245278383191,4181245278450820,4181245278455587,4181245278514507,4767
179,"loop_broadcast_fusion.kd",2,8,309,1263855,1263855,28160,256,0,0,4,4,16,64,"0x0","0x7f0abb6c9380",4181245278422390,4181245278455587,4181245278460074,4181245278468809,4487
180,"input_scatter_fusion.kd",2,8,310,1263855,1263855,28160,256,0,0,12,4,32,64,"0x0","0x7f0abb6c93c0",4181245278465734,4181245278477980,4181245278485311,4181245278519895,7331
181,"loop_reduce_window_fusion_1.kd",2,8,311,1263855,1263855,28160,256,0,0,8,0,16,64,"0x0","0x7f0abb6c9400",4181245278476220,4181245278523368,4181245278527133,4181245278527596,3765
182,"loop_reduce_window_fusion_2.kd",2,8,312,1263855,1263855,1792,256,0,0,8,0,16,64,"0x0","0x7f0abb6c9300",4181245278522389,4181245278532702,4181245278538510,4181245278539824,5808
183,"loop_slice_fusion_7.kd",2,8,313,1263855,1263855,7,7,0,0,20,4,16,64,"0x0","0x7f0abb6c9340",4181245278530771,4181245278555255,4181245278557378,4181245278562258,2123
184,"loop_slice_fusion_3.kd",2,8,314,1263855,1263855,110,110,0,0,8,0,16,64,"0x0","0x7f0abb6c9440",4181245278554777,4181245278564188,4181245278568515,4181245278570650,4327
185,"input_reduce_fusion_2.kd",2,8,315,1263855,1263855,64,64,0,0,8,0,16,64,"0x0","0x7f0abb6c9480",4181245278563760,4181245278574524,4181245278576927,4181245278577791,2403
186,"loop_select_fusion_4.kd",2,8,316,1263855,1263855,28160,256,0,0,8,0,32,64,"0x0","0x7f0abb6c94c0",4181245278575878,4181245278593712,4181245278596837,4181245278598632,3125
187,"loop_select_fusion.kd",2,8,317,1263855,1263855,28160,256,0,0,8,0,16,64,"0x0","0x7f0abb6c9500",4181245278592433,4181245278602245,4181245278605089,4181245278606143,2844
188,"loop_compare_fusion_1.kd",2,8,318,1263855,1263855,4096,256,0,0,4,4,16,64,"0x0","0x7f0abb6c9540",4181245278600495,4181245278609896,4181245278612260,4181245278614255,2364
189,"input_reduce_reduce_window_fusion_2.kd",2,8,319,1263855,1263855,256,256,512,0,20,4,32,64,"0x0","0x7f0abb6c9580",4181245278608797,4181245278618549,4181245278634253,4181245278637109,15704
190,"loop_slice_fusion_1.kd",2,8,320,1263855,1263855,16,16,0,0,20,4,16,64,"0x0","0x7f0abb6c95c0",4181245278617770,4181245278634253,4181245278639180,4181245278651380,4927
191,"loop_broadcast_fusion_3.kd",2,8,321,1263855,1263855,4096,256,0,0,4,4,16,64,"0x0","0x7f0abb6c9600",4181245278626664,4181245278639180,4181245278644668,4181245278644921,5488
192,"input_scatter_fusion_3.kd",2,8,322,1263855,1263855,4096,256,0,0,8,0,32,64,"0x0","0x7f0abb6c9640",4181245278634706,4181245278644668,4181245278650877,4181245278659633,6209
193,"loop_reduce_window_fusion_13.kd",2,8,323,1263855,1263855,4096,256,0,0,8,0,16,64,"0x0","0x7f0abb6c9680",4181245278643198,4181245278667863,4181245278671348,4181245278672261,3485
194,"loop_slice_fusion_1.kd",2,8,324,1263855,1263855,16,16,0,0,20,4,16,64,"0x0","0x7f0abb6c95c0",4181245278666092,4181245278675754,4181245278677878,4181245278677820,2124
195,"loop_remainder_fusion.kd",2,8,325,1263855,1263855,4096,256,0,0,12,4,16,64,"0x0","0x7f0abb6c96c0",4181245278675576,4181245278686811,4181245278693100,4181245278694535,6289
196,"loop_select_fusion_3.kd",2,8,326,1263855,1263855,4096,256,0,0,8,0,32,64,"0x0","0x7f0abb6c9700",4181245278687865,4181245278698027,4181245278700832,4181245278702847,2805
197,"loop_reduce_window_fusion_13.kd",2,8,327,1263855,1263855,4096,256,0,0,8,0,16,64,"0x0","0x7f0abb6c9680",4181245278696267,4181245278718137,4181245278722223,4181245278722456,4086
198,"loop_slice_fusion_1.kd",2,8,328,1263855,1263855,16,16,0,0,20,4,16,64,"0x0","0x7f0abb6c95c0",4181245278717288,4181245278726069,4181245278727992,4181245278730538,1923
199,"input_concatenate_fusion_1.kd",2,8,329,1263855,1263855,4096,256,0,0,8,0,32,64,"0x0","0x7f0abb6c9740",4181245278724890,4181245278734402,4181245278740651,4181245278741625,6249
200,"loop_compare_fusion.kd",2,8,330,1263855,1263855,8192,256,0,0,4,4,16,64,"0x0","0x7f0abb6c9780",4181245278733683,4181245278744817,4181245278746660,4181245278748064,1843
201,"input_reduce_reduce_window_fusion_1.kd",2,8,331,1263855,1263855,512,512,512,0,20,4,48,64,"0x0","0x7f0abb6c97c0",4181245278742786,4181245278763565,4181245278781391,4181245278782235,17826
202,"loop_reduce_window_fusion_6.kd",2,8,332,1263855,1263855,32,32,0,0,32,0,16,64,"0x0","0x7f0abb6c9800",4181245278761995,4181245278781391,4181245278790084,4181245278790858,8693
203,"loop_broadcast_fusion_1.kd",2,8,333,1263855,1263855,8192,256,0,0,4,4,16,64,"0x0","0x7f0abb6c9840",4181245278770007,4181245278790084,4181245278795092,4181245278796046,5008
204,"input_scatter_fusion_1.kd",2,8,334,1263855,1263855,8192,256,0,0,8,0,32,64,"0x0","0x7f0abb6c9880",4181245278778399,4181245278795092,4181245278800460,4181245278805369,5368
205,"loop_reduce_window_fusion_5.kd",2,8,335,1263855,1263855,8192,256,0,0,8,0,16,64,"0x0","0x7f0abb6c98c0",4181245278785450,4181245278800460,4181245278805467,4181245278811999,5007
206,"loop_reduce_window_fusion_4.kd",2,8,336,1263855,1263855,512,256,0,0,8,0,16,64,"0x0","0x7f0abb6c9900",4181245278793131,4181245278805467,4181245278811476,4181245278818529,6009
207,"loop_reduce_window_fusion_3.kd",2,8,337,1263855,1263855,32,32,0,0,8,0,16,64,"0x0","0x7f0abb6c9940",4181245278801293,4181245278811476,4181245278815602,4181245278826811,4126
208,"loop_select_fusion_6.kd",2,8,338,1263855,1263855,8192,256,0,0,8,0,32,64,"0x0","0x7f0abb6c9980",4181245278812820,4181245278833349,4181245278836594,4181245278836776,3245
209,"loop_select_fusion_1.kd",2,8,339,1263855,1263855,8192,256,0,0,8,0,16,64,"0x0","0x7f0abb6c99c0",4181245278832129,4181245278841240,4181245278843884,4181245278844538,2644
210,"loop_broadcast_fusion_4.kd",2,8,340,1263855,1263855,16,16,0,0,4,4,16,64,"0x0","0x7f0abb6c9a00",4181245278840492,4181245278850855,4181245278852657,4181245278861773,1802
211,"__amd_rocclr_fillBufferAligned.kd",2,8,341,1263855,1263855,77824,256,0,0,12,4,48,64,"0x0","0x7f2abbf33580",4181245278858238,4181245278868321,4181245278882342,4181245278884237,14021
212,"__amd_rocclr_fillBufferAligned.kd",2,8,342,1263855,1263855,16128,256,0,0,12,4,48,64,"0x0","0x7f2abbf33580",4181245278865599,4181245278882342,4181245278887309,4181245278889585,4967
213,"transformer_engine::fused_attn_rocm::populate_rng_state_kernel(long*, long const*, long) [clone .kd]",2,8,343,1263855,1263855,1,1,0,0,8,0,16,64,"0x0","0x7f1abba31380",4181245278876846,4181245278887309,4181245278891395,4181245278898748,4086
214,"__amd_rocclr_fillBufferAligned.kd",2,8,344,1263855,1263855,256,256,0,0,12,4,48,64,"0x0","0x7f2abbf33580",4181245278888022,4181245278905095,4181245278907098,4181245278907251,2003
215,"ck_fused_attn::get_runtime_max_seqlen_kernel(unsigned long, int const*, int const*, unsigned long*) [clone .kd]",2,8,345,1263855,1263855,4096,128,0,0,4,4,32,64,"0x0","0x7f1abba20940",4181245278904847,4181245278914750,4181245278920839,4181245278925047,6089
216,"__amd_rocclr_copyBuffer.kd",2,8,346,1263855,1263855,512,512,0,0,16,0,32,64,"0x7f32cafe8e00","0x7f2abbf33600",4181245278916044,4181245278926728,4181245278933097,4181245278933049,6369
217,"__amd_rocclr_fillBufferAligned.kd",2,8,348,1263855,1263855,256,256,0,0,12,4,48,64,"0x0","0x7f2abbf33580",4181245278950595,4181245278961900,4181245278963903,4181245279002623,2003
218,"ck_fused_attn::get_runtime_max_seqlen_kernel(unsigned long, int const*, int const*, unsigned long*) [clone .kd]",2,8,349,1263855,1263855,4096,128,0,0,4,4,32,64,"0x0","0x7f1abba20940",4181245278960180,4181245278970272,4181245278976201,4181245279013659,5929
219,"__amd_rocclr_copyBuffer.kd",2,8,350,1263855,1263855,512,512,0,0,16,0,32,64,"0x7f32cafe8d00","0x7f2abbf33600",4181245278969403,4181245278980968,4181245278986056,4181245279008522,5088
220,"void transformer_engine::fused_attn_rocm::compute_scores_kernel<hip_bfloat16, transformer_engine::fused_attn_rocm::SmallSeqConfig<6, 128, 256, false, (transformer_engine::fused_attn_rocm::CausalMaskType)0>, 1>(hip_bfloat16 const*, hip_bfloat16 const*, hip_bfloat16*, float, int const*, int const*, int, int) [clone .kd]",2,8,352,1263855,1263855,64000,64,0,0,112,0,48,64,"0x0","0x7f02bb54f5c0",4181245279026939,4181245279042420,4181245279071222,4181245279075221,28802
221,"void transformer_engine::fused_attn_rocm::apply_mask_and_softmax_kernel<hip_bfloat16, transformer_engine::fused_attn_rocm::SmallSeqConfig<6, 128, 256, false, (transformer_engine::fused_attn_rocm::CausalMaskType)0> >(hip_bfloat16*, hip_bfloat16 const*, float, int const*, int, int) [clone .kd]",2,8,353,1263855,1263855,390144,256,1024,0,12,4,16,64,"0x0","0x7f02bb54f600",4181245279042332,4181245279071222,4181245279076430,4181245279084915,5208
222,"void transformer_engine::fused_attn_rocm::compute_output_kernel<hip_bfloat16, transformer_engine::fused_attn_rocm::SmallSeqConfig<6, 128, 256, false, (transformer_engine::fused_attn_rocm::CausalMaskType)0>, 2, 8>(hip_bfloat16 const*, hip_bfloat16 const*, hip_bfloat16*, int const*, int const*, int, int) [clone .kd]",2,8,354,1263855,1263855,512000,64,12288,0,28,4,48,64,"0x0","0x7f02bb54f640",4181245279049953,4181245279076430,4181245279138322,4181245279146056,61892
223,"loop_broadcast_fusion_5.kd",2,8,355,1263855,1263855,2048000,256,0,0,4,4,16,64,"0x0","0x7f0abb6c9a40",4181245279057675,4181245279138322,4181245279146534,4181245279154789,8212
224,"__amd_rocclr_fillBufferAligned.kd",2,8,356,1263855,1263855,77824,256,0,0,12,4,48,64,"0x0","0x7f2abbf33580",4181245279073178,4181245279146534,4181245279153425,4181245279159656,6891
225,"__amd_rocclr_fillBufferAligned.kd",2,8,357,1263855,1263855,77824,256,0,0,12,4,48,64,"0x0","0x7f2abbf33580",4181245279079647,4181245279153425,4181245279171251,4181245279175890,17826
226,"__amd_rocclr_fillBufferAligned.kd",2,8,358,1263855,1263855,77824,256,0,0,12,4,48,64,"0x0","0x7f2abbf33580",4181245279099046,4181245279171251,4181245279188757,4181245279191854,17506
227,"__amd_rocclr_fillBufferAligned.kd",2,8,359,1263855,1263855,256,256,0,0,12,4,48,64,"0x0","0x7f2abbf33580",4181245279106748,4181245279188757,4181245279193364,4181245279198594,4607
228,"ck_fused_attn::get_runtime_max_seqlen_kernel(unsigned long, int const*, int const*, unsigned long*) [clone .kd]",2,8,360,1263855,1263855,4096,128,0,0,4,4,32,64,"0x0","0x7f1abba20940",4181245279114539,4181245279193364,4181245279199333,4181245279205575,5969
229,"__amd_rocclr_copyBuffer.kd",2,8,361,1263855,1263855,512,512,0,0,16,0,32,64,"0x7f32cafe8c00","0x7f2abbf33600",4181245279121640,4181245279199333,4181245279205021,4181245279210282,5688
230,"__amd_rocclr_fillBufferAligned.kd",2,8,363,1263855,1263855,256,256,0,0,12,4,48,64,"0x0","0x7f2abbf33580",4181245279231303,4181245279240434,4181245279242557,4181245279244553,2123
231,"ck_fused_attn::get_runtime_max_seqlen_kernel(unsigned long, int const*, int const*, unsigned long*) [clone .kd]",2,8,364,1263855,1263855,4096,128,0,0,4,4,32,64,"0x0","0x7f1abba20940",4181245279238403,4181245279248726,4181245279254615,4181245279255349,5889
232,"__amd_rocclr_copyBuffer.kd",2,8,365,1263855,1263855,512,512,0,0,16,0,32,64,"0x7f32cafe8b00","0x7f2abbf33600",4181245279247327,4181245279261345,4181245279267795,4181245279270561,6450
233,"void transformer_engine::fused_attn_rocm::compute_grad_v_kernel<hip_bfloat16, transformer_engine::fused_attn_rocm::SmallSeqConfig<6, 128, 256, false, (transformer_engine::fused_attn_rocm::CausalMaskType)0>, 16, 16>(hip_bfloat16 const*, hip_bfloat16 const*, hip_bfloat16*, int const*, int const*, int, int) [clone .kd]",2,8,367,1263855,1263855,256000,64,12288,0,32,0,48,64,"0x0","0x7f02bb551100",4181245279286745,4181245279298681,4181245279439050,4181245279445912,140369
234,"void transformer_engine::fused_attn_rocm::compute_grad_attn_kernel<hip_bfloat16, transformer_engine::fused_attn_rocm::SmallSeqConfig<6, 128, 256, false, (transformer_engine::fused_attn_rocm::CausalMaskType)0>, 16>(hip_bfloat16 const*, hip_bfloat16 const*, hip_bfloat16*, int const*, int const*, int, int) [clone .kd]",2,8,368,1263855,1263855,8000,64,0,0,116,4,64,64,"0x0","0x7f02bb551140",4181245279297091,4181245279439050,4181245279679487,4181245279679640,240437
235,"void transformer_engine::fused_attn_rocm::softmax_backward_kernel<hip_bfloat16, transformer_engine::fused_attn_rocm::SmallSeqConfig<6, 128, 256, false, (transformer_engine::fused_attn_rocm::CausalMaskType)0> >(hip_bfloat16 const*, hip_bfloat16 const*, hip_bfloat16*, float, int const*, int, int) [clone .kd]",2,8,369,1263855,1263855,390144,256,1024,0,16,0,16,64,"0x0","0x7f02bb551180",4181245279303911,4181245279679487,4181245279685376,4181245279694111,5889
236,"void transformer_engine::fused_attn_rocm::compute_grad_qk_kernel<hip_bfloat16, transformer_engine::fused_attn_rocm::SmallSeqConfig<6, 128, 256, false, (transformer_engine::fused_attn_rocm::CausalMaskType)0>, 4, 16>(hip_bfloat16 const*, hip_bfloat16 const*, hip_bfloat16 const*, hip_bfloat16*, hip_bfloat16*, float, int const*, int const*, int, int) [clone .kd]",2,8,370,1263855,1263855,1024000,64,12288,0,36,4,48,64,"0x0","0x7f02bb5511c0",4181245279311442,4181245279685376,4181245279850381,4181245279855241,165005
237,"input_reduce_fusion.kd",2,8,371,1263855,1263855,524288,256,512,0,16,0,16,64,"0x0","0x7f0abb6c9a80",4181245279320736,4181245279850381,4181245279859875,4181245279863753,9494
238,"input_reduce_fusion_3.kd",2,8,372,1263855,1263855,128,128,512,0,24,0,16,64,"0x0","0x7f0abb6c9ac0",4181245279328778,4181245279859875,4181245279865323,4181245279878415,5448
239,"loop_convert_fusion.kd",2,8,373,1263855,1263855,1,1,0,0,4,4,16,64,"0x0","0x7f0abb6c9b00",4181245279335989,4181245279865323,4181245279870571,4181245279884244,5248
240,"input_reduce_reduce_window_fusion_3.kd",2,8,376,1263855,1263855,9728,256,0,0,28,4,48,64,"0x0","0x7f0abb6c9000",4181245279437069,4181245279883070,4181245279893485,4181245279895180,10415
241,"loop_reduce_window_fusion_11.kd",2,8,377,1263855,1263855,1536,256,0,0,8,0,16,64,"0x0","0x7f0abb6c9040",4181245279446583,4181245279893485,4181245279900456,4181245279900378,6971
242,"loop_slice_fusion_5.kd",2,8,378,1263855,1263855,6,6,0,0,20,4,16,64,"0x0","0x7f0abb6c9080",4181245279462577,4181245279900456,4181245279905463,4181245279906267,5007
243,"loop_broadcast_fusion_2.kd",2,8,379,1263855,1263855,24064,256,0,0,4,4,16,64,"0x0","0x7f0abb6c90c0",4181245279470979,4181245279905463,4181245279911232,4181245279912125,5769
244,"input_scatter_fusion_2.kd",2,8,380,1263855,1263855,24064,256,0,0,12,4,32,64,"0x0","0x7f0abb6c9100",4181245279480093,4181245279911232,4181245279919564,4181245279926877,8332
245,"loop_reduce_window_fusion_10.kd",2,8,381,1263855,1263855,24064,256,0,0,8,0,16,64,"0x0","0x7f0abb6c9140",4181245279487834,4181245279919564,4181245279925253,4181245279933507,5689
246,"loop_reduce_window_fusion_11.kd",2,8,382,1263855,1263855,1536,256,0,0,8,0,16,64,"0x0","0x7f0abb6c9040",4181245279496177,4181245279925253,4181245279930380,4181245279939877,5127
247,"loop_slice_fusion_4.kd",2,8,383,1263855,1263855,94,94,0,0,24,0,16,64,"0x0","0x7f0abb6c9180",4181245279503488,4181245279930380,4181245279936589,4181245279946296,6209
248,"input_reduce_fusion_1.kd",2,8,384,1263855,1263855,64,64,0,0,8,0,16,64,"0x0","0x7f0abb6c91c0",4181245279510568,4181245279936589,4181245279941357,4181245279952325,4768
249,"loop_select_fusion_5.kd",2,8,385,1263855,1263855,24064,256,0,0,8,0,32,64,"0x0","0x7f0abb6c9200",4181245279518540,4181245279941357,4181245279946404,4181245279957883,5047
250,"loop_select_fusion_2.kd",2,8,386,1263855,1263855,24064,256,0,0,4,4,16,64,"0x0","0x7f0abb6c9240",4181245279525821,4181245279946404,4181245279951291,4181245279964373,4887
251,"loop_reduce_window_fusion_10.kd",2,8,387,1263855,1263855,24064,256,0,0,8,0,16,64,"0x0","0x7f0abb6c9140",4181245279532050,4181245279951291,4181245279956058,4181245279971634,4767
252,"loop_reduce_window_fusion_11.kd",2,8,388,1263855,1263855,1536,256,0,0,8,0,16,64,"0x0","0x7f0abb6c9040",4181245279539201,4181245279956058,4181245279960906,4181245279977913,4848
253,"loop_slice_fusion_5.kd",2,8,389,1263855,1263855,6,6,0,0,20,4,16,64,"0x0","0x7f0abb6c9080",4181245279545680,4181245279960906,4181245279965633,4181245279983822,4727
254,"input_concatenate_fusion.kd",2,8,390,1263855,1263855,24064,256,0,0,12,4,32,64,"0x0","0x7f0abb6c9280",4181245279562375,4181245279965633,4181245279971161,4181245279989831,5528
255,"input_reduce_reduce_window_fusion.kd",2,8,391,1263855,1263855,11264,256,0,0,36,4,48,64,"0x0","0x7f0abb6c92c0",4181245279573822,4181245279971161,4181245279981737,4181245280002610,10576
256,"loop_reduce_window_fusion_2.kd",2,8,392,1263855,1263855,1792,256,0,0,8,0,16,64,"0x0","0x7f0abb6c9300",4181245279591038,4181245279981737,4181245279986904,4181245279995910,5167
257,"loop_slice_fusion_7.kd",2,8,393,1263855,1263855,7,7,0,0,20,4,16,64,"0x0","0x7f0abb6c9340",4181245279603997,4181245279986904,4181245279991631,4181245280023621,4727
258,"loop_broadcast_fusion.kd",2,8,394,1263855,1263855,28160,256,0,0,4,4,16,64,"0x0","0x7f0abb6c9380",4181245279621944,4181245279991631,4181245279996719,4181245280030141,5088
259,"input_scatter_fusion.kd",2,8,395,1263855,1263855,28160,256,0,0,12,4,32,64,"0x0","0x7f0abb6c93c0",4181245279634963,4181245279996719,4181245280003890,4181245280100466,7171
260,"loop_reduce_window_fusion_1.kd",2,8,396,1263855,1263855,28160,256,0,0,8,0,16,64,"0x0","0x7f0abb6c9400",4181245279654182,4181245280003890,4181245280008737,4181245280012264,4847
261,"loop_reduce_window_fusion_2.kd",2,8,397,1263855,1263855,1792,256,0,0,8,0,16,64,"0x0","0x7f0abb6c9300",4181245279664097,4181245280008737,4181245280013824,4181245280036010,5087
262,"loop_slice_fusion_7.kd",2,8,398,1263855,1263855,7,7,0,0,20,4,16,64,"0x0","0x7f0abb6c9340",4181245279671668,4181245280013824,4181245280018591,4181245280043070,4767
263,"loop_slice_fusion_3.kd",2,8,399,1263855,1263855,110,110,0,0,8,0,16,64,"0x0","0x7f0abb6c9440",4181245279685098,4181245280018591,4181245280023318,4181245280049350,4727
264,"input_reduce_fusion_2.kd",2,8,400,1263855,1263855,64,64,0,0,8,0,16,64,"0x0","0x7f0abb6c9480",4181245279708663,4181245280023318,4181245280028045,4181245280057932,4727
265,"loop_select_fusion_4.kd",2,8,401,1263855,1263855,28160,256,0,0,8,0,32,64,"0x0","0x7f0abb6c94c0",4181245279717196,4181245280028045,4181245280033133,4181245280064512,5088
266,"loop_select_fusion.kd",2,8,402,1263855,1263855,28160,256,0,0,8,0,16,64,"0x0","0x7f0abb6c9500",4181245279723405,4181245280033133,4181245280038140,4181245280070571,5007
267,"loop_compare_fusion_1.kd",2,8,403,1263855,1263855,4096,256,0,0,4,4,16,64,"0x0","0x7f0abb6c9540",4181245279741051,4181245280038140,4181245280043068,4181245280076540,4928
268,"input_reduce_reduce_window_fusion_2.kd",2,8,404,1263855,1263855,256,256,512,0,20,4,32,64,"0x0","0x7f0abb6c9580",4181245279752989,4181245280043068,4181245280060253,4181245280082539,17185
269,"loop_slice_fusion_1.kd",2,8,405,1263855,1263855,16,16,0,0,20,4,16,64,"0x0","0x7f0abb6c95c0",4181245279772738,4181245280060253,4181245280065061,4181245280088918,4808
270,"loop_broadcast_fusion_3.kd",2,8,406,1263855,1263855,4096,256,0,0,4,4,16,64,"0x0","0x7f0abb6c9600",4181245279785467,4181245280065061,4181245280070108,4181245280094717,5047
271,"input_scatter_fusion_3.kd",2,8,407,1263855,1263855,4096,256,0,0,8,0,32,64,"0x0","0x7f0abb6c9640",4181245279793148,4181245280070108,4181245280076317,4181245280118512,6209
272,"loop_reduce_window_fusion_13.kd",2,8,408,1263855,1263855,4096,256,0,0,8,0,16,64,"0x0","0x7f0abb6c9680",4181245279799598,4181245280076317,4181245280081245,4181245280125883,4928
273,"loop_slice_fusion_1.kd",2,8,409,1263855,1263855,16,16,0,0,20,4,16,64,"0x0","0x7f0abb6c95c0",4181245279806348,4181245280081245,4181245280086012,4181245280147225,4767
274,"loop_remainder_fusion.kd",2,8,410,1263855,1263855,4096,256,0,0,12,4,16,64,"0x0","0x7f0abb6c96c0",4181245279820519,4181245280086012,4181245280091981,4181245280155087,5969
275,"loop_select_fusion_3.kd",2,8,411,1263855,1263855,4096,256,0,0,8,0,32,64,"0x0","0x7f0abb6c9700",4181245279829052,4181245280091981,4181245280096868,4181245280160545,4887
276,"loop_reduce_window_fusion_13.kd",2,8,412,1263855,1263855,4096,256,0,0,8,0,16,64,"0x0","0x7f0abb6c9680",4181245279842562,4181245280096868,4181245280101755,4181245280174456,4887
277,"loop_slice_fusion_1.kd",2,8,413,1263855,1263855,16,16,0,0,20,4,16,64,"0x0","0x7f0abb6c95c0",4181245279871185,4181245280101755,4181245280106522,4181245280106515,4767
278,"input_concatenate_fusion_1.kd",2,8,414,1263855,1263855,4096,256,0,0,8,0,32,64,"0x0","0x7f0abb6c9740",4181245279899927,4181245280106522,4181245280112611,4181245280112664,6089
279,"loop_compare_fusion.kd",2,8,415,1263855,1263855,8192,256,0,0,4,4,16,64,"0x0","0x7f0abb6c9780",4181245279927128,4181245280112611,4181245280117699,4181245280169228,5088
280,"input_reduce_reduce_window_fusion_1.kd",2,8,416,1263855,1263855,512,512,512,0,20,4,48,64,"0x0","0x7f0abb6c97c0",4181245280024162,4181245280117699,4181245280134644,4181245280184551,16945
281,"loop_reduce_window_fusion_6.kd",2,8,417,1263855,1263855,32,32,0,0,32,0,16,64,"0x0","0x7f0abb6c9800",4181245280036450,4181245280139411,4181245280151108,4181245280179373,11697
282,"loop_broadcast_fusion_1.kd",2,8,418,1263855,1263855,8192,256,0,0,4,4,16,64,"0x0","0x7f0abb6c9840",4181245280137661,4181245280175345,4181245280177948,4181245280193694,2603
283,"input_scatter_fusion_1.kd",2,8,419,1263855,1263855,8192,256,0,0,8,0,32,64,"0x0","0x7f0abb6c9880",4181245280176058,4181245280186481,4181245280192290,4181245280199593,5809
284,"loop_reduce_window_fusion_5.kd",2,8,420,1263855,1263855,8192,256,0,0,8,0,16,64,"0x0","0x7f0abb6c98c0",4181245280185091,4181245280200101,4181245280203827,4181245280216999,3726
285,"loop_reduce_window_fusion_4.kd",2,8,421,1263855,1263855,512,256,0,0,8,0,16,64,"0x0","0x7f0abb6c9900",4181245280198351,4181245280224377,4181245280229785,4181245280231330,5408
286,"loop_reduce_window_fusion_3.kd",2,8,422,1263855,1263855,32,32,0,0,8,0,16,64,"0x0","0x7f0abb6c9940",4181245280226082,4181245280235514,4181245280239800,4181245280261966,4286
287,"loop_select_fusion_6.kd",2,8,423,1263855,1263855,8192,256,0,0,8,0,32,64,"0x0","0x7f0abb6c9980",4181245280260584,4181245280278017,4181245280281342,4181245280283828,3325
288,"loop_select_fusion_1.kd",2,8,424,1263855,1263855,8192,256,0,0,8,0,16,64,"0x0","0x7f0abb6c99c0",4181245280277909,4181245280287111,4181245280289675,4181245280293372,2564
289,"loop_broadcast_fusion_4.kd",2,8,425,1263855,1263855,16,16,0,0,4,4,16,64,"0x0","0x7f0abb6c9a00",4181245280285501,4181245280298928,4181245280300571,4181245280306873,1643
290,"__amd_rocclr_fillBufferAligned.kd",2,8,426,1263855,1263855,77824,256,0,0,12,4,48,64,"0x0","0x7f2abbf33580",4181245280305881,4181245280322724,4181245280336825,4181245280339812,14101
291,"__amd_rocclr_fillBufferAligned.kd",2,8,427,1263855,1263855,16128,256,0,0,12,4,48,64,"0x0","0x7f2abbf33580",4181245280320463,4181245280336825,4181245280342072,4181245280347443,5247
292,"transformer_engine::fused_attn_rocm::populate_rng_state_kernel(long*, long const*, long) [clone .kd]",2,8,428,1263855,1263855,1,1,0,0,8,0,16,64,"0x0","0x7f1abba31380",4181245280332290,4181245280342072,4181245280346239,4181245280355745,4167
293,"__amd_rocclr_fillBufferAligned.kd",2,8,429,1263855,1263855,256,256,0,0,12,4,48,64,"0x0","0x7f2abbf33580",4181245280342195,4181245280363344,4181245280365187,4181245280373221,1843
294,"ck_fused_attn::get_runtime_max_seqlen_kernel(unsigned long, int const*, int const*, unsigned long*) [clone .kd]",2,8,430,1263855,1263855,4096,128,0,0,4,4,32,64,"0x0","0x7f1abba20940",4181245280362696,4181245280372878,4181245280378647,4181245280382325,5769
295,"__amd_rocclr_copyBuffer.kd",2,8,431,1263855,1263855,512,512,0,0,16,0,32,64,"0x7f32cafe8900","0x7f2abbf33600",4181245280373472,4181245280389142,4181245280395592,4181245280398509,6450
296,"__amd_rocclr_fillBufferAligned.kd",2,8,433,1263855,1263855,256,256,0,0,12,4,48,64,"0x0","0x7f2abbf33580",4181245280416596,4181245280427439,4181245280429282,4181245280471517,1843
297,"ck_fused_attn::get_runtime_max_seqlen_kernel(unsigned long, int const*, int const*, unsigned long*) [clone .kd]",2,8,434,1263855,1263855,4096,128,0,0,4,4,32,64,"0x0","0x7f1abba20940",4181245280426771,4181245280434290,4181245280439938,4181245280482193,5648
298,"__amd_rocclr_copyBuffer.kd",2,8,435,1263855,1263855,512,512,0,0,16,0,32,64,"0x7f32cafe8800","0x7f2abbf33600",4181245280435624,4181245280447349,4181245280453678,4181245280477296,6329
299,"void transformer_engine::fused_attn_rocm::compute_scores_kernel<hip_bfloat16, transformer_engine::fused_attn_rocm::SmallSeqConfig<6, 128, 256, false, (transformer_engine::fused_attn_rocm::CausalMaskType)0>, 1>(hip_bfloat16 const*, hip_bfloat16 const*, hip_bfloat16*, float, int const*, int const*, int, int) [clone .kd]",2,8,437,1263855,1263855,64000,64,0,0,112,0,48,64,"0x0","0x7f02bb54f5c0",4181245280493250,4181245280508881,4181245280537844,4181245280541501,28963
300,"void transformer_engine::fused_attn_rocm::apply_mask_and_softmax_kernel<hip_bfloat16, transformer_engine::fused_attn_rocm::SmallSeqConfig<6, 128, 256, false, (transformer_engine::fused_attn_rocm::CausalMaskType)0> >(hip_bfloat16*, hip_bfloat16 const*, float, int const*, int, int) [clone .kd]",2,8,438,1263855,1263855,390144,256,1024,0,12,4,16,64,"0x0","0x7f02bb54f600",4181245280507241,4181245280537844,4181245280542931,4181245280552047,5087
301,"void transformer_engine::fused_attn_rocm::compute_output_kernel<hip_bfloat16, transformer_engine::fused_attn_rocm::SmallSeqConfig<6, 128, 256, false, (transformer_engine::fused_attn_rocm::CausalMaskType)0>, 2, 8>(hip_bfloat16 const*, hip_bfloat16 const*, hip_bfloat16*, int const*, int const*, int, int) [clone .kd]",2,8,439,1263855,1263855,512000,64,12288,0,28,4,48,64,"0x0","0x7f02bb54f640",4181245280515262,4181245280542931,4181245280607307,4181245280609863,64376
302,"loop_broadcast_fusion_5.kd",2,8,440,1263855,1263855,2048000,256,0,0,4,4,16,64,"0x0","0x7f0abb6c9a40",4181245280524076,4181245280607307,4181245280615599,4181245280618546,8292
303,"__amd_rocclr_fillBufferAligned.kd",2,8,441,1263855,1263855,77824,256,0,0,12,4,48,64,"0x0","0x7f2abbf33580",4181245280538287,4181245280615599,4181245280622409,4181245280623223,6810
304,"__amd_rocclr_fillBufferAligned.kd",2,8,442,1263855,1263855,77824,256,0,0,12,4,48,64,"0x0","0x7f2abbf33580",4181245280544646,4181245280622409,4181245280639955,4181245280647309,17546
305,"__amd_rocclr_fillBufferAligned.kd",2,8,443,1263855,1263855,77824,256,0,0,12,4,48,64,"0x0","0x7f2abbf33580",4181245280565547,4181245280639955,4181245280657502,4181245280668631,17547
306,"__amd_rocclr_fillBufferAligned.kd",2,8,444,1263855,1263855,256,256,0,0,12,4,48,64,"0x0","0x7f2abbf33580",4181245280573249,4181245280657502,4181245280662229,4181245280663182,4727
307,"ck_fused_attn::get_runtime_max_seqlen_kernel(unsigned long, int const*, int const*, unsigned long*) [clone .kd]",2,8,445,1263855,1263855,4096,128,0,0,4,4,32,64,"0x0","0x7f1abba20940",4181245280579258,4181245280662229,4181245280668238,4181245280675160,6009
308,"__amd_rocclr_copyBuffer.kd",2,8,446,1263855,1263855,512,512,0,0,16,0,32,64,"0x7f32cafe8700","0x7f2abbf33600",4181245280587159,4181245280668238,4181245280674006,4181245280680568,5768
309,"__amd_rocclr_fillBufferAligned.kd",2,8,448,1263855,1263855,256,256,0,0,12,4,48,64,"0x0","0x7f2abbf33580",4181245280697153,4181245280710581,4181245280712704,4181245280719917,2123
310,"ck_fused_attn::get_runtime_max_seqlen_kernel(unsigned long, int const*, int const*, unsigned long*) [clone .kd]",2,8,449,1263855,1263855,4096,128,0,0,4,4,32,64,"0x0","0x7f1abba20940",4181245280710773,4181245280720515,4181245280726524,4181245280729050,6009
311,"__amd_rocclr_copyBuffer.kd",2,8,450,1263855,1263855,512,512,0,0,16,0,32,64,"0x7f32cafe8600","0x7f2abbf33600",4181245280719636,4181245280746113,4181245280752763,4181245280756171,6650
312,"void transformer_engine::fused_attn_rocm::compute_grad_v_kernel<hip_bfloat16, transformer_engine::fused_attn_rocm::SmallSeqConfig<6, 128, 256, false, (transformer_engine::fused_attn_rocm::CausalMaskType)0>, 16, 16>(hip_bfloat16 const*, hip_bfloat16 const*, hip_bfloat16*, int const*, int const*, int, int) [clone .kd]",2,8,452,1263855,1263855,256000,64,12288,0,32,0,48,64,"0x0","0x7f02bb551100",4181245280770973,4181245280780845,4181245280920853,4181245280922749,140008
313,"void transformer_engine::fused_attn_rocm::compute_grad_attn_kernel<hip_bfloat16, transformer_engine::fused_attn_rocm::SmallSeqConfig<6, 128, 256, false, (transformer_engine::fused_attn_rocm::CausalMaskType)0>, 16>(hip_bfloat16 const*, hip_bfloat16 const*, hip_bfloat16*, int const*, int const*, int, int) [clone .kd]",2,8,453,1263855,1263855,8000,64,0,0,116,4,64,64,"0x0","0x7f02bb551140",4181245280779045,4181245280920853,4181245281152518,4181245281157488,231665
314,"void transformer_engine::fused_attn_rocm::softmax_backward_kernel<hip_bfloat16, transformer_engine::fused_attn_rocm::SmallSeqConfig<6, 128, 256, false, (transformer_engine::fused_attn_rocm::CausalMaskType)0> >(hip_bfloat16 const*, hip_bfloat16 const*, hip_bfloat16*, float, int const*, int, int) [clone .kd]",2,8,454,1263855,1263855,390144,256,1024,0,16,0,16,64,"0x0","0x7f02bb551180",4181245280787097,4181245281152518,4181245281158527,4181245281164218,6009
315,"void transformer_engine::fused_attn_rocm::compute_grad_qk_kernel<hip_bfloat16, transformer_engine::fused_attn_rocm::SmallSeqConfig<6, 128, 256, false, (transformer_engine::fused_attn_rocm::CausalMaskType)0>, 4, 16>(hip_bfloat16 const*, hip_bfloat16 const*, hip_bfloat16 const*, hip_bfloat16*, hip_bfloat16*, float, int const*, int const*, int, int) [clone .kd]",2,8,455,1263855,1263855,1024000,64,12288,0,36,4,48,64,"0x0","0x7f02bb5511c0",4181245280795039,4181245281158527,4181245281323252,4181245281330445,164725
316,"input_reduce_fusion.kd",2,8,456,1263855,1263855,524288,256,512,0,16,0,16,64,"0x0","0x7f0abb6c9a80",4181245280803111,4181245281323252,4181245281333186,4181245281343765,9934
317,"input_reduce_fusion_3.kd",2,8,457,1263855,1263855,128,128,512,0,24,0,16,64,"0x0","0x7f0abb6c9ac0",4181245280810131,4181245281333186,4181245281338875,4181245281350214,5689
318,"loop_convert_fusion.kd",2,8,458,1263855,1263855,1,1,0,0,4,4,16,64,"0x0","0x7f0abb6c9b00",4181245280817452,4181245281338875,4181245281343161,4181245281356123,4286
319,"input_reduce_reduce_window_fusion_3.kd",2,8,461,1263855,1263855,9728,256,0,0,28,4,48,64,"0x0","0x7f0abb6c9000",4181245280913134,4181245281354698,4181245281365434,4181245281366008,10736
320,"loop_reduce_window_fusion_11.kd",2,8,462,1263855,1263855,1536,256,0,0,8,0,16,64,"0x0","0x7f0abb6c9040",4181245280921987,4181245281365434,4181245281373086,4181245281376764,7652
321,"loop_slice_fusion_5.kd",2,8,463,1263855,1263855,6,6,0,0,20,4,16,64,"0x0","0x7f0abb6c9080",4181245280938742,4181245281373086,4181245281379175,4181245281383354,6089
322,"loop_broadcast_fusion_2.kd",2,8,464,1263855,1263855,24064,256,0,0,4,4,16,64,"0x0","0x7f0abb6c90c0",4181245280946664,4181245281379175,4181245281384743,4181245281389383,5568
323,"input_scatter_fusion_2.kd",2,8,465,1263855,1263855,24064,256,0,0,12,4,32,64,"0x0","0x7f0abb6c9100",4181245280954996,4181245281384743,4181245281393035,4181245281395371,8292
324,"loop_reduce_window_fusion_10.kd",2,8,466,1263855,1263855,24064,256,0,0,8,0,16,64,"0x0","0x7f0abb6c9140",4181245280962377,4181245281393035,4181245281400166,4181245281401000,7131
325,"loop_reduce_window_fusion_11.kd",2,8,467,1263855,1263855,1536,256,0,0,8,0,16,64,"0x0","0x7f0abb6c9040",4181245280969919,4181245281400166,4181245281406896,4181245281407029,6730
326,"loop_slice_fusion_4.kd",2,8,468,1263855,1263855,94,94,0,0,24,0,16,64,"0x0","0x7f0abb6c9180",4181245280978341,4181245281406896,4181245281412504,4181245281412717,5608
327,"input_reduce_fusion_1.kd",2,8,469,1263855,1263855,64,64,0,0,8,0,16,64,"0x0","0x7f0abb6c91c0",4181245280985552,4181245281412504,4181245281418193,4181245281418316,5689
328,"loop_select_fusion_5.kd",2,8,470,1263855,1263855,24064,256,0,0,8,0,32,64,"0x0","0x7f0abb6c9200",4181245280993594,4181245281418193,4181245281423721,4181245281424184,5528
329,"loop_select_fusion_2.kd",2,8,471,1263855,1263855,24064,256,0,0,4,4,16,64,"0x0","0x7f0abb6c9240",4181245281000815,4181245281423721,4181245281429370,4181245281429823,5649
330,"loop_reduce_window_fusion_10.kd",2,8,472,1263855,1263855,24064,256,0,0,8,0,16,64,"0x0","0x7f0abb6c9140",4181245281007805,4181245281429370,4181245281435138,4181245281435431,5768
331,"loop_reduce_window_fusion_11.kd",2,8,473,1263855,1263855,1536,256,0,0,8,0,16,64,"0x0","0x7f0abb6c9040",4181245281014595,4181245281435138,4181245281440626,4181245281442702,5488
332,"loop_slice_fusion_5.kd",2,8,474,1263855,1263855,6,6,0,0,20,4,16,64,"0x0","0x7f0abb6c9080",4181245281022076,4181245281440626,4181245281446114,4181245281448410,5488
333,"input_concatenate_fusion.kd",2,8,475,1263855,1263855,24064,256,0,0,12,4,32,64,"0x0","0x7f0abb6c9280",4181245281029507,4181245281446114,4181245281453085,4181245281454119,6971
334,"input_reduce_reduce_window_fusion.kd",2,8,476,1263855,1263855,11264,256,0,0,36,4,48,64,"0x0","0x7f0abb6c92c0",4181245281037149,4181245281453085,4181245281463861,4181245281467659,10776
335,"loop_reduce_window_fusion_2.kd",2,8,477,1263855,1263855,1792,256,0,0,8,0,16,64,"0x0","0x7f0abb6c9300",4181245281043528,4181245281463861,4181245281469830,4181245281473818,5969
336,"loop_slice_fusion_7.kd",2,8,478,1263855,1263855,7,7,0,0,20,4,16,64,"0x0","0x7f0abb6c9340",4181245281051340,4181245281469830,4181245281475799,4181245281484294,5969
337,"loop_broadcast_fusion.kd",2,8,479,1263855,1263855,28160,256,0,0,4,4,16,64,"0x0","0x7f0abb6c9380",4181245281058520,4181245281475799,4181245281480846,4181245281490793,5047
338,"input_scatter_fusion.kd",2,8,480,1263855,1263855,28160,256,0,0,12,4,32,64,"0x0","0x7f0abb6c93c0",4181245281066272,4181245281480846,4181245281488137,4181245281496993,7291
339,"loop_reduce_window_fusion_1.kd",2,8,481,1263855,1263855,28160,256,0,0,8,0,16,64,"0x0","0x7f0abb6c9400",4181245281073933,4181245281488137,4181245281492984,4181245281515120,4847
340,"loop_reduce_window_fusion_2.kd",2,8,482,1263855,1263855,1792,256,0,0,8,0,16,64,"0x0","0x7f0abb6c9300",4181245281080403,4181245281492984,4181245281498152,4181245281509481,5168
341,"loop_slice_fusion_7.kd",2,8,483,1263855,1263855,7,7,0,0,20,4,16,64,"0x0","0x7f0abb6c9340",4181245281086392,4181245281498152,4181245281502879,4181245281503532,4727
342,"loop_slice_fusion_3.kd",2,8,484,1263855,1263855,110,110,0,0,8,0,16,64,"0x0","0x7f0abb6c9440",4181245281093973,4181245281502879,4181245281507606,4181245281531284,4727
343,"input_reduce_fusion_2.kd",2,8,485,1263855,1263855,64,64,0,0,8,0,16,64,"0x0","0x7f0abb6c9480",4181245281102085,4181245281507606,4181245281512373,4181245281544203,4767
344,"loop_select_fusion_4.kd",2,8,486,1263855,1263855,28160,256,0,0,8,0,32,64,"0x0","0x7f0abb6c94c0",4181245281109256,4181245281512373,4181245281517461,4181245281538945,5088
345,"loop_select_fusion.kd",2,8,487,1263855,1263855,28160,256,0,0,8,0,16,64,"0x0","0x7f0abb6c9500",4181245281116497,4181245281517461,4181245281522428,4181245281525365,4967
346,"loop_compare_fusion_1.kd",2,8,488,1263855,1263855,4096,256,0,0,4,4,16,64,"0x0","0x7f0abb6c9540",4181245281123487,4181245281522428,4181245281527235,4181245281578814,4807
347,"input_reduce_reduce_window_fusion_2.kd",2,8,489,1263855,1263855,256,256,512,0,20,4,32,64,"0x0","0x7f0abb6c9580",4181245281130828,4181245281527235,4181245281544581,4181245281558634,17346
348,"loop_slice_fusion_1.kd",2,8,490,1263855,1263855,16,16,0,0,20,4,16,64,"0x0","0x7f0abb6c95c0",4181245281137999,4181245281544581,4181245281549308,4181245281552796,4727
349,"loop_broadcast_fusion_3.kd",2,8,491,1263855,1263855,4096,256,0,0,4,4,16,64,"0x0","0x7f0abb6c9600",4181245281145670,4181245281549308,4181245281554195,4181245281573827,4887
350,"input_scatter_fusion_3.kd",2,8,492,1263855,1263855,4096,256,0,0,8,0,32,64,"0x0","0x7f0abb6c9640",4181245281153351,4181245281554195,4181245281560324,4181245281564303,6129
351,"loop_reduce_window_fusion_13.kd",2,8,493,1263855,1263855,4096,256,0,0,8,0,16,64,"0x0","0x7f0abb6c9680",4181245281160292,4181245281560324,4181245281565131,4181245281628799,4807
352,"loop_slice_fusion_1.kd",2,8,494,1263855,1263855,16,16,0,0,20,4,16,64,"0x0","0x7f0abb6c95c0",4181245281168975,4181245281565131,4181245281569818,4181245281624362,4687
353,"loop_remainder_fusion.kd",2,8,495,1263855,1263855,4096,256,0,0,12,4,16,64,"0x0","0x7f0abb6c96c0",4181245281177748,4181245281569818,4181245281575787,4181245281618383,5969
354,"loop_select_fusion_3.kd",2,8,496,1263855,1263855,4096,256,0,0,8,0,32,64,"0x0","0x7f0abb6c9700",4181245281186351,4181245281575787,4181245281580634,4181245281614147,4847
355,"loop_reduce_window_fusion_13.kd",2,8,497,1263855,1263855,4096,256,0,0,8,0,16,64,"0x0","0x7f0abb6c9680",4181245281193611,4181245281580634,4181245281585402,4181245281608178,4768
356,"loop_slice_fusion_1.kd",2,8,498,1263855,1263855,16,16,0,0,20,4,16,64,"0x0","0x7f0abb6c95c0",4181245281203216,4181245281585402,4181245281590089,4181245281603130,4687
357,"input_concatenate_fusion_1.kd",2,8,499,1263855,1263855,4096,256,0,0,8,0,32,64,"0x0","0x7f0abb6c9740",4181245281215424,4181245281590089,4181245281596017,4181245281596621,5928
358,"loop_compare_fusion.kd",2,8,500,1263855,1263855,8192,256,0,0,4,4,16,64,"0x0","0x7f0abb6c9780",4181245281224437,4181245281596017,4181245281600985,4181245281649590,4968
359,"input_reduce_reduce_window_fusion_1.kd",2,8,501,1263855,1263855,512,512,512,0,20,4,48,64,"0x0","0x7f0abb6c97c0",4181245281236896,4181245281600985,4181245281618210,4181245281645303,17225
360,"loop_reduce_window_fusion_6.kd",2,8,502,1263855,1263855,32,32,0,0,32,0,16,64,"0x0","0x7f0abb6c9800",4181245281244908,4181245281618210,4181245281629948,4181245281640806,11738
361,"loop_broadcast_fusion_1.kd",2,8,503,1263855,1263855,8192,256,0,0,4,4,16,64,"0x0","0x7f0abb6c9840",4181245281258067,4181245281629948,4181245281634995,4181245281636360,5047
362,"input_scatter_fusion_1.kd",2,8,504,1263855,1263855,8192,256,0,0,8,0,32,64,"0x0","0x7f0abb6c9880",4181245281265659,4181245281634995,4181245281640403,4181245281665353,5408
363,"loop_reduce_window_fusion_5.kd",2,8,505,1263855,1263855,8192,256,0,0,8,0,16,64,"0x0","0x7f0abb6c98c0",4181245281279209,4181245281640403,4181245281645491,4181245281660856,5088
364,"loop_reduce_window_fusion_4.kd",2,8,506,1263855,1263855,512,256,0,0,8,0,16,64,"0x0","0x7f0abb6c9900",4181245281297836,4181245281645491,4181245281650659,4181245281656029,5168
365,"loop_reduce_window_fusion_3.kd",2,8,507,1263855,1263855,32,32,0,0,8,0,16,64,"0x0","0x7f0abb6c9940",4181245281313309,4181245281650659,4181245281655466,4181245281673886,4807
366,"loop_select_fusion_6.kd",2,8,508,1263855,1263855,8192,256,0,0,8,0,32,64,"0x0","0x7f0abb6c9980",4181245281320981,4181245281655466,4181245281660513,4181245281669619,5047
367,"loop_select_fusion_1.kd",2,8,509,1263855,1263855,8192,256,0,0,8,0,16,64,"0x0","0x7f0abb6c99c0",4181245281337115,4181245281660513,4181245281665441,4181245281700395,4928
368,"loop_broadcast_fusion_4.kd",2,8,510,1263855,1263855,16,16,0,0,4,4,16,64,"0x0","0x7f0abb6c9a00",4181245281374520,4181245281665441,4181245281670488,4181245281678412,5047
369,"__amd_rocclr_fillBufferAligned.kd",2,8,511,1263855,1263855,77824,256,0,0,12,4,48,64,"0x0","0x7f2abbf33580",4181245281482571,4181245281670488,4181245281683548,4181245281684542,13060
370,"__amd_rocclr_fillBufferAligned.kd",2,8,512,1263855,1263855,16128,256,0,0,12,4,48,64,"0x0","0x7f2abbf33580",4181245281531534,4181245281683548,4181245281688555,4181245281691131,5007
371,"transformer_engine::fused_attn_rocm::populate_rng_state_kernel(long*, long const*, long) [clone .kd]",2,8,513,1263855,1263855,1,1,0,0,8,0,16,64,"0x0","0x7f1abba31380",4181245281561228,4181245281688555,4181245281693402,4181245281695878,4847
372,"__amd_rocclr_fillBufferAligned.kd",2,8,514,1263855,1263855,256,256,0,0,12,4,48,64,"0x0","0x7f2abbf33580",4181245281575700,4181245281693402,4181245281698049,4181245281705092,4647
373,"ck_fused_attn::get_runtime_max_seqlen_kernel(unsigned long, int const*, int const*, unsigned long*) [clone .kd]",2,8,515,1263855,1263855,4096,128,0,0,4,4,32,64,"0x0","0x7f1abba20940",4181245281586986,4181245281698049,4181245281703858,4181245281717871,5809
374,"__amd_rocclr_copyBuffer.kd",2,8,516,1263855,1263855,512,512,0,0,16,0,32,64,"0x7f32cafe8400","0x7f2abbf33600",4181245281604442,4181245281703858,4181245281709306,4181245281711902,5448
375,"__amd_rocclr_fillBufferAligned.kd",2,8,518,1263855,1263855,256,256,0,0,12,4,48,64,"0x0","0x7f2abbf33580",4181245281737931,4181245281747082,4181245281749085,4181245281775787,2003
376,"ck_fused_attn::get_runtime_max_seqlen_kernel(unsigned long, int const*, int const*, unsigned long*) [clone .kd]",2,8,519,1263855,1263855,4096,128,0,0,4,4,32,64,"0x0","0x7f1abba20940",4181245281747345,4181245281755735,4181245281765389,4181245281786052,9654
377,"__amd_rocclr_copyBuffer.kd",2,8,520,1263855,1263855,512,512,0,0,16,0,32,64,"0x7f32cafe8300","0x7f2abbf33600",4181245281755197,4181245281765389,4181245281770757,4181245281780715,5368
378,"void transformer_engine::fused_attn_rocm::compute_scores_kernel<hip_bfloat16, transformer_engine::fused_attn_rocm::SmallSeqConfig<6, 128, 256, false, (transformer_engine::fused_attn_rocm::CausalMaskType)0>, 1>(hip_bfloat16 const*, hip_bfloat16 const*, hip_bfloat16*, float, int const*, int const*, int, int) [clone .kd]",2,8,522,1263855,1263855,64000,64,0,0,112,0,48,64,"0x0","0x7f02bb54f5c0",4181245281796778,4181245281806450,4181245281835534,4181245281837809,29084
379,"void transformer_engine::fused_attn_rocm::apply_mask_and_softmax_kernel<hip_bfloat16, transformer_engine::fused_attn_rocm::SmallSeqConfig<6, 128, 256, false, (transformer_engine::fused_attn_rocm::CausalMaskType)0> >(hip_bfloat16*, hip_bfloat16 const*, float, int const*, int, int) [clone .kd]",2,8,523,1263855,1263855,390144,256,1024,0,12,4,16,64,"0x0","0x7f02bb54f600",4181245281805922,4181245281835534,4181245281840741,4181245281844640,5207
380,"void transformer_engine::fused_attn_rocm::compute_output_kernel<hip_bfloat16, transformer_engine::fused_attn_rocm::SmallSeqConfig<6, 128, 256, false, (transformer_engine::fused_attn_rocm::CausalMaskType)0>, 2, 8>(hip_bfloat16 const*, hip_bfloat16 const*, hip_bfloat16*, int const*, int const*, int, int) [clone .kd]",2,8,524,1263855,1263855,512000,64,12288,0,28,4,48,64,"0x0","0x7f02bb54f640",4181245281822687,4181245281840741,4181245281904196,4181245281906722,63455
381,"loop_broadcast_fusion_5.kd",2,8,525,1263855,1263855,2048000,256,0,0,4,4,16,64,"0x0","0x7f0abb6c9a40",4181245281830669,4181245281904196,4181245281912328,4181245281912601,8132
382,"__amd_rocclr_fillBufferAligned.kd",2,8,526,1263855,1263855,77824,256,0,0,12,4,48,64,"0x0","0x7f2abbf33580",4181245281844620,4181245281912328,4181245281919058,4181245281919401,6730
383,"__amd_rocclr_fillBufferAligned.kd",2,8,527,1263855,1263855,77824,256,0,0,12,4,48,64,"0x0","0x7f2abbf33580",4181245281859982,4181245281919058,4181245281936764,4181245281944308,17706
384,"__amd_rocclr_fillBufferAligned.kd",2,8,528,1263855,1263855,77824,256,0,0,12,4,48,64,"0x0","0x7f2abbf33580",4181245281866672,4181245281936764,4181245281954470,4181245281965029,17706
385,"__amd_rocclr_fillBufferAligned.kd",2,8,529,1263855,1263855,256,256,0,0,12,4,48,64,"0x0","0x7f2abbf33580",4181245281876177,4181245281954470,4181245281959117,4181245281959881,4647
386,"ck_fused_attn::get_runtime_max_seqlen_kernel(unsigned long, int const*, int const*, unsigned long*) [clone .kd]",2,8,530,1263855,1263855,4096,128,0,0,4,4,32,64,"0x0","0x7f1abba20940",4181245281882516,4181245281959117,4181245281965006,4181245281976936,5889
387,"__amd_rocclr_copyBuffer.kd",2,8,531,1263855,1263855,512,512,0,0,16,0,32,64,"0x7f32cafe8200","0x7f2abbf33600",4181245281891149,4181245281965006,4181245281970494,4181245281971909,5488
388,"__amd_rocclr_fillBufferAligned.kd",2,8,533,1263855,1263855,256,256,0,0,12,4,48,64,"0x0","0x7f2abbf33580",4181245281993832,4181245282004545,4181245282006668,4181245282007392,2123
389,"ck_fused_attn::get_runtime_max_seqlen_kernel(unsigned long, int const*, int const*, unsigned long*) [clone .kd]",2,8,534,1263855,1263855,4096,128,0,0,4,4,32,64,"0x0","0x7f1abba20940",4181245282003886,4181245282011836,4181245282017805,4181245282018688,5969
390,"__amd_rocclr_copyBuffer.kd",2,8,535,1263855,1263855,512,512,0,0,16,0,32,64,"0x7f32cae73880","0x7f2abbf33600",4181245282013421,4181245282035351,4181245282042001,4181245282047611,6650
391,"void transformer_engine::fused_attn_rocm::compute_grad_v_kernel<hip_bfloat16, transformer_engine::fused_attn_rocm::SmallSeqConfig<6, 128, 256, false, (transformer_engine::fused_attn_rocm::CausalMaskType)0>, 16, 16>(hip_bfloat16 const*, hip_bfloat16 const*, hip_bfloat16*, int const*, int const*, int, int) [clone .kd]",2,8,537,1263855,1263855,256000,64,12288,0,32,0,48,64,"0x0","0x7f02bb551100",4181245282063675,4181245282073207,4181245282216740,4181245282219988,143533
392,"void transformer_engine::fused_attn_rocm::compute_grad_attn_kernel<hip_bfloat16, transformer_engine::fused_attn_rocm::SmallSeqConfig<6, 128, 256, false, (transformer_engine::fused_attn_rocm::CausalMaskType)0>, 16>(hip_bfloat16 const*, hip_bfloat16 const*, hip_bfloat16*, int const*, int const*, int, int) [clone .kd]",2,8,538,1263855,1263855,8000,64,0,0,116,4,64,64,"0x0","0x7f02bb551140",4181245282071587,4181245282216740,4181245282451249,4181245282453004,234509
393,"void transformer_engine::fused_attn_rocm::softmax_backward_kernel<hip_bfloat16, transformer_engine::fused_attn_rocm::SmallSeqConfig<6, 128, 256, false, (transformer_engine::fused_attn_rocm::CausalMaskType)0> >(hip_bfloat16 const*, hip_bfloat16 const*, hip_bfloat16*, float, int const*, int, int) [clone .kd]",2,8,539,1263855,1263855,390144,256,1024,0,16,0,16,64,"0x0","0x7f02bb551180",4181245282082303,4181245282451249,4181245282457338,4181245282461607,6089
394,"void transformer_engine::fused_attn_rocm::compute_grad_qk_kernel<hip_bfloat16, transformer_engine::fused_attn_rocm::SmallSeqConfig<6, 128, 256, false, (transformer_engine::fused_attn_rocm::CausalMaskType)0>, 4, 16>(hip_bfloat16 const*, hip_bfloat16 const*, hip_bfloat16 const*, hip_bfloat16*, hip_bfloat16*, float, int const*, int const*, int, int) [clone .kd]",2,8,540,1263855,1263855,1024000,64,12288,0,36,4,48,64,"0x0","0x7f02bb5511c0",4181245282089544,4181245282457338,4181245282607001,4181245282611190,149663
395,"input_reduce_fusion.kd",2,8,541,1263855,1263855,524288,256,512,0,16,0,16,64,"0x0","0x7f0abb6c9a80",4181245282099318,4181245282607001,4181245282616655,4181245282618971,9654
396,"input_reduce_fusion_3.kd",2,8,542,1263855,1263855,128,128,512,0,24,0,16,64,"0x0","0x7f0abb6c9ac0",4181245282106719,4181245282616655,4181245282622424,4181245282625471,5769
397,"loop_convert_fusion.kd",2,8,543,1263855,1263855,1,1,0,0,4,4,16,64,"0x0","0x7f0abb6c9b00",4181245282113079,4181245282622424,4181245282626790,4181245282631310,4366
398,"input_reduce_reduce_window_fusion_3.kd",2,8,546,1263855,1263855,9728,256,0,0,28,4,48,64,"0x0","0x7f0abb6c9000",4181245282238916,4181245282638568,4181245282649103,4181245282668144,10535
399,"loop_reduce_window_fusion_11.kd",2,8,547,1263855,1263855,1536,256,0,0,8,0,16,64,"0x0","0x7f0abb6c9040",4181245282248540,4181245282649103,4181245282656555,4181245282676246,7452
400,"loop_slice_fusion_5.kd",2,8,548,1263855,1263855,6,6,0,0,20,4,16,64,"0x0","0x7f0abb6c9080",4181245282256572,4181245282656555,4181245282661522,4181245282683187,4967
401,"loop_broadcast_fusion_2.kd",2,8,549,1263855,1263855,24064,256,0,0,4,4,16,64,"0x0","0x7f0abb6c90c0",4181245282263473,4181245282661522,4181245282667331,4181245282689426,5809
402,"input_scatter_fusion_2.kd",2,8,550,1263855,1263855,24064,256,0,0,12,4,32,64,"0x0","0x7f0abb6c9100",4181245282271114,4181245282667331,4181245282674621,4181245282695796,7290
403,"loop_reduce_window_fusion_10.kd",2,8,551,1263855,1263855,24064,256,0,0,8,0,16,64,"0x0","0x7f0abb6c9140",4181245282277664,4181245282674621,4181245282679509,4181245282701774,4888
404,"loop_reduce_window_fusion_11.kd",2,8,552,1263855,1263855,1536,256,0,0,8,0,16,64,"0x0","0x7f0abb6c9040",4181245282284674,4181245282679509,4181245282684396,4181245282707884,4887
405,"loop_slice_fusion_4.kd",2,8,553,1263855,1263855,94,94,0,0,24,0,16,64,"0x0","0x7f0abb6c9180",4181245282291264,4181245282684396,4181245282689764,4181245282713722,5368
406,"input_reduce_fusion_1.kd",2,8,554,1263855,1263855,64,64,0,0,8,0,16,64,"0x0","0x7f0abb6c91c0",4181245282299116,4181245282689764,4181245282694491,4181245282719651,4727
407,"loop_select_fusion_5.kd",2,8,555,1263855,1263855,24064,256,0,0,8,0,32,64,"0x0","0x7f0abb6c9200",4181245282306967,4181245282694491,4181245282699498,4181245282725289,5007
408,"loop_select_fusion_2.kd",2,8,556,1263855,1263855,24064,256,0,0,4,4,16,64,"0x0","0x7f0abb6c9240",4181245282315159,4181245282699498,4181245282704386,4181245282731118,4888
409,"loop_reduce_window_fusion_10.kd",2,8,557,1263855,1263855,24064,256,0,0,8,0,16,64,"0x0","0x7f0abb6c9140",4181245282322360,4181245282704386,4181245282709153,4181245282736957,4767
410,"loop_reduce_window_fusion_11.kd",2,8,558,1263855,1263855,1536,256,0,0,8,0,16,64,"0x0","0x7f0abb6c9040",4181245282329220,4181245282709153,4181245282714080,4181245282743196,4927
411,"loop_slice_fusion_5.kd",2,8,559,1263855,1263855,6,6,0,0,20,4,16,64,"0x0","0x7f0abb6c9080",4181245282335470,4181245282714080,4181245282718807,4181245282748784,4727
412,"input_concatenate_fusion.kd",2,8,560,1263855,1263855,24064,256,0,0,12,4,32,64,"0x0","0x7f0abb6c9280",4181245282343482,4181245282718807,4181245282724696,4181245282756916,5889
413,"input_reduce_reduce_window_fusion.kd",2,8,561,1263855,1263855,11264,256,0,0,36,4,48,64,"0x0","0x7f0abb6c92c0",4181245282350212,4181245282724696,4181245282735632,4181245282762705,10936
414,"loop_reduce_window_fusion_2.kd",2,8,562,1263855,1263855,1792,256,0,0,8,0,16,64,"0x0","0x7f0abb6c9300",4181245282357132,4181245282735632,4181245282740760,4181245282768494,5128
415,"loop_slice_fusion_7.kd",2,8,563,1263855,1263855,7,7,0,0,20,4,16,64,"0x0","0x7f0abb6c9340",4181245282363682,4181245282740760,4181245282745487,4181245282774412,4727
416,"loop_broadcast_fusion.kd",2,8,564,1263855,1263855,28160,256,0,0,4,4,16,64,"0x0","0x7f0abb6c9380",4181245282372004,4181245282745487,4181245282750574,4181245282809585,5087
417,"input_scatter_fusion.kd",2,8,565,1263855,1263855,28160,256,0,0,12,4,32,64,"0x0","0x7f0abb6c93c0",4181245282378944,4181245282750574,4181245282757665,4181245282803886,7091
418,"loop_reduce_window_fusion_1.kd",2,8,566,1263855,1263855,28160,256,0,0,8,0,16,64,"0x0","0x7f0abb6c9400",4181245282387517,4181245282757665,4181245282762592,4181245282798368,4927
419,"loop_reduce_window_fusion_2.kd",2,8,567,1263855,1263855,1792,256,0,0,8,0,16,64,"0x0","0x7f0abb6c9300",4181245282394527,4181245282762592,4181245282767720,4181245282792349,5128
420,"loop_slice_fusion_7.kd",2,8,568,1263855,1263855,7,7,0,0,20,4,16,64,"0x0","0x7f0abb6c9340",4181245282400737,4181245282767720,4181245282772447,4181245282786490,4727
421,"loop_slice_fusion_3.kd",2,8,569,1263855,1263855,110,110,0,0,8,0,16,64,"0x0","0x7f0abb6c9440",4181245282408178,4181245282772447,4181245282777174,4181245282780071,4727
422,"input_reduce_fusion_2.kd",2,8,570,1263855,1263855,64,64,0,0,8,0,16,64,"0x0","0x7f0abb6c9480",4181245282414988,4181245282777174,4181245282781861,4181245282856094,4687
423,"loop_select_fusion_4.kd",2,8,571,1263855,1263855,28160,256,0,0,8,0,32,64,"0x0","0x7f0abb6c94c0",4181245282422549,4181245282781861,4181245282786948,4181245282862163,5087
424,"loop_select_fusion.kd",2,8,572,1263855,1263855,28160,256,0,0,8,0,16,64,"0x0","0x7f0abb6c9500",4181245282429780,4181245282786948,4181245282791916,4181245282868162,4968
425,"loop_compare_fusion_1.kd",2,8,573,1263855,1263855,4096,256,0,0,4,4,16,64,"0x0","0x7f0abb6c9540",4181245282437281,4181245282791916,4181245282796723,4181245282836224,4807
426,"input_reduce_reduce_window_fusion_2.kd",2,8,574,1263855,1263855,256,256,512,0,20,4,32,64,"0x0","0x7f0abb6c9580",4181245282444301,4181245282796723,4181245282812386,4181245282819379,15663
427,"loop_slice_fusion_1.kd",2,8,575,1263855,1263855,16,16,0,0,20,4,16,64,"0x0","0x7f0abb6c95c0",4181245282451162,4181245282812386,4181245282817153,4181245282874071,4767
428,"loop_broadcast_fusion_3.kd",2,8,576,1263855,1263855,4096,256,0,0,4,4,16,64,"0x0","0x7f0abb6c9600",4181245282476179,4181245282817153,4181245282822121,4181245282880340,4968
429,"input_scatter_fusion_3.kd",2,8,577,1263855,1263855,4096,256,0,0,8,0,32,64,"0x0","0x7f0abb6c9640",4181245282484431,4181245282822121,4181245282828370,4181245282885918,6249
430,"loop_reduce_window_fusion_13.kd",2,8,578,1263855,1263855,4096,256,0,0,8,0,16,64,"0x0","0x7f0abb6c9680",4181245282491251,4181245282828370,4181245282833177,4181245282849434,4807
431,"loop_slice_fusion_1.kd",2,8,579,1263855,1263855,16,16,0,0,20,4,16,64,"0x0","0x7f0abb6c95c0",4181245282498752,4181245282833177,4181245282837864,4181245282843615,4687
432,"loop_remainder_fusion.kd",2,8,580,1263855,1263855,4096,256,0,0,12,4,16,64,"0x0","0x7f0abb6c96c0",4181245282505753,4181245282837864,4181245282843993,4181245282923464,6129
433,"loop_select_fusion_3.kd",2,8,581,1263855,1263855,4096,256,0,0,8,0,32,64,"0x0","0x7f0abb6c9700",4181245282513484,4181245282843993,4181245282849001,4181245282930685,5008
434,"loop_reduce_window_fusion_13.kd",2,8,582,1263855,1263855,4096,256,0,0,8,0,16,64,"0x0","0x7f0abb6c9680",4181245282521637,4181245282849001,4181245282853768,4181245282936534,4767
435,"loop_slice_fusion_1.kd",2,8,583,1263855,1263855,16,16,0,0,20,4,16,64,"0x0","0x7f0abb6c95c0",4181245282528346,4181245282853768,4181245282858495,4181245282917696,4727
436,"input_concatenate_fusion_1.kd",2,8,584,1263855,1263855,4096,256,0,0,8,0,32,64,"0x0","0x7f0abb6c9740",4181245282536178,4181245282858495,4181245282865225,4181245282911697,6730
437,"loop_compare_fusion.kd",2,8,585,1263855,1263855,8192,256,0,0,4,4,16,64,"0x0","0x7f0abb6c9780",4181245282543229,4181245282865225,4181245282870192,4181245282905618,4967
438,"input_reduce_reduce_window_fusion_1.kd",2,8,586,1263855,1263855,512,512,512,0,20,4,48,64,"0x0","0x7f0abb6c97c0",4181245282551321,4181245282870192,4181245282887178,4181245282894952,16986
439,"loop_reduce_window_fusion_6.kd",2,8,587,1263855,1263855,32,32,0,0,32,0,16,64,"0x0","0x7f0abb6c9800",4181245282559102,4181245282887178,4181245282898114,4181245282973368,10936
440,"loop_broadcast_fusion_1.kd",2,8,588,1263855,1263855,8192,256,0,0,4,4,16,64,"0x0","0x7f0abb6c9840",4181245282566133,4181245282898114,4181245282903121,4181245282969332,5007
441,"input_scatter_fusion_1.kd",2,8,589,1263855,1263855,8192,256,0,0,8,0,32,64,"0x0","0x7f0abb6c9880",4181245282573904,4181245282903121,4181245282908529,4181245282964605,5408
442,"loop_reduce_window_fusion_5.kd",2,8,590,1263855,1263855,8192,256,0,0,8,0,16,64,"0x0","0x7f0abb6c98c0",4181245282581966,4181245282908529,4181245282913577,4181245282954841,5048
443,"loop_reduce_window_fusion_4.kd",2,8,591,1263855,1263855,512,256,0,0,8,0,16,64,"0x0","0x7f0abb6c9900",4181245282588696,4181245282913577,4181245282918825,4181245282944946,5248
444,"loop_reduce_window_fusion_3.kd",2,8,592,1263855,1263855,32,32,0,0,8,0,16,64,"0x0","0x7f0abb6c9940",4181245282596257,4181245282918825,4181245282923592,4181245282977965,4767
445,"loop_select_fusion_6.kd",2,8,593,1263855,1263855,8192,256,0,0,8,0,32,64,"0x0","0x7f0abb6c9980",4181245282603759,4181245282923592,4181245282928639,4181245282982342,5047
446,"loop_select_fusion_1.kd",2,8,594,1263855,1263855,8192,256,0,0,8,0,16,64,"0x0","0x7f0abb6c99c0",4181245282610138,4181245282928639,4181245282933526,4181245282986358,4887
447,"loop_broadcast_fusion_4.kd",2,8,595,1263855,1263855,16,16,0,0,4,4,16,64,"0x0","0x7f0abb6c9a00",4181245282646522,4181245282933526,4181245282938574,4181245282959337,5048
448,"__amd_rocclr_fillBufferAligned.kd",2,8,596,1263855,1263855,77824,256,0,0,12,4,48,64,"0x0","0x7f2abbf33580",4181245282660723,4181245282938574,4181245282952555,4181245283015761,13981
449,"__amd_rocclr_fillBufferAligned.kd",2,8,597,1263855,1263855,16128,256,0,0,12,4,48,64,"0x0","0x7f2abbf33580",4181245282666282,4181245282952555,4181245282957522,4181245283020769,4967
450,"transformer_engine::fused_attn_rocm::populate_rng_state_kernel(long*, long const*, long) [clone .kd]",2,8,598,1263855,1263855,1,1,0,0,8,0,16,64,"0x0","0x7f1abba31380",4181245282675065,4181245282957522,4181245282962369,4181245282992897,4847
451,"__amd_rocclr_fillBufferAligned.kd",2,8,599,1263855,1263855,256,256,0,0,12,4,48,64,"0x0","0x7f2abbf33580",4181245282839179,4181245282962369,4181245282967016,4181245283005326,4647
452,"ck_fused_attn::get_runtime_max_seqlen_kernel(unsigned long, int const*, int const*, unsigned long*) [clone .kd]",2,8,600,1263855,1263855,4096,128,0,0,4,4,32,64,"0x0","0x7f1abba20940",4181245282849644,4181245282967016,4181245282972905,4181245282999878,5889
453,"__amd_rocclr_copyBuffer.kd",2,8,601,1263855,1263855,512,512,0,0,16,0,32,64,"0x7f32cafe9f00","0x7f2abbf33600",4181245282904175,4181245282972905,4181245282978353,4181245283010043,5448
454,"__amd_rocclr_fillBufferAligned.kd",2,8,603,1263855,1263855,256,256,0,0,12,4,48,64,"0x0","0x7f2abbf33580",4181245283034289,4181245283043330,4181245283045333,4181245283079276,2003
455,"ck_fused_attn::get_runtime_max_seqlen_kernel(unsigned long, int const*, int const*, unsigned long*) [clone .kd]",2,8,604,1263855,1263855,4096,128,0,0,4,4,32,64,"0x0","0x7f1abba20940",4181245283042932,4181245283050781,4181245283056630,4181245283089631,5849
456,"__amd_rocclr_copyBuffer.kd",2,8,605,1263855,1263855,512,512,0,0,16,0,32,64,"0x7f32cafe9e00","0x7f2abbf33600",4181245283061369,4181245283069689,4181245283075658,4181245283084584,5969
457,"void transformer_engine::fused_attn_rocm::compute_scores_kernel<hip_bfloat16, transformer_engine::fused_attn_rocm::SmallSeqConfig<6, 128, 256, false, (transformer_engine::fused_attn_rocm::CausalMaskType)0>, 1>(hip_bfloat16 const*, hip_bfloat16 const*, hip_bfloat16*, float, int const*, int const*, int, int) [clone .kd]",2,8,607,1263855,1263855,64000,64,0,0,112,0,48,64,"0x0","0x7f02bb54f5c0",4181245283101629,4181245283116318,4181245283146043,4181245283151203,29725
458,"void transformer_engine::fused_attn_rocm::apply_mask_and_softmax_kernel<hip_bfloat16, transformer_engine::fused_attn_rocm::SmallSeqConfig<6, 128, 256, false, (transformer_engine::fused_attn_rocm::CausalMaskType)0> >(hip_bfloat16*, hip_bfloat16 const*, float, int const*, int, int) [clone .kd]",2,8,608,1263855,1263855,390144,256,1024,0,12,4,16,64,"0x0","0x7f02bb54f600",4181245283115059,4181245283146043,4181245283151130,4181245283158504,5087
459,"void transformer_engine::fused_attn_rocm::compute_output_kernel<hip_bfloat16, transformer_engine::fused_attn_rocm::SmallSeqConfig<6, 128, 256, false, (transformer_engine::fused_attn_rocm::CausalMaskType)0>, 2, 8>(hip_bfloat16 const*, hip_bfloat16 const*, hip_bfloat16*, int const*, int const*, int, int) [clone .kd]",2,8,609,1263855,1263855,512000,64,12288,0,28,4,48,64,"0x0","0x7f02bb54f640",4181245283124243,4181245283151130,4181245283214705,4181245283220836,63575
460,"loop_broadcast_fusion_5.kd",2,8,610,1263855,1263855,2048000,256,0,0,4,4,16,64,"0x0","0x7f0abb6c9a40",4181245283132886,4181245283214705,4181245283222917,4181245283229329,8212
461,"__amd_rocclr_fillBufferAligned.kd",2,8,611,1263855,1263855,77824,256,0,0,12,4,48,64,"0x0","0x7f2abbf33580",4181245283147748,4181245283222917,4181245283229647,4181245283234236,6730
462,"__amd_rocclr_fillBufferAligned.kd",2,8,612,1263855,1263855,77824,256,0,0,12,4,48,64,"0x0","0x7f2abbf33580",4181245283156160,4181245283229647,4181245283247433,4181245283249930,17786
463,"__amd_rocclr_fillBufferAligned.kd",2,8,613,1263855,1263855,77824,256,0,0,12,4,48,64,"0x0","0x7f2abbf33580",4181245283165003,4181245283247433,4181245283265019,4181245283265142,17586
464,"__amd_rocclr_fillBufferAligned.kd",2,8,614,1263855,1263855,256,256,0,0,12,4,48,64,"0x0","0x7f2abbf33580",4181245283179114,4181245283265019,4181245283269626,4181245283271522,4607
465,"ck_fused_attn::get_runtime_max_seqlen_kernel(unsigned long, int const*, int const*, unsigned long*) [clone .kd]",2,8,615,1263855,1263855,4096,128,0,0,4,4,32,64,"0x0","0x7f1abba20940",4181245283186215,4181245283269626,4181245283275595,4181245283277891,5969
466,"__amd_rocclr_copyBuffer.kd",2,8,616,1263855,1263855,512,512,0,0,16,0,32,64,"0x7f32cae72e80","0x7f2abbf33600",4181245283196490,4181245283275595,4181245283280803,4181245283282688,5208
467,"__amd_rocclr_fillBufferAligned.kd",2,8,618,1263855,1263855,256,256,0,0,12,4,48,64,"0x0","0x7f2abbf33580",4181245283303930,4181245283313772,4181245283315895,4181245283318341,2123
468,"ck_fused_attn::get_runtime_max_seqlen_kernel(unsigned long, int const*, int const*, unsigned long*) [clone .kd]",2,8,619,1263855,1263855,4096,128,0,0,4,4,32,64,"0x0","0x7f1abba20940",4181245283313644,4181245283321544,4181245283329916,4181245283336789,8372
469,"__amd_rocclr_copyBuffer.kd",2,8,620,1263855,1263855,512,512,0,0,16,0,32,64,"0x7f32cafe9c00","0x7f2abbf33600",4181245283320705,4181245283329916,4181245283336125,4181245283342057,6209
470,"void transformer_engine::fused_attn_rocm::compute_grad_v_kernel<hip_bfloat16, transformer_engine::fused_attn_rocm::SmallSeqConfig<6, 128, 256, false, (transformer_engine::fused_attn_rocm::CausalMaskType)0>, 16, 16>(hip_bfloat16 const*, hip_bfloat16 const*, hip_bfloat16*, int const*, int const*, int, int) [clone .kd]",2,8,622,1263855,1263855,256000,64,12288,0,32,0,48,64,"0x0","0x7f02bb551100",4181245283358341,4181245283371378,4181245283506058,4181245283506081,134680
471,"void transformer_engine::fused_attn_rocm::compute_grad_attn_kernel<hip_bfloat16, transformer_engine::fused_attn_rocm::SmallSeqConfig<6, 128, 256, false, (transformer_engine::fused_attn_rocm::CausalMaskType)0>, 16>(hip_bfloat16 const*, hip_bfloat16 const*, hip_bfloat16*, int const*, int const*, int, int) [clone .kd]",2,8,623,1263855,1263855,8000,64,0,0,116,4,64,64,"0x0","0x7f02bb551140",4181245283369908,4181245283506058,4181245283738924,4181245283751365,232866
472,"void transformer_engine::fused_attn_rocm::softmax_backward_kernel<hip_bfloat16, transformer_engine::fused_attn_rocm::SmallSeqConfig<6, 128, 256, false, (transformer_engine::fused_attn_rocm::CausalMaskType)0> >(hip_bfloat16 const*, hip_bfloat16 const*, hip_bfloat16*, float, int const*, int, int) [clone .kd]",2,8,624,1263855,1263855,390144,256,1024,0,16,0,16,64,"0x0","0x7f02bb551180",4181245283378140,4181245283738924,4181245283744973,4181245283760469,6049
473,"void transformer_engine::fused_attn_rocm::compute_grad_qk_kernel<hip_bfloat16, transformer_engine::fused_attn_rocm::SmallSeqConfig<6, 128, 256, false, (transformer_engine::fused_attn_rocm::CausalMaskType)0>, 4, 16>(hip_bfloat16 const*, hip_bfloat16 const*, hip_bfloat16 const*, hip_bfloat16*, hip_bfloat16*, float, int const*, int const*, int, int) [clone .kd]",2,8,625,1263855,1263855,1024000,64,12288,0,36,4,48,64,"0x0","0x7f02bb5511c0",4181245283385201,4181245283744973,4181245283908056,4181245283910232,163083
474,"input_reduce_fusion.kd",2,8,626,1263855,1263855,524288,256,512,0,16,0,16,64,"0x0","0x7f0abb6c9a80",4181245283395506,4181245283908056,4181245283918551,4181245283920387,10495
475,"input_reduce_fusion_3.kd",2,8,627,1263855,1263855,128,128,512,0,24,0,16,64,"0x0","0x7f0abb6c9ac0",4181245283402186,4181245283918551,4181245283924280,4181245283929841,5729
476,"loop_convert_fusion.kd",2,8,628,1263855,1263855,1,1,0,0,4,4,16,64,"0x0","0x7f0abb6c9b00",4181245283409687,4181245283924280,4181245283928606,4181245283936040,4326
477,"input_reduce_reduce_window_fusion_3.kd",2,8,631,1263855,1263855,9728,256,0,0,28,4,48,64,"0x0","0x7f0abb6c9000",4181245283528494,4181245283940304,4181245283951961,4181245283954067,11657
478,"loop_reduce_window_fusion_11.kd",2,8,632,1263855,1263855,1536,256,0,0,8,0,16,64,"0x0","0x7f0abb6c9040",4181245283538218,4181245283951961,4181245283958331,4181245283960807,6370
479,"loop_slice_fusion_5.kd",2,8,633,1263855,1263855,6,6,0,0,20,4,16,64,"0x0","0x7f0abb6c9080",4181245283544808,4181245283958331,4181245283963458,4181245283968759,5127
480,"loop_broadcast_fusion_2.kd",2,8,634,1263855,1263855,24064,256,0,0,4,4,16,64,"0x0","0x7f0abb6c90c0",4181245283551729,4181245283963458,4181245283969067,4181245283974738,5609
481,"input_scatter_fusion_2.kd",2,8,635,1263855,1263855,24064,256,0,0,12,4,32,64,"0x0","0x7f0abb6c9100",4181245283559029,4181245283969067,4181245283977199,4181245283980997,8132
482,"loop_reduce_window_fusion_10.kd",2,8,636,1263855,1263855,24064,256,0,0,8,0,16,64,"0x0","0x7f0abb6c9140",4181245283566330,4181245283977199,4181245283982767,4181245283987336,5568
483,"loop_reduce_window_fusion_11.kd",2,8,637,1263855,1263855,1536,256,0,0,8,0,16,64,"0x0","0x7f0abb6c9040",4181245283573902,4181245283982767,4181245283988415,4181245283993435,5648
484,"loop_slice_fusion_4.kd",2,8,638,1263855,1263855,94,94,0,0,24,0,16,64,"0x0","0x7f0abb6c9180",4181245283581032,4181245283988415,4181245283995386,4181245283999244,6971
485,"input_reduce_fusion_1.kd",2,8,639,1263855,1263855,64,64,0,0,8,0,16,64,"0x0","0x7f0abb6c91c0",4181245283587862,4181245283995386,4181245284000954,4181245284005273,5568
486,"loop_select_fusion_5.kd",2,8,640,1263855,1263855,24064,256,0,0,8,0,32,64,"0x0","0x7f0abb6c9200",4181245283596375,4181245284000954,4181245284006763,4181245284011272,5809
487,"loop_select_fusion_2.kd",2,8,641,1263855,1263855,24064,256,0,0,4,4,16,64,"0x0","0x7f0abb6c9240",4181245283603355,4181245284006763,4181245284012371,4181245284017281,5608
488,"loop_reduce_window_fusion_10.kd",2,8,642,1263855,1263855,24064,256,0,0,8,0,16,64,"0x0","0x7f0abb6c9140",4181245283610516,4181245284012371,4181245284017979,4181245284023160,5608
489,"loop_reduce_window_fusion_11.kd",2,8,643,1263855,1263855,1536,256,0,0,8,0,16,64,"0x0","0x7f0abb6c9040",4181245283616625,4181245284017979,4181245284023588,4181245284029539,5609
490,"loop_slice_fusion_5.kd",2,8,644,1263855,1263855,6,6,0,0,20,4,16,64,"0x0","0x7f0abb6c9080",4181245283623395,4181245284023588,4181245284029156,4181245284035248,5568
491,"input_concatenate_fusion.kd",2,8,645,1263855,1263855,24064,256,0,0,12,4,32,64,"0x0","0x7f0abb6c9280",4181245283630506,4181245284029156,4181245284034924,4181245284040976,5768
492,"input_reduce_reduce_window_fusion.kd",2,8,646,1263855,1263855,11264,256,0,0,36,4,48,64,"0x0","0x7f0abb6c92c0",4181245283638167,4181245284034924,4181245284046141,4181245284048117,11217
493,"loop_reduce_window_fusion_2.kd",2,8,647,1263855,1263855,1792,256,0,0,8,0,16,64,"0x0","0x7f0abb6c9300",4181245283644767,4181245284046141,4181245284053031,4181245284053284,6890
494,"loop_slice_fusion_7.kd",2,8,648,1263855,1263855,7,7,0,0,20,4,16,64,"0x0","0x7f0abb6c9340",4181245283651918,4181245284053031,4181245284058600,4181245284059023,5569
495,"loop_broadcast_fusion.kd",2,8,649,1263855,1263855,28160,256,0,0,4,4,16,64,"0x0","0x7f0abb6c9380",4181245283658858,4181245284058600,4181245284064488,4181245284065152,5888
496,"input_scatter_fusion.kd",2,8,650,1263855,1263855,28160,256,0,0,12,4,32,64,"0x0","0x7f0abb6c93c0",4181245283666449,4181245284064488,4181245284072861,4181245284079884,8373
497,"loop_reduce_window_fusion_1.kd",2,8,651,1263855,1263855,28160,256,0,0,8,0,16,64,"0x0","0x7f0abb6c9400",4181245283674401,4181245284072861,4181245284078710,4181245284085482,5849
498,"loop_reduce_window_fusion_2.kd",2,8,652,1263855,1263855,1792,256,0,0,8,0,16,64,"0x0","0x7f0abb6c9300",4181245283680841,4181245284078710,4181245284083397,4181245284091051,4687
499,"loop_slice_fusion_7.kd",2,8,653,1263855,1263855,7,7,0,0,20,4,16,64,"0x0","0x7f0abb6c9340",4181245283687951,4181245284083397,4181245284089325,4181245284103359,5928
500,"loop_slice_fusion_3.kd",2,8,654,1263855,1263855,110,110,0,0,8,0,16,64,"0x0","0x7f0abb6c9440",4181245283694531,4181245284089325,4181245284094052,4181245284097280,4727
501,"input_reduce_fusion_2.kd",2,8,655,1263855,1263855,64,64,0,0,8,0,16,64,"0x0","0x7f0abb6c9480",4181245283702022,4181245284094052,4181245284098779,4181245284119223,4727
502,"loop_select_fusion_4.kd",2,8,656,1263855,1263855,28160,256,0,0,8,0,32,64,"0x0","0x7f0abb6c94c0",4181245283709453,4181245284098779,4181245284103827,4181245284125602,5048
503,"loop_select_fusion.kd",2,8,657,1263855,1263855,28160,256,0,0,8,0,16,64,"0x0","0x7f0abb6c9500",4181245283715863,4181245284103827,4181245284108794,4181245284113564,4967
504,"loop_compare_fusion_1.kd",2,8,658,1263855,1263855,4096,256,0,0,4,4,16,64,"0x0","0x7f0abb6c9540",4181245283723103,4181245284108794,4181245284113601,4181245284140785,4807
505,"input_reduce_reduce_window_fusion_2.kd",2,8,659,1263855,1263855,256,256,512,0,20,4,32,64,"0x0","0x7f0abb6c9580",4181245283731195,4181245284113601,4181245284129585,4181245284134075,15984
506,"loop_slice_fusion_1.kd",2,8,660,1263855,1263855,16,16,0,0,20,4,16,64,"0x0","0x7f0abb6c95c0",4181245283737885,4181245284129585,4181245284134312,4181245284146924,4727
507,"loop_broadcast_fusion_3.kd",2,8,661,1263855,1263855,4096,256,0,0,4,4,16,64,"0x0","0x7f0abb6c9600",4181245283745336,4181245284134312,4181245284139159,4181245284152542,4847
508,"input_scatter_fusion_3.kd",2,8,662,1263855,1263855,4096,256,0,0,8,0,32,64,"0x0","0x7f0abb6c9640",4181245283752046,4181245284139159,4181245284145329,4181245284158431,6170
509,"loop_reduce_window_fusion_13.kd",2,8,663,1263855,1263855,4096,256,0,0,8,0,16,64,"0x0","0x7f0abb6c9680",4181245283776964,4181245284145329,4181245284150096,4181245284164550,4767
510,"loop_slice_fusion_1.kd",2,8,664,1263855,1263855,16,16,0,0,20,4,16,64,"0x0","0x7f0abb6c95c0",4181245283785236,4181245284150096,4181245284154823,4181245284170419,4727
511,"loop_remainder_fusion.kd",2,8,665,1263855,1263855,4096,256,0,0,12,4,16,64,"0x0","0x7f0abb6c96c0",4181245283792527,4181245284154823,4181245284160792,4181245284175927,5969
512,"loop_select_fusion_3.kd",2,8,666,1263855,1263855,4096,256,0,0,8,0,32,64,"0x0","0x7f0abb6c9700",4181245283799928,4181245284160792,4181245284165599,4181245284181756,4807
513,"loop_reduce_window_fusion_13.kd",2,8,667,1263855,1263855,4096,256,0,0,8,0,16,64,"0x0","0x7f0abb6c9680",4181245283807419,4181245284165599,4181245284170406,4181245284187734,4807
514,"loop_slice_fusion_1.kd",2,8,668,1263855,1263855,16,16,0,0,20,4,16,64,"0x0","0x7f0abb6c95c0",4181245283814780,4181245284170406,4181245284175093,4181245284193473,4687
515,"input_concatenate_fusion_1.kd",2,8,669,1263855,1263855,4096,256,0,0,8,0,32,64,"0x0","0x7f0abb6c9740",4181245283821710,4181245284175093,4181245284181262,4181245284199292,6169
516,"loop_compare_fusion.kd",2,8,670,1263855,1263855,8192,256,0,0,4,4,16,64,"0x0","0x7f0abb6c9780",4181245283829161,4181245284181262,4181245284186270,4181245284205020,5008
517,"input_reduce_reduce_window_fusion_1.kd",2,8,671,1263855,1263855,512,512,512,0,20,4,48,64,"0x0","0x7f0abb6c97c0",4181245283836522,4181245284186270,4181245284203655,4181245284218811,17385
518,"loop_reduce_window_fusion_6.kd",2,8,672,1263855,1263855,32,32,0,0,32,0,16,64,"0x0","0x7f0abb6c9800",4181245283842771,4181245284203655,4181245284212629,4181245284224950,8974
519,"loop_broadcast_fusion_1.kd",2,8,673,1263855,1263855,8192,256,0,0,4,4,16,64,"0x0","0x7f0abb6c9840",4181245283850162,4181245284212629,4181245284217716,4181245284230358,5087
520,"input_scatter_fusion_1.kd",2,8,674,1263855,1263855,8192,256,0,0,8,0,32,64,"0x0","0x7f0abb6c9880",4181245283856832,4181245284217716,4181245284223405,4181245284235916,5689
521,"loop_reduce_window_fusion_5.kd",2,8,675,1263855,1263855,8192,256,0,0,8,0,16,64,"0x0","0x7f0abb6c98c0",4181245283862551,4181245284223405,4181245284228492,4181245284241555,5087
522,"loop_reduce_window_fusion_4.kd",2,8,676,1263855,1263855,512,256,0,0,8,0,16,64,"0x0","0x7f0abb6c9900",4181245283868940,4181245284228492,4181245284233620,4181245284247644,5128
523,"loop_reduce_window_fusion_3.kd",2,8,677,1263855,1263855,32,32,0,0,8,0,16,64,"0x0","0x7f0abb6c9940",4181245283875780,4181245284233620,4181245284238387,4181245284270628,4767
524,"loop_select_fusion_6.kd",2,8,678,1263855,1263855,8192,256,0,0,8,0,32,64,"0x0","0x7f0abb6c9980",4181245283882040,4181245284238387,4181245284243515,4181245284265410,5128
525,"loop_select_fusion_1.kd",2,8,679,1263855,1263855,8192,256,0,0,8,0,16,64,"0x0","0x7f0abb6c99c0",4181245283888499,4181245284243515,4181245284248442,4181245284259531,4927
526,"loop_broadcast_fusion_4.kd",2,8,680,1263855,1263855,16,16,0,0,4,4,16,64,"0x0","0x7f0abb6c9a00",4181245283897122,4181245284248442,4181245284253530,4181245284253452,5088
527,"__amd_rocclr_fillBufferAligned.kd",2,8,681,1263855,1263855,77824,256,0,0,12,4,48,64,"0x0","0x7f2abbf33580",4181245283917623,4181245284253530,4181245284267030,4181245284278950,13500
528,"__amd_rocclr_fillBufferAligned.kd",2,8,682,1263855,1263855,16128,256,0,0,12,4,48,64,"0x0","0x7f2abbf33580",4181245283924954,4181245284267030,4181245284271997,4181245284298579,4967
529,"transformer_engine::fused_attn_rocm::populate_rng_state_kernel(long*, long const*, long) [clone .kd]",2,8,683,1263855,1263855,1,1,0,0,8,0,16,64,"0x0","0x7f1abba31380",4181245283954017,4181245284271997,4181245284276964,4181245284293442,4967
530,"__amd_rocclr_fillBufferAligned.kd",2,8,684,1263855,1263855,256,256,0,0,12,4,48,64,"0x0","0x7f2abbf33580",4181245284088938,4181245284276964,4181245284281611,4181245284306822,4647
531,"ck_fused_attn::get_runtime_max_seqlen_kernel(unsigned long, int const*, int const*, unsigned long*) [clone .kd]",2,8,685,1263855,1263855,4096,128,0,0,4,4,32,64,"0x0","0x7f1abba20940",4181245284119092,4181245284281611,4181245284286459,4181245284317938,4848
532,"__amd_rocclr_copyBuffer.kd",2,8,686,1263855,1263855,512,512,0,0,16,0,32,64,"0x7f32cafe9300","0x7f2abbf33600",4181245284140785,4181245284293870,4181245284300519,4181245284311709,6649
533,"__amd_rocclr_fillBufferAligned.kd",2,8,688,1263855,1263855,256,256,0,0,12,4,48,64,"0x0","0x7f2abbf33580",4181245284338188,4181245284347189,4181245284349032,4181245284370797,1843
534,"ck_fused_attn::get_runtime_max_seqlen_kernel(unsigned long, int const*, int const*, unsigned long*) [clone .kd]",2,8,689,1263855,1263855,4096,128,0,0,4,4,32,64,"0x0","0x7f1abba20940",4181245284345880,4181245284354800,4181245284360489,4181245284380972,5689
535,"__amd_rocclr_copyBuffer.kd",2,8,690,1263855,1263855,512,512,0,0,16,0,32,64,"0x7f32cae71d80","0x7f2abbf33600",4181245284355314,4181245284365296,4181245284370263,4181245284375974,4967
536,"void transformer_engine::fused_attn_rocm::compute_scores_kernel<hip_bfloat16, transformer_engine::fused_attn_rocm::SmallSeqConfig<6, 128, 256, false, (transformer_engine::fused_attn_rocm::CausalMaskType)0>, 1>(hip_bfloat16 const*, hip_bfloat16 const*, hip_bfloat16*, float, int const*, int const*, int, int) [clone .kd]",2,8,692,1263855,1263855,64000,64,0,0,112,0,48,64,"0x0","0x7f02bb54f5c0",4181245284392048,4181245284401149,4181245284427869,4181245284432639,26720
537,"void transformer_engine::fused_attn_rocm::apply_mask_and_softmax_kernel<hip_bfloat16, transformer_engine::fused_attn_rocm::SmallSeqConfig<6, 128, 256, false, (transformer_engine::fused_attn_rocm::CausalMaskType)0> >(hip_bfloat16*, hip_bfloat16 const*, float, int const*, int, int) [clone .kd]",2,8,693,1263855,1263855,390144,256,1024,0,12,4,16,64,"0x0","0x7f02bb54f600",4181245284399560,4181245284427869,4181245284432956,4181245284439559,5087
538,"void transformer_engine::fused_attn_rocm::compute_output_kernel<hip_bfloat16, transformer_engine::fused_attn_rocm::SmallSeqConfig<6, 128, 256, false, (transformer_engine::fused_attn_rocm::CausalMaskType)0>, 2, 8>(hip_bfloat16 const*, hip_bfloat16 const*, hip_bfloat16*, int const*, int const*, int, int) [clone .kd]",2,8,694,1263855,1263855,512000,64,12288,0,28,4,48,64,"0x0","0x7f02bb54f640",4181245284409364,4181245284432956,4181245284496090,4181245284500069,63134
539,"loop_broadcast_fusion_5.kd",2,8,695,1263855,1263855,2048000,256,0,0,4,4,16,64,"0x0","0x7f0abb6c9a40",4181245284427201,4181245284496090,4181245284504343,4181245284508792,8253
540,"__amd_rocclr_fillBufferAligned.kd",2,8,696,1263855,1263855,77824,256,0,0,12,4,48,64,"0x0","0x7f2abbf33580",4181245284440540,4181245284504343,4181245284511113,4181245284513449,6770
541,"__amd_rocclr_fillBufferAligned.kd",2,8,697,1263855,1263855,77824,256,0,0,12,4,48,64,"0x0","0x7f2abbf33580",4181245284453139,4181245284511113,4181245284528779,4181245284530034,17666
542,"__amd_rocclr_fillBufferAligned.kd",2,8,698,1263855,1263855,77824,256,0,0,12,4,48,64,"0x0","0x7f2abbf33580",4181245284460070,4181245284528779,4181245284546485,4181245284559037,17706
543,"__amd_rocclr_fillBufferAligned.kd",2,8,699,1263855,1263855,256,256,0,0,12,4,48,64,"0x0","0x7f2abbf33580",4181245284468212,4181245284546485,4181245284551292,4181245284553949,4807
544,"ck_fused_attn::get_runtime_max_seqlen_kernel(unsigned long, int const*, int const*, unsigned long*) [clone .kd]",2,8,700,1263855,1263855,4096,128,0,0,4,4,32,64,"0x0","0x7f1abba20940",4181245284473950,4181245284551292,4181245284557181,4181245284570313,5889
545,"__amd_rocclr_copyBuffer.kd",2,8,701,1263855,1263855,512,512,0,0,16,0,32,64,"0x7f32cafe9800","0x7f2abbf33600",4181245284481521,4181245284557181,4181245284562910,4181245284565426,5729
546,"__amd_rocclr_fillBufferAligned.kd",2,8,703,1263855,1263855,256,256,0,0,12,4,48,64,"0x0","0x7f2abbf33580",4181245284587759,4181245284596720,4181245284598843,4181245284606367,2123
547,"ck_fused_attn::get_runtime_max_seqlen_kernel(unsigned long, int const*, int const*, unsigned long*) [clone .kd]",2,8,704,1263855,1263855,4096,128,0,0,4,4,32,64,"0x0","0x7f1abba20940",4181245284595932,4181245284604291,4181245284610260,4181245284614459,5969
548,"__amd_rocclr_copyBuffer.kd",2,8,705,1263855,1263855,512,512,0,0,16,0,32,64,"0x7f32cafe9780","0x7f2abbf33600",4181245284603793,4181245284615147,4181245284619314,4181245284619266,4167
549,"void transformer_engine::fused_attn_rocm::compute_grad_v_kernel<hip_bfloat16, transformer_engine::fused_attn_rocm::SmallSeqConfig<6, 128, 256, false, (transformer_engine::fused_attn_rocm::CausalMaskType)0>, 16, 16>(hip_bfloat16 const*, hip_bfloat16 const*, hip_bfloat16*, int const*, int const*, int, int) [clone .kd]",2,8,707,1263855,1263855,256000,64,12288,0,32,0,48,64,"0x0","0x7f02bb551100",4181245284634970,4181245284644311,4181245284786682,4181245284791482,142371
550,"void transformer_engine::fused_attn_rocm::compute_grad_attn_kernel<hip_bfloat16, transformer_engine::fused_attn_rocm::SmallSeqConfig<6, 128, 256, false, (transformer_engine::fused_attn_rocm::CausalMaskType)0>, 16>(hip_bfloat16 const*, hip_bfloat16 const*, hip_bfloat16*, int const*, int const*, int, int) [clone .kd]",2,8,708,1263855,1263855,8000,64,0,0,116,4,64,64,"0x0","0x7f02bb551140",4181245284642311,4181245284786682,4181245285018307,4181245285018270,231625
551,"void transformer_engine::fused_attn_rocm::softmax_backward_kernel<hip_bfloat16, transformer_engine::fused_attn_rocm::SmallSeqConfig<6, 128, 256, false, (transformer_engine::fused_attn_rocm::CausalMaskType)0> >(hip_bfloat16 const*, hip_bfloat16 const*, hip_bfloat16*, float, int const*, int, int) [clone .kd]",2,8,709,1263855,1263855,390144,256,1024,0,16,0,16,64,"0x0","0x7f02bb551180",4181245284652255,4181245285018307,4181245285024396,4181245285025861,6089
552,"void transformer_engine::fused_attn_rocm::compute_grad_qk_kernel<hip_bfloat16, transformer_engine::fused_attn_rocm::SmallSeqConfig<6, 128, 256, false, (transformer_engine::fused_attn_rocm::CausalMaskType)0>, 4, 16>(hip_bfloat16 const*, hip_bfloat16 const*, hip_bfloat16 const*, hip_bfloat16*, hip_bfloat16*, float, int const*, int const*, int, int) [clone .kd]",2,8,710,1263855,1263855,1024000,64,12288,0,36,4,48,64,"0x0","0x7f02bb5511c0",4181245284660357,4181245285024396,4181245285191204,4181245285195994,166808
553,"input_reduce_fusion.kd",2,8,711,1263855,1263855,524288,256,512,0,16,0,16,64,"0x0","0x7f0abb6c9a80",4181245284669641,4181245285191204,4181245285200618,4181245285204977,9414
554,"input_reduce_fusion_3.kd",2,8,712,1263855,1263855,128,128,512,0,24,0,16,64,"0x0","0x7f0abb6c9ac0",4181245284678164,4181245285200618,4181245285206146,4181245285217156,5528
555,"loop_convert_fusion.kd",2,8,713,1263855,1263855,1,1,0,0,4,4,16,64,"0x0","0x7f0abb6c9b00",4181245284684944,4181245285206146,4181245285210272,4181245285223645,4126
556,"input_reduce_reduce_window_fusion_3.kd",2,8,716,1263855,1263855,9728,256,0,0,28,4,48,64,"0x0","0x7f0abb6c9000",4181245284803891,4181245285221609,4181245285232666,4181245285234992,11057
557,"loop_reduce_window_fusion_11.kd",2,8,717,1263855,1263855,1536,256,0,0,8,0,16,64,"0x0","0x7f0abb6c9040",4181245284813054,4181245285232666,4181245285240157,4181245285240170,7491
558,"loop_slice_fusion_5.kd",2,8,718,1263855,1263855,6,6,0,0,20,4,16,64,"0x0","0x7f0abb6c9080",4181245284821297,4181245285240157,4181245285245164,4181245285246259,5007
559,"loop_broadcast_fusion_2.kd",2,8,719,1263855,1263855,24064,256,0,0,4,4,16,64,"0x0","0x7f0abb6c90c0",4181245284828648,4181245285245164,4181245285250813,4181245285252198,5649
560,"input_scatter_fusion_2.kd",2,8,720,1263855,1263855,24064,256,0,0,12,4,32,64,"0x0","0x7f0abb6c9100",4181245284836690,4181245285250813,4181245285258985,4181245285259388,8172
561,"loop_reduce_window_fusion_10.kd",2,8,721,1263855,1263855,24064,256,0,0,8,0,16,64,"0x0","0x7f0abb6c9140",4181245284843840,4181245285258985,4181245285264593,4181245285265207,5608
562,"loop_reduce_window_fusion_11.kd",2,8,722,1263855,1263855,1536,256,0,0,8,0,16,64,"0x0","0x7f0abb6c9040",4181245284851191,4181245285264593,4181245285270282,4181245285271196,5689
563,"loop_slice_fusion_4.kd",2,8,723,1263855,1263855,94,94,0,0,24,0,16,64,"0x0","0x7f0abb6c9180",4181245284858442,4181245285270282,4181245285277292,4181245285276974,7010
564,"input_reduce_fusion_1.kd",2,8,724,1263855,1263855,64,64,0,0,8,0,16,64,"0x0","0x7f0abb6c91c0",4181245284865883,4181245285277292,4181245285282941,4181245285282623,5649
565,"loop_select_fusion_5.kd",2,8,725,1263855,1263855,24064,256,0,0,8,0,32,64,"0x0","0x7f0abb6c9200",4181245284873905,4181245285282941,4181245285288709,4181245285296333,5768
566,"loop_select_fusion_2.kd",2,8,726,1263855,1263855,24064,256,0,0,4,4,16,64,"0x0","0x7f0abb6c9240",4181245284880935,4181245285288709,4181245285294438,4181245285301621,5729
567,"loop_reduce_window_fusion_10.kd",2,8,727,1263855,1263855,24064,256,0,0,8,0,16,64,"0x0","0x7f0abb6c9140",4181245284888246,4181245285294438,4181245285300086,4181245285306709,5648
568,"loop_reduce_window_fusion_11.kd",2,8,728,1263855,1263855,1536,256,0,0,8,0,16,64,"0x0","0x7f0abb6c9040",4181245284895197,4181245285300086,4181245285305574,4181245285312698,5488
569,"loop_slice_fusion_5.kd",2,8,729,1263855,1263855,6,6,0,0,20,4,16,64,"0x0","0x7f0abb6c9080",4181245284901977,4181245285305574,4181245285310261,4181245285318997,4687
570,"input_concatenate_fusion.kd",2,8,730,1263855,1263855,24064,256,0,0,12,4,32,64,"0x0","0x7f0abb6c9280",4181245284908076,4181245285310261,4181245285316150,4181245285324946,5889
571,"input_reduce_reduce_window_fusion.kd",2,8,731,1263855,1263855,11264,256,0,0,36,4,48,64,"0x0","0x7f0abb6c92c0",4181245284915357,4181245285316150,4181245285326445,4181245285330634,10295
572,"loop_reduce_window_fusion_2.kd",2,8,732,1263855,1263855,1792,256,0,0,8,0,16,64,"0x0","0x7f0abb6c9300",4181245284922407,4181245285326445,4181245285331893,4181245285338286,5448
573,"loop_slice_fusion_7.kd",2,8,733,1263855,1263855,7,7,0,0,20,4,16,64,"0x0","0x7f0abb6c9340",4181245284930539,4181245285331893,4181245285336580,4181245285344235,4687
574,"loop_broadcast_fusion.kd",2,8,734,1263855,1263855,28160,256,0,0,4,4,16,64,"0x0","0x7f0abb6c9380",4181245284937600,4181245285336580,4181245285341668,4181245285350063,5088
575,"input_scatter_fusion.kd",2,8,735,1263855,1263855,28160,256,0,0,12,4,32,64,"0x0","0x7f0abb6c93c0",4181245284945301,4181245285341668,4181245285348758,4181245285355752,7090
576,"loop_reduce_window_fusion_1.kd",2,8,736,1263855,1263855,28160,256,0,0,8,0,16,64,"0x0","0x7f0abb6c9400",4181245284952973,4181245285348758,4181245285353646,4181245285361610,4888
577,"loop_reduce_window_fusion_2.kd",2,8,737,1263855,1263855,1792,256,0,0,8,0,16,64,"0x0","0x7f0abb6c9300",4181245284960454,4181245285353646,4181245285358693,4181245285367479,5047
578,"loop_slice_fusion_7.kd",2,8,738,1263855,1263855,7,7,0,0,20,4,16,64,"0x0","0x7f0abb6c9340",4181245284966913,4181245285358693,4181245285363380,4181245285373658,4687
579,"loop_slice_fusion_3.kd",2,8,739,1263855,1263855,110,110,0,0,8,0,16,64,"0x0","0x7f0abb6c9440",4181245284974555,4181245285363380,4181245285368107,4181245285399156,4727
580,"input_reduce_fusion_2.kd",2,8,740,1263855,1263855,64,64,0,0,8,0,16,64,"0x0","0x7f0abb6c9480",4181245284982236,4181245285368107,4181245285372874,4181245285405706,4767
581,"loop_select_fusion_4.kd",2,8,741,1263855,1263855,28160,256,0,0,8,0,32,64,"0x0","0x7f0abb6c94c0",4181245284989267,4181245285372874,4181245285377882,4181245285515850,5008
582,"loop_select_fusion.kd",2,8,742,1263855,1263855,28160,256,0,0,8,0,16,64,"0x0","0x7f0abb6c9500",4181245284996547,4181245285377882,4181245285382809,4181245285383823,4927
583,"loop_compare_fusion_1.kd",2,8,743,1263855,1263855,4096,256,0,0,4,4,16,64,"0x0","0x7f0abb6c9540",4181245285003428,4181245285382809,4181245285387656,4181245285411835,4847
584,"input_reduce_reduce_window_fusion_2.kd",2,8,744,1263855,1263855,256,256,512,0,20,4,32,64,"0x0","0x7f0abb6c9580",4181245285011289,4181245285387656,4181245285403279,4181245285417854,15623
585,"loop_slice_fusion_1.kd",2,8,745,1263855,1263855,16,16,0,0,20,4,16,64,"0x0","0x7f0abb6c95c0",4181245285019261,4181245285403279,4181245285408047,4181245285423643,4768
586,"loop_broadcast_fusion_3.kd",2,8,746,1263855,1263855,4096,256,0,0,4,4,16,64,"0x0","0x7f0abb6c9600",4181245285040523,4181245285408047,4181245285413014,4181245285431474,4967
587,"input_scatter_fusion_3.kd",2,8,747,1263855,1263855,4096,256,0,0,8,0,32,64,"0x0","0x7f0abb6c9640",4181245285048024,4181245285413014,4181245285419343,4181245285437433,6329
588,"loop_reduce_window_fusion_13.kd",2,8,748,1263855,1263855,4096,256,0,0,8,0,16,64,"0x0","0x7f0abb6c9680",4181245285055155,4181245285419343,4181245285424151,4181245285443372,4808
589,"loop_slice_fusion_1.kd",2,8,749,1263855,1263855,16,16,0,0,20,4,16,64,"0x0","0x7f0abb6c95c0",4181245285062716,4181245285424151,4181245285428878,4181245285449321,4727
590,"loop_remainder_fusion.kd",2,8,750,1263855,1263855,4096,256,0,0,12,4,16,64,"0x0","0x7f0abb6c96c0",4181245285070177,4181245285428878,4181245285435047,4181245285455270,6169
591,"loop_select_fusion_3.kd",2,8,751,1263855,1263855,4096,256,0,0,8,0,32,64,"0x0","0x7f0abb6c9700",4181245285077388,4181245285435047,4181245285439854,4181245285462450,4807
592,"loop_reduce_window_fusion_13.kd",2,8,752,1263855,1263855,4096,256,0,0,8,0,16,64,"0x0","0x7f0abb6c9680",4181245285084128,4181245285439854,4181245285444661,4181245285468710,4807
593,"loop_slice_fusion_1.kd",2,8,753,1263855,1263855,16,16,0,0,20,4,16,64,"0x0","0x7f0abb6c95c0",4181245285091058,4181245285444661,4181245285449388,4181245285474648,4727
594,"input_concatenate_fusion_1.kd",2,8,754,1263855,1263855,4096,256,0,0,8,0,32,64,"0x0","0x7f0abb6c9740",4181245285098809,4181245285449388,4181245285455597,4181245285480577,6209
595,"loop_compare_fusion.kd",2,8,755,1263855,1263855,8192,256,0,0,4,4,16,64,"0x0","0x7f0abb6c9780",4181245285106621,4181245285455597,4181245285460685,4181245285486025,5088
596,"input_reduce_reduce_window_fusion_1.kd",2,8,756,1263855,1263855,512,512,512,0,20,4,48,64,"0x0","0x7f0abb6c97c0",4181245285113341,4181245285460685,4181245285478672,4181245285491874,17987
597,"loop_reduce_window_fusion_6.kd",2,8,757,1263855,1263855,32,32,0,0,32,0,16,64,"0x0","0x7f0abb6c9800",4181245285121954,4181245285478672,4181245285490049,4181245285497833,11377
598,"loop_broadcast_fusion_1.kd",2,8,758,1263855,1263855,8192,256,0,0,4,4,16,64,"0x0","0x7f0abb6c9840",4181245285129555,4181245285490049,4181245285495056,4181245285503161,5007
599,"input_scatter_fusion_1.kd",2,8,759,1263855,1263855,8192,256,0,0,8,0,32,64,"0x0","0x7f0abb6c9880",4181245285136576,4181245285495056,4181245285500424,4181245285510291,5368
600,"loop_reduce_window_fusion_5.kd",2,8,760,1263855,1263855,8192,256,0,0,8,0,16,64,"0x0","0x7f0abb6c98c0",4181245285144347,4181245285500424,4181245285505552,4181245285532995,5128
601,"loop_reduce_window_fusion_4.kd",2,8,761,1263855,1263855,512,256,0,0,8,0,16,64,"0x0","0x7f0abb6c9900",4181245285151227,4181245285505552,4181245285510879,4181245285538363,5327
602,"loop_reduce_window_fusion_3.kd",2,8,762,1263855,1263855,32,32,0,0,8,0,16,64,"0x0","0x7f0abb6c9940",4181245285158638,4181245285510879,4181245285515687,4181245285527147,4808
603,"loop_select_fusion_6.kd",2,8,763,1263855,1263855,8192,256,0,0,8,0,32,64,"0x0","0x7f0abb6c9980",4181245285167271,4181245285515687,4181245285520734,4181245285522149,5047
604,"loop_select_fusion_1.kd",2,8,764,1263855,1263855,8192,256,0,0,8,0,16,64,"0x0","0x7f0abb6c99c0",4181245285174121,4181245285520734,4181245285525661,4181245285575939,4927
605,"loop_broadcast_fusion_4.kd",2,8,765,1263855,1263855,16,16,0,0,4,4,16,64,"0x0","0x7f0abb6c9a00",4181245285180761,4181245285525661,4181245285530709,4181245285546555,5048
606,"__amd_rocclr_fillBufferAligned.kd",2,8,766,1263855,1263855,77824,256,0,0,12,4,48,64,"0x0","0x7f2abbf33580",4181245285217186,4181245285530709,4181245285544530,4181245285581307,13821
607,"__amd_rocclr_fillBufferAligned.kd",2,8,767,1263855,1263855,16128,256,0,0,12,4,48,64,"0x0","0x7f2abbf33580",4181245285237746,4181245285544530,4181245285549537,4181245285569930,5007
608,"transformer_engine::fused_attn_rocm::populate_rng_state_kernel(long*, long const*, long) [clone .kd]",2,8,768,1263855,1263855,1,1,0,0,8,0,16,64,"0x0","0x7f1abba31380",4181245285302943,4181245285549537,4181245285554464,4181245285589660,4927
609,"__amd_rocclr_fillBufferAligned.kd",2,8,769,1263855,1263855,256,256,0,0,12,4,48,64,"0x0","0x7f2abbf33580",4181245285397934,4181245285554464,4181245285558631,4181245285562910,4167
610,"ck_fused_attn::get_runtime_max_seqlen_kernel(unsigned long, int const*, int const*, unsigned long*) [clone .kd]",2,8,770,1263855,1263855,4096,128,0,0,4,4,32,64,"0x0","0x7f1abba20940",4181245285561087,4181245285595926,4181245285601935,4181245285608968,6009
611,"__amd_rocclr_copyBuffer.kd",2,8,771,1263855,1263855,512,512,0,0,16,0,32,64,"0x7f32cae72b00","0x7f2abbf33600",4181245285597862,4181245285607663,4181245285613993,4181245285616730,6330
612,"__amd_rocclr_fillBufferAligned.kd",2,8,773,1263855,1263855,256,256,0,0,12,4,48,64,"0x0","0x7f2abbf33580",4181245285634867,4181245285645520,4181245285647523,4181245285684310,2003
613,"ck_fused_attn::get_runtime_max_seqlen_kernel(unsigned long, int const*, int const*, unsigned long*) [clone .kd]",2,8,774,1263855,1263855,4096,128,0,0,4,4,32,64,"0x0","0x7f1abba20940",4181245285647235,4181245285655615,4181245285661544,4181245285694766,5929
614,"__amd_rocclr_copyBuffer.kd",2,8,775,1263855,1263855,512,512,0,0,16,0,32,64,"0x7f32cae73200","0x7f2abbf33600",4181245285660285,4181245285668514,4181245285674763,4181245285689678,6249
615,"void transformer_engine::fused_attn_rocm::compute_scores_kernel<hip_bfloat16, transformer_engine::fused_attn_rocm::SmallSeqConfig<6, 128, 256, false, (transformer_engine::fused_attn_rocm::CausalMaskType)0>, 1>(hip_bfloat16 const*, hip_bfloat16 const*, hip_bfloat16*, float, int const*, int const*, int, int) [clone .kd]",2,8,777,1263855,1263855,64000,64,0,0,112,0,48,64,"0x0","0x7f02bb54f5c0",4181245285706003,4181245285722995,4181245285752158,4181245285755286,29163
616,"void transformer_engine::fused_attn_rocm::apply_mask_and_softmax_kernel<hip_bfloat16, transformer_engine::fused_attn_rocm::SmallSeqConfig<6, 128, 256, false, (transformer_engine::fused_attn_rocm::CausalMaskType)0> >(hip_bfloat16*, hip_bfloat16 const*, float, int const*, int, int) [clone .kd]",2,8,778,1263855,1263855,390144,256,1024,0,12,4,16,64,"0x0","0x7f02bb54f600",4181245285722227,4181245285752158,4181245285757246,4181245285764259,5088
617,"void transformer_engine::fused_attn_rocm::compute_output_kernel<hip_bfloat16, transformer_engine::fused_attn_rocm::SmallSeqConfig<6, 128, 256, false, (transformer_engine::fused_attn_rocm::CausalMaskType)0>, 2, 8>(hip_bfloat16 const*, hip_bfloat16 const*, hip_bfloat16*, int const*, int const*, int, int) [clone .kd]",2,8,779,1263855,1263855,512000,64,12288,0,28,4,48,64,"0x0","0x7f02bb54f640",4181245285730028,4181245285757246,4181245285820540,4181245285827363,63294
618,"loop_broadcast_fusion_5.kd",2,8,780,1263855,1263855,2048000,256,0,0,4,4,16,64,"0x0","0x7f0abb6c9a40",4181245285739903,4181245285820540,4181245285828712,4181245285835485,8172
619,"__amd_rocclr_fillBufferAligned.kd",2,8,781,1263855,1263855,77824,256,0,0,12,4,48,64,"0x0","0x7f2abbf33580",4181245285755256,4181245285828712,4181245285835723,4181245285842796,7011
620,"__amd_rocclr_fillBufferAligned.kd",2,8,782,1263855,1263855,77824,256,0,0,12,4,48,64,"0x0","0x7f2abbf33580",4181245285777569,4181245285835723,4181245285853349,4181245285858870,17626
621,"__amd_rocclr_fillBufferAligned.kd",2,8,783,1263855,1263855,77824,256,0,0,12,4,48,64,"0x0","0x7f2abbf33580",4181245285783708,4181245285853349,4181245285870775,4181245285874653,17426
622,"__amd_rocclr_fillBufferAligned.kd",2,8,784,1263855,1263855,256,256,0,0,12,4,48,64,"0x0","0x7f2abbf33580",4181245285791339,4181245285870775,4181245285875422,4181245285886150,4647
623,"ck_fused_attn::get_runtime_max_seqlen_kernel(unsigned long, int const*, int const*, unsigned long*) [clone .kd]",2,8,785,1263855,1263855,4096,128,0,0,4,4,32,64,"0x0","0x7f1abba20940",4181245285799952,4181245285875422,4181245285881511,4181245285881584,6089
624,"__amd_rocclr_copyBuffer.kd",2,8,786,1263855,1263855,512,512,0,0,16,0,32,64,"0x7f32cafe9a00","0x7f2abbf33600",4181245285810087,4181245285881511,4181245285887199,4181245285890757,5688
625,"__amd_rocclr_fillBufferAligned.kd",2,8,788,1263855,1263855,256,256,0,0,12,4,48,64,"0x0","0x7f2abbf33580",4181245285909025,4181245285918366,4181245285920489,4181245285920832,2123
626,"ck_fused_attn::get_runtime_max_seqlen_kernel(unsigned long, int const*, int const*, unsigned long*) [clone .kd]",2,8,789,1263855,1263855,4096,128,0,0,4,4,32,64,"0x0","0x7f1abba20940",4181245285916596,4181245285925096,4181245285931145,4181245285939660,6049
627,"__amd_rocclr_copyBuffer.kd",2,8,790,1263855,1263855,512,512,0,0,16,0,32,64,"0x7f32cafe9200","0x7f2abbf33600",4181245285924147,4181245285936072,4181245285940438,4181245285944958,4366
628,"void transformer_engine::fused_attn_rocm::compute_grad_v_kernel<hip_bfloat16, transformer_engine::fused_attn_rocm::SmallSeqConfig<6, 128, 256, false, (transformer_engine::fused_attn_rocm::CausalMaskType)0>, 16, 16>(hip_bfloat16 const*, hip_bfloat16 const*, hip_bfloat16*, int const*, int const*, int, int) [clone .kd]",2,8,792,1263855,1263855,256000,64,12288,0,32,0,48,64,"0x0","0x7f02bb551100",4181245285959900,4181245285972566,4181245286110571,4181245286116864,138005
629,"void transformer_engine::fused_attn_rocm::compute_grad_attn_kernel<hip_bfloat16, transformer_engine::fused_attn_rocm::SmallSeqConfig<6, 128, 256, false, (transformer_engine::fused_attn_rocm::CausalMaskType)0>, 16>(hip_bfloat16 const*, hip_bfloat16 const*, hip_bfloat16*, int const*, int const*, int, int) [clone .kd]",2,8,793,1263855,1263855,8000,64,0,0,116,4,64,64,"0x0","0x7f02bb551140",4181245285972659,4181245286110571,4181245286344119,4181245286348718,233548
630,"void transformer_engine::fused_attn_rocm::softmax_backward_kernel<hip_bfloat16, transformer_engine::fused_attn_rocm::SmallSeqConfig<6, 128, 256, false, (transformer_engine::fused_attn_rocm::CausalMaskType)0> >(hip_bfloat16 const*, hip_bfloat16 const*, hip_bfloat16*, float, int const*, int, int) [clone .kd]",2,8,794,1263855,1263855,390144,256,1024,0,16,0,16,64,"0x0","0x7f02bb551180",4181245285979650,4181245286344119,4181245286349767,4181245286358132,5648
631,"void transformer_engine::fused_attn_rocm::compute_grad_qk_kernel<hip_bfloat16, transformer_engine::fused_attn_rocm::SmallSeqConfig<6, 128, 256, false, (transformer_engine::fused_attn_rocm::CausalMaskType)0>, 4, 16>(hip_bfloat16 const*, hip_bfloat16 const*, hip_bfloat16 const*, hip_bfloat16*, hip_bfloat16*, float, int const*, int const*, int, int) [clone .kd]",2,8,795,1263855,1263855,1024000,64,12288,0,36,4,48,64,"0x0","0x7f02bb5511c0",4181245285987241,4181245286349767,4181245286502554,4181245286505442,152787
632,"input_reduce_fusion.kd",2,8,796,1263855,1263855,524288,256,512,0,16,0,16,64,"0x0","0x7f0abb6c9a80",4181245285995914,4181245286502554,4181245286511728,4181245286513754,9174
633,"input_reduce_fusion_3.kd",2,8,797,1263855,1263855,128,128,512,0,24,0,16,64,"0x0","0x7f0abb6c9ac0",4181245286003836,4181245286511728,4181245286517456,4181245286519543,5728
634,"loop_convert_fusion.kd",2,8,798,1263855,1263855,1,1,0,0,4,4,16,64,"0x0","0x7f0abb6c9b00",4181245286012258,4181245286517456,4181245286521502,4181245286525171,4046
635,"input_reduce_reduce_window_fusion_3.kd",2,8,801,1263855,1263855,9728,256,0,0,28,4,48,64,"0x0","0x7f0abb6c9000",4181245286133699,4181245286534962,4181245286546820,4181245286559692,11858
636,"loop_reduce_window_fusion_11.kd",2,8,802,1263855,1263855,1536,256,0,0,8,0,16,64,"0x0","0x7f0abb6c9040",4181245286142892,4181245286546820,4181245286551707,4181245286565080,4887
637,"loop_slice_fusion_5.kd",2,8,803,1263855,1263855,6,6,0,0,20,4,16,64,"0x0","0x7f0abb6c9080",4181245286150103,4181245286551707,4181245286556635,4181245286575325,4928
638,"loop_broadcast_fusion_2.kd",2,8,804,1263855,1263855,24064,256,0,0,4,4,16,64,"0x0","0x7f0abb6c90c0",4181245286157304,4181245286556635,4181245286561562,4181245286582576,4927
639,"input_scatter_fusion_2.kd",2,8,805,1263855,1263855,24064,256,0,0,12,4,32,64,"0x0","0x7f0abb6c9100",4181245286164625,4181245286561562,4181245286569133,4181245286588786,7571
640,"loop_reduce_window_fusion_10.kd",2,8,806,1263855,1263855,24064,256,0,0,8,0,16,64,"0x0","0x7f0abb6c9140",4181245286171455,4181245286569133,4181245286574021,4181245286599752,4888
641,"loop_reduce_window_fusion_11.kd",2,8,807,1263855,1263855,1536,256,0,0,8,0,16,64,"0x0","0x7f0abb6c9040",4181245286178265,4181245286574021,4181245286578908,4181245286605570,4887
642,"loop_slice_fusion_4.kd",2,8,808,1263855,1263855,94,94,0,0,24,0,16,64,"0x0","0x7f0abb6c9180",4181245286186006,4181245286578908,4181245286584316,4181245286611279,5408
643,"input_reduce_fusion_1.kd",2,8,809,1263855,1263855,64,64,0,0,8,0,16,64,"0x0","0x7f0abb6c91c0",4181245286193558,4181245286584316,4181245286589043,4181245286617258,4727
644,"loop_select_fusion_5.kd",2,8,810,1263855,1263855,24064,256,0,0,8,0,32,64,"0x0","0x7f0abb6c9200",4181245286200718,4181245286589043,4181245286594090,4181245286623407,5047
645,"loop_select_fusion_2.kd",2,8,811,1263855,1263855,24064,256,0,0,4,4,16,64,"0x0","0x7f0abb6c9240",4181245286207599,4181245286594090,4181245286599018,4181245286629266,4928
646,"loop_reduce_window_fusion_10.kd",2,8,812,1263855,1263855,24064,256,0,0,8,0,16,64,"0x0","0x7f0abb6c9140",4181245286214859,4181245286599018,4181245286603825,4181245286635275,4807
647,"loop_reduce_window_fusion_11.kd",2,8,813,1263855,1263855,1536,256,0,0,8,0,16,64,"0x0","0x7f0abb6c9040",4181245286221029,4181245286603825,4181245286608632,4181245286641364,4807
648,"loop_slice_fusion_5.kd",2,8,814,1263855,1263855,6,6,0,0,20,4,16,64,"0x0","0x7f0abb6c9080",4181245286227839,4181245286608632,4181245286613319,4181245286647283,4687
649,"input_concatenate_fusion.kd",2,8,815,1263855,1263855,24064,256,0,0,12,4,32,64,"0x0","0x7f0abb6c9280",4181245286234428,4181245286613319,4181245286618927,4181245286653141,5608
650,"input_reduce_reduce_window_fusion.kd",2,8,816,1263855,1263855,11264,256,0,0,36,4,48,64,"0x0","0x7f0abb6c92c0",4181245286241749,4181245286618927,4181245286629223,4181245286658990,10296
651,"loop_reduce_window_fusion_2.kd",2,8,817,1263855,1263855,1792,256,0,0,8,0,16,64,"0x0","0x7f0abb6c9300",4181245286248700,4181245286629223,4181245286634390,4181245286664899,5167
652,"loop_slice_fusion_7.kd",2,8,818,1263855,1263855,7,7,0,0,20,4,16,64,"0x0","0x7f0abb6c9340",4181245286255910,4181245286634390,4181245286639117,4181245286671098,4727
653,"loop_broadcast_fusion.kd",2,8,819,1263855,1263855,28160,256,0,0,4,4,16,64,"0x0","0x7f0abb6c9380",4181245286263462,4181245286639117,4181245286644205,4181245286714142,5088
654,"input_scatter_fusion.kd",2,8,820,1263855,1263855,28160,256,0,0,12,4,32,64,"0x0","0x7f0abb6c93c0",4181245286271434,4181245286644205,4181245286651376,4181245286708393,7171
655,"loop_reduce_window_fusion_1.kd",2,8,821,1263855,1263855,28160,256,0,0,8,0,16,64,"0x0","0x7f0abb6c9400",4181245286279586,4181245286651376,4181245286656263,4181245286702555,4887
656,"loop_reduce_window_fusion_2.kd",2,8,822,1263855,1263855,1792,256,0,0,8,0,16,64,"0x0","0x7f0abb6c9300",4181245286286736,4181245286656263,4181245286661310,4181245286696656,5047
657,"loop_slice_fusion_7.kd",2,8,823,1263855,1263855,7,7,0,0,20,4,16,64,"0x0","0x7f0abb6c9340",4181245286293707,4181245286661310,4181245286666037,4181245286690437,4727
658,"loop_slice_fusion_3.kd",2,8,824,1263855,1263855,110,110,0,0,8,0,16,64,"0x0","0x7f0abb6c9440",4181245286300547,4181245286666037,4181245286670764,4181245286684838,4727
659,"input_reduce_fusion_2.kd",2,8,825,1263855,1263855,64,64,0,0,8,0,16,64,"0x0","0x7f0abb6c9480",4181245286307908,4181245286670764,4181245286675491,4181245286678409,4727
660,"loop_select_fusion_4.kd",2,8,826,1263855,1263855,28160,256,0,0,8,0,32,64,"0x0","0x7f0abb6c94c0",4181245286314718,4181245286675491,4181245286680539,4181245286764186,5048
661,"loop_select_fusion.kd",2,8,827,1263855,1263855,28160,256,0,0,8,0,16,64,"0x0","0x7f0abb6c9500",4181245286322429,4181245286680539,4181245286685426,4181245286746120,4887
662,"loop_compare_fusion_1.kd",2,8,828,1263855,1263855,4096,256,0,0,4,4,16,64,"0x0","0x7f0abb6c9540",4181245286329029,4181245286685426,4181245286690314,4181245286725459,4888
663,"input_reduce_reduce_window_fusion_2.kd",2,8,829,1263855,1263855,256,256,512,0,20,4,32,64,"0x0","0x7f0abb6c9580",4181245286335909,4181245286690314,4181245286706377,4181245286769815,16063
664,"loop_slice_fusion_1.kd",2,8,830,1263855,1263855,16,16,0,0,20,4,16,64,"0x0","0x7f0abb6c95c0",4181245286342639,4181245286706377,4181245286711145,4181245286776985,4768
665,"loop_broadcast_fusion_3.kd",2,8,831,1263855,1263855,4096,256,0,0,4,4,16,64,"0x0","0x7f0abb6c9600",4181245286348879,4181245286711145,4181245286716072,4181245286783074,4927
666,"input_scatter_fusion_3.kd",2,8,832,1263855,1263855,4096,256,0,0,8,0,32,64,"0x0","0x7f0abb6c9640",4181245286372894,4181245286716072,4181245286722201,4181245286788873,6129
667,"loop_reduce_window_fusion_13.kd",2,8,833,1263855,1263855,4096,256,0,0,8,0,16,64,"0x0","0x7f0abb6c9680",4181245286381247,4181245286722201,4181245286727008,4181245286794501,4807
668,"loop_slice_fusion_1.kd",2,8,834,1263855,1263855,16,16,0,0,20,4,16,64,"0x0","0x7f0abb6c95c0",4181245286388087,4181245286727008,4181245286731735,4181245286800861,4727
669,"loop_remainder_fusion.kd",2,8,835,1263855,1263855,4096,256,0,0,12,4,16,64,"0x0","0x7f0abb6c96c0",4181245286395508,4181245286731735,4181245286737624,4181245286806489,5889
670,"loop_select_fusion_3.kd",2,8,836,1263855,1263855,4096,256,0,0,8,0,32,64,"0x0","0x7f0abb6c9700",4181245286403800,4181245286737624,4181245286742391,4181245286812188,4767
671,"loop_reduce_window_fusion_13.kd",2,8,837,1263855,1263855,4096,256,0,0,8,0,16,64,"0x0","0x7f0abb6c9680",4181245286410911,4181245286742391,4181245286747198,4181245286758248,4807
672,"loop_slice_fusion_1.kd",2,8,838,1263855,1263855,16,16,0,0,20,4,16,64,"0x0","0x7f0abb6c95c0",4181245286418132,4181245286747198,4181245286751885,4181245286752569,4687
673,"input_concatenate_fusion_1.kd",2,8,839,1263855,1263855,4096,256,0,0,8,0,32,64,"0x0","0x7f0abb6c9740",4181245286425342,4181245286751885,4181245286757814,4181245286844025,5929
674,"loop_compare_fusion.kd",2,8,840,1263855,1263855,8192,256,0,0,4,4,16,64,"0x0","0x7f0abb6c9780",4181245286432313,4181245286757814,4181245286762821,4181245286848462,5007
675,"input_reduce_reduce_window_fusion_1.kd",2,8,841,1263855,1263855,512,512,512,0,20,4,48,64,"0x0","0x7f0abb6c97c0",4181245286438792,4181245286762821,4181245286780007,4181245286854300,17186
676,"loop_reduce_window_fusion_6.kd",2,8,842,1263855,1263855,32,32,0,0,32,0,16,64,"0x0","0x7f0abb6c9800",4181245286445903,4181245286780007,4181245286788740,4181245286858787,8733
677,"loop_broadcast_fusion_1.kd",2,8,843,1263855,1263855,8192,256,0,0,4,4,16,64,"0x0","0x7f0abb6c9840",4181245286453715,4181245286788740,4181245286793827,4181245286863093,5087
678,"input_scatter_fusion_1.kd",2,8,844,1263855,1263855,8192,256,0,0,8,0,32,64,"0x0","0x7f0abb6c9880",4181245286460565,4181245286793827,4181245286799476,4181245286881651,5649
679,"loop_reduce_window_fusion_5.kd",2,8,845,1263855,1263855,8192,256,0,0,8,0,16,64,"0x0","0x7f0abb6c98c0",4181245286467415,4181245286799476,4181245286804523,4181245286831466,5047
680,"loop_reduce_window_fusion_4.kd",2,8,846,1263855,1263855,512,256,0,0,8,0,16,64,"0x0","0x7f0abb6c9900",4181245286474816,4181245286804523,4181245286809731,4181245286826349,5208
681,"loop_reduce_window_fusion_3.kd",2,8,847,1263855,1263855,32,32,0,0,8,0,16,64,"0x0","0x7f0abb6c9940",4181245286480815,4181245286809731,4181245286814538,4181245286820670,4807
682,"loop_select_fusion_6.kd",2,8,848,1263855,1263855,8192,256,0,0,8,0,32,64,"0x0","0x7f0abb6c9980",4181245286488026,4181245286814538,4181245286819586,4181245286867440,5048
683,"loop_select_fusion_1.kd",2,8,849,1263855,1263855,8192,256,0,0,8,0,16,64,"0x0","0x7f0abb6c99c0",4181245286495417,4181245286819586,4181245286824473,4181245286872107,4887
684,"loop_broadcast_fusion_4.kd",2,8,850,1263855,1263855,16,16,0,0,4,4,16,64,"0x0","0x7f0abb6c9a00",4181245286502948,4181245286824473,4181245286829481,4181245286877024,5008
685,"__amd_rocclr_fillBufferAligned.kd",2,8,851,1263855,1263855,77824,256,0,0,12,4,48,64,"0x0","0x7f2abbf33580",4181245286545501,4181245286829481,4181245286843822,4181245286898226,14341
686,"__amd_rocclr_fillBufferAligned.kd",2,8,852,1263855,1263855,16128,256,0,0,12,4,48,64,"0x0","0x7f2abbf33580",4181245286552582,4181245286843822,4181245286848829,4181245286907700,5007
687,"transformer_engine::fused_attn_rocm::populate_rng_state_kernel(long*, long const*, long) [clone .kd]",2,8,853,1263855,1263855,1,1,0,0,8,0,16,64,"0x0","0x7f1abba31380",4181245286562416,4181245286848829,4181245286853676,4181245286914230,4847
688,"__amd_rocclr_fillBufferAligned.kd",2,8,854,1263855,1263855,256,256,0,0,12,4,48,64,"0x0","0x7f2abbf33580",4181245286575946,4181245286853676,4181245286858404,4181245286888662,4728
689,"ck_fused_attn::get_runtime_max_seqlen_kernel(unsigned long, int const*, int const*, unsigned long*) [clone .kd]",2,8,855,1263855,1263855,4096,128,0,0,4,4,32,64,"0x0","0x7f1abba20940",4181245286737627,4181245286858404,4181245286864252,4181245286903033,5848
690,"__amd_rocclr_copyBuffer.kd",2,8,856,1263855,1263855,512,512,0,0,16,0,32,64,"0x7f32cafe9000","0x7f2abbf33600",4181245286828101,4181245286864252,4181245286869580,4181245286893268,5328
691,"__amd_rocclr_fillBufferAligned.kd",2,8,858,1263855,1263855,256,256,0,0,12,4,48,64,"0x0","0x7f2abbf33580",4181245286911175,4181245286919494,4181245286921497,4181245286967929,2003
692,"ck_fused_attn::get_runtime_max_seqlen_kernel(unsigned long, int const*, int const*, unsigned long*) [clone .kd]",2,8,859,1263855,1263855,4096,128,0,0,4,4,32,64,"0x0","0x7f1abba20940",4181245286923273,4181245286931993,4181245286937922,4181245286961820,5929
693,"__amd_rocclr_copyBuffer.kd",2,8,860,1263855,1263855,512,512,0,0,16,0,32,64,"0x7f32cae73980","0x7f2abbf33600",4181245286933248,4181245286943009,4181245286948578,4181245286974850,5569
694,"void transformer_engine::fused_attn_rocm::compute_scores_kernel<hip_bfloat16, transformer_engine::fused_attn_rocm::SmallSeqConfig<6, 128, 256, false, (transformer_engine::fused_attn_rocm::CausalMaskType)0>, 1>(hip_bfloat16 const*, hip_bfloat16 const*, hip_bfloat16*, float, int const*, int const*, int, int) [clone .kd]",2,8,862,1263855,1263855,64000,64,0,0,112,0,48,64,"0x0","0x7f02bb54f5c0",4181245286992616,4181245287002057,4181245287031902,4181245287033267,29845
695,"void transformer_engine::fused_attn_rocm::apply_mask_and_softmax_kernel<hip_bfloat16, transformer_engine::fused_attn_rocm::SmallSeqConfig<6, 128, 256, false, (transformer_engine::fused_attn_rocm::CausalMaskType)0> >(hip_bfloat16*, hip_bfloat16 const*, float, int const*, int, int) [clone .kd]",2,8,863,1263855,1263855,390144,256,1024,0,12,4,16,64,"0x0","0x7f02bb54f600",4181245287001810,4181245287031902,4181245287036989,4181245287042570,5087
696,"void transformer_engine::fused_attn_rocm::compute_output_kernel<hip_bfloat16, transformer_engine::fused_attn_rocm::SmallSeqConfig<6, 128, 256, false, (transformer_engine::fused_attn_rocm::CausalMaskType)0>, 2, 8>(hip_bfloat16 const*, hip_bfloat16 const*, hip_bfloat16*, int const*, int const*, int, int) [clone .kd]",2,8,864,1263855,1263855,512000,64,12288,0,28,4,48,64,"0x0","0x7f02bb54f640",4181245287016201,4181245287036989,4181245287101245,4181245287105143,64256
697,"loop_broadcast_fusion_5.kd",2,8,865,1263855,1263855,2048000,256,0,0,4,4,16,64,"0x0","0x7f0abb6c9a40",4181245287027328,4181245287101245,4181245287109417,4181245287111603,8172
698,"__amd_rocclr_fillBufferAligned.kd",2,8,866,1263855,1263855,77824,256,0,0,12,4,48,64,"0x0","0x7f2abbf33580",4181245287043912,4181245287109417,4181245287116347,4181245287116180,6930
699,"__amd_rocclr_fillBufferAligned.kd",2,8,867,1263855,1263855,77824,256,0,0,12,4,48,64,"0x0","0x7f2abbf33580",4181245287056131,4181245287116347,4181245287134254,4181245287140676,17907
700,"__amd_rocclr_fillBufferAligned.kd",2,8,868,1263855,1263855,77824,256,0,0,12,4,48,64,"0x0","0x7f2abbf33580",4181245287063892,4181245287134254,4181245287151519,4181245287164161,17265
701,"__amd_rocclr_fillBufferAligned.kd",2,8,869,1263855,1263855,256,256,0,0,12,4,48,64,"0x0","0x7f2abbf33580",4181245287070752,4181245287151519,4181245287156287,4181245287159174,4768
702,"ck_fused_attn::get_runtime_max_seqlen_kernel(unsigned long, int const*, int const*, unsigned long*) [clone .kd]",2,8,870,1263855,1263855,4096,128,0,0,4,4,32,64,"0x0","0x7f1abba20940",4181245287077422,4181245287156287,4181245287162255,4181245287175899,5968
703,"__amd_rocclr_copyBuffer.kd",2,8,871,1263855,1263855,512,512,0,0,16,0,32,64,"0x7f32cafe8e00","0x7f2abbf33600",4181245287085955,4181245287162255,4181245287167784,4181245287170691,5529
704,"__amd_rocclr_fillBufferAligned.kd",2,8,873,1263855,1263855,256,256,0,0,12,4,48,64,"0x0","0x7f2abbf33580",4181245287189689,4181245287201674,4181245287204398,4181245287204531,2724
705,"ck_fused_attn::get_runtime_max_seqlen_kernel(unsigned long, int const*, int const*, unsigned long*) [clone .kd]",2,8,874,1263855,1263855,4096,128,0,0,4,4,32,64,"0x0","0x7f1abba20940",4181245287200916,4181245287209406,4181245287219100,4181245287223700,9694
706,"__amd_rocclr_copyBuffer.kd",2,8,875,1263855,1263855,512,512,0,0,16,0,32,64,"0x7f32cafe8d00","0x7f2abbf33600",4181245287207896,4181245287219100,4181245287224588,4181245287228797,5488
707,"void transformer_engine::fused_attn_rocm::compute_grad_v_kernel<hip_bfloat16, transformer_engine::fused_attn_rocm::SmallSeqConfig<6, 128, 256, false, (transformer_engine::fused_attn_rocm::CausalMaskType)0>, 16, 16>(hip_bfloat16 const*, hip_bfloat16 const*, hip_bfloat16*, int const*, int const*, int, int) [clone .kd]",2,8,877,1263855,1263855,256000,64,12288,0,32,0,48,64,"0x0","0x7f02bb551100",4181245287244020,4181245287257437,4181245287392558,4181245287398430,135121
708,"void transformer_engine::fused_attn_rocm::compute_grad_attn_kernel<hip_bfloat16, transformer_engine::fused_attn_rocm::SmallSeqConfig<6, 128, 256, false, (transformer_engine::fused_attn_rocm::CausalMaskType)0>, 16>(hip_bfloat16 const*, hip_bfloat16 const*, hip_bfloat16*, int const*, int const*, int, int) [clone .kd]",2,8,878,1263855,1263855,8000,64,0,0,116,4,64,64,"0x0","0x7f02bb551140",4181245287256889,4181245287392558,4181245287623341,4181245287626188,230783
709,"void transformer_engine::fused_attn_rocm::softmax_backward_kernel<hip_bfloat16, transformer_engine::fused_attn_rocm::SmallSeqConfig<6, 128, 256, false, (transformer_engine::fused_attn_rocm::CausalMaskType)0> >(hip_bfloat16 const*, hip_bfloat16 const*, hip_bfloat16*, float, int const*, int, int) [clone .kd]",2,8,879,1263855,1263855,390144,256,1024,0,16,0,16,64,"0x0","0x7f02bb551180",4181245287264230,4181245287623341,4181245287630071,4181245287633069,6730
710,"void transformer_engine::fused_attn_rocm::compute_grad_qk_kernel<hip_bfloat16, transformer_engine::fused_attn_rocm::SmallSeqConfig<6, 128, 256, false, (transformer_engine::fused_attn_rocm::CausalMaskType)0>, 4, 16>(hip_bfloat16 const*, hip_bfloat16 const*, hip_bfloat16 const*, hip_bfloat16*, hip_bfloat16*, float, int const*, int const*, int, int) [clone .kd]",2,8,880,1263855,1263855,1024000,64,12288,0,36,4,48,64,"0x0","0x7f02bb5511c0",4181245287272042,4181245287630071,4181245287797761,4181245287806426,167690
711,"input_reduce_fusion.kd",2,8,881,1263855,1263855,524288,256,512,0,16,0,16,64,"0x0","0x7f0abb6c9a80",4181245287280024,4181245287797761,4181245287806934,4181245287815139,9173
712,"input_reduce_fusion_3.kd",2,8,882,1263855,1263855,128,128,512,0,24,0,16,64,"0x0","0x7f0abb6c9ac0",4181245287286784,4181245287806934,4181245287812422,4181245287820918,5488
713,"loop_convert_fusion.kd",2,8,883,1263855,1263855,1,1,0,0,4,4,16,64,"0x0","0x7f0abb6c9b00",4181245287294755,4181245287812422,4181245287817951,4181245287826426,5529
714,"input_reduce_reduce_window_fusion_3.kd",2,8,886,1263855,1263855,9728,256,0,0,28,4,48,64,"0x0","0x7f0abb6c9000",4181245287412591,4181245287830449,4181245287840945,4181245287841058,10496
715,"loop_reduce_window_fusion_11.kd",2,8,887,1263855,1263855,1536,256,0,0,8,0,16,64,"0x0","0x7f0abb6c9040",4181245287421764,4181245287840945,4181245287847635,4181245287847488,6690
716,"loop_slice_fusion_5.kd",2,8,888,1263855,1263855,6,6,0,0,20,4,16,64,"0x0","0x7f0abb6c9080",4181245287429626,4181245287847635,4181245287852602,4181245287853156,4967
717,"loop_broadcast_fusion_2.kd",2,8,889,1263855,1263855,24064,256,0,0,4,4,16,64,"0x0","0x7f0abb6c90c0",4181245287436616,4181245287852602,4181245287858170,4181245287858644,5568
718,"input_scatter_fusion_2.kd",2,8,890,1263855,1263855,24064,256,0,0,12,4,32,64,"0x0","0x7f0abb6c9100",4181245287444288,4181245287858170,4181245287866463,4181245287873156,8293
719,"loop_reduce_window_fusion_10.kd",2,8,891,1263855,1263855,24064,256,0,0,8,0,16,64,"0x0","0x7f0abb6c9140",4181245287451078,4181245287866463,4181245287871871,4181245287878544,5408
720,"loop_reduce_window_fusion_11.kd",2,8,892,1263855,1263855,1536,256,0,0,8,0,16,64,"0x0","0x7f0abb6c9040",4181245287458359,4181245287871871,4181245287877399,4181245287896130,5528
721,"loop_slice_fusion_4.kd",2,8,893,1263855,1263855,94,94,0,0,24,0,16,64,"0x0","0x7f0abb6c9180",4181245287465269,4181245287877399,4181245287882967,4181245287903881,5568
722,"input_reduce_fusion_1.kd",2,8,894,1263855,1263855,64,64,0,0,8,0,16,64,"0x0","0x7f0abb6c91c0",4181245287472740,4181245287882967,4181245287887654,4181245287909890,4687
723,"loop_select_fusion_5.kd",2,8,895,1263855,1263855,24064,256,0,0,8,0,32,64,"0x0","0x7f0abb6c9200",4181245287480341,4181245287887654,4181245287892662,4181245287915899,5008
724,"loop_select_fusion_2.kd",2,8,896,1263855,1263855,24064,256,0,0,4,4,16,64,"0x0","0x7f0abb6c9240",4181245287488053,4181245287892662,4181245287897629,4181245287921648,4967
725,"loop_reduce_window_fusion_10.kd",2,8,897,1263855,1263855,24064,256,0,0,8,0,16,64,"0x0","0x7f0abb6c9140",4181245287495294,4181245287897629,4181245287902356,4181245287927426,4727
726,"loop_reduce_window_fusion_11.kd",2,8,898,1263855,1263855,1536,256,0,0,8,0,16,64,"0x0","0x7f0abb6c9040",4181245287501974,4181245287902356,4181245287907283,4181245287933676,4927
727,"loop_slice_fusion_5.kd",2,8,899,1263855,1263855,6,6,0,0,20,4,16,64,"0x0","0x7f0abb6c9080",4181245287508644,4181245287907283,4181245287912050,4181245287939494,4767
728,"input_concatenate_fusion.kd",2,8,900,1263855,1263855,24064,256,0,0,12,4,32,64,"0x0","0x7f0abb6c9280",4181245287515724,4181245287912050,4181245287917739,4181245287945563,5689
729,"input_reduce_reduce_window_fusion.kd",2,8,901,1263855,1263855,11264,256,0,0,36,4,48,64,"0x0","0x7f0abb6c92c0",4181245287522584,4181245287917739,4181245287928154,4181245287951202,10415
730,"loop_reduce_window_fusion_2.kd",2,8,902,1263855,1263855,1792,256,0,0,8,0,16,64,"0x0","0x7f0abb6c9300",4181245287530035,4181245287928154,4181245287933442,4181245287957010,5288
731,"loop_slice_fusion_7.kd",2,8,903,1263855,1263855,7,7,0,0,20,4,16,64,"0x0","0x7f0abb6c9340",4181245287537206,4181245287933442,4181245287938169,4181245287962549,4727
732,"loop_broadcast_fusion.kd",2,8,904,1263855,1263855,28160,256,0,0,4,4,16,64,"0x0","0x7f0abb6c9380",4181245287544707,4181245287938169,4181245287943257,4181245287968057,5088
733,"input_scatter_fusion.kd",2,8,905,1263855,1263855,28160,256,0,0,12,4,32,64,"0x0","0x7f0abb6c93c0",4181245287551958,4181245287943257,4181245287950347,4181245287975538,7090
734,"loop_reduce_window_fusion_1.kd",2,8,906,1263855,1263855,28160,256,0,0,8,0,16,64,"0x0","0x7f0abb6c9400",4181245287559229,4181245287950347,4181245287955235,4181245288006804,4888
735,"loop_reduce_window_fusion_2.kd",2,8,907,1263855,1263855,1792,256,0,0,8,0,16,64,"0x0","0x7f0abb6c9300",4181245287566640,4181245287955235,4181245287960362,4181245288000866,5127
736,"loop_slice_fusion_7.kd",2,8,908,1263855,1263855,7,7,0,0,20,4,16,64,"0x0","0x7f0abb6c9340",4181245287573069,4181245287960362,4181245287965009,4181245287994596,4647
737,"loop_slice_fusion_3.kd",2,8,909,1263855,1263855,110,110,0,0,8,0,16,64,"0x0","0x7f0abb6c9440",4181245287580180,4181245287965009,4181245287969736,4181245287988467,4727
738,"input_reduce_fusion_2.kd",2,8,910,1263855,1263855,64,64,0,0,8,0,16,64,"0x0","0x7f0abb6c9480",4181245287586770,4181245287969736,4181245287974423,4181245287982008,4687
739,"loop_select_fusion_4.kd",2,8,911,1263855,1263855,28160,256,0,0,8,0,32,64,"0x0","0x7f0abb6c94c0",4181245287594171,4181245287974423,4181245287979471,4181245288037190,5048
740,"loop_select_fusion.kd",2,8,912,1263855,1263855,28160,256,0,0,8,0,16,64,"0x0","0x7f0abb6c9500",4181245287601472,4181245287979471,4181245287984358,4181245288043369,4887
741,"loop_compare_fusion_1.kd",2,8,913,1263855,1263855,4096,256,0,0,4,4,16,64,"0x0","0x7f0abb6c9540",4181245287608752,4181245287984358,4181245287989125,4181245288030840,4767
742,"input_reduce_reduce_window_fusion_2.kd",2,8,914,1263855,1263855,256,256,512,0,20,4,32,64,"0x0","0x7f0abb6c9580",4181245287616194,4181245287989125,4181245288004949,4181245288016920,15824
743,"loop_slice_fusion_1.kd",2,8,915,1263855,1263855,16,16,0,0,20,4,16,64,"0x0","0x7f0abb6c95c0",4181245287622994,4181245288004949,4181245288009716,4181245288049057,4767
744,"loop_broadcast_fusion_3.kd",2,8,916,1263855,1263855,4096,256,0,0,4,4,16,64,"0x0","0x7f0abb6c9600",4181245287630805,4181245288009716,4181245288014683,4181245288054586,4967
745,"input_scatter_fusion_3.kd",2,8,917,1263855,1263855,4096,256,0,0,8,0,32,64,"0x0","0x7f0abb6c9640",4181245287640279,4181245288014683,4181245288020892,4181245288060394,6209
746,"loop_reduce_window_fusion_13.kd",2,8,918,1263855,1263855,4096,256,0,0,8,0,16,64,"0x0","0x7f0abb6c9680",4181245287655402,4181245288020892,4181245288025740,4181245288071130,4848
747,"loop_slice_fusion_1.kd",2,8,919,1263855,1263855,16,16,0,0,20,4,16,64,"0x0","0x7f0abb6c95c0",4181245287663724,4181245288025740,4181245288030427,4181245288076919,4687
748,"loop_remainder_fusion.kd",2,8,920,1263855,1263855,4096,256,0,0,12,4,16,64,"0x0","0x7f0abb6c96c0",4181245287670705,4181245288030427,4181245288036355,4181245288082828,5928
749,"loop_select_fusion_3.kd",2,8,921,1263855,1263855,4096,256,0,0,8,0,32,64,"0x0","0x7f0abb6c9700",4181245287678787,4181245288036355,4181245288041203,4181245288088927,4848
750,"loop_reduce_window_fusion_13.kd",2,8,922,1263855,1263855,4096,256,0,0,8,0,16,64,"0x0","0x7f0abb6c9680",4181245287686027,4181245288041203,4181245288046010,4181245288094725,4807
751,"loop_slice_fusion_1.kd",2,8,923,1263855,1263855,16,16,0,0,20,4,16,64,"0x0","0x7f0abb6c95c0",4181245287692848,4181245288046010,4181245288050697,4181245288100354,4687
752,"input_concatenate_fusion_1.kd",2,8,924,1263855,1263855,4096,256,0,0,8,0,32,64,"0x0","0x7f0abb6c9740",4181245287700118,4181245288050697,4181245288056826,4181245288106042,6129
753,"loop_compare_fusion.kd",2,8,925,1263855,1263855,8192,256,0,0,4,4,16,64,"0x0","0x7f0abb6c9780",4181245287706959,4181245288056826,4181245288061793,4181245288111610,4967
754,"input_reduce_reduce_window_fusion_1.kd",2,8,926,1263855,1263855,512,512,512,0,20,4,48,64,"0x0","0x7f0abb6c97c0",4181245287715011,4181245288061793,4181245288079139,4181245288117269,17346
755,"loop_reduce_window_fusion_6.kd",2,8,927,1263855,1263855,32,32,0,0,32,0,16,64,"0x0","0x7f0abb6c9800",4181245287721901,4181245288079139,4181245288087672,4181245288123057,8533
756,"loop_broadcast_fusion_1.kd",2,8,928,1263855,1263855,8192,256,0,0,4,4,16,64,"0x0","0x7f0abb6c9840",4181245287729502,4181245288087672,4181245288092719,4181245288128495,5047
757,"input_scatter_fusion_1.kd",2,8,929,1263855,1263855,8192,256,0,0,8,0,32,64,"0x0","0x7f0abb6c9880",4181245287736863,4181245288092719,4181245288098247,4181245288134294,5528
758,"loop_reduce_window_fusion_5.kd",2,8,930,1263855,1263855,8192,256,0,0,8,0,16,64,"0x0","0x7f0abb6c98c0",4181245287743463,4181245288098247,4181245288103295,4181245288140073,5048
759,"loop_reduce_window_fusion_4.kd",2,8,931,1263855,1263855,512,256,0,0,8,0,16,64,"0x0","0x7f0abb6c9900",4181245287751054,4181245288103295,4181245288108583,4181245288147964,5288
760,"loop_reduce_window_fusion_3.kd",2,8,932,1263855,1263855,32,32,0,0,8,0,16,64,"0x0","0x7f0abb6c9940",4181245287758736,4181245288108583,4181245288113310,4181245288165881,4727
761,"loop_select_fusion_6.kd",2,8,933,1263855,1263855,8192,256,0,0,8,0,32,64,"0x0","0x7f0abb6c9980",4181245287766547,4181245288113310,4181245288118357,4181245288171249,5047
762,"loop_select_fusion_1.kd",2,8,934,1263855,1263855,8192,256,0,0,8,0,16,64,"0x0","0x7f0abb6c99c0",4181245287774589,4181245288118357,4181245288123285,4181245288177258,4928
763,"loop_broadcast_fusion_4.kd",2,8,935,1263855,1263855,16,16,0,0,4,4,16,64,"0x0","0x7f0abb6c9a00",4181245287781780,4181245288123285,4181245288128372,4181245288182456,5087
764,"__amd_rocclr_fillBufferAligned.kd",2,8,936,1263855,1263855,77824,256,0,0,12,4,48,64,"0x0","0x7f2abbf33580",4181245287794288,4181245288128372,4181245288141832,4181245288159682,13460
765,"__amd_rocclr_fillBufferAligned.kd",2,8,937,1263855,1263855,16128,256,0,0,12,4,48,64,"0x0","0x7f2abbf33580",4181245287841068,4181245288141832,4181245288146840,4181245288153593,5008
766,"transformer_engine::fused_attn_rocm::populate_rng_state_kernel(long*, long const*, long) [clone .kd]",2,8,938,1263855,1263855,1,1,0,0,8,0,16,64,"0x0","0x7f1abba31380",4181245287875539,4181245288146840,4181245288151727,4181245288195735,4887
767,"__amd_rocclr_fillBufferAligned.kd",2,8,939,1263855,1263855,256,256,0,0,12,4,48,64,"0x0","0x7f2abbf33580",4181245287891132,4181245288151727,4181245288155853,4181245288190327,4126
768,"ck_fused_attn::get_runtime_max_seqlen_kernel(unsigned long, int const*, int const*, unsigned long*) [clone .kd]",2,8,940,1263855,1263855,4096,128,0,0,4,4,32,64,"0x0","0x7f1abba20940",4181245288027966,4181245288197355,4181245288203123,4181245288204288,5768
769,"__amd_rocclr_copyBuffer.kd",2,8,941,1263855,1263855,512,512,0,0,16,0,32,64,"0x7f32cafe8b00","0x7f2abbf33600",4181245288197638,4181245288208932,4181245288215301,4181245288215445,6369
770,"__amd_rocclr_fillBufferAligned.kd",2,8,943,1263855,1263855,256,256,0,0,12,4,48,64,"0x0","0x7f2abbf33580",4181245288235384,4181245288244465,4181245288246388,4181245288279831,1923
771,"ck_fused_attn::get_runtime_max_seqlen_kernel(unsigned long, int const*, int const*, unsigned long*) [clone .kd]",2,8,944,1263855,1263855,4096,128,0,0,4,4,32,64,"0x0","0x7f1abba20940",4181245288252470,4181245288262532,4181245288271585,4181245288291388,9053
772,"__amd_rocclr_copyBuffer.kd",2,8,945,1263855,1263855,512,512,0,0,16,0,32,64,"0x7f32cae73a00","0x7f2abbf33600",4181245288261443,4181245288271585,4181245288276833,4181245288286380,5248
773,"void transformer_engine::fused_attn_rocm::compute_scores_kernel<hip_bfloat16, transformer_engine::fused_attn_rocm::SmallSeqConfig<6, 128, 256, false, (transformer_engine::fused_attn_rocm::CausalMaskType)0>, 1>(hip_bfloat16 const*, hip_bfloat16 const*, hip_bfloat16*, float, int const*, int const*, int, int) [clone .kd]",2,8,947,1263855,1263855,64000,64,0,0,112,0,48,64,"0x0","0x7f02bb54f5c0",4181245288302574,4181245288312286,4181245288341730,4181245288341813,29444
774,"void transformer_engine::fused_attn_rocm::apply_mask_and_softmax_kernel<hip_bfloat16, transformer_engine::fused_attn_rocm::SmallSeqConfig<6, 128, 256, false, (transformer_engine::fused_attn_rocm::CausalMaskType)0> >(hip_bfloat16*, hip_bfloat16 const*, float, int const*, int, int) [clone .kd]",2,8,948,1263855,1263855,390144,256,1024,0,12,4,16,64,"0x0","0x7f02bb54f600",4181245288311488,4181245288341730,4181245288346977,4181245288349354,5247
775,"void transformer_engine::fused_attn_rocm::compute_output_kernel<hip_bfloat16, transformer_engine::fused_attn_rocm::SmallSeqConfig<6, 128, 256, false, (transformer_engine::fused_attn_rocm::CausalMaskType)0>, 2, 8>(hip_bfloat16 const*, hip_bfloat16 const*, hip_bfloat16*, int const*, int const*, int, int) [clone .kd]",2,8,949,1263855,1263855,512000,64,12288,0,28,4,48,64,"0x0","0x7f02bb54f640",4181245288326560,4181245288346977,4181245288411113,4181245288418377,64136
776,"loop_broadcast_fusion_5.kd",2,8,950,1263855,1263855,2048000,256,0,0,4,4,16,64,"0x0","0x7f0abb6c9a40",4181245288335183,4181245288411113,4181245288419405,4181245288424526,8292
777,"__amd_rocclr_fillBufferAligned.kd",2,8,951,1263855,1263855,77824,256,0,0,12,4,48,64,"0x0","0x7f2abbf33580",4181245288357416,4181245288419405,4181245288426255,4181245288429183,6850
778,"__amd_rocclr_fillBufferAligned.kd",2,8,952,1263855,1263855,77824,256,0,0,12,4,48,64,"0x0","0x7f2abbf33580",4181245288364577,4181245288426255,4181245288444002,4181245288444726,17747
779,"__amd_rocclr_fillBufferAligned.kd",2,8,953,1263855,1263855,77824,256,0,0,12,4,48,64,"0x0","0x7f2abbf33580",4181245288370455,4181245288444002,4181245288461508,4181245288476543,17506
780,"__amd_rocclr_fillBufferAligned.kd",2,8,954,1263855,1263855,256,256,0,0,12,4,48,64,"0x0","0x7f2abbf33580",4181245288378457,4181245288461508,4181245288466275,4181245288468822,4767
781,"ck_fused_attn::get_runtime_max_seqlen_kernel(unsigned long, int const*, int const*, unsigned long*) [clone .kd]",2,8,955,1263855,1263855,4096,128,0,0,4,4,32,64,"0x0","0x7f1abba20940",4181245288385938,4181245288466275,4181245288472244,4181245288488521,5969
782,"__amd_rocclr_copyBuffer.kd",2,8,956,1263855,1263855,512,512,0,0,16,0,32,64,"0x7f32cafe8900","0x7f2abbf33600",4181245288393560,4181245288472244,4181245288477812,4181245288483483,5568
783,"__amd_rocclr_fillBufferAligned.kd",2,8,958,1263855,1263855,256,256,0,0,12,4,48,64,"0x0","0x7f2abbf33580",4181245288503103,4181245288514426,4181245288516830,4181245288518135,2404
784,"ck_fused_attn::get_runtime_max_seqlen_kernel(unsigned long, int const*, int const*, unsigned long*) [clone .kd]",2,8,959,1263855,1263855,4096,128,0,0,4,4,32,64,"0x0","0x7f1abba20940",4181245288512997,4181245288522799,4181245288532493,4181245288536753,9694
785,"__amd_rocclr_copyBuffer.kd",2,8,960,1263855,1263855,512,512,0,0,16,0,32,64,"0x7f32cafe8800","0x7f2abbf33600",4181245288521450,4181245288532493,4181245288540505,4181245288542481,8012
786,"void transformer_engine::fused_attn_rocm::compute_grad_v_kernel<hip_bfloat16, transformer_engine::fused_attn_rocm::SmallSeqConfig<6, 128, 256, false, (transformer_engine::fused_attn_rocm::CausalMaskType)0>, 16, 16>(hip_bfloat16 const*, hip_bfloat16 const*, hip_bfloat16*, int const*, int const*, int, int) [clone .kd]",2,8,962,1263855,1263855,256000,64,12288,0,32,0,48,64,"0x0","0x7f02bb551100",4181245288559136,4181245288570029,4181245288707954,4181245288713586,137925
787,"void transformer_engine::fused_attn_rocm::compute_grad_attn_kernel<hip_bfloat16, transformer_engine::fused_attn_rocm::SmallSeqConfig<6, 128, 256, false, (transformer_engine::fused_attn_rocm::CausalMaskType)0>, 16>(hip_bfloat16 const*, hip_bfloat16 const*, hip_bfloat16*, int const*, int const*, int, int) [clone .kd]",2,8,963,1263855,1263855,8000,64,0,0,116,4,64,64,"0x0","0x7f02bb551140",4181245288568830,4181245288707954,4181245288938777,4181245288939041,230823
788,"void transformer_engine::fused_attn_rocm::softmax_backward_kernel<hip_bfloat16, transformer_engine::fused_attn_rocm::SmallSeqConfig<6, 128, 256, false, (transformer_engine::fused_attn_rocm::CausalMaskType)0> >(hip_bfloat16 const*, hip_bfloat16 const*, hip_bfloat16*, float, int const*, int, int) [clone .kd]",2,8,964,1263855,1263855,390144,256,1024,0,16,0,16,64,"0x0","0x7f02bb551180",4181245288578975,4181245288938777,4181245288944386,4181245288947834,5609
789,"void transformer_engine::fused_attn_rocm::compute_grad_qk_kernel<hip_bfloat16, transformer_engine::fused_attn_rocm::SmallSeqConfig<6, 128, 256, false, (transformer_engine::fused_attn_rocm::CausalMaskType)0>, 4, 16>(hip_bfloat16 const*, hip_bfloat16 const*, hip_bfloat16 const*, hip_bfloat16*, hip_bfloat16*, float, int const*, int const*, int, int) [clone .kd]",2,8,965,1263855,1263855,1024000,64,12288,0,36,4,48,64,"0x0","0x7f02bb5511c0",4181245288585796,4181245288944386,4181245289093648,4181245289096255,149262
790,"input_reduce_fusion.kd",2,8,966,1263855,1263855,524288,256,512,0,16,0,16,64,"0x0","0x7f0abb6c9a80",4181245288594589,4181245289093648,4181245289102701,4181245289104227,9053
791,"input_reduce_fusion_3.kd",2,8,967,1263855,1263855,128,128,512,0,24,0,16,64,"0x0","0x7f0abb6c9ac0",4181245288601038,4181245289102701,4181245289108109,4181245289110216,5408
792,"loop_convert_fusion.kd",2,8,968,1263855,1263855,1,1,0,0,4,4,16,64,"0x0","0x7f0abb6c9b00",4181245288606777,4181245289108109,4181245289113357,4181245289116445,5248
793,"input_reduce_reduce_window_fusion_3.kd",2,8,971,1263855,1263855,9728,256,0,0,28,4,48,64,"0x0","0x7f0abb6c9000",4181245288731542,4181245289125776,4181245289136231,4181245289151457,10455
794,"loop_reduce_window_fusion_11.kd",2,8,972,1263855,1263855,1536,256,0,0,8,0,16,64,"0x0","0x7f0abb6c9040",4181245288740716,4181245289136231,4181245289143762,4181245289158547,7531
795,"loop_slice_fusion_5.kd",2,8,973,1263855,1263855,6,6,0,0,20,4,16,64,"0x0","0x7f0abb6c9080",4181245288747746,4181245289143762,4181245289148970,4181245289165488,5208
796,"loop_broadcast_fusion_2.kd",2,8,974,1263855,1263855,24064,256,0,0,4,4,16,64,"0x0","0x7f0abb6c90c0",4181245288754667,4181245289148970,4181245289154618,4181245289171837,5648
797,"input_scatter_fusion_2.kd",2,8,975,1263855,1263855,24064,256,0,0,12,4,32,64,"0x0","0x7f0abb6c9100",4181245288762609,4181245289154618,4181245289161749,4181245289177946,7131
798,"loop_reduce_window_fusion_10.kd",2,8,976,1263855,1263855,24064,256,0,0,8,0,16,64,"0x0","0x7f0abb6c9140",4181245288769799,4181245289161749,4181245289166596,4181245289183965,4847
799,"loop_reduce_window_fusion_11.kd",2,8,977,1263855,1263855,1536,256,0,0,8,0,16,64,"0x0","0x7f0abb6c9040",4181245288777080,4181245289166596,4181245289171564,4181245289190245,4968
800,"loop_slice_fusion_4.kd",2,8,978,1263855,1263855,94,94,0,0,24,0,16,64,"0x0","0x7f0abb6c9180",4181245288784391,4181245289171564,4181245289176972,4181245289196023,5408
801,"input_reduce_fusion_1.kd",2,8,979,1263855,1263855,64,64,0,0,8,0,16,64,"0x0","0x7f0abb6c91c0",4181245288791461,4181245289176972,4181245289181739,4181245289203184,4767
802,"loop_select_fusion_5.kd",2,8,980,1263855,1263855,24064,256,0,0,8,0,32,64,"0x0","0x7f0abb6c9200",4181245288798782,4181245289181739,4181245289186826,4181245289209273,5087
803,"loop_select_fusion_2.kd",2,8,981,1263855,1263855,24064,256,0,0,4,4,16,64,"0x0","0x7f0abb6c9240",4181245288806073,4181245289186826,4181245289191714,4181245289215212,4888
804,"loop_reduce_window_fusion_10.kd",2,8,982,1263855,1263855,24064,256,0,0,8,0,16,64,"0x0","0x7f0abb6c9140",4181245288813044,4181245289191714,4181245289196441,4181245289221191,4727
805,"loop_reduce_window_fusion_11.kd",2,8,983,1263855,1263855,1536,256,0,0,8,0,16,64,"0x0","0x7f0abb6c9040",4181245288819874,4181245289196441,4181245289201368,4181245289227340,4927
806,"loop_slice_fusion_5.kd",2,8,984,1263855,1263855,6,6,0,0,20,4,16,64,"0x0","0x7f0abb6c9080",4181245288826934,4181245289201368,4181245289206095,4181245289233209,4727
807,"input_concatenate_fusion.kd",2,8,985,1263855,1263855,24064,256,0,0,12,4,32,64,"0x0","0x7f0abb6c9280",4181245288834375,4181245289206095,4181245289211743,4181245289239007,5648
808,"input_reduce_reduce_window_fusion.kd",2,8,986,1263855,1263855,11264,256,0,0,36,4,48,64,"0x0","0x7f0abb6c92c0",4181245288840995,4181245289211743,4181245289222039,4181245289244926,10296
809,"loop_reduce_window_fusion_2.kd",2,8,987,1263855,1263855,1792,256,0,0,8,0,16,64,"0x0","0x7f0abb6c9300",4181245288848006,4181245289222039,4181245289227126,4181245289251085,5087
810,"loop_slice_fusion_7.kd",2,8,988,1263855,1263855,7,7,0,0,20,4,16,64,"0x0","0x7f0abb6c9340",4181245288854585,4181245289227126,4181245289231813,4181245289257344,4687
811,"loop_broadcast_fusion.kd",2,8,989,1263855,1263855,28160,256,0,0,4,4,16,64,"0x0","0x7f0abb6c9380",4181245288862157,4181245289231813,4181245289236901,4181245289294379,5088
812,"input_scatter_fusion.kd",2,8,990,1263855,1263855,28160,256,0,0,12,4,32,64,"0x0","0x7f0abb6c93c0",4181245288869197,4181245289236901,4181245289244071,4181245289288831,7170
813,"loop_reduce_window_fusion_1.kd",2,8,991,1263855,1263855,28160,256,0,0,8,0,16,64,"0x0","0x7f0abb6c9400",4181245288877059,4181245289244071,4181245289248919,4181245289282902,4848
814,"loop_reduce_window_fusion_2.kd",2,8,992,1263855,1263855,1792,256,0,0,8,0,16,64,"0x0","0x7f0abb6c9300",4181245288883358,4181245289248919,4181245289254086,4181245289275541,5167
815,"loop_slice_fusion_7.kd",2,8,993,1263855,1263855,7,7,0,0,20,4,16,64,"0x0","0x7f0abb6c9340",4181245288890329,4181245289254086,4181245289258853,4181245289269623,4767
816,"loop_slice_fusion_3.kd",2,8,994,1263855,1263855,110,110,0,0,8,0,16,64,"0x0","0x7f0abb6c9440",4181245288897639,4181245289258853,4181245289263580,4181245289263453,4727
817,"input_reduce_fusion_2.kd",2,8,995,1263855,1263855,64,64,0,0,8,0,16,64,"0x0","0x7f0abb6c9480",4181245288903919,4181245289263580,4181245289268308,4181245289334509,4728
818,"loop_select_fusion_4.kd",2,8,996,1263855,1263855,28160,256,0,0,8,0,32,64,"0x0","0x7f0abb6c94c0",4181245288911690,4181245289268308,4181245289273315,4181245289340398,5007
819,"loop_select_fusion.kd",2,8,997,1263855,1263855,28160,256,0,0,8,0,16,64,"0x0","0x7f0abb6c9500",4181245288918390,4181245289273315,4181245289278322,4181245289346557,5007
820,"loop_compare_fusion_1.kd",2,8,998,1263855,1263855,4096,256,0,0,4,4,16,64,"0x0","0x7f0abb6c9540",4181245288925771,4181245289278322,4181245289283089,4181245289321960,4767
821,"input_reduce_reduce_window_fusion_2.kd",2,8,999,1263855,1263855,256,256,512,0,20,4,32,64,"0x0","0x7f0abb6c9580",4181245288933042,4181245289283089,4181245289299514,4181245289304254,16425
822,"loop_slice_fusion_1.kd",2,8,1000,1263855,1263855,16,16,0,0,20,4,16,64,"0x0","0x7f0abb6c95c0",4181245288939942,4181245289299514,4181245289304281,4181245289352336,4767
823,"loop_broadcast_fusion_3.kd",2,8,1001,1263855,1263855,4096,256,0,0,4,4,16,64,"0x0","0x7f0abb6c9600",4181245288963908,4181245289304281,4181245289309168,4181245289358555,4887
824,"input_scatter_fusion_3.kd",2,8,1002,1263855,1263855,4096,256,0,0,8,0,32,64,"0x0","0x7f0abb6c9640",4181245288971740,4181245289309168,4181245289315337,4181245289364424,6169
825,"loop_reduce_window_fusion_13.kd",2,8,1003,1263855,1263855,4096,256,0,0,8,0,16,64,"0x0","0x7f0abb6c9680",4181245288978840,4181245289315337,4181245289320145,4181245289371244,4808
826,"loop_slice_fusion_1.kd",2,8,1004,1263855,1263855,16,16,0,0,20,4,16,64,"0x0","0x7f0abb6c95c0",4181245288986101,4181245289320145,4181245289324872,4181245289328570,4727
827,"loop_remainder_fusion.kd",2,8,1005,1263855,1263855,4096,256,0,0,12,4,16,64,"0x0","0x7f0abb6c96c0",4181245288993141,4181245289324872,4181245289331001,4181245289397923,6129
828,"loop_select_fusion_3.kd",2,8,1006,1263855,1263855,4096,256,0,0,8,0,32,64,"0x0","0x7f0abb6c9700",4181245289000783,4181245289331001,4181245289335808,4181245289404023,4807
829,"loop_reduce_window_fusion_13.kd",2,8,1007,1263855,1263855,4096,256,0,0,8,0,16,64,"0x0","0x7f0abb6c9680",4181245289008004,4181245289335808,4181245289340575,4181245289409701,4767
830,"loop_slice_fusion_1.kd",2,8,1008,1263855,1263855,16,16,0,0,20,4,16,64,"0x0","0x7f0abb6c95c0",4181245289014934,4181245289340575,4181245289345302,4181245289415189,4727
831,"input_concatenate_fusion_1.kd",2,8,1009,1263855,1263855,4096,256,0,0,8,0,32,64,"0x0","0x7f0abb6c9740",4181245289023056,4181245289345302,4181245289351191,4181245289421028,5889
832,"loop_compare_fusion.kd",2,8,1010,1263855,1263855,8192,256,0,0,4,4,16,64,"0x0","0x7f0abb6c9780",4181245289029536,4181245289351191,4181245289356238,4181245289385866,5047
833,"input_reduce_reduce_window_fusion_1.kd",2,8,1011,1263855,1263855,512,512,512,0,20,4,48,64,"0x0","0x7f0abb6c97c0",4181245289037317,4181245289356238,4181245289373744,4181245289379186,17506
834,"loop_reduce_window_fusion_6.kd",2,8,1012,1263855,1263855,32,32,0,0,32,0,16,64,"0x0","0x7f0abb6c9800",4181245289045039,4181245289373744,4181245289382638,4181245289460066,8894
835,"loop_broadcast_fusion_1.kd",2,8,1013,1263855,1263855,8192,256,0,0,4,4,16,64,"0x0","0x7f0abb6c9840",4181245289052109,4181245289382638,4181245289387645,4181245289485333,5007
836,"input_scatter_fusion_1.kd",2,8,1014,1263855,1263855,8192,256,0,0,8,0,32,64,"0x0","0x7f0abb6c9880",4181245289059841,4181245289387645,4181245289393173,4181245289490792,5528
837,"loop_reduce_window_fusion_5.kd",2,8,1015,1263855,1263855,8192,256,0,0,8,0,16,64,"0x0","0x7f0abb6c98c0",4181245289067402,4181245289393173,4181245289398221,4181245289495979,5048
838,"loop_reduce_window_fusion_4.kd",2,8,1016,1263855,1263855,512,256,0,0,8,0,16,64,"0x0","0x7f0abb6c9900",4181245289074172,4181245289398221,4181245289403469,4181245289447708,5248
839,"loop_reduce_window_fusion_3.kd",2,8,1017,1263855,1263855,32,32,0,0,8,0,16,64,"0x0","0x7f0abb6c9940",4181245289082574,4181245289403469,4181245289408276,4181245289466135,4807
840,"loop_select_fusion_6.kd",2,8,1018,1263855,1263855,8192,256,0,0,8,0,32,64,"0x0","0x7f0abb6c9980",4181245289091207,4181245289408276,4181245289413363,4181245289473706,5087
841,"loop_select_fusion_1.kd",2,8,1019,1263855,1263855,8192,256,0,0,8,0,16,64,"0x0","0x7f0abb6c99c0",4181245289098037,4181245289413363,4181245289418250,4181245289479485,4887
842,"loop_broadcast_fusion_4.kd",2,8,1020,1263855,1263855,16,16,0,0,4,4,16,64,"0x0","0x7f0abb6c9a00",4181245289131808,4181245289418250,4181245289423298,4181245289428789,5048
843,"__amd_rocclr_fillBufferAligned.kd",2,8,1021,1263855,1263855,77824,256,0,0,12,4,48,64,"0x0","0x7f2abbf33580",4181245289146129,4181245289423298,4181245289436357,4181245289509019,13059
844,"__amd_rocclr_fillBufferAligned.kd",2,8,1022,1263855,1263855,16128,256,0,0,12,4,48,64,"0x0","0x7f2abbf33580",4181245289152348,4181245289436357,4181245289441405,4181245289503801,5048
845,"transformer_engine::fused_attn_rocm::populate_rng_state_kernel(long*, long const*, long) [clone .kd]",2,8,1023,1263855,1263855,1,1,0,0,8,0,16,64,"0x0","0x7f1abba31380",4181245289320448,4181245289441405,4181245289446212,4181245289453957,4807
846,"__amd_rocclr_fillBufferAligned.kd",2,8,1024,1263855,1263855,256,256,0,0,12,4,48,64,"0x0","0x7f2abbf33580",4181245289388850,4181245289446212,4181245289450378,4181245289513796,4166
847,"ck_fused_attn::get_runtime_max_seqlen_kernel(unsigned long, int const*, int const*, unsigned long*) [clone .kd]",2,8,1025,1263855,1263855,4096,128,0,0,4,4,32,64,"0x0","0x7f1abba20940",4181245289441338,4181245289510508,4181245289516517,4181245289521748,6009
848,"__amd_rocclr_copyBuffer.kd",2,8,1026,1263855,1263855,512,512,0,0,16,0,32,64,"0x7f32cafe8600","0x7f2abbf33600",4181245289510251,4181245289521484,4181245289527012,4181245289526945,5528
849,"__amd_rocclr_fillBufferAligned.kd",2,8,1028,1263855,1263855,256,256,0,0,12,4,48,64,"0x0","0x7f2abbf33580",4181245289552704,4181245289561744,4181245289563747,4181245289597600,2003
850,"ck_fused_attn::get_runtime_max_seqlen_kernel(unsigned long, int const*, int const*, unsigned long*) [clone .kd]",2,8,1029,1263855,1263855,4096,128,0,0,4,4,32,64,"0x0","0x7f1abba20940",4181245289566514,4181245289574683,4181245289580612,4181245289610039,5929
851,"__amd_rocclr_copyBuffer.kd",2,8,1030,1263855,1263855,512,512,0,0,16,0,32,64,"0x7f32cafe8500","0x7f2abbf33600",4181245289576699,4181245289585579,4181245289591388,4181245289603579,5809
852,"void transformer_engine::fused_attn_rocm::compute_scores_kernel<hip_bfloat16, transformer_engine::fused_attn_rocm::SmallSeqConfig<6, 128, 256, false, (transformer_engine::fused_attn_rocm::CausalMaskType)0>, 1>(hip_bfloat16 const*, hip_bfloat16 const*, hip_bfloat16*, float, int const*, int const*, int, int) [clone .kd]",2,8,1032,1263855,1263855,64000,64,0,0,112,0,48,64,"0x0","0x7f02bb54f5c0",4181245289620084,4181245289637537,4181245289665819,4181245289671250,28282
853,"void transformer_engine::fused_attn_rocm::apply_mask_and_softmax_kernel<hip_bfloat16, transformer_engine::fused_attn_rocm::SmallSeqConfig<6, 128, 256, false, (transformer_engine::fused_attn_rocm::CausalMaskType)0> >(hip_bfloat16*, hip_bfloat16 const*, float, int const*, int, int) [clone .kd]",2,8,1033,1263855,1263855,390144,256,1024,0,12,4,16,64,"0x0","0x7f02bb54f600",4181245289635917,4181245289665819,4181245289670946,4181245289679663,5127
854,"void transformer_engine::fused_attn_rocm::compute_output_kernel<hip_bfloat16, transformer_engine::fused_attn_rocm::SmallSeqConfig<6, 128, 256, false, (transformer_engine::fused_attn_rocm::CausalMaskType)0>, 2, 8>(hip_bfloat16 const*, hip_bfloat16 const*, hip_bfloat16*, int const*, int const*, int, int) [clone .kd]",2,8,1034,1263855,1263855,512000,64,12288,0,28,4,48,64,"0x0","0x7f02bb54f640",4181245289645041,4181245289670946,4181245289735242,4181245289736267,64296
855,"loop_broadcast_fusion_5.kd",2,8,1035,1263855,1263855,2048000,256,0,0,4,4,16,64,"0x0","0x7f0abb6c9a40",4181245289652883,4181245289735242,4181245289743374,4181245289744519,8132
856,"__amd_rocclr_fillBufferAligned.kd",2,8,1036,1263855,1263855,77824,256,0,0,12,4,48,64,"0x0","0x7f2abbf33580",4181245289666673,4181245289743374,4181245289750224,4181245289751529,6850
857,"__amd_rocclr_fillBufferAligned.kd",2,8,1037,1263855,1263855,77824,256,0,0,12,4,48,64,"0x0","0x7f2abbf33580",4181245289672572,4181245289750224,4181245289768051,4181245289775595,17827
858,"__amd_rocclr_fillBufferAligned.kd",2,8,1038,1263855,1263855,77824,256,0,0,12,4,48,64,"0x0","0x7f2abbf33580",4181245289692772,4181245289768051,4181245289785517,4181245289796096,17466
859,"__amd_rocclr_fillBufferAligned.kd",2,8,1039,1263855,1263855,256,256,0,0,12,4,48,64,"0x0","0x7f2abbf33580",4181245289702697,4181245289785517,4181245289790244,4181245289791399,4727
860,"ck_fused_attn::get_runtime_max_seqlen_kernel(unsigned long, int const*, int const*, unsigned long*) [clone .kd]",2,8,1040,1263855,1263855,4096,128,0,0,4,4,32,64,"0x0","0x7f1abba20940",4181245289708866,4181245289790244,4181245289796173,4181245289803947,5929
861,"__amd_rocclr_copyBuffer.kd",2,8,1041,1263855,1263855,512,512,0,0,16,0,32,64,"0x7f32cafe8400","0x7f2abbf33600",4181245289716247,4181245289796173,4181245289801701,4181245289808584,5528
862,"__amd_rocclr_fillBufferAligned.kd",2,8,1043,1263855,1263855,256,256,0,0,12,4,48,64,"0x0","0x7f2abbf33580",4181245289827342,4181245289838716,4181245289841119,4181245289841313,2403
863,"ck_fused_attn::get_runtime_max_seqlen_kernel(unsigned long, int const*, int const*, unsigned long*) [clone .kd]",2,8,1044,1263855,1263855,4096,128,0,0,4,4,32,64,"0x0","0x7f1abba20940",4181245289836856,4181245289845286,4181245289854539,4181245289859370,9253
864,"__amd_rocclr_copyBuffer.kd",2,8,1045,1263855,1263855,512,512,0,0,16,0,32,64,"0x7f32cafe8300","0x7f2abbf33600",4181245289843857,4181245289854539,4181245289860789,4181245289864578,6250
865,"void transformer_engine::fused_attn_rocm::compute_grad_v_kernel<hip_bfloat16, transformer_engine::fused_attn_rocm::SmallSeqConfig<6, 128, 256, false, (transformer_engine::fused_attn_rocm::CausalMaskType)0>, 16, 16>(hip_bfloat16 const*, hip_bfloat16 const*, hip_bfloat16*, int const*, int const*, int, int) [clone .kd]",2,8,1047,1263855,1263855,256000,64,12288,0,32,0,48,64,"0x0","0x7f02bb551100",4181245289879930,4181245289893317,4181245290033165,4181245290041561,139848
866,"void transformer_engine::fused_attn_rocm::compute_grad_attn_kernel<hip_bfloat16, transformer_engine::fused_attn_rocm::SmallSeqConfig<6, 128, 256, false, (transformer_engine::fused_attn_rocm::CausalMaskType)0>, 16>(hip_bfloat16 const*, hip_bfloat16 const*, hip_bfloat16*, int const*, int const*, int, int) [clone .kd]",2,8,1048,1263855,1263855,8000,64,0,0,116,4,64,64,"0x0","0x7f02bb551140",4181245289891778,4181245290033165,4181245290263187,4181245290269780,230022
867,"void transformer_engine::fused_attn_rocm::softmax_backward_kernel<hip_bfloat16, transformer_engine::fused_attn_rocm::SmallSeqConfig<6, 128, 256, false, (transformer_engine::fused_attn_rocm::CausalMaskType)0> >(hip_bfloat16 const*, hip_bfloat16 const*, hip_bfloat16*, float, int const*, int, int) [clone .kd]",2,8,1049,1263855,1263855,390144,256,1024,0,16,0,16,64,"0x0","0x7f02bb551180",4181245289900271,4181245290263187,4181245290269276,4181245290278733,6089
868,"void transformer_engine::fused_attn_rocm::compute_grad_qk_kernel<hip_bfloat16, transformer_engine::fused_attn_rocm::SmallSeqConfig<6, 128, 256, false, (transformer_engine::fused_attn_rocm::CausalMaskType)0>, 4, 16>(hip_bfloat16 const*, hip_bfloat16 const*, hip_bfloat16 const*, hip_bfloat16*, hip_bfloat16*, float, int const*, int const*, int, int) [clone .kd]",2,8,1050,1263855,1263855,1024000,64,12288,0,36,4,48,64,"0x0","0x7f02bb5511c0",4181245289906830,4181245290269276,4181245290430836,4181245290445712,161560
869,"input_reduce_fusion.kd",2,8,1051,1263855,1263855,524288,256,512,0,16,0,16,64,"0x0","0x7f0abb6c9a80",4181245289916074,4181245290430836,4181245290442053,4181245290458321,11217
870,"input_reduce_fusion_3.kd",2,8,1052,1263855,1263855,128,128,512,0,24,0,16,64,"0x0","0x7f0abb6c9ac0",4181245289924106,4181245290442053,4181245290448102,4181245290468696,6049
871,"loop_convert_fusion.kd",2,8,1053,1263855,1263855,1,1,0,0,4,4,16,64,"0x0","0x7f0abb6c9b00",4181245289930355,4181245290448102,4181245290452228,4181245290474775,4126
872,"input_reduce_reduce_window_fusion_3.kd",2,8,1056,1263855,1263855,9728,256,0,0,28,4,48,64,"0x0","0x7f0abb6c9000",4181245290046738,4181245290464086,4181245290474822,4181245290485932,10736
873,"loop_reduce_window_fusion_11.kd",2,8,1057,1263855,1263855,1536,256,0,0,8,0,16,64,"0x0","0x7f0abb6c9040",4181245290056052,4181245290474822,4181245290482633,4181245290498821,7811
874,"loop_slice_fusion_5.kd",2,8,1058,1263855,1263855,6,6,0,0,20,4,16,64,"0x0","0x7f0abb6c9080",4181245290063664,4181245290482633,4181245290488963,4181245290504970,6330
875,"loop_broadcast_fusion_2.kd",2,8,1059,1263855,1263855,24064,256,0,0,4,4,16,64,"0x0","0x7f0abb6c90c0",4181245290071405,4181245290488963,4181245290495252,4181245290511029,6289
876,"input_scatter_fusion_2.kd",2,8,1060,1263855,1263855,24064,256,0,0,12,4,32,64,"0x0","0x7f0abb6c9100",4181245290079657,4181245290495252,4181245290501461,4181245290517238,6209
877,"loop_reduce_window_fusion_10.kd",2,8,1061,1263855,1263855,24064,256,0,0,8,0,16,64,"0x0","0x7f0abb6c9140",4181245290087689,4181245290501461,4181245290506309,4181245290523197,4848
878,"loop_reduce_window_fusion_11.kd",2,8,1062,1263855,1263855,1536,256,0,0,8,0,16,64,"0x0","0x7f0abb6c9040",4181245290094810,4181245290506309,4181245290511196,4181245290528906,4887
879,"loop_slice_fusion_4.kd",2,8,1063,1263855,1263855,94,94,0,0,24,0,16,64,"0x0","0x7f0abb6c9180",4181245290101600,4181245290511196,4181245290516684,4181245290535105,5488
880,"input_reduce_fusion_1.kd",2,8,1064,1263855,1263855,64,64,0,0,8,0,16,64,"0x0","0x7f0abb6c91c0",4181245290108941,4181245290516684,4181245290521411,4181245290541164,4727
881,"loop_select_fusion_5.kd",2,8,1065,1263855,1263855,24064,256,0,0,8,0,32,64,"0x0","0x7f0abb6c9200",4181245290116092,4181245290521411,4181245290526499,4181245290548385,5088
882,"loop_select_fusion_2.kd",2,8,1066,1263855,1263855,24064,256,0,0,4,4,16,64,"0x0","0x7f0abb6c9240",4181245290123643,4181245290526499,4181245290531306,4181245290554263,4807
883,"loop_reduce_window_fusion_10.kd",2,8,1067,1263855,1263855,24064,256,0,0,8,0,16,64,"0x0","0x7f0abb6c9140",4181245290130233,4181245290531306,4181245290536033,4181245290560132,4727
884,"loop_reduce_window_fusion_11.kd",2,8,1068,1263855,1263855,1536,256,0,0,8,0,16,64,"0x0","0x7f0abb6c9040",4181245290138064,4181245290536033,4181245290540960,4181245290565780,4927
885,"loop_slice_fusion_5.kd",2,8,1069,1263855,1263855,6,6,0,0,20,4,16,64,"0x0","0x7f0abb6c9080",4181245290145075,4181245290540960,4181245290545727,4181245290571469,4767
886,"input_concatenate_fusion.kd",2,8,1070,1263855,1263855,24064,256,0,0,12,4,32,64,"0x0","0x7f0abb6c9280",4181245290152466,4181245290545727,4181245290551376,4181245290577177,5649
887,"input_reduce_reduce_window_fusion.kd",2,8,1071,1263855,1263855,11264,256,0,0,36,4,48,64,"0x0","0x7f0abb6c92c0",4181245290159566,4181245290551376,4181245290561831,4181245290583887,10455
888,"loop_reduce_window_fusion_2.kd",2,8,1072,1263855,1263855,1792,256,0,0,8,0,16,64,"0x0","0x7f0abb6c9300",4181245290166797,4181245290561831,4181245290566959,4181245290589696,5128
889,"loop_slice_fusion_7.kd",2,8,1073,1263855,1263855,7,7,0,0,20,4,16,64,"0x0","0x7f0abb6c9340",4181245290173407,4181245290566959,4181245290571726,4181245290595865,4767
890,"loop_broadcast_fusion.kd",2,8,1074,1263855,1263855,28160,256,0,0,4,4,16,64,"0x0","0x7f0abb6c9380",4181245290180848,4181245290571726,4181245290576733,4181245290602034,5007
891,"input_scatter_fusion.kd",2,8,1075,1263855,1263855,28160,256,0,0,12,4,32,64,"0x0","0x7f0abb6c93c0",4181245290187868,4181245290576733,4181245290584064,4181245290632600,7331
892,"loop_reduce_window_fusion_1.kd",2,8,1076,1263855,1263855,28160,256,0,0,8,0,16,64,"0x0","0x7f0abb6c9400",4181245290195680,4181245290584064,4181245290588871,4181245290627362,4807
893,"loop_reduce_window_fusion_2.kd",2,8,1077,1263855,1263855,1792,256,0,0,8,0,16,64,"0x0","0x7f0abb6c9300",4181245290202440,4181245290588871,4181245290593919,4181245290620191,5048
894,"loop_slice_fusion_7.kd",2,8,1078,1263855,1263855,7,7,0,0,20,4,16,64,"0x0","0x7f0abb6c9340",4181245290209280,4181245290593919,4181245290598606,4181245290614263,4687
895,"loop_slice_fusion_3.kd",2,8,1079,1263855,1263855,110,110,0,0,8,0,16,64,"0x0","0x7f0abb6c9440",4181245290216761,4181245290598606,4181245290603293,4181245290608063,4687
896,"input_reduce_fusion_2.kd",2,8,1080,1263855,1263855,64,64,0,0,8,0,16,64,"0x0","0x7f0abb6c9480",4181245290224272,4181245290603293,4181245290608020,4181245290673701,4727
897,"loop_select_fusion_4.kd",2,8,1081,1263855,1263855,28160,256,0,0,8,0,32,64,"0x0","0x7f0abb6c94c0",4181245290231734,4181245290608020,4181245290613067,4181245290678097,5047
898,"loop_select_fusion.kd",2,8,1082,1263855,1263855,28160,256,0,0,8,0,16,64,"0x0","0x7f0abb6c9500",4181245290238654,4181245290613067,4181245290618035,4181245290648293,4968
899,"loop_compare_fusion_1.kd",2,8,1083,1263855,1263855,4096,256,0,0,4,4,16,64,"0x0","0x7f0abb6c9540",4181245290246225,4181245290618035,4181245290622842,4181245290643145,4807
900,"input_reduce_reduce_window_fusion_2.kd",2,8,1084,1263855,1263855,256,256,512,0,20,4,32,64,"0x0","0x7f0abb6c9580",4181245290253957,4181245290622842,4181245290639106,4181245290682184,16264
901,"loop_slice_fusion_1.kd",2,8,1085,1263855,1263855,16,16,0,0,20,4,16,64,"0x0","0x7f0abb6c95c0",4181245290261788,4181245290639106,4181245290643913,4181245290669384,4807
902,"loop_broadcast_fusion_3.kd",2,8,1086,1263855,1263855,4096,256,0,0,4,4,16,64,"0x0","0x7f0abb6c9600",4181245290268749,4181245290643913,4181245290648720,4181245290665068,4807
903,"input_scatter_fusion_3.kd",2,8,1087,1263855,1263855,4096,256,0,0,8,0,32,64,"0x0","0x7f0abb6c9640",4181245290293596,4181245290648720,4181245290654809,4181245290654883,6089
904,"loop_reduce_window_fusion_13.kd",2,8,1088,1263855,1263855,4096,256,0,0,8,0,16,64,"0x0","0x7f0abb6c9680",4181245290302118,4181245290654809,4181245290659697,4181245290708843,4888
905,"loop_slice_fusion_1.kd",2,8,1089,1263855,1263855,16,16,0,0,20,4,16,64,"0x0","0x7f0abb6c95c0",4181245290308678,4181245290659697,4181245290664384,4181245290712979,4687
906,"loop_remainder_fusion.kd",2,8,1090,1263855,1263855,4096,256,0,0,12,4,16,64,"0x0","0x7f0abb6c96c0",4181245290316339,4181245290664384,4181245290670232,4181245290704166,5848
907,"loop_select_fusion_3.kd",2,8,1091,1263855,1263855,4096,256,0,0,8,0,32,64,"0x0","0x7f0abb6c9700",4181245290323640,4181245290670232,4181245290675080,4181245290700090,4848
908,"loop_reduce_window_fusion_13.kd",2,8,1092,1263855,1263855,4096,256,0,0,8,0,16,64,"0x0","0x7f0abb6c9680",4181245290331051,4181245290675080,4181245290679847,4181245290693881,4767
909,"loop_slice_fusion_1.kd",2,8,1093,1263855,1263855,16,16,0,0,20,4,16,64,"0x0","0x7f0abb6c95c0",4181245290338152,4181245290679847,4181245290684534,4181245290689304,4687
910,"input_concatenate_fusion_1.kd",2,8,1094,1263855,1263855,4096,256,0,0,8,0,32,64,"0x0","0x7f0abb6c9740",4181245290345843,4181245290684534,4181245290690382,4181245290729013,5848
911,"loop_compare_fusion.kd",2,8,1095,1263855,1263855,8192,256,0,0,4,4,16,64,"0x0","0x7f0abb6c9780",4181245290352814,4181245290690382,4181245290695350,4181245290724627,4968
912,"input_reduce_reduce_window_fusion_1.kd",2,8,1096,1263855,1263855,512,512,512,0,20,4,48,64,"0x0","0x7f0abb6c97c0",4181245290359223,4181245290695350,4181245290712696,4181245290720020,17346
913,"loop_reduce_window_fusion_6.kd",2,8,1097,1263855,1263855,32,32,0,0,32,0,16,64,"0x0","0x7f0abb6c9800",4181245290366434,4181245290712696,4181245290722270,4181245290744506,9574
914,"loop_broadcast_fusion_1.kd",2,8,1098,1263855,1263855,8192,256,0,0,4,4,16,64,"0x0","0x7f0abb6c9840",4181245290374215,4181245290722270,4181245290727397,4181245290740270,5127
915,"input_scatter_fusion_1.kd",2,8,1099,1263855,1263855,8192,256,0,0,8,0,32,64,"0x0","0x7f0abb6c9880",4181245290380745,4181245290727397,4181245290732966,4181245290735633,5569
916,"loop_reduce_window_fusion_5.kd",2,8,1100,1263855,1263855,8192,256,0,0,8,0,16,64,"0x0","0x7f0abb6c98c0",4181245290388236,4181245290732966,4181245290738053,4181245290759378,5087
917,"loop_reduce_window_fusion_4.kd",2,8,1101,1263855,1263855,512,256,0,0,8,0,16,64,"0x0","0x7f0abb6c9900",4181245290395527,4181245290738053,4181245290743261,4181245290755192,5208
918,"loop_reduce_window_fusion_3.kd",2,8,1102,1263855,1263855,32,32,0,0,8,0,16,64,"0x0","0x7f0abb6c9940",4181245290401947,4181245290743261,4181245290748068,4181245290750986,4807
919,"loop_select_fusion_6.kd",2,8,1103,1263855,1263855,8192,256,0,0,8,0,32,64,"0x0","0x7f0abb6c9980",4181245290409338,4181245290748068,4181245290753116,4181245290775953,5048
920,"loop_select_fusion_1.kd",2,8,1104,1263855,1263855,8192,256,0,0,8,0,16,64,"0x0","0x7f0abb6c99c0",4181245290416749,4181245290753116,4181245290758043,4181245290771637,4927
921,"loop_broadcast_fusion_4.kd",2,8,1105,1263855,1263855,16,16,0,0,4,4,16,64,"0x0","0x7f0abb6c9a00",4181245290422998,4181245290758043,4181245290763131,4181245290767020,5088
922,"__amd_rocclr_fillBufferAligned.kd",2,8,1106,1263855,1263855,77824,256,0,0,12,4,48,64,"0x0","0x7f2abbf33580",4181245290434615,4181245290763131,4181245290776991,4181245290782503,13860
923,"__amd_rocclr_fillBufferAligned.kd",2,8,1107,1263855,1263855,16128,256,0,0,12,4,48,64,"0x0","0x7f2abbf33580",4181245290441055,4181245290776991,4181245290782079,4181245290786879,5088
924,"transformer_engine::fused_attn_rocm::populate_rng_state_kernel(long*, long const*, long) [clone .kd]",2,8,1108,1263855,1263855,1,1,0,0,8,0,16,64,"0x0","0x7f1abba31380",4181245290453964,4181245290782079,4181245290786966,4181245290797836,4887
925,"__amd_rocclr_fillBufferAligned.kd",2,8,1109,1263855,1263855,256,256,0,0,12,4,48,64,"0x0","0x7f2abbf33580",4181245290467544,4181245290786966,4181245290791653,4181245290793169,4687
926,"ck_fused_attn::get_runtime_max_seqlen_kernel(unsigned long, int const*, int const*, unsigned long*) [clone .kd]",2,8,1110,1263855,1263855,4096,128,0,0,4,4,32,64,"0x0","0x7f1abba20940",4181245290489437,4181245290791653,4181245290797502,4181245290804956,5849
927,"__amd_rocclr_copyBuffer.kd",2,8,1111,1263855,1263855,512,512,0,0,16,0,32,64,"0x7f32cae73880","0x7f2abbf33600",4181245290646991,4181245290797502,4181245290802950,4181245290809483,5448
928,"__amd_rocclr_fillBufferAligned.kd",2,8,1113,1263855,1263855,256,256,0,0,12,4,48,64,"0x0","0x7f2abbf33580",4181245290844245,4181245290853665,4181245290855628,4181245290884625,1963
929,"ck_fused_attn::get_runtime_max_seqlen_kernel(unsigned long, int const*, int const*, unsigned long*) [clone .kd]",2,8,1114,1263855,1263855,4096,128,0,0,4,4,32,64,"0x0","0x7f1abba20940",4181245290859377,4181245290867606,4181245290873535,4181245290894730,5929
930,"__amd_rocclr_copyBuffer.kd",2,8,1115,1263855,1263855,512,512,0,0,16,0,32,64,"0x7f32cafea000","0x7f2abbf33600",4181245290866708,4181245290878302,4181245290883910,4181245290889802,5608
931,"void transformer_engine::fused_attn_rocm::compute_scores_kernel<hip_bfloat16, transformer_engine::fused_attn_rocm::SmallSeqConfig<6, 128, 256, false, (transformer_engine::fused_attn_rocm::CausalMaskType)0>, 1>(hip_bfloat16 const*, hip_bfloat16 const*, hip_bfloat16*, float, int const*, int const*, int, int) [clone .kd]",2,8,1117,1263855,1263855,64000,64,0,0,112,0,48,64,"0x0","0x7f02bb54f5c0",4181245290905706,4181245290914836,4181245290944801,4181245290947799,29965
932,"void transformer_engine::fused_attn_rocm::apply_mask_and_softmax_kernel<hip_bfloat16, transformer_engine::fused_attn_rocm::SmallSeqConfig<6, 128, 256, false, (transformer_engine::fused_attn_rocm::CausalMaskType)0> >(hip_bfloat16*, hip_bfloat16 const*, float, int const*, int, int) [clone .kd]",2,8,1118,1263855,1263855,390144,256,1024,0,12,4,16,64,"0x0","0x7f02bb54f600",4181245290914249,4181245290944801,4181245290949888,4181245290957733,5087
933,"void transformer_engine::fused_attn_rocm::compute_output_kernel<hip_bfloat16, transformer_engine::fused_attn_rocm::SmallSeqConfig<6, 128, 256, false, (transformer_engine::fused_attn_rocm::CausalMaskType)0>, 2, 8>(hip_bfloat16 const*, hip_bfloat16 const*, hip_bfloat16*, int const*, int const*, int, int) [clone .kd]",2,8,1119,1263855,1263855,512000,64,12288,0,28,4,48,64,"0x0","0x7f02bb54f640",4181245290928550,4181245290949888,4181245291014104,4181245291016110,64216
934,"loop_broadcast_fusion_5.kd",2,8,1120,1263855,1263855,2048000,256,0,0,4,4,16,64,"0x0","0x7f0abb6c9a40",4181245290936922,4181245291014104,4181245291022436,4181245291023942,8332
935,"__amd_rocclr_fillBufferAligned.kd",2,8,1121,1263855,1263855,77824,256,0,0,12,4,48,64,"0x0","0x7f2abbf33580",4181245290951855,4181245291022436,4181245291029246,4181245291030532,6810
936,"__amd_rocclr_fillBufferAligned.kd",2,8,1122,1263855,1263855,77824,256,0,0,12,4,48,64,"0x0","0x7f2abbf33580",4181245290959135,4181245291029246,4181245291046913,4181245291054828,17667
937,"__amd_rocclr_fillBufferAligned.kd",2,8,1123,1263855,1263855,77824,256,0,0,12,4,48,64,"0x0","0x7f2abbf33580",4181245290972045,4181245291046913,4181245291064218,4181245291075308,17305
938,"__amd_rocclr_fillBufferAligned.kd",2,8,1124,1263855,1263855,256,256,0,0,12,4,48,64,"0x0","0x7f2abbf33580",4181245290981038,4181245291064218,4181245291068865,4181245291070401,4647
939,"ck_fused_attn::get_runtime_max_seqlen_kernel(unsigned long, int const*, int const*, unsigned long*) [clone .kd]",2,8,1125,1263855,1263855,4096,128,0,0,4,4,32,64,"0x0","0x7f1abba20940",4181245290987998,4181245291068865,4181245291074834,4181245291079955,5969
940,"__amd_rocclr_copyBuffer.kd",2,8,1126,1263855,1263855,512,512,0,0,16,0,32,64,"0x7f32cafe9f00","0x7f2abbf33600",4181245290995279,4181245291074834,4181245291080643,4181245291088257,5809
941,"__amd_rocclr_fillBufferAligned.kd",2,8,1128,1263855,1263855,256,256,0,0,12,4,48,64,"0x0","0x7f2abbf33580",4181245291107136,4181245291121343,4181245291123386,4181245291126304,2043
942,"ck_fused_attn::get_runtime_max_seqlen_kernel(unsigned long, int const*, int const*, unsigned long*) [clone .kd]",2,8,1129,1263855,1263855,4096,128,0,0,4,4,32,64,"0x0","0x7f1abba20940",4181245291120505,4181245291129475,4181245291135284,4181245291136319,5809
943,"__amd_rocclr_copyBuffer.kd",2,8,1130,1263855,1263855,512,512,0,0,16,0,32,64,"0x7f32cafe9e00","0x7f2abbf33600",4181245291128507,4181245291140131,4181245291144177,4181245291151622,4046
944,"void transformer_engine::fused_attn_rocm::compute_grad_v_kernel<hip_bfloat16, transformer_engine::fused_attn_rocm::SmallSeqConfig<6, 128, 256, false, (transformer_engine::fused_attn_rocm::CausalMaskType)0>, 16, 16>(hip_bfloat16 const*, hip_bfloat16 const*, hip_bfloat16*, int const*, int const*, int, int) [clone .kd]",2,8,1132,1263855,1263855,256000,64,12288,0,32,0,48,64,"0x0","0x7f02bb551100",4181245291166274,4181245291177226,4181245291317635,4181245291322456,140409
945,"void transformer_engine::fused_attn_rocm::compute_grad_attn_kernel<hip_bfloat16, transformer_engine::fused_attn_rocm::SmallSeqConfig<6, 128, 256, false, (transformer_engine::fused_attn_rocm::CausalMaskType)0>, 16>(hip_bfloat16 const*, hip_bfloat16 const*, hip_bfloat16*, int const*, int const*, int, int) [clone .kd]",2,8,1133,1263855,1263855,8000,64,0,0,116,4,64,64,"0x0","0x7f02bb551140",4181245291175688,4181245291317635,4181245291546776,4181245291558357,229141
946,"void transformer_engine::fused_attn_rocm::softmax_backward_kernel<hip_bfloat16, transformer_engine::fused_attn_rocm::SmallSeqConfig<6, 128, 256, false, (transformer_engine::fused_attn_rocm::CausalMaskType)0> >(hip_bfloat16 const*, hip_bfloat16 const*, hip_bfloat16*, float, int const*, int, int) [clone .kd]",2,8,1134,1263855,1263855,390144,256,1024,0,16,0,16,64,"0x0","0x7f02bb551180",4181245291185973,4181245291546776,4181245291552625,4181245291566268,5849
947,"void transformer_engine::fused_attn_rocm::compute_grad_qk_kernel<hip_bfloat16, transformer_engine::fused_attn_rocm::SmallSeqConfig<6, 128, 256, false, (transformer_engine::fused_attn_rocm::CausalMaskType)0>, 4, 16>(hip_bfloat16 const*, hip_bfloat16 const*, hip_bfloat16 const*, hip_bfloat16*, hip_bfloat16*, float, int const*, int const*, int, int) [clone .kd]",2,8,1135,1263855,1263855,1024000,64,12288,0,36,4,48,64,"0x0","0x7f02bb5511c0",4181245291193534,4181245291552625,4181245291715948,4181245291718956,163323
948,"input_reduce_fusion.kd",2,8,1136,1263855,1263855,524288,256,512,0,16,0,16,64,"0x0","0x7f0abb6c9a80",4181245291202828,4181245291715948,4181245291726563,4181245291727048,10615
949,"input_reduce_fusion_3.kd",2,8,1137,1263855,1263855,128,128,512,0,24,0,16,64,"0x0","0x7f0abb6c9ac0",4181245291209338,4181245291726563,4181245291732372,4181245291733557,5809
950,"loop_convert_fusion.kd",2,8,1138,1263855,1263855,1,1,0,0,4,4,16,64,"0x0","0x7f0abb6c9b00",4181245291215987,4181245291732372,4181245291736498,4181245291739166,4126
951,"input_reduce_reduce_window_fusion_3.kd",2,8,1141,1263855,1263855,9728,256,0,0,28,4,48,64,"0x0","0x7f0abb6c9000",4181245291335325,4181245291748796,4181245291759212,4181245291776872,10416
952,"loop_reduce_window_fusion_11.kd",2,8,1142,1263855,1263855,1536,256,0,0,8,0,16,64,"0x0","0x7f0abb6c9040",4181245291345310,4181245291759212,4181245291766142,4181245291784002,6930
953,"loop_slice_fusion_5.kd",2,8,1143,1263855,1263855,6,6,0,0,20,4,16,64,"0x0","0x7f0abb6c9080",4181245291352220,4181245291766142,4181245291771190,4181245291788249,5048
954,"loop_broadcast_fusion_2.kd",2,8,1144,1263855,1263855,24064,256,0,0,4,4,16,64,"0x0","0x7f0abb6c90c0",4181245291359691,4181245291771190,4181245291777079,4181245291792775,5889
955,"input_scatter_fusion_2.kd",2,8,1145,1263855,1263855,24064,256,0,0,12,4,32,64,"0x0","0x7f0abb6c9100",4181245291367042,4181245291777079,4181245291784570,4181245291797983,7491
956,"loop_reduce_window_fusion_10.kd",2,8,1146,1263855,1263855,24064,256,0,0,8,0,16,64,"0x0","0x7f0abb6c9140",4181245291374123,4181245291784570,4181245291789457,4181245291802880,4887
957,"loop_reduce_window_fusion_11.kd",2,8,1147,1263855,1263855,1536,256,0,0,8,0,16,64,"0x0","0x7f0abb6c9040",4181245291381383,4181245291789457,4181245291794304,4181245291807517,4847
958,"loop_slice_fusion_4.kd",2,8,1148,1263855,1263855,94,94,0,0,24,0,16,64,"0x0","0x7f0abb6c9180",4181245291387903,4181245291794304,4181245291799953,4181245291812274,5649
959,"input_reduce_fusion_1.kd",2,8,1149,1263855,1263855,64,64,0,0,8,0,16,64,"0x0","0x7f0abb6c91c0",4181245291394833,4181245291799953,4181245291804680,4181245291817041,4727
960,"loop_select_fusion_5.kd",2,8,1150,1263855,1263855,24064,256,0,0,8,0,32,64,"0x0","0x7f0abb6c9200",4181245291402184,4181245291804680,4181245291809767,4181245291821658,5087
961,"loop_select_fusion_2.kd",2,8,1151,1263855,1263855,24064,256,0,0,4,4,16,64,"0x0","0x7f0abb6c9240",4181245291409315,4181245291809767,4181245291814694,4181245291827857,4927
962,"loop_reduce_window_fusion_10.kd",2,8,1152,1263855,1263855,24064,256,0,0,8,0,16,64,"0x0","0x7f0abb6c9140",4181245291415594,4181245291814694,4181245291819502,4181245291832414,4808
963,"loop_reduce_window_fusion_11.kd",2,8,1153,1263855,1263855,1536,256,0,0,8,0,16,64,"0x0","0x7f0abb6c9040",4181245291422885,4181245291819502,4181245291824389,4181245291837562,4887
964,"loop_slice_fusion_5.kd",2,8,1154,1263855,1263855,6,6,0,0,20,4,16,64,"0x0","0x7f0abb6c9080",4181245291429124,4181245291824389,4181245291829076,4181245291842319,4687
965,"input_concatenate_fusion.kd",2,8,1155,1263855,1263855,24064,256,0,0,12,4,32,64,"0x0","0x7f0abb6c9280",4181245291436355,4181245291829076,4181245291834684,4181245291847106,5608
966,"input_reduce_reduce_window_fusion.kd",2,8,1156,1263855,1263855,11264,256,0,0,36,4,48,64,"0x0","0x7f0abb6c92c0",4181245291443105,4181245291834684,4181245291845380,4181245291851803,10696
967,"loop_reduce_window_fusion_2.kd",2,8,1157,1263855,1263855,1792,256,0,0,8,0,16,64,"0x0","0x7f0abb6c9300",4181245291450356,4181245291845380,4181245291850668,4181245291856660,5288
968,"loop_slice_fusion_7.kd",2,8,1158,1263855,1263855,7,7,0,0,20,4,16,64,"0x0","0x7f0abb6c9340",4181245291456776,4181245291850668,4181245291855355,4181245291861047,4687
969,"loop_broadcast_fusion.kd",2,8,1159,1263855,1263855,28160,256,0,0,4,4,16,64,"0x0","0x7f0abb6c9380",4181245291464307,4181245291855355,4181245291860402,4181245291865674,5047
970,"input_scatter_fusion.kd",2,8,1160,1263855,1263855,28160,256,0,0,12,4,32,64,"0x0","0x7f0abb6c93c0",4181245291471918,4181245291860402,4181245291867493,4181245291870341,7091
971,"loop_reduce_window_fusion_1.kd",2,8,1161,1263855,1263855,28160,256,0,0,8,0,16,64,"0x0","0x7f0abb6c9400",4181245291479680,4181245291867493,4181245291872380,4181245291874937,4887
972,"loop_reduce_window_fusion_2.kd",2,8,1162,1263855,1263855,1792,256,0,0,8,0,16,64,"0x0","0x7f0abb6c9300",4181245291486490,4181245291872380,4181245291877548,4181245291879584,5168
973,"loop_slice_fusion_7.kd",2,8,1163,1263855,1263855,7,7,0,0,20,4,16,64,"0x0","0x7f0abb6c9340",4181245291493340,4181245291877548,4181245291882235,4181245291884111,4687
974,"loop_slice_fusion_3.kd",2,8,1164,1263855,1263855,110,110,0,0,8,0,16,64,"0x0","0x7f0abb6c9440",4181245291500491,4181245291882235,4181245291886962,4181245291890441,4727
975,"input_reduce_fusion_2.kd",2,8,1165,1263855,1263855,64,64,0,0,8,0,16,64,"0x0","0x7f0abb6c9480",4181245291507251,4181245291886962,4181245291891769,4181245291903921,4807
976,"loop_select_fusion_4.kd",2,8,1166,1263855,1263855,28160,256,0,0,8,0,32,64,"0x0","0x7f0abb6c94c0",4181245291514692,4181245291891769,4181245291896817,4181245291899604,5048
977,"loop_select_fusion.kd",2,8,1167,1263855,1263855,28160,256,0,0,8,0,16,64,"0x0","0x7f0abb6c9500",4181245291521392,4181245291896817,4181245291901784,4181245291915298,4967
978,"loop_compare_fusion_1.kd",2,8,1168,1263855,1263855,4096,256,0,0,4,4,16,64,"0x0","0x7f0abb6c9540",4181245291528232,4181245291901784,4181245291906631,4181245291910500,4847
979,"input_reduce_reduce_window_fusion_2.kd",2,8,1169,1263855,1263855,256,256,512,0,20,4,32,64,"0x0","0x7f0abb6c9580",4181245291535703,4181245291906631,4181245291922615,4181245291922468,15984
980,"loop_slice_fusion_1.kd",2,8,1170,1263855,1263855,16,16,0,0,20,4,16,64,"0x0","0x7f0abb6c95c0",4181245291542463,4181245291922615,4181245291927382,4181245291929178,4767
981,"loop_broadcast_fusion_3.kd",2,8,1171,1263855,1263855,4096,256,0,0,4,4,16,64,"0x0","0x7f0abb6c9600",4181245291550195,4181245291927382,4181245291932349,4181245291933485,4967
982,"input_scatter_fusion_3.kd",2,8,1172,1263855,1263855,4096,256,0,0,8,0,32,64,"0x0","0x7f0abb6c9640",4181245291557495,4181245291932349,4181245291938719,4181245291940064,6370
983,"loop_reduce_window_fusion_13.kd",2,8,1173,1263855,1263855,4096,256,0,0,8,0,16,64,"0x0","0x7f0abb6c9680",4181245291580920,4181245291938719,4181245291943486,4181245291944791,4767
984,"loop_slice_fusion_1.kd",2,8,1174,1263855,1263855,16,16,0,0,20,4,16,64,"0x0","0x7f0abb6c95c0",4181245291588702,4181245291943486,4181245291948213,4181245291949248,4727
985,"loop_remainder_fusion.kd",2,8,1175,1263855,1263855,4096,256,0,0,12,4,16,64,"0x0","0x7f0abb6c96c0",4181245291595953,4181245291948213,4181245291954142,4181245291955457,5929
986,"loop_select_fusion_3.kd",2,8,1176,1263855,1263855,4096,256,0,0,8,0,32,64,"0x0","0x7f0abb6c9700",4181245291602973,4181245291954142,4181245291958949,4181245291959503,4807
987,"loop_reduce_window_fusion_13.kd",2,8,1177,1263855,1263855,4096,256,0,0,8,0,16,64,"0x0","0x7f0abb6c9680",4181245291610244,4181245291958949,4181245291963716,4181245291965352,4767
988,"loop_slice_fusion_1.kd",2,8,1178,1263855,1263855,16,16,0,0,20,4,16,64,"0x0","0x7f0abb6c95c0",4181245291617024,4181245291963716,4181245291968443,4181245291969468,4727
989,"input_concatenate_fusion_1.kd",2,8,1179,1263855,1263855,4096,256,0,0,8,0,32,64,"0x0","0x7f0abb6c9740",4181245291624345,4181245291968443,4181245291974372,4181245291975567,5929
990,"loop_compare_fusion.kd",2,8,1180,1263855,1263855,8192,256,0,0,4,4,16,64,"0x0","0x7f0abb6c9780",4181245291630554,4181245291974372,4181245291979379,4181245291979733,5007
991,"input_reduce_reduce_window_fusion_1.kd",2,8,1181,1263855,1263855,512,512,512,0,20,4,48,64,"0x0","0x7f0abb6c97c0",4181245291637444,4181245291979379,4181245291997406,4181245291997570,18027
992,"loop_reduce_window_fusion_6.kd",2,8,1182,1263855,1263855,32,32,0,0,32,0,16,64,"0x0","0x7f0abb6c9800",4181245291644945,4181245291997406,4181245292006299,4181245292014155,8893
993,"loop_broadcast_fusion_1.kd",2,8,1183,1263855,1263855,8192,256,0,0,4,4,16,64,"0x0","0x7f0abb6c9840",4181245291652407,4181245292006299,4181245292011347,4181245292018731,5048
994,"input_scatter_fusion_1.kd",2,8,1184,1263855,1263855,8192,256,0,0,8,0,32,64,"0x0","0x7f0abb6c9880",4181245291660038,4181245292011347,4181245292016795,4181245292023088,5448
995,"loop_reduce_window_fusion_5.kd",2,8,1185,1263855,1263855,8192,256,0,0,8,0,16,64,"0x0","0x7f0abb6c98c0",4181245291667860,4181245292016795,4181245292021923,4181245292027284,5128
996,"loop_reduce_window_fusion_4.kd",2,8,1186,1263855,1263855,512,256,0,0,8,0,16,64,"0x0","0x7f0abb6c9900",4181245291674409,4181245292021923,4181245292027090,4181245292035997,5167
997,"loop_reduce_window_fusion_3.kd",2,8,1187,1263855,1263855,32,32,0,0,8,0,16,64,"0x0","0x7f0abb6c9940",4181245291682321,4181245292027090,4181245292031897,4181245292031761,4807
998,"loop_select_fusion_6.kd",2,8,1188,1263855,1263855,8192,256,0,0,8,0,32,64,"0x0","0x7f0abb6c9980",4181245291689752,4181245292031897,4181245292036945,4181245292048526,5048
999,"loop_select_fusion_1.kd",2,8,1189,1263855,1263855,8192,256,0,0,8,0,16,64,"0x0","0x7f0abb6c99c0",4181245291697003,4181245292036945,4181245292041832,4181245292042116,4887
1000,"loop_broadcast_fusion_4.kd",2,8,1190,1263855,1263855,16,16,0,0,4,4,16,64,"0x0","0x7f0abb6c9a00",4181245291704804,4181245292041832,4181245292046840,4181245292055176,5008
1001,"__amd_rocclr_fillBufferAligned.kd",2,8,1191,1263855,1263855,77824,256,0,0,12,4,48,64,"0x0","0x7f2abbf33580",4181245291717243,4181245292046840,4181245292060500,4181245292061886,13660
1002,"__amd_rocclr_fillBufferAligned.kd",2,8,1192,1263855,1263855,16128,256,0,0,12,4,48,64,"0x0","0x7f2abbf33580",4181245291723813,4181245292060500,4181245292065507,4181245292067884,5007
1003,"transformer_engine::fused_attn_rocm::populate_rng_state_kernel(long*, long const*, long) [clone .kd]",2,8,1193,1263855,1263855,1,1,0,0,8,0,16,64,"0x0","0x7f1abba31380",4181245291734539,4181245292065507,4181245292070395,4181245292072561,4888
1004,"__amd_rocclr_fillBufferAligned.kd",2,8,1194,1263855,1263855,256,256,0,0,12,4,48,64,"0x0","0x7f2abbf33580",4181245291747278,4181245292070395,4181245292075042,4181245292079592,4647
1005,"ck_fused_attn::get_runtime_max_seqlen_kernel(unsigned long, int const*, int const*, unsigned long*) [clone .kd]",2,8,1195,1263855,1263855,4096,128,0,0,4,4,32,64,"0x0","0x7f1abba20940",4181245291754719,4181245292075042,4181245292080930,4181245292084359,5888
1006,"__amd_rocclr_copyBuffer.kd",2,8,1196,1263855,1263855,512,512,0,0,16,0,32,64,"0x7f32cafe9c00","0x7f2abbf33600",4181245291763221,4181245292080930,4181245292086379,4181245292090768,5449
1007,"__amd_rocclr_fillBufferAligned.kd",2,8,1198,1263855,1263855,256,256,0,0,12,4,48,64,"0x0","0x7f2abbf33580",4181245292129136,4181245292140018,4181245292141941,4181245292167933,1923
1008,"ck_fused_attn::get_runtime_max_seqlen_kernel(unsigned long, int const*, int const*, unsigned long*) [clone .kd]",2,8,1199,1263855,1263855,4096,128,0,0,4,4,32,64,"0x0","0x7f1abba20940",4181245292138740,4181245292146628,4181245292152397,4181245292178209,5769
1009,"__amd_rocclr_copyBuffer.kd",2,8,1200,1263855,1263855,512,512,0,0,16,0,32,64,"0x7f32cafe9b00","0x7f2abbf33600",4181245292145620,4181245292157444,4181245292162291,4181245292173051,4847
1010,"void transformer_engine::fused_attn_rocm::compute_scores_kernel<hip_bfloat16, transformer_engine::fused_attn_rocm::SmallSeqConfig<6, 128, 256, false, (transformer_engine::fused_attn_rocm::CausalMaskType)0>, 1>(hip_bfloat16 const*, hip_bfloat16 const*, hip_bfloat16*, float, int const*, int const*, int, int) [clone .kd]",2,8,1202,1263855,1263855,64000,64,0,0,112,0,48,64,"0x0","0x7f02bb54f5c0",4181245292190086,4181245292208120,4181245292238485,4181245292247462,30365
1011,"void transformer_engine::fused_attn_rocm::apply_mask_and_softmax_kernel<hip_bfloat16, transformer_engine::fused_attn_rocm::SmallSeqConfig<6, 128, 256, false, (transformer_engine::fused_attn_rocm::CausalMaskType)0> >(hip_bfloat16*, hip_bfloat16 const*, float, int const*, int, int) [clone .kd]",2,8,1203,1263855,1263855,390144,256,1024,0,12,4,16,64,"0x0","0x7f02bb54f600",4181245292206651,4181245292238485,4181245292243773,4181245292258198,5288
1012,"void transformer_engine::fused_attn_rocm::compute_output_kernel<hip_bfloat16, transformer_engine::fused_attn_rocm::SmallSeqConfig<6, 128, 256, false, (transformer_engine::fused_attn_rocm::CausalMaskType)0>, 2, 8>(hip_bfloat16 const*, hip_bfloat16 const*, hip_bfloat16*, int const*, int const*, int, int) [clone .kd]",2,8,1204,1263855,1263855,512000,64,12288,0,28,4,48,64,"0x0","0x7f02bb54f640",4181245292222344,4181245292243773,4181245292307668,4181245292308773,63895
1013,"loop_broadcast_fusion_5.kd",2,8,1205,1263855,1263855,2048000,256,0,0,4,4,16,64,"0x0","0x7f0abb6c9a40",4181245292232399,4181245292307668,4181245292315840,4181245292316725,8172
1014,"__amd_rocclr_fillBufferAligned.kd",2,8,1206,1263855,1263855,77824,256,0,0,12,4,48,64,"0x0","0x7f2abbf33580",4181245292246740,4181245292315840,4181245292322690,4181245292323935,6850
1015,"__amd_rocclr_fillBufferAligned.kd",2,8,1207,1263855,1263855,77824,256,0,0,12,4,48,64,"0x0","0x7f2abbf33580",4181245292272028,4181245292322690,4181245292340597,4181245292348832,17907
1016,"__amd_rocclr_fillBufferAligned.kd",2,8,1208,1263855,1263855,77824,256,0,0,12,4,48,64,"0x0","0x7f2abbf33580",4181245292279870,4181245292340597,4181245292358183,4181245292369243,17586
1017,"__amd_rocclr_fillBufferAligned.kd",2,8,1209,1263855,1263855,256,256,0,0,12,4,48,64,"0x0","0x7f2abbf33580",4181245292287481,4181245292358183,4181245292362950,4181245292364125,4767
1018,"ck_fused_attn::get_runtime_max_seqlen_kernel(unsigned long, int const*, int const*, unsigned long*) [clone .kd]",2,8,1210,1263855,1263855,4096,128,0,0,4,4,32,64,"0x0","0x7f1abba20940",4181245292293450,4181245292362950,4181245292368879,4181245292375722,5929
1019,"__amd_rocclr_copyBuffer.kd",2,8,1211,1263855,1263855,512,512,0,0,16,0,32,64,"0x7f32cafe9300","0x7f2abbf33600",4181245292303084,4181245292368879,4181245292374167,4181245292380509,5288
1020,"__amd_rocclr_fillBufferAligned.kd",2,8,1213,1263855,1263855,256,256,0,0,12,4,48,64,"0x0","0x7f2abbf33580",4181245292399017,4181245292408057,4181245292410060,4181245292412036,2003
1021,"ck_fused_attn::get_runtime_max_seqlen_kernel(unsigned long, int const*, int const*, unsigned long*) [clone .kd]",2,8,1214,1263855,1263855,4096,128,0,0,4,4,32,64,"0x0","0x7f1abba20940",4181245292406929,4181245292415428,4181245292421517,4181245292426748,6089
1022,"__amd_rocclr_copyBuffer.kd",2,8,1215,1263855,1263855,512,512,0,0,16,0,32,64,"0x7f32cae71d80","0x7f2abbf33600",4181245292414350,4181245292443029,4181245292450079,4181245292453468,7050
1023,"void transformer_engine::fused_attn_rocm::compute_grad_v_kernel<hip_bfloat16, transformer_engine::fused_attn_rocm::SmallSeqConfig<6, 128, 256, false, (transformer_engine::fused_attn_rocm::CausalMaskType)0>, 16, 16>(hip_bfloat16 const*, hip_bfloat16 const*, hip_bfloat16*, int const*, int const*, int, int) [clone .kd]",2,8,1217,1263855,1263855,256000,64,12288,0,32,0,48,64,"0x0","0x7f02bb551100",4181245292468290,4181245292482407,4181245292620693,4181245292621438,138286
1024,"void transformer_engine::fused_attn_rocm::compute_grad_attn_kernel<hip_bfloat16, transformer_engine::fused_attn_rocm::SmallSeqConfig<6, 128, 256, false, (transformer_engine::fused_attn_rocm::CausalMaskType)0>, 16>(hip_bfloat16 const*, hip_bfloat16 const*, hip_bfloat16*, int const*, int const*, int, int) [clone .kd]",2,8,1218,1263855,1263855,8000,64,0,0,116,4,64,64,"0x0","0x7f02bb551140",4181245292481309,4181245292620693,4181245292851036,4181245292853723,230343
1025,"void transformer_engine::fused_attn_rocm::softmax_backward_kernel<hip_bfloat16, transformer_engine::fused_attn_rocm::SmallSeqConfig<6, 128, 256, false, (transformer_engine::fused_attn_rocm::CausalMaskType)0> >(hip_bfloat16 const*, hip_bfloat16 const*, hip_bfloat16*, float, int const*, int, int) [clone .kd]",2,8,1219,1263855,1263855,390144,256,1024,0,16,0,16,64,"0x0","0x7f02bb551180",4181245292487979,4181245292851036,4181245292856965,4181245292864730,5929
1026,"void transformer_engine::fused_attn_rocm::compute_grad_qk_kernel<hip_bfloat16, transformer_engine::fused_attn_rocm::SmallSeqConfig<6, 128, 256, false, (transformer_engine::fused_attn_rocm::CausalMaskType)0>, 4, 16>(hip_bfloat16 const*, hip_bfloat16 const*, hip_bfloat16 const*, hip_bfloat16*, hip_bfloat16*, float, int const*, int const*, int, int) [clone .kd]",2,8,1220,1263855,1263855,1024000,64,12288,0,36,4,48,64,"0x0","0x7f02bb5511c0",4181245292495901,4181245292856965,4181245293020728,4181245293033200,163763
1027,"input_reduce_fusion.kd",2,8,1221,1263855,1263855,524288,256,512,0,16,0,16,64,"0x0","0x7f0abb6c9a80",4181245292504073,4181245293020728,4181245293030463,4181245293046790,9735
1028,"input_reduce_fusion_3.kd",2,8,1222,1263855,1263855,128,128,512,0,24,0,16,64,"0x0","0x7f0abb6c9ac0",4181245292511905,4181245293030463,4181245293036151,4181245293053470,5688
1029,"loop_convert_fusion.kd",2,8,1223,1263855,1263855,1,1,0,0,4,4,16,64,"0x0","0x7f0abb6c9b00",4181245292519807,4181245293036151,4181245293040518,4181245293061052,4367
1030,"input_reduce_reduce_window_fusion_3.kd",2,8,1226,1263855,1263855,9728,256,0,0,28,4,48,64,"0x0","0x7f0abb6c9000",4181245292644722,4181245293052175,4181245293062430,4181245293073089,10255
1031,"loop_reduce_window_fusion_11.kd",2,8,1227,1263855,1263855,1536,256,0,0,8,0,16,64,"0x0","0x7f0abb6c9040",4181245292653576,4181245293062430,4181245293069240,4181245293083365,6810
1032,"loop_slice_fusion_5.kd",2,8,1228,1263855,1263855,6,6,0,0,20,4,16,64,"0x0","0x7f0abb6c9080",4181245292661207,4181245293069240,4181245293074648,4181245293090155,5408
1033,"loop_broadcast_fusion_2.kd",2,8,1229,1263855,1263855,24064,256,0,0,4,4,16,64,"0x0","0x7f0abb6c90c0",4181245292667897,4181245293074648,4181245293079576,4181245293096695,4928
1034,"input_scatter_fusion_2.kd",2,8,1230,1263855,1263855,24064,256,0,0,12,4,32,64,"0x0","0x7f0abb6c9100",4181245292675859,4181245293079576,4181245293086546,4181245293102784,6970
1035,"loop_reduce_window_fusion_10.kd",2,8,1231,1263855,1263855,24064,256,0,0,8,0,16,64,"0x0","0x7f0abb6c9140",4181245292682198,4181245293086546,4181245293091153,4181245293108763,4607
1036,"loop_reduce_window_fusion_11.kd",2,8,1232,1263855,1263855,1536,256,0,0,8,0,16,64,"0x0","0x7f0abb6c9040",4181245292689309,4181245293091153,4181245293096280,4181245293114852,5127
1037,"loop_slice_fusion_4.kd",2,8,1233,1263855,1263855,94,94,0,0,24,0,16,64,"0x0","0x7f0abb6c9180",4181245292696309,4181245293096280,4181245293101849,4181245293120670,5569
1038,"input_reduce_fusion_1.kd",2,8,1234,1263855,1263855,64,64,0,0,8,0,16,64,"0x0","0x7f0abb6c91c0",4181245292703560,4181245293101849,4181245293106576,4181245293126569,4727
1039,"loop_select_fusion_5.kd",2,8,1235,1263855,1263855,24064,256,0,0,8,0,32,64,"0x0","0x7f0abb6c9200",4181245292710680,4181245293106576,4181245293111583,4181245293132398,5007
1040,"loop_select_fusion_2.kd",2,8,1236,1263855,1263855,24064,256,0,0,4,4,16,64,"0x0","0x7f0abb6c9240",4181245292718282,4181245293111583,4181245293116470,4181245293138156,4887
1041,"loop_reduce_window_fusion_10.kd",2,8,1237,1263855,1263855,24064,256,0,0,8,0,16,64,"0x0","0x7f0abb6c9140",4181245292724992,4181245293116470,4181245293121197,4181245293143865,4727
1042,"loop_reduce_window_fusion_11.kd",2,8,1238,1263855,1263855,1536,256,0,0,8,0,16,64,"0x0","0x7f0abb6c9040",4181245292732894,4181245293121197,4181245293125965,4181245293151356,4768
1043,"loop_slice_fusion_5.kd",2,8,1239,1263855,1263855,6,6,0,0,20,4,16,64,"0x0","0x7f0abb6c9080",4181245292740405,4181245293125965,4181245293130611,4181245293157155,4646
1044,"input_concatenate_fusion.kd",2,8,1240,1263855,1263855,24064,256,0,0,12,4,32,64,"0x0","0x7f0abb6c9280",4181245292747655,4181245293130611,4181245293136420,4181245293163344,5809
1045,"input_reduce_reduce_window_fusion.kd",2,8,1241,1263855,1263855,11264,256,0,0,36,4,48,64,"0x0","0x7f0abb6c92c0",4181245292754496,4181245293136420,4181245293146916,4181245293169112,10496
1046,"loop_reduce_window_fusion_2.kd",2,8,1242,1263855,1263855,1792,256,0,0,8,0,16,64,"0x0","0x7f0abb6c9300",4181245292761606,4181245293146916,4181245293152043,4181245293175221,5127
1047,"loop_slice_fusion_7.kd",2,8,1243,1263855,1263855,7,7,0,0,20,4,16,64,"0x0","0x7f0abb6c9340",4181245292768126,4181245293152043,4181245293156730,4181245293181220,4687
1048,"loop_broadcast_fusion.kd",2,8,1244,1263855,1263855,28160,256,0,0,4,4,16,64,"0x0","0x7f0abb6c9380",4181245292775988,4181245293156730,4181245293161818,4181245293186869,5088
1049,"input_scatter_fusion.kd",2,8,1245,1263855,1263855,28160,256,0,0,12,4,32,64,"0x0","0x7f0abb6c93c0",4181245292782447,4181245293161818,4181245293169109,4181245293216733,7291
1050,"loop_reduce_window_fusion_1.kd",2,8,1246,1263855,1263855,28160,256,0,0,8,0,16,64,"0x0","0x7f0abb6c9400",4181245292789678,4181245293169109,4181245293173996,4181245293211235,4887
1051,"loop_reduce_window_fusion_2.kd",2,8,1247,1263855,1263855,1792,256,0,0,8,0,16,64,"0x0","0x7f0abb6c9300",4181245292796738,4181245293173996,4181245293178963,4181245293205276,4967
1052,"loop_slice_fusion_7.kd",2,8,1248,1263855,1263855,7,7,0,0,20,4,16,64,"0x0","0x7f0abb6c9340",4181245292803609,4181245293178963,4181245293183650,4181245293199578,4687
1053,"loop_slice_fusion_3.kd",2,8,1249,1263855,1263855,110,110,0,0,8,0,16,64,"0x0","0x7f0abb6c9440",4181245292811130,4181245293183650,4181245293188377,4181245293192958,4727
1054,"input_reduce_fusion_2.kd",2,8,1250,1263855,1263855,64,64,0,0,8,0,16,64,"0x0","0x7f0abb6c9480",4181245292817239,4181245293188377,4181245293193104,4181245293263302,4727
1055,"loop_select_fusion_4.kd",2,8,1251,1263855,1263855,28160,256,0,0,8,0,32,64,"0x0","0x7f0abb6c94c0",4181245292824910,4181245293193104,4181245293198152,4181245293268650,5048
1056,"loop_select_fusion.kd",2,8,1252,1263855,1263855,28160,256,0,0,8,0,16,64,"0x0","0x7f0abb6c9500",4181245292832311,4181245293198152,4181245293203119,4181245293227920,4967
1057,"loop_compare_fusion_1.kd",2,8,1253,1263855,1263855,4096,256,0,0,4,4,16,64,"0x0","0x7f0abb6c9540",4181245292838951,4181245293203119,4181245293207967,4181245293274078,4848
1058,"input_reduce_reduce_window_fusion_2.kd",2,8,1254,1263855,1263855,256,256,512,0,20,4,32,64,"0x0","0x7f0abb6c9580",4181245292845751,4181245293207967,4181245293223950,4181245293279306,15983
1059,"loop_slice_fusion_1.kd",2,8,1255,1263855,1263855,16,16,0,0,20,4,16,64,"0x0","0x7f0abb6c95c0",4181245292853022,4181245293223950,4181245293228677,4181245293244224,4727
1060,"loop_broadcast_fusion_3.kd",2,8,1256,1263855,1263855,4096,256,0,0,4,4,16,64,"0x0","0x7f0abb6c9600",4181245292868716,4181245293228677,4181245293233565,4181245293284594,4888
1061,"input_scatter_fusion_3.kd",2,8,1257,1263855,1263855,4096,256,0,0,8,0,32,64,"0x0","0x7f0abb6c9640",4181245292877348,4181245293233565,4181245293239774,4181245293290182,6209
1062,"loop_reduce_window_fusion_13.kd",2,8,1258,1263855,1263855,4096,256,0,0,8,0,16,64,"0x0","0x7f0abb6c9680",4181245292885671,4181245293239774,4181245293244541,4181245293257504,4767
1063,"loop_slice_fusion_1.kd",2,8,1259,1263855,1263855,16,16,0,0,20,4,16,64,"0x0","0x7f0abb6c95c0",4181245292893332,4181245293244541,4181245293249268,4181245293251104,4727
1064,"loop_remainder_fusion.kd",2,8,1260,1263855,1263855,4096,256,0,0,12,4,16,64,"0x0","0x7f0abb6c96c0",4181245292901584,4181245293249268,4181245293255277,4181245293319456,6009
1065,"loop_select_fusion_3.kd",2,8,1261,1263855,1263855,4096,256,0,0,8,0,32,64,"0x0","0x7f0abb6c9700",4181245292909656,4181245293255277,4181245293260124,4181245293324223,4847
1066,"loop_reduce_window_fusion_13.kd",2,8,1262,1263855,1263855,4096,256,0,0,8,0,16,64,"0x0","0x7f0abb6c9680",4181245292916086,4181245293260124,4181245293264891,4181245293328389,4767
1067,"loop_slice_fusion_1.kd",2,8,1263,1263855,1263855,16,16,0,0,20,4,16,64,"0x0","0x7f0abb6c95c0",4181245292923647,4181245293264891,4181245293269618,4181245293315300,4727
1068,"input_concatenate_fusion_1.kd",2,8,1264,1263855,1263855,4096,256,0,0,8,0,32,64,"0x0","0x7f0abb6c9740",4181245292929846,4181245293269618,4181245293275988,4181245293309431,6370
1069,"loop_compare_fusion.kd",2,8,1265,1263855,1263855,8192,256,0,0,4,4,16,64,"0x0","0x7f0abb6c9780",4181245292937277,4181245293275988,4181245293280915,4181245293304744,4927
1070,"input_reduce_reduce_window_fusion_1.kd",2,8,1266,1263855,1263855,512,512,512,0,20,4,48,64,"0x0","0x7f0abb6c97c0",4181245292945229,4181245293280915,4181245293298461,4181245293298985,17546
1071,"loop_reduce_window_fusion_6.kd",2,8,1267,1263855,1263855,32,32,0,0,32,0,16,64,"0x0","0x7f0abb6c9800",4181245292952039,4181245293298461,4181245293308196,4181245293352765,9735
1072,"loop_broadcast_fusion_1.kd",2,8,1268,1263855,1263855,8192,256,0,0,4,4,16,64,"0x0","0x7f0abb6c9840",4181245292960192,4181245293308196,4181245293313323,4181245293356661,5127
1073,"input_scatter_fusion_1.kd",2,8,1269,1263855,1263855,8192,256,0,0,8,0,32,64,"0x0","0x7f0abb6c9880",4181245292967983,4181245293313323,4181245293318811,4181245293348189,5488
1074,"loop_reduce_window_fusion_5.kd",2,8,1270,1263855,1263855,8192,256,0,0,8,0,16,64,"0x0","0x7f0abb6c98c0",4181245292975074,4181245293318811,4181245293323899,4181245293344012,5088
1075,"loop_reduce_window_fusion_4.kd",2,8,1271,1263855,1263855,512,256,0,0,8,0,16,64,"0x0","0x7f0abb6c9900",4181245292982264,4181245293323899,4181245293329147,4181245293339726,5248
1076,"loop_reduce_window_fusion_3.kd",2,8,1272,1263855,1263855,32,32,0,0,8,0,16,64,"0x0","0x7f0abb6c9940",4181245292988904,4181245293329147,4181245293333954,4181245293335069,4807
1077,"loop_select_fusion_6.kd",2,8,1273,1263855,1263855,8192,256,0,0,8,0,32,64,"0x0","0x7f0abb6c9980",4181245292995985,4181245293333954,4181245293339001,4181245293373416,5047
1078,"loop_select_fusion_1.kd",2,8,1274,1263855,1263855,8192,256,0,0,8,0,16,64,"0x0","0x7f0abb6c99c0",4181245293003786,4181245293339001,4181245293343929,4181245293367658,4928
1079,"loop_broadcast_fusion_4.kd",2,8,1275,1263855,1263855,16,16,0,0,4,4,16,64,"0x0","0x7f0abb6c9a00",4181245293010506,4181245293343929,4181245293348936,4181245293363001,5007
1080,"__amd_rocclr_fillBufferAligned.kd",2,8,1276,1263855,1263855,77824,256,0,0,12,4,48,64,"0x0","0x7f2abbf33580",4181245293022364,4181245293348936,4181245293363558,4181245293377572,14622
1081,"__amd_rocclr_fillBufferAligned.kd",2,8,1277,1263855,1263855,16128,256,0,0,12,4,48,64,"0x0","0x7f2abbf33580",4181245293029164,4181245293363558,4181245293368726,4181245293399545,5168
1082,"transformer_engine::fused_attn_rocm::populate_rng_state_kernel(long*, long const*, long) [clone .kd]",2,8,1278,1263855,1263855,1,1,0,0,8,0,16,64,"0x0","0x7f1abba31380",4181245293037797,4181245293368726,4181245293373613,4181245293404092,4887
1083,"__amd_rocclr_fillBufferAligned.kd",2,8,1279,1263855,1263855,256,256,0,0,12,4,48,64,"0x0","0x7f2abbf33580",4181245293081612,4181245293373613,4181245293378260,4181245293384102,4647
1084,"ck_fused_attn::get_runtime_max_seqlen_kernel(unsigned long, int const*, int const*, unsigned long*) [clone .kd]",2,8,1280,1263855,1263855,4096,128,0,0,4,4,32,64,"0x0","0x7f1abba20940",4181245293241189,4181245293378260,4181245293384108,4181245293389360,5848
1085,"__amd_rocclr_copyBuffer.kd",2,8,1281,1263855,1263855,512,512,0,0,16,0,32,64,"0x7f32cafe9780","0x7f2abbf33600",4181245293251305,4181245293384108,4181245293389797,4181245293394157,5689
1086,"__amd_rocclr_fillBufferAligned.kd",2,8,1283,1263855,1263855,256,256,0,0,12,4,48,64,"0x0","0x7f2abbf33580",4181245293412614,4181245293421524,4181245293423447,4181245293459334,1923
1087,"ck_fused_attn::get_runtime_max_seqlen_kernel(unsigned long, int const*, int const*, unsigned long*) [clone .kd]",2,8,1284,1263855,1263855,4096,128,0,0,4,4,32,64,"0x0","0x7f1abba20940",4181245293431883,4181245293441113,4181245293450728,4181245293469359,9615
1088,"__amd_rocclr_copyBuffer.kd",2,8,1285,1263855,1263855,512,512,0,0,16,0,32,64,"0x7f32cafe9600","0x7f2abbf33600",4181245293439965,4181245293450728,4181245293455815,4181245293464442,5087
1089,"void transformer_engine::fused_attn_rocm::compute_scores_kernel<hip_bfloat16, transformer_engine::fused_attn_rocm::SmallSeqConfig<6, 128, 256, false, (transformer_engine::fused_attn_rocm::CausalMaskType)0>, 1>(hip_bfloat16 const*, hip_bfloat16 const*, hip_bfloat16*, float, int const*, int const*, int, int) [clone .kd]",2,8,1287,1263855,1263855,64000,64,0,0,112,0,48,64,"0x0","0x7f02bb54f5c0",4181245293480856,4181245293498238,4181245293528603,4181245293531231,30365
1090,"void transformer_engine::fused_attn_rocm::apply_mask_and_softmax_kernel<hip_bfloat16, transformer_engine::fused_attn_rocm::SmallSeqConfig<6, 128, 256, false, (transformer_engine::fused_attn_rocm::CausalMaskType)0> >(hip_bfloat16*, hip_bfloat16 const*, float, int const*, int, int) [clone .kd]",2,8,1288,1263855,1263855,390144,256,1024,0,12,4,16,64,"0x0","0x7f02bb54f600",4181245293496459,4181245293528603,4181245293533691,4181245293540755,5088
1091,"void transformer_engine::fused_attn_rocm::compute_output_kernel<hip_bfloat16, transformer_engine::fused_attn_rocm::SmallSeqConfig<6, 128, 256, false, (transformer_engine::fused_attn_rocm::CausalMaskType)0>, 2, 8>(hip_bfloat16 const*, hip_bfloat16 const*, hip_bfloat16*, int const*, int const*, int, int) [clone .kd]",2,8,1289,1263855,1263855,512000,64,12288,0,28,4,48,64,"0x0","0x7f02bb54f640",4181245293505202,4181245293533691,4181245293597025,4181245293603178,63334
1092,"loop_broadcast_fusion_5.kd",2,8,1290,1263855,1263855,2048000,256,0,0,4,4,16,64,"0x0","0x7f0abb6c9a40",4181245293513745,4181245293597025,4181245293605277,4181245293611310,8252
1093,"__amd_rocclr_fillBufferAligned.kd",2,8,1291,1263855,1263855,77824,256,0,0,12,4,48,64,"0x0","0x7f2abbf33580",4181245293529859,4181245293605277,4181245293612168,4181245293616367,6891
1094,"__amd_rocclr_fillBufferAligned.kd",2,8,1292,1263855,1263855,77824,256,0,0,12,4,48,64,"0x0","0x7f2abbf33580",4181245293554185,4181245293612168,4181245293629674,4181245293632171,17506
1095,"__amd_rocclr_fillBufferAligned.kd",2,8,1293,1263855,1263855,77824,256,0,0,12,4,48,64,"0x0","0x7f2abbf33580",4181245293562027,4181245293629674,4181245293647300,4181245293647444,17626
1096,"__amd_rocclr_fillBufferAligned.kd",2,8,1294,1263855,1263855,256,256,0,0,12,4,48,64,"0x0","0x7f2abbf33580",4181245293569418,4181245293647300,4181245293651987,4181245293653843,4687
1097,"ck_fused_attn::get_runtime_max_seqlen_kernel(unsigned long, int const*, int const*, unsigned long*) [clone .kd]",2,8,1295,1263855,1263855,4096,128,0,0,4,4,32,64,"0x0","0x7f1abba20940",4181245293576088,4181245293651987,4181245293657876,4181245293660323,5889
1098,"__amd_rocclr_copyBuffer.kd",2,8,1296,1263855,1263855,512,512,0,0,16,0,32,64,"0x7f32cae72b00","0x7f2abbf33600",4181245293585251,4181245293657876,4181245293663284,4181245293664870,5408
1099,"__amd_rocclr_fillBufferAligned.kd",2,8,1298,1263855,1263855,256,256,0,0,12,4,48,64,"0x0","0x7f2abbf33580",4181245293680453,4181245293693128,4181245293695251,4181245293701594,2123
1100,"ck_fused_attn::get_runtime_max_seqlen_kernel(unsigned long, int const*, int const*, unsigned long*) [clone .kd]",2,8,1299,1263855,1263855,4096,128,0,0,4,4,32,64,"0x0","0x7f1abba20940",4181245293693552,4181245293701981,4181245293707990,4181245293711339,6009
1101,"__amd_rocclr_copyBuffer.kd",2,8,1300,1263855,1263855,512,512,0,0,16,0,32,64,"0x7f32cae73200","0x7f2abbf33600",4181245293700743,4181245293726858,4181245293733508,4181245293738319,6650
1102,"void transformer_engine::fused_attn_rocm::compute_grad_v_kernel<hip_bfloat16, transformer_engine::fused_attn_rocm::SmallSeqConfig<6, 128, 256, false, (transformer_engine::fused_attn_rocm::CausalMaskType)0>, 16, 16>(hip_bfloat16 const*, hip_bfloat16 const*, hip_bfloat16*, int const*, int const*, int, int) [clone .kd]",2,8,1302,1263855,1263855,256000,64,12288,0,32,0,48,64,"0x0","0x7f02bb551100",4181245293752850,4181245293767278,4181245293908328,4181245293915663,141050
1103,"void transformer_engine::fused_attn_rocm::compute_grad_attn_kernel<hip_bfloat16, transformer_engine::fused_attn_rocm::SmallSeqConfig<6, 128, 256, false, (transformer_engine::fused_attn_rocm::CausalMaskType)0>, 16>(hip_bfloat16 const*, hip_bfloat16 const*, hip_bfloat16*, int const*, int const*, int, int) [clone .kd]",2,8,1303,1263855,1263855,8000,64,0,0,116,4,64,64,"0x0","0x7f02bb551140",4181245293765499,4181245293908328,4181245294138270,4181245294145084,229942
1104,"void transformer_engine::fused_attn_rocm::softmax_backward_kernel<hip_bfloat16, transformer_engine::fused_attn_rocm::SmallSeqConfig<6, 128, 256, false, (transformer_engine::fused_attn_rocm::CausalMaskType)0> >(hip_bfloat16 const*, hip_bfloat16 const*, hip_bfloat16*, float, int const*, int, int) [clone .kd]",2,8,1304,1263855,1263855,390144,256,1024,0,16,0,16,64,"0x0","0x7f02bb551180",4181245293772540,4181245294138270,4181245294144840,4181245294153156,6570
1105,"void transformer_engine::fused_attn_rocm::compute_grad_qk_kernel<hip_bfloat16, transformer_engine::fused_attn_rocm::SmallSeqConfig<6, 128, 256, false, (transformer_engine::fused_attn_rocm::CausalMaskType)0>, 4, 16>(hip_bfloat16 const*, hip_bfloat16 const*, hip_bfloat16 const*, hip_bfloat16*, hip_bfloat16*, float, int const*, int const*, int, int) [clone .kd]",2,8,1305,1263855,1263855,1024000,64,12288,0,36,4,48,64,"0x0","0x7f02bb5511c0",4181245293780712,4181245294144840,4181245294311928,4181245294318742,167088
1106,"input_reduce_fusion.kd",2,8,1306,1263855,1263855,524288,256,512,0,16,0,16,64,"0x0","0x7f0abb6c9a80",4181245293788754,4181245294311928,4181245294321342,4181245294325062,9414
1107,"input_reduce_fusion_3.kd",2,8,1307,1263855,1263855,128,128,512,0,24,0,16,64,"0x0","0x7f0abb6c9ac0",4181245293795734,4181245294321342,4181245294327031,4181245294330089,5689
1108,"loop_convert_fusion.kd",2,8,1308,1263855,1263855,1,1,0,0,4,4,16,64,"0x0","0x7f0abb6c9b00",4181245293802604,4181245294327031,4181245294331277,4181245294336919,4246
1109,"input_reduce_reduce_window_fusion_3.kd",2,8,1311,1263855,1263855,9728,256,0,0,28,4,48,64,"0x0","0x7f0abb6c9000",4181245293919508,4181245294344176,4181245294354792,4181245294357590,10616
1110,"loop_reduce_window_fusion_11.kd",2,8,1312,1263855,1263855,1536,256,0,0,8,0,16,64,"0x0","0x7f0abb6c9040",4181245293930825,4181245294354792,4181245294362443,4181245294363489,7651
1111,"loop_slice_fusion_5.kd",2,8,1313,1263855,1263855,6,6,0,0,20,4,16,64,"0x0","0x7f0abb6c9080",4181245293938396,4181245294362443,4181245294367331,4181245294369738,4888
1112,"loop_broadcast_fusion_2.kd",2,8,1314,1263855,1263855,24064,256,0,0,4,4,16,64,"0x0","0x7f0abb6c90c0",4181245293945928,4181245294367331,4181245294373019,4181245294375727,5688
1113,"input_scatter_fusion_2.kd",2,8,1315,1263855,1263855,24064,256,0,0,12,4,32,64,"0x0","0x7f0abb6c9100",4181245293953869,4181245294373019,4181245294381472,4181245294381966,8453
1114,"loop_reduce_window_fusion_10.kd",2,8,1316,1263855,1263855,24064,256,0,0,8,0,16,64,"0x0","0x7f0abb6c9140",4181245293960619,4181245294381472,4181245294387280,4181245294388055,5808
1115,"loop_reduce_window_fusion_11.kd",2,8,1317,1263855,1263855,1536,256,0,0,8,0,16,64,"0x0","0x7f0abb6c9040",4181245293967960,4181245294387280,4181245294393169,4181245294393664,5889
1116,"loop_slice_fusion_4.kd",2,8,1318,1263855,1263855,94,94,0,0,24,0,16,64,"0x0","0x7f0abb6c9180",4181245293974450,4181245294393169,4181245294398938,4181245294399402,5769
1117,"input_reduce_fusion_1.kd",2,8,1319,1263855,1263855,64,64,0,0,8,0,16,64,"0x0","0x7f0abb6c91c0",4181245293982322,4181245294398938,4181245294404426,4181245294405101,5488
1118,"loop_select_fusion_5.kd",2,8,1320,1263855,1263855,24064,256,0,0,8,0,32,64,"0x0","0x7f0abb6c9200",4181245293989212,4181245294404426,4181245294411356,4181245294418871,6930
1119,"loop_select_fusion_2.kd",2,8,1321,1263855,1263855,24064,256,0,0,4,4,16,64,"0x0","0x7f0abb6c9240",4181245293996823,4181245294411356,4181245294417045,4181245294424029,5689
1120,"loop_reduce_window_fusion_10.kd",2,8,1322,1263855,1263855,24064,256,0,0,8,0,16,64,"0x0","0x7f0abb6c9140",4181245294003573,4181245294417045,4181245294421812,4181245294428786,4767
1121,"loop_reduce_window_fusion_11.kd",2,8,1323,1263855,1263855,1536,256,0,0,8,0,16,64,"0x0","0x7f0abb6c9040",4181245294010944,4181245294421812,4181245294427340,4181245294434745,5528
1122,"loop_slice_fusion_5.kd",2,8,1324,1263855,1263855,6,6,0,0,20,4,16,64,"0x0","0x7f0abb6c9080",4181245294018085,4181245294427340,4181245294432147,4181245294439402,4807
1123,"input_concatenate_fusion.kd",2,8,1325,1263855,1263855,24064,256,0,0,12,4,32,64,"0x0","0x7f0abb6c9280",4181245294025446,4181245294432147,4181245294437876,4181245294444169,5729
1124,"input_reduce_reduce_window_fusion.kd",2,8,1326,1263855,1263855,11264,256,0,0,36,4,48,64,"0x0","0x7f0abb6c92c0",4181245294032096,4181245294437876,4181245294448171,4181245294448966,10295
1125,"loop_reduce_window_fusion_2.kd",2,8,1327,1263855,1263855,1792,256,0,0,8,0,16,64,"0x0","0x7f0abb6c9300",4181245294039246,4181245294448171,4181245294453339,4181245294453683,5168
1126,"loop_slice_fusion_7.kd",2,8,1328,1263855,1263855,7,7,0,0,20,4,16,64,"0x0","0x7f0abb6c9340",4181245294045626,4181245294453339,4181245294458026,4181245294458280,4687
1127,"loop_broadcast_fusion.kd",2,8,1329,1263855,1263855,28160,256,0,0,4,4,16,64,"0x0","0x7f0abb6c9380",4181245294052997,4181245294458026,4181245294463113,4181245294462796,5087
1128,"input_scatter_fusion.kd",2,8,1330,1263855,1263855,28160,256,0,0,12,4,32,64,"0x0","0x7f0abb6c93c0",4181245294059186,4181245294463113,4181245294470284,4181245294471569,7171
1129,"loop_reduce_window_fusion_1.kd",2,8,1331,1263855,1263855,28160,256,0,0,8,0,16,64,"0x0","0x7f0abb6c9400",4181245294066998,4181245294470284,4181245294475211,4181245294476166,4927
1130,"loop_reduce_window_fusion_2.kd",2,8,1332,1263855,1263855,1792,256,0,0,8,0,16,64,"0x0","0x7f0abb6c9300",4181245294073537,4181245294475211,4181245294480379,4181245294480633,5168
1131,"loop_slice_fusion_7.kd",2,8,1333,1263855,1263855,7,7,0,0,20,4,16,64,"0x0","0x7f0abb6c9340",4181245294081670,4181245294480379,4181245294485106,4181245294485270,4727
1132,"loop_slice_fusion_3.kd",2,8,1334,1263855,1263855,110,110,0,0,8,0,16,64,"0x0","0x7f0abb6c9440",4181245294089381,4181245294485106,4181245294489833,4181245294489766,4727
1133,"input_reduce_fusion_2.kd",2,8,1335,1263855,1263855,64,64,0,0,8,0,16,64,"0x0","0x7f0abb6c9480",4181245294096371,4181245294489833,4181245294494560,4181245294496476,4727
1134,"loop_select_fusion_4.kd",2,8,1336,1263855,1263855,28160,256,0,0,8,0,32,64,"0x0","0x7f0abb6c94c0",4181245294104353,4181245294494560,4181245294499648,4181245294508564,5088
1135,"loop_select_fusion.kd",2,8,1337,1263855,1263855,28160,256,0,0,8,0,16,64,"0x0","0x7f0abb6c9500",4181245294111504,4181245294499648,4181245294504575,4181245294504448,4927
1136,"loop_compare_fusion_1.kd",2,8,1338,1263855,1263855,4096,256,0,0,4,4,16,64,"0x0","0x7f0abb6c9540",4181245294118825,4181245294504575,4181245294509382,4181245294514894,4807
1137,"input_reduce_reduce_window_fusion_2.kd",2,8,1339,1263855,1263855,256,256,512,0,20,4,32,64,"0x0","0x7f0abb6c9580",4181245294125585,4181245294509382,4181245294524885,4181245294539611,15503
1138,"loop_slice_fusion_1.kd",2,8,1340,1263855,1263855,16,16,0,0,20,4,16,64,"0x0","0x7f0abb6c95c0",4181245294132195,4181245294524885,4181245294529652,4181245294543947,4767
1139,"loop_broadcast_fusion_3.kd",2,8,1341,1263855,1263855,4096,256,0,0,4,4,16,64,"0x0","0x7f0abb6c9600",4181245294139225,4181245294529652,4181245294534579,4181245294534793,4927
1140,"input_scatter_fusion_3.kd",2,8,1342,1263855,1263855,4096,256,0,0,8,0,32,64,"0x0","0x7f0abb6c9640",4181245294147367,4181245294534579,4181245294540909,4181245294550937,6330
1141,"loop_reduce_window_fusion_13.kd",2,8,1343,1263855,1263855,4096,256,0,0,8,0,16,64,"0x0","0x7f0abb6c9680",4181245294168008,4181245294540909,4181245294545756,4181245294555775,4847
1142,"loop_slice_fusion_1.kd",2,8,1344,1263855,1263855,16,16,0,0,20,4,16,64,"0x0","0x7f0abb6c95c0",4181245294176651,4181245294545756,4181245294550483,4181245294560241,4727
1143,"loop_remainder_fusion.kd",2,8,1345,1263855,1263855,4096,256,0,0,12,4,16,64,"0x0","0x7f0abb6c96c0",4181245294183641,4181245294550483,4181245294556452,4181245294566801,5969
1144,"loop_select_fusion_3.kd",2,8,1346,1263855,1263855,4096,256,0,0,8,0,32,64,"0x0","0x7f0abb6c9700",4181245294191873,4181245294556452,4181245294561259,4181245294575674,4807
1145,"loop_reduce_window_fusion_13.kd",2,8,1347,1263855,1263855,4096,256,0,0,8,0,16,64,"0x0","0x7f0abb6c9680",4181245294198654,4181245294561259,4181245294565906,4181245294580632,4647
1146,"loop_slice_fusion_1.kd",2,8,1348,1263855,1263855,16,16,0,0,20,4,16,64,"0x0","0x7f0abb6c95c0",4181245294206255,4181245294565906,4181245294570593,4181245294571358,4687
1147,"input_concatenate_fusion_1.kd",2,8,1349,1263855,1263855,4096,256,0,0,8,0,32,64,"0x0","0x7f0abb6c9740",4181245294213385,4181245294570593,4181245294576882,4181245294588944,6289
1148,"loop_compare_fusion.kd",2,8,1350,1263855,1263855,8192,256,0,0,4,4,16,64,"0x0","0x7f0abb6c9780",4181245294220837,4181245294576882,4181245294581810,4181245294593200,4928
1149,"input_reduce_reduce_window_fusion_1.kd",2,8,1351,1263855,1263855,512,512,512,0,20,4,48,64,"0x0","0x7f0abb6c97c0",4181245294227787,4181245294581810,4181245294599316,4181245294599940,17506
1150,"loop_reduce_window_fusion_6.kd",2,8,1352,1263855,1263855,32,32,0,0,32,0,16,64,"0x0","0x7f0abb6c9800",4181245294234667,4181245294599316,4181245294609771,4181245294617537,10455
1151,"loop_broadcast_fusion_1.kd",2,8,1353,1263855,1263855,8192,256,0,0,4,4,16,64,"0x0","0x7f0abb6c9840",4181245294241848,4181245294609771,4181245294614819,4181245294622404,5048
1152,"input_scatter_fusion_1.kd",2,8,1354,1263855,1263855,8192,256,0,0,8,0,32,64,"0x0","0x7f0abb6c9880",4181245294249669,4181245294614819,4181245294620107,4181245294626971,5288
1153,"loop_reduce_window_fusion_5.kd",2,8,1355,1263855,1263855,8192,256,0,0,8,0,16,64,"0x0","0x7f0abb6c98c0",4181245294256339,4181245294620107,4181245294625234,4181245294633270,5127
1154,"loop_reduce_window_fusion_4.kd",2,8,1356,1263855,1263855,512,256,0,0,8,0,16,64,"0x0","0x7f0abb6c9900",4181245294263860,4181245294625234,4181245294630442,4181245294637546,5208
1155,"loop_reduce_window_fusion_3.kd",2,8,1357,1263855,1263855,32,32,0,0,8,0,16,64,"0x0","0x7f0abb6c9940",4181245294271151,4181245294630442,4181245294635209,4181245294646239,4767
1156,"loop_select_fusion_6.kd",2,8,1358,1263855,1263855,8192,256,0,0,8,0,32,64,"0x0","0x7f0abb6c9980",4181245294278332,4181245294635209,4181245294640297,4181245294641973,5088
1157,"loop_select_fusion_1.kd",2,8,1359,1263855,1263855,8192,256,0,0,8,0,16,64,"0x0","0x7f0abb6c99c0",4181245294286765,4181245294640297,4181245294645184,4181245294656775,4887
1158,"loop_broadcast_fusion_4.kd",2,8,1360,1263855,1263855,16,16,0,0,4,4,16,64,"0x0","0x7f0abb6c9a00",4181245294294666,4181245294645184,4181245294650231,4181245294652529,5047
1159,"__amd_rocclr_fillBufferAligned.kd",2,8,1361,1263855,1263855,77824,256,0,0,12,4,48,64,"0x0","0x7f2abbf33580",4181245294305422,4181245294650231,4181245294663531,4181245294664336,13300
1160,"__amd_rocclr_fillBufferAligned.kd",2,8,1362,1263855,1263855,16128,256,0,0,12,4,48,64,"0x0","0x7f2abbf33580",4181245294311852,4181245294663531,4181245294668499,4181245294670425,4968
1161,"transformer_engine::fused_attn_rocm::populate_rng_state_kernel(long*, long const*, long) [clone .kd]",2,8,1363,1263855,1263855,1,1,0,0,8,0,16,64,"0x0","0x7f1abba31380",4181245294321076,4181245294668499,4181245294673386,4181245294674822,4887
1162,"__amd_rocclr_fillBufferAligned.kd",2,8,1364,1263855,1263855,256,256,0,0,12,4,48,64,"0x0","0x7f2abbf33580",4181245294332172,4181245294673386,4181245294678033,4181245294679449,4647
1163,"ck_fused_attn::get_runtime_max_seqlen_kernel(unsigned long, int const*, int const*, unsigned long*) [clone .kd]",2,8,1365,1263855,1263855,4096,128,0,0,4,4,32,64,"0x0","0x7f1abba20940",4181245294352042,4181245294678033,4181245294683881,4181245294683715,5848
1164,"__amd_rocclr_copyBuffer.kd",2,8,1366,1263855,1263855,512,512,0,0,16,0,32,64,"0x7f32cafe9200","0x7f2abbf33600",4181245294361726,4181245294683881,4181245294689930,4181245294690255,6049
1165,"__amd_rocclr_fillBufferAligned.kd",2,8,1368,1263855,1263855,256,256,0,0,12,4,48,64,"0x0","0x7f2abbf33580",4181245294722793,4181245294732073,4181245294733996,4181245294767560,1923
1166,"ck_fused_attn::get_runtime_max_seqlen_kernel(unsigned long, int const*, int const*, unsigned long*) [clone .kd]",2,8,1369,1263855,1263855,4096,128,0,0,4,4,32,64,"0x0","0x7f1abba20940",4181245294734450,4181245294744131,4181245294750060,4181245294778055,5929
1167,"__amd_rocclr_copyBuffer.kd",2,8,1370,1263855,1263855,512,512,0,0,16,0,32,64,"0x7f32cafe9100","0x7f2abbf33600",4181245294748361,4181245294756590,4181245294762919,4181245294772968,6329
1168,"void transformer_engine::fused_attn_rocm::compute_scores_kernel<hip_bfloat16, transformer_engine::fused_attn_rocm::SmallSeqConfig<6, 128, 256, false, (transformer_engine::fused_attn_rocm::CausalMaskType)0>, 1>(hip_bfloat16 const*, hip_bfloat16 const*, hip_bfloat16*, float, int const*, int const*, int, int) [clone .kd]",2,8,1372,1263855,1263855,64000,64,0,0,112,0,48,64,"0x0","0x7f02bb54f5c0",4181245294788741,4181245294798532,4181245294828176,4181245294828400,29644
1169,"void transformer_engine::fused_attn_rocm::apply_mask_and_softmax_kernel<hip_bfloat16, transformer_engine::fused_attn_rocm::SmallSeqConfig<6, 128, 256, false, (transformer_engine::fused_attn_rocm::CausalMaskType)0> >(hip_bfloat16*, hip_bfloat16 const*, float, int const*, int, int) [clone .kd]",2,8,1373,1263855,1263855,390144,256,1024,0,12,4,16,64,"0x0","0x7f02bb54f600",4181245294797104,4181245294828176,4181245294833304,4181245294839497,5128
1170,"void transformer_engine::fused_attn_rocm::compute_output_kernel<hip_bfloat16, transformer_engine::fused_attn_rocm::SmallSeqConfig<6, 128, 256, false, (transformer_engine::fused_attn_rocm::CausalMaskType)0>, 2, 8>(hip_bfloat16 const*, hip_bfloat16 const*, hip_bfloat16*, int const*, int const*, int, int) [clone .kd]",2,8,1374,1263855,1263855,512000,64,12288,0,28,4,48,64,"0x0","0x7f02bb54f640",4181245294810904,4181245294833304,4181245294898160,4181245294900497,64856
1171,"loop_broadcast_fusion_5.kd",2,8,1375,1263855,1263855,2048000,256,0,0,4,4,16,64,"0x0","0x7f0abb6c9a40",4181245294818946,4181245294898160,4181245294906332,4181245294907608,8172
1172,"__amd_rocclr_fillBufferAligned.kd",2,8,1376,1263855,1263855,77824,256,0,0,12,4,48,64,"0x0","0x7f2abbf33580",4181245294834039,4181245294906332,4181245294913142,4181245294913867,6810
1173,"__amd_rocclr_fillBufferAligned.kd",2,8,1377,1263855,1263855,77824,256,0,0,12,4,48,64,"0x0","0x7f2abbf33580",4181245294840158,4181245294913142,4181245294930969,4181245294938254,17827
1174,"__amd_rocclr_fillBufferAligned.kd",2,8,1378,1263855,1263855,77824,256,0,0,12,4,48,64,"0x0","0x7f2abbf33580",4181245294854930,4181245294930969,4181245294948515,4181245294959615,17546
1175,"__amd_rocclr_fillBufferAligned.kd",2,8,1379,1263855,1263855,256,256,0,0,12,4,48,64,"0x0","0x7f2abbf33580",4181245294865035,4181245294948515,4181245294953122,4181245294954588,4607
1176,"ck_fused_attn::get_runtime_max_seqlen_kernel(unsigned long, int const*, int const*, unsigned long*) [clone .kd]",2,8,1380,1263855,1263855,4096,128,0,0,4,4,32,64,"0x0","0x7f1abba20940",4181245294870783,4181245294953122,4181245294959051,4181245294964152,5929
1177,"__amd_rocclr_copyBuffer.kd",2,8,1381,1263855,1263855,512,512,0,0,16,0,32,64,"0x7f32cafe9000","0x7f2abbf33600",4181245294878004,4181245294959051,4181245294964779,4181245294970511,5728
1178,"__amd_rocclr_fillBufferAligned.kd",2,8,1383,1263855,1263855,256,256,0,0,12,4,48,64,"0x0","0x7f2abbf33580",4181245294985684,4181245294999511,4181245295001754,4181245295006926,2243
1179,"ck_fused_attn::get_runtime_max_seqlen_kernel(unsigned long, int const*, int const*, unsigned long*) [clone .kd]",2,8,1384,1263855,1263855,4096,128,0,0,4,4,32,64,"0x0","0x7f1abba20940",4181245295000176,4181245295008765,4181245295014573,4181245295016340,5808
1180,"__amd_rocclr_copyBuffer.kd",2,8,1385,1263855,1263855,512,512,0,0,16,0,32,64,"0x7f32cae73980","0x7f2abbf33600",4181245295007897,4181245295022866,4181245295029035,4181245295032784,6169
1181,"void transformer_engine::fused_attn_rocm::compute_grad_v_kernel<hip_bfloat16, transformer_engine::fused_attn_rocm::SmallSeqConfig<6, 128, 256, false, (transformer_engine::fused_attn_rocm::CausalMaskType)0>, 16, 16>(hip_bfloat16 const*, hip_bfloat16 const*, hip_bfloat16*, int const*, int const*, int, int) [clone .kd]",2,8,1387,1263855,1263855,256000,64,12288,0,32,0,48,64,"0x0","0x7f02bb551100",4181245295047877,4181245295062845,4181245295202212,4181245295203538,139367
1182,"void transformer_engine::fused_attn_rocm::compute_grad_attn_kernel<hip_bfloat16, transformer_engine::fused_attn_rocm::SmallSeqConfig<6, 128, 256, false, (transformer_engine::fused_attn_rocm::CausalMaskType)0>, 16>(hip_bfloat16 const*, hip_bfloat16 const*, hip_bfloat16*, int const*, int const*, int, int) [clone .kd]",2,8,1388,1263855,1263855,8000,64,0,0,116,4,64,64,"0x0","0x7f02bb551140",4181245295060716,4181245295202212,4181245295432996,4181245295432909,230784
1183,"void transformer_engine::fused_attn_rocm::softmax_backward_kernel<hip_bfloat16, transformer_engine::fused_attn_rocm::SmallSeqConfig<6, 128, 256, false, (transformer_engine::fused_attn_rocm::CausalMaskType)0> >(hip_bfloat16 const*, hip_bfloat16 const*, hip_bfloat16*, float, int const*, int, int) [clone .kd]",2,8,1389,1263855,1263855,390144,256,1024,0,16,0,16,64,"0x0","0x7f02bb551180",4181245295068157,4181245295432996,4181245295438924,4181245295441502,5928
1184,"void transformer_engine::fused_attn_rocm::compute_grad_qk_kernel<hip_bfloat16, transformer_engine::fused_attn_rocm::SmallSeqConfig<6, 128, 256, false, (transformer_engine::fused_attn_rocm::CausalMaskType)0>, 4, 16>(hip_bfloat16 const*, hip_bfloat16 const*, hip_bfloat16 const*, hip_bfloat16*, hip_bfloat16*, float, int const*, int const*, int, int) [clone .kd]",2,8,1390,1263855,1263855,1024000,64,12288,0,36,4,48,64,"0x0","0x7f02bb5511c0",4181245295075478,4181245295438924,4181245295604010,4181245295616963,165086
1185,"input_reduce_fusion.kd",2,8,1391,1263855,1263855,524288,256,512,0,16,0,16,64,"0x0","0x7f0abb6c9a80",4181245295084471,4181245295604010,4181245295613704,4181245295629622,9694
1186,"input_reduce_fusion_3.kd",2,8,1392,1263855,1263855,128,128,512,0,24,0,16,64,"0x0","0x7f0abb6c9ac0",4181245295091011,4181245295613704,4181245295619393,4181245295635531,5689
1187,"loop_convert_fusion.kd",2,8,1393,1263855,1263855,1,1,0,0,4,4,16,64,"0x0","0x7f0abb6c9b00",4181245295097921,4181245295619393,4181245295623719,4181245295641209,4326
1188,"input_reduce_reduce_window_fusion_3.kd",2,8,1396,1263855,1263855,9728,256,0,0,28,4,48,64,"0x0","0x7f0abb6c9000",4181245295223147,4181245295635296,4181245295646113,4181245295648480,10817
1189,"loop_reduce_window_fusion_11.kd",2,8,1397,1263855,1263855,1536,256,0,0,8,0,16,64,"0x0","0x7f0abb6c9040",4181245295232832,4181245295646113,4181245295653844,4181245295667648,7731
1190,"loop_slice_fusion_5.kd",2,8,1398,1263855,1263855,6,6,0,0,20,4,16,64,"0x0","0x7f0abb6c9080",4181245295240163,4181245295653844,4181245295659052,4181245295673447,5208
1191,"loop_broadcast_fusion_2.kd",2,8,1399,1263855,1263855,24064,256,0,0,4,4,16,64,"0x0","0x7f0abb6c90c0",4181245295247173,4181245295659052,4181245295664740,4181245295679566,5688
1192,"input_scatter_fusion_2.kd",2,8,1400,1263855,1263855,24064,256,0,0,12,4,32,64,"0x0","0x7f0abb6c9100",4181245295254444,4181245295664740,4181245295673273,4181245295685825,8533
1193,"loop_reduce_window_fusion_10.kd",2,8,1401,1263855,1263855,24064,256,0,0,8,0,16,64,"0x0","0x7f0abb6c9140",4181245295261494,4181245295673273,4181245295678801,4181245295691474,5528
1194,"loop_reduce_window_fusion_11.kd",2,8,1402,1263855,1263855,1536,256,0,0,8,0,16,64,"0x0","0x7f0abb6c9040",4181245295268685,4181245295678801,4181245295684490,4181245295697302,5689
1195,"loop_slice_fusion_4.kd",2,8,1403,1263855,1263855,94,94,0,0,24,0,16,64,"0x0","0x7f0abb6c9180",4181245295275525,4181245295684490,4181245295691620,4181245295703231,7130
1196,"input_reduce_fusion_1.kd",2,8,1404,1263855,1263855,64,64,0,0,8,0,16,64,"0x0","0x7f0abb6c91c0",4181245295282165,4181245295691620,4181245295697589,4181245295708990,5969
1197,"loop_select_fusion_5.kd",2,8,1405,1263855,1263855,24064,256,0,0,8,0,32,64,"0x0","0x7f0abb6c9200",4181245295289546,4181245295697589,4181245295703117,4181245295714899,5528
1198,"loop_select_fusion_2.kd",2,8,1406,1263855,1263855,24064,256,0,0,4,4,16,64,"0x0","0x7f0abb6c9240",4181245295296476,4181245295703117,4181245295708806,4181245295720587,5689
1199,"loop_reduce_window_fusion_10.kd",2,8,1407,1263855,1263855,24064,256,0,0,8,0,16,64,"0x0","0x7f0abb6c9140",4181245295303026,4181245295708806,4181245295714534,4181245295726215,5728
1200,"loop_reduce_window_fusion_11.kd",2,8,1408,1263855,1263855,1536,256,0,0,8,0,16,64,"0x0","0x7f0abb6c9040",4181245295310697,4181245295714534,4181245295720463,4181245295732054,5929
1201,"loop_slice_fusion_5.kd",2,8,1409,1263855,1263855,6,6,0,0,20,4,16,64,"0x0","0x7f0abb6c9080",4181245295317578,4181245295720463,4181245295726152,4181245295739255,5689
1202,"input_concatenate_fusion.kd",2,8,1410,1263855,1263855,24064,256,0,0,12,4,32,64,"0x0","0x7f0abb6c9280",4181245295325109,4181245295726152,4181245295732962,4181245295745184,6810
1203,"input_reduce_reduce_window_fusion.kd",2,8,1411,1263855,1263855,11264,256,0,0,36,4,48,64,"0x0","0x7f0abb6c92c0",4181245295332039,4181245295732962,4181245295744339,4181245295751022,11377
1204,"loop_reduce_window_fusion_2.kd",2,8,1412,1263855,1263855,1792,256,0,0,8,0,16,64,"0x0","0x7f0abb6c9300",4181245295339460,4181245295744339,4181245295751349,4181245295757202,7010
1205,"loop_slice_fusion_7.kd",2,8,1413,1263855,1263855,7,7,0,0,20,4,16,64,"0x0","0x7f0abb6c9340",4181245295346000,4181245295751349,4181245295757278,4181245295763331,5929
1206,"loop_broadcast_fusion.kd",2,8,1414,1263855,1263855,28160,256,0,0,4,4,16,64,"0x0","0x7f0abb6c9380",4181245295353341,4181245295757278,4181245295762966,4181245295769169,5688
1207,"input_scatter_fusion.kd",2,8,1415,1263855,1263855,28160,256,0,0,12,4,32,64,"0x0","0x7f0abb6c93c0",4181245295360281,4181245295762966,4181245295771259,4181245295775068,8293
1208,"loop_reduce_window_fusion_1.kd",2,8,1416,1263855,1263855,28160,256,0,0,8,0,16,64,"0x0","0x7f0abb6c9400",4181245295368033,4181245295771259,4181245295777187,4181245295780877,5928
1209,"loop_reduce_window_fusion_2.kd",2,8,1417,1263855,1263855,1792,256,0,0,8,0,16,64,"0x0","0x7f0abb6c9300",4181245295374382,4181245295777187,4181245295784118,4181245295786715,6931
1210,"loop_slice_fusion_7.kd",2,8,1418,1263855,1263855,7,7,0,0,20,4,16,64,"0x0","0x7f0abb6c9340",4181245295380912,4181245295784118,4181245295789806,4181245295812193,5688
1211,"loop_slice_fusion_3.kd",2,8,1419,1263855,1263855,110,110,0,0,8,0,16,64,"0x0","0x7f0abb6c9440",4181245295389344,4181245295789806,4181245295795495,4181245295800696,5689
1212,"input_reduce_fusion_2.kd",2,8,1420,1263855,1263855,64,64,0,0,8,0,16,64,"0x0","0x7f0abb6c9480",4181245295396775,4181245295795495,4181245295800222,4181245295852353,4727
1213,"loop_select_fusion_4.kd",2,8,1421,1263855,1263855,28160,256,0,0,8,0,32,64,"0x0","0x7f0abb6c94c0",4181245295405198,4181245295800222,4181245295805750,4181245295847816,5528
1214,"loop_select_fusion.kd",2,8,1422,1263855,1263855,28160,256,0,0,8,0,16,64,"0x0","0x7f0abb6c9500",4181245295411958,4181245295805750,4181245295810757,4181245295836580,5007
1215,"loop_compare_fusion_1.kd",2,8,1423,1263855,1263855,4096,256,0,0,4,4,16,64,"0x0","0x7f0abb6c9540",4181245295419639,4181245295810757,4181245295815605,4181245295829469,4848
1216,"input_reduce_reduce_window_fusion_2.kd",2,8,1424,1263855,1263855,256,256,512,0,20,4,32,64,"0x0","0x7f0abb6c9580",4181245295425899,4181245295815605,4181245295832189,4181245295859824,16584
1217,"loop_slice_fusion_1.kd",2,8,1425,1263855,1263855,16,16,0,0,20,4,16,64,"0x0","0x7f0abb6c95c0",4181245295433841,4181245295832189,4181245295836876,4181245295879003,4687
1218,"loop_broadcast_fusion_3.kd",2,8,1426,1263855,1263855,4096,256,0,0,4,4,16,64,"0x0","0x7f0abb6c9600",4181245295456184,4181245295836876,4181245295841844,4181245295883670,4968
1219,"input_scatter_fusion_3.kd",2,8,1427,1263855,1263855,4096,256,0,0,8,0,32,64,"0x0","0x7f0abb6c9640",4181245295463955,4181245295841844,4181245295848093,4181245295888246,6249
1220,"loop_reduce_window_fusion_13.kd",2,8,1428,1263855,1263855,4096,256,0,0,8,0,16,64,"0x0","0x7f0abb6c9680",4181245295470695,4181245295848093,4181245295852900,4181245295874406,4807
1221,"loop_slice_fusion_1.kd",2,8,1429,1263855,1263855,16,16,0,0,20,4,16,64,"0x0","0x7f0abb6c95c0",4181245295478207,4181245295852900,4181245295857667,4181245295869669,4767
1222,"loop_remainder_fusion.kd",2,8,1430,1263855,1263855,4096,256,0,0,12,4,16,64,"0x0","0x7f0abb6c96c0",4181245295485397,4181245295857667,4181245295863636,4181245295864691,5969
1223,"loop_select_fusion_3.kd",2,8,1431,1263855,1263855,4096,256,0,0,8,0,32,64,"0x0","0x7f0abb6c9700",4181245295493119,4181245295863636,4181245295868523,4181245295909027,4887
1224,"loop_reduce_window_fusion_13.kd",2,8,1432,1263855,1263855,4096,256,0,0,8,0,16,64,"0x0","0x7f0abb6c9680",4181245295500620,4181245295868523,4181245295873290,4181245295914586,4767
1225,"loop_slice_fusion_1.kd",2,8,1433,1263855,1263855,16,16,0,0,20,4,16,64,"0x0","0x7f0abb6c95c0",4181245295507080,4181245295873290,4181245295878017,4181245295904531,4727
1226,"input_concatenate_fusion_1.kd",2,8,1434,1263855,1263855,4096,256,0,0,8,0,32,64,"0x0","0x7f0abb6c9740",4181245295513669,4181245295878017,4181245295884187,4181245295899924,6170
1227,"loop_compare_fusion.kd",2,8,1435,1263855,1263855,8192,256,0,0,4,4,16,64,"0x0","0x7f0abb6c9780",4181245295521321,4181245295884187,4181245295889114,4181245295895317,4927
1228,"input_reduce_reduce_window_fusion_1.kd",2,8,1436,1263855,1263855,512,512,512,0,20,4,48,64,"0x0","0x7f0abb6c97c0",4181245295528261,4181245295889114,4181245295906500,4181245295925442,17386
1229,"loop_reduce_window_fusion_6.kd",2,8,1437,1263855,1263855,32,32,0,0,32,0,16,64,"0x0","0x7f0abb6c9800",4181245295534711,4181245295906500,4181245295918638,4181245295921336,12138
1230,"loop_broadcast_fusion_1.kd",2,8,1438,1263855,1263855,8192,256,0,0,4,4,16,64,"0x0","0x7f0abb6c9840",4181245295542102,4181245295918638,4181245295923725,4181245295936368,5087
1231,"input_scatter_fusion_1.kd",2,8,1439,1263855,1263855,8192,256,0,0,8,0,32,64,"0x0","0x7f0abb6c9880",4181245295549162,4181245295923725,4181245295929214,4181245295932062,5489
1232,"loop_reduce_window_fusion_5.kd",2,8,1440,1263855,1263855,8192,256,0,0,8,0,16,64,"0x0","0x7f0abb6c98c0",4181245295556944,4181245295929214,4181245295934341,4181245295947725,5127
1233,"loop_reduce_window_fusion_4.kd",2,8,1441,1263855,1263855,512,256,0,0,8,0,16,64,"0x0","0x7f0abb6c9900",4181245295563704,4181245295934341,4181245295939509,4181245295943098,5168
1234,"loop_reduce_window_fusion_3.kd",2,8,1442,1263855,1263855,32,32,0,0,8,0,16,64,"0x0","0x7f0abb6c9940",4181245295570464,4181245295939509,4181245295944276,4181245295962877,4767
1235,"loop_select_fusion_6.kd",2,8,1443,1263855,1263855,8192,256,0,0,8,0,32,64,"0x0","0x7f0abb6c9980",4181245295578806,4181245295944276,4181245295949364,4181245295958691,5088
1236,"loop_select_fusion_1.kd",2,8,1444,1263855,1263855,8192,256,0,0,8,0,16,64,"0x0","0x7f0abb6c99c0",4181245295586147,4181245295949364,4181245295954291,4181245295954245,4927
1237,"loop_broadcast_fusion_4.kd",2,8,1445,1263855,1263855,16,16,0,0,4,4,16,64,"0x0","0x7f0abb6c9a00",4181245295592386,4181245295954291,4181245295959338,4181245295969037,5047
1238,"__amd_rocclr_fillBufferAligned.kd",2,8,1446,1263855,1263855,77824,256,0,0,12,4,48,64,"0x0","0x7f2abbf33580",4181245295605806,4181245295959338,4181245295973600,4181245295975276,14262
1239,"__amd_rocclr_fillBufferAligned.kd",2,8,1447,1263855,1263855,16128,256,0,0,12,4,48,64,"0x0","0x7f2abbf33580",4181245295612436,4181245295973600,4181245295978527,4181245295980974,4927
1240,"transformer_engine::fused_attn_rocm::populate_rng_state_kernel(long*, long const*, long) [clone .kd]",2,8,1448,1263855,1263855,1,1,0,0,8,0,16,64,"0x0","0x7f1abba31380",4181245295623633,4181245295978527,4181245295983374,4181245295992451,4847
1241,"__amd_rocclr_fillBufferAligned.kd",2,8,1449,1263855,1263855,256,256,0,0,12,4,48,64,"0x0","0x7f2abbf33580",4181245295661549,4181245295983374,4181245295988061,4181245295987835,4687
1242,"ck_fused_attn::get_runtime_max_seqlen_kernel(unsigned long, int const*, int const*, unsigned long*) [clone .kd]",2,8,1450,1263855,1263855,4096,128,0,0,4,4,32,64,"0x0","0x7f1abba20940",4181245295809589,4181245295988061,4181245295993870,4181245295999091,5809
1243,"__amd_rocclr_copyBuffer.kd",2,8,1451,1263855,1263855,512,512,0,0,16,0,32,64,"0x7f32cafe8d00","0x7f2abbf33600",4181245295828117,4181245295993870,4181245295999238,4181245296003748,5368
1244,"__amd_rocclr_fillBufferAligned.kd",2,8,1453,1263855,1263855,256,256,0,0,12,4,48,64,"0x0","0x7f2abbf33580",4181245296022476,4181245296033248,4181245296035171,4181245296073822,1923
1245,"ck_fused_attn::get_runtime_max_seqlen_kernel(unsigned long, int const*, int const*, unsigned long*) [clone .kd]",2,8,1454,1263855,1263855,4096,128,0,0,4,4,32,64,"0x0","0x7f1abba20940",4181245296042496,4181245296053318,4181245296062412,4181245296083897,9094
1246,"__amd_rocclr_copyBuffer.kd",2,8,1455,1263855,1263855,512,512,0,0,16,0,32,64,"0x7f32cafe8c00","0x7f2abbf33600",4181245296052010,4181245296062412,4181245296068100,4181245296078980,5688
1247,"void transformer_engine::fused_attn_rocm::compute_scores_kernel<hip_bfloat16, transformer_engine::fused_attn_rocm::SmallSeqConfig<6, 128, 256, false, (transformer_engine::fused_attn_rocm::CausalMaskType)0>, 1>(hip_bfloat16 const*, hip_bfloat16 const*, hip_bfloat16*, float, int const*, int const*, int, int) [clone .kd]",2,8,1457,1263855,1263855,64000,64,0,0,112,0,48,64,"0x0","0x7f02bb54f5c0",4181245296095845,4181245296105356,4181245296133998,4181245296134803,28642
1248,"void transformer_engine::fused_attn_rocm::apply_mask_and_softmax_kernel<hip_bfloat16, transformer_engine::fused_attn_rocm::SmallSeqConfig<6, 128, 256, false, (transformer_engine::fused_attn_rocm::CausalMaskType)0> >(hip_bfloat16*, hip_bfloat16 const*, float, int const*, int, int) [clone .kd]",2,8,1458,1263855,1263855,390144,256,1024,0,12,4,16,64,"0x0","0x7f02bb54f600",4181245296104598,4181245296133998,4181245296139046,4181245296153401,5048
1249,"void transformer_engine::fused_attn_rocm::compute_output_kernel<hip_bfloat16, transformer_engine::fused_attn_rocm::SmallSeqConfig<6, 128, 256, false, (transformer_engine::fused_attn_rocm::CausalMaskType)0>, 2, 8>(hip_bfloat16 const*, hip_bfloat16 const*, hip_bfloat16*, int const*, int const*, int, int) [clone .kd]",2,8,1459,1263855,1263855,512000,64,12288,0,28,4,48,64,"0x0","0x7f02bb54f640",4181245296119991,4181245296139046,4181245296202660,4181245296206470,63614
1250,"loop_broadcast_fusion_5.kd",2,8,1460,1263855,1263855,2048000,256,0,0,4,4,16,64,"0x0","0x7f0abb6c9a40",4181245296128834,4181245296202660,4181245296210792,4181245296218528,8132
1251,"__amd_rocclr_fillBufferAligned.kd",2,8,1461,1263855,1263855,77824,256,0,0,12,4,48,64,"0x0","0x7f2abbf33580",4181245296142465,4181245296210792,4181245296217522,4181245296223355,6730
1252,"__amd_rocclr_fillBufferAligned.kd",2,8,1462,1263855,1263855,77824,256,0,0,12,4,48,64,"0x0","0x7f2abbf33580",4181245296149024,4181245296217522,4181245296235028,4181245296238948,17506
1253,"__amd_rocclr_fillBufferAligned.kd",2,8,1463,1263855,1263855,77824,256,0,0,12,4,48,64,"0x0","0x7f2abbf33580",4181245296156906,4181245296235028,4181245296252815,4181245296254671,17787
1254,"__amd_rocclr_fillBufferAligned.kd",2,8,1464,1263855,1263855,256,256,0,0,12,4,48,64,"0x0","0x7f2abbf33580",4181245296173020,4181245296252815,4181245296257422,4181245296261021,4607
1255,"ck_fused_attn::get_runtime_max_seqlen_kernel(unsigned long, int const*, int const*, unsigned long*) [clone .kd]",2,8,1465,1263855,1263855,4096,128,0,0,4,4,32,64,"0x0","0x7f1abba20940",4181245296179640,4181245296257422,4181245296263350,4181245296267871,5928
1256,"__amd_rocclr_copyBuffer.kd",2,8,1466,1263855,1263855,512,512,0,0,16,0,32,64,"0x7f32cafe8b00","0x7f2abbf33600",4181245296187211,4181245296263350,4181245296269119,4181245296274441,5769
1257,"__amd_rocclr_fillBufferAligned.kd",2,8,1468,1263855,1263855,256,256,0,0,12,4,48,64,"0x0","0x7f2abbf33580",4181245296291015,4181245296299885,4181245296301928,4181245296313549,2043
1258,"ck_fused_attn::get_runtime_max_seqlen_kernel(unsigned long, int const*, int const*, unsigned long*) [clone .kd]",2,8,1469,1263855,1263855,4096,128,0,0,4,4,32,64,"0x0","0x7f1abba20940",4181245296300950,4181245296313585,4181245296319474,4181245296320279,5889
1259,"__amd_rocclr_copyBuffer.kd",2,8,1470,1263855,1263855,512,512,0,0,16,0,32,64,"0x7f32cae73a00","0x7f2abbf33600",4181245296312197,4181245296335698,4181245296342308,4181245296346868,6610
1260,"void transformer_engine::fused_attn_rocm::compute_grad_v_kernel<hip_bfloat16, transformer_engine::fused_attn_rocm::SmallSeqConfig<6, 128, 256, false, (transformer_engine::fused_attn_rocm::CausalMaskType)0>, 16, 16>(hip_bfloat16 const*, hip_bfloat16 const*, hip_bfloat16*, int const*, int const*, int, int) [clone .kd]",2,8,1472,1263855,1263855,256000,64,12288,0,32,0,48,64,"0x0","0x7f02bb551100",4181245296361440,4181245296375878,4181245296518450,4181245296520367,142572
1261,"void transformer_engine::fused_attn_rocm::compute_grad_attn_kernel<hip_bfloat16, transformer_engine::fused_attn_rocm::SmallSeqConfig<6, 128, 256, false, (transformer_engine::fused_attn_rocm::CausalMaskType)0>, 16>(hip_bfloat16 const*, hip_bfloat16 const*, hip_bfloat16*, int const*, int const*, int, int) [clone .kd]",2,8,1473,1263855,1263855,8000,64,0,0,116,4,64,64,"0x0","0x7f02bb551140",4181245296373718,4181245296518450,4181245296748752,4181245296750369,230302
1262,"void transformer_engine::fused_attn_rocm::softmax_backward_kernel<hip_bfloat16, transformer_engine::fused_attn_rocm::SmallSeqConfig<6, 128, 256, false, (transformer_engine::fused_attn_rocm::CausalMaskType)0> >(hip_bfloat16 const*, hip_bfloat16 const*, hip_bfloat16*, float, int const*, int, int) [clone .kd]",2,8,1474,1263855,1263855,390144,256,1024,0,16,0,16,64,"0x0","0x7f02bb551180",4181245296381250,4181245296748752,4181245296754561,4181245296758350,5809
1263,"void transformer_engine::fused_attn_rocm::compute_grad_qk_kernel<hip_bfloat16, transformer_engine::fused_attn_rocm::SmallSeqConfig<6, 128, 256, false, (transformer_engine::fused_attn_rocm::CausalMaskType)0>, 4, 16>(hip_bfloat16 const*, hip_bfloat16 const*, hip_bfloat16 const*, hip_bfloat16*, hip_bfloat16*, float, int const*, int const*, int, int) [clone .kd]",2,8,1475,1263855,1263855,1024000,64,12288,0,36,4,48,64,"0x0","0x7f02bb5511c0",4181245296394920,4181245296754561,4181245296916562,4181245296929385,162001
1264,"input_reduce_fusion.kd",2,8,1476,1263855,1263855,524288,256,512,0,16,0,16,64,"0x0","0x7f0abb6c9a80",4181245296402922,4181245296916562,4181245296926056,4181245296943726,9494
1265,"input_reduce_fusion_3.kd",2,8,1477,1263855,1263855,128,128,512,0,24,0,16,64,"0x0","0x7f0abb6c9ac0",4181245296409391,4181245296926056,4181245296931744,4181245296950015,5688
1266,"loop_convert_fusion.kd",2,8,1478,1263855,1263855,1,1,0,0,4,4,16,64,"0x0","0x7f0abb6c9b00",4181245296415991,4181245296931744,4181245296936071,4181245296955814,4327
1267,"input_reduce_reduce_window_fusion_3.kd",2,8,1481,1263855,1263855,9728,256,0,0,28,4,48,64,"0x0","0x7f0abb6c9000",4181245296536581,4181245296947608,4181245296958504,4181245296967461,10896
1268,"loop_reduce_window_fusion_11.kd",2,8,1482,1263855,1263855,1536,256,0,0,8,0,16,64,"0x0","0x7f0abb6c9040",4181245296546265,4181245296958504,4181245296964433,4181245296972599,5929
1269,"loop_slice_fusion_5.kd",2,8,1483,1263855,1263855,6,6,0,0,20,4,16,64,"0x0","0x7f0abb6c9080",4181245296554487,4181245296964433,4181245296969601,4181245296981212,5168
1270,"loop_broadcast_fusion_2.kd",2,8,1484,1263855,1263855,24064,256,0,0,4,4,16,64,"0x0","0x7f0abb6c90c0",4181245296561948,4181245296969601,4181245296974969,4181245296987241,5368
1271,"input_scatter_fusion_2.kd",2,8,1485,1263855,1263855,24064,256,0,0,12,4,32,64,"0x0","0x7f0abb6c9100",4181245296568919,4181245296974969,4181245296981859,4181245296993891,6890
1272,"loop_reduce_window_fusion_10.kd",2,8,1486,1263855,1263855,24064,256,0,0,8,0,16,64,"0x0","0x7f0abb6c9140",4181245296575699,4181245296981859,4181245296986706,4181245296999940,4847
1273,"loop_reduce_window_fusion_11.kd",2,8,1487,1263855,1263855,1536,256,0,0,8,0,16,64,"0x0","0x7f0abb6c9040",4181245296582379,4181245296986706,4181245296991754,4181245297005748,5048
1274,"loop_slice_fusion_4.kd",2,8,1488,1263855,1263855,94,94,0,0,24,0,16,64,"0x0","0x7f0abb6c9180",4181245296588979,4181245296991754,4181245296997282,4181245297011627,5528
1275,"input_reduce_fusion_1.kd",2,8,1489,1263855,1263855,64,64,0,0,8,0,16,64,"0x0","0x7f0abb6c91c0",4181245296595098,4181245296997282,4181245297002009,4181245297017646,4727
1276,"loop_select_fusion_5.kd",2,8,1490,1263855,1263855,24064,256,0,0,8,0,32,64,"0x0","0x7f0abb6c9200",4181245296602559,4181245297002009,4181245297007097,4181245297023455,5088
1277,"loop_select_fusion_2.kd",2,8,1491,1263855,1263855,24064,256,0,0,4,4,16,64,"0x0","0x7f0abb6c9240",4181245296609940,4181245297007097,4181245297012024,4181245297029434,4927
1278,"loop_reduce_window_fusion_10.kd",2,8,1492,1263855,1263855,24064,256,0,0,8,0,16,64,"0x0","0x7f0abb6c9140",4181245296616890,4181245297012024,4181245297016831,4181245297035142,4807
1279,"loop_reduce_window_fusion_11.kd",2,8,1493,1263855,1263855,1536,256,0,0,8,0,16,64,"0x0","0x7f0abb6c9040",4181245296623390,4181245297016831,4181245297021758,4181245297040961,4927
1280,"loop_slice_fusion_5.kd",2,8,1494,1263855,1263855,6,6,0,0,20,4,16,64,"0x0","0x7f0abb6c9080",4181245296631041,4181245297021758,4181245297026485,4181245297046789,4727
1281,"input_concatenate_fusion.kd",2,8,1495,1263855,1263855,24064,256,0,0,12,4,32,64,"0x0","0x7f0abb6c9280",4181245296637521,4181245297026485,4181245297032254,4181245297054200,5769
1282,"input_reduce_reduce_window_fusion.kd",2,8,1496,1263855,1263855,11264,256,0,0,36,4,48,64,"0x0","0x7f0abb6c92c0",4181245296644611,4181245297032254,4181245297042589,4181245297060009,10335
1283,"loop_reduce_window_fusion_2.kd",2,8,1497,1263855,1263855,1792,256,0,0,8,0,16,64,"0x0","0x7f0abb6c9300",4181245296651742,4181245297042589,4181245297047757,4181245297065818,5168
1284,"loop_slice_fusion_7.kd",2,8,1498,1263855,1263855,7,7,0,0,20,4,16,64,"0x0","0x7f0abb6c9340",4181245296658762,4181245297047757,4181245297052484,4181245297071656,4727
1285,"loop_broadcast_fusion.kd",2,8,1499,1263855,1263855,28160,256,0,0,4,4,16,64,"0x0","0x7f0abb6c9380",4181245296664921,4181245297052484,4181245297057612,4181245297077655,5128
1286,"input_scatter_fusion.kd",2,8,1500,1263855,1263855,28160,256,0,0,12,4,32,64,"0x0","0x7f0abb6c93c0",4181245296672353,4181245297057612,4181245297064822,4181245297083354,7210
1287,"loop_reduce_window_fusion_1.kd",2,8,1501,1263855,1263855,28160,256,0,0,8,0,16,64,"0x0","0x7f0abb6c9400",4181245296680194,4181245297064822,4181245297069670,4181245297101190,4848
1288,"loop_reduce_window_fusion_2.kd",2,8,1502,1263855,1263855,1792,256,0,0,8,0,16,64,"0x0","0x7f0abb6c9300",4181245296687064,4181245297069670,4181245297074757,4181245297095742,5087
1289,"loop_slice_fusion_7.kd",2,8,1503,1263855,1263855,7,7,0,0,20,4,16,64,"0x0","0x7f0abb6c9340",4181245296693865,4181245297074757,4181245297079524,4181245297089603,4767
1290,"loop_slice_fusion_3.kd",2,8,1504,1263855,1263855,110,110,0,0,8,0,16,64,"0x0","0x7f0abb6c9440",4181245296700364,4181245297079524,4181245297084211,4181245297147329,4687
1291,"input_reduce_fusion_2.kd",2,8,1505,1263855,1263855,64,64,0,0,8,0,16,64,"0x0","0x7f0abb6c9480",4181245296708016,4181245297084211,4181245297088938,4181245297153338,4727
1292,"loop_select_fusion_4.kd",2,8,1506,1263855,1263855,28160,256,0,0,8,0,32,64,"0x0","0x7f0abb6c94c0",4181245296714986,4181245297088938,4181245297093986,4181245297158836,5048
1293,"loop_select_fusion.kd",2,8,1507,1263855,1263855,28160,256,0,0,8,0,16,64,"0x0","0x7f0abb6c9500",4181245296722477,4181245297093986,4181245297098953,4181245297126848,4967
1294,"loop_compare_fusion_1.kd",2,8,1508,1263855,1263855,4096,256,0,0,4,4,16,64,"0x0","0x7f0abb6c9540",4181245296730008,4181245297098953,4181245297103800,4181245297111566,4847
1295,"input_reduce_reduce_window_fusion_2.kd",2,8,1509,1263855,1263855,256,256,512,0,20,4,32,64,"0x0","0x7f0abb6c9580",4181245296736428,4181245297103800,4181245297120105,4181245297164294,16305
1296,"loop_slice_fusion_1.kd",2,8,1510,1263855,1263855,16,16,0,0,20,4,16,64,"0x0","0x7f0abb6c95c0",4181245296744129,4181245297120105,4181245297124832,4181245297140359,4727
1297,"loop_broadcast_fusion_3.kd",2,8,1511,1263855,1263855,4096,256,0,0,4,4,16,64,"0x0","0x7f0abb6c9600",4181245296750529,4181245297124832,4181245297129719,4181245297133919,4887
1298,"input_scatter_fusion_3.kd",2,8,1512,1263855,1263855,4096,256,0,0,8,0,32,64,"0x0","0x7f0abb6c9640",4181245296774514,4181245297129719,4181245297135848,4181245297193037,6129
1299,"loop_reduce_window_fusion_13.kd",2,8,1513,1263855,1263855,4096,256,0,0,8,0,16,64,"0x0","0x7f0abb6c9680",4181245296782276,4181245297135848,4181245297140655,4181245297198215,4807
1300,"loop_slice_fusion_1.kd",2,8,1514,1263855,1263855,16,16,0,0,20,4,16,64,"0x0","0x7f0abb6c95c0",4181245296788886,4181245297140655,4181245297145382,4181245297202932,4727
1301,"loop_remainder_fusion.kd",2,8,1515,1263855,1263855,4096,256,0,0,12,4,16,64,"0x0","0x7f0abb6c96c0",4181245296795786,4181245297145382,4181245297151271,4181245297206988,5889
1302,"loop_select_fusion_3.kd",2,8,1516,1263855,1263855,4096,256,0,0,8,0,32,64,"0x0","0x7f0abb6c9700",4181245296803417,4181245297151271,4181245297156078,4181245297187859,4807
1303,"loop_reduce_window_fusion_13.kd",2,8,1517,1263855,1263855,4096,256,0,0,8,0,16,64,"0x0","0x7f0abb6c9680",4181245296810798,4181245297156078,4181245297160845,4181245297183252,4767
1304,"loop_slice_fusion_1.kd",2,8,1518,1263855,1263855,16,16,0,0,20,4,16,64,"0x0","0x7f0abb6c95c0",4181245296817989,4181245297160845,4181245297165492,4181245297178515,4647
1305,"input_concatenate_fusion_1.kd",2,8,1519,1263855,1263855,4096,256,0,0,8,0,32,64,"0x0","0x7f0abb6c9740",4181245296824349,4181245297165492,4181245297171221,4181245297173298,5729
1306,"loop_compare_fusion.kd",2,8,1520,1263855,1263855,8192,256,0,0,4,4,16,64,"0x0","0x7f0abb6c9780",4181245296831940,4181245297171221,4181245297176228,4181245297233157,5007
1307,"input_reduce_reduce_window_fusion_1.kd",2,8,1521,1263855,1263855,512,512,512,0,20,4,48,64,"0x0","0x7f0abb6c97c0",4181245296839121,4181245297176228,4181245297193334,4181245297229030,17106
1308,"loop_reduce_window_fusion_6.kd",2,8,1522,1263855,1263855,32,32,0,0,32,0,16,64,"0x0","0x7f0abb6c9800",4181245296846131,4181245297193334,4181245297203589,4181245297224604,10255
1309,"loop_broadcast_fusion_1.kd",2,8,1523,1263855,1263855,8192,256,0,0,4,4,16,64,"0x0","0x7f0abb6c9840",4181245296853752,4181245297203589,4181245297208636,4181245297220388,5047
1310,"input_scatter_fusion_1.kd",2,8,1524,1263855,1263855,8192,256,0,0,8,0,32,64,"0x0","0x7f0abb6c9880",4181245296861965,4181245297208636,4181245297214004,4181245297215711,5368
1311,"loop_reduce_window_fusion_5.kd",2,8,1525,1263855,1263855,8192,256,0,0,8,0,16,64,"0x0","0x7f0abb6c98c0",4181245296868334,4181245297214004,4181245297219092,4181245297256541,5088
1312,"loop_reduce_window_fusion_4.kd",2,8,1526,1263855,1263855,512,256,0,0,8,0,16,64,"0x0","0x7f0abb6c9900",4181245296876216,4181245297219092,4181245297224340,4181245297252425,5248
1313,"loop_reduce_window_fusion_3.kd",2,8,1527,1263855,1263855,32,32,0,0,8,0,16,64,"0x0","0x7f0abb6c9940",4181245296883797,4181245297224340,4181245297229107,4181245297248009,4767
1314,"loop_select_fusion_6.kd",2,8,1528,1263855,1263855,8192,256,0,0,8,0,32,64,"0x0","0x7f0abb6c9980",4181245296892079,4181245297229107,4181245297234154,4181245297243862,5047
1315,"loop_select_fusion_1.kd",2,8,1529,1263855,1263855,8192,256,0,0,8,0,16,64,"0x0","0x7f0abb6c99c0",4181245296899711,4181245297234154,4181245297239082,4181245297239696,4928
1316,"loop_broadcast_fusion_4.kd",2,8,1530,1263855,1263855,16,16,0,0,4,4,16,64,"0x0","0x7f0abb6c9a00",4181245296906511,4181245297239082,4181245297244169,4181245297271403,5087
1317,"__amd_rocclr_fillBufferAligned.kd",2,8,1531,1263855,1263855,77824,256,0,0,12,4,48,64,"0x0","0x7f2abbf33580",4181245296918979,4181245297244169,4181245297257549,4181245297267347,13380
1318,"__amd_rocclr_fillBufferAligned.kd",2,8,1532,1263855,1263855,16128,256,0,0,12,4,48,64,"0x0","0x7f2abbf33580",4181245296925990,4181245297257549,4181245297262637,4181245297262881,5088
1319,"transformer_engine::fused_attn_rocm::populate_rng_state_kernel(long*, long const*, long) [clone .kd]",2,8,1533,1263855,1263855,1,1,0,0,8,0,16,64,"0x0","0x7f1abba31380",4181245296936345,4181245297262637,4181245297267484,4181245297293356,4847
1320,"__amd_rocclr_fillBufferAligned.kd",2,8,1534,1263855,1263855,256,256,0,0,12,4,48,64,"0x0","0x7f2abbf33580",4181245296974171,4181245297267484,4181245297272171,4181245297279035,4687
1321,"ck_fused_attn::get_runtime_max_seqlen_kernel(unsigned long, int const*, int const*, unsigned long*) [clone .kd]",2,8,1535,1263855,1263855,4096,128,0,0,4,4,32,64,"0x0","0x7f1abba20940",4181245297123954,4181245297272171,4181245297277939,4181245297288449,5768
1322,"__amd_rocclr_copyBuffer.kd",2,8,1536,1263855,1263855,512,512,0,0,16,0,32,64,"0x7f32cafe8800","0x7f2abbf33600",4181245297133068,4181245297277939,4181245297283548,4181245297283672,5609
1323,"__amd_rocclr_fillBufferAligned.kd",2,8,1538,1263855,1263855,256,256,0,0,12,4,48,64,"0x0","0x7f2abbf33580",4181245297300186,4181245297310748,4181245297312751,4181245297352835,2003
1324,"ck_fused_attn::get_runtime_max_seqlen_kernel(unsigned long, int const*, int const*, unsigned long*) [clone .kd]",2,8,1539,1263855,1263855,4096,128,0,0,4,4,32,64,"0x0","0x7f1abba20940",4181245297318974,4181245297327133,4181245297333141,4181245297362980,6008
1325,"__amd_rocclr_copyBuffer.kd",2,8,1540,1263855,1263855,512,512,0,0,16,0,32,64,"0x7f32cafe8700","0x7f2abbf33600",4181245297328879,4181245297338429,4181245297344358,4181245297358152,5929
1326,"void transformer_engine::fused_attn_rocm::compute_scores_kernel<hip_bfloat16, transformer_engine::fused_attn_rocm::SmallSeqConfig<6, 128, 256, false, (transformer_engine::fused_attn_rocm::CausalMaskType)0>, 1>(hip_bfloat16 const*, hip_bfloat16 const*, hip_bfloat16*, float, int const*, int const*, int, int) [clone .kd]",2,8,1542,1263855,1263855,64000,64,0,0,112,0,48,64,"0x0","0x7f02bb54f5c0",4181245297374617,4181245297383897,4181245297413701,4181245297414857,29804
1327,"void transformer_engine::fused_attn_rocm::apply_mask_and_softmax_kernel<hip_bfloat16, transformer_engine::fused_attn_rocm::SmallSeqConfig<6, 128, 256, false, (transformer_engine::fused_attn_rocm::CausalMaskType)0> >(hip_bfloat16*, hip_bfloat16 const*, float, int const*, int, int) [clone .kd]",2,8,1543,1263855,1263855,390144,256,1024,0,12,4,16,64,"0x0","0x7f02bb54f600",4181245297382128,4181245297413701,4181245297418709,4181245297420565,5008
1328,"void transformer_engine::fused_attn_rocm::compute_output_kernel<hip_bfloat16, transformer_engine::fused_attn_rocm::SmallSeqConfig<6, 128, 256, false, (transformer_engine::fused_attn_rocm::CausalMaskType)0>, 2, 8>(hip_bfloat16 const*, hip_bfloat16 const*, hip_bfloat16*, int const*, int const*, int, int) [clone .kd]",2,8,1544,1263855,1263855,512000,64,12288,0,28,4,48,64,"0x0","0x7f02bb54f640",4181245297399884,4181245297418709,4181245297482443,4181245297488957,63734
1329,"loop_broadcast_fusion_5.kd",2,8,1545,1263855,1263855,2048000,256,0,0,4,4,16,64,"0x0","0x7f0abb6c9a40",4181245297408447,4181245297482443,4181245297490696,4181245297504470,8253
1330,"__amd_rocclr_fillBufferAligned.kd",2,8,1546,1263855,1263855,77824,256,0,0,12,4,48,64,"0x0","0x7f2abbf33580",4181245297424591,4181245297490696,4181245297497546,4181245297497650,6850
1331,"__amd_rocclr_fillBufferAligned.kd",2,8,1547,1263855,1263855,77824,256,0,0,12,4,48,64,"0x0","0x7f2abbf33580",4181245297431021,4181245297497546,4181245297515372,4181245297520233,17826
1332,"__amd_rocclr_fillBufferAligned.kd",2,8,1548,1263855,1263855,77824,256,0,0,12,4,48,64,"0x0","0x7f2abbf33580",4181245297440014,4181245297515372,4181245297532558,4181245297536347,17186
1333,"__amd_rocclr_fillBufferAligned.kd",2,8,1549,1263855,1263855,256,256,0,0,12,4,48,64,"0x0","0x7f2abbf33580",4181245297446454,4181245297532558,4181245297537205,4181245297543358,4647
1334,"ck_fused_attn::get_runtime_max_seqlen_kernel(unsigned long, int const*, int const*, unsigned long*) [clone .kd]",2,8,1550,1263855,1263855,4096,128,0,0,4,4,32,64,"0x0","0x7f1abba20940",4181245297452723,4181245297537205,4181245297543134,4181245297547744,5929
1335,"__amd_rocclr_copyBuffer.kd",2,8,1551,1263855,1263855,512,512,0,0,16,0,32,64,"0x7f32cafe8600","0x7f2abbf33600",4181245297460995,4181245297543134,4181245297554551,4181245297554384,11417
1336,"__amd_rocclr_fillBufferAligned.kd",2,8,1553,1263855,1263855,256,256,0,0,12,4,48,64,"0x0","0x7f2abbf33580",4181245297573723,4181245297586879,4181245297588882,4181245297590398,2003
1337,"ck_fused_attn::get_runtime_max_seqlen_kernel(unsigned long, int const*, int const*, unsigned long*) [clone .kd]",2,8,1554,1263855,1263855,4096,128,0,0,4,4,32,64,"0x0","0x7f1abba20940",4181245297584920,4181245297593529,4181245297599658,4181245297600072,6129
1338,"__amd_rocclr_copyBuffer.kd",2,8,1555,1263855,1263855,512,512,0,0,16,0,32,64,"0x7f32cafe8500","0x7f2abbf33600",4181245297592281,4181245297606188,4181245297612717,4181245297615054,6529
1339,"void transformer_engine::fused_attn_rocm::compute_grad_v_kernel<hip_bfloat16, transformer_engine::fused_attn_rocm::SmallSeqConfig<6, 128, 256, false, (transformer_engine::fused_attn_rocm::CausalMaskType)0>, 16, 16>(hip_bfloat16 const*, hip_bfloat16 const*, hip_bfloat16*, int const*, int const*, int, int) [clone .kd]",2,8,1557,1263855,1263855,256000,64,12288,0,32,0,48,64,"0x0","0x7f02bb551100",4181245297631279,4181245297642722,4181245297785694,4181245297785868,142972
1340,"void transformer_engine::fused_attn_rocm::compute_grad_attn_kernel<hip_bfloat16, transformer_engine::fused_attn_rocm::SmallSeqConfig<6, 128, 256, false, (transformer_engine::fused_attn_rocm::CausalMaskType)0>, 16>(hip_bfloat16 const*, hip_bfloat16 const*, hip_bfloat16*, int const*, int const*, int, int) [clone .kd]",2,8,1558,1263855,1263855,8000,64,0,0,116,4,64,64,"0x0","0x7f02bb551140",4181245297640803,4181245297785694,4181245298018561,4181245298018875,232867
1341,"void transformer_engine::fused_attn_rocm::softmax_backward_kernel<hip_bfloat16, transformer_engine::fused_attn_rocm::SmallSeqConfig<6, 128, 256, false, (transformer_engine::fused_attn_rocm::CausalMaskType)0> >(hip_bfloat16 const*, hip_bfloat16 const*, hip_bfloat16*, float, int const*, int, int) [clone .kd]",2,8,1559,1263855,1263855,390144,256,1024,0,16,0,16,64,"0x0","0x7f02bb551180",4181245297658359,4181245298018561,4181245298024490,4181245298027818,5929
1342,"void transformer_engine::fused_attn_rocm::compute_grad_qk_kernel<hip_bfloat16, transformer_engine::fused_attn_rocm::SmallSeqConfig<6, 128, 256, false, (transformer_engine::fused_attn_rocm::CausalMaskType)0>, 4, 16>(hip_bfloat16 const*, hip_bfloat16 const*, hip_bfloat16 const*, hip_bfloat16*, hip_bfloat16*, float, int const*, int const*, int, int) [clone .kd]",2,8,1560,1263855,1263855,1024000,64,12288,0,36,4,48,64,"0x0","0x7f02bb5511c0",4181245297666441,4181245298024490,4181245298190657,4181245298196289,166167
1343,"input_reduce_fusion.kd",2,8,1561,1263855,1263855,524288,256,512,0,16,0,16,64,"0x0","0x7f0abb6c9a80",4181245297674232,4181245298190657,4181245298200592,4181245298204261,9935
1344,"input_reduce_fusion_3.kd",2,8,1562,1263855,1263855,128,128,512,0,24,0,16,64,"0x0","0x7f0abb6c9ac0",4181245297681964,4181245298200592,4181245298205198,4181245298210410,4606
1345,"loop_convert_fusion.kd",2,8,1563,1263855,1263855,1,1,0,0,4,4,16,64,"0x0","0x7f0abb6c9b00",4181245297688654,4181245298205198,4181245298209325,4181245298216439,4127
1346,"input_reduce_reduce_window_fusion_3.kd",2,8,1566,1263855,1263855,9728,256,0,0,28,4,48,64,"0x0","0x7f0abb6c9000",4181245297808462,4181245298221142,4181245298231798,4181245298231661,10656
1347,"loop_reduce_window_fusion_11.kd",2,8,1567,1263855,1263855,1536,256,0,0,8,0,16,64,"0x0","0x7f0abb6c9040",4181245297817886,4181245298231798,4181245298239489,4181245298245212,7691
1348,"loop_slice_fusion_5.kd",2,8,1568,1263855,1263855,6,6,0,0,20,4,16,64,"0x0","0x7f0abb6c9080",4181245297825487,4181245298239489,4181245298244657,4181245298252022,5168
1349,"loop_broadcast_fusion_2.kd",2,8,1569,1263855,1263855,24064,256,0,0,4,4,16,64,"0x0","0x7f0abb6c90c0",4181245297832298,4181245298244657,4181245298249424,4181245298259423,4767
1350,"input_scatter_fusion_2.kd",2,8,1570,1263855,1263855,24064,256,0,0,12,4,32,64,"0x0","0x7f0abb6c9100",4181245297839829,4181245298249424,4181245298256395,4181245298266053,6971
1351,"loop_reduce_window_fusion_10.kd",2,8,1571,1263855,1263855,24064,256,0,0,8,0,16,64,"0x0","0x7f0abb6c9140",4181245297846358,4181245298256395,4181245298261322,4181245298271951,4927
1352,"loop_reduce_window_fusion_11.kd",2,8,1572,1263855,1263855,1536,256,0,0,8,0,16,64,"0x0","0x7f0abb6c9040",4181245297853579,4181245298261322,4181245298266329,4181245298278121,5007
1353,"loop_slice_fusion_4.kd",2,8,1573,1263855,1263855,94,94,0,0,24,0,16,64,"0x0","0x7f0abb6c9180",4181245297860089,4181245298266329,4181245298271617,4181245298284059,5288
1354,"input_reduce_fusion_1.kd",2,8,1574,1263855,1263855,64,64,0,0,8,0,16,64,"0x0","0x7f0abb6c91c0",4181245297867500,4181245298271617,4181245298276344,4181245298290209,4727
1355,"loop_select_fusion_5.kd",2,8,1575,1263855,1263855,24064,256,0,0,8,0,32,64,"0x0","0x7f0abb6c9200",4181245297875121,4181245298276344,4181245298281352,4181245298296358,5008
1356,"loop_select_fusion_2.kd",2,8,1576,1263855,1263855,24064,256,0,0,4,4,16,64,"0x0","0x7f0abb6c9240",4181245297882642,4181245298281352,4181245298286239,4181245298302317,4887
1357,"loop_reduce_window_fusion_10.kd",2,8,1577,1263855,1263855,24064,256,0,0,8,0,16,64,"0x0","0x7f0abb6c9140",4181245297890264,4181245298286239,4181245298291006,4181245298308225,4767
1358,"loop_reduce_window_fusion_11.kd",2,8,1578,1263855,1263855,1536,256,0,0,8,0,16,64,"0x0","0x7f0abb6c9040",4181245297897715,4181245298291006,4181245298295813,4181245298314024,4807
1359,"loop_slice_fusion_5.kd",2,8,1579,1263855,1263855,6,6,0,0,20,4,16,64,"0x0","0x7f0abb6c9080",4181245297904675,4181245298295813,4181245298300540,4181245298319642,4727
1360,"input_concatenate_fusion.kd",2,8,1580,1263855,1263855,24064,256,0,0,12,4,32,64,"0x0","0x7f0abb6c9280",4181245297912337,4181245298300540,4181245298306469,4181245298325481,5929
1361,"input_reduce_reduce_window_fusion.kd",2,8,1581,1263855,1263855,11264,256,0,0,36,4,48,64,"0x0","0x7f0abb6c92c0",4181245297918726,4181245298306469,4181245298317125,4181245298337399,10656
1362,"loop_reduce_window_fusion_2.kd",2,8,1582,1263855,1263855,1792,256,0,0,8,0,16,64,"0x0","0x7f0abb6c9300",4181245297926367,4181245298317125,4181245298322453,4181245298343187,5328
1363,"loop_slice_fusion_7.kd",2,8,1583,1263855,1263855,7,7,0,0,20,4,16,64,"0x0","0x7f0abb6c9340",4181245297932707,4181245298322453,4181245298327100,4181245298348986,4647
1364,"loop_broadcast_fusion.kd",2,8,1584,1263855,1263855,28160,256,0,0,4,4,16,64,"0x0","0x7f0abb6c9380",4181245297940258,4181245298327100,4181245298332187,4181245298355736,5087
1365,"input_scatter_fusion.kd",2,8,1585,1263855,1263855,28160,256,0,0,12,4,32,64,"0x0","0x7f0abb6c93c0",4181245297947409,4181245298332187,4181245298339358,4181245298362436,7171
1366,"loop_reduce_window_fusion_1.kd",2,8,1586,1263855,1263855,28160,256,0,0,8,0,16,64,"0x0","0x7f0abb6c9400",4181245297955240,4181245298339358,4181245298344205,4181245298397728,4847
1367,"loop_reduce_window_fusion_2.kd",2,8,1587,1263855,1263855,1792,256,0,0,8,0,16,64,"0x0","0x7f0abb6c9300",4181245297961670,4181245298344205,4181245298349293,4181245298392180,5088
1368,"loop_slice_fusion_7.kd",2,8,1588,1263855,1263855,7,7,0,0,20,4,16,64,"0x0","0x7f0abb6c9340",4181245297968130,4181245298349293,4181245298353980,4181245298386602,4687
1369,"loop_slice_fusion_3.kd",2,8,1589,1263855,1263855,110,110,0,0,8,0,16,64,"0x0","0x7f0abb6c9440",4181245297975450,4181245298353980,4181245298358747,4181245298380823,4767
1370,"input_reduce_fusion_2.kd",2,8,1590,1263855,1263855,64,64,0,0,8,0,16,64,"0x0","0x7f0abb6c9480",4181245297982351,4181245298358747,4181245298363474,4181245298374434,4727
1371,"loop_select_fusion_4.kd",2,8,1591,1263855,1263855,28160,256,0,0,8,0,32,64,"0x0","0x7f0abb6c94c0",4181245297989642,4181245298363474,4181245298368481,4181245298368765,5007
1372,"loop_select_fusion.kd",2,8,1592,1263855,1263855,28160,256,0,0,8,0,16,64,"0x0","0x7f0abb6c9500",4181245297996321,4181245298368481,4181245298373449,4181245298424268,4968
1373,"loop_compare_fusion_1.kd",2,8,1593,1263855,1263855,4096,256,0,0,4,4,16,64,"0x0","0x7f0abb6c9540",4181245298003232,4181245298373449,4181245298378216,4181245298575443,4767
1374,"input_reduce_reduce_window_fusion_2.kd",2,8,1594,1263855,1263855,256,256,512,0,20,4,32,64,"0x0","0x7f0abb6c9580",4181245298010653,4181245298378216,4181245298394320,4181245298407263,16104
1375,"loop_slice_fusion_1.kd",2,8,1595,1263855,1263855,16,16,0,0,20,4,16,64,"0x0","0x7f0abb6c95c0",4181245298017453,4181245298394320,4181245298399087,4181245298432971,4767
1376,"loop_broadcast_fusion_3.kd",2,8,1596,1263855,1263855,4096,256,0,0,4,4,16,64,"0x0","0x7f0abb6c9600",4181245298042470,4181245298399087,4181245298404054,4181245298439440,4967
1377,"input_scatter_fusion_3.kd",2,8,1597,1263855,1263855,4096,256,0,0,8,0,32,64,"0x0","0x7f0abb6c9640",4181245298050352,4181245298404054,4181245298410263,4181245298445610,6209
1378,"loop_reduce_window_fusion_13.kd",2,8,1598,1263855,1263855,4096,256,0,0,8,0,16,64,"0x0","0x7f0abb6c9680",4181245298057302,4181245298410263,4181245298415030,4181245298451338,4767
1379,"loop_slice_fusion_1.kd",2,8,1599,1263855,1263855,16,16,0,0,20,4,16,64,"0x0","0x7f0abb6c95c0",4181245298064743,4181245298415030,4181245298419757,4181245298457317,4727
1380,"loop_remainder_fusion.kd",2,8,1600,1263855,1263855,4096,256,0,0,12,4,16,64,"0x0","0x7f0abb6c96c0",4181245298071824,4181245298419757,4181245298425726,4181245298463136,5969
1381,"loop_select_fusion_3.kd",2,8,1601,1263855,1263855,4096,256,0,0,8,0,32,64,"0x0","0x7f0abb6c9700",4181245298079886,4181245298425726,4181245298430533,4181245298468784,4807
1382,"loop_reduce_window_fusion_13.kd",2,8,1602,1263855,1263855,4096,256,0,0,8,0,16,64,"0x0","0x7f0abb6c9680",4181245298087377,4181245298430533,4181245298435341,4181245298474412,4808
1383,"loop_slice_fusion_1.kd",2,8,1603,1263855,1263855,16,16,0,0,20,4,16,64,"0x0","0x7f0abb6c95c0",4181245298093596,4181245298435341,4181245298440028,4181245298480401,4687
1384,"input_concatenate_fusion_1.kd",2,8,1604,1263855,1263855,4096,256,0,0,8,0,32,64,"0x0","0x7f0abb6c9740",4181245298101037,4181245298440028,4181245298445796,4181245298486410,5768
1385,"loop_compare_fusion.kd",2,8,1605,1263855,1263855,8192,256,0,0,4,4,16,64,"0x0","0x7f0abb6c9780",4181245298107978,4181245298445796,4181245298450724,4181245298492549,4928
1386,"input_reduce_reduce_window_fusion_1.kd",2,8,1606,1263855,1263855,512,512,512,0,20,4,48,64,"0x0","0x7f0abb6c97c0",4181245298115909,4181245298450724,4181245298468470,4181245298498628,17746
1387,"loop_reduce_window_fusion_6.kd",2,8,1607,1263855,1263855,32,32,0,0,32,0,16,64,"0x0","0x7f0abb6c9800",4181245298123561,4181245298468470,4181245298477403,4181245298505689,8933
1388,"loop_broadcast_fusion_1.kd",2,8,1608,1263855,1263855,8192,256,0,0,4,4,16,64,"0x0","0x7f0abb6c9840",4181245298130501,4181245298477403,4181245298482451,4181245298511407,5048
1389,"input_scatter_fusion_1.kd",2,8,1609,1263855,1263855,8192,256,0,0,8,0,32,64,"0x0","0x7f0abb6c9880",4181245298137742,4181245298482451,4181245298487979,4181245298517316,5528
1390,"loop_reduce_window_fusion_5.kd",2,8,1610,1263855,1263855,8192,256,0,0,8,0,16,64,"0x0","0x7f0abb6c98c0",4181245298145734,4181245298487979,4181245298493026,4181245298523185,5047
1391,"loop_reduce_window_fusion_4.kd",2,8,1611,1263855,1263855,512,256,0,0,8,0,16,64,"0x0","0x7f0abb6c9900",4181245298151943,4181245298493026,4181245298498274,4181245298552589,5248
1392,"loop_reduce_window_fusion_3.kd",2,8,1612,1263855,1263855,32,32,0,0,8,0,16,64,"0x0","0x7f0abb6c9940",4181245298158783,4181245298498274,4181245298503081,4181245298558107,4807
1393,"loop_select_fusion_6.kd",2,8,1613,1263855,1263855,8192,256,0,0,8,0,32,64,"0x0","0x7f0abb6c9980",4181245298166875,4181245298503081,4181245298508169,4181245298564116,5088
1394,"loop_select_fusion_1.kd",2,8,1614,1263855,1263855,8192,256,0,0,8,0,16,64,"0x0","0x7f0abb6c99c0",4181245298173785,4181245298508169,4181245298513096,4181245298569814,4927
1395,"loop_broadcast_fusion_4.kd",2,8,1615,1263855,1263855,16,16,0,0,4,4,16,64,"0x0","0x7f0abb6c9a00",4181245298181687,4181245298513096,4181245298518104,4181245298529284,5008
1396,"__amd_rocclr_fillBufferAligned.kd",2,8,1616,1263855,1263855,77824,256,0,0,12,4,48,64,"0x0","0x7f2abbf33580",4181245298193375,4181245298518104,4181245298531484,4181245298535013,13380
1397,"__amd_rocclr_fillBufferAligned.kd",2,8,1617,1263855,1263855,16128,256,0,0,12,4,48,64,"0x0","0x7f2abbf33580",4181245298198933,4181245298531484,4181245298536491,4181245298546900,5007
1398,"transformer_engine::fused_attn_rocm::populate_rng_state_kernel(long*, long const*, long) [clone .kd]",2,8,1618,1263855,1263855,1,1,0,0,8,0,16,64,"0x0","0x7f1abba31380",4181245298233013,4181245298536491,4181245298541338,4181245298541142,4847
1399,"__amd_rocclr_fillBufferAligned.kd",2,8,1619,1263855,1263855,256,256,0,0,12,4,48,64,"0x0","0x7f2abbf33580",4181245298244481,4181245298541338,4181245298546025,4181245298585227,4687
1400,"ck_fused_attn::get_runtime_max_seqlen_kernel(unsigned long, int const*, int const*, unsigned long*) [clone .kd]",2,8,1620,1263855,1263855,4096,128,0,0,4,4,32,64,"0x0","0x7f1abba20940",4181245298421504,4181245298546025,4181245298550872,4181245298590265,4847
1401,"__amd_rocclr_copyBuffer.kd",2,8,1621,1263855,1263855,512,512,0,0,16,0,32,64,"0x7f32cafe8300","0x7f2abbf33600",4181245298432029,4181245298593896,4181245298600346,4181245298606168,6450
1402,"__amd_rocclr_fillBufferAligned.kd",2,8,1623,1263855,1263855,256,256,0,0,12,4,48,64,"0x0","0x7f2abbf33580",4181245298625417,4181245298637041,4181245298639124,4181245298673368,2083
1403,"ck_fused_attn::get_runtime_max_seqlen_kernel(unsigned long, int const*, int const*, unsigned long*) [clone .kd]",2,8,1624,1263855,1263855,4096,128,0,0,4,4,32,64,"0x0","0x7f1abba20940",4181245298643784,4181245298651702,4181245298661237,4181245298683814,9535
1404,"__amd_rocclr_copyBuffer.kd",2,8,1625,1263855,1263855,512,512,0,0,16,0,32,64,"0x7f32cafe8200","0x7f2abbf33600",4181245298650905,4181245298661237,4181245298666404,4181245298679077,5167
1405,"void transformer_engine::fused_attn_rocm::compute_scores_kernel<hip_bfloat16, transformer_engine::fused_attn_rocm::SmallSeqConfig<6, 128, 256, false, (transformer_engine::fused_attn_rocm::CausalMaskType)0>, 1>(hip_bfloat16 const*, hip_bfloat16 const*, hip_bfloat16*, float, int const*, int const*, int, int) [clone .kd]",2,8,1627,1263855,1263855,64000,64,0,0,112,0,48,64,"0x0","0x7f02bb54f5c0",4181245298694380,4181245298703459,4181245298732783,4181245298733338,29324
1406,"void transformer_engine::fused_attn_rocm::apply_mask_and_softmax_kernel<hip_bfloat16, transformer_engine::fused_attn_rocm::SmallSeqConfig<6, 128, 256, false, (transformer_engine::fused_attn_rocm::CausalMaskType)0> >(hip_bfloat16*, hip_bfloat16 const*, float, int const*, int, int) [clone .kd]",2,8,1628,1263855,1263855,390144,256,1024,0,12,4,16,64,"0x0","0x7f02bb54f600",4181245298701781,4181245298732783,4181245298737871,4181245298739036,5088
1407,"void transformer_engine::fused_attn_rocm::compute_output_kernel<hip_bfloat16, transformer_engine::fused_attn_rocm::SmallSeqConfig<6, 128, 256, false, (transformer_engine::fused_attn_rocm::CausalMaskType)0>, 2, 8>(hip_bfloat16 const*, hip_bfloat16 const*, hip_bfloat16*, int const*, int const*, int, int) [clone .kd]",2,8,1629,1263855,1263855,512000,64,12288,0,28,4,48,64,"0x0","0x7f02bb54f640",4181245298709853,4181245298737871,4181245298802647,4181245298806877,64776
1408,"loop_broadcast_fusion_5.kd",2,8,1630,1263855,1263855,2048000,256,0,0,4,4,16,64,"0x0","0x7f0abb6c9a40",4181245298726407,4181245298802647,4181245298810939,4181245298815099,8292
1409,"__amd_rocclr_fillBufferAligned.kd",2,8,1631,1263855,1263855,77824,256,0,0,12,4,48,64,"0x0","0x7f2abbf33580",4181245298739336,4181245298810939,4181245298817709,4181245298819846,6770
1410,"__amd_rocclr_fillBufferAligned.kd",2,8,1632,1263855,1263855,77824,256,0,0,12,4,48,64,"0x0","0x7f2abbf33580",4181245298753267,4181245298817709,4181245298835255,4181245298835249,17546
1411,"__amd_rocclr_fillBufferAligned.kd",2,8,1633,1263855,1263855,77824,256,0,0,12,4,48,64,"0x0","0x7f2abbf33580",4181245298760698,4181245298835255,4181245298853202,4181245298864523,17947
1412,"__amd_rocclr_fillBufferAligned.kd",2,8,1634,1263855,1263855,256,256,0,0,12,4,48,64,"0x0","0x7f2abbf33580",4181245298768600,4181245298853202,4181245298857769,4181245298859325,4567
1413,"ck_fused_attn::get_runtime_max_seqlen_kernel(unsigned long, int const*, int const*, unsigned long*) [clone .kd]",2,8,1635,1263855,1263855,4096,128,0,0,4,4,32,64,"0x0","0x7f1abba20940",4181245298774949,4181245298857769,4181245298863738,4181245298875940,5969
1414,"__amd_rocclr_copyBuffer.kd",2,8,1636,1263855,1263855,512,512,0,0,16,0,32,64,"0x7f32cae73880","0x7f2abbf33600",4181245298783412,4181245298863738,4181245298869266,4181245298870952,5528
1415,"__amd_rocclr_fillBufferAligned.kd",2,8,1638,1263855,1263855,256,256,0,0,12,4,48,64,"0x0","0x7f2abbf33580",4181245298891873,4181245298900793,4181245298902956,4181245298909219,2163
1416,"ck_fused_attn::get_runtime_max_seqlen_kernel(unsigned long, int const*, int const*, unsigned long*) [clone .kd]",2,8,1639,1263855,1263855,4096,128,0,0,4,4,32,64,"0x0","0x7f1abba20940",4181245298900206,4181245298909045,4181245298914934,4181245298918783,5889
1417,"__amd_rocclr_copyBuffer.kd",2,8,1640,1263855,1263855,512,512,0,0,16,0,32,64,"0x7f32cafea000","0x7f2abbf33600",4181245298907567,4181245298925750,4181245298932560,4181245298934106,6810
1418,"void transformer_engine::fused_attn_rocm::compute_grad_v_kernel<hip_bfloat16, transformer_engine::fused_attn_rocm::SmallSeqConfig<6, 128, 256, false, (transformer_engine::fused_attn_rocm::CausalMaskType)0>, 16, 16>(hip_bfloat16 const*, hip_bfloat16 const*, hip_bfloat16*, int const*, int const*, int, int) [clone .kd]",2,8,1642,1263855,1263855,256000,64,12288,0,32,0,48,64,"0x0","0x7f02bb551100",4181245298949199,4181245298960361,4181245299094681,4181245299103478,134320
1419,"void transformer_engine::fused_attn_rocm::compute_grad_attn_kernel<hip_bfloat16, transformer_engine::fused_attn_rocm::SmallSeqConfig<6, 128, 256, false, (transformer_engine::fused_attn_rocm::CausalMaskType)0>, 16>(hip_bfloat16 const*, hip_bfloat16 const*, hip_bfloat16*, int const*, int const*, int, int) [clone .kd]",2,8,1643,1263855,1263855,8000,64,0,0,116,4,64,64,"0x0","0x7f02bb551140",4181245298958943,4181245299094681,4181245299327748,4181245299329594,233067
1420,"void transformer_engine::fused_attn_rocm::softmax_backward_kernel<hip_bfloat16, transformer_engine::fused_attn_rocm::SmallSeqConfig<6, 128, 256, false, (transformer_engine::fused_attn_rocm::CausalMaskType)0> >(hip_bfloat16 const*, hip_bfloat16 const*, hip_bfloat16*, float, int const*, int, int) [clone .kd]",2,8,1644,1263855,1263855,390144,256,1024,0,16,0,16,64,"0x0","0x7f02bb551180",4181245298969308,4181245299327748,4181245299333516,4181245299337396,5768
1421,"void transformer_engine::fused_attn_rocm::compute_grad_qk_kernel<hip_bfloat16, transformer_engine::fused_attn_rocm::SmallSeqConfig<6, 128, 256, false, (transformer_engine::fused_attn_rocm::CausalMaskType)0>, 4, 16>(hip_bfloat16 const*, hip_bfloat16 const*, hip_bfloat16 const*, hip_bfloat16*, hip_bfloat16*, float, int const*, int const*, int, int) [clone .kd]",2,8,1645,1263855,1263855,1024000,64,12288,0,36,4,48,64,"0x0","0x7f02bb5511c0",4181245298978422,4181245299333516,4181245299496038,4181245299509091,162522
1422,"input_reduce_fusion.kd",2,8,1646,1263855,1263855,524288,256,512,0,16,0,16,64,"0x0","0x7f0abb6c9a80",4181245298986574,4181245299496038,4181245299505532,4181245299517053,9494
1423,"input_reduce_fusion_3.kd",2,8,1647,1263855,1263855,128,128,512,0,24,0,16,64,"0x0","0x7f0abb6c9ac0",4181245298993204,4181245299505532,4181245299511541,4181245299523112,6009
1424,"loop_convert_fusion.kd",2,8,1648,1263855,1263855,1,1,0,0,4,4,16,64,"0x0","0x7f0abb6c9b00",4181245298999353,4181245299511541,4181245299517029,4181245299528981,5488
1425,"input_reduce_reduce_window_fusion_3.kd",2,8,1651,1263855,1263855,9728,256,0,0,28,4,48,64,"0x0","0x7f0abb6c9000",4181245299117699,4181245299528647,4181245299539262,4181245299540077,10615
1426,"loop_reduce_window_fusion_11.kd",2,8,1652,1263855,1263855,1536,256,0,0,8,0,16,64,"0x0","0x7f0abb6c9040",4181245299126422,4181245299539262,4181245299546513,4181245299552996,7251
1427,"loop_slice_fusion_5.kd",2,8,1653,1263855,1263855,6,6,0,0,20,4,16,64,"0x0","0x7f0abb6c9080",4181245299134334,4181245299546513,4181245299551400,4181245299565415,4887
1428,"loop_broadcast_fusion_2.kd",2,8,1654,1263855,1263855,24064,256,0,0,4,4,16,64,"0x0","0x7f0abb6c90c0",4181245299141064,4181245299551400,4181245299556168,4181245299571194,4768
1429,"input_scatter_fusion_2.kd",2,8,1655,1263855,1263855,24064,256,0,0,12,4,32,64,"0x0","0x7f0abb6c9100",4181245299148365,4181245299556168,4181245299563378,4181245299578735,7210
1430,"loop_reduce_window_fusion_10.kd",2,8,1656,1263855,1263855,24064,256,0,0,8,0,16,64,"0x0","0x7f0abb6c9140",4181245299155575,4181245299563378,4181245299568426,4181245299584784,5048
1431,"loop_reduce_window_fusion_11.kd",2,8,1657,1263855,1263855,1536,256,0,0,8,0,16,64,"0x0","0x7f0abb6c9040",4181245299162556,4181245299568426,4181245299573273,4181245299591033,4847
1432,"loop_slice_fusion_4.kd",2,8,1658,1263855,1263855,94,94,0,0,24,0,16,64,"0x0","0x7f0abb6c9180",4181245299169326,4181245299573273,4181245299578601,4181245299596772,5328
1433,"input_reduce_fusion_1.kd",2,8,1659,1263855,1263855,64,64,0,0,8,0,16,64,"0x0","0x7f0abb6c91c0",4181245299176016,4181245299578601,4181245299583288,4181245299602740,4687
1434,"loop_select_fusion_5.kd",2,8,1660,1263855,1263855,24064,256,0,0,8,0,32,64,"0x0","0x7f0abb6c9200",4181245299183267,4181245299583288,4181245299588375,4181245299608829,5087
1435,"loop_select_fusion_2.kd",2,8,1661,1263855,1263855,24064,256,0,0,4,4,16,64,"0x0","0x7f0abb6c9240",4181245299190207,4181245299588375,4181245299593263,4181245299614668,4888
1436,"loop_reduce_window_fusion_10.kd",2,8,1662,1263855,1263855,24064,256,0,0,8,0,16,64,"0x0","0x7f0abb6c9140",4181245299196626,4181245299593263,4181245299597950,4181245299620337,4687
1437,"loop_reduce_window_fusion_11.kd",2,8,1663,1263855,1263855,1536,256,0,0,8,0,16,64,"0x0","0x7f0abb6c9040",4181245299204148,4181245299597950,4181245299602797,4181245299626325,4847
1438,"loop_slice_fusion_5.kd",2,8,1664,1263855,1263855,6,6,0,0,20,4,16,64,"0x0","0x7f0abb6c9080",4181245299211258,4181245299602797,4181245299607484,4181245299631864,4687
1439,"input_concatenate_fusion.kd",2,8,1665,1263855,1263855,24064,256,0,0,12,4,32,64,"0x0","0x7f0abb6c9280",4181245299218399,4181245299607484,4181245299613413,4181245299637442,5929
1440,"input_reduce_reduce_window_fusion.kd",2,8,1666,1263855,1263855,11264,256,0,0,36,4,48,64,"0x0","0x7f0abb6c92c0",4181245299224738,4181245299613413,4181245299623668,4181245299643541,10255
1441,"loop_reduce_window_fusion_2.kd",2,8,1667,1263855,1263855,1792,256,0,0,8,0,16,64,"0x0","0x7f0abb6c9300",4181245299231739,4181245299623668,4181245299628836,4181245299651593,5168
1442,"loop_slice_fusion_7.kd",2,8,1668,1263855,1263855,7,7,0,0,20,4,16,64,"0x0","0x7f0abb6c9340",4181245299237948,4181245299628836,4181245299633563,4181245299657953,4727
1443,"loop_broadcast_fusion.kd",2,8,1669,1263855,1263855,28160,256,0,0,4,4,16,64,"0x0","0x7f0abb6c9380",4181245299245369,4181245299633563,4181245299638610,4181245299663881,5047
1444,"input_scatter_fusion.kd",2,8,1670,1263855,1263855,28160,256,0,0,12,4,32,64,"0x0","0x7f0abb6c93c0",4181245299252540,4181245299638610,4181245299645821,4181245299669610,7211
1445,"loop_reduce_window_fusion_1.kd",2,8,1671,1263855,1263855,28160,256,0,0,8,0,16,64,"0x0","0x7f0abb6c9400",4181245299259570,4181245299645821,4181245299650708,4181245299703661,4887
1446,"loop_reduce_window_fusion_2.kd",2,8,1672,1263855,1263855,1792,256,0,0,8,0,16,64,"0x0","0x7f0abb6c9300",4181245299266300,4181245299650708,4181245299655756,4181245299698473,5048
1447,"loop_slice_fusion_7.kd",2,8,1673,1263855,1263855,7,7,0,0,20,4,16,64,"0x0","0x7f0abb6c9340",4181245299272890,4181245299655756,4181245299660523,4181245299692714,4767
1448,"loop_slice_fusion_3.kd",2,8,1674,1263855,1263855,110,110,0,0,8,0,16,64,"0x0","0x7f0abb6c9440",4181245299280061,4181245299660523,4181245299665290,4181245299687076,4767
1449,"input_reduce_fusion_2.kd",2,8,1675,1263855,1263855,64,64,0,0,8,0,16,64,"0x0","0x7f0abb6c9480",4181245299287422,4181245299665290,4181245299669977,4181245299681377,4687
1450,"loop_select_fusion_4.kd",2,8,1676,1263855,1263855,28160,256,0,0,8,0,32,64,"0x0","0x7f0abb6c94c0",4181245299294692,4181245299669977,4181245299675024,4181245299675629,5047
1451,"loop_select_fusion.kd",2,8,1677,1263855,1263855,28160,256,0,0,8,0,16,64,"0x0","0x7f0abb6c9500",4181245299301743,4181245299675024,4181245299679992,4181245299726054,4968
1452,"loop_compare_fusion_1.kd",2,8,1678,1263855,1263855,4096,256,0,0,4,4,16,64,"0x0","0x7f0abb6c9540",4181245299308463,4181245299679992,4181245299684799,4181245299733104,4807
1453,"input_reduce_reduce_window_fusion_2.kd",2,8,1679,1263855,1263855,256,256,512,0,20,4,32,64,"0x0","0x7f0abb6c9580",4181245299315343,4181245299684799,4181245299700903,4181245299719724,16104
1454,"loop_slice_fusion_1.kd",2,8,1680,1263855,1263855,16,16,0,0,20,4,16,64,"0x0","0x7f0abb6c95c0",4181245299323145,4181245299700903,4181245299705630,4181245299713715,4727
1455,"loop_broadcast_fusion_3.kd",2,8,1681,1263855,1263855,4096,256,0,0,4,4,16,64,"0x0","0x7f0abb6c9600",4181245299330045,4181245299705630,4181245299710597,4181245299738663,4967
1456,"input_scatter_fusion_3.kd",2,8,1682,1263855,1263855,4096,256,0,0,8,0,32,64,"0x0","0x7f0abb6c9640",4181245299351827,4181245299710597,4181245299716967,4181245299744531,6370
1457,"loop_reduce_window_fusion_13.kd",2,8,1683,1263855,1263855,4096,256,0,0,8,0,16,64,"0x0","0x7f0abb6c9680",4181245299359318,4181245299716967,4181245299721814,4181245299750480,4847
1458,"loop_slice_fusion_1.kd",2,8,1684,1263855,1263855,16,16,0,0,20,4,16,64,"0x0","0x7f0abb6c95c0",4181245299366189,4181245299721814,4181245299726541,4181245299756279,4727
1459,"loop_remainder_fusion.kd",2,8,1685,1263855,1263855,4096,256,0,0,12,4,16,64,"0x0","0x7f0abb6c96c0",4181245299373600,4181245299726541,4181245299732470,4181245299762157,5929
1460,"loop_select_fusion_3.kd",2,8,1686,1263855,1263855,4096,256,0,0,8,0,32,64,"0x0","0x7f0abb6c9700",4181245299381331,4181245299732470,4181245299737317,4181245299767946,4847
1461,"loop_reduce_window_fusion_13.kd",2,8,1687,1263855,1263855,4096,256,0,0,8,0,16,64,"0x0","0x7f0abb6c9680",4181245299388602,4181245299737317,4181245299742124,4181245299773835,4807
1462,"loop_slice_fusion_1.kd",2,8,1688,1263855,1263855,16,16,0,0,20,4,16,64,"0x0","0x7f0abb6c95c0",4181245299395883,4181245299742124,4181245299746851,4181245299779684,4727
1463,"input_concatenate_fusion_1.kd",2,8,1689,1263855,1263855,4096,256,0,0,8,0,32,64,"0x0","0x7f0abb6c9740",4181245299402953,4181245299746851,4181245299752900,4181245299785572,6049
1464,"loop_compare_fusion.kd",2,8,1690,1263855,1263855,8192,256,0,0,4,4,16,64,"0x0","0x7f0abb6c9780",4181245299410314,4181245299752900,4181245299757908,4181245299791381,5008
1465,"input_reduce_reduce_window_fusion_1.kd",2,8,1691,1263855,1263855,512,512,512,0,20,4,48,64,"0x0","0x7f0abb6c97c0",4181245299417305,4181245299757908,4181245299775173,4181245299797220,17265
1466,"loop_reduce_window_fusion_6.kd",2,8,1692,1263855,1263855,32,32,0,0,32,0,16,64,"0x0","0x7f0abb6c9800",4181245299424015,4181245299775173,4181245299785989,4181245299805111,10816
1467,"loop_broadcast_fusion_1.kd",2,8,1693,1263855,1263855,8192,256,0,0,4,4,16,64,"0x0","0x7f0abb6c9840",4181245299431596,4181245299785989,4181245299791037,4181245299811060,5048
1468,"input_scatter_fusion_1.kd",2,8,1694,1263855,1263855,8192,256,0,0,8,0,32,64,"0x0","0x7f0abb6c9880",4181245299439257,4181245299791037,4181245299796365,4181245299816959,5328
1469,"loop_reduce_window_fusion_5.kd",2,8,1695,1263855,1263855,8192,256,0,0,8,0,16,64,"0x0","0x7f0abb6c98c0",4181245299446148,4181245299796365,4181245299801452,4181245299822577,5087
1470,"loop_reduce_window_fusion_4.kd",2,8,1696,1263855,1263855,512,256,0,0,8,0,16,64,"0x0","0x7f0abb6c9900",4181245299453078,4181245299801452,4181245299806700,4181245299828035,5248
1471,"loop_reduce_window_fusion_3.kd",2,8,1697,1263855,1263855,32,32,0,0,8,0,16,64,"0x0","0x7f0abb6c9940",4181245299460429,4181245299806700,4181245299811507,4181245299851100,4807
1472,"loop_select_fusion_6.kd",2,8,1698,1263855,1263855,8192,256,0,0,8,0,32,64,"0x0","0x7f0abb6c9980",4181245299468401,4181245299811507,4181245299816555,4181245299856308,5048
1473,"loop_select_fusion_1.kd",2,8,1699,1263855,1263855,8192,256,0,0,8,0,16,64,"0x0","0x7f0abb6c99c0",4181245299475992,4181245299816555,4181245299821442,4181245299845481,4887
1474,"loop_broadcast_fusion_4.kd",2,8,1700,1263855,1263855,16,16,0,0,4,4,16,64,"0x0","0x7f0abb6c9a00",4181245299483864,4181245299821442,4181245299826490,4181245299833894,5048
1475,"__amd_rocclr_fillBufferAligned.kd",2,8,1701,1263855,1263855,77824,256,0,0,12,4,48,64,"0x0","0x7f2abbf33580",4181245299494970,4181245299826490,4181245299840110,4181245299839873,13620
1476,"__amd_rocclr_fillBufferAligned.kd",2,8,1702,1263855,1263855,16128,256,0,0,12,4,48,64,"0x0","0x7f2abbf33580",4181245299501310,4181245299840110,4181245299845117,4181245299881715,5007
1477,"transformer_engine::fused_attn_rocm::populate_rng_state_kernel(long*, long const*, long) [clone .kd]",2,8,1703,1263855,1263855,1,1,0,0,8,0,16,64,"0x0","0x7f1abba31380",4181245299509882,4181245299845117,4181245299850005,4181245299877118,4888
1478,"__amd_rocclr_fillBufferAligned.kd",2,8,1704,1263855,1263855,256,256,0,0,12,4,48,64,"0x0","0x7f2abbf33580",4181245299549692,4181245299850005,4181245299854611,4181245299870238,4606
1479,"ck_fused_attn::get_runtime_max_seqlen_kernel(unsigned long, int const*, int const*, unsigned long*) [clone .kd]",2,8,1705,1263855,1263855,4096,128,0,0,4,4,32,64,"0x0","0x7f1abba20940",4181245299558294,4181245299854611,4181245299859459,4181245299864490,4848
1480,"__amd_rocclr_copyBuffer.kd",2,8,1706,1263855,1263855,512,512,0,0,16,0,32,64,"0x7f32cafe9e00","0x7f2abbf33600",4181245299718422,4181245299871276,4181245299877846,4181245299887955,6570
1481,"__amd_rocclr_fillBufferAligned.kd",2,8,1708,1263855,1263855,256,256,0,0,12,4,48,64,"0x0","0x7f2abbf33580",4181245299923497,4181245299933248,4181245299935091,4181245299964048,1843
1482,"ck_fused_attn::get_runtime_max_seqlen_kernel(unsigned long, int const*, int const*, unsigned long*) [clone .kd]",2,8,1709,1263855,1263855,4096,128,0,0,4,4,32,64,"0x0","0x7f1abba20940",4181245299933953,4181245299943544,4181245299949232,4181245299974213,5688
1483,"__amd_rocclr_copyBuffer.kd",2,8,1710,1263855,1263855,512,512,0,0,16,0,32,64,"0x7f32cae72e80","0x7f2abbf33600",4181245299944469,4181245299953999,4181245299959968,4181245299969205,5969
1484,"void transformer_engine::fused_attn_rocm::compute_scores_kernel<hip_bfloat16, transformer_engine::fused_attn_rocm::SmallSeqConfig<6, 128, 256, false, (transformer_engine::fused_attn_rocm::CausalMaskType)0>, 1>(hip_bfloat16 const*, hip_bfloat16 const*, hip_bfloat16*, float, int const*, int const*, int, int) [clone .kd]",2,8,1712,1263855,1263855,64000,64,0,0,112,0,48,64,"0x0","0x7f02bb54f5c0",4181245299985930,4181245299995020,4181245300024063,4181245300024848,29043
1485,"void transformer_engine::fused_attn_rocm::apply_mask_and_softmax_kernel<hip_bfloat16, transformer_engine::fused_attn_rocm::SmallSeqConfig<6, 128, 256, false, (transformer_engine::fused_attn_rocm::CausalMaskType)0> >(hip_bfloat16*, hip_bfloat16 const*, float, int const*, int, int) [clone .kd]",2,8,1713,1263855,1263855,390144,256,1024,0,12,4,16,64,"0x0","0x7f02bb54f600",4181245299993411,4181245300024063,4181245300029111,4181245300030396,5048
1486,"void transformer_engine::fused_attn_rocm::compute_output_kernel<hip_bfloat16, transformer_engine::fused_attn_rocm::SmallSeqConfig<6, 128, 256, false, (transformer_engine::fused_attn_rocm::CausalMaskType)0>, 2, 8>(hip_bfloat16 const*, hip_bfloat16 const*, hip_bfloat16*, int const*, int const*, int, int) [clone .kd]",2,8,1714,1263855,1263855,512000,64,12288,0,28,4,48,64,"0x0","0x7f02bb54f640",4181245300008253,4181245300029111,4181245300092004,4181245300092989,62893
1487,"loop_broadcast_fusion_5.kd",2,8,1715,1263855,1263855,2048000,256,0,0,4,4,16,64,"0x0","0x7f0abb6c9a40",4181245300016185,4181245300092004,4181245300100217,4181245300101102,8213
1488,"__amd_rocclr_fillBufferAligned.kd",2,8,1716,1263855,1263855,77824,256,0,0,12,4,48,64,"0x0","0x7f2abbf33580",4181245300030236,4181245300100217,4181245300107067,4181245300107671,6850
1489,"__amd_rocclr_fillBufferAligned.kd",2,8,1717,1263855,1263855,77824,256,0,0,12,4,48,64,"0x0","0x7f2abbf33580",4181245300043125,4181245300107067,4181245300124733,4181245300132568,17666
1490,"__amd_rocclr_fillBufferAligned.kd",2,8,1718,1263855,1263855,77824,256,0,0,12,4,48,64,"0x0","0x7f2abbf33580",4181245300050667,4181245300124733,4181245300142479,4181245300152889,17746
1491,"__amd_rocclr_fillBufferAligned.kd",2,8,1719,1263855,1263855,256,256,0,0,12,4,48,64,"0x0","0x7f2abbf33580",4181245300059810,4181245300142479,4181245300147086,4181245300148272,4607
1492,"ck_fused_attn::get_runtime_max_seqlen_kernel(unsigned long, int const*, int const*, unsigned long*) [clone .kd]",2,8,1720,1263855,1263855,4096,128,0,0,4,4,32,64,"0x0","0x7f1abba20940",4181245300066290,4181245300147086,4181245300152975,4181245300164987,5889
1493,"__amd_rocclr_copyBuffer.kd",2,8,1721,1263855,1263855,512,512,0,0,16,0,32,64,"0x7f32cafe9c00","0x7f2abbf33600",4181245300074141,4181245300152975,4181245300158583,4181245300159639,5608
1494,"__amd_rocclr_fillBufferAligned.kd",2,8,1723,1263855,1263855,256,256,0,0,12,4,48,64,"0x0","0x7f2abbf33580",4181245300175072,4181245300185103,4181245300187226,4181245300190945,2123
1495,"ck_fused_attn::get_runtime_max_seqlen_kernel(unsigned long, int const*, int const*, unsigned long*) [clone .kd]",2,8,1724,1263855,1263855,4096,128,0,0,4,4,32,64,"0x0","0x7f1abba20940",4181245300183063,4181245300194196,4181245300202489,4181245300213499,8293
1496,"__amd_rocclr_copyBuffer.kd",2,8,1725,1263855,1263855,512,512,0,0,16,0,32,64,"0x7f32cafe9b00","0x7f2abbf33600",4181245300193038,4181245300202489,4181245300208778,4181245300219568,6289
1497,"void transformer_engine::fused_attn_rocm::compute_grad_v_kernel<hip_bfloat16, transformer_engine::fused_attn_rocm::SmallSeqConfig<6, 128, 256, false, (transformer_engine::fused_attn_rocm::CausalMaskType)0>, 16, 16>(hip_bfloat16 const*, hip_bfloat16 const*, hip_bfloat16*, int const*, int const*, int, int) [clone .kd]",2,8,1727,1263855,1263855,256000,64,12288,0,32,0,48,64,"0x0","0x7f02bb551100",4181245300236663,4181245300250120,4181245300390328,4181245300393466,140208
1498,"void transformer_engine::fused_attn_rocm::compute_grad_attn_kernel<hip_bfloat16, transformer_engine::fused_attn_rocm::SmallSeqConfig<6, 128, 256, false, (transformer_engine::fused_attn_rocm::CausalMaskType)0>, 16>(hip_bfloat16 const*, hip_bfloat16 const*, hip_bfloat16*, int const*, int const*, int, int) [clone .kd]",2,8,1728,1263855,1263855,8000,64,0,0,116,4,64,64,"0x0","0x7f02bb551140",4181245300248230,4181245300390328,4181245300620230,4181245300620995,229902
1499,"void transformer_engine::fused_attn_rocm::softmax_backward_kernel<hip_bfloat16, transformer_engine::fused_attn_rocm::SmallSeqConfig<6, 128, 256, false, (transformer_engine::fused_attn_rocm::CausalMaskType)0> >(hip_bfloat16 const*, hip_bfloat16 const*, hip_bfloat16*, float, int const*, int, int) [clone .kd]",2,8,1729,1263855,1263855,390144,256,1024,0,16,0,16,64,"0x0","0x7f02bb551180",4181245300256793,4181245300620230,4181245300626079,4181245300634815,5849
1500,"void transformer_engine::fused_attn_rocm::compute_grad_qk_kernel<hip_bfloat16, transformer_engine::fused_attn_rocm::SmallSeqConfig<6, 128, 256, false, (transformer_engine::fused_attn_rocm::CausalMaskType)0>, 4, 16>(hip_bfloat16 const*, hip_bfloat16 const*, hip_bfloat16 const*, hip_bfloat16*, hip_bfloat16*, float, int const*, int const*, int, int) [clone .kd]",2,8,1730,1263855,1263855,1024000,64,12288,0,36,4,48,64,"0x0","0x7f02bb5511c0",4181245300263273,4181245300626079,4181245300780669,4181245300787272,154590
1501,"input_reduce_fusion.kd",2,8,1731,1263855,1263855,524288,256,512,0,16,0,16,64,"0x0","0x7f0abb6c9a80",4181245300272026,4181245300780669,4181245300789281,4181245300795725,8612
1502,"input_reduce_fusion_3.kd",2,8,1732,1263855,1263855,128,128,512,0,24,0,16,64,"0x0","0x7f0abb6c9ac0",4181245300280388,4181245300789281,4181245300794729,4181245300801984,5448
1503,"loop_convert_fusion.kd",2,8,1733,1263855,1263855,1,1,0,0,4,4,16,64,"0x0","0x7f0abb6c9b00",4181245300287258,4181245300794729,4181245300799056,4181245300808153,4327
1504,"input_reduce_reduce_window_fusion_3.kd",2,8,1736,1263855,1263855,9728,256,0,0,28,4,48,64,"0x0","0x7f0abb6c9000",4181245300411263,4181245300810553,4181245300820928,4181245300822545,10375
1505,"loop_reduce_window_fusion_11.kd",2,8,1737,1263855,1263855,1536,256,0,0,8,0,16,64,"0x0","0x7f0abb6c9040",4181245300420577,4181245300820928,4181245300828460,4181245300833731,7532
1506,"loop_slice_fusion_5.kd",2,8,1738,1263855,1263855,6,6,0,0,20,4,16,64,"0x0","0x7f0abb6c9080",4181245300427888,4181245300828460,4181245300833307,4181245300839179,4847
1507,"loop_broadcast_fusion_2.kd",2,8,1739,1263855,1263855,24064,256,0,0,4,4,16,64,"0x0","0x7f0abb6c90c0",4181245300435289,4181245300833307,4181245300838795,4181245300844938,5488
1508,"input_scatter_fusion_2.kd",2,8,1740,1263855,1263855,24064,256,0,0,12,4,32,64,"0x0","0x7f0abb6c9100",4181245300442980,4181245300838795,4181245300846847,4181245300852609,8052
1509,"loop_reduce_window_fusion_10.kd",2,8,1741,1263855,1263855,24064,256,0,0,8,0,16,64,"0x0","0x7f0abb6c9140",4181245300450211,4181245300846847,4181245300852255,4181245300858178,5408
1510,"loop_reduce_window_fusion_11.kd",2,8,1742,1263855,1263855,1536,256,0,0,8,0,16,64,"0x0","0x7f0abb6c9040",4181245300457341,4181245300852255,4181245300857984,4181245300864016,5729
1511,"loop_slice_fusion_4.kd",2,8,1743,1263855,1263855,94,94,0,0,24,0,16,64,"0x0","0x7f0abb6c9180",4181245300464121,4181245300857984,4181245300864593,4181245300869985,6609
1512,"input_reduce_fusion_1.kd",2,8,1744,1263855,1263855,64,64,0,0,8,0,16,64,"0x0","0x7f0abb6c91c0",4181245300471082,4181245300864593,4181245300870362,4181245300875513,5769
1513,"loop_select_fusion_5.kd",2,8,1745,1263855,1263855,24064,256,0,0,8,0,32,64,"0x0","0x7f0abb6c9200",4181245300478042,4181245300870362,4181245300875810,4181245300881863,5448
1514,"loop_select_fusion_2.kd",2,8,1746,1263855,1263855,24064,256,0,0,4,4,16,64,"0x0","0x7f0abb6c9240",4181245300485523,4181245300875810,4181245300881298,4181245300888002,5488
1515,"loop_reduce_window_fusion_10.kd",2,8,1747,1263855,1263855,24064,256,0,0,8,0,16,64,"0x0","0x7f0abb6c9140",4181245300492373,4181245300881298,4181245300886786,4181245300893740,5488
1516,"loop_reduce_window_fusion_11.kd",2,8,1748,1263855,1263855,1536,256,0,0,8,0,16,64,"0x0","0x7f0abb6c9040",4181245300499624,4181245300886786,4181245300893356,4181245300899719,6570
1517,"loop_slice_fusion_5.kd",2,8,1749,1263855,1263855,6,6,0,0,20,4,16,64,"0x0","0x7f0abb6c9080",4181245300506074,4181245300893356,4181245300899125,4181245300905358,5769
1518,"input_concatenate_fusion.kd",2,8,1750,1263855,1263855,24064,256,0,0,12,4,32,64,"0x0","0x7f0abb6c9280",4181245300513024,4181245300899125,4181245300905895,4181245300911587,6770
1519,"input_reduce_reduce_window_fusion.kd",2,8,1751,1263855,1263855,11264,256,0,0,36,4,48,64,"0x0","0x7f0abb6c92c0",4181245300520005,4181245300905895,4181245300916831,4181245300917566,10936
1520,"loop_reduce_window_fusion_2.kd",2,8,1752,1263855,1263855,1792,256,0,0,8,0,16,64,"0x0","0x7f0abb6c9300",4181245300527546,4181245300916831,4181245300923721,4181245300931326,6890
1521,"loop_slice_fusion_7.kd",2,8,1753,1263855,1263855,7,7,0,0,20,4,16,64,"0x0","0x7f0abb6c9340",4181245300533835,4181245300923721,4181245300929450,4181245300944666,5729
1522,"loop_broadcast_fusion.kd",2,8,1754,1263855,1263855,28160,256,0,0,4,4,16,64,"0x0","0x7f0abb6c9380",4181245300540906,4181245300929450,4181245300935258,4181245300951496,5808
1523,"input_scatter_fusion.kd",2,8,1755,1263855,1263855,28160,256,0,0,12,4,32,64,"0x0","0x7f0abb6c93c0",4181245300547385,4181245300935258,4181245300942029,4181245300958347,6771
1524,"loop_reduce_window_fusion_1.kd",2,8,1756,1263855,1263855,28160,256,0,0,8,0,16,64,"0x0","0x7f0abb6c9400",4181245300554916,4181245300942029,4181245300946836,4181245300964576,4807
1525,"loop_reduce_window_fusion_2.kd",2,8,1757,1263855,1263855,1792,256,0,0,8,0,16,64,"0x0","0x7f0abb6c9300",4181245300561877,4181245300946836,4181245300951923,4181245300987290,5087
1526,"loop_slice_fusion_7.kd",2,8,1758,1263855,1263855,7,7,0,0,20,4,16,64,"0x0","0x7f0abb6c9340",4181245300568106,4181245300951923,4181245300956570,4181245300981841,4647
1527,"loop_slice_fusion_3.kd",2,8,1759,1263855,1263855,110,110,0,0,8,0,16,64,"0x0","0x7f0abb6c9440",4181245300575317,4181245300956570,4181245300961257,4181245300976043,4687
1528,"input_reduce_fusion_2.kd",2,8,1760,1263855,1263855,64,64,0,0,8,0,16,64,"0x0","0x7f0abb6c9480",4181245300582848,4181245300961257,4181245300966024,4181245300970024,4767
1529,"loop_select_fusion_4.kd",2,8,1761,1263855,1263855,28160,256,0,0,8,0,32,64,"0x0","0x7f0abb6c94c0",4181245300590389,4181245300966024,4181245300971112,4181245301010134,5088
1530,"loop_select_fusion.kd",2,8,1762,1263855,1263855,28160,256,0,0,8,0,16,64,"0x0","0x7f0abb6c9500",4181245300597640,4181245300971112,4181245300976079,4181245301016613,4967
1531,"loop_compare_fusion_1.kd",2,8,1763,1263855,1263855,4096,256,0,0,4,4,16,64,"0x0","0x7f0abb6c9540",4181245300604510,4181245300976079,4181245300980886,4181245301022362,4807
1532,"input_reduce_reduce_window_fusion_2.kd",2,8,1764,1263855,1263855,256,256,512,0,20,4,32,64,"0x0","0x7f0abb6c9580",4181245300611761,4181245300980886,4181245300996750,4181245300997385,15864
1533,"loop_slice_fusion_1.kd",2,8,1765,1263855,1263855,16,16,0,0,20,4,16,64,"0x0","0x7f0abb6c95c0",4181245300618110,4181245300996750,4181245301001517,4181245301003934,4767
1534,"loop_broadcast_fusion_3.kd",2,8,1766,1263855,1263855,4096,256,0,0,4,4,16,64,"0x0","0x7f0abb6c9600",4181245300625351,4181245301001517,4181245301006484,4181245301032597,4967
1535,"input_scatter_fusion_3.kd",2,8,1767,1263855,1263855,4096,256,0,0,8,0,32,64,"0x0","0x7f0abb6c9640",4181245300640283,4181245301006484,4181245301012774,4181245301042802,6290
1536,"loop_reduce_window_fusion_13.kd",2,8,1768,1263855,1263855,4096,256,0,0,8,0,16,64,"0x0","0x7f0abb6c9680",4181245300648305,4181245301012774,4181245301017501,4181245301047199,4727
1537,"loop_slice_fusion_1.kd",2,8,1769,1263855,1263855,16,16,0,0,20,4,16,64,"0x0","0x7f0abb6c95c0",4181245300656407,4181245301017501,4181245301022268,4181245301051505,4767
1538,"loop_remainder_fusion.kd",2,8,1770,1263855,1263855,4096,256,0,0,12,4,16,64,"0x0","0x7f0abb6c96c0",4181245300663528,4181245301022268,4181245301028197,4181245301055972,5929
1539,"loop_select_fusion_3.kd",2,8,1771,1263855,1263855,4096,256,0,0,8,0,32,64,"0x0","0x7f0abb6c9700",4181245300671410,4181245301028197,4181245301033044,4181245301060939,4847
1540,"loop_reduce_window_fusion_13.kd",2,8,1772,1263855,1263855,4096,256,0,0,8,0,16,64,"0x0","0x7f0abb6c9680",4181245300678881,4181245301033044,4181245301037811,4181245301038436,4767
1541,"loop_slice_fusion_1.kd",2,8,1773,1263855,1263855,16,16,0,0,20,4,16,64,"0x0","0x7f0abb6c95c0",4181245300685761,4181245301037811,4181245301042538,4181245301071965,4727
1542,"input_concatenate_fusion_1.kd",2,8,1774,1263855,1263855,4096,256,0,0,8,0,32,64,"0x0","0x7f0abb6c9740",4181245300693322,4181245301042538,4181245301048627,4181245301076512,6089
1543,"loop_compare_fusion.kd",2,8,1775,1263855,1263855,8192,256,0,0,4,4,16,64,"0x0","0x7f0abb6c9780",4181245300699872,4181245301048627,4181245301053514,4181245301067479,4887
1544,"input_reduce_reduce_window_fusion_1.kd",2,8,1776,1263855,1263855,512,512,512,0,20,4,48,64,"0x0","0x7f0abb6c97c0",4181245300707493,4181245301053514,4181245301070700,4181245301087459,17186
1545,"loop_reduce_window_fusion_6.kd",2,8,1777,1263855,1263855,32,32,0,0,32,0,16,64,"0x0","0x7f0abb6c9800",4181245300714143,4181245301070700,4181245301082117,4181245301083132,11417
1546,"loop_broadcast_fusion_1.kd",2,8,1778,1263855,1263855,8192,256,0,0,4,4,16,64,"0x0","0x7f0abb6c9840",4181245300720953,4181245301082117,4181245301087245,4181245301099827,5128
1547,"input_scatter_fusion_1.kd",2,8,1779,1263855,1263855,8192,256,0,0,8,0,32,64,"0x0","0x7f0abb6c9880",4181245300728505,4181245301087245,4181245301092813,4181245301095641,5568
1548,"loop_reduce_window_fusion_5.kd",2,8,1780,1263855,1263855,8192,256,0,0,8,0,16,64,"0x0","0x7f0abb6c98c0",4181245300736467,4181245301092813,4181245301097860,4181245301110813,5047
1549,"loop_reduce_window_fusion_4.kd",2,8,1781,1263855,1263855,512,256,0,0,8,0,16,64,"0x0","0x7f0abb6c9900",4181245300742726,4181245301097860,4181245301103108,4181245301106507,5248
1550,"loop_reduce_window_fusion_3.kd",2,8,1782,1263855,1263855,32,32,0,0,8,0,16,64,"0x0","0x7f0abb6c9940",4181245300749786,4181245301103108,4181245301107835,4181245301121800,4727
1551,"loop_select_fusion_6.kd",2,8,1783,1263855,1263855,8192,256,0,0,8,0,32,64,"0x0","0x7f0abb6c9980",4181245300758009,4181245301107835,4181245301112923,4181245301117153,5088
1552,"loop_select_fusion_1.kd",2,8,1784,1263855,1263855,8192,256,0,0,8,0,16,64,"0x0","0x7f0abb6c99c0",4181245300764809,4181245301112923,4181245301117850,4181245301132516,4927
1553,"loop_broadcast_fusion_4.kd",2,8,1785,1263855,1263855,16,16,0,0,4,4,16,64,"0x0","0x7f0abb6c9a00",4181245300772120,4181245301117850,4181245301122857,4181245301126106,5007
1554,"__amd_rocclr_fillBufferAligned.kd",2,8,1786,1263855,1263855,77824,256,0,0,12,4,48,64,"0x0","0x7f2abbf33580",4181245300783957,4181245301122857,4181245301136758,4181245301137002,13901
1555,"__amd_rocclr_fillBufferAligned.kd",2,8,1787,1263855,1263855,16128,256,0,0,12,4,48,64,"0x0","0x7f2abbf33580",4181245300789525,4181245301136758,4181245301141806,4181245301142921,5048
1556,"transformer_engine::fused_attn_rocm::populate_rng_state_kernel(long*, long const*, long) [clone .kd]",2,8,1788,1263855,1263855,1,1,0,0,8,0,16,64,"0x0","0x7f1abba31380",4181245300825589,4181245301141806,4181245301146693,4181245301147328,4887
1557,"__amd_rocclr_fillBufferAligned.kd",2,8,1789,1263855,1263855,256,256,0,0,12,4,48,64,"0x0","0x7f2abbf33580",4181245300941792,4181245301146693,4181245301151340,4181245301153747,4647
1558,"ck_fused_attn::get_runtime_max_seqlen_kernel(unsigned long, int const*, int const*, unsigned long*) [clone .kd]",2,8,1790,1263855,1263855,4096,128,0,0,4,4,32,64,"0x0","0x7f1abba20940",4181245300950224,4181245301151340,4181245301157189,4181245301162019,5849
1559,"__amd_rocclr_copyBuffer.kd",2,8,1791,1263855,1263855,512,512,0,0,16,0,32,64,"0x7f32cae71d80","0x7f2abbf33600",4181245301002182,4181245301157189,4181245301162717,4181245301166877,5528
1560,"__amd_rocclr_fillBufferAligned.kd",2,8,1793,1263855,1263855,256,256,0,0,12,4,48,64,"0x0","0x7f2abbf33580",4181245301188439,4181245301197929,4181245301199932,4181245301239364,2003
1561,"ck_fused_attn::get_runtime_max_seqlen_kernel(unsigned long, int const*, int const*, unsigned long*) [clone .kd]",2,8,1794,1263855,1263855,4096,128,0,0,4,4,32,64,"0x0","0x7f1abba20940",4181245301207988,4181245301216276,4181245301222245,4181245301249770,5969
1562,"__amd_rocclr_copyBuffer.kd",2,8,1795,1263855,1263855,512,512,0,0,16,0,32,64,"0x7f32cafe9800","0x7f2abbf33600",4181245301217312,4181245301227012,4181245301231539,4181245301244742,4527
1563,"void transformer_engine::fused_attn_rocm::compute_scores_kernel<hip_bfloat16, transformer_engine::fused_attn_rocm::SmallSeqConfig<6, 128, 256, false, (transformer_engine::fused_attn_rocm::CausalMaskType)0>, 1>(hip_bfloat16 const*, hip_bfloat16 const*, hip_bfloat16*, float, int const*, int const*, int, int) [clone .kd]",2,8,1797,1263855,1263855,64000,64,0,0,112,0,48,64,"0x0","0x7f02bb54f5c0",4181245301261307,4181245301271158,4181245301299841,4181245301300415,28683
1564,"void transformer_engine::fused_attn_rocm::apply_mask_and_softmax_kernel<hip_bfloat16, transformer_engine::fused_attn_rocm::SmallSeqConfig<6, 128, 256, false, (transformer_engine::fused_attn_rocm::CausalMaskType)0> >(hip_bfloat16*, hip_bfloat16 const*, float, int const*, int, int) [clone .kd]",2,8,1798,1263855,1263855,390144,256,1024,0,12,4,16,64,"0x0","0x7f02bb54f600",4181245301269970,4181245301299841,4181245301304928,4181245301306805,5087
1565,"void transformer_engine::fused_attn_rocm::compute_output_kernel<hip_bfloat16, transformer_engine::fused_attn_rocm::SmallSeqConfig<6, 128, 256, false, (transformer_engine::fused_attn_rocm::CausalMaskType)0>, 2, 8>(hip_bfloat16 const*, hip_bfloat16 const*, hip_bfloat16*, int const*, int const*, int, int) [clone .kd]",2,8,1799,1263855,1263855,512000,64,12288,0,28,4,48,64,"0x0","0x7f02bb54f640",4181245301284642,4181245301304928,4181245301369344,4181245301372192,64416
1566,"loop_broadcast_fusion_5.kd",2,8,1800,1263855,1263855,2048000,256,0,0,4,4,16,64,"0x0","0x7f0abb6c9a40",4181245301294356,4181245301369344,4181245301377596,4181245301378632,8252
1567,"__amd_rocclr_fillBufferAligned.kd",2,8,1801,1263855,1263855,77824,256,0,0,12,4,48,64,"0x0","0x7f2abbf33580",4181245301310060,4181245301377596,4181245301384406,4181245301385342,6810
1568,"__amd_rocclr_fillBufferAligned.kd",2,8,1802,1263855,1263855,77824,256,0,0,12,4,48,64,"0x0","0x7f2abbf33580",4181245301324070,4181245301384406,4181245301402233,4181245301402757,17827
1569,"__amd_rocclr_fillBufferAligned.kd",2,8,1803,1263855,1263855,77824,256,0,0,12,4,48,64,"0x0","0x7f2abbf33580",4181245301331391,4181245301402233,4181245301419699,4181245301432021,17466
1570,"__amd_rocclr_fillBufferAligned.kd",2,8,1804,1263855,1263855,256,256,0,0,12,4,48,64,"0x0","0x7f2abbf33580",4181245301339303,4181245301419699,4181245301424306,4181245301427024,4607
1571,"ck_fused_attn::get_runtime_max_seqlen_kernel(unsigned long, int const*, int const*, unsigned long*) [clone .kd]",2,8,1805,1263855,1263855,4096,128,0,0,4,4,32,64,"0x0","0x7f1abba20940",4181245301345272,4181245301424306,4181245301430275,4181245301443288,5969
1572,"__amd_rocclr_copyBuffer.kd",2,8,1806,1263855,1263855,512,512,0,0,16,0,32,64,"0x7f32cafe9780","0x7f2abbf33600",4181245301352413,4181245301430275,4181245301436083,4181245301438521,5808
1573,"__amd_rocclr_fillBufferAligned.kd",2,8,1808,1263855,1263855,256,256,0,0,12,4,48,64,"0x0","0x7f2abbf33580",4181245301454585,4181245301463564,4181245301465567,4181245301471229,2003
1574,"ck_fused_attn::get_runtime_max_seqlen_kernel(unsigned long, int const*, int const*, unsigned long*) [clone .kd]",2,8,1809,1263855,1263855,4096,128,0,0,4,4,32,64,"0x0","0x7f1abba20940",4181245301462897,4181245301474701,4181245301480670,4181245301482105,5969
1575,"__amd_rocclr_copyBuffer.kd",2,8,1810,1263855,1263855,512,512,0,0,16,0,32,64,"0x7f32cafe9600","0x7f2abbf33600",4181245301473463,4181245301485477,4181245301490604,4181245301497659,5127
1576,"void transformer_engine::fused_attn_rocm::compute_grad_v_kernel<hip_bfloat16, transformer_engine::fused_attn_rocm::SmallSeqConfig<6, 128, 256, false, (transformer_engine::fused_attn_rocm::CausalMaskType)0>, 16, 16>(hip_bfloat16 const*, hip_bfloat16 const*, hip_bfloat16*, int const*, int const*, int, int) [clone .kd]",2,8,1812,1263855,1263855,256000,64,12288,0,32,0,48,64,"0x0","0x7f02bb551100",4181245301512180,4181245301525296,4181245301662941,4181245301666380,137645
1577,"void transformer_engine::fused_attn_rocm::compute_grad_attn_kernel<hip_bfloat16, transformer_engine::fused_attn_rocm::SmallSeqConfig<6, 128, 256, false, (transformer_engine::fused_attn_rocm::CausalMaskType)0>, 16>(hip_bfloat16 const*, hip_bfloat16 const*, hip_bfloat16*, int const*, int const*, int, int) [clone .kd]",2,8,1813,1263855,1263855,8000,64,0,0,116,4,64,64,"0x0","0x7f02bb551140",4181245301523868,4181245301662941,4181245301894285,4181245301894559,231344
1578,"void transformer_engine::fused_attn_rocm::softmax_backward_kernel<hip_bfloat16, transformer_engine::fused_attn_rocm::SmallSeqConfig<6, 128, 256, false, (transformer_engine::fused_attn_rocm::CausalMaskType)0> >(hip_bfloat16 const*, hip_bfloat16 const*, hip_bfloat16*, float, int const*, int, int) [clone .kd]",2,8,1814,1263855,1263855,390144,256,1024,0,16,0,16,64,"0x0","0x7f02bb551180",4181245301531399,4181245301894285,4181245301900254,4181245301905045,5969
1579,"void transformer_engine::fused_attn_rocm::compute_grad_qk_kernel<hip_bfloat16, transformer_engine::fused_attn_rocm::SmallSeqConfig<6, 128, 256, false, (transformer_engine::fused_attn_rocm::CausalMaskType)0>, 4, 16>(hip_bfloat16 const*, hip_bfloat16 const*, hip_bfloat16 const*, hip_bfloat16*, hip_bfloat16*, float, int const*, int const*, int, int) [clone .kd]",2,8,1815,1263855,1263855,1024000,64,12288,0,36,4,48,64,"0x0","0x7f02bb5511c0",4181245301539811,4181245301900254,4181245302066781,4181245302074997,166527
1580,"input_reduce_fusion.kd",2,8,1816,1263855,1263855,524288,256,512,0,16,0,16,64,"0x0","0x7f0abb6c9a80",4181245301547343,4181245302066781,4181245302076636,4181245302087646,9855
1581,"input_reduce_fusion_3.kd",2,8,1817,1263855,1263855,128,128,512,0,24,0,16,64,"0x0","0x7f0abb6c9ac0",4181245301554363,4181245302076636,4181245302081283,4181245302094486,4647
1582,"loop_convert_fusion.kd",2,8,1818,1263855,1263855,1,1,0,0,4,4,16,64,"0x0","0x7f0abb6c9b00",4181245301561153,4181245302081283,4181245302085449,4181245302101166,4166
1583,"input_reduce_reduce_window_fusion_3.kd",2,8,1821,1263855,1263855,9728,256,0,0,28,4,48,64,"0x0","0x7f0abb6c9000",4181245301683265,4181245302100111,4181245302110286,4181245302113545,10175
1584,"loop_reduce_window_fusion_11.kd",2,8,1822,1263855,1263855,1536,256,0,0,8,0,16,64,"0x0","0x7f0abb6c9040",4181245301692048,4181245302110286,4181245302116736,4181245302118492,6450
1585,"loop_slice_fusion_5.kd",2,8,1823,1263855,1263855,6,6,0,0,20,4,16,64,"0x0","0x7f0abb6c9080",4181245301699258,4181245302116736,4181245302121903,4181245302124972,5167
1586,"loop_broadcast_fusion_2.kd",2,8,1824,1263855,1263855,24064,256,0,0,4,4,16,64,"0x0","0x7f0abb6c90c0",4181245301706099,4181245302121903,4181245302127431,4181245302130880,5528
1587,"input_scatter_fusion_2.kd",2,8,1825,1263855,1263855,24064,256,0,0,12,4,32,64,"0x0","0x7f0abb6c9100",4181245301713680,4181245302127431,4181245302135443,4181245302136899,8012
1588,"loop_reduce_window_fusion_10.kd",2,8,1826,1263855,1263855,24064,256,0,0,8,0,16,64,"0x0","0x7f0abb6c9140",4181245301720800,4181245302135443,4181245302141252,4181245302143699,5809
1589,"loop_reduce_window_fusion_11.kd",2,8,1827,1263855,1263855,1536,256,0,0,8,0,16,64,"0x0","0x7f0abb6c9040",4181245301727801,4181245302141252,4181245302146820,4181245302149959,5568
1590,"loop_slice_fusion_4.kd",2,8,1828,1263855,1263855,94,94,0,0,24,0,16,64,"0x0","0x7f0abb6c9180",4181245301734240,4181245302146820,4181245302153510,4181245302156058,6690
1591,"input_reduce_fusion_1.kd",2,8,1829,1263855,1263855,64,64,0,0,8,0,16,64,"0x0","0x7f0abb6c91c0",4181245301741241,4181245302153510,4181245302159319,4181245302162037,5809
1592,"loop_select_fusion_5.kd",2,8,1830,1263855,1263855,24064,256,0,0,8,0,32,64,"0x0","0x7f0abb6c9200",4181245301748281,4181245302159319,4181245302164807,4181245302167655,5488
1593,"loop_select_fusion_2.kd",2,8,1831,1263855,1263855,24064,256,0,0,4,4,16,64,"0x0","0x7f0abb6c9240",4181245301755752,4181245302164807,4181245302170415,4181245302173594,5608
1594,"loop_reduce_window_fusion_10.kd",2,8,1832,1263855,1263855,24064,256,0,0,8,0,16,64,"0x0","0x7f0abb6c9140",4181245301762382,4181245302170415,4181245302175984,4181245302179683,5569
1595,"loop_reduce_window_fusion_11.kd",2,8,1833,1263855,1263855,1536,256,0,0,8,0,16,64,"0x0","0x7f0abb6c9040",4181245301769823,4181245302175984,4181245302181512,4181245302185962,5528
1596,"loop_slice_fusion_5.kd",2,8,1834,1263855,1263855,6,6,0,0,20,4,16,64,"0x0","0x7f0abb6c9080",4181245301776914,4181245302181512,4181245302187321,4181245302191941,5809
1597,"input_concatenate_fusion.kd",2,8,1835,1263855,1263855,24064,256,0,0,12,4,32,64,"0x0","0x7f0abb6c9280",4181245301784345,4181245302187321,4181245302193810,4181245302197449,6489
1598,"input_reduce_reduce_window_fusion.kd",2,8,1836,1263855,1263855,11264,256,0,0,36,4,48,64,"0x0","0x7f0abb6c92c0",4181245301791315,4181245302193810,4181245302205067,4181245302211540,11257
1599,"loop_reduce_window_fusion_2.kd",2,8,1837,1263855,1263855,1792,256,0,0,8,0,16,64,"0x0","0x7f0abb6c9300",4181245301799227,4181245302205067,4181245302211997,4181245302217169,6930
1600,"loop_slice_fusion_7.kd",2,8,1838,1263855,1263855,7,7,0,0,20,4,16,64,"0x0","0x7f0abb6c9340",4181245301806097,4181245302211997,4181245302217245,4181245302223819,5248
1601,"loop_broadcast_fusion.kd",2,8,1839,1263855,1263855,28160,256,0,0,4,4,16,64,"0x0","0x7f0abb6c9380",4181245301813819,4181245302217245,4181245302222293,4181245302231570,5048
1602,"input_scatter_fusion.kd",2,8,1840,1263855,1263855,28160,256,0,0,12,4,32,64,"0x0","0x7f0abb6c93c0",4181245301820809,4181245302222293,4181245302229423,4181245302237679,7130
1603,"loop_reduce_window_fusion_1.kd",2,8,1841,1263855,1263855,28160,256,0,0,8,0,16,64,"0x0","0x7f0abb6c9400",4181245301827900,4181245302229423,4181245302234270,4181245302243698,4847
1604,"loop_reduce_window_fusion_2.kd",2,8,1842,1263855,1263855,1792,256,0,0,8,0,16,64,"0x0","0x7f0abb6c9300",4181245301834680,4181245302234270,4181245302239358,4181245302249657,5088
1605,"loop_slice_fusion_7.kd",2,8,1843,1263855,1263855,7,7,0,0,20,4,16,64,"0x0","0x7f0abb6c9340",4181245301841330,4181245302239358,4181245302244085,4181245302267223,4727
1606,"loop_slice_fusion_3.kd",2,8,1844,1263855,1263855,110,110,0,0,8,0,16,64,"0x0","0x7f0abb6c9440",4181245301848661,4181245302244085,4181245302248812,4181245302261685,4727
1607,"input_reduce_fusion_2.kd",2,8,1845,1263855,1263855,64,64,0,0,8,0,16,64,"0x0","0x7f0abb6c9480",4181245301855721,4181245302248812,4181245302253579,4181245302255596,4767
1608,"loop_select_fusion_4.kd",2,8,1846,1263855,1263855,28160,256,0,0,8,0,32,64,"0x0","0x7f0abb6c94c0",4181245301862932,4181245302253579,4181245302258627,4181245302289416,5048
1609,"loop_select_fusion.kd",2,8,1847,1263855,1263855,28160,256,0,0,8,0,16,64,"0x0","0x7f0abb6c9500",4181245301870513,4181245302258627,4181245302263554,4181245302295345,4927
1610,"loop_compare_fusion_1.kd",2,8,1848,1263855,1263855,4096,256,0,0,4,4,16,64,"0x0","0x7f0abb6c9540",4181245301876752,4181245302263554,4181245302268401,4181245302277478,4847
1611,"input_reduce_reduce_window_fusion_2.kd",2,8,1849,1263855,1263855,256,256,512,0,20,4,32,64,"0x0","0x7f0abb6c9580",4181245301883833,4181245302268401,4181245302283824,4181245302309466,15423
1612,"loop_slice_fusion_1.kd",2,8,1850,1263855,1263855,16,16,0,0,20,4,16,64,"0x0","0x7f0abb6c95c0",4181245301890673,4181245302283824,4181245302288551,4181245302303958,4727
1613,"loop_broadcast_fusion_3.kd",2,8,1851,1263855,1263855,4096,256,0,0,4,4,16,64,"0x0","0x7f0abb6c9600",4181245301897734,4181245302288551,4181245302293518,4181245302314243,4967
1614,"input_scatter_fusion_3.kd",2,8,1852,1263855,1263855,4096,256,0,0,8,0,32,64,"0x0","0x7f0abb6c9640",4181245301920287,4181245302293518,4181245302299768,4181245302320913,6250
1615,"loop_reduce_window_fusion_13.kd",2,8,1853,1263855,1263855,4096,256,0,0,8,0,16,64,"0x0","0x7f0abb6c9680",4181245301928079,4181245302299768,4181245302304535,4181245302325610,4767
1616,"loop_slice_fusion_1.kd",2,8,1854,1263855,1263855,16,16,0,0,20,4,16,64,"0x0","0x7f0abb6c95c0",4181245301934138,4181245302304535,4181245302309222,4181245302330317,4687
1617,"loop_remainder_fusion.kd",2,8,1855,1263855,1263855,4096,256,0,0,12,4,16,64,"0x0","0x7f0abb6c96c0",4181245301941699,4181245302309222,4181245302315311,4181245302334964,6089
1618,"loop_select_fusion_3.kd",2,8,1856,1263855,1263855,4096,256,0,0,8,0,32,64,"0x0","0x7f0abb6c9700",4181245301949010,4181245302315311,4181245302320158,4181245302339751,4847
1619,"loop_reduce_window_fusion_13.kd",2,8,1857,1263855,1263855,4096,256,0,0,8,0,16,64,"0x0","0x7f0abb6c9680",4181245301956441,4181245302320158,4181245302324925,4181245302344598,4767
1620,"loop_slice_fusion_1.kd",2,8,1858,1263855,1263855,16,16,0,0,20,4,16,64,"0x0","0x7f0abb6c95c0",4181245301963732,4181245302324925,4181245302329652,4181245302349135,4727
1621,"input_concatenate_fusion_1.kd",2,8,1859,1263855,1263855,4096,256,0,0,8,0,32,64,"0x0","0x7f0abb6c9740",4181245301970572,4181245302329652,4181245302335180,4181245302353572,5528
1622,"loop_compare_fusion.kd",2,8,1860,1263855,1263855,8192,256,0,0,4,4,16,64,"0x0","0x7f0abb6c9780",4181245301978083,4181245302335180,4181245302340148,4181245302358108,4968
1623,"input_reduce_reduce_window_fusion_1.kd",2,8,1861,1263855,1263855,512,512,512,0,20,4,48,64,"0x0","0x7f0abb6c97c0",4181245301986245,4181245302340148,4181245302357253,4181245302362535,17105
1624,"loop_reduce_window_fusion_6.kd",2,8,1862,1263855,1263855,32,32,0,0,32,0,16,64,"0x0","0x7f0abb6c9800",4181245301992495,4181245302357253,4181245302365626,4181245302366741,8373
1625,"loop_broadcast_fusion_1.kd",2,8,1863,1263855,1263855,8192,256,0,0,4,4,16,64,"0x0","0x7f0abb6c9840",4181245302000537,4181245302365626,4181245302370713,4181245302370857,5087
1626,"input_scatter_fusion_1.kd",2,8,1864,1263855,1263855,8192,256,0,0,8,0,32,64,"0x0","0x7f0abb6c9880",4181245302007988,4181245302370713,4181245302376081,4181245302376716,5368
1627,"loop_reduce_window_fusion_5.kd",2,8,1865,1263855,1263855,8192,256,0,0,8,0,16,64,"0x0","0x7f0abb6c98c0",4181245302015909,4181245302376081,4181245302381169,4181245302382234,5088
1628,"loop_reduce_window_fusion_4.kd",2,8,1866,1263855,1263855,512,256,0,0,8,0,16,64,"0x0","0x7f0abb6c9900",4181245302023411,4181245302381169,4181245302386457,4181245302387051,5288
1629,"loop_reduce_window_fusion_3.kd",2,8,1867,1263855,1263855,32,32,0,0,8,0,16,64,"0x0","0x7f0abb6c9940",4181245302030191,4181245302386457,4181245302391224,4181245302394092,4767
1630,"loop_select_fusion_6.kd",2,8,1868,1263855,1263855,8192,256,0,0,8,0,32,64,"0x0","0x7f0abb6c9980",4181245302038273,4181245302391224,4181245302396271,4181245302400451,5047
1631,"loop_select_fusion_1.kd",2,8,1869,1263855,1263855,8192,256,0,0,8,0,16,64,"0x0","0x7f0abb6c99c0",4181245302045754,4181245302396271,4181245302401199,4181245302410747,4928
1632,"loop_broadcast_fusion_4.kd",2,8,1870,1263855,1263855,16,16,0,0,4,4,16,64,"0x0","0x7f0abb6c9a00",4181245302052574,4181245302401199,4181245302406246,4181245302406701,5047
1633,"__amd_rocclr_fillBufferAligned.kd",2,8,1871,1263855,1263855,77824,256,0,0,12,4,48,64,"0x0","0x7f2abbf33580",4181245302064141,4181245302406246,4181245302420387,4181245302427642,14141
1634,"__amd_rocclr_fillBufferAligned.kd",2,8,1872,1263855,1263855,16128,256,0,0,12,4,48,64,"0x0","0x7f2abbf33580",4181245302070541,4181245302420387,4181245302425355,4181245302432269,4968
1635,"transformer_engine::fused_attn_rocm::populate_rng_state_kernel(long*, long const*, long) [clone .kd]",2,8,1873,1263855,1263855,1,1,0,0,8,0,16,64,"0x0","0x7f1abba31380",4181245302081767,4181245302425355,4181245302430202,4181245302436996,4847
1636,"__amd_rocclr_fillBufferAligned.kd",2,8,1874,1263855,1263855,256,256,0,0,12,4,48,64,"0x0","0x7f2abbf33580",4181245302118842,4181245302430202,4181245302434889,4181245302448102,4687
1637,"ck_fused_attn::get_runtime_max_seqlen_kernel(unsigned long, int const*, int const*, unsigned long*) [clone .kd]",2,8,1875,1263855,1263855,4096,128,0,0,4,4,32,64,"0x0","0x7f1abba20940",4181245302216938,4181245302434889,4181245302440697,4181245302443686,5808
1638,"__amd_rocclr_copyBuffer.kd",2,8,1876,1263855,1263855,512,512,0,0,16,0,32,64,"0x7f32cae73200","0x7f2abbf33600",4181245302283718,4181245302440697,4181245302446145,4181245302453791,5448
1639,"__amd_rocclr_fillBufferAligned.kd",2,8,1878,1263855,1263855,256,256,0,0,12,4,48,64,"0x0","0x7f2abbf33580",4181245302484076,4181245302494297,4181245302496340,4181245302521752,2043
1640,"ck_fused_attn::get_runtime_max_seqlen_kernel(unsigned long, int const*, int const*, unsigned long*) [clone .kd]",2,8,1879,1263855,1263855,4096,128,0,0,4,4,32,64,"0x0","0x7f1abba20940",4181245302492829,4181245302501027,4181245302506956,4181245302531757,5929
1641,"__amd_rocclr_copyBuffer.kd",2,8,1880,1263855,1263855,512,512,0,0,16,0,32,64,"0x7f32cafe9a00","0x7f2abbf33600",4181245302503214,4181245302512484,4181245302518413,4181245302527050,5929
1642,"void transformer_engine::fused_attn_rocm::compute_scores_kernel<hip_bfloat16, transformer_engine::fused_attn_rocm::SmallSeqConfig<6, 128, 256, false, (transformer_engine::fused_attn_rocm::CausalMaskType)0>, 1>(hip_bfloat16 const*, hip_bfloat16 const*, hip_bfloat16*, float, int const*, int const*, int, int) [clone .kd]",2,8,1882,1263855,1263855,64000,64,0,0,112,0,48,64,"0x0","0x7f02bb54f5c0",4181245302543684,4181245302553225,4181245302582508,4181245302582572,29283
1643,"void transformer_engine::fused_attn_rocm::apply_mask_and_softmax_kernel<hip_bfloat16, transformer_engine::fused_attn_rocm::SmallSeqConfig<6, 128, 256, false, (transformer_engine::fused_attn_rocm::CausalMaskType)0> >(hip_bfloat16*, hip_bfloat16 const*, float, int const*, int, int) [clone .kd]",2,8,1883,1263855,1263855,390144,256,1024,0,12,4,16,64,"0x0","0x7f02bb54f600",4181245302553960,4181245302582508,4181245302587676,4181245302593038,5168
1644,"void transformer_engine::fused_attn_rocm::compute_output_kernel<hip_bfloat16, transformer_engine::fused_attn_rocm::SmallSeqConfig<6, 128, 256, false, (transformer_engine::fused_attn_rocm::CausalMaskType)0>, 2, 8>(hip_bfloat16 const*, hip_bfloat16 const*, hip_bfloat16*, int const*, int const*, int, int) [clone .kd]",2,8,1884,1263855,1263855,512000,64,12288,0,28,4,48,64,"0x0","0x7f02bb54f640",4181245302560850,4181245302587676,4181245302651771,4181245302659757,64095
1645,"loop_broadcast_fusion_5.kd",2,8,1885,1263855,1263855,2048000,256,0,0,4,4,16,64,"0x0","0x7f0abb6c9a40",4181245302577374,4181245302651771,4181245302659943,4181245302665956,8172
1646,"__amd_rocclr_fillBufferAligned.kd",2,8,1886,1263855,1263855,77824,256,0,0,12,4,48,64,"0x0","0x7f2abbf33580",4181245302593438,4181245302659943,4181245302666994,4181245302670733,7051
1647,"__amd_rocclr_fillBufferAligned.kd",2,8,1887,1263855,1263855,77824,256,0,0,12,4,48,64,"0x0","0x7f2abbf33580",4181245302605737,4181245302666994,4181245302684740,4181245302686086,17746
1648,"__amd_rocclr_fillBufferAligned.kd",2,8,1888,1263855,1263855,77824,256,0,0,12,4,48,64,"0x0","0x7f2abbf33580",4181245302615131,4181245302684740,4181245302702286,4181245302703472,17546
1649,"__amd_rocclr_fillBufferAligned.kd",2,8,1889,1263855,1263855,256,256,0,0,12,4,48,64,"0x0","0x7f2abbf33580",4181245302622532,4181245302702286,4181245302707013,4181245302709932,4727
1650,"ck_fused_attn::get_runtime_max_seqlen_kernel(unsigned long, int const*, int const*, unsigned long*) [clone .kd]",2,8,1890,1263855,1263855,4096,128,0,0,4,4,32,64,"0x0","0x7f1abba20940",4181245302629592,4181245302707013,4181245302712942,4181245302716662,5929
1651,"__amd_rocclr_copyBuffer.kd",2,8,1891,1263855,1263855,512,512,0,0,16,0,32,64,"0x7f32cafe9200","0x7f2abbf33600",4181245302636562,4181245302712942,4181245302718631,4181245302723261,5689
1652,"__amd_rocclr_fillBufferAligned.kd",2,8,1893,1263855,1263855,256,256,0,0,12,4,48,64,"0x0","0x7f2abbf33580",4181245302742750,4181245302752361,4181245302754484,4181245302761869,2123
1653,"ck_fused_attn::get_runtime_max_seqlen_kernel(unsigned long, int const*, int const*, unsigned long*) [clone .kd]",2,8,1894,1263855,1263855,4096,128,0,0,4,4,32,64,"0x0","0x7f1abba20940",4181245302750462,4181245302758730,4181245302767503,4181245302769811,8773
1654,"__amd_rocclr_copyBuffer.kd",2,8,1895,1263855,1263855,512,512,0,0,16,0,32,64,"0x7f32cafe9100","0x7f2abbf33600",4181245302757152,4181245302767503,4181245302772871,4181245302774337,5368
1655,"void transformer_engine::fused_attn_rocm::compute_grad_v_kernel<hip_bfloat16, transformer_engine::fused_attn_rocm::SmallSeqConfig<6, 128, 256, false, (transformer_engine::fused_attn_rocm::CausalMaskType)0>, 16, 16>(hip_bfloat16 const*, hip_bfloat16 const*, hip_bfloat16*, int const*, int const*, int, int) [clone .kd]",2,8,1897,1263855,1263855,256000,64,12288,0,32,0,48,64,"0x0","0x7f02bb551100",4181245302790151,4181245302803196,4181245302941722,4181245302946073,138526
1656,"void transformer_engine::fused_attn_rocm::compute_grad_attn_kernel<hip_bfloat16, transformer_engine::fused_attn_rocm::SmallSeqConfig<6, 128, 256, false, (transformer_engine::fused_attn_rocm::CausalMaskType)0>, 16>(hip_bfloat16 const*, hip_bfloat16 const*, hip_bfloat16*, int const*, int const*, int, int) [clone .kd]",2,8,1898,1263855,1263855,8000,64,0,0,116,4,64,64,"0x0","0x7f02bb551140",4181245302801328,4181245302941722,4181245303175911,4181245303179109,234189
1657,"void transformer_engine::fused_attn_rocm::softmax_backward_kernel<hip_bfloat16, transformer_engine::fused_attn_rocm::SmallSeqConfig<6, 128, 256, false, (transformer_engine::fused_attn_rocm::CausalMaskType)0> >(hip_bfloat16 const*, hip_bfloat16 const*, hip_bfloat16*, float, int const*, int, int) [clone .kd]",2,8,1899,1263855,1263855,390144,256,1024,0,16,0,16,64,"0x0","0x7f02bb551180",4181245302809159,4181245303175911,4181245303182360,4181245303186641,6449
1658,"void transformer_engine::fused_attn_rocm::compute_grad_qk_kernel<hip_bfloat16, transformer_engine::fused_attn_rocm::SmallSeqConfig<6, 128, 256, false, (transformer_engine::fused_attn_rocm::CausalMaskType)0>, 4, 16>(hip_bfloat16 const*, hip_bfloat16 const*, hip_bfloat16 const*, hip_bfloat16*, hip_bfloat16*, float, int const*, int const*, int, int) [clone .kd]",2,8,1900,1263855,1263855,1024000,64,12288,0,36,4,48,64,"0x0","0x7f02bb5511c0",4181245302816881,4181245303182360,4181245303343440,4181245303356163,161080
1659,"input_reduce_fusion.kd",2,8,1901,1263855,1263855,524288,256,512,0,16,0,16,64,"0x0","0x7f0abb6c9a80",4181245302825123,4181245303343440,4181245303352894,4181245303370284,9454
1660,"input_reduce_fusion_3.kd",2,8,1902,1263855,1263855,128,128,512,0,24,0,16,64,"0x0","0x7f0abb6c9ac0",4181245302833445,4181245303352894,4181245303359063,4181245303376553,6169
1661,"loop_convert_fusion.kd",2,8,1903,1263855,1263855,1,1,0,0,4,4,16,64,"0x0","0x7f0abb6c9b00",4181245302840626,4181245303359063,4181245303363269,4181245303382262,4206
1662,"input_reduce_reduce_window_fusion_3.kd",2,8,1906,1263855,1263855,9728,256,0,0,28,4,48,64,"0x0","0x7f0abb6c9000",4181245302964420,4181245303375327,4181245303385903,4181245303388851,10576
1663,"loop_reduce_window_fusion_11.kd",2,8,1907,1263855,1263855,1536,256,0,0,8,0,16,64,"0x0","0x7f0abb6c9040",4181245302973624,4181245303385903,4181245303391071,4181245303394390,5168
1664,"loop_slice_fusion_5.kd",2,8,1908,1263855,1263855,6,6,0,0,20,4,16,64,"0x0","0x7f0abb6c9080",4181245302981516,4181245303391071,4181245303396919,4181245303400539,5848
1665,"loop_broadcast_fusion_2.kd",2,8,1909,1263855,1263855,24064,256,0,0,4,4,16,64,"0x0","0x7f0abb6c90c0",4181245302988035,4181245303396919,4181245303402408,4181245303406858,5489
1666,"input_scatter_fusion_2.kd",2,8,1910,1263855,1263855,24064,256,0,0,12,4,32,64,"0x0","0x7f0abb6c9100",4181245302995867,4181245303402408,4181245303410660,4181245303412687,8252
1667,"loop_reduce_window_fusion_10.kd",2,8,1911,1263855,1263855,24064,256,0,0,8,0,16,64,"0x0","0x7f0abb6c9140",4181245303002397,4181245303410660,4181245303416308,4181245303418275,5648
1668,"loop_reduce_window_fusion_11.kd",2,8,1912,1263855,1263855,1536,256,0,0,8,0,16,64,"0x0","0x7f0abb6c9040",4181245303009277,4181245303416308,4181245303421877,4181245303426097,5569
1669,"loop_slice_fusion_4.kd",2,8,1913,1263855,1263855,94,94,0,0,24,0,16,64,"0x0","0x7f0abb6c9180",4181245303016117,4181245303421877,4181245303428807,4181245303432006,6930
1670,"input_reduce_fusion_1.kd",2,8,1914,1263855,1263855,64,64,0,0,8,0,16,64,"0x0","0x7f0abb6c91c0",4181245303023258,4181245303428807,4181245303434295,4181245303437874,5488
1671,"loop_select_fusion_5.kd",2,8,1915,1263855,1263855,24064,256,0,0,8,0,32,64,"0x0","0x7f0abb6c9200",4181245303030238,4181245303434295,4181245303440024,4181245303443663,5729
1672,"loop_select_fusion_2.kd",2,8,1916,1263855,1263855,24064,256,0,0,4,4,16,64,"0x0","0x7f0abb6c9240",4181245303037499,4181245303440024,4181245303445592,4181245303449502,5568
1673,"loop_reduce_window_fusion_10.kd",2,8,1917,1263855,1263855,24064,256,0,0,8,0,16,64,"0x0","0x7f0abb6c9140",4181245303044169,4181245303445592,4181245303451400,4181245303455120,5808
1674,"loop_reduce_window_fusion_11.kd",2,8,1918,1263855,1263855,1536,256,0,0,8,0,16,64,"0x0","0x7f0abb6c9040",4181245303051990,4181245303451400,4181245303456929,4181245303461129,5529
1675,"loop_slice_fusion_5.kd",2,8,1919,1263855,1263855,6,6,0,0,20,4,16,64,"0x0","0x7f0abb6c9080",4181245303059111,4181245303456929,4181245303462457,4181245303466797,5528
1676,"input_concatenate_fusion.kd",2,8,1920,1263855,1263855,24064,256,0,0,12,4,32,64,"0x0","0x7f0abb6c9280",4181245303066832,4181245303462457,4181245303469227,4181245303472976,6770
1677,"input_reduce_reduce_window_fusion.kd",2,8,1921,1263855,1263855,11264,256,0,0,36,4,48,64,"0x0","0x7f0abb6c92c0",4181245303073262,4181245303469227,4181245303480283,4181245303486977,11056
1678,"loop_reduce_window_fusion_2.kd",2,8,1922,1263855,1263855,1792,256,0,0,8,0,16,64,"0x0","0x7f0abb6c9300",4181245303080423,4181245303480283,4181245303485972,4181245303496822,5689
1679,"loop_slice_fusion_7.kd",2,8,1923,1263855,1263855,7,7,0,0,20,4,16,64,"0x0","0x7f0abb6c9340",4181245303086612,4181245303485972,4181245303490779,4181245303507468,4807
1680,"loop_broadcast_fusion.kd",2,8,1924,1263855,1263855,28160,256,0,0,4,4,16,64,"0x0","0x7f0abb6c9380",4181245303093883,4181245303490779,4181245303496067,4181245303513567,5288
1681,"input_scatter_fusion.kd",2,8,1925,1263855,1263855,28160,256,0,0,12,4,32,64,"0x0","0x7f0abb6c93c0",4181245303100913,4181245303496067,4181245303502997,4181245303520788,6930
1682,"loop_reduce_window_fusion_1.kd",2,8,1926,1263855,1263855,28160,256,0,0,8,0,16,64,"0x0","0x7f0abb6c9400",4181245303108775,4181245303502997,4181245303507884,4181245303526756,4887
1683,"loop_reduce_window_fusion_2.kd",2,8,1927,1263855,1263855,1792,256,0,0,8,0,16,64,"0x0","0x7f0abb6c9300",4181245303115765,4181245303507884,4181245303512932,4181245303549991,5048
1684,"loop_slice_fusion_7.kd",2,8,1928,1263855,1263855,7,7,0,0,20,4,16,64,"0x0","0x7f0abb6c9340",4181245303122105,4181245303512932,4181245303517699,4181245303544363,4767
1685,"loop_slice_fusion_3.kd",2,8,1929,1263855,1263855,110,110,0,0,8,0,16,64,"0x0","0x7f0abb6c9440",4181245303129426,4181245303517699,4181245303522426,4181245303538324,4727
1686,"input_reduce_fusion_2.kd",2,8,1930,1263855,1263855,64,64,0,0,8,0,16,64,"0x0","0x7f0abb6c9480",4181245303136436,4181245303522426,4181245303527073,4181245303532595,4647
1687,"loop_select_fusion_4.kd",2,8,1931,1263855,1263855,28160,256,0,0,8,0,32,64,"0x0","0x7f0abb6c94c0",4181245303144528,4181245303527073,4181245303532201,4181245303570622,5128
1688,"loop_select_fusion.kd",2,8,1932,1263855,1263855,28160,256,0,0,8,0,16,64,"0x0","0x7f0abb6c9500",4181245303151709,4181245303532201,4181245303537168,4181245303576551,4967
1689,"loop_compare_fusion_1.kd",2,8,1933,1263855,1263855,4096,256,0,0,4,4,16,64,"0x0","0x7f0abb6c9540",4181245303158339,4181245303537168,4181245303542015,4181245303582399,4847
1690,"input_reduce_reduce_window_fusion_2.kd",2,8,1934,1263855,1263855,256,256,512,0,20,4,32,64,"0x0","0x7f0abb6c9580",4181245303165709,4181245303542015,4181245303558239,4181245303560036,16224
1691,"loop_slice_fusion_1.kd",2,8,1935,1263855,1263855,16,16,0,0,20,4,16,64,"0x0","0x7f0abb6c95c0",4181245303172770,4181245303558239,4181245303563006,4181245303617061,4767
1692,"loop_broadcast_fusion_3.kd",2,8,1936,1263855,1263855,4096,256,0,0,4,4,16,64,"0x0","0x7f0abb6c9600",4181245303180021,4181245303563006,4181245303567974,4181245303602209,4968
1693,"input_scatter_fusion_3.kd",2,8,1937,1263855,1263855,4096,256,0,0,8,0,32,64,"0x0","0x7f0abb6c9640",4181245303202074,4181245303567974,4181245303574263,4181245303608578,6289
1694,"loop_reduce_window_fusion_13.kd",2,8,1938,1263855,1263855,4096,256,0,0,8,0,16,64,"0x0","0x7f0abb6c9680",4181245303209915,4181245303574263,4181245303579030,4181245303594617,4767
1695,"loop_slice_fusion_1.kd",2,8,1939,1263855,1263855,16,16,0,0,20,4,16,64,"0x0","0x7f0abb6c95c0",4181245303216936,4181245303579030,4181245303583757,4181245303588699,4727
1696,"loop_remainder_fusion.kd",2,8,1940,1263855,1263855,4096,256,0,0,12,4,16,64,"0x0","0x7f0abb6c96c0",4181245303224006,4181245303583757,4181245303590007,4181245303635138,6250
1697,"loop_select_fusion_3.kd",2,8,1941,1263855,1263855,4096,256,0,0,8,0,32,64,"0x0","0x7f0abb6c9700",4181245303231507,4181245303590007,4181245303594894,4181245303641187,4887
1698,"loop_reduce_window_fusion_13.kd",2,8,1942,1263855,1263855,4096,256,0,0,8,0,16,64,"0x0","0x7f0abb6c9680",4181245303238958,4181245303594894,4181245303599701,4181245303647065,4807
1699,"loop_slice_fusion_1.kd",2,8,1943,1263855,1263855,16,16,0,0,20,4,16,64,"0x0","0x7f0abb6c95c0",4181245303246179,4181245303599701,4181245303604468,4181245303652343,4767
1700,"input_concatenate_fusion_1.kd",2,8,1944,1263855,1263855,4096,256,0,0,8,0,32,64,"0x0","0x7f0abb6c9740",4181245303252719,4181245303604468,4181245303610197,4181245303629249,5729
1701,"loop_compare_fusion.kd",2,8,1945,1263855,1263855,8192,256,0,0,4,4,16,64,"0x0","0x7f0abb6c9780",4181245303259589,4181245303610197,4181245303615164,4181245303622909,4967
1702,"input_reduce_reduce_window_fusion_1.kd",2,8,1946,1263855,1263855,512,512,512,0,20,4,48,64,"0x0","0x7f0abb6c97c0",4181245303267441,4181245303615164,4181245303632790,4181245303675408,17626
1703,"loop_reduce_window_fusion_6.kd",2,8,1947,1263855,1263855,32,32,0,0,32,0,16,64,"0x0","0x7f0abb6c9800",4181245303274561,4181245303632790,4181245303643847,4181245303682138,11057
1704,"loop_broadcast_fusion_1.kd",2,8,1948,1263855,1263855,8192,256,0,0,4,4,16,64,"0x0","0x7f0abb6c9840",4181245303281972,4181245303643847,4181245303649054,4181245303670921,5207
1705,"input_scatter_fusion_1.kd",2,8,1949,1263855,1263855,8192,256,0,0,8,0,32,64,"0x0","0x7f0abb6c9880",4181245303289544,4181245303649054,4181245303654543,4181245303666144,5489
1706,"loop_reduce_window_fusion_5.kd",2,8,1950,1263855,1263855,8192,256,0,0,8,0,16,64,"0x0","0x7f0abb6c98c0",4181245303296734,4181245303654543,4181245303659630,4181245303661066,5087
1707,"loop_reduce_window_fusion_4.kd",2,8,1951,1263855,1263855,512,256,0,0,8,0,16,64,"0x0","0x7f0abb6c9900",4181245303303895,4181245303659630,4181245303664838,4181245303706243,5208
1708,"loop_reduce_window_fusion_3.kd",2,8,1952,1263855,1263855,32,32,0,0,8,0,16,64,"0x0","0x7f0abb6c9940",4181245303311106,4181245303664838,4181245303669605,4181245303701747,4767
1709,"loop_select_fusion_6.kd",2,8,1953,1263855,1263855,8192,256,0,0,8,0,32,64,"0x0","0x7f0abb6c9980",4181245303318827,4181245303669605,4181245303674693,4181245303697300,5088
1710,"loop_select_fusion_1.kd",2,8,1954,1263855,1263855,8192,256,0,0,8,0,16,64,"0x0","0x7f0abb6c99c0",4181245303326569,4181245303674693,4181245303679700,4181245303692894,5007
1711,"loop_broadcast_fusion_4.kd",2,8,1955,1263855,1263855,16,16,0,0,4,4,16,64,"0x0","0x7f0abb6c9a00",4181245303333289,4181245303679700,4181245303684707,4181245303688507,5007
1712,"__amd_rocclr_fillBufferAligned.kd",2,8,1956,1263855,1263855,77824,256,0,0,12,4,48,64,"0x0","0x7f2abbf33580",4181245303345837,4181245303684707,4181245303698047,4181245303731371,13340
1713,"__amd_rocclr_fillBufferAligned.kd",2,8,1957,1263855,1263855,16128,256,0,0,12,4,48,64,"0x0","0x7f2abbf33580",4181245303352477,4181245303698047,4181245303702935,4181245303727084,4888
1714,"transformer_engine::fused_attn_rocm::populate_rng_state_kernel(long*, long const*, long) [clone .kd]",2,8,1958,1263855,1263855,1,1,0,0,8,0,16,64,"0x0","0x7f1abba31380",4181245303362763,4181245303702935,4181245303707822,4181245303717130,4887
1715,"__amd_rocclr_fillBufferAligned.kd",2,8,1959,1263855,1263855,256,256,0,0,12,4,48,64,"0x0","0x7f2abbf33580",4181245303498895,4181245303707822,4181245303712469,4181245303712433,4647
1716,"ck_fused_attn::get_runtime_max_seqlen_kernel(unsigned long, int const*, int const*, unsigned long*) [clone .kd]",2,8,1960,1263855,1263855,4096,128,0,0,4,4,32,64,"0x0","0x7f1abba20940",4181245303567767,4181245303712469,4181245303718237,4181245303722057,5768
1717,"__amd_rocclr_copyBuffer.kd",2,8,1961,1263855,1263855,512,512,0,0,16,0,32,64,"0x7f32cae73980","0x7f2abbf33600",4181245303623190,4181245303718237,4181245303724046,4181245303737830,5809
1718,"__amd_rocclr_fillBufferAligned.kd",2,8,1963,1263855,1263855,256,256,0,0,12,4,48,64,"0x0","0x7f2abbf33580",4181245303756588,4181245303765748,4181245303767871,4181245303803508,2123
1719,"ck_fused_attn::get_runtime_max_seqlen_kernel(unsigned long, int const*, int const*, unsigned long*) [clone .kd]",2,8,1964,1263855,1263855,4096,128,0,0,4,4,32,64,"0x0","0x7f1abba20940",4181245303772672,4181245303781772,4181245303790986,4181245303814595,9214
1720,"__amd_rocclr_copyBuffer.kd",2,8,1965,1263855,1263855,512,512,0,0,16,0,32,64,"0x7f32cafe8e00","0x7f2abbf33600",4181245303780534,4181245303790986,4181245303796233,4181245303809707,5247
1721,"void transformer_engine::fused_attn_rocm::compute_scores_kernel<hip_bfloat16, transformer_engine::fused_attn_rocm::SmallSeqConfig<6, 128, 256, false, (transformer_engine::fused_attn_rocm::CausalMaskType)0>, 1>(hip_bfloat16 const*, hip_bfloat16 const*, hip_bfloat16*, float, int const*, int const*, int, int) [clone .kd]",2,8,1967,1263855,1263855,64000,64,0,0,112,0,48,64,"0x0","0x7f02bb54f5c0",4181245303826332,4181245303835692,4181245303864134,4181245303864589,28442
1722,"void transformer_engine::fused_attn_rocm::apply_mask_and_softmax_kernel<hip_bfloat16, transformer_engine::fused_attn_rocm::SmallSeqConfig<6, 128, 256, false, (transformer_engine::fused_attn_rocm::CausalMaskType)0> >(hip_bfloat16*, hip_bfloat16 const*, float, int const*, int, int) [clone .kd]",2,8,1968,1263855,1263855,390144,256,1024,0,12,4,16,64,"0x0","0x7f02bb54f600",4181245303835466,4181245303864134,4181245303869222,4181245303876176,5088
1723,"void transformer_engine::fused_attn_rocm::compute_output_kernel<hip_bfloat16, transformer_engine::fused_attn_rocm::SmallSeqConfig<6, 128, 256, false, (transformer_engine::fused_attn_rocm::CausalMaskType)0>, 2, 8>(hip_bfloat16 const*, hip_bfloat16 const*, hip_bfloat16*, int const*, int const*, int, int) [clone .kd]",2,8,1969,1263855,1263855,512000,64,12288,0,28,4,48,64,"0x0","0x7f02bb54f640",4181245303853032,4181245303869222,4181245303931354,4181245303935755,62132
1724,"loop_broadcast_fusion_5.kd",2,8,1970,1263855,1263855,2048000,256,0,0,4,4,16,64,"0x0","0x7f0abb6c9a40",4181245303861414,4181245303931354,4181245303939486,4181245303941613,8132
1725,"__amd_rocclr_fillBufferAligned.kd",2,8,1971,1263855,1263855,77824,256,0,0,12,4,48,64,"0x0","0x7f2abbf33580",4181245303876316,4181245303939486,4181245303946417,4181245303947222,6931
1726,"__amd_rocclr_fillBufferAligned.kd",2,8,1972,1263855,1263855,77824,256,0,0,12,4,48,64,"0x0","0x7f2abbf33580",4181245303890197,4181245303946417,4181245303963883,4181245303972519,17466
1727,"__amd_rocclr_fillBufferAligned.kd",2,8,1973,1263855,1263855,77824,256,0,0,12,4,48,64,"0x0","0x7f2abbf33580",4181245303897939,4181245303963883,4181245303981389,4181245303995994,17506
1728,"__amd_rocclr_fillBufferAligned.kd",2,8,1974,1263855,1263855,256,256,0,0,12,4,48,64,"0x0","0x7f2abbf33580",4181245303905830,4181245303981389,4181245303986036,4181245303988543,4647
1729,"ck_fused_attn::get_runtime_max_seqlen_kernel(unsigned long, int const*, int const*, unsigned long*) [clone .kd]",2,8,1975,1263855,1263855,4096,128,0,0,4,4,32,64,"0x0","0x7f1abba20940",4181245303912841,4181245303986036,4181245303992004,4181245304007802,5968
1730,"__amd_rocclr_copyBuffer.kd",2,8,1976,1263855,1263855,512,512,0,0,16,0,32,64,"0x7f32cafe8d00","0x7f2abbf33600",4181245303920923,4181245303992004,4181245303997453,4181245304002384,5449
1731,"__amd_rocclr_fillBufferAligned.kd",2,8,1978,1263855,1263855,256,256,0,0,12,4,48,64,"0x0","0x7f2abbf33580",4181245304020000,4181245304033706,4181245304035750,4181245304037686,2044
1732,"ck_fused_attn::get_runtime_max_seqlen_kernel(unsigned long, int const*, int const*, unsigned long*) [clone .kd]",2,8,1979,1263855,1263855,4096,128,0,0,4,4,32,64,"0x0","0x7f1abba20940",4181245304031467,4181245304040116,4181245304046005,4181245304047160,5889
1733,"__amd_rocclr_copyBuffer.kd",2,8,1980,1263855,1263855,512,512,0,0,16,0,32,64,"0x7f32cafe8c00","0x7f2abbf33600",4181245304038417,4181245304053496,4181245304059825,4181245304062653,6329
1734,"void transformer_engine::fused_attn_rocm::compute_grad_v_kernel<hip_bfloat16, transformer_engine::fused_attn_rocm::SmallSeqConfig<6, 128, 256, false, (transformer_engine::fused_attn_rocm::CausalMaskType)0>, 16, 16>(hip_bfloat16 const*, hip_bfloat16 const*, hip_bfloat16*, int const*, int const*, int, int) [clone .kd]",2,8,1982,1263855,1263855,256000,64,12288,0,32,0,48,64,"0x0","0x7f02bb551100",4181245304078227,4181245304089309,4181245304224911,4181245304229502,135602
1735,"void transformer_engine::fused_attn_rocm::compute_grad_attn_kernel<hip_bfloat16, transformer_engine::fused_attn_rocm::SmallSeqConfig<6, 128, 256, false, (transformer_engine::fused_attn_rocm::CausalMaskType)0>, 16>(hip_bfloat16 const*, hip_bfloat16 const*, hip_bfloat16*, int const*, int const*, int, int) [clone .kd]",2,8,1983,1263855,1263855,8000,64,0,0,116,4,64,64,"0x0","0x7f02bb551140",4181245304087420,4181245304224911,4181245304453851,4181245304455628,228940
1736,"void transformer_engine::fused_attn_rocm::softmax_backward_kernel<hip_bfloat16, transformer_engine::fused_attn_rocm::SmallSeqConfig<6, 128, 256, false, (transformer_engine::fused_attn_rocm::CausalMaskType)0> >(hip_bfloat16 const*, hip_bfloat16 const*, hip_bfloat16*, float, int const*, int, int) [clone .kd]",2,8,1984,1263855,1263855,390144,256,1024,0,16,0,16,64,"0x0","0x7f02bb551180",4181245304097816,4181245304453851,4181245304459700,4181245304464711,5849
1737,"void transformer_engine::fused_attn_rocm::compute_grad_qk_kernel<hip_bfloat16, transformer_engine::fused_attn_rocm::SmallSeqConfig<6, 128, 256, false, (transformer_engine::fused_attn_rocm::CausalMaskType)0>, 4, 16>(hip_bfloat16 const*, hip_bfloat16 const*, hip_bfloat16 const*, hip_bfloat16*, hip_bfloat16*, float, int const*, int const*, int, int) [clone .kd]",2,8,1985,1263855,1263855,1024000,64,12288,0,36,4,48,64,"0x0","0x7f02bb5511c0",4181245304105798,4181245304459700,4181245304616573,4181245304627123,156873
1738,"input_reduce_fusion.kd",2,8,1986,1263855,1263855,524288,256,512,0,16,0,16,64,"0x0","0x7f0abb6c9a80",4181245304113990,4181245304616573,4181245304626348,4181245304635035,9775
1739,"input_reduce_fusion_3.kd",2,8,1987,1263855,1263855,128,128,512,0,24,0,16,64,"0x0","0x7f0abb6c9ac0",4181245304122623,4181245304626348,4181245304632036,4181245304641084,5688
1740,"loop_convert_fusion.kd",2,8,1988,1263855,1263855,1,1,0,0,4,4,16,64,"0x0","0x7f0abb6c9b00",4181245304129192,4181245304632036,4181245304636363,4181245304647243,4327
1741,"input_reduce_reduce_window_fusion_3.kd",2,8,1991,1263855,1263855,9728,256,0,0,28,4,48,64,"0x0","0x7f0abb6c9000",4181245304258234,4181245304647980,4181245304658636,4181245304659131,10656
1742,"loop_reduce_window_fusion_11.kd",2,8,1992,1263855,1263855,1536,256,0,0,8,0,16,64,"0x0","0x7f0abb6c9040",4181245304268009,4181245304658636,4181245304666127,4181245304671829,7491
1743,"loop_slice_fusion_5.kd",2,8,1993,1263855,1263855,6,6,0,0,20,4,16,64,"0x0","0x7f0abb6c9080",4181245304275570,4181245304666127,4181245304671134,4181245304677488,5007
1744,"loop_broadcast_fusion_2.kd",2,8,1994,1263855,1263855,24064,256,0,0,4,4,16,64,"0x0","0x7f0abb6c90c0",4181245304281599,4181245304671134,4181245304676703,4181245304683307,5569
1745,"input_scatter_fusion_2.kd",2,8,1995,1263855,1263855,24064,256,0,0,12,4,32,64,"0x0","0x7f0abb6c9100",4181245304289701,4181245304676703,4181245304684795,4181245304689446,8092
1746,"loop_reduce_window_fusion_10.kd",2,8,1996,1263855,1263855,24064,256,0,0,8,0,16,64,"0x0","0x7f0abb6c9140",4181245304296752,4181245304684795,4181245304690403,4181245304695074,5608
1747,"loop_reduce_window_fusion_11.kd",2,8,1997,1263855,1263855,1536,256,0,0,8,0,16,64,"0x0","0x7f0abb6c9040",4181245304304113,4181245304690403,4181245304696052,4181245304701083,5649
1748,"loop_slice_fusion_4.kd",2,8,1998,1263855,1263855,94,94,0,0,24,0,16,64,"0x0","0x7f0abb6c9180",4181245304311113,4181245304696052,4181245304701580,4181245304708544,5528
1749,"input_reduce_fusion_1.kd",2,8,1999,1263855,1263855,64,64,0,0,8,0,16,64,"0x0","0x7f0abb6c91c0",4181245304318294,4181245304701580,4181245304707228,4181245304714423,5648
1750,"loop_select_fusion_5.kd",2,8,2000,1263855,1263855,24064,256,0,0,8,0,32,64,"0x0","0x7f0abb6c9200",4181245304325484,4181245304707228,4181245304712957,4181245304720412,5729
1751,"loop_select_fusion_2.kd",2,8,2001,1263855,1263855,24064,256,0,0,4,4,16,64,"0x0","0x7f0abb6c9240",4181245304333396,4181245304712957,4181245304718525,4181245304726210,5568
1752,"loop_reduce_window_fusion_10.kd",2,8,2002,1263855,1263855,24064,256,0,0,8,0,16,64,"0x0","0x7f0abb6c9140",4181245304340817,4181245304718525,4181245304724053,4181245304732199,5528
1753,"loop_reduce_window_fusion_11.kd",2,8,2003,1263855,1263855,1536,256,0,0,8,0,16,64,"0x0","0x7f0abb6c9040",4181245304348499,4181245304724053,4181245304729661,4181245304738639,5608
1754,"loop_slice_fusion_5.kd",2,8,2004,1263855,1263855,6,6,0,0,20,4,16,64,"0x0","0x7f0abb6c9080",4181245304354898,4181245304729661,4181245304735230,4181245304744548,5569
1755,"input_concatenate_fusion.kd",2,8,2005,1263855,1263855,24064,256,0,0,12,4,32,64,"0x0","0x7f0abb6c9280",4181245304362219,4181245304735230,4181245304742240,4181245304750627,7010
1756,"input_reduce_reduce_window_fusion.kd",2,8,2006,1263855,1263855,11264,256,0,0,36,4,48,64,"0x0","0x7f0abb6c92c0",4181245304369049,4181245304742240,4181245304753417,4181245304756806,11177
1757,"loop_reduce_window_fusion_2.kd",2,8,2007,1263855,1263855,1792,256,0,0,8,0,16,64,"0x0","0x7f0abb6c9300",4181245304376390,4181245304753417,4181245304759346,4181245304762865,5929
1758,"loop_slice_fusion_7.kd",2,8,2008,1263855,1263855,7,7,0,0,20,4,16,64,"0x0","0x7f0abb6c9340",4181245304383070,4181245304759346,4181245304764954,4181245304768513,5608
1759,"loop_broadcast_fusion.kd",2,8,2009,1263855,1263855,28160,256,0,0,4,4,16,64,"0x0","0x7f0abb6c9380",4181245304390471,4181245304764954,4181245304770562,4181245304774432,5608
1760,"input_scatter_fusion.kd",2,8,2010,1263855,1263855,28160,256,0,0,12,4,32,64,"0x0","0x7f0abb6c93c0",4181245304397932,4181245304770562,4181245304778654,4181245304780371,8092
1761,"loop_reduce_window_fusion_1.kd",2,8,2011,1263855,1263855,28160,256,0,0,8,0,16,64,"0x0","0x7f0abb6c9400",4181245304405233,4181245304778654,4181245304784223,4181245304788102,5569
1762,"loop_reduce_window_fusion_2.kd",2,8,2012,1263855,1263855,1792,256,0,0,8,0,16,64,"0x0","0x7f0abb6c9300",4181245304412524,4181245304784223,4181245304790031,4181245304793991,5808
1763,"loop_slice_fusion_7.kd",2,8,2013,1263855,1263855,7,7,0,0,20,4,16,64,"0x0","0x7f0abb6c9340",4181245304419154,4181245304790031,4181245304795680,4181245304813330,5649
1764,"loop_slice_fusion_3.kd",2,8,2014,1263855,1263855,110,110,0,0,8,0,16,64,"0x0","0x7f0abb6c9440",4181245304426635,4181245304795680,4181245304801248,4181245304819749,5568
1765,"input_reduce_fusion_2.kd",2,8,2015,1263855,1263855,64,64,0,0,8,0,16,64,"0x0","0x7f0abb6c9480",4181245304433645,4181245304801248,4181245304807057,4181245304808172,5809
1766,"loop_select_fusion_4.kd",2,8,2016,1263855,1263855,28160,256,0,0,8,0,32,64,"0x0","0x7f0abb6c94c0",4181245304441988,4181245304807057,4181245304812104,4181245304911666,5047
1767,"loop_select_fusion.kd",2,8,2017,1263855,1263855,28160,256,0,0,8,0,16,64,"0x0","0x7f0abb6c9500",4181245304449489,4181245304812104,4181245304817552,4181245304828583,5448
1768,"loop_compare_fusion_1.kd",2,8,2018,1263855,1263855,4096,256,0,0,4,4,16,64,"0x0","0x7f0abb6c9540",4181245304456009,4181245304817552,4181245304822520,4181245304834141,4968
1769,"input_reduce_reduce_window_fusion_2.kd",2,8,2019,1263855,1263855,256,256,512,0,20,4,32,64,"0x0","0x7f0abb6c9580",4181245304481747,4181245304822520,4181245304838063,4181245304840230,15543
1770,"loop_slice_fusion_1.kd",2,8,2020,1263855,1263855,16,16,0,0,20,4,16,64,"0x0","0x7f0abb6c95c0",4181245304489829,4181245304838063,4181245304842830,4181245304846479,4767
1771,"loop_broadcast_fusion_3.kd",2,8,2021,1263855,1263855,4096,256,0,0,4,4,16,64,"0x0","0x7f0abb6c9600",4181245304496779,4181245304842830,4181245304847837,4181245304852338,5007
1772,"input_scatter_fusion_3.kd",2,8,2022,1263855,1263855,4096,256,0,0,8,0,32,64,"0x0","0x7f0abb6c9640",4181245304503870,4181245304847837,4181245304854167,4181245304858036,6330
1773,"loop_reduce_window_fusion_13.kd",2,8,2023,1263855,1263855,4096,256,0,0,8,0,16,64,"0x0","0x7f0abb6c9680",4181245304510850,4181245304854167,4181245304858934,4181245304863855,4767
1774,"loop_slice_fusion_1.kd",2,8,2024,1263855,1263855,16,16,0,0,20,4,16,64,"0x0","0x7f0abb6c95c0",4181245304518481,4181245304858934,4181245304863621,4181245304871056,4687
1775,"loop_remainder_fusion.kd",2,8,2025,1263855,1263855,4096,256,0,0,12,4,16,64,"0x0","0x7f0abb6c96c0",4181245304526343,4181245304863621,4181245304869670,4181245304876834,6049
1776,"loop_select_fusion_3.kd",2,8,2026,1263855,1263855,4096,256,0,0,8,0,32,64,"0x0","0x7f0abb6c9700",4181245304533804,4181245304869670,4181245304874517,4181245304882693,4847
1777,"loop_reduce_window_fusion_13.kd",2,8,2027,1263855,1263855,4096,256,0,0,8,0,16,64,"0x0","0x7f0abb6c9680",4181245304541345,4181245304874517,4181245304879324,4181245304888702,4807
1778,"loop_slice_fusion_1.kd",2,8,2028,1263855,1263855,16,16,0,0,20,4,16,64,"0x0","0x7f0abb6c95c0",4181245304547855,4181245304879324,4181245304884131,4181245304894401,4807
1779,"input_concatenate_fusion_1.kd",2,8,2029,1263855,1263855,4096,256,0,0,8,0,32,64,"0x0","0x7f0abb6c9740",4181245304555587,4181245304884131,4181245304889980,4181245304900129,5849
1780,"loop_compare_fusion.kd",2,8,2030,1263855,1263855,8192,256,0,0,4,4,16,64,"0x0","0x7f0abb6c9780",4181245304562968,4181245304889980,4181245304895027,4181245304905797,5047
1781,"input_reduce_reduce_window_fusion_1.kd",2,8,2031,1263855,1263855,512,512,512,0,20,4,48,64,"0x0","0x7f0abb6c97c0",4181245304570088,4181245304895027,4181245304912213,4181245304920129,17186
1782,"loop_reduce_window_fusion_6.kd",2,8,2032,1263855,1263855,32,32,0,0,32,0,16,64,"0x0","0x7f0abb6c9800",4181245304576458,4181245304912213,4181245304921947,4181245304925577,9734
1783,"loop_broadcast_fusion_1.kd",2,8,2033,1263855,1263855,8192,256,0,0,4,4,16,64,"0x0","0x7f0abb6c9840",4181245304583548,4181245304921947,4181245304926995,4181245304954340,5048
1784,"input_scatter_fusion_1.kd",2,8,2034,1263855,1263855,8192,256,0,0,8,0,32,64,"0x0","0x7f0abb6c9880",4181245304590589,4181245304926995,4181245304932363,4181245304948711,5368
1785,"loop_reduce_window_fusion_5.kd",2,8,2035,1263855,1263855,8192,256,0,0,8,0,16,64,"0x0","0x7f0abb6c98c0",4181245304598290,4181245304932363,4181245304937451,4181245304942642,5088
1786,"loop_reduce_window_fusion_4.kd",2,8,2036,1263855,1263855,512,256,0,0,8,0,16,64,"0x0","0x7f0abb6c9900",4181245304604129,4181245304937451,4181245304942698,4181245304977003,5247
1787,"loop_reduce_window_fusion_3.kd",2,8,2037,1263855,1263855,32,32,0,0,8,0,16,64,"0x0","0x7f0abb6c9940",4181245304611540,4181245304942698,4181245304947586,4181245304971405,4888
1788,"loop_select_fusion_6.kd",2,8,2038,1263855,1263855,8192,256,0,0,8,0,32,64,"0x0","0x7f0abb6c9980",4181245304619772,4181245304947586,4181245304952673,4181245304993448,5087
1789,"loop_select_fusion_1.kd",2,8,2039,1263855,1263855,8192,256,0,0,8,0,16,64,"0x0","0x7f0abb6c99c0",4181245304626492,4181245304952673,4181245304957600,4181245304962752,4927
1790,"loop_broadcast_fusion_4.kd",2,8,2040,1263855,1263855,16,16,0,0,4,4,16,64,"0x0","0x7f0abb6c9a00",4181245304662956,4181245304957600,4181245304962608,4181245304987399,5008
1791,"__amd_rocclr_fillBufferAligned.kd",2,8,2041,1263855,1263855,77824,256,0,0,12,4,48,64,"0x0","0x7f2abbf33580",4181245304814482,4181245304962608,4181245304977310,4181245305002061,14702
1792,"__amd_rocclr_fillBufferAligned.kd",2,8,2042,1263855,1263855,16128,256,0,0,12,4,48,64,"0x0","0x7f2abbf33580",4181245304831577,4181245304977310,4181245304982237,4181245305027529,4927
1793,"transformer_engine::fused_attn_rocm::populate_rng_state_kernel(long*, long const*, long) [clone .kd]",2,8,2043,1263855,1263855,1,1,0,0,8,0,16,64,"0x0","0x7f1abba31380",4181245304941120,4181245304982237,4181245304986403,4181245305021279,4166
1794,"__amd_rocclr_fillBufferAligned.kd",2,8,2044,1263855,1263855,256,256,0,0,12,4,48,64,"0x0","0x7f2abbf33580",4181245304979687,4181245305008596,4181245305010439,4181245305016092,1843
1795,"ck_fused_attn::get_runtime_max_seqlen_kernel(unsigned long, int const*, int const*, unsigned long*) [clone .kd]",2,8,2045,1263855,1263855,4096,128,0,0,4,4,32,64,"0x0","0x7f1abba20940",4181245305011785,4181245305021415,4181245305027224,4181245305036141,5809
1796,"__amd_rocclr_copyBuffer.kd",2,8,2046,1263855,1263855,512,512,0,0,16,0,32,64,"0x7f32cae73a00","0x7f2abbf33600",4181245305022681,4181245305043007,4181245305049657,4181245305052566,6650
1797,"__amd_rocclr_fillBufferAligned.kd",2,8,2048,1263855,1263855,256,256,0,0,12,4,48,64,"0x0","0x7f2abbf33580",4181245305071574,4181245305081264,4181245305083227,4181245305115650,1963
1798,"ck_fused_attn::get_runtime_max_seqlen_kernel(unsigned long, int const*, int const*, unsigned long*) [clone .kd]",2,8,2049,1263855,1263855,4096,128,0,0,4,4,32,64,"0x0","0x7f1abba20940",4181245305083632,4181245305091399,4181245305097248,4181245305126726,5849
1799,"__amd_rocclr_copyBuffer.kd",2,8,2050,1263855,1263855,512,512,0,0,16,0,32,64,"0x7f32cafe8900","0x7f2abbf33600",4181245305092766,4181245305102175,4181245305108305,4181245305122019,6130
1800,"void transformer_engine::fused_attn_rocm::compute_scores_kernel<hip_bfloat16, transformer_engine::fused_attn_rocm::SmallSeqConfig<6, 128, 256, false, (transformer_engine::fused_attn_rocm::CausalMaskType)0>, 1>(hip_bfloat16 const*, hip_bfloat16 const*, hip_bfloat16*, float, int const*, int const*, int, int) [clone .kd]",2,8,2052,1263855,1263855,64000,64,0,0,112,0,48,64,"0x0","0x7f02bb54f5c0",4181245305138013,4181245305154373,4181245305184177,4181245305185944,29804
1801,"void transformer_engine::fused_attn_rocm::apply_mask_and_softmax_kernel<hip_bfloat16, transformer_engine::fused_attn_rocm::SmallSeqConfig<6, 128, 256, false, (transformer_engine::fused_attn_rocm::CausalMaskType)0> >(hip_bfloat16*, hip_bfloat16 const*, float, int const*, int, int) [clone .kd]",2,8,2053,1263855,1263855,390144,256,1024,0,12,4,16,64,"0x0","0x7f02bb54f600",4181245305153616,4181245305184177,4181245305189465,4181245305194467,5288
1802,"void transformer_engine::fused_attn_rocm::compute_output_kernel<hip_bfloat16, transformer_engine::fused_attn_rocm::SmallSeqConfig<6, 128, 256, false, (transformer_engine::fused_attn_rocm::CausalMaskType)0>, 2, 8>(hip_bfloat16 const*, hip_bfloat16 const*, hip_bfloat16*, int const*, int const*, int, int) [clone .kd]",2,8,2054,1263855,1263855,512000,64,12288,0,28,4,48,64,"0x0","0x7f02bb54f640",4181245305163441,4181245305189465,4181245305255323,4181245305256840,65858
1803,"loop_broadcast_fusion_5.kd",2,8,2055,1263855,1263855,2048000,256,0,0,4,4,16,64,"0x0","0x7f0abb6c9a40",4181245305171953,4181245305255323,4181245305263535,4181245305264992,8212
1804,"__amd_rocclr_fillBufferAligned.kd",2,8,2056,1263855,1263855,77824,256,0,0,12,4,48,64,"0x0","0x7f2abbf33580",4181245305185013,4181245305263535,4181245305270386,4181245305271952,6851
1805,"__amd_rocclr_fillBufferAligned.kd",2,8,2057,1263855,1263855,77824,256,0,0,12,4,48,64,"0x0","0x7f2abbf33580",4181245305207386,4181245305270386,4181245305288172,4181245305295968,17786
1806,"__amd_rocclr_fillBufferAligned.kd",2,8,2058,1263855,1263855,77824,256,0,0,12,4,48,64,"0x0","0x7f2abbf33580",4181245305215047,4181245305288172,4181245305305918,4181245305317991,17746
1807,"__amd_rocclr_fillBufferAligned.kd",2,8,2059,1263855,1263855,256,256,0,0,12,4,48,64,"0x0","0x7f2abbf33580",4181245305222739,4181245305305918,4181245305310525,4181245305311921,4607
1808,"ck_fused_attn::get_runtime_max_seqlen_kernel(unsigned long, int const*, int const*, unsigned long*) [clone .kd]",2,8,2060,1263855,1263855,4096,128,0,0,4,4,32,64,"0x0","0x7f1abba20940",4181245305229729,4181245305310525,4181245305316534,4181245305324430,6009
1809,"__amd_rocclr_copyBuffer.kd",2,8,2061,1263855,1263855,512,512,0,0,16,0,32,64,"0x7f32cafe8800","0x7f2abbf33600",4181245305237901,4181245305316534,4181245305322143,4181245305329337,5609
1810,"__amd_rocclr_fillBufferAligned.kd",2,8,2063,1263855,1263855,256,256,0,0,12,4,48,64,"0x0","0x7f2abbf33580",4181245305346643,4181245305359318,4181245305361441,4181245305362747,2123
1811,"ck_fused_attn::get_runtime_max_seqlen_kernel(unsigned long, int const*, int const*, unsigned long*) [clone .kd]",2,8,2064,1263855,1263855,4096,128,0,0,4,4,32,64,"0x0","0x7f1abba20940",4181245305357319,4181245305365487,4181245305371496,4181245305372792,6009
1812,"__amd_rocclr_copyBuffer.kd",2,8,2065,1263855,1263855,512,512,0,0,16,0,32,64,"0x7f32cafe8700","0x7f2abbf33600",4181245305364530,4181245305378426,4181245305384716,4181245305387955,6290
1813,"void transformer_engine::fused_attn_rocm::compute_grad_v_kernel<hip_bfloat16, transformer_engine::fused_attn_rocm::SmallSeqConfig<6, 128, 256, false, (transformer_engine::fused_attn_rocm::CausalMaskType)0>, 16, 16>(hip_bfloat16 const*, hip_bfloat16 const*, hip_bfloat16*, int const*, int const*, int, int) [clone .kd]",2,8,2067,1263855,1263855,256000,64,12288,0,32,0,48,64,"0x0","0x7f02bb551100",4181245305402777,4181245305416203,4181245305553487,4181245305559550,137284
1814,"void transformer_engine::fused_attn_rocm::compute_grad_attn_kernel<hip_bfloat16, transformer_engine::fused_attn_rocm::SmallSeqConfig<6, 128, 256, false, (transformer_engine::fused_attn_rocm::CausalMaskType)0>, 16>(hip_bfloat16 const*, hip_bfloat16 const*, hip_bfloat16*, int const*, int const*, int, int) [clone .kd]",2,8,2068,1263855,1263855,8000,64,0,0,116,4,64,64,"0x0","0x7f02bb551140",4181245305413573,4181245305553487,4181245305782347,4181245305790013,228860
1815,"void transformer_engine::fused_attn_rocm::softmax_backward_kernel<hip_bfloat16, transformer_engine::fused_attn_rocm::SmallSeqConfig<6, 128, 256, false, (transformer_engine::fused_attn_rocm::CausalMaskType)0> >(hip_bfloat16 const*, hip_bfloat16 const*, hip_bfloat16*, float, int const*, int, int) [clone .kd]",2,8,2069,1263855,1263855,390144,256,1024,0,16,0,16,64,"0x0","0x7f02bb551180",4181245305422035,4181245305782347,4181245305788316,4181245305796472,5969
1816,"void transformer_engine::fused_attn_rocm::compute_grad_qk_kernel<hip_bfloat16, transformer_engine::fused_attn_rocm::SmallSeqConfig<6, 128, 256, false, (transformer_engine::fused_attn_rocm::CausalMaskType)0>, 4, 16>(hip_bfloat16 const*, hip_bfloat16 const*, hip_bfloat16 const*, hip_bfloat16*, hip_bfloat16*, float, int const*, int const*, int, int) [clone .kd]",2,8,2070,1263855,1263855,1024000,64,12288,0,36,4,48,64,"0x0","0x7f02bb5511c0",4181245305430237,4181245305788316,4181245305950637,4181245305955018,162321
1817,"input_reduce_fusion.kd",2,8,2071,1263855,1263855,524288,256,512,0,16,0,16,64,"0x0","0x7f0abb6c9a80",4181245305439051,4181245305950637,4181245305960532,4181245305965764,9895
1818,"input_reduce_fusion_3.kd",2,8,2072,1263855,1263855,128,128,512,0,24,0,16,64,"0x0","0x7f0abb6c9ac0",4181245305447133,4181245305960532,4181245305966341,4181245305972404,5809
1819,"loop_convert_fusion.kd",2,8,2073,1263855,1263855,1,1,0,0,4,4,16,64,"0x0","0x7f0abb6c9b00",4181245305453782,4181245305966341,4181245305970707,4181245305978543,4366
1820,"input_reduce_reduce_window_fusion_3.kd",2,8,2076,1263855,1263855,9728,256,0,0,28,4,48,64,"0x0","0x7f0abb6c9000",4181245305570626,4181245305982525,4181245305992940,4181245305995438,10415
1821,"loop_reduce_window_fusion_11.kd",2,8,2077,1263855,1263855,1536,256,0,0,8,0,16,64,"0x0","0x7f0abb6c9040",4181245305580030,4181245305992940,4181245305999830,4181245306001988,6890
1822,"loop_slice_fusion_5.kd",2,8,2078,1263855,1263855,6,6,0,0,20,4,16,64,"0x0","0x7f0abb6c9080",4181245305586880,4181245305999830,4181245306004718,4181245306008047,4888
1823,"loop_broadcast_fusion_2.kd",2,8,2079,1263855,1263855,24064,256,0,0,4,4,16,64,"0x0","0x7f0abb6c90c0",4181245305594642,4181245306004718,4181245306010326,4181245306013956,5608
1824,"input_scatter_fusion_2.kd",2,8,2080,1263855,1263855,24064,256,0,0,12,4,32,64,"0x0","0x7f0abb6c9100",4181245305602794,4181245306010326,4181245306018498,4181245306020325,8172
1825,"loop_reduce_window_fusion_10.kd",2,8,2081,1263855,1263855,24064,256,0,0,8,0,16,64,"0x0","0x7f0abb6c9140",4181245305609885,4181245306018498,4181245306023946,4181245306025913,5448
1826,"loop_reduce_window_fusion_11.kd",2,8,2082,1263855,1263855,1536,256,0,0,8,0,16,64,"0x0","0x7f0abb6c9040",4181245305616444,4181245306023946,4181245306029475,4181245306032063,5529
1827,"loop_slice_fusion_4.kd",2,8,2083,1263855,1263855,94,94,0,0,24,0,16,64,"0x0","0x7f0abb6c9180",4181245305623715,4181245306029475,4181245306035003,4181245306037881,5528
1828,"input_reduce_fusion_1.kd",2,8,2084,1263855,1263855,64,64,0,0,8,0,16,64,"0x0","0x7f0abb6c91c0",4181245305630465,4181245306035003,4181245306040571,4181245306045693,5568
1829,"loop_select_fusion_5.kd",2,8,2085,1263855,1263855,24064,256,0,0,8,0,32,64,"0x0","0x7f0abb6c9200",4181245305637956,4181245306040571,4181245306046260,4181245306051682,5689
1830,"loop_select_fusion_2.kd",2,8,2086,1263855,1263855,24064,256,0,0,4,4,16,64,"0x0","0x7f0abb6c9240",4181245305645077,4181245306046260,4181245306051668,4181245306057470,5408
1831,"loop_reduce_window_fusion_10.kd",2,8,2087,1263855,1263855,24064,256,0,0,8,0,16,64,"0x0","0x7f0abb6c9140",4181245305652278,4181245306051668,4181245306057196,4181245306063059,5528
1832,"loop_reduce_window_fusion_11.kd",2,8,2088,1263855,1263855,1536,256,0,0,8,0,16,64,"0x0","0x7f0abb6c9040",4181245305658747,4181245306057196,4181245306062724,4181245306068787,5528
1833,"loop_slice_fusion_5.kd",2,8,2089,1263855,1263855,6,6,0,0,20,4,16,64,"0x0","0x7f0abb6c9080",4181245305666058,4181245306062724,4181245306068332,4181245306074486,5608
1834,"input_concatenate_fusion.kd",2,8,2090,1263855,1263855,24064,256,0,0,12,4,32,64,"0x0","0x7f0abb6c9280",4181245305672418,4181245306068332,4181245306075142,4181245306080404,6810
1835,"input_reduce_reduce_window_fusion.kd",2,8,2091,1263855,1263855,11264,256,0,0,36,4,48,64,"0x0","0x7f0abb6c92c0",4181245305679278,4181245306075142,4181245306086159,4181245306086213,11017
1836,"loop_reduce_window_fusion_2.kd",2,8,2092,1263855,1263855,1792,256,0,0,8,0,16,64,"0x0","0x7f0abb6c9300",4181245305685808,4181245306086159,4181245306093009,4181245306099964,6850
1837,"loop_slice_fusion_7.kd",2,8,2093,1263855,1263855,7,7,0,0,20,4,16,64,"0x0","0x7f0abb6c9340",4181245305692938,4181245306093009,4181245306098577,4181245306106724,5568
1838,"loop_broadcast_fusion.kd",2,8,2094,1263855,1263855,28160,256,0,0,4,4,16,64,"0x0","0x7f0abb6c9380",4181245305699949,4181245306098577,4181245306103705,4181245306112572,5128
1839,"input_scatter_fusion.kd",2,8,2095,1263855,1263855,28160,256,0,0,12,4,32,64,"0x0","0x7f0abb6c93c0",4181245305706649,4181245306103705,4181245306110876,4181245306118501,7171
1840,"loop_reduce_window_fusion_1.kd",2,8,2096,1263855,1263855,28160,256,0,0,8,0,16,64,"0x0","0x7f0abb6c9400",4181245305714550,4181245306110876,4181245306115763,4181245306124360,4887
1841,"loop_reduce_window_fusion_2.kd",2,8,2097,1263855,1263855,1792,256,0,0,8,0,16,64,"0x0","0x7f0abb6c9300",4181245305721110,4181245306115763,4181245306120770,4181245306131290,5007
1842,"loop_slice_fusion_7.kd",2,8,2098,1263855,1263855,7,7,0,0,20,4,16,64,"0x0","0x7f0abb6c9340",4181245305728381,4181245306120770,4181245306125497,4181245306136908,4727
1843,"loop_slice_fusion_3.kd",2,8,2099,1263855,1263855,110,110,0,0,8,0,16,64,"0x0","0x7f0abb6c9440",4181245305735171,4181245306125497,4181245306130264,4181245306148456,4767
1844,"input_reduce_fusion_2.kd",2,8,2100,1263855,1263855,64,64,0,0,8,0,16,64,"0x0","0x7f0abb6c9480",4181245305742372,4181245306130264,4181245306134991,4181245306142777,4727
1845,"loop_select_fusion_4.kd",2,8,2101,1263855,1263855,28160,256,0,0,8,0,32,64,"0x0","0x7f0abb6c94c0",4181245305749252,4181245306134991,4181245306139999,4181245306163889,5008
1846,"loop_select_fusion.kd",2,8,2102,1263855,1263855,28160,256,0,0,8,0,16,64,"0x0","0x7f0abb6c9500",4181245305755992,4181245306139999,4181245306144966,4181245306168085,4967
1847,"loop_compare_fusion_1.kd",2,8,2103,1263855,1263855,4096,256,0,0,4,4,16,64,"0x0","0x7f0abb6c9540",4181245305763433,4181245306144966,4181245306149773,4181245306158461,4807
1848,"input_reduce_reduce_window_fusion_2.kd",2,8,2104,1263855,1263855,256,256,512,0,20,4,32,64,"0x0","0x7f0abb6c9580",4181245305770774,4181245306149773,4181245306165677,4181245306188014,15904
1849,"loop_slice_fusion_1.kd",2,8,2105,1263855,1263855,16,16,0,0,20,4,16,64,"0x0","0x7f0abb6c95c0",4181245305777434,4181245306165677,4181245306170404,4181245306172802,4727
1850,"loop_broadcast_fusion_3.kd",2,8,2106,1263855,1263855,4096,256,0,0,4,4,16,64,"0x0","0x7f0abb6c9600",4181245305784194,4181245306170404,4181245306175251,4181245306177238,4847
1851,"input_scatter_fusion_3.kd",2,8,2107,1263855,1263855,4096,256,0,0,8,0,32,64,"0x0","0x7f0abb6c9640",4181245305791074,4181245306175251,4181245306181461,4181245306181425,6210
1852,"loop_reduce_window_fusion_13.kd",2,8,2108,1263855,1263855,4096,256,0,0,8,0,16,64,"0x0","0x7f0abb6c9680",4181245305801139,4181245306181461,4181245306186268,4181245306215846,4807
1853,"loop_slice_fusion_1.kd",2,8,2109,1263855,1263855,16,16,0,0,20,4,16,64,"0x0","0x7f0abb6c95c0",4181245305809762,4181245306186268,4181245306191115,4181245306192501,4847
1854,"loop_remainder_fusion.kd",2,8,2110,1263855,1263855,4096,256,0,0,12,4,16,64,"0x0","0x7f0abb6c96c0",4181245305817704,4181245306191115,4181245306197124,4181245306198700,6009
1855,"loop_select_fusion_3.kd",2,8,2111,1263855,1263855,4096,256,0,0,8,0,32,64,"0x0","0x7f0abb6c9700",4181245305824634,4181245306197124,4181245306202011,4181245306202776,4887
1856,"loop_reduce_window_fusion_13.kd",2,8,2112,1263855,1263855,4096,256,0,0,8,0,16,64,"0x0","0x7f0abb6c9680",4181245305831805,4181245306202011,4181245306206818,4181245306207043,4807
1857,"loop_slice_fusion_1.kd",2,8,2113,1263855,1263855,16,16,0,0,20,4,16,64,"0x0","0x7f0abb6c95c0",4181245305839106,4181245306206818,4181245306211505,4181245306211549,4687
1858,"input_concatenate_fusion_1.kd",2,8,2114,1263855,1263855,4096,256,0,0,8,0,32,64,"0x0","0x7f0abb6c9740",4181245305846126,4181245306211505,4181245306217234,4181245306222746,5729
1859,"loop_compare_fusion.kd",2,8,2115,1263855,1263855,8192,256,0,0,4,4,16,64,"0x0","0x7f0abb6c9780",4181245305853787,4181245306217234,4181245306222201,4181245306227443,4967
1860,"input_reduce_reduce_window_fusion_1.kd",2,8,2116,1263855,1263855,512,512,512,0,20,4,48,64,"0x0","0x7f0abb6c97c0",4181245305861058,4181245306222201,4181245306239707,4181245306245079,17506
1861,"loop_reduce_window_fusion_6.kd",2,8,2117,1263855,1263855,32,32,0,0,32,0,16,64,"0x0","0x7f0abb6c9800",4181245305867318,4181245306239707,4181245306248801,4181245306249927,9094
1862,"loop_broadcast_fusion_1.kd",2,8,2118,1263855,1263855,8192,256,0,0,4,4,16,64,"0x0","0x7f0abb6c9840",4181245305875249,4181245306248801,4181245306253848,4181245306256546,5047
1863,"input_scatter_fusion_1.kd",2,8,2119,1263855,1263855,8192,256,0,0,8,0,32,64,"0x0","0x7f0abb6c9880",4181245305882540,4181245306253848,4181245306259376,4181245306260592,5528
1864,"loop_reduce_window_fusion_5.kd",2,8,2120,1263855,1263855,8192,256,0,0,8,0,16,64,"0x0","0x7f0abb6c98c0",4181245305888920,4181245306259376,4181245306264464,4181245306266902,5088
1865,"loop_reduce_window_fusion_4.kd",2,8,2121,1263855,1263855,512,256,0,0,8,0,16,64,"0x0","0x7f0abb6c9900",4181245305895089,4181245306264464,4181245306269832,4181245306271018,5368
1866,"loop_reduce_window_fusion_3.kd",2,8,2122,1263855,1263855,32,32,0,0,8,0,16,64,"0x0","0x7f0abb6c9940",4181245305902159,4181245306269832,4181245306274639,4181245306278699,4807
1867,"loop_select_fusion_6.kd",2,8,2123,1263855,1263855,8192,256,0,0,8,0,32,64,"0x0","0x7f0abb6c9980",4181245305909300,4181245306274639,4181245306279607,4181245306283206,4968
1868,"loop_select_fusion_1.kd",2,8,2124,1263855,1263855,8192,256,0,0,8,0,16,64,"0x0","0x7f0abb6c99c0",4181245305917552,4181245306279607,4181245306284494,4181245306289936,4887
1869,"loop_broadcast_fusion_4.kd",2,8,2125,1263855,1263855,16,16,0,0,4,4,16,64,"0x0","0x7f0abb6c9a00",4181245305925224,4181245306284494,4181245306289541,4181245306294443,5047
1870,"__amd_rocclr_fillBufferAligned.kd",2,8,2126,1263855,1263855,77824,256,0,0,12,4,48,64,"0x0","0x7f2abbf33580",4181245305936120,4181245306289541,4181245306302481,4181245306314803,12940
1871,"__amd_rocclr_fillBufferAligned.kd",2,8,2127,1263855,1263855,16128,256,0,0,12,4,48,64,"0x0","0x7f2abbf33580",4181245305942589,4181245306302481,4181245306307448,4181245306309896,4967
1872,"transformer_engine::fused_attn_rocm::populate_rng_state_kernel(long*, long const*, long) [clone .kd]",2,8,2128,1263855,1263855,1,1,0,0,8,0,16,64,"0x0","0x7f1abba31380",4181245305951453,4181245306307448,4181245306312335,4181245306325839,4887
1873,"__amd_rocclr_fillBufferAligned.kd",2,8,2129,1263855,1263855,256,256,0,0,12,4,48,64,"0x0","0x7f2abbf33580",4181245305960827,4181245306312335,4181245306316982,4181245306321132,4647
1874,"ck_fused_attn::get_runtime_max_seqlen_kernel(unsigned long, int const*, int const*, unsigned long*) [clone .kd]",2,8,2130,1263855,1263855,4096,128,0,0,4,4,32,64,"0x0","0x7f1abba20940",4181245305993635,4181245306316982,4181245306322871,4181245306330336,5889
1875,"__amd_rocclr_copyBuffer.kd",2,8,2131,1263855,1263855,512,512,0,0,16,0,32,64,"0x7f32cafe8500","0x7f2abbf33600",4181245306100594,4181245306322871,4181245306328319,4181245306337096,5448
1876,"__amd_rocclr_fillBufferAligned.kd",2,8,2133,1263855,1263855,256,256,0,0,12,4,48,64,"0x0","0x7f2abbf33580",4181245306372839,4181245306381879,4181245306383882,4181245306415232,2003
1877,"ck_fused_attn::get_runtime_max_seqlen_kernel(unsigned long, int const*, int const*, unsigned long*) [clone .kd]",2,8,2134,1263855,1263855,4096,128,0,0,4,4,32,64,"0x0","0x7f1abba20940",4181245306382724,4181245306392855,4181245306398784,4181245306427070,5929
1878,"__amd_rocclr_copyBuffer.kd",2,8,2135,1263855,1263855,512,512,0,0,16,0,32,64,"0x7f32cafe8400","0x7f2abbf33600",4181245306394161,4181245306403791,4181245306409039,4181245306420550,5248
1879,"void transformer_engine::fused_attn_rocm::compute_scores_kernel<hip_bfloat16, transformer_engine::fused_attn_rocm::SmallSeqConfig<6, 128, 256, false, (transformer_engine::fused_attn_rocm::CausalMaskType)0>, 1>(hip_bfloat16 const*, hip_bfloat16 const*, hip_bfloat16*, float, int const*, int const*, int, int) [clone .kd]",2,8,2137,1263855,1263855,64000,64,0,0,112,0,48,64,"0x0","0x7f02bb54f5c0",4181245306436574,4181245306445653,4181245306473295,4181245306475462,27642
1880,"void transformer_engine::fused_attn_rocm::apply_mask_and_softmax_kernel<hip_bfloat16, transformer_engine::fused_attn_rocm::SmallSeqConfig<6, 128, 256, false, (transformer_engine::fused_attn_rocm::CausalMaskType)0> >(hip_bfloat16*, hip_bfloat16 const*, float, int const*, int, int) [clone .kd]",2,8,2138,1263855,1263855,390144,256,1024,0,12,4,16,64,"0x0","0x7f02bb54f600",4181245306443825,4181245306473295,4181245306478422,4181245306482733,5127
1881,"void transformer_engine::fused_attn_rocm::compute_output_kernel<hip_bfloat16, transformer_engine::fused_attn_rocm::SmallSeqConfig<6, 128, 256, false, (transformer_engine::fused_attn_rocm::CausalMaskType)0>, 2, 8>(hip_bfloat16 const*, hip_bfloat16 const*, hip_bfloat16*, int const*, int const*, int, int) [clone .kd]",2,8,2139,1263855,1263855,512000,64,12288,0,28,4,48,64,"0x0","0x7f02bb54f640",4181245306450926,4181245306478422,4181245306540515,4181245306543834,62093
1882,"loop_broadcast_fusion_5.kd",2,8,2140,1263855,1263855,2048000,256,0,0,4,4,16,64,"0x0","0x7f0abb6c9a40",4181245306466729,4181245306540515,4181245306548727,4181245306550093,8212
1883,"__amd_rocclr_fillBufferAligned.kd",2,8,2141,1263855,1263855,77824,256,0,0,12,4,48,64,"0x0","0x7f2abbf33580",4181245306481481,4181245306548727,4181245306555617,4181245306556673,6890
1884,"__amd_rocclr_fillBufferAligned.kd",2,8,2142,1263855,1263855,77824,256,0,0,12,4,48,64,"0x0","0x7f2abbf33580",4181245306496463,4181245306555617,4181245306573403,4181245306581169,17786
1885,"__amd_rocclr_fillBufferAligned.kd",2,8,2143,1263855,1263855,77824,256,0,0,12,4,48,64,"0x0","0x7f2abbf33580",4181245306503944,4181245306573403,4181245306590829,4181245306601880,17426
1886,"__amd_rocclr_fillBufferAligned.kd",2,8,2144,1263855,1263855,256,256,0,0,12,4,48,64,"0x0","0x7f2abbf33580",4181245306514360,4181245306590829,4181245306595476,4181245306597083,4647
1887,"ck_fused_attn::get_runtime_max_seqlen_kernel(unsigned long, int const*, int const*, unsigned long*) [clone .kd]",2,8,2145,1263855,1263855,4096,128,0,0,4,4,32,64,"0x0","0x7f1abba20940",4181245306520108,4181245306595476,4181245306601405,4181245306615180,5929
1888,"__amd_rocclr_copyBuffer.kd",2,8,2146,1263855,1263855,512,512,0,0,16,0,32,64,"0x7f32cafe8300","0x7f2abbf33600",4181245306528631,4181245306601405,4181245306607374,4181245306610002,5969
1889,"__amd_rocclr_fillBufferAligned.kd",2,8,2148,1263855,1263855,256,256,0,0,12,4,48,64,"0x0","0x7f2abbf33580",4181245306625195,4181245306639702,4181245306641785,4181245306644163,2083
1890,"ck_fused_attn::get_runtime_max_seqlen_kernel(unsigned long, int const*, int const*, unsigned long*) [clone .kd]",2,8,2149,1263855,1263855,4096,128,0,0,4,4,32,64,"0x0","0x7f1abba20940",4181245306637653,4181245306646232,4181245306652080,4181245306653577,5848
1891,"__amd_rocclr_copyBuffer.kd",2,8,2150,1263855,1263855,512,512,0,0,16,0,32,64,"0x7f32cafe8200","0x7f2abbf33600",4181245306644924,4181245306660293,4181245306666822,4181245306669020,6529
1892,"void transformer_engine::fused_attn_rocm::compute_grad_v_kernel<hip_bfloat16, transformer_engine::fused_attn_rocm::SmallSeqConfig<6, 128, 256, false, (transformer_engine::fused_attn_rocm::CausalMaskType)0>, 16, 16>(hip_bfloat16 const*, hip_bfloat16 const*, hip_bfloat16*, int const*, int const*, int, int) [clone .kd]",2,8,2152,1263855,1263855,256000,64,12288,0,32,0,48,64,"0x0","0x7f02bb551100",4181245306684443,4181245306696467,4181245306830065,4181245306835367,133598
1893,"void transformer_engine::fused_attn_rocm::compute_grad_attn_kernel<hip_bfloat16, transformer_engine::fused_attn_rocm::SmallSeqConfig<6, 128, 256, false, (transformer_engine::fused_attn_rocm::CausalMaskType)0>, 16>(hip_bfloat16 const*, hip_bfloat16 const*, hip_bfloat16*, int const*, int const*, int, int) [clone .kd]",2,8,2153,1263855,1263855,8000,64,0,0,116,4,64,64,"0x0","0x7f02bb551140",4181245306694438,4181245306830065,4181245307059326,4181245307072921,229261
1894,"void transformer_engine::fused_attn_rocm::softmax_backward_kernel<hip_bfloat16, transformer_engine::fused_attn_rocm::SmallSeqConfig<6, 128, 256, false, (transformer_engine::fused_attn_rocm::CausalMaskType)0> >(hip_bfloat16 const*, hip_bfloat16 const*, hip_bfloat16*, float, int const*, int, int) [clone .kd]",2,8,2154,1263855,1263855,390144,256,1024,0,16,0,16,64,"0x0","0x7f02bb551180",4181245306703701,4181245307059326,4181245307065175,4181245307081864,5849
1895,"void transformer_engine::fused_attn_rocm::compute_grad_qk_kernel<hip_bfloat16, transformer_engine::fused_attn_rocm::SmallSeqConfig<6, 128, 256, false, (transformer_engine::fused_attn_rocm::CausalMaskType)0>, 4, 16>(hip_bfloat16 const*, hip_bfloat16 const*, hip_bfloat16 const*, hip_bfloat16*, hip_bfloat16*, float, int const*, int const*, int, int) [clone .kd]",2,8,2155,1263855,1263855,1024000,64,12288,0,36,4,48,64,"0x0","0x7f02bb5511c0",4181245306710431,4181245307065175,4181245307221247,4181245307231667,156072
1896,"input_reduce_fusion.kd",2,8,2156,1263855,1263855,524288,256,512,0,16,0,16,64,"0x0","0x7f0abb6c9a80",4181245306718644,4181245307221247,4181245307230501,4181245307243885,9254
1897,"input_reduce_fusion_3.kd",2,8,2157,1263855,1263855,128,128,512,0,24,0,16,64,"0x0","0x7f0abb6c9ac0",4181245306727026,4181245307230501,4181245307236189,4181245307255682,5688
1898,"loop_convert_fusion.kd",2,8,2158,1263855,1263855,1,1,0,0,4,4,16,64,"0x0","0x7f0abb6c9b00",4181245306733626,4181245307236189,4181245307240476,4181245307261030,4287
1899,"input_reduce_reduce_window_fusion_3.kd",2,8,2161,1263855,1263855,9728,256,0,0,28,4,48,64,"0x0","0x7f0abb6c9000",4181245306855918,4181245307251973,4181245307262508,4181245307271927,10535
1900,"loop_reduce_window_fusion_11.kd",2,8,2162,1263855,1263855,1536,256,0,0,8,0,16,64,"0x0","0x7f0abb6c9040",4181245306866684,4181245307262508,4181245307269599,4181245307278667,7091
1901,"loop_slice_fusion_5.kd",2,8,2163,1263855,1263855,6,6,0,0,20,4,16,64,"0x0","0x7f0abb6c9080",4181245306874195,4181245307269599,4181245307274967,4181245307284365,5368
1902,"loop_broadcast_fusion_2.kd",2,8,2164,1263855,1263855,24064,256,0,0,4,4,16,64,"0x0","0x7f0abb6c90c0",4181245306881676,4181245307274967,4181245307281537,4181245307290274,6570
1903,"input_scatter_fusion_2.kd",2,8,2165,1263855,1263855,24064,256,0,0,12,4,32,64,"0x0","0x7f0abb6c9100",4181245306890089,4181245307281537,4181245307288267,4181245307296453,6730
1904,"loop_reduce_window_fusion_10.kd",2,8,2166,1263855,1263855,24064,256,0,0,8,0,16,64,"0x0","0x7f0abb6c9140",4181245306898231,4181245307288267,4181245307299844,4181245307302051,11577
1905,"loop_reduce_window_fusion_11.kd",2,8,2167,1263855,1263855,1536,256,0,0,8,0,16,64,"0x0","0x7f0abb6c9040",4181245306905482,4181245307299844,4181245307304771,4181245307307810,4927
1906,"loop_slice_fusion_4.kd",2,8,2168,1263855,1263855,94,94,0,0,24,0,16,64,"0x0","0x7f0abb6c9180",4181245306914255,4181245307304771,4181245307310139,4181245307313999,5368
1907,"input_reduce_fusion_1.kd",2,8,2169,1263855,1263855,64,64,0,0,8,0,16,64,"0x0","0x7f0abb6c91c0",4181245306927114,4181245307310139,4181245307314826,4181245307320168,4687
1908,"loop_select_fusion_5.kd",2,8,2170,1263855,1263855,24064,256,0,0,8,0,32,64,"0x0","0x7f0abb6c9200",4181245306934525,4181245307314826,4181245307319874,4181245307328010,5048
1909,"loop_select_fusion_2.kd",2,8,2171,1263855,1263855,24064,256,0,0,4,4,16,64,"0x0","0x7f0abb6c9240",4181245306941976,4181245307319874,4181245307324721,4181245307333749,4847
1910,"loop_reduce_window_fusion_10.kd",2,8,2172,1263855,1263855,24064,256,0,0,8,0,16,64,"0x0","0x7f0abb6c9140",4181245306948986,4181245307324721,4181245307329488,4181245307339597,4767
1911,"loop_reduce_window_fusion_11.kd",2,8,2173,1263855,1263855,1536,256,0,0,8,0,16,64,"0x0","0x7f0abb6c9040",4181245306955045,4181245307329488,4181245307334295,4181245307345536,4807
1912,"loop_slice_fusion_5.kd",2,8,2174,1263855,1263855,6,6,0,0,20,4,16,64,"0x0","0x7f0abb6c9080",4181245306962046,4181245307334295,4181245307339022,4181245307351485,4727
1913,"input_concatenate_fusion.kd",2,8,2175,1263855,1263855,24064,256,0,0,12,4,32,64,"0x0","0x7f0abb6c9280",4181245306968646,4181245307339022,4181245307344590,4181245307357624,5568
1914,"input_reduce_reduce_window_fusion.kd",2,8,2176,1263855,1263855,11264,256,0,0,36,4,48,64,"0x0","0x7f0abb6c92c0",4181245306975726,4181245307344590,4181245307355046,4181245307363202,10456
1915,"loop_reduce_window_fusion_2.kd",2,8,2177,1263855,1263855,1792,256,0,0,8,0,16,64,"0x0","0x7f0abb6c9300",4181245306982596,4181245307355046,4181245307360013,4181245307369301,4967
1916,"loop_slice_fusion_7.kd",2,8,2178,1263855,1263855,7,7,0,0,20,4,16,64,"0x0","0x7f0abb6c9340",4181245306990328,4181245307360013,4181245307364780,4181245307375230,4767
1917,"loop_broadcast_fusion.kd",2,8,2179,1263855,1263855,28160,256,0,0,4,4,16,64,"0x0","0x7f0abb6c9380",4181245306997729,4181245307364780,4181245307369788,4181245307381309,5008
1918,"input_scatter_fusion.kd",2,8,2180,1263855,1263855,28160,256,0,0,12,4,32,64,"0x0","0x7f0abb6c93c0",4181245307004679,4181245307369788,4181245307376999,4181245307387989,7211
1919,"loop_reduce_window_fusion_1.kd",2,8,2181,1263855,1263855,28160,256,0,0,8,0,16,64,"0x0","0x7f0abb6c9400",4181245307014353,4181245307376999,4181245307381886,4181245307434388,4887
1920,"loop_reduce_window_fusion_2.kd",2,8,2182,1263855,1263855,1792,256,0,0,8,0,16,64,"0x0","0x7f0abb6c9300",4181245307024829,4181245307381886,4181245307386933,4181245307428560,5047
1921,"loop_slice_fusion_7.kd",2,8,2183,1263855,1263855,7,7,0,0,20,4,16,64,"0x0","0x7f0abb6c9340",4181245307031549,4181245307386933,4181245307391620,4181245307421349,4687
1922,"loop_slice_fusion_3.kd",2,8,2184,1263855,1263855,110,110,0,0,8,0,16,64,"0x0","0x7f0abb6c9440",4181245307039130,4181245307391620,4181245307396347,4181245307398385,4727
1923,"input_reduce_fusion_2.kd",2,8,2185,1263855,1263855,64,64,0,0,8,0,16,64,"0x0","0x7f0abb6c9480",4181245307045940,4181245307396347,4181245307401074,4181245307448429,4727
1924,"loop_select_fusion_4.kd",2,8,2186,1263855,1263855,28160,256,0,0,8,0,32,64,"0x0","0x7f0abb6c94c0",4181245307053011,4181245307401074,4181245307406082,4181245307443321,5008
1925,"loop_select_fusion.kd",2,8,2187,1263855,1263855,28160,256,0,0,8,0,16,64,"0x0","0x7f0abb6c9500",4181245307060372,4181245307406082,4181245307411049,4181245307487908,4967
1926,"loop_compare_fusion_1.kd",2,8,2188,1263855,1263855,4096,256,0,0,4,4,16,64,"0x0","0x7f0abb6c9540",4181245307068594,4181245307411049,4181245307415816,4181245307493466,4767
1927,"input_reduce_reduce_window_fusion_2.kd",2,8,2189,1263855,1263855,256,256,512,0,20,4,32,64,"0x0","0x7f0abb6c9580",4181245307075214,4181245307415816,4181245307431880,4181245307481879,16064
1928,"loop_slice_fusion_1.kd",2,8,2190,1263855,1263855,16,16,0,0,20,4,16,64,"0x0","0x7f0abb6c95c0",4181245307096686,4181245307431880,4181245307436607,4181245307475860,4727
1929,"loop_broadcast_fusion_3.kd",2,8,2191,1263855,1263855,4096,256,0,0,4,4,16,64,"0x0","0x7f0abb6c9600",4181245307103616,4181245307436607,4181245307441495,4181245307470071,4888
1930,"input_scatter_fusion_3.kd",2,8,2192,1263855,1263855,4096,256,0,0,8,0,32,64,"0x0","0x7f0abb6c9640",4181245307110977,4181245307441495,4181245307447784,4181245307464183,6289
1931,"loop_reduce_window_fusion_13.kd",2,8,2193,1263855,1263855,4096,256,0,0,8,0,16,64,"0x0","0x7f0abb6c9680",4181245307118589,4181245307447784,4181245307452671,4181245307453867,4887
1932,"loop_slice_fusion_1.kd",2,8,2194,1263855,1263855,16,16,0,0,20,4,16,64,"0x0","0x7f0abb6c95c0",4181245307125298,4181245307452671,4181245307457358,4181245307554887,4687
1933,"loop_remainder_fusion.kd",2,8,2195,1263855,1263855,4096,256,0,0,12,4,16,64,"0x0","0x7f0abb6c96c0",4181245307133310,4181245307457358,4181245307463247,4181245307543140,5889
1934,"loop_select_fusion_3.kd",2,8,2196,1263855,1263855,4096,256,0,0,8,0,32,64,"0x0","0x7f0abb6c9700",4181245307140661,4181245307463247,4181245307468134,4181245307537291,4887
1935,"loop_reduce_window_fusion_13.kd",2,8,2197,1263855,1263855,4096,256,0,0,8,0,16,64,"0x0","0x7f0abb6c9680",4181245307147652,4181245307468134,4181245307472901,4181245307531453,4767
1936,"loop_slice_fusion_1.kd",2,8,2198,1263855,1263855,16,16,0,0,20,4,16,64,"0x0","0x7f0abb6c95c0",4181245307155193,4181245307472901,4181245307477588,4181245307525343,4687
1937,"input_concatenate_fusion_1.kd",2,8,2199,1263855,1263855,4096,256,0,0,8,0,32,64,"0x0","0x7f0abb6c9740",4181245307162304,4181245307477588,4181245307482996,4181245307519535,5408
1938,"loop_compare_fusion.kd",2,8,2200,1263855,1263855,8192,256,0,0,4,4,16,64,"0x0","0x7f0abb6c9780",4181245307168583,4181245307482996,4181245307487964,4181245307502199,4968
1939,"input_reduce_reduce_window_fusion_1.kd",2,8,2201,1263855,1263855,512,512,512,0,20,4,48,64,"0x0","0x7f0abb6c97c0",4181245307174562,4181245307487964,4181245307505029,4181245307598542,17065
1940,"loop_reduce_window_fusion_6.kd",2,8,2202,1263855,1263855,32,32,0,0,32,0,16,64,"0x0","0x7f0abb6c9800",4181245307182223,4181245307505029,4181245307513882,4181245307602989,8853
1941,"loop_broadcast_fusion_1.kd",2,8,2203,1263855,1263855,8192,256,0,0,4,4,16,64,"0x0","0x7f0abb6c9840",4181245307188783,4181245307513882,4181245307518970,4181245307607686,5088
1942,"input_scatter_fusion_1.kd",2,8,2204,1263855,1263855,8192,256,0,0,8,0,32,64,"0x0","0x7f0abb6c9880",4181245307195934,4181245307518970,4181245307524738,4181245307612002,5768
1943,"loop_reduce_window_fusion_5.kd",2,8,2205,1263855,1263855,8192,256,0,0,8,0,16,64,"0x0","0x7f0abb6c98c0",4181245307203905,4181245307524738,4181245307529786,4181245307616389,5048
1944,"loop_reduce_window_fusion_4.kd",2,8,2206,1263855,1263855,512,256,0,0,8,0,16,64,"0x0","0x7f0abb6c9900",4181245307210035,4181245307529786,4181245307534994,4181245307568418,5208
1945,"loop_reduce_window_fusion_3.kd",2,8,2207,1263855,1263855,32,32,0,0,8,0,16,64,"0x0","0x7f0abb6c9940",4181245307217305,4181245307534994,4181245307539761,4181245307563310,4767
1946,"loop_select_fusion_6.kd",2,8,2208,1263855,1263855,8192,256,0,0,8,0,32,64,"0x0","0x7f0abb6c9980",4181245307225027,4181245307539761,4181245307544848,4181245307549039,5087
1947,"loop_select_fusion_1.kd",2,8,2209,1263855,1263855,8192,256,0,0,8,0,16,64,"0x0","0x7f0abb6c99c0",4181245307232688,4181245307544848,4181245307549776,4181245307573064,4928
1948,"loop_broadcast_fusion_4.kd",2,8,2210,1263855,1263855,16,16,0,0,4,4,16,64,"0x0","0x7f0abb6c9a00",4181245307251416,4181245307549776,4181245307554823,4181245307577471,5047
1949,"__amd_rocclr_fillBufferAligned.kd",2,8,2211,1263855,1263855,77824,256,0,0,12,4,48,64,"0x0","0x7f2abbf33580",4181245307265337,4181245307554823,4181245307568523,4181245307582108,13700
1950,"__amd_rocclr_fillBufferAligned.kd",2,8,2212,1263855,1263855,16128,256,0,0,12,4,48,64,"0x0","0x7f2abbf33580",4181245307273369,4181245307568523,4181245307573571,4181245307622418,5048
1951,"transformer_engine::fused_attn_rocm::populate_rng_state_kernel(long*, long const*, long) [clone .kd]",2,8,2213,1263855,1263855,1,1,0,0,8,0,16,64,"0x0","0x7f1abba31380",4181245307412616,4181245307573571,4181245307578418,4181245307631842,4847
1952,"__amd_rocclr_fillBufferAligned.kd",2,8,2214,1263855,1263855,256,256,0,0,12,4,48,64,"0x0","0x7f2abbf33580",4181245307451464,4181245307578418,4181245307583065,4181245307587085,4647
1953,"ck_fused_attn::get_runtime_max_seqlen_kernel(unsigned long, int const*, int const*, unsigned long*) [clone .kd]",2,8,2215,1263855,1263855,4096,128,0,0,4,4,32,64,"0x0","0x7f1abba20940",4181245307462971,4181245307583065,4181245307588914,4181245307593765,5849
1954,"__amd_rocclr_copyBuffer.kd",2,8,2216,1263855,1263855,512,512,0,0,16,0,32,64,"0x7f32cafea000","0x7f2abbf33600",4181245307513175,4181245307588914,4181245307594322,4181245307626915,5408
1955,"__amd_rocclr_fillBufferAligned.kd",2,8,2218,1263855,1263855,256,256,0,0,12,4,48,64,"0x0","0x7f2abbf33580",4181245307645803,4181245307661141,4181245307662984,4181245307688546,1843
1956,"ck_fused_attn::get_runtime_max_seqlen_kernel(unsigned long, int const*, int const*, unsigned long*) [clone .kd]",2,8,2219,1263855,1263855,4096,128,0,0,4,4,32,64,"0x0","0x7f1abba20940",4181245307659193,4181245307667791,4181245307676804,4181245307698821,9013
1957,"__amd_rocclr_copyBuffer.kd",2,8,2220,1263855,1263855,512,512,0,0,16,0,32,64,"0x7f32cafe9f00","0x7f2abbf33600",4181245307666684,4181245307676804,4181245307682132,4181245307693854,5328
1958,"void transformer_engine::fused_attn_rocm::compute_scores_kernel<hip_bfloat16, transformer_engine::fused_attn_rocm::SmallSeqConfig<6, 128, 256, false, (transformer_engine::fused_attn_rocm::CausalMaskType)0>, 1>(hip_bfloat16 const*, hip_bfloat16 const*, hip_bfloat16*, float, int const*, int const*, int, int) [clone .kd]",2,8,2222,1263855,1263855,64000,64,0,0,112,0,48,64,"0x0","0x7f02bb54f5c0",4181245307710058,4181245307728962,4181245307757965,4181245307761945,29003
1959,"void transformer_engine::fused_attn_rocm::apply_mask_and_softmax_kernel<hip_bfloat16, transformer_engine::fused_attn_rocm::SmallSeqConfig<6, 128, 256, false, (transformer_engine::fused_attn_rocm::CausalMaskType)0> >(hip_bfloat16*, hip_bfloat16 const*, float, int const*, int, int) [clone .kd]",2,8,2223,1263855,1263855,390144,256,1024,0,12,4,16,64,"0x0","0x7f02bb54f600",4181245307728636,4181245307757965,4181245307763093,4181245307770007,5128
1960,"void transformer_engine::fused_attn_rocm::compute_output_kernel<hip_bfloat16, transformer_engine::fused_attn_rocm::SmallSeqConfig<6, 128, 256, false, (transformer_engine::fused_attn_rocm::CausalMaskType)0>, 2, 8>(hip_bfloat16 const*, hip_bfloat16 const*, hip_bfloat16*, int const*, int const*, int, int) [clone .kd]",2,8,2224,1263855,1263855,512000,64,12288,0,28,4,48,64,"0x0","0x7f02bb54f640",4181245307736247,4181245307763093,4181245307827549,4181245307842085,64456
1961,"loop_broadcast_fusion_5.kd",2,8,2225,1263855,1263855,2048000,256,0,0,4,4,16,64,"0x0","0x7f0abb6c9a40",4181245307743959,4181245307827549,4181245307835721,4181245307836096,8172
1962,"__amd_rocclr_fillBufferAligned.kd",2,8,2226,1263855,1263855,77824,256,0,0,12,4,48,64,"0x0","0x7f2abbf33580",4181245307757148,4181245307835721,4181245307842571,4181245307847242,6850
1963,"__amd_rocclr_fillBufferAligned.kd",2,8,2227,1263855,1263855,77824,256,0,0,12,4,48,64,"0x0","0x7f2abbf33580",4181245307762957,4181245307842571,4181245307860117,4181245307863206,17546
1964,"__amd_rocclr_fillBufferAligned.kd",2,8,2228,1263855,1263855,77824,256,0,0,12,4,48,64,"0x0","0x7f2abbf33580",4181245307783648,4181245307860117,4181245307877703,4181245307878188,17586
1965,"__amd_rocclr_fillBufferAligned.kd",2,8,2229,1263855,1263855,256,256,0,0,12,4,48,64,"0x0","0x7f2abbf33580",4181245307792280,4181245307877703,4181245307882350,4181245307884688,4647
1966,"ck_fused_attn::get_runtime_max_seqlen_kernel(unsigned long, int const*, int const*, unsigned long*) [clone .kd]",2,8,2230,1263855,1263855,4096,128,0,0,4,4,32,64,"0x0","0x7f1abba20940",4181245307798159,4181245307882350,4181245307888319,4181245307890797,5969
1967,"__amd_rocclr_copyBuffer.kd",2,8,2231,1263855,1263855,512,512,0,0,16,0,32,64,"0x7f32cafe9e00","0x7f2abbf33600",4181245307808304,4181245307888319,4181245307893527,4181245307899049,5208
1968,"__amd_rocclr_fillBufferAligned.kd",2,8,2233,1263855,1263855,256,256,0,0,12,4,48,64,"0x0","0x7f2abbf33580",4181245307915454,4181245307928098,4181245307930181,4181245307932499,2083
1969,"ck_fused_attn::get_runtime_max_seqlen_kernel(unsigned long, int const*, int const*, unsigned long*) [clone .kd]",2,8,2234,1263855,1263855,4096,128,0,0,4,4,32,64,"0x0","0x7f1abba20940",4181245307926310,4181245307934508,4181245307940276,4181245307942133,5768
1970,"__amd_rocclr_copyBuffer.kd",2,8,2235,1263855,1263855,512,512,0,0,16,0,32,64,"0x7f32cae72e80","0x7f2abbf33600",4181245307933220,4181245307949250,4181245307955900,4181245307957917,6650
1971,"void transformer_engine::fused_attn_rocm::compute_grad_v_kernel<hip_bfloat16, transformer_engine::fused_attn_rocm::SmallSeqConfig<6, 128, 256, false, (transformer_engine::fused_attn_rocm::CausalMaskType)0>, 16, 16>(hip_bfloat16 const*, hip_bfloat16 const*, hip_bfloat16*, int const*, int const*, int, int) [clone .kd]",2,8,2237,1263855,1263855,256000,64,12288,0,32,0,48,64,"0x0","0x7f02bb551100",4181245307973530,4181245307987306,4181245308127715,4181245308130483,140409
1972,"void transformer_engine::fused_attn_rocm::compute_grad_attn_kernel<hip_bfloat16, transformer_engine::fused_attn_rocm::SmallSeqConfig<6, 128, 256, false, (transformer_engine::fused_attn_rocm::CausalMaskType)0>, 16>(hip_bfloat16 const*, hip_bfloat16 const*, hip_bfloat16*, int const*, int const*, int, int) [clone .kd]",2,8,2238,1263855,1263855,8000,64,0,0,116,4,64,64,"0x0","0x7f02bb551140",4181245307985698,4181245308127715,4181245308358258,4181245308368968,230543
1973,"void transformer_engine::fused_attn_rocm::softmax_backward_kernel<hip_bfloat16, transformer_engine::fused_attn_rocm::SmallSeqConfig<6, 128, 256, false, (transformer_engine::fused_attn_rocm::CausalMaskType)0> >(hip_bfloat16 const*, hip_bfloat16 const*, hip_bfloat16*, float, int const*, int, int) [clone .kd]",2,8,2239,1263855,1263855,390144,256,1024,0,16,0,16,64,"0x0","0x7f02bb551180",4181245307993640,4181245308358258,4181245308364507,4181245308377871,6249
1974,"void transformer_engine::fused_attn_rocm::compute_grad_qk_kernel<hip_bfloat16, transformer_engine::fused_attn_rocm::SmallSeqConfig<6, 128, 256, false, (transformer_engine::fused_attn_rocm::CausalMaskType)0>, 4, 16>(hip_bfloat16 const*, hip_bfloat16 const*, hip_bfloat16 const*, hip_bfloat16*, hip_bfloat16*, float, int const*, int const*, int, int) [clone .kd]",2,8,2240,1263855,1263855,1024000,64,12288,0,36,4,48,64,"0x0","0x7f02bb5511c0",4181245308002293,4181245308364507,4181245308520139,4181245308536237,155632
1975,"input_reduce_fusion.kd",2,8,2241,1263855,1263855,524288,256,512,0,16,0,16,64,"0x0","0x7f0abb6c9a80",4181245308011066,4181245308520139,4181245308529392,4181245308546242,9253
1976,"input_reduce_fusion_3.kd",2,8,2242,1263855,1263855,128,128,512,0,24,0,16,64,"0x0","0x7f0abb6c9ac0",4181245308018517,4181245308529392,4181245308535121,4181245308552371,5729
1977,"loop_convert_fusion.kd",2,8,2243,1263855,1263855,1,1,0,0,4,4,16,64,"0x0","0x7f0abb6c9b00",4181245308025187,4181245308535121,4181245308539487,4181245308558340,4366
1978,"input_reduce_reduce_window_fusion_3.kd",2,8,2246,1263855,1263855,9728,256,0,0,28,4,48,64,"0x0","0x7f0abb6c9000",4181245308140689,4181245308551225,4181245308561801,4181245308565551,10576
1979,"loop_reduce_window_fusion_11.kd",2,8,2247,1263855,1263855,1536,256,0,0,8,0,16,64,"0x0","0x7f0abb6c9040",4181245308150303,4181245308561801,4181245308567649,4181245308571439,5848
1980,"loop_slice_fusion_5.kd",2,8,2248,1263855,1263855,6,6,0,0,20,4,16,64,"0x0","0x7f0abb6c9080",4181245308157924,4181245308567649,4181245308573258,4181245308577148,5609
1981,"loop_broadcast_fusion_2.kd",2,8,2249,1263855,1263855,24064,256,0,0,4,4,16,64,"0x0","0x7f0abb6c90c0",4181245308164925,4181245308573258,4181245308579347,4181245308583117,6089
1982,"input_scatter_fusion_2.kd",2,8,2250,1263855,1263855,24064,256,0,0,12,4,32,64,"0x0","0x7f0abb6c9100",4181245308172857,4181245308579347,4181245308587479,4181245308589226,8132
1983,"loop_reduce_window_fusion_10.kd",2,8,2251,1263855,1263855,24064,256,0,0,8,0,16,64,"0x0","0x7f0abb6c9140",4181245308180037,4181245308587479,4181245308593087,4181245308595175,5608
1984,"loop_reduce_window_fusion_11.kd",2,8,2252,1263855,1263855,1536,256,0,0,8,0,16,64,"0x0","0x7f0abb6c9040",4181245308187018,4181245308593087,4181245308598936,4181245308601033,5849
1985,"loop_slice_fusion_4.kd",2,8,2253,1263855,1263855,94,94,0,0,24,0,16,64,"0x0","0x7f0abb6c9180",4181245308194358,4181245308598936,4181245308605666,4181245308607142,6730
1986,"input_reduce_fusion_1.kd",2,8,2254,1263855,1263855,64,64,0,0,8,0,16,64,"0x0","0x7f0abb6c91c0",4181245308202090,4181245308605666,4181245308611234,4181245308613442,5568
1987,"loop_select_fusion_5.kd",2,8,2255,1263855,1263855,24064,256,0,0,8,0,32,64,"0x0","0x7f0abb6c9200",4181245308216602,4181245308611234,4181245308617003,4181245308619010,5769
1988,"loop_select_fusion_2.kd",2,8,2256,1263855,1263855,24064,256,0,0,4,4,16,64,"0x0","0x7f0abb6c9240",4181245308224724,4181245308617003,4181245308622851,4181245308626331,5848
1989,"loop_reduce_window_fusion_10.kd",2,8,2257,1263855,1263855,24064,256,0,0,8,0,16,64,"0x0","0x7f0abb6c9140",4181245308231464,4181245308622851,4181245308628460,4181245308632460,5609
1990,"loop_reduce_window_fusion_11.kd",2,8,2258,1263855,1263855,1536,256,0,0,8,0,16,64,"0x0","0x7f0abb6c9040",4181245308237743,4181245308628460,4181245308634068,4181245308638359,5608
1991,"loop_slice_fusion_5.kd",2,8,2259,1263855,1263855,6,6,0,0,20,4,16,64,"0x0","0x7f0abb6c9080",4181245308244783,4181245308634068,4181245308639676,4181245308644067,5608
1992,"input_concatenate_fusion.kd",2,8,2260,1263855,1263855,24064,256,0,0,12,4,32,64,"0x0","0x7f0abb6c9280",4181245308253116,4181245308639676,4181245308646246,4181245308649606,6570
1993,"input_reduce_reduce_window_fusion.kd",2,8,2261,1263855,1263855,11264,256,0,0,36,4,48,64,"0x0","0x7f0abb6c92c0",4181245308264012,4181245308646246,4181245308657463,4181245308663777,11217
1994,"loop_reduce_window_fusion_2.kd",2,8,2262,1263855,1263855,1792,256,0,0,8,0,16,64,"0x0","0x7f0abb6c9300",4181245308271073,4181245308657463,4181245308663111,4181245308674312,5648
1995,"loop_slice_fusion_7.kd",2,8,2263,1263855,1263855,7,7,0,0,20,4,16,64,"0x0","0x7f0abb6c9340",4181245308278273,4181245308663111,4181245308667798,4181245308680341,4687
1996,"loop_broadcast_fusion.kd",2,8,2264,1263855,1263855,28160,256,0,0,4,4,16,64,"0x0","0x7f0abb6c9380",4181245308285123,4181245308667798,4181245308673447,4181245308686200,5649
1997,"input_scatter_fusion.kd",2,8,2265,1263855,1263855,28160,256,0,0,12,4,32,64,"0x0","0x7f0abb6c93c0",4181245308292004,4181245308673447,4181245308680417,4181245308693921,6970
1998,"loop_reduce_window_fusion_1.kd",2,8,2266,1263855,1263855,28160,256,0,0,8,0,16,64,"0x0","0x7f0abb6c9400",4181245308299074,4181245308680417,4181245308685304,4181245308719019,4887
1999,"loop_reduce_window_fusion_2.kd",2,8,2267,1263855,1263855,1792,256,0,0,8,0,16,64,"0x0","0x7f0abb6c9300",4181245308306275,4181245308685304,4181245308690392,4181245308711788,5088
2000,"loop_slice_fusion_7.kd",2,8,2268,1263855,1263855,7,7,0,0,20,4,16,64,"0x0","0x7f0abb6c9340",4181245308312935,4181245308690392,4181245308695119,4181245308705819,4727
2001,"loop_slice_fusion_3.kd",2,8,2269,1263855,1263855,110,110,0,0,8,0,16,64,"0x0","0x7f0abb6c9440",4181245308319374,4181245308695119,4181245308699846,4181245308700301,4727
2002,"input_reduce_fusion_2.kd",2,8,2270,1263855,1263855,64,64,0,0,8,0,16,64,"0x0","0x7f0abb6c9480",4181245308326124,4181245308699846,4181245308704533,4181245308740721,4687
2003,"loop_select_fusion_4.kd",2,8,2271,1263855,1263855,28160,256,0,0,8,0,32,64,"0x0","0x7f0abb6c94c0",4181245308332935,4181245308704533,4181245308709620,4181245308746219,5087
2004,"loop_select_fusion.kd",2,8,2272,1263855,1263855,28160,256,0,0,8,0,16,64,"0x0","0x7f0abb6c9500",4181245308340566,4181245308709620,4181245308714548,4181245308734602,4928
2005,"loop_compare_fusion_1.kd",2,8,2273,1263855,1263855,4096,256,0,0,4,4,16,64,"0x0","0x7f0abb6c9540",4181245308347837,4181245308714548,4181245308719355,4181245308729234,4807
2006,"input_reduce_reduce_window_fusion_2.kd",2,8,2274,1263855,1263855,256,256,512,0,20,4,32,64,"0x0","0x7f0abb6c9580",4181245308355548,4181245308719355,4181245308734978,4181245308763735,15623
2007,"loop_slice_fusion_1.kd",2,8,2275,1263855,1263855,16,16,0,0,20,4,16,64,"0x0","0x7f0abb6c95c0",4181245308363200,4181245308734978,4181245308739745,4181245308769193,4767
2008,"loop_broadcast_fusion_3.kd",2,8,2276,1263855,1263855,4096,256,0,0,4,4,16,64,"0x0","0x7f0abb6c9600",4181245308369599,4181245308739745,4181245308744713,4181245308758187,4968
2009,"input_scatter_fusion_3.kd",2,8,2277,1263855,1263855,4096,256,0,0,8,0,32,64,"0x0","0x7f0abb6c9640",4181245308393134,4181245308744713,4181245308750922,4181245308752489,6209
2010,"loop_reduce_window_fusion_13.kd",2,8,2278,1263855,1263855,4096,256,0,0,8,0,16,64,"0x0","0x7f0abb6c9680",4181245308400926,4181245308750922,4181245308755729,4181245308804306,4807
2011,"loop_slice_fusion_1.kd",2,8,2279,1263855,1263855,16,16,0,0,20,4,16,64,"0x0","0x7f0abb6c95c0",4181245308408166,4181245308755729,4181245308760496,4181245308810605,4767
2012,"loop_remainder_fusion.kd",2,8,2280,1263855,1263855,4096,256,0,0,12,4,16,64,"0x0","0x7f0abb6c96c0",4181245308415427,4181245308760496,4181245308766585,4181245308796334,6089
2013,"loop_select_fusion_3.kd",2,8,2281,1263855,1263855,4096,256,0,0,8,0,32,64,"0x0","0x7f0abb6c9700",4181245308422738,4181245308766585,4181245308771392,4181245308789984,4807
2014,"loop_reduce_window_fusion_13.kd",2,8,2282,1263855,1263855,4096,256,0,0,8,0,16,64,"0x0","0x7f0abb6c9680",4181245308430099,4181245308771392,4181245308776159,4181245308777796,4767
2015,"loop_slice_fusion_1.kd",2,8,2283,1263855,1263855,16,16,0,0,20,4,16,64,"0x0","0x7f0abb6c95c0",4181245308437180,4181245308776159,4181245308780886,4181245308841801,4727
2016,"input_concatenate_fusion_1.kd",2,8,2284,1263855,1263855,4096,256,0,0,8,0,32,64,"0x0","0x7f0abb6c9740",4181245308444390,4181245308780886,4181245308786495,4181245308836273,5609
2017,"loop_compare_fusion.kd",2,8,2285,1263855,1263855,8192,256,0,0,4,4,16,64,"0x0","0x7f0abb6c9780",4181245308451361,4181245308786495,4181245308791462,4181245308830565,4967
2018,"input_reduce_reduce_window_fusion_1.kd",2,8,2286,1263855,1263855,512,512,512,0,20,4,48,64,"0x0","0x7f0abb6c97c0",4181245308458131,4181245308791462,4181245308809249,4181245308823895,17787
2019,"loop_reduce_window_fusion_6.kd",2,8,2287,1263855,1263855,32,32,0,0,32,0,16,64,"0x0","0x7f0abb6c9800",4181245308465792,4181245308809249,4181245308818262,4181245308818957,9013
2020,"loop_broadcast_fusion_1.kd",2,8,2288,1263855,1263855,8192,256,0,0,4,4,16,64,"0x0","0x7f0abb6c9840",4181245308472743,4181245308818262,4181245308823390,4181245308873458,5128
2021,"input_scatter_fusion_1.kd",2,8,2289,1263855,1263855,8192,256,0,0,8,0,32,64,"0x0","0x7f0abb6c9880",4181245308480043,4181245308823390,4181245308828878,4181245308883874,5488
2022,"loop_reduce_window_fusion_5.kd",2,8,2290,1263855,1263855,8192,256,0,0,8,0,16,64,"0x0","0x7f0abb6c98c0",4181245308487975,4181245308828878,4181245308833965,4181245308869162,5087
2023,"loop_reduce_window_fusion_4.kd",2,8,2291,1263855,1263855,512,256,0,0,8,0,16,64,"0x0","0x7f0abb6c9900",4181245308494986,4181245308833965,4181245308839213,4181245308860529,5248
2024,"loop_reduce_window_fusion_3.kd",2,8,2292,1263855,1263855,32,32,0,0,8,0,16,64,"0x0","0x7f0abb6c9940",4181245308503839,4181245308839213,4181245308843980,4181245308856033,4767
2025,"loop_select_fusion_6.kd",2,8,2293,1263855,1263855,8192,256,0,0,8,0,32,64,"0x0","0x7f0abb6c9980",4181245308511811,4181245308843980,4181245308849028,4181245308850504,5048
2026,"loop_select_fusion_1.kd",2,8,2294,1263855,1263855,8192,256,0,0,8,0,16,64,"0x0","0x7f0abb6c99c0",4181245308518931,4181245308849028,4181245308853955,4181245308910604,4927
2027,"loop_broadcast_fusion_4.kd",2,8,2295,1263855,1263855,16,16,0,0,4,4,16,64,"0x0","0x7f0abb6c9a00",4181245308526122,4181245308853955,4181245308858922,4181245308864856,4967
2028,"__amd_rocclr_fillBufferAligned.kd",2,8,2296,1263855,1263855,77824,256,0,0,12,4,48,64,"0x0","0x7f2abbf33580",4181245308538200,4181245308858922,4181245308872623,4181245308879197,13701
2029,"__amd_rocclr_fillBufferAligned.kd",2,8,2297,1263855,1263855,16128,256,0,0,12,4,48,64,"0x0","0x7f2abbf33580",4181245308670206,4181245308872623,4181245308877710,4181245308914480,5087
2030,"transformer_engine::fused_attn_rocm::populate_rng_state_kernel(long*, long const*, long) [clone .kd]",2,8,2298,1263855,1263855,1,1,0,0,8,0,16,64,"0x0","0x7f1abba31380",4181245308684898,4181245308877710,4181245308882598,4181245308890734,4888
2031,"__amd_rocclr_fillBufferAligned.kd",2,8,2299,1263855,1263855,256,256,0,0,12,4,48,64,"0x0","0x7f2abbf33580",4181245308735113,4181245308882598,4181245308887285,4181245308900729,4687
2032,"ck_fused_attn::get_runtime_max_seqlen_kernel(unsigned long, int const*, int const*, unsigned long*) [clone .kd]",2,8,2300,1263855,1263855,4096,128,0,0,4,4,32,64,"0x0","0x7f1abba20940",4181245308788092,4181245308887285,4181245308893133,4181245308895992,5848
2033,"__amd_rocclr_copyBuffer.kd",2,8,2301,1263855,1263855,512,512,0,0,16,0,32,64,"0x7f32cafe9b00","0x7f2abbf33600",4181245308825227,4181245308893133,4181245308898581,4181245308905436,5448
2034,"__amd_rocclr_fillBufferAligned.kd",2,8,2303,1263855,1263855,256,256,0,0,12,4,48,64,"0x0","0x7f2abbf33580",4181245308924134,4181245308933313,4181245308935236,4181245308968470,1923
2035,"ck_fused_attn::get_runtime_max_seqlen_kernel(unsigned long, int const*, int const*, unsigned long*) [clone .kd]",2,8,2304,1263855,1263855,4096,128,0,0,4,4,32,64,"0x0","0x7f1abba20940",4181245308939427,4181245308948616,4181245308954465,4181245308978445,5849
2036,"__amd_rocclr_copyBuffer.kd",2,8,2305,1263855,1263855,512,512,0,0,16,0,32,64,"0x7f32cafe9300","0x7f2abbf33600",4181245308947589,4181245308959272,4181245308964479,4181245308973718,5207
2037,"void transformer_engine::fused_attn_rocm::compute_scores_kernel<hip_bfloat16, transformer_engine::fused_attn_rocm::SmallSeqConfig<6, 128, 256, false, (transformer_engine::fused_attn_rocm::CausalMaskType)0>, 1>(hip_bfloat16 const*, hip_bfloat16 const*, hip_bfloat16*, float, int const*, int const*, int, int) [clone .kd]",2,8,2307,1263855,1263855,64000,64,0,0,112,0,48,64,"0x0","0x7f02bb54f5c0",4181245308990132,4181245309008104,4181245309037308,4181245309043511,29204
2038,"void transformer_engine::fused_attn_rocm::apply_mask_and_softmax_kernel<hip_bfloat16, transformer_engine::fused_attn_rocm::SmallSeqConfig<6, 128, 256, false, (transformer_engine::fused_attn_rocm::CausalMaskType)0> >(hip_bfloat16*, hip_bfloat16 const*, float, int const*, int, int) [clone .kd]",2,8,2308,1263855,1263855,390144,256,1024,0,12,4,16,64,"0x0","0x7f02bb54f600",4181245309007207,4181245309037308,4181245309042395,4181245309051784,5087
2039,"void transformer_engine::fused_attn_rocm::compute_output_kernel<hip_bfloat16, transformer_engine::fused_attn_rocm::SmallSeqConfig<6, 128, 256, false, (transformer_engine::fused_attn_rocm::CausalMaskType)0>, 2, 8>(hip_bfloat16 const*, hip_bfloat16 const*, hip_bfloat16*, int const*, int const*, int, int) [clone .kd]",2,8,2309,1263855,1263855,512000,64,12288,0,28,4,48,64,"0x0","0x7f02bb54f640",4181245309014568,4181245309042395,4181245309105970,4181245309112154,63575
2040,"loop_broadcast_fusion_5.kd",2,8,2310,1263855,1263855,2048000,256,0,0,4,4,16,64,"0x0","0x7f0abb6c9a40",4181245309022951,4181245309105970,4181245309114182,4181245309121798,8212
2041,"__amd_rocclr_fillBufferAligned.kd",2,8,2311,1263855,1263855,77824,256,0,0,12,4,48,64,"0x0","0x7f2abbf33580",4181245309037472,4181245309114182,4181245309120992,4181245309127196,6810
2042,"__amd_rocclr_fillBufferAligned.kd",2,8,2312,1263855,1263855,77824,256,0,0,12,4,48,64,"0x0","0x7f2abbf33580",4181245309043491,4181245309120992,4181245309138699,4181245309143170,17707
2043,"__amd_rocclr_fillBufferAligned.kd",2,8,2313,1263855,1263855,77824,256,0,0,12,4,48,64,"0x0","0x7f2abbf33580",4181245309064733,4181245309138699,4181245309156165,4181245309159364,17466
2044,"__amd_rocclr_fillBufferAligned.kd",2,8,2314,1263855,1263855,256,256,0,0,12,4,48,64,"0x0","0x7f2abbf33580",4181245309072845,4181245309156165,4181245309160811,4181245309165974,4646
2045,"ck_fused_attn::get_runtime_max_seqlen_kernel(unsigned long, int const*, int const*, unsigned long*) [clone .kd]",2,8,2315,1263855,1263855,4096,128,0,0,4,4,32,64,"0x0","0x7f1abba20940",4181245309083110,4181245309160811,4181245309166740,4181245309172664,5929
2046,"__amd_rocclr_copyBuffer.kd",2,8,2316,1263855,1263855,512,512,0,0,16,0,32,64,"0x7f32cae71d80","0x7f2abbf33600",4181245309090962,4181245309166740,4181245309172028,4181245309177220,5288
2047,"__amd_rocclr_fillBufferAligned.kd",2,8,2318,1263855,1263855,256,256,0,0,12,4,48,64,"0x0","0x7f2abbf33580",4181245309196379,4181245309207721,4181245309209965,4181245309211782,2244
2048,"ck_fused_attn::get_runtime_max_seqlen_kernel(unsigned long, int const*, int const*, unsigned long*) [clone .kd]",2,8,2319,1263855,1263855,4096,128,0,0,4,4,32,64,"0x0","0x7f1abba20940",4181245309205893,4181245309214011,4181245309219379,4181245309221757,5368
2049,"__amd_rocclr_copyBuffer.kd",2,8,2320,1263855,1263855,512,512,0,0,16,0,32,64,"0x7f32cafe9800","0x7f2abbf33600",4181245309212663,4181245309227230,4181245309233760,4181245309236899,6530
2050,"void transformer_engine::fused_attn_rocm::compute_grad_v_kernel<hip_bfloat16, transformer_engine::fused_attn_rocm::SmallSeqConfig<6, 128, 256, false, (transformer_engine::fused_attn_rocm::CausalMaskType)0>, 16, 16>(hip_bfloat16 const*, hip_bfloat16 const*, hip_bfloat16*, int const*, int const*, int, int) [clone .kd]",2,8,2322,1263855,1263855,256000,64,12288,0,32,0,48,64,"0x0","0x7f02bb551100",4181245309252082,4181245309265327,4181245309402251,4181245309409406,136924
2051,"void transformer_engine::fused_attn_rocm::compute_grad_attn_kernel<hip_bfloat16, transformer_engine::fused_attn_rocm::SmallSeqConfig<6, 128, 256, false, (transformer_engine::fused_attn_rocm::CausalMaskType)0>, 16>(hip_bfloat16 const*, hip_bfloat16 const*, hip_bfloat16*, int const*, int const*, int, int) [clone .kd]",2,8,2323,1263855,1263855,8000,64,0,0,116,4,64,64,"0x0","0x7f02bb551140",4181245309264971,4181245309402251,4181245309632593,4181245309639378,230342
2052,"void transformer_engine::fused_attn_rocm::softmax_backward_kernel<hip_bfloat16, transformer_engine::fused_attn_rocm::SmallSeqConfig<6, 128, 256, false, (transformer_engine::fused_attn_rocm::CausalMaskType)0> >(hip_bfloat16 const*, hip_bfloat16 const*, hip_bfloat16*, float, int const*, int, int) [clone .kd]",2,8,2324,1263855,1263855,390144,256,1024,0,16,0,16,64,"0x0","0x7f02bb551180",4181245309272282,4181245309632593,4181245309638522,4181245309647430,5929
2053,"void transformer_engine::fused_attn_rocm::compute_grad_qk_kernel<hip_bfloat16, transformer_engine::fused_attn_rocm::SmallSeqConfig<6, 128, 256, false, (transformer_engine::fused_attn_rocm::CausalMaskType)0>, 4, 16>(hip_bfloat16 const*, hip_bfloat16 const*, hip_bfloat16 const*, hip_bfloat16*, hip_bfloat16*, float, int const*, int const*, int, int) [clone .kd]",2,8,2325,1263855,1263855,1024000,64,12288,0,36,4,48,64,"0x0","0x7f02bb5511c0",4181245309280544,4181245309638522,4181245309804689,4181245309818664,166167
2054,"input_reduce_fusion.kd",2,8,2326,1263855,1263855,524288,256,512,0,16,0,16,64,"0x0","0x7f0abb6c9a80",4181245309288936,4181245309804689,4181245309813863,4181245309826035,9174
2055,"input_reduce_fusion_3.kd",2,8,2327,1263855,1263855,128,128,512,0,24,0,16,64,"0x0","0x7f0abb6c9ac0",4181245309296187,4181245309813863,4181245309819591,4181245309834568,5728
2056,"loop_convert_fusion.kd",2,8,2328,1263855,1263855,1,1,0,0,4,4,16,64,"0x0","0x7f0abb6c9b00",4181245309302687,4181245309819591,4181245309825400,4181245309840917,5809
2057,"input_reduce_reduce_window_fusion_3.kd",2,8,2331,1263855,1263855,9728,256,0,0,28,4,48,64,"0x0","0x7f0abb6c9000",4181245309422966,4181245309837017,4181245309848033,4181245309848048,11016
2058,"loop_reduce_window_fusion_11.kd",2,8,2332,1263855,1263855,1536,256,0,0,8,0,16,64,"0x0","0x7f0abb6c9040",4181245309432760,4181245309848033,4181245309855645,4181245309860206,7612
2059,"loop_slice_fusion_5.kd",2,8,2333,1263855,1263855,6,6,0,0,20,4,16,64,"0x0","0x7f0abb6c9080",4181245309440282,4181245309855645,4181245309861654,4181245309866445,6009
2060,"loop_broadcast_fusion_2.kd",2,8,2334,1263855,1263855,24064,256,0,0,4,4,16,64,"0x0","0x7f0abb6c90c0",4181245309447793,4181245309861654,4181245309867222,4181245309872925,5568
2061,"input_scatter_fusion_2.kd",2,8,2335,1263855,1263855,24064,256,0,0,12,4,32,64,"0x0","0x7f0abb6c9100",4181245309455935,4181245309867222,4181245309875234,4181245309879244,8012
2062,"loop_reduce_window_fusion_10.kd",2,8,2336,1263855,1263855,24064,256,0,0,8,0,16,64,"0x0","0x7f0abb6c9140",4181245309463616,4181245309875234,4181245309882445,4181245309885183,7211
2063,"loop_reduce_window_fusion_11.kd",2,8,2337,1263855,1263855,1536,256,0,0,8,0,16,64,"0x0","0x7f0abb6c9040",4181245309471187,4181245309882445,4181245309889135,4181245309891272,6690
2064,"loop_slice_fusion_4.kd",2,8,2338,1263855,1263855,94,94,0,0,24,0,16,64,"0x0","0x7f0abb6c9180",4181245309477857,4181245309889135,4181245309894943,4181245309896800,5808
2065,"input_reduce_fusion_1.kd",2,8,2339,1263855,1263855,64,64,0,0,8,0,16,64,"0x0","0x7f0abb6c91c0",4181245309485298,4181245309894943,4181245309900471,4181245309902870,5528
2066,"loop_select_fusion_5.kd",2,8,2340,1263855,1263855,24064,256,0,0,8,0,32,64,"0x0","0x7f0abb6c9200",4181245309493250,4181245309900471,4181245309906080,4181245309908298,5609
2067,"loop_select_fusion_2.kd",2,8,2341,1263855,1263855,24064,256,0,0,4,4,16,64,"0x0","0x7f0abb6c9240",4181245309501312,4181245309906080,4181245309911568,4181245309914246,5488
2068,"loop_reduce_window_fusion_10.kd",2,8,2342,1263855,1263855,24064,256,0,0,8,0,16,64,"0x0","0x7f0abb6c9140",4181245309508333,4181245309911568,4181245309917417,4181245309921487,5849
2069,"loop_reduce_window_fusion_11.kd",2,8,2343,1263855,1263855,1536,256,0,0,8,0,16,64,"0x0","0x7f0abb6c9040",4181245309515694,4181245309917417,4181245309924067,4181245309927516,6650
2070,"loop_slice_fusion_5.kd",2,8,2344,1263855,1263855,6,6,0,0,20,4,16,64,"0x0","0x7f0abb6c9080",4181245309522614,4181245309924067,4181245309929595,4181245309933525,5528
2071,"input_concatenate_fusion.kd",2,8,2345,1263855,1263855,24064,256,0,0,12,4,32,64,"0x0","0x7f0abb6c9280",4181245309529404,4181245309929595,4181245309936525,4181245309939384,6930
2072,"input_reduce_reduce_window_fusion.kd",2,8,2346,1263855,1263855,11264,256,0,0,36,4,48,64,"0x0","0x7f0abb6c92c0",4181245309535353,4181245309936525,4181245309947582,4181245309953925,11057
2073,"loop_reduce_window_fusion_2.kd",2,8,2347,1263855,1263855,1792,256,0,0,8,0,16,64,"0x0","0x7f0abb6c9300",4181245309542213,4181245309947582,4181245309953390,4181245309959494,5808
2074,"loop_slice_fusion_7.kd",2,8,2348,1263855,1263855,7,7,0,0,20,4,16,64,"0x0","0x7f0abb6c9340",4181245309549113,4181245309953390,4181245309958077,4181245309964371,4687
2075,"loop_broadcast_fusion.kd",2,8,2349,1263855,1263855,28160,256,0,0,4,4,16,64,"0x0","0x7f0abb6c9380",4181245309556705,4181245309958077,4181245309963325,4181245309969078,5248
2076,"input_scatter_fusion.kd",2,8,2350,1263855,1263855,28160,256,0,0,12,4,32,64,"0x0","0x7f0abb6c93c0",4181245309564016,4181245309963325,4181245309970496,4181245309973975,7171
2077,"loop_reduce_window_fusion_1.kd",2,8,2351,1263855,1263855,28160,256,0,0,8,0,16,64,"0x0","0x7f0abb6c9400",4181245309570846,4181245309970496,4181245309975383,4181245309979163,4887
2078,"loop_reduce_window_fusion_2.kd",2,8,2352,1263855,1263855,1792,256,0,0,8,0,16,64,"0x0","0x7f0abb6c9300",4181245309577876,4181245309975383,4181245309980430,4181245309983560,5047
2079,"loop_slice_fusion_7.kd",2,8,2353,1263855,1263855,7,7,0,0,20,4,16,64,"0x0","0x7f0abb6c9340",4181245309584326,4181245309980430,4181245309985117,4181245309987856,4687
2080,"loop_slice_fusion_3.kd",2,8,2354,1263855,1263855,110,110,0,0,8,0,16,64,"0x0","0x7f0abb6c9440",4181245309592097,4181245309985117,4181245309989844,4181245309992152,4727
2081,"input_reduce_fusion_2.kd",2,8,2355,1263855,1263855,64,64,0,0,8,0,16,64,"0x0","0x7f0abb6c9480",4181245309599098,4181245309989844,4181245309994531,4181245310001386,4687
2082,"loop_select_fusion_4.kd",2,8,2356,1263855,1263855,28160,256,0,0,8,0,32,64,"0x0","0x7f0abb6c94c0",4181245309605828,4181245309994531,4181245309999659,4181245310009308,5128
2083,"loop_select_fusion.kd",2,8,2357,1263855,1263855,28160,256,0,0,8,0,16,64,"0x0","0x7f0abb6c9500",4181245309612868,4181245309999659,4181245310004626,4181245310018351,4967
2084,"loop_compare_fusion_1.kd",2,8,2358,1263855,1263855,4096,256,0,0,4,4,16,64,"0x0","0x7f0abb6c9540",4181245309619608,4181245310004626,4181245310009434,4181245310013774,4808
2085,"input_reduce_reduce_window_fusion_2.kd",2,8,2359,1263855,1263855,256,256,512,0,20,4,32,64,"0x0","0x7f0abb6c9580",4181245309627210,4181245310009434,4181245310025177,4181245310025051,15743
2086,"loop_slice_fusion_1.kd",2,8,2360,1263855,1263855,16,16,0,0,20,4,16,64,"0x0","0x7f0abb6c95c0",4181245309634400,4181245310025177,4181245310029944,4181245310031431,4767
2087,"loop_broadcast_fusion_3.kd",2,8,2361,1263855,1263855,4096,256,0,0,4,4,16,64,"0x0","0x7f0abb6c9600",4181245309641110,4181245310029944,4181245310034871,4181245310035887,4927
2088,"input_scatter_fusion_3.kd",2,8,2362,1263855,1263855,4096,256,0,0,8,0,32,64,"0x0","0x7f0abb6c9640",4181245309663453,4181245310034871,4181245310041121,4181245310042738,6250
2089,"loop_reduce_window_fusion_13.kd",2,8,2363,1263855,1263855,4096,256,0,0,8,0,16,64,"0x0","0x7f0abb6c9680",4181245309671095,4181245310041121,4181245310045968,4181245310049588,4847
2090,"loop_slice_fusion_1.kd",2,8,2364,1263855,1263855,16,16,0,0,20,4,16,64,"0x0","0x7f0abb6c95c0",4181245309678005,4181245310045968,4181245310050695,4181245310060945,4727
2091,"loop_remainder_fusion.kd",2,8,2365,1263855,1263855,4096,256,0,0,12,4,16,64,"0x0","0x7f0abb6c96c0",4181245309685666,4181245310050695,4181245310056744,4181245310056578,6049
2092,"loop_select_fusion_3.kd",2,8,2366,1263855,1263855,4096,256,0,0,8,0,32,64,"0x0","0x7f0abb6c9700",4181245309692817,4181245310056744,4181245310061551,4181245310073814,4807
2093,"loop_reduce_window_fusion_13.kd",2,8,2367,1263855,1263855,4096,256,0,0,8,0,16,64,"0x0","0x7f0abb6c9680",4181245309700188,4181245310061551,4181245310066398,4181245310067705,4847
2094,"loop_slice_fusion_1.kd",2,8,2368,1263855,1263855,16,16,0,0,20,4,16,64,"0x0","0x7f0abb6c95c0",4181245309708050,4181245310066398,4181245310071165,4181245310085020,4767
2095,"input_concatenate_fusion_1.kd",2,8,2369,1263855,1263855,4096,256,0,0,8,0,32,64,"0x0","0x7f0abb6c9740",4181245309714129,4181245310071165,4181245310076774,4181245310080524,5609
2096,"loop_compare_fusion.kd",2,8,2370,1263855,1263855,8192,256,0,0,4,4,16,64,"0x0","0x7f0abb6c9780",4181245309722061,4181245310076774,4181245310081741,4181245310091520,4967
2097,"input_reduce_reduce_window_fusion_1.kd",2,8,2371,1263855,1263855,512,512,512,0,20,4,48,64,"0x0","0x7f0abb6c97c0",4181245309728941,4181245310081741,4181245310098806,4181245310113923,17065
2098,"loop_reduce_window_fusion_6.kd",2,8,2372,1263855,1263855,32,32,0,0,32,0,16,64,"0x0","0x7f0abb6c9800",4181245309736182,4181245310098806,4181245310108541,4181245310109627,9735
2099,"loop_broadcast_fusion_1.kd",2,8,2373,1263855,1263855,8192,256,0,0,4,4,16,64,"0x0","0x7f0abb6c9840",4181245309744644,4181245310108541,4181245310113628,4181245310124820,5087
2100,"input_scatter_fusion_1.kd",2,8,2374,1263855,1263855,8192,256,0,0,8,0,32,64,"0x0","0x7f0abb6c9880",4181245309751264,4181245310113628,4181245310119037,4181245310120613,5409
2101,"loop_reduce_window_fusion_5.kd",2,8,2375,1263855,1263855,8192,256,0,0,8,0,16,64,"0x0","0x7f0abb6c98c0",4181245309758545,4181245310119037,4181245310124124,4181245310135345,5087
2102,"loop_reduce_window_fusion_4.kd",2,8,2376,1263855,1263855,512,256,0,0,8,0,16,64,"0x0","0x7f0abb6c9900",4181245309765555,4181245310124124,4181245310129372,4181245310131379,5248
2103,"loop_reduce_window_fusion_3.kd",2,8,2377,1263855,1263855,32,32,0,0,8,0,16,64,"0x0","0x7f0abb6c9940",4181245309772185,4181245310129372,4181245310134099,4181245310145771,4727
2104,"loop_select_fusion_6.kd",2,8,2378,1263855,1263855,8192,256,0,0,8,0,32,64,"0x0","0x7f0abb6c9980",4181245309780147,4181245310134099,4181245310139227,4181245310141685,5128
2105,"loop_select_fusion_1.kd",2,8,2379,1263855,1263855,8192,256,0,0,8,0,16,64,"0x0","0x7f0abb6c99c0",4181245309787868,4181245310139227,4181245310144114,4181245310157809,4887
2106,"loop_broadcast_fusion_4.kd",2,8,2380,1263855,1263855,16,16,0,0,4,4,16,64,"0x0","0x7f0abb6c9a00",4181245309794899,4181245310144114,4181245310149121,4181245310151890,5007
2107,"__amd_rocclr_fillBufferAligned.kd",2,8,2381,1263855,1263855,77824,256,0,0,12,4,48,64,"0x0","0x7f2abbf33580",4181245309807377,4181245310149121,4181245310162461,4181245310164058,13340
2108,"__amd_rocclr_fillBufferAligned.kd",2,8,2382,1263855,1263855,16128,256,0,0,12,4,48,64,"0x0","0x7f2abbf33580",4181245309814027,4181245310162461,4181245310167428,4181245310170287,4967
2109,"transformer_engine::fused_attn_rocm::populate_rng_state_kernel(long*, long const*, long) [clone .kd]",2,8,2383,1263855,1263855,1,1,0,0,8,0,16,64,"0x0","0x7f1abba31380",4181245309822600,4181245310167428,4181245310172316,4181245310174834,4888
2110,"__amd_rocclr_fillBufferAligned.kd",2,8,2384,1263855,1263855,256,256,0,0,12,4,48,64,"0x0","0x7f2abbf33580",4181245309833206,4181245310172316,4181245310177043,4181245310179391,4727
2111,"ck_fused_attn::get_runtime_max_seqlen_kernel(unsigned long, int const*, int const*, unsigned long*) [clone .kd]",2,8,2385,1263855,1263855,4096,128,0,0,4,4,32,64,"0x0","0x7f1abba20940",4181245309856501,4181245310177043,4181245310182811,4181245310185420,5768
2112,"__amd_rocclr_copyBuffer.kd",2,8,2386,1263855,1263855,512,512,0,0,16,0,32,64,"0x7f32cafe9600","0x7f2abbf33600",4181245309866716,4181245310182811,4181245310188420,4181245310191839,5609
2113,"__amd_rocclr_fillBufferAligned.kd",2,8,2388,1263855,1263855,256,256,0,0,12,4,48,64,"0x0","0x7f2abbf33580",4181245310227122,4181245310236932,4181245310238935,4181245310263115,2003
2114,"ck_fused_attn::get_runtime_max_seqlen_kernel(unsigned long, int const*, int const*, unsigned long*) [clone .kd]",2,8,2389,1263855,1263855,4096,128,0,0,4,4,32,64,"0x0","0x7f1abba20940",4181245310237918,4181245310247187,4181245310256681,4181245310273491,9494
2115,"__amd_rocclr_copyBuffer.kd",2,8,2390,1263855,1263855,512,512,0,0,16,0,32,64,"0x7f32cae72b00","0x7f2abbf33600",4181245310246621,4181245310256681,4181245310262169,4181245310268213,5488
2116,"void transformer_engine::fused_attn_rocm::compute_scores_kernel<hip_bfloat16, transformer_engine::fused_attn_rocm::SmallSeqConfig<6, 128, 256, false, (transformer_engine::fused_attn_rocm::CausalMaskType)0>, 1>(hip_bfloat16 const*, hip_bfloat16 const*, hip_bfloat16*, float, int const*, int const*, int, int) [clone .kd]",2,8,2392,1263855,1263855,64000,64,0,0,112,0,48,64,"0x0","0x7f02bb54f5c0",4181245310283846,4181245310293376,4181245310323661,4181245310324016,30285
2117,"void transformer_engine::fused_attn_rocm::apply_mask_and_softmax_kernel<hip_bfloat16, transformer_engine::fused_attn_rocm::SmallSeqConfig<6, 128, 256, false, (transformer_engine::fused_attn_rocm::CausalMaskType)0> >(hip_bfloat16*, hip_bfloat16 const*, float, int const*, int, int) [clone .kd]",2,8,2393,1263855,1263855,390144,256,1024,0,12,4,16,64,"0x0","0x7f02bb54f600",4181245310292489,4181245310323661,4181245310328708,4181245310333430,5047
2118,"void transformer_engine::fused_attn_rocm::compute_output_kernel<hip_bfloat16, transformer_engine::fused_attn_rocm::SmallSeqConfig<6, 128, 256, false, (transformer_engine::fused_attn_rocm::CausalMaskType)0>, 2, 8>(hip_bfloat16 const*, hip_bfloat16 const*, hip_bfloat16*, int const*, int const*, int, int) [clone .kd]",2,8,2394,1263855,1263855,512000,64,12288,0,28,4,48,64,"0x0","0x7f02bb54f640",4181245310307061,4181245310328708,4181245310390600,4181245310396494,61892
2119,"loop_broadcast_fusion_5.kd",2,8,2395,1263855,1263855,2048000,256,0,0,4,4,16,64,"0x0","0x7f0abb6c9a40",4181245310314592,4181245310390600,4181245310398773,4181245310402172,8173
2120,"__amd_rocclr_fillBufferAligned.kd",2,8,2396,1263855,1263855,77824,256,0,0,12,4,48,64,"0x0","0x7f2abbf33580",4181245310329704,4181245310398773,4181245310405743,4181245310407019,6970
2121,"__amd_rocclr_fillBufferAligned.kd",2,8,2397,1263855,1263855,77824,256,0,0,12,4,48,64,"0x0","0x7f2abbf33580",4181245310336384,4181245310405743,4181245310423209,4181245310431566,17466
2122,"__amd_rocclr_fillBufferAligned.kd",2,8,2398,1263855,1263855,77824,256,0,0,12,4,48,64,"0x0","0x7f2abbf33580",4181245310352318,4181245310423209,4181245310440675,4181245310451075,17466
2123,"__amd_rocclr_fillBufferAligned.kd",2,8,2399,1263855,1263855,256,256,0,0,12,4,48,64,"0x0","0x7f2abbf33580",4181245310361011,4181245310440675,4181245310445322,4181245310446528,4647
2124,"ck_fused_attn::get_runtime_max_seqlen_kernel(unsigned long, int const*, int const*, unsigned long*) [clone .kd]",2,8,2400,1263855,1263855,4096,128,0,0,4,4,32,64,"0x0","0x7f1abba20940",4181245310368432,4181245310445322,4181245310451291,4181245310462091,5969
2125,"__amd_rocclr_copyBuffer.kd",2,8,2401,1263855,1263855,512,512,0,0,16,0,32,64,"0x7f32cae73200","0x7f2abbf33600",4181245310375492,4181245310451291,4181245310456699,4181245310457324,5408
2126,"__amd_rocclr_fillBufferAligned.kd",2,8,2403,1263855,1263855,256,256,0,0,12,4,48,64,"0x0","0x7f2abbf33580",4181245310476763,4181245310488186,4181245310490309,4181245310491545,2123
2127,"ck_fused_attn::get_runtime_max_seqlen_kernel(unsigned long, int const*, int const*, unsigned long*) [clone .kd]",2,8,2404,1263855,1263855,4096,128,0,0,4,4,32,64,"0x0","0x7f1abba20940",4181245310487399,4181245310495877,4181245310501726,4181245310503333,5849
2128,"__amd_rocclr_copyBuffer.kd",2,8,2405,1263855,1263855,512,512,0,0,16,0,32,64,"0x7f32cafe9a00","0x7f2abbf33600",4181245310494650,4181245310509457,4181245310515987,4181245310518846,6530
2129,"void transformer_engine::fused_attn_rocm::compute_grad_v_kernel<hip_bfloat16, transformer_engine::fused_attn_rocm::SmallSeqConfig<6, 128, 256, false, (transformer_engine::fused_attn_rocm::CausalMaskType)0>, 16, 16>(hip_bfloat16 const*, hip_bfloat16 const*, hip_bfloat16*, int const*, int const*, int, int) [clone .kd]",2,8,2407,1263855,1263855,256000,64,12288,0,32,0,48,64,"0x0","0x7f02bb551100",4181245310534709,4181245310548675,4181245310687041,4181245310687747,138366
2130,"void transformer_engine::fused_attn_rocm::compute_grad_attn_kernel<hip_bfloat16, transformer_engine::fused_attn_rocm::SmallSeqConfig<6, 128, 256, false, (transformer_engine::fused_attn_rocm::CausalMaskType)0>, 16>(hip_bfloat16 const*, hip_bfloat16 const*, hip_bfloat16*, int const*, int const*, int, int) [clone .kd]",2,8,2408,1263855,1263855,8000,64,0,0,116,4,64,64,"0x0","0x7f02bb551140",4181245310547068,4181245310687041,4181245310919066,4181245310925831,232025
2131,"void transformer_engine::fused_attn_rocm::softmax_backward_kernel<hip_bfloat16, transformer_engine::fused_attn_rocm::SmallSeqConfig<6, 128, 256, false, (transformer_engine::fused_attn_rocm::CausalMaskType)0> >(hip_bfloat16 const*, hip_bfloat16 const*, hip_bfloat16*, float, int const*, int, int) [clone .kd]",2,8,2409,1263855,1263855,390144,256,1024,0,16,0,16,64,"0x0","0x7f02bb551180",4181245310554198,4181245310919066,4181245310924875,4181245310934083,5809
2132,"void transformer_engine::fused_attn_rocm::compute_grad_qk_kernel<hip_bfloat16, transformer_engine::fused_attn_rocm::SmallSeqConfig<6, 128, 256, false, (transformer_engine::fused_attn_rocm::CausalMaskType)0>, 4, 16>(hip_bfloat16 const*, hip_bfloat16 const*, hip_bfloat16 const*, hip_bfloat16*, hip_bfloat16*, float, int const*, int const*, int, int) [clone .kd]",2,8,2410,1263855,1263855,1024000,64,12288,0,36,4,48,64,"0x0","0x7f02bb5511c0",4181245310561699,4181245310924875,4181245311083230,4181245311083956,158355
2133,"input_reduce_fusion.kd",2,8,2411,1263855,1263855,524288,256,512,0,16,0,16,64,"0x0","0x7f0abb6c9a80",4181245310570603,4181245311083230,4181245311094447,4181245311095443,11217
2134,"input_reduce_fusion_3.kd",2,8,2412,1263855,1263855,128,128,512,0,24,0,16,64,"0x0","0x7f0abb6c9ac0",4181245310578204,4181245311094447,4181245311099134,4181245311101362,4687
2135,"loop_convert_fusion.kd",2,8,2413,1263855,1263855,1,1,0,0,4,4,16,64,"0x0","0x7f0abb6c9b00",4181245310584644,4181245311099134,4181245311104783,4181245311109514,5649
2136,"input_reduce_reduce_window_fusion_3.kd",2,8,2416,1263855,1263855,9728,256,0,0,28,4,48,64,"0x0","0x7f0abb6c9000",4181245310704412,4181245311118202,4181245311129059,4181245311145097,10857
2137,"loop_reduce_window_fusion_11.kd",2,8,2417,1263855,1263855,1536,256,0,0,8,0,16,64,"0x0","0x7f0abb6c9040",4181245310713756,4181245311129059,4181245311136830,4181245311152118,7771
2138,"loop_slice_fusion_5.kd",2,8,2418,1263855,1263855,6,6,0,0,20,4,16,64,"0x0","0x7f0abb6c9080",4181245310721347,4181245311136830,4181245311141798,4181245311158377,4968
2139,"loop_broadcast_fusion_2.kd",2,8,2419,1263855,1263855,24064,256,0,0,4,4,16,64,"0x0","0x7f0abb6c90c0",4181245310728898,4181245311141798,4181245311147406,4181245311163905,5608
2140,"input_scatter_fusion_2.kd",2,8,2420,1263855,1263855,24064,256,0,0,12,4,32,64,"0x0","0x7f0abb6c9100",4181245310735818,4181245311147406,4181245311154537,4181245311170435,7131
2141,"loop_reduce_window_fusion_10.kd",2,8,2421,1263855,1263855,24064,256,0,0,8,0,16,64,"0x0","0x7f0abb6c9140",4181245310743079,4181245311154537,4181245311159424,4181245311176183,4887
2142,"loop_reduce_window_fusion_11.kd",2,8,2422,1263855,1263855,1536,256,0,0,8,0,16,64,"0x0","0x7f0abb6c9040",4181245310749429,4181245311159424,4181245311164271,4181245311182362,4847
2143,"loop_slice_fusion_4.kd",2,8,2423,1263855,1263855,94,94,0,0,24,0,16,64,"0x0","0x7f0abb6c9180",4181245310756369,4181245311164271,4181245311169919,4181245311188381,5648
2144,"input_reduce_fusion_1.kd",2,8,2424,1263855,1263855,64,64,0,0,8,0,16,64,"0x0","0x7f0abb6c91c0",4181245310763369,4181245311169919,4181245311174686,4181245311194491,4767
2145,"loop_select_fusion_5.kd",2,8,2425,1263855,1263855,24064,256,0,0,8,0,32,64,"0x0","0x7f0abb6c9200",4181245310771722,4181245311174686,4181245311179734,4181245311200530,5048
2146,"loop_select_fusion_2.kd",2,8,2426,1263855,1263855,24064,256,0,0,4,4,16,64,"0x0","0x7f0abb6c9240",4181245310779203,4181245311179734,4181245311184581,4181245311206518,4847
2147,"loop_reduce_window_fusion_10.kd",2,8,2427,1263855,1263855,24064,256,0,0,8,0,16,64,"0x0","0x7f0abb6c9140",4181245310786374,4181245311184581,4181245311189308,4181245311212267,4727
2148,"loop_reduce_window_fusion_11.kd",2,8,2428,1263855,1263855,1536,256,0,0,8,0,16,64,"0x0","0x7f0abb6c9040",4181245310792583,4181245311189308,4181245311194155,4181245311219708,4847
2149,"loop_slice_fusion_5.kd",2,8,2429,1263855,1263855,6,6,0,0,20,4,16,64,"0x0","0x7f0abb6c9080",4181245310800024,4181245311194155,4181245311198802,4181245311225386,4647
2150,"input_concatenate_fusion.kd",2,8,2430,1263855,1263855,24064,256,0,0,12,4,32,64,"0x0","0x7f0abb6c9280",4181245310807014,4181245311198802,4181245311204611,4181245311231075,5809
2151,"input_reduce_reduce_window_fusion.kd",2,8,2431,1263855,1263855,11264,256,0,0,36,4,48,64,"0x0","0x7f0abb6c92c0",4181245310814455,4181245311204611,4181245311214826,4181245311237134,10215
2152,"loop_reduce_window_fusion_2.kd",2,8,2432,1263855,1263855,1792,256,0,0,8,0,16,64,"0x0","0x7f0abb6c9300",4181245310822017,4181245311214826,4181245311219874,4181245311243233,5048
2153,"loop_slice_fusion_7.kd",2,8,2433,1263855,1263855,7,7,0,0,20,4,16,64,"0x0","0x7f0abb6c9340",4181245310829528,4181245311219874,4181245311224561,4181245311249242,4687
2154,"loop_broadcast_fusion.kd",2,8,2434,1263855,1263855,28160,256,0,0,4,4,16,64,"0x0","0x7f0abb6c9380",4181245310836097,4181245311224561,4181245311229608,4181245311255041,5047
2155,"input_scatter_fusion.kd",2,8,2435,1263855,1263855,28160,256,0,0,12,4,32,64,"0x0","0x7f0abb6c93c0",4181245310843428,4181245311229608,4181245311236779,4181245311260689,7171
2156,"loop_reduce_window_fusion_1.kd",2,8,2436,1263855,1263855,28160,256,0,0,8,0,16,64,"0x0","0x7f0abb6c9400",4181245310850889,4181245311236779,4181245311241626,4181245311290083,4847
2157,"loop_reduce_window_fusion_2.kd",2,8,2437,1263855,1263855,1792,256,0,0,8,0,16,64,"0x0","0x7f0abb6c9300",4181245310857449,4181245311241626,4181245311246633,4181245311283283,5007
2158,"loop_slice_fusion_7.kd",2,8,2438,1263855,1263855,7,7,0,0,20,4,16,64,"0x0","0x7f0abb6c9340",4181245310863769,4181245311246633,4181245311251361,4181245311277834,4728
2159,"loop_slice_fusion_3.kd",2,8,2439,1263855,1263855,110,110,0,0,8,0,16,64,"0x0","0x7f0abb6c9440",4181245310870238,4181245311251361,4181245311256088,4181245311272006,4727
2160,"input_reduce_fusion_2.kd",2,8,2440,1263855,1263855,64,64,0,0,8,0,16,64,"0x0","0x7f0abb6c9480",4181245310877269,4181245311256088,4181245311260815,4181245311266508,4727
2161,"loop_select_fusion_4.kd",2,8,2441,1263855,1263855,28160,256,0,0,8,0,32,64,"0x0","0x7f0abb6c94c0",4181245310884610,4181245311260815,4181245311265862,4181245311329912,5047
2162,"loop_select_fusion.kd",2,8,2442,1263855,1263855,28160,256,0,0,8,0,16,64,"0x0","0x7f0abb6c9500",4181245310891860,4181245311265862,4181245311270829,4181245311335851,4967
2163,"loop_compare_fusion_1.kd",2,8,2443,1263855,1263855,4096,256,0,0,4,4,16,64,"0x0","0x7f0abb6c9540",4181245310899151,4181245311270829,4181245311275637,4181245311317063,4808
2164,"input_reduce_reduce_window_fusion_2.kd",2,8,2444,1263855,1263855,256,256,512,0,20,4,32,64,"0x0","0x7f0abb6c9580",4181245310906142,4181245311275637,4181245311291580,4181245311299627,15943
2165,"loop_slice_fusion_1.kd",2,8,2445,1263855,1263855,16,16,0,0,20,4,16,64,"0x0","0x7f0abb6c95c0",4181245310912591,4181245311291580,4181245311296347,4181245311341489,4767
2166,"loop_broadcast_fusion_3.kd",2,8,2446,1263855,1263855,4096,256,0,0,4,4,16,64,"0x0","0x7f0abb6c9600",4181245310919461,4181245311296347,4181245311301195,4181245311347027,4848
2167,"input_scatter_fusion_3.kd",2,8,2447,1263855,1263855,4096,256,0,0,8,0,32,64,"0x0","0x7f0abb6c9640",4181245310928275,4181245311301195,4181245311307484,4181245311352996,6289
2168,"loop_reduce_window_fusion_13.kd",2,8,2448,1263855,1263855,4096,256,0,0,8,0,16,64,"0x0","0x7f0abb6c9680",4181245310949176,4181245311307484,4181245311312331,4181245311358494,4847
2169,"loop_slice_fusion_1.kd",2,8,2449,1263855,1263855,16,16,0,0,20,4,16,64,"0x0","0x7f0abb6c95c0",4181245310957037,4181245311312331,4181245311317018,4181245311364163,4687
2170,"loop_remainder_fusion.kd",2,8,2450,1263855,1263855,4096,256,0,0,12,4,16,64,"0x0","0x7f0abb6c96c0",4181245310963727,4181245311317018,4181245311322987,4181245311323643,5969
2171,"loop_select_fusion_3.kd",2,8,2451,1263855,1263855,4096,256,0,0,8,0,32,64,"0x0","0x7f0abb6c9700",4181245310971759,4181245311322987,4181245311327754,4181245311384543,4767
2172,"loop_reduce_window_fusion_13.kd",2,8,2452,1263855,1263855,4096,256,0,0,8,0,16,64,"0x0","0x7f0abb6c9680",4181245310978409,4181245311327754,4181245311332561,4181245311389010,4807
2173,"loop_slice_fusion_1.kd",2,8,2453,1263855,1263855,16,16,0,0,20,4,16,64,"0x0","0x7f0abb6c95c0",4181245310985900,4181245311332561,4181245311337288,4181245311393727,4727
2174,"input_concatenate_fusion_1.kd",2,8,2454,1263855,1263855,4096,256,0,0,8,0,32,64,"0x0","0x7f0abb6c9740",4181245310993712,4181245311337288,4181245311343457,4181245311397983,6169
2175,"loop_compare_fusion.kd",2,8,2455,1263855,1263855,8192,256,0,0,4,4,16,64,"0x0","0x7f0abb6c9780",4181245311000252,4181245311343457,4181245311348465,4181245311378284,5008
2176,"input_reduce_reduce_window_fusion_1.kd",2,8,2456,1263855,1263855,512,512,512,0,20,4,48,64,"0x0","0x7f0abb6c97c0",4181245311007833,4181245311348465,4181245311365891,4181245311372866,17426
2177,"loop_reduce_window_fusion_6.kd",2,8,2457,1263855,1263855,32,32,0,0,32,0,16,64,"0x0","0x7f0abb6c9800",4181245311014933,4181245311365891,4181245311374504,4181245311414117,8613
2178,"loop_broadcast_fusion_1.kd",2,8,2458,1263855,1263855,8192,256,0,0,4,4,16,64,"0x0","0x7f0abb6c9840",4181245311022234,4181245311374504,4181245311379591,4181245311418223,5087
2179,"input_scatter_fusion_1.kd",2,8,2459,1263855,1263855,8192,256,0,0,8,0,32,64,"0x0","0x7f0abb6c9880",4181245311029886,4181245311379591,4181245311385039,4181245311422710,5448
2180,"loop_reduce_window_fusion_5.kd",2,8,2460,1263855,1263855,8192,256,0,0,8,0,16,64,"0x0","0x7f0abb6c98c0",4181245311036926,4181245311385039,4181245311390127,4181245311426866,5088
2181,"loop_reduce_window_fusion_4.kd",2,8,2461,1263855,1263855,512,256,0,0,8,0,16,64,"0x0","0x7f0abb6c9900",4181245311043526,4181245311390127,4181245311395295,4181245311409560,5168
2182,"loop_reduce_window_fusion_3.kd",2,8,2462,1263855,1263855,32,32,0,0,8,0,16,64,"0x0","0x7f0abb6c9940",4181245311051027,4181245311395295,4181245311400022,4181245311404833,4727
2183,"loop_select_fusion_6.kd",2,8,2463,1263855,1263855,8192,256,0,0,8,0,32,64,"0x0","0x7f0abb6c9980",4181245311058498,4181245311400022,4181245311405069,4181245311448218,5047
2184,"loop_select_fusion_1.kd",2,8,2464,1263855,1263855,8192,256,0,0,8,0,16,64,"0x0","0x7f0abb6c99c0",4181245311065719,4181245311405069,4181245311410117,4181245311452654,5048
2185,"loop_broadcast_fusion_4.kd",2,8,2465,1263855,1263855,16,16,0,0,4,4,16,64,"0x0","0x7f0abb6c9a00",4181245311073170,4181245311410117,4181245311415164,4181245311432935,5047
2186,"__amd_rocclr_fillBufferAligned.kd",2,8,2466,1263855,1263855,77824,256,0,0,12,4,48,64,"0x0","0x7f2abbf33580",4181245311084687,4181245311415164,4181245311428945,4181245311437502,13781
2187,"__amd_rocclr_fillBufferAligned.kd",2,8,2467,1263855,1263855,16128,256,0,0,12,4,48,64,"0x0","0x7f2abbf33580",4181245311098988,4181245311428945,4181245311433912,4181245311442179,4967
2188,"transformer_engine::fused_attn_rocm::populate_rng_state_kernel(long*, long const*, long) [clone .kd]",2,8,2468,1263855,1263855,1,1,0,0,8,0,16,64,"0x0","0x7f1abba31380",4181245311128342,4181245311433912,4181245311438799,4181245311469389,4887
2189,"__amd_rocclr_fillBufferAligned.kd",2,8,2469,1263855,1263855,256,256,0,0,12,4,48,64,"0x0","0x7f2abbf33580",4181245311138748,4181245311438799,4181245311443486,4181245311473906,4687
2190,"ck_fused_attn::get_runtime_max_seqlen_kernel(unsigned long, int const*, int const*, unsigned long*) [clone .kd]",2,8,2470,1263855,1263855,4096,128,0,0,4,4,32,64,"0x0","0x7f1abba20940",4181245311144997,4181245311443486,4181245311449375,4181245311458914,5889
2191,"__amd_rocclr_copyBuffer.kd",2,8,2471,1263855,1263855,512,512,0,0,16,0,32,64,"0x7f32cafe9100","0x7f2abbf33600",4181245311314399,4181245311449375,4181245311454783,4181245311464302,5408
2192,"__amd_rocclr_fillBufferAligned.kd",2,8,2473,1263855,1263855,256,256,0,0,12,4,48,64,"0x0","0x7f2abbf33580",4181245311482238,4181245311490917,4181245311492760,4181245311532113,1843
2193,"ck_fused_attn::get_runtime_max_seqlen_kernel(unsigned long, int const*, int const*, unsigned long*) [clone .kd]",2,8,2474,1263855,1263855,4096,128,0,0,4,4,32,64,"0x0","0x7f1abba20940",4181245311498403,4181245311507742,4181245311513390,4181245311542448,5648
2194,"__amd_rocclr_copyBuffer.kd",2,8,2475,1263855,1263855,512,512,0,0,16,0,32,64,"0x7f32cafe9000","0x7f2abbf33600",4181245311506555,4181245311518318,4181245311523966,4181245311537320,5648
2195,"void transformer_engine::fused_attn_rocm::compute_scores_kernel<hip_bfloat16, transformer_engine::fused_attn_rocm::SmallSeqConfig<6, 128, 256, false, (transformer_engine::fused_attn_rocm::CausalMaskType)0>, 1>(hip_bfloat16 const*, hip_bfloat16 const*, hip_bfloat16*, float, int const*, int const*, int, int) [clone .kd]",2,8,2477,1263855,1263855,64000,64,0,0,112,0,48,64,"0x0","0x7f02bb54f5c0",4181245311553705,4181245311562864,4181245311591947,4181245311593103,29083
2196,"void transformer_engine::fused_attn_rocm::apply_mask_and_softmax_kernel<hip_bfloat16, transformer_engine::fused_attn_rocm::SmallSeqConfig<6, 128, 256, false, (transformer_engine::fused_attn_rocm::CausalMaskType)0> >(hip_bfloat16*, hip_bfloat16 const*, float, int const*, int, int) [clone .kd]",2,8,2478,1263855,1263855,390144,256,1024,0,12,4,16,64,"0x0","0x7f02bb54f600",4181245311561266,4181245311591947,4181245311597275,4181245311605241,5328
2197,"void transformer_engine::fused_attn_rocm::compute_output_kernel<hip_bfloat16, transformer_engine::fused_attn_rocm::SmallSeqConfig<6, 128, 256, false, (transformer_engine::fused_attn_rocm::CausalMaskType)0>, 2, 8>(hip_bfloat16 const*, hip_bfloat16 const*, hip_bfloat16*, int const*, int const*, int, int) [clone .kd]",2,8,2479,1263855,1263855,512000,64,12288,0,28,4,48,64,"0x0","0x7f02bb54f640",4181245311577130,4181245311597275,4181245311660249,4181245311662727,62974
2198,"loop_broadcast_fusion_5.kd",2,8,2480,1263855,1263855,2048000,256,0,0,4,4,16,64,"0x0","0x7f0abb6c9a40",4181245311587104,4181245311660249,4181245311668381,4181245311669597,8132
2199,"__amd_rocclr_fillBufferAligned.kd",2,8,2481,1263855,1263855,77824,256,0,0,12,4,48,64,"0x0","0x7f2abbf33580",4181245311602017,4181245311668381,4181245311675191,4181245311675987,6810
2200,"__amd_rocclr_fillBufferAligned.kd",2,8,2482,1263855,1263855,77824,256,0,0,12,4,48,64,"0x0","0x7f2abbf33580",4181245311607495,4181245311675191,4181245311693218,4181245311700333,18027
2201,"__amd_rocclr_fillBufferAligned.kd",2,8,2483,1263855,1263855,77824,256,0,0,12,4,48,64,"0x0","0x7f2abbf33580",4181245311619302,4181245311693218,4181245311710563,4181245311720843,17345
2202,"__amd_rocclr_fillBufferAligned.kd",2,8,2484,1263855,1263855,256,256,0,0,12,4,48,64,"0x0","0x7f2abbf33580",4181245311628196,4181245311710563,4181245311715130,4181245311716136,4567
2203,"ck_fused_attn::get_runtime_max_seqlen_kernel(unsigned long, int const*, int const*, unsigned long*) [clone .kd]",2,8,2485,1263855,1263855,4096,128,0,0,4,4,32,64,"0x0","0x7f1abba20940",4181245311634525,4181245311715130,4181245311720979,4181245311725320,5849
2204,"__amd_rocclr_copyBuffer.kd",2,8,2486,1263855,1263855,512,512,0,0,16,0,32,64,"0x7f32cae73980","0x7f2abbf33600",4181245311641465,4181245311720979,4181245311727949,4181245311732521,6970
2205,"__amd_rocclr_fillBufferAligned.kd",2,8,2488,1263855,1263855,256,256,0,0,12,4,48,64,"0x0","0x7f2abbf33580",4181245311752140,4181245311761559,4181245311763602,4181245311769796,2043
2206,"ck_fused_attn::get_runtime_max_seqlen_kernel(unsigned long, int const*, int const*, unsigned long*) [clone .kd]",2,8,2489,1263855,1263855,4096,128,0,0,4,4,32,64,"0x0","0x7f1abba20940",4181245311760412,4181245311770893,4181245311776702,4181245311779751,5809
2207,"__amd_rocclr_copyBuffer.kd",2,8,2490,1263855,1263855,512,512,0,0,16,0,32,64,"0x7f32cafe8e00","0x7f2abbf33600",4181245311769716,4181245311785435,4181245311792045,4181245311799611,6610
2208,"void transformer_engine::fused_attn_rocm::compute_grad_v_kernel<hip_bfloat16, transformer_engine::fused_attn_rocm::SmallSeqConfig<6, 128, 256, false, (transformer_engine::fused_attn_rocm::CausalMaskType)0>, 16, 16>(hip_bfloat16 const*, hip_bfloat16 const*, hip_bfloat16*, int const*, int const*, int, int) [clone .kd]",2,8,2492,1263855,1263855,256000,64,12288,0,32,0,48,64,"0x0","0x7f02bb551100",4181245311814763,4181245311828419,4181245311962258,4181245311969734,133839
2209,"void transformer_engine::fused_attn_rocm::compute_grad_attn_kernel<hip_bfloat16, transformer_engine::fused_attn_rocm::SmallSeqConfig<6, 128, 256, false, (transformer_engine::fused_attn_rocm::CausalMaskType)0>, 16>(hip_bfloat16 const*, hip_bfloat16 const*, hip_bfloat16*, int const*, int const*, int, int) [clone .kd]",2,8,2493,1263855,1263855,8000,64,0,0,116,4,64,64,"0x0","0x7f02bb551140",4181245311826561,4181245311962258,4181245312194884,4181245312196190,232626
2210,"void transformer_engine::fused_attn_rocm::softmax_backward_kernel<hip_bfloat16, transformer_engine::fused_attn_rocm::SmallSeqConfig<6, 128, 256, false, (transformer_engine::fused_attn_rocm::CausalMaskType)0> >(hip_bfloat16 const*, hip_bfloat16 const*, hip_bfloat16*, float, int const*, int, int) [clone .kd]",2,8,2494,1263855,1263855,390144,256,1024,0,16,0,16,64,"0x0","0x7f02bb551180",4181245311833681,4181245312194884,4181245312200252,4181245312204593,5368
2211,"void transformer_engine::fused_attn_rocm::compute_grad_qk_kernel<hip_bfloat16, transformer_engine::fused_attn_rocm::SmallSeqConfig<6, 128, 256, false, (transformer_engine::fused_attn_rocm::CausalMaskType)0>, 4, 16>(hip_bfloat16 const*, hip_bfloat16 const*, hip_bfloat16 const*, hip_bfloat16*, hip_bfloat16*, float, int const*, int const*, int, int) [clone .kd]",2,8,2495,1263855,1263855,1024000,64,12288,0,36,4,48,64,"0x0","0x7f02bb5511c0",4181245311842134,4181245312200252,4181245312356324,4181245312359523,156072
2212,"input_reduce_fusion.kd",2,8,2496,1263855,1263855,524288,256,512,0,16,0,16,64,"0x0","0x7f0abb6c9a80",4181245311849615,4181245312356324,4181245312365417,4181245312368587,9093
2213,"input_reduce_fusion_3.kd",2,8,2497,1263855,1263855,128,128,512,0,24,0,16,64,"0x0","0x7f0abb6c9ac0",4181245311856555,4181245312365417,4181245312370865,4181245312374405,5448
2214,"loop_convert_fusion.kd",2,8,2498,1263855,1263855,1,1,0,0,4,4,16,64,"0x0","0x7f0abb6c9b00",4181245311863035,4181245312370865,4181245312374992,4181245312380284,4127
2215,"input_reduce_reduce_window_fusion_3.kd",2,8,2501,1263855,1263855,9728,256,0,0,28,4,48,64,"0x0","0x7f0abb6c9000",4181245311981441,4181245312387410,4181245312398226,4181245312400484,10816
2216,"loop_reduce_window_fusion_11.kd",2,8,2502,1263855,1263855,1536,256,0,0,8,0,16,64,"0x0","0x7f0abb6c9040",4181245311990424,4181245312398226,4181245312405998,4181245312406163,7772
2217,"loop_slice_fusion_5.kd",2,8,2503,1263855,1263855,6,6,0,0,20,4,16,64,"0x0","0x7f0abb6c9080",4181245311997014,4181245312405998,4181245312411085,4181245312413313,5087
2218,"loop_broadcast_fusion_2.kd",2,8,2504,1263855,1263855,24064,256,0,0,4,4,16,64,"0x0","0x7f0abb6c90c0",4181245312005266,4181245312411085,4181245312416734,4181245312418862,5649
2219,"input_scatter_fusion_2.kd",2,8,2505,1263855,1263855,24064,256,0,0,12,4,32,64,"0x0","0x7f0abb6c9100",4181245312012818,4181245312416734,4181245312424866,4181245312424790,8132
2220,"loop_reduce_window_fusion_10.kd",2,8,2506,1263855,1263855,24064,256,0,0,8,0,16,64,"0x0","0x7f0abb6c9140",4181245312019688,4181245312424866,4181245312430474,4181245312430589,5608
2221,"loop_reduce_window_fusion_11.kd",2,8,2507,1263855,1263855,1536,256,0,0,8,0,16,64,"0x0","0x7f0abb6c9040",4181245312025937,4181245312430474,4181245312436122,4181245312436257,5648
2222,"loop_slice_fusion_4.kd",2,8,2508,1263855,1263855,94,94,0,0,24,0,16,64,"0x0","0x7f0abb6c9180",4181245312033088,4181245312436122,4181245312441771,4181245312441796,5649
2223,"input_reduce_fusion_1.kd",2,8,2509,1263855,1263855,64,64,0,0,8,0,16,64,"0x0","0x7f0abb6c91c0",4181245312039297,4181245312441771,4181245312447379,4181245312447564,5608
2224,"loop_select_fusion_5.kd",2,8,2510,1263855,1263855,24064,256,0,0,8,0,32,64,"0x0","0x7f0abb6c9200",4181245312047209,4181245312447379,4181245312453188,4181245312453223,5809
2225,"loop_select_fusion_2.kd",2,8,2511,1263855,1263855,24064,256,0,0,4,4,16,64,"0x0","0x7f0abb6c9240",4181245312053769,4181245312453188,4181245312458916,4181245312458561,5728
2226,"loop_reduce_window_fusion_10.kd",2,8,2512,1263855,1263855,24064,256,0,0,8,0,16,64,"0x0","0x7f0abb6c9140",4181245312060639,4181245312458916,4181245312464565,4181245312464219,5649
2227,"loop_reduce_window_fusion_11.kd",2,8,2513,1263855,1263855,1536,256,0,0,8,0,16,64,"0x0","0x7f0abb6c9040",4181245312066878,4181245312464565,4181245312470173,4181245312470258,5608
2228,"loop_slice_fusion_5.kd",2,8,2514,1263855,1263855,6,6,0,0,20,4,16,64,"0x0","0x7f0abb6c9080",4181245312074099,4181245312470173,4181245312475781,4181245312478210,5608
2229,"input_concatenate_fusion.kd",2,8,2515,1263855,1263855,24064,256,0,0,12,4,32,64,"0x0","0x7f0abb6c9280",4181245312080809,4181245312475781,4181245312481710,4181245312484159,5929
2230,"input_reduce_reduce_window_fusion.kd",2,8,2516,1263855,1263855,11264,256,0,0,36,4,48,64,"0x0","0x7f0abb6c92c0",4181245312088390,4181245312481710,4181245312494129,4181245312498430,12419
2231,"loop_reduce_window_fusion_2.kd",2,8,2517,1263855,1263855,1792,256,0,0,8,0,16,64,"0x0","0x7f0abb6c9300",4181245312095090,4181245312494129,4181245312500058,4181245312504549,5929
2232,"loop_slice_fusion_7.kd",2,8,2518,1263855,1263855,7,7,0,0,20,4,16,64,"0x0","0x7f0abb6c9340",4181245312102120,4181245312500058,4181245312504865,4181245312510638,4807
2233,"loop_broadcast_fusion.kd",2,8,2519,1263855,1263855,28160,256,0,0,4,4,16,64,"0x0","0x7f0abb6c9380",4181245312109622,4181245312504865,4181245312510072,4181245312516326,5207
2234,"input_scatter_fusion.kd",2,8,2520,1263855,1263855,28160,256,0,0,12,4,32,64,"0x0","0x7f0abb6c93c0",4181245312117003,4181245312510072,4181245312517323,4181245312522456,7251
2235,"loop_reduce_window_fusion_1.kd",2,8,2521,1263855,1263855,28160,256,0,0,8,0,16,64,"0x0","0x7f0abb6c9400",4181245312124243,4181245312517323,4181245312522210,4181245312528465,4887
2236,"loop_reduce_window_fusion_2.kd",2,8,2522,1263855,1263855,1792,256,0,0,8,0,16,64,"0x0","0x7f0abb6c9300",4181245312131624,4181245312522210,4181245312527138,4181245312540252,4928
2237,"loop_slice_fusion_7.kd",2,8,2523,1263855,1263855,7,7,0,0,20,4,16,64,"0x0","0x7f0abb6c9340",4181245312138114,4181245312527138,4181245312531865,4181245312534564,4727
2238,"loop_slice_fusion_3.kd",2,8,2524,1263855,1263855,110,110,0,0,8,0,16,64,"0x0","0x7f0abb6c9440",4181245312144764,4181245312531865,4181245312536552,4181245312562876,4687
2239,"input_reduce_fusion_2.kd",2,8,2525,1263855,1263855,64,64,0,0,8,0,16,64,"0x0","0x7f0abb6c9480",4181245312152175,4181245312536552,4181245312541279,4181245312570767,4727
2240,"loop_select_fusion_4.kd",2,8,2526,1263855,1263855,28160,256,0,0,8,0,32,64,"0x0","0x7f0abb6c94c0",4181245312159716,4181245312541279,4181245312546286,4181245312550828,5007
2241,"loop_select_fusion.kd",2,8,2527,1263855,1263855,28160,256,0,0,8,0,16,64,"0x0","0x7f0abb6c9500",4181245312167818,4181245312546286,4181245312551254,4181245312585069,4968
2242,"loop_compare_fusion_1.kd",2,8,2528,1263855,1263855,4096,256,0,0,4,4,16,64,"0x0","0x7f0abb6c9540",4181245312175039,4181245312551254,4181245312556141,4181245312579510,4887
2243,"input_reduce_reduce_window_fusion_2.kd",2,8,2529,1263855,1263855,256,256,512,0,20,4,32,64,"0x0","0x7f0abb6c9580",4181245312181769,4181245312556141,4181245312572085,4181245312595825,15944
2244,"loop_slice_fusion_1.kd",2,8,2530,1263855,1263855,16,16,0,0,20,4,16,64,"0x0","0x7f0abb6c95c0",4181245312189701,4181245312572085,4181245312576812,4181245312601383,4727
2245,"loop_broadcast_fusion_3.kd",2,8,2531,1263855,1263855,4096,256,0,0,4,4,16,64,"0x0","0x7f0abb6c9600",4181245312197142,4181245312576812,4181245312581739,4181245312607252,4927
2246,"input_scatter_fusion_3.kd",2,8,2532,1263855,1263855,4096,256,0,0,8,0,32,64,"0x0","0x7f0abb6c9640",4181245312226966,4181245312581739,4181245312588028,4181245312613321,6289
2247,"loop_reduce_window_fusion_13.kd",2,8,2533,1263855,1263855,4096,256,0,0,8,0,16,64,"0x0","0x7f0abb6c9680",4181245312234537,4181245312588028,4181245312592836,4181245312619230,4808
2248,"loop_slice_fusion_1.kd",2,8,2534,1263855,1263855,16,16,0,0,20,4,16,64,"0x0","0x7f0abb6c95c0",4181245312241958,4181245312592836,4181245312597563,4181245312624628,4727
2249,"loop_remainder_fusion.kd",2,8,2535,1263855,1263855,4096,256,0,0,12,4,16,64,"0x0","0x7f0abb6c96c0",4181245312249710,4181245312597563,4181245312603491,4181245312630206,5928
2250,"loop_select_fusion_3.kd",2,8,2536,1263855,1263855,4096,256,0,0,8,0,32,64,"0x0","0x7f0abb6c9700",4181245312257602,4181245312603491,4181245312608299,4181245312636055,4808
2251,"loop_reduce_window_fusion_13.kd",2,8,2537,1263855,1263855,4096,256,0,0,8,0,16,64,"0x0","0x7f0abb6c9680",4181245312265093,4181245312608299,4181245312613066,4181245312642214,4767
2252,"loop_slice_fusion_1.kd",2,8,2538,1263855,1263855,16,16,0,0,20,4,16,64,"0x0","0x7f0abb6c95c0",4181245312272404,4181245312613066,4181245312617793,4181245312648032,4727
2253,"input_concatenate_fusion_1.kd",2,8,2539,1263855,1263855,4096,256,0,0,8,0,32,64,"0x0","0x7f0abb6c9740",4181245312279685,4181245312617793,4181245312623321,4181245312655644,5528
2254,"loop_compare_fusion.kd",2,8,2540,1263855,1263855,8192,256,0,0,4,4,16,64,"0x0","0x7f0abb6c9780",4181245312287316,4181245312623321,4181245312628408,4181245312661653,5087
2255,"input_reduce_reduce_window_fusion_1.kd",2,8,2541,1263855,1263855,512,512,512,0,20,4,48,64,"0x0","0x7f0abb6c97c0",4181245312294847,4181245312628408,4181245312645914,4181245312667782,17506
2256,"loop_reduce_window_fusion_6.kd",2,8,2542,1263855,1263855,32,32,0,0,32,0,16,64,"0x0","0x7f0abb6c9800",4181245312301767,4181245312645914,4181245312656650,4181245312673390,10736
2257,"loop_broadcast_fusion_1.kd",2,8,2543,1263855,1263855,8192,256,0,0,4,4,16,64,"0x0","0x7f0abb6c9840",4181245312309839,4181245312656650,4181245312661738,4181245312679249,5088
2258,"input_scatter_fusion_1.kd",2,8,2544,1263855,1263855,8192,256,0,0,8,0,32,64,"0x0","0x7f0abb6c9880",4181245312316409,4181245312661738,4181245312667507,4181245312708302,5769
2259,"loop_reduce_window_fusion_5.kd",2,8,2545,1263855,1263855,8192,256,0,0,8,0,16,64,"0x0","0x7f0abb6c98c0",4181245312324061,4181245312667507,4181245312672594,4181245312696524,5087
2260,"loop_reduce_window_fusion_4.kd",2,8,2546,1263855,1263855,512,256,0,0,8,0,16,64,"0x0","0x7f0abb6c9900",4181245312331311,4181245312672594,4181245312677922,4181245312690906,5328
2261,"loop_reduce_window_fusion_3.kd",2,8,2547,1263855,1263855,32,32,0,0,8,0,16,64,"0x0","0x7f0abb6c9940",4181245312337170,4181245312677922,4181245312682649,4181245312684837,4727
2262,"loop_select_fusion_6.kd",2,8,2548,1263855,1263855,8192,256,0,0,8,0,32,64,"0x0","0x7f0abb6c9980",4181245312345232,4181245312682649,4181245312687737,4181245312754040,5088
2263,"loop_select_fusion_1.kd",2,8,2549,1263855,1263855,8192,256,0,0,8,0,16,64,"0x0","0x7f0abb6c99c0",4181245312352683,4181245312687737,4181245312692664,4181245312748542,4927
2264,"loop_broadcast_fusion_4.kd",2,8,2550,1263855,1263855,16,16,0,0,4,4,16,64,"0x0","0x7f0abb6c9a00",4181245312359844,4181245312692664,4181245312697752,4181245312702253,5088
2265,"__amd_rocclr_fillBufferAligned.kd",2,8,2551,1263855,1263855,77824,256,0,0,12,4,48,64,"0x0","0x7f2abbf33580",4181245312404791,4181245312697752,4181245312711692,4181245312741962,13940
2266,"__amd_rocclr_fillBufferAligned.kd",2,8,2552,1263855,1263855,16128,256,0,0,12,4,48,64,"0x0","0x7f2abbf33580",4181245312503357,4181245312711692,4181245312716660,4181245312716785,4968
2267,"transformer_engine::fused_attn_rocm::populate_rng_state_kernel(long*, long const*, long) [clone .kd]",2,8,2553,1263855,1263855,1,1,0,0,8,0,16,64,"0x0","0x7f1abba31380",4181245312560242,4181245312716660,4181245312720786,4181245312759919,4126
2268,"__amd_rocclr_fillBufferAligned.kd",2,8,2554,1263855,1263855,256,256,0,0,12,4,48,64,"0x0","0x7f2abbf33580",4181245312589916,4181245312724832,4181245312725633,4181245312731617,801
2269,"ck_fused_attn::get_runtime_max_seqlen_kernel(unsigned long, int const*, int const*, unsigned long*) [clone .kd]",2,8,2555,1263855,1263855,4096,128,0,0,4,4,32,64,"0x0","0x7f1abba20940",4181245312728552,4181245312738452,4181245312744221,4181245312768812,5769
2270,"__amd_rocclr_copyBuffer.kd",2,8,2556,1263855,1263855,512,512,0,0,16,0,32,64,"0x7f32cafe8c00","0x7f2abbf33600",4181245312739689,4181245312775748,4181245312782277,4181245312784986,6529
2271,"__amd_rocclr_fillBufferAligned.kd",2,8,2558,1263855,1263855,256,256,0,0,12,4,48,64,"0x0","0x7f2abbf33580",4181245312802722,4181245312812082,4181245312813884,4181245312851565,1802
2272,"ck_fused_attn::get_runtime_max_seqlen_kernel(unsigned long, int const*, int const*, unsigned long*) [clone .kd]",2,8,2559,1263855,1263855,4096,128,0,0,4,4,32,64,"0x0","0x7f1abba20940",4181245312815141,4181245312823979,4181245312829708,4181245312861280,5729
2273,"__amd_rocclr_copyBuffer.kd",2,8,2560,1263855,1263855,512,512,0,0,16,0,32,64,"0x7f32cafe8b00","0x7f2abbf33600",4181245312825306,4181245312836197,4181245312842287,4181245312856683,6090
2274,"void transformer_engine::fused_attn_rocm::compute_scores_kernel<hip_bfloat16, transformer_engine::fused_attn_rocm::SmallSeqConfig<6, 128, 256, false, (transformer_engine::fused_attn_rocm::CausalMaskType)0>, 1>(hip_bfloat16 const*, hip_bfloat16 const*, hip_bfloat16*, float, int const*, int const*, int, int) [clone .kd]",2,8,2562,1263855,1263855,64000,64,0,0,112,0,48,64,"0x0","0x7f02bb54f5c0",4181245312874289,4181245312883748,4181245312913392,4181245312916381,29644
2275,"void transformer_engine::fused_attn_rocm::apply_mask_and_softmax_kernel<hip_bfloat16, transformer_engine::fused_attn_rocm::SmallSeqConfig<6, 128, 256, false, (transformer_engine::fused_attn_rocm::CausalMaskType)0> >(hip_bfloat16*, hip_bfloat16 const*, float, int const*, int, int) [clone .kd]",2,8,2563,1263855,1263855,390144,256,1024,0,12,4,16,64,"0x0","0x7f02bb54f600",4181245312882441,4181245312913392,4181245312918440,4181245312923392,5048
2276,"void transformer_engine::fused_attn_rocm::compute_output_kernel<hip_bfloat16, transformer_engine::fused_attn_rocm::SmallSeqConfig<6, 128, 256, false, (transformer_engine::fused_attn_rocm::CausalMaskType)0>, 2, 8>(hip_bfloat16 const*, hip_bfloat16 const*, hip_bfloat16*, int const*, int const*, int, int) [clone .kd]",2,8,2564,1263855,1263855,512000,64,12288,0,28,4,48,64,"0x0","0x7f02bb54f640",4181245312896171,4181245312918440,4181245312983136,4181245312991453,64696
2277,"loop_broadcast_fusion_5.kd",2,8,2565,1263855,1263855,2048000,256,0,0,4,4,16,64,"0x0","0x7f0abb6c9a40",4181245312906647,4181245312983136,4181245312991388,4181245312998544,8252
2278,"__amd_rocclr_fillBufferAligned.kd",2,8,2566,1263855,1263855,77824,256,0,0,12,4,48,64,"0x0","0x7f2abbf33580",4181245312920367,4181245312991388,4181245312998238,4181245313003811,6850
2279,"__amd_rocclr_fillBufferAligned.kd",2,8,2567,1263855,1263855,77824,256,0,0,12,4,48,64,"0x0","0x7f2abbf33580",4181245312927909,4181245312998238,4181245313016025,4181245313019244,17787
2280,"__amd_rocclr_fillBufferAligned.kd",2,8,2568,1263855,1263855,77824,256,0,0,12,4,48,64,"0x0","0x7f2abbf33580",4181245312937653,4181245313016025,4181245313033531,4181245313034117,17506
2281,"__amd_rocclr_fillBufferAligned.kd",2,8,2569,1263855,1263855,256,256,0,0,12,4,48,64,"0x0","0x7f2abbf33580",4181245312945695,4181245313033531,4181245313038178,4181245313040476,4647
2282,"ck_fused_attn::get_runtime_max_seqlen_kernel(unsigned long, int const*, int const*, unsigned long*) [clone .kd]",2,8,2570,1263855,1263855,4096,128,0,0,4,4,32,64,"0x0","0x7f1abba20940",4181245312951844,4181245313038178,4181245313044107,4181245313046926,5929
2283,"__amd_rocclr_copyBuffer.kd",2,8,2571,1263855,1263855,512,512,0,0,16,0,32,64,"0x7f32cae73a00","0x7f2abbf33600",4181245312959626,4181245313044107,4181245313049835,4181245313053235,5728
2284,"__amd_rocclr_fillBufferAligned.kd",2,8,2573,1263855,1263855,256,256,0,0,12,4,48,64,"0x0","0x7f2abbf33580",4181245313071442,4181245313081282,4181245313083405,4181245313090861,2123
2285,"ck_fused_attn::get_runtime_max_seqlen_kernel(unsigned long, int const*, int const*, unsigned long*) [clone .kd]",2,8,2574,1263855,1263855,4096,128,0,0,4,4,32,64,"0x0","0x7f1abba20940",4181245313080215,4181245313089574,4181245313099068,4181245313107876,9494
2286,"__amd_rocclr_copyBuffer.kd",2,8,2575,1263855,1263855,512,512,0,0,16,0,32,64,"0x7f32cafe8900","0x7f2abbf33600",4181245313088548,4181245313099068,4181245313104637,4181245313114827,5569
2287,"void transformer_engine::fused_attn_rocm::compute_grad_v_kernel<hip_bfloat16, transformer_engine::fused_attn_rocm::SmallSeqConfig<6, 128, 256, false, (transformer_engine::fused_attn_rocm::CausalMaskType)0>, 16, 16>(hip_bfloat16 const*, hip_bfloat16 const*, hip_bfloat16*, int const*, int const*, int, int) [clone .kd]",2,8,2577,1263855,1263855,256000,64,12288,0,32,0,48,64,"0x0","0x7f02bb551100",4181245313130099,4181245313143414,4181245313281860,4181245313284930,138446
2288,"void transformer_engine::fused_attn_rocm::compute_grad_attn_kernel<hip_bfloat16, transformer_engine::fused_attn_rocm::SmallSeqConfig<6, 128, 256, false, (transformer_engine::fused_attn_rocm::CausalMaskType)0>, 16>(hip_bfloat16 const*, hip_bfloat16 const*, hip_bfloat16*, int const*, int const*, int, int) [clone .kd]",2,8,2578,1263855,1263855,8000,64,0,0,116,4,64,64,"0x0","0x7f02bb551140",4181245313142488,4181245313281860,4181245313511241,4181245313522172,229381
2289,"void transformer_engine::fused_attn_rocm::softmax_backward_kernel<hip_bfloat16, transformer_engine::fused_attn_rocm::SmallSeqConfig<6, 128, 256, false, (transformer_engine::fused_attn_rocm::CausalMaskType)0> >(hip_bfloat16 const*, hip_bfloat16 const*, hip_bfloat16*, float, int const*, int, int) [clone .kd]",2,8,2579,1263855,1263855,390144,256,1024,0,16,0,16,64,"0x0","0x7f02bb551180",4181245313149819,4181245313511241,4181245313516930,4181245313529924,5689
2290,"void transformer_engine::fused_attn_rocm::compute_grad_qk_kernel<hip_bfloat16, transformer_engine::fused_attn_rocm::SmallSeqConfig<6, 128, 256, false, (transformer_engine::fused_attn_rocm::CausalMaskType)0>, 4, 16>(hip_bfloat16 const*, hip_bfloat16 const*, hip_bfloat16 const*, hip_bfloat16*, hip_bfloat16*, float, int const*, int const*, int, int) [clone .kd]",2,8,2580,1263855,1263855,1024000,64,12288,0,36,4,48,64,"0x0","0x7f02bb5511c0",4181245313157270,4181245313516695,4181245313677935,4181245313688890,161240
2291,"input_reduce_fusion.kd",2,8,2581,1263855,1263855,524288,256,512,0,16,0,16,64,"0x0","0x7f0abb6c9a80",4181245313164771,4181245313677935,4181245313687389,4181245313703061,9454
2292,"input_reduce_fusion_3.kd",2,8,2582,1263855,1263855,128,128,512,0,24,0,16,64,"0x0","0x7f0abb6c9ac0",4181245313171521,4181245313687389,4181245313693116,4181245313709541,5727
2293,"loop_convert_fusion.kd",2,8,2583,1263855,1263855,1,1,0,0,4,4,16,64,"0x0","0x7f0abb6c9b00",4181245313179282,4181245313693116,4181245313697122,4181245313715400,4006
2294,"input_reduce_reduce_window_fusion_3.kd",2,8,2586,1263855,1263855,9728,256,0,0,28,4,48,64,"0x0","0x7f0abb6c9000",4181245313296387,4181245313709421,4181245313719796,4181245313723412,10375
2295,"loop_reduce_window_fusion_11.kd",2,8,2587,1263855,1263855,1536,256,0,0,8,0,16,64,"0x0","0x7f0abb6c9040",4181245313305430,4181245313719796,4181245313726486,4181245313739796,6690
2296,"loop_slice_fusion_5.kd",2,8,2588,1263855,1263855,6,6,0,0,20,4,16,64,"0x0","0x7f0abb6c9080",4181245313312871,4181245313726486,4181245313731413,4181245313746216,4927
2297,"loop_broadcast_fusion_2.kd",2,8,2589,1263855,1263855,24064,256,0,0,4,4,16,64,"0x0","0x7f0abb6c90c0",4181245313320352,4181245313731413,4181245313736941,4181245313752094,5528
2298,"input_scatter_fusion_2.kd",2,8,2590,1263855,1263855,24064,256,0,0,12,4,32,64,"0x0","0x7f0abb6c9100",4181245313328184,4181245313736941,4181245313744953,4181245313758133,8012
2299,"loop_reduce_window_fusion_10.kd",2,8,2591,1263855,1263855,24064,256,0,0,8,0,16,64,"0x0","0x7f0abb6c9140",4181245313334804,4181245313744953,4181245313750762,4181245313764122,5809
2300,"loop_reduce_window_fusion_11.kd",2,8,2592,1263855,1263855,1536,256,0,0,8,0,16,64,"0x0","0x7f0abb6c9040",4181245313341804,4181245313750762,4181245313757452,4181245313770071,6690
2301,"loop_slice_fusion_4.kd",2,8,2593,1263855,1263855,94,94,0,0,24,0,16,64,"0x0","0x7f0abb6c9180",4181245313348434,4181245313757452,4181245313763261,4181245313775770,5809
2302,"input_reduce_fusion_1.kd",2,8,2594,1263855,1263855,64,64,0,0,8,0,16,64,"0x0","0x7f0abb6c91c0",4181245313355454,4181245313763261,4181245313768829,4181245313781829,5568
2303,"loop_select_fusion_5.kd",2,8,2595,1263855,1263855,24064,256,0,0,8,0,32,64,"0x0","0x7f0abb6c9200",4181245313362625,4181245313768829,4181245313775639,4181245313787587,6810
2304,"loop_select_fusion_2.kd",2,8,2596,1263855,1263855,24064,256,0,0,4,4,16,64,"0x0","0x7f0abb6c9240",4181245313370006,4181245313775639,4181245313781167,4181245313793356,5528
2305,"loop_reduce_window_fusion_10.kd",2,8,2597,1263855,1263855,24064,256,0,0,8,0,16,64,"0x0","0x7f0abb6c9140",4181245313376546,4181245313781167,4181245313786736,4181245313799305,5569
2306,"loop_reduce_window_fusion_11.kd",2,8,2598,1263855,1263855,1536,256,0,0,8,0,16,64,"0x0","0x7f0abb6c9040",4181245313383827,4181245313786736,4181245313792224,4181245313805203,5488
2307,"loop_slice_fusion_5.kd",2,8,2599,1263855,1263855,6,6,0,0,20,4,16,64,"0x0","0x7f0abb6c9080",4181245313390777,4181245313792224,4181245313797752,4181245313810842,5528
2308,"input_concatenate_fusion.kd",2,8,2600,1263855,1263855,24064,256,0,0,12,4,32,64,"0x0","0x7f0abb6c9280",4181245313398298,4181245313797752,4181245313803480,4181245313818052,5728
2309,"input_reduce_reduce_window_fusion.kd",2,8,2601,1263855,1263855,11264,256,0,0,36,4,48,64,"0x0","0x7f0abb6c92c0",4181245313405178,4181245313803480,4181245313815779,4181245313823771,12299
2310,"loop_reduce_window_fusion_2.kd",2,8,2602,1263855,1263855,1792,256,0,0,8,0,16,64,"0x0","0x7f0abb6c9300",4181245313412189,4181245313815779,4181245313821587,4181245313829500,5808
2311,"loop_slice_fusion_7.kd",2,8,2603,1263855,1263855,7,7,0,0,20,4,16,64,"0x0","0x7f0abb6c9340",4181245313419229,4181245313821587,4181245313827116,4181245313835518,5529
2312,"loop_broadcast_fusion.kd",2,8,2604,1263855,1263855,28160,256,0,0,4,4,16,64,"0x0","0x7f0abb6c9380",4181245313426811,4181245313827116,4181245313832644,4181245313841457,5528
2313,"input_scatter_fusion.kd",2,8,2605,1263855,1263855,28160,256,0,0,12,4,32,64,"0x0","0x7f0abb6c93c0",4181245313434482,4181245313832644,4181245313840936,4181245313847376,8292
2314,"loop_reduce_window_fusion_1.kd",2,8,2606,1263855,1263855,28160,256,0,0,8,0,16,64,"0x0","0x7f0abb6c9400",4181245313441853,4181245313840936,4181245313846544,4181245313853135,5608
2315,"loop_reduce_window_fusion_2.kd",2,8,2607,1263855,1263855,1792,256,0,0,8,0,16,64,"0x0","0x7f0abb6c9300",4181245313448984,4181245313846544,4181245313853194,4181245313858793,6650
2316,"loop_slice_fusion_7.kd",2,8,2608,1263855,1263855,7,7,0,0,20,4,16,64,"0x0","0x7f0abb6c9340",4181245313455754,4181245313853194,4181245313858763,4181245313890100,5569
2317,"loop_slice_fusion_3.kd",2,8,2609,1263855,1263855,110,110,0,0,8,0,16,64,"0x0","0x7f0abb6c9440",4181245313463305,4181245313858763,4181245313864611,4181245313884622,5848
2318,"input_reduce_fusion_2.kd",2,8,2610,1263855,1263855,64,64,0,0,8,0,16,64,"0x0","0x7f0abb6c9480",4181245313470125,4181245313864611,4181245313870140,4181245313872293,5529
2319,"loop_select_fusion_4.kd",2,8,2611,1263855,1263855,28160,256,0,0,8,0,32,64,"0x0","0x7f0abb6c94c0",4181245313477566,4181245313870140,4181245313876068,4181245313917931,5928
2320,"loop_select_fusion.kd",2,8,2612,1263855,1263855,28160,256,0,0,8,0,16,64,"0x0","0x7f0abb6c9500",4181245313484516,4181245313876068,4181245313881877,4181245313913214,5809
2321,"loop_compare_fusion_1.kd",2,8,2613,1263855,1263855,4096,256,0,0,4,4,16,64,"0x0","0x7f0abb6c9540",4181245313491998,4181245313881877,4181245313886644,4181245313901296,4767
2322,"input_reduce_reduce_window_fusion_2.kd",2,8,2614,1263855,1263855,256,256,512,0,20,4,32,64,"0x0","0x7f0abb6c9580",4181245313499138,4181245313886644,4181245313902708,4181245313924761,16064
2323,"loop_slice_fusion_1.kd",2,8,2615,1263855,1263855,16,16,0,0,20,4,16,64,"0x0","0x7f0abb6c95c0",4181245313506489,4181245313902708,4181245313907595,4181245313908868,4887
2324,"loop_broadcast_fusion_3.kd",2,8,2616,1263855,1263855,4096,256,0,0,4,4,16,64,"0x0","0x7f0abb6c9600",4181245313513419,4181245313907595,4181245313912483,4181245313942788,4888
2325,"input_scatter_fusion_3.kd",2,8,2617,1263855,1263855,4096,256,0,0,8,0,32,64,"0x0","0x7f0abb6c9640",4181245313521111,4181245313912483,4181245313918772,4181245313938241,6289
2326,"loop_reduce_window_fusion_13.kd",2,8,2618,1263855,1263855,4096,256,0,0,8,0,16,64,"0x0","0x7f0abb6c9680",4181245313545157,4181245313918772,4181245313923539,4181245313933554,4767
2327,"loop_slice_fusion_1.kd",2,8,2619,1263855,1263855,16,16,0,0,20,4,16,64,"0x0","0x7f0abb6c95c0",4181245313553179,4181245313923539,4181245313928266,4181245313929228,4727
2328,"loop_remainder_fusion.kd",2,8,2620,1263855,1263855,4096,256,0,0,12,4,16,64,"0x0","0x7f0abb6c96c0",4181245313560119,4181245313928266,4181245313934315,4181245313962157,6049
2329,"loop_select_fusion_3.kd",2,8,2621,1263855,1263855,4096,256,0,0,8,0,32,64,"0x0","0x7f0abb6c9700",4181245313568311,4181245313934315,4181245313939082,4181245313958021,4767
2330,"loop_reduce_window_fusion_13.kd",2,8,2622,1263855,1263855,4096,256,0,0,8,0,16,64,"0x0","0x7f0abb6c9680",4181245313575051,4181245313939082,4181245313943849,4181245313953674,4767
2331,"loop_slice_fusion_1.kd",2,8,2623,1263855,1263855,16,16,0,0,20,4,16,64,"0x0","0x7f0abb6c95c0",4181245313582182,4181245313943849,4181245313948576,4181245313949368,4727
2332,"input_concatenate_fusion_1.kd",2,8,2624,1263855,1263855,4096,256,0,0,8,0,32,64,"0x0","0x7f0abb6c9740",4181245313589022,4181245313948576,4181245313954185,4181245313975376,5609
2333,"loop_compare_fusion.kd",2,8,2625,1263855,1263855,8192,256,0,0,4,4,16,64,"0x0","0x7f0abb6c9780",4181245313595502,4181245313954185,4181245313959152,4181245313969217,4967
2334,"input_reduce_reduce_window_fusion_1.kd",2,8,2626,1263855,1263855,512,512,512,0,20,4,48,64,"0x0","0x7f0abb6c97c0",4181245313602632,4181245313959152,4181245313976778,4181245313981956,17626
2335,"loop_reduce_window_fusion_6.kd",2,8,2627,1263855,1263855,32,32,0,0,32,0,16,64,"0x0","0x7f0abb6c9800",4181245313610253,4181245313976778,4181245313985151,4181245313988376,8373
2336,"loop_broadcast_fusion_1.kd",2,8,2628,1263855,1263855,8192,256,0,0,4,4,16,64,"0x0","0x7f0abb6c9840",4181245313616292,4181245313985151,4181245313990198,4181245313994936,5047
2337,"input_scatter_fusion_1.kd",2,8,2629,1263855,1263855,8192,256,0,0,8,0,32,64,"0x0","0x7f0abb6c9880",4181245313623183,4181245313990198,4181245313995766,4181245314005992,5568
2338,"loop_reduce_window_fusion_5.kd",2,8,2630,1263855,1263855,8192,256,0,0,8,0,16,64,"0x0","0x7f0abb6c98c0",4181245313630654,4181245313995766,4181245314000854,4181245314001776,5088
2339,"loop_reduce_window_fusion_4.kd",2,8,2631,1263855,1263855,512,256,0,0,8,0,16,64,"0x0","0x7f0abb6c9900",4181245313637103,4181245314000854,4181245314006022,4181245314016668,5168
2340,"loop_reduce_window_fusion_3.kd",2,8,2632,1263855,1263855,32,32,0,0,8,0,16,64,"0x0","0x7f0abb6c9940",4181245313644564,4181245314006022,4181245314010829,4181245314012492,4807
2341,"loop_select_fusion_6.kd",2,8,2633,1263855,1263855,8192,256,0,0,8,0,32,64,"0x0","0x7f0abb6c9980",4181245313652536,4181245314010829,4181245314015876,4181245314027855,5047
2342,"loop_select_fusion_1.kd",2,8,2634,1263855,1263855,8192,256,0,0,8,0,16,64,"0x0","0x7f0abb6c99c0",4181245313659296,4181245314015876,4181245314020844,4181245314023148,4968
2343,"loop_broadcast_fusion_4.kd",2,8,2635,1263855,1263855,16,16,0,0,4,4,16,64,"0x0","0x7f0abb6c9a00",4181245313666147,4181245314020844,4181245314025811,4181245314032211,4967
2344,"__amd_rocclr_fillBufferAligned.kd",2,8,2636,1263855,1263855,77824,256,0,0,12,4,48,64,"0x0","0x7f2abbf33580",4181245313677874,4181245314025811,4181245314040273,4181245314048205,14462
2345,"__amd_rocclr_fillBufferAligned.kd",2,8,2637,1263855,1263855,16128,256,0,0,12,4,48,64,"0x0","0x7f2abbf33580",4181245313683963,4181245314040273,4181245314045280,4181245314054304,5007
2346,"transformer_engine::fused_attn_rocm::populate_rng_state_kernel(long*, long const*, long) [clone .kd]",2,8,2638,1263855,1263855,1,1,0,0,8,0,16,64,"0x0","0x7f1abba31380",4181245313695470,4181245314045280,4181245314050207,4181245314061354,4927
2347,"__amd_rocclr_fillBufferAligned.kd",2,8,2639,1263855,1263855,256,256,0,0,12,4,48,64,"0x0","0x7f2abbf33580",4181245313734248,4181245314050207,4181245314054894,4181245314066492,4687
2348,"ck_fused_attn::get_runtime_max_seqlen_kernel(unsigned long, int const*, int const*, unsigned long*) [clone .kd]",2,8,2640,1263855,1263855,4096,128,0,0,4,4,32,64,"0x0","0x7f1abba20940",4181245313881166,4181245314054894,4181245314060743,4181245314071299,5849
2349,"__amd_rocclr_copyBuffer.kd",2,8,2641,1263855,1263855,512,512,0,0,16,0,32,64,"0x7f32cafe8700","0x7f2abbf33600",4181245313890080,4181245314060743,4181245314066311,4181245314078099,5568
2350,"__amd_rocclr_fillBufferAligned.kd",2,8,2643,1263855,1263855,256,256,0,0,12,4,48,64,"0x0","0x7f2abbf33580",4181245314097468,4181245314107773,4181245314109776,4181245314150878,2003
2351,"ck_fused_attn::get_runtime_max_seqlen_kernel(unsigned long, int const*, int const*, unsigned long*) [clone .kd]",2,8,2644,1263855,1263855,4096,128,0,0,4,4,32,64,"0x0","0x7f1abba20940",4181245314117648,4181245314126921,4181245314132850,4181245314160862,5929
2352,"__amd_rocclr_copyBuffer.kd",2,8,2645,1263855,1263855,512,512,0,0,16,0,32,64,"0x7f32cafe8600","0x7f2abbf33600",4181245314128344,4181245314137818,4181245314142224,4181245314155975,4406
2353,"void transformer_engine::fused_attn_rocm::compute_scores_kernel<hip_bfloat16, transformer_engine::fused_attn_rocm::SmallSeqConfig<6, 128, 256, false, (transformer_engine::fused_attn_rocm::CausalMaskType)0>, 1>(hip_bfloat16 const*, hip_bfloat16 const*, hip_bfloat16*, float, int const*, int const*, int, int) [clone .kd]",2,8,2647,1263855,1263855,64000,64,0,0,112,0,48,64,"0x0","0x7f02bb54f5c0",4181245314172209,4181245314188894,4181245314217937,4181245314222614,29043
2354,"void transformer_engine::fused_attn_rocm::apply_mask_and_softmax_kernel<hip_bfloat16, transformer_engine::fused_attn_rocm::SmallSeqConfig<6, 128, 256, false, (transformer_engine::fused_attn_rocm::CausalMaskType)0> >(hip_bfloat16*, hip_bfloat16 const*, float, int const*, int, int) [clone .kd]",2,8,2648,1263855,1263855,390144,256,1024,0,12,4,16,64,"0x0","0x7f02bb54f600",4181245314187622,4181245314217937,4181245314223225,4181245314231427,5288
2355,"void transformer_engine::fused_attn_rocm::compute_output_kernel<hip_bfloat16, transformer_engine::fused_attn_rocm::SmallSeqConfig<6, 128, 256, false, (transformer_engine::fused_attn_rocm::CausalMaskType)0>, 2, 8>(hip_bfloat16 const*, hip_bfloat16 const*, hip_bfloat16*, int const*, int const*, int, int) [clone .kd]",2,8,2649,1263855,1263855,512000,64,12288,0,28,4,48,64,"0x0","0x7f02bb54f640",4181245314195574,4181245314223225,4181245314287160,4181245314289353,63935
2356,"loop_broadcast_fusion_5.kd",2,8,2650,1263855,1263855,2048000,256,0,0,4,4,16,64,"0x0","0x7f0abb6c9a40",4181245314204427,4181245314287160,4181245314295452,4181245314297285,8292
2357,"__amd_rocclr_fillBufferAligned.kd",2,8,2651,1263855,1263855,77824,256,0,0,12,4,48,64,"0x0","0x7f2abbf33580",4181245314219139,4181245314295452,4181245314302342,4181245314302583,6890
2358,"__amd_rocclr_fillBufferAligned.kd",2,8,2652,1263855,1263855,77824,256,0,0,12,4,48,64,"0x0","0x7f2abbf33580",4181245314225569,4181245314302342,4181245314319969,4181245314327400,17627
2359,"__amd_rocclr_fillBufferAligned.kd",2,8,2653,1263855,1263855,77824,256,0,0,12,4,48,64,"0x0","0x7f2abbf33580",4181245314248082,4181245314319969,4181245314337234,4181245314348201,17265
2360,"__amd_rocclr_fillBufferAligned.kd",2,8,2654,1263855,1263855,256,256,0,0,12,4,48,64,"0x0","0x7f2abbf33580",4181245314256725,4181245314337234,4181245314341881,4181245314343474,4647
2361,"ck_fused_attn::get_runtime_max_seqlen_kernel(unsigned long, int const*, int const*, unsigned long*) [clone .kd]",2,8,2655,1263855,1263855,4096,128,0,0,4,4,32,64,"0x0","0x7f1abba20940",4181245314262814,4181245314341881,4181245314347890,4181245314354801,6009
2362,"__amd_rocclr_copyBuffer.kd",2,8,2656,1263855,1263855,512,512,0,0,16,0,32,64,"0x7f32cafe8500","0x7f2abbf33600",4181245314269864,4181245314347890,4181245314353298,4181245314359568,5408
2363,"__amd_rocclr_fillBufferAligned.kd",2,8,2658,1263855,1263855,256,256,0,0,12,4,48,64,"0x0","0x7f2abbf33580",4181245314378356,4181245314389792,4181245314391835,4181245314392277,2043
2364,"ck_fused_attn::get_runtime_max_seqlen_kernel(unsigned long, int const*, int const*, unsigned long*) [clone .kd]",2,8,2659,1263855,1263855,4096,128,0,0,4,4,32,64,"0x0","0x7f1abba20940",4181245314389192,4181245314397364,4181245314406938,4181245314411034,9574
2365,"__amd_rocclr_copyBuffer.kd",2,8,2660,1263855,1263855,512,512,0,0,16,0,32,64,"0x7f32cafe8400","0x7f2abbf33600",4181245314396082,4181245314406938,4181245314412386,4181245314416853,5448
2366,"void transformer_engine::fused_attn_rocm::compute_grad_v_kernel<hip_bfloat16, transformer_engine::fused_attn_rocm::SmallSeqConfig<6, 128, 256, false, (transformer_engine::fused_attn_rocm::CausalMaskType)0>, 16, 16>(hip_bfloat16 const*, hip_bfloat16 const*, hip_bfloat16*, int const*, int const*, int, int) [clone .kd]",2,8,2662,1263855,1263855,256000,64,12288,0,32,0,48,64,"0x0","0x7f02bb551100",4181245314431625,4181245314445635,4181245314581197,4181245314585344,135562
2367,"void transformer_engine::fused_attn_rocm::compute_grad_attn_kernel<hip_bfloat16, transformer_engine::fused_attn_rocm::SmallSeqConfig<6, 128, 256, false, (transformer_engine::fused_attn_rocm::CausalMaskType)0>, 16>(hip_bfloat16 const*, hip_bfloat16 const*, hip_bfloat16*, int const*, int const*, int, int) [clone .kd]",2,8,2663,1263855,1263855,8000,64,0,0,116,4,64,64,"0x0","0x7f02bb551140",4181245314444314,4181245314581197,4181245314813382,4181245314824610,232185
2368,"void transformer_engine::fused_attn_rocm::softmax_backward_kernel<hip_bfloat16, transformer_engine::fused_attn_rocm::SmallSeqConfig<6, 128, 256, false, (transformer_engine::fused_attn_rocm::CausalMaskType)0> >(hip_bfloat16 const*, hip_bfloat16 const*, hip_bfloat16*, float, int const*, int, int) [clone .kd]",2,8,2664,1263855,1263855,390144,256,1024,0,16,0,16,64,"0x0","0x7f02bb551180",4181245314451324,4181245314813382,4181245314818750,4181245314832491,5368
2369,"void transformer_engine::fused_attn_rocm::compute_grad_qk_kernel<hip_bfloat16, transformer_engine::fused_attn_rocm::SmallSeqConfig<6, 128, 256, false, (transformer_engine::fused_attn_rocm::CausalMaskType)0>, 4, 16>(hip_bfloat16 const*, hip_bfloat16 const*, hip_bfloat16 const*, hip_bfloat16*, hip_bfloat16*, float, int const*, int const*, int, int) [clone .kd]",2,8,2665,1263855,1263855,1024000,64,12288,0,36,4,48,64,"0x0","0x7f02bb5511c0",4181245314458575,4181245314818750,4181245314967932,4181245314983456,149182
2370,"input_reduce_fusion.kd",2,8,2666,1263855,1263855,524288,256,512,0,16,0,16,64,"0x0","0x7f0abb6c9a80",4181245314466707,4181245314967932,4181245314976906,4181245314990967,8974
2371,"input_reduce_fusion_3.kd",2,8,2667,1263855,1263855,128,128,512,0,24,0,16,64,"0x0","0x7f0abb6c9ac0",4181245314473958,4181245314976906,4181245314982634,4181245314997286,5728
2372,"loop_convert_fusion.kd",2,8,2668,1263855,1263855,1,1,0,0,4,4,16,64,"0x0","0x7f0abb6c9b00",4181245314480338,4181245314982634,4181245314986760,4181245315003225,4126
2373,"input_reduce_reduce_window_fusion_3.kd",2,8,2671,1263855,1263855,9728,256,0,0,28,4,48,64,"0x0","0x7f0abb6c9000",4181245314599415,4181245314998858,4181245315009474,4181245315011277,10616
2374,"loop_reduce_window_fusion_11.kd",2,8,2672,1263855,1263855,1536,256,0,0,8,0,16,64,"0x0","0x7f0abb6c9040",4181245314608188,4181245315009474,4181245315016805,4181245315022784,7331
2375,"loop_slice_fusion_5.kd",2,8,2673,1263855,1263855,6,6,0,0,20,4,16,64,"0x0","0x7f0abb6c9080",4181245314615579,4181245315016805,4181245315021732,4181245315030476,4927
2376,"loop_broadcast_fusion_2.kd",2,8,2674,1263855,1263855,24064,256,0,0,4,4,16,64,"0x0","0x7f0abb6c90c0",4181245314622970,4181245315021732,4181245315027341,4181245315036445,5609
2377,"input_scatter_fusion_2.kd",2,8,2675,1263855,1263855,24064,256,0,0,12,4,32,64,"0x0","0x7f0abb6c9100",4181245314630921,4181245315027341,4181245315035513,4181245315043115,8172
2378,"loop_reduce_window_fusion_10.kd",2,8,2676,1263855,1263855,24064,256,0,0,8,0,16,64,"0x0","0x7f0abb6c9140",4181245314637732,4181245315035513,4181245315041441,4181245315048963,5928
2379,"loop_reduce_window_fusion_11.kd",2,8,2677,1263855,1263855,1536,256,0,0,8,0,16,64,"0x0","0x7f0abb6c9040",4181245314644572,4181245315041441,4181245315048171,4181245315055223,6730
2380,"loop_slice_fusion_4.kd",2,8,2678,1263855,1263855,94,94,0,0,24,0,16,64,"0x0","0x7f0abb6c9180",4181245314651222,4181245315048171,4181245315054100,4181245315060961,5929
2381,"input_reduce_fusion_1.kd",2,8,2679,1263855,1263855,64,64,0,0,8,0,16,64,"0x0","0x7f0abb6c91c0",4181245314658673,4181245315054100,4181245315059749,4181245315066910,5649
2382,"loop_select_fusion_5.kd",2,8,2680,1263855,1263855,24064,256,0,0,8,0,32,64,"0x0","0x7f0abb6c9200",4181245314665803,4181245315059749,4181245315065357,4181245315072618,5608
2383,"loop_select_fusion_2.kd",2,8,2681,1263855,1263855,24064,256,0,0,4,4,16,64,"0x0","0x7f0abb6c9240",4181245314673535,4181245315065357,4181245315070765,4181245315078667,5408
2384,"loop_reduce_window_fusion_10.kd",2,8,2682,1263855,1263855,24064,256,0,0,8,0,16,64,"0x0","0x7f0abb6c9140",4181245314680475,4181245315070765,4181245315076413,4181245315084686,5648
2385,"loop_reduce_window_fusion_11.kd",2,8,2683,1263855,1263855,1536,256,0,0,8,0,16,64,"0x0","0x7f0abb6c9040",4181245314688197,4181245315076413,4181245315082022,4181245315090575,5609
2386,"loop_slice_fusion_5.kd",2,8,2684,1263855,1263855,6,6,0,0,20,4,16,64,"0x0","0x7f0abb6c9080",4181245314695327,4181245315082022,4181245315087951,4181245315096634,5929
2387,"input_concatenate_fusion.kd",2,8,2685,1263855,1263855,24064,256,0,0,12,4,32,64,"0x0","0x7f0abb6c9280",4181245314702949,4181245315087951,4181245315094881,4181245315102693,6930
2388,"input_reduce_reduce_window_fusion.kd",2,8,2686,1263855,1263855,11264,256,0,0,36,4,48,64,"0x0","0x7f0abb6c92c0",4181245314709879,4181245315094881,4181245315106058,4181245315109944,11177
2389,"loop_reduce_window_fusion_2.kd",2,8,2687,1263855,1263855,1792,256,0,0,8,0,16,64,"0x0","0x7f0abb6c9300",4181245314716899,4181245315106058,4181245315111906,4181245315116153,5848
2390,"loop_slice_fusion_7.kd",2,8,2688,1263855,1263855,7,7,0,0,20,4,16,64,"0x0","0x7f0abb6c9340",4181245314723970,4181245315111906,4181245315117715,4181245315122122,5809
2391,"loop_broadcast_fusion.kd",2,8,2689,1263855,1263855,28160,256,0,0,4,4,16,64,"0x0","0x7f0abb6c9380",4181245314731872,4181245315117715,4181245315123323,4181245315128011,5608
2392,"input_scatter_fusion.kd",2,8,2690,1263855,1263855,28160,256,0,0,12,4,32,64,"0x0","0x7f0abb6c93c0",4181245314738972,4181245315123323,4181245315131656,4181245315133890,8333
2393,"loop_reduce_window_fusion_1.kd",2,8,2691,1263855,1263855,28160,256,0,0,8,0,16,64,"0x0","0x7f0abb6c9400",4181245314747004,4181245315131656,4181245315137144,4181245315139888,5488
2394,"loop_reduce_window_fusion_2.kd",2,8,2692,1263855,1263855,1792,256,0,0,8,0,16,64,"0x0","0x7f0abb6c9300",4181245314753964,4181245315137144,4181245315142752,4181245315145657,5608
2395,"loop_slice_fusion_7.kd",2,8,2693,1263855,1263855,7,7,0,0,20,4,16,64,"0x0","0x7f0abb6c9340",4181245314761015,4181245315142752,4181245315148401,4181245315187009,5649
2396,"loop_slice_fusion_3.kd",2,8,2694,1263855,1263855,110,110,0,0,8,0,16,64,"0x0","0x7f0abb6c9440",4181245314767895,4181245315148401,4181245315154049,4181245315180779,5648
2397,"input_reduce_fusion_2.kd",2,8,2695,1263855,1263855,64,64,0,0,8,0,16,64,"0x0","0x7f0abb6c9480",4181245314775837,4181245315154049,4181245315158736,4181245315159077,4687
2398,"loop_select_fusion_4.kd",2,8,2696,1263855,1263855,28160,256,0,0,8,0,32,64,"0x0","0x7f0abb6c94c0",4181245314783008,4181245315158736,4181245315163663,4181245315222131,4927
2399,"loop_select_fusion.kd",2,8,2697,1263855,1263855,28160,256,0,0,8,0,16,64,"0x0","0x7f0abb6c9500",4181245314789728,4181245315163663,4181245315169031,4181245315228340,5368
2400,"loop_compare_fusion_1.kd",2,8,2698,1263855,1263855,4096,256,0,0,4,4,16,64,"0x0","0x7f0abb6c9540",4181245314797269,4181245315169031,4181245315173758,4181245315202131,4727
2401,"input_reduce_reduce_window_fusion_2.kd",2,8,2699,1263855,1263855,256,256,512,0,20,4,32,64,"0x0","0x7f0abb6c9580",4181245314804650,4181245315173758,4181245315189782,4181245315196663,16024
2402,"loop_slice_fusion_1.kd",2,8,2700,1263855,1263855,16,16,0,0,20,4,16,64,"0x0","0x7f0abb6c95c0",4181245314812081,4181245315189782,4181245315194509,4181245315233648,4727
2403,"loop_broadcast_fusion_3.kd",2,8,2701,1263855,1263855,4096,256,0,0,4,4,16,64,"0x0","0x7f0abb6c9600",4181245314819352,4181245315194509,4181245315199396,4181245315216502,4887
2404,"input_scatter_fusion_3.kd",2,8,2702,1263855,1263855,4096,256,0,0,8,0,32,64,"0x0","0x7f0abb6c9640",4181245314826402,4181245315199396,4181245315205525,4181245315210173,6129
2405,"loop_reduce_window_fusion_13.kd",2,8,2703,1263855,1263855,4096,256,0,0,8,0,16,64,"0x0","0x7f0abb6c9680",4181245314847073,4181245315205525,4181245315210333,4181245315257754,4808
2406,"loop_slice_fusion_1.kd",2,8,2704,1263855,1263855,16,16,0,0,20,4,16,64,"0x0","0x7f0abb6c95c0",4181245314854554,4181245315210333,4181245315215180,4181245315262511,4847
2407,"loop_remainder_fusion.kd",2,8,2705,1263855,1263855,4096,256,0,0,12,4,16,64,"0x0","0x7f0abb6c96c0",4181245314861474,4181245315215180,4181245315221149,4181245315267038,5969
2408,"loop_select_fusion_3.kd",2,8,2706,1263855,1263855,4096,256,0,0,8,0,32,64,"0x0","0x7f0abb6c9700",4181245314869977,4181245315221149,4181245315225956,4181245315271194,4807
2409,"loop_reduce_window_fusion_13.kd",2,8,2707,1263855,1263855,4096,256,0,0,8,0,16,64,"0x0","0x7f0abb6c9680",4181245314876607,4181245315225956,4181245315230723,4181245315252256,4767
2410,"loop_slice_fusion_1.kd",2,8,2708,1263855,1263855,16,16,0,0,20,4,16,64,"0x0","0x7f0abb6c95c0",4181245314883377,4181245315230723,4181245315235490,4181245315247348,4767
2411,"input_concatenate_fusion_1.kd",2,8,2709,1263855,1263855,4096,256,0,0,8,0,32,64,"0x0","0x7f0abb6c9740",4181245314890758,4181245315235490,4181245315241179,4181245315242131,5689
2412,"loop_compare_fusion.kd",2,8,2710,1263855,1263855,8192,256,0,0,4,4,16,64,"0x0","0x7f0abb6c9780",4181245314897047,4181245315241179,4181245315246186,4181245315293577,5007
2413,"input_reduce_reduce_window_fusion_1.kd",2,8,2711,1263855,1263855,512,512,512,0,20,4,48,64,"0x0","0x7f0abb6c97c0",4181245314903677,4181245315246186,4181245315263452,4181245315289160,17266
2414,"loop_reduce_window_fusion_6.kd",2,8,2712,1263855,1263855,32,32,0,0,32,0,16,64,"0x0","0x7f0abb6c9800",4181245314910998,4181245315263452,4181245315273226,4181245315284574,9774
2415,"loop_broadcast_fusion_1.kd",2,8,2713,1263855,1263855,8192,256,0,0,4,4,16,64,"0x0","0x7f0abb6c9840",4181245314917708,4181245315273226,4181245315278274,4181245315278595,5048
2416,"input_scatter_fusion_1.kd",2,8,2714,1263855,1263855,8192,256,0,0,8,0,32,64,"0x0","0x7f0abb6c9880",4181245314924688,4181245315278274,4181245315283842,4181245315313637,5568
2417,"loop_reduce_window_fusion_5.kd",2,8,2715,1263855,1263855,8192,256,0,0,8,0,16,64,"0x0","0x7f0abb6c98c0",4181245314932300,4181245315283842,4181245315288930,4181245315309411,5088
2418,"loop_reduce_window_fusion_4.kd",2,8,2716,1263855,1263855,512,256,0,0,8,0,16,64,"0x0","0x7f0abb6c9900",4181245314938499,4181245315288930,4181245315294017,4181245315304904,5087
2419,"loop_reduce_window_fusion_3.kd",2,8,2717,1263855,1263855,32,32,0,0,8,0,16,64,"0x0","0x7f0abb6c9940",4181245314945559,4181245315294017,4181245315298784,4181245315300617,4767
2420,"loop_select_fusion_6.kd",2,8,2718,1263855,1263855,8192,256,0,0,8,0,32,64,"0x0","0x7f0abb6c9980",4181245314953401,4181245315298784,4181245315303832,4181245315328970,5048
2421,"loop_select_fusion_1.kd",2,8,2719,1263855,1263855,8192,256,0,0,8,0,16,64,"0x0","0x7f0abb6c99c0",4181245314959680,4181245315303832,4181245315308759,4181245315324303,4927
2422,"loop_broadcast_fusion_4.kd",2,8,2720,1263855,1263855,16,16,0,0,4,4,16,64,"0x0","0x7f0abb6c9a00",4181245314967312,4181245315308759,4181245315313766,4181245315319756,5007
2423,"__amd_rocclr_fillBufferAligned.kd",2,8,2721,1263855,1263855,77824,256,0,0,12,4,48,64,"0x0","0x7f2abbf33580",4181245314979670,4181245315313766,4181245315326986,4181245315346436,13220
2424,"__amd_rocclr_fillBufferAligned.kd",2,8,2722,1263855,1263855,16128,256,0,0,12,4,48,64,"0x0","0x7f2abbf33580",4181245314985389,4181245315326986,4181245315332034,4181245315333196,5048
2425,"transformer_engine::fused_attn_rocm::populate_rng_state_kernel(long*, long const*, long) [clone .kd]",2,8,2723,1263855,1263855,1,1,0,0,8,0,16,64,"0x0","0x7f1abba31380",4181245315020922,4181245315332034,4181245315336921,4181245315340036,4887
2426,"__amd_rocclr_fillBufferAligned.kd",2,8,2724,1263855,1263855,256,256,0,0,12,4,48,64,"0x0","0x7f2abbf33580",4181245315173679,4181245315336921,4181245315341568,4181245315352825,4647
2427,"ck_fused_attn::get_runtime_max_seqlen_kernel(unsigned long, int const*, int const*, unsigned long*) [clone .kd]",2,8,2725,1263855,1263855,4096,128,0,0,4,4,32,64,"0x0","0x7f1abba20940",4181245315200889,4181245315341568,4181245315347457,4181245315362479,5889
2428,"__amd_rocclr_copyBuffer.kd",2,8,2726,1263855,1263855,512,512,0,0,16,0,32,64,"0x7f32cafe8200","0x7f2abbf33600",4181245315248440,4181245315347457,4181245315352945,4181245315357412,5488
2429,"__amd_rocclr_fillBufferAligned.kd",2,8,2728,1263855,1263855,256,256,0,0,12,4,48,64,"0x0","0x7f2abbf33580",4181245315376761,4181245315386555,4181245315388397,4181245315421237,1842
2430,"ck_fused_attn::get_runtime_max_seqlen_kernel(unsigned long, int const*, int const*, unsigned long*) [clone .kd]",2,8,2729,1263855,1263855,4096,128,0,0,4,4,32,64,"0x0","0x7f1abba20940",4181245315394056,4181245315402779,4181245315411752,4181245315431382,8973
2431,"__amd_rocclr_copyBuffer.kd",2,8,2730,1263855,1263855,512,512,0,0,16,0,32,64,"0x7f32cae73880","0x7f2abbf33600",4181245315401798,4181245315411752,4181245315417120,4181245315426304,5368
2432,"void transformer_engine::fused_attn_rocm::compute_scores_kernel<hip_bfloat16, transformer_engine::fused_attn_rocm::SmallSeqConfig<6, 128, 256, false, (transformer_engine::fused_attn_rocm::CausalMaskType)0>, 1>(hip_bfloat16 const*, hip_bfloat16 const*, hip_bfloat16*, float, int const*, int const*, int, int) [clone .kd]",2,8,2732,1263855,1263855,64000,64,0,0,112,0,48,64,"0x0","0x7f02bb54f5c0",4181245315442368,4181245315459623,4181245315489828,4181245315492313,30205
2433,"void transformer_engine::fused_attn_rocm::apply_mask_and_softmax_kernel<hip_bfloat16, transformer_engine::fused_attn_rocm::SmallSeqConfig<6, 128, 256, false, (transformer_engine::fused_attn_rocm::CausalMaskType)0> >(hip_bfloat16*, hip_bfloat16 const*, float, int const*, int, int) [clone .kd]",2,8,2733,1263855,1263855,390144,256,1024,0,12,4,16,64,"0x0","0x7f02bb54f600",4181245315458392,4181245315489828,4181245315494956,4181245315498382,5128
2434,"void transformer_engine::fused_attn_rocm::compute_output_kernel<hip_bfloat16, transformer_engine::fused_attn_rocm::SmallSeqConfig<6, 128, 256, false, (transformer_engine::fused_attn_rocm::CausalMaskType)0>, 2, 8>(hip_bfloat16 const*, hip_bfloat16 const*, hip_bfloat16*, int const*, int const*, int, int) [clone .kd]",2,8,2734,1263855,1263855,512000,64,12288,0,28,4,48,64,"0x0","0x7f02bb54f640",4181245315466895,4181245315494956,4181245315559011,4181245315561686,64055
2435,"loop_broadcast_fusion_5.kd",2,8,2735,1263855,1263855,2048000,256,0,0,4,4,16,64,"0x0","0x7f0abb6c9a40",4181245315474606,4181245315559011,4181245315567263,4181245315572392,8252
2436,"__amd_rocclr_fillBufferAligned.kd",2,8,2736,1263855,1263855,77824,256,0,0,12,4,48,64,"0x0","0x7f2abbf33580",4181245315488928,4181245315567263,4181245315574234,4181245315577970,6971
2437,"__amd_rocclr_fillBufferAligned.kd",2,8,2737,1263855,1263855,77824,256,0,0,12,4,48,64,"0x0","0x7f2abbf33580",4181245315496228,4181245315574234,4181245315591740,4181245315593814,17506
2438,"__amd_rocclr_fillBufferAligned.kd",2,8,2738,1263855,1263855,77824,256,0,0,12,4,48,64,"0x0","0x7f2abbf33580",4181245315503039,4181245315591740,4181245315609286,4181245315609357,17546
2439,"__amd_rocclr_fillBufferAligned.kd",2,8,2739,1263855,1263855,256,256,0,0,12,4,48,64,"0x0","0x7f2abbf33580",4181245315510530,4181245315609286,4181245315613973,4181245315615796,4687
2440,"ck_fused_attn::get_runtime_max_seqlen_kernel(unsigned long, int const*, int const*, unsigned long*) [clone .kd]",2,8,2740,1263855,1263855,4096,128,0,0,4,4,32,64,"0x0","0x7f1abba20940",4181245315516709,4181245315613973,4181245315619942,4181245315622056,5969
2441,"__amd_rocclr_copyBuffer.kd",2,8,2741,1263855,1263855,512,512,0,0,16,0,32,64,"0x7f32cafea000","0x7f2abbf33600",4181245315525041,4181245315619942,4181245315625670,4181245315626622,5728
2442,"__amd_rocclr_fillBufferAligned.kd",2,8,2743,1263855,1263855,256,256,0,0,12,4,48,64,"0x0","0x7f2abbf33580",4181245315646993,4181245315655995,4181245315658119,4181245315663227,2124
2443,"ck_fused_attn::get_runtime_max_seqlen_kernel(unsigned long, int const*, int const*, unsigned long*) [clone .kd]",2,8,2744,1263855,1263855,4096,128,0,0,4,4,32,64,"0x0","0x7f1abba20940",4181245315654083,4181245315662445,4181245315668214,4181245315673041,5769
2444,"__amd_rocclr_copyBuffer.kd",2,8,2745,1263855,1263855,512,512,0,0,16,0,32,64,"0x7f32cafe9f00","0x7f2abbf33600",4181245315661504,4181245315678990,4181245315685279,4181245315688725,6289
2445,"void transformer_engine::fused_attn_rocm::compute_grad_v_kernel<hip_bfloat16, transformer_engine::fused_attn_rocm::SmallSeqConfig<6, 128, 256, false, (transformer_engine::fused_attn_rocm::CausalMaskType)0>, 16, 16>(hip_bfloat16 const*, hip_bfloat16 const*, hip_bfloat16*, int const*, int const*, int, int) [clone .kd]",2,8,2747,1263855,1263855,256000,64,12288,0,32,0,48,64,"0x0","0x7f02bb551100",4181245315703847,4181245315717647,4181245315852207,4181245315855653,134560
2446,"void transformer_engine::fused_attn_rocm::compute_grad_attn_kernel<hip_bfloat16, transformer_engine::fused_attn_rocm::SmallSeqConfig<6, 128, 256, false, (transformer_engine::fused_attn_rocm::CausalMaskType)0>, 16>(hip_bfloat16 const*, hip_bfloat16 const*, hip_bfloat16*, int const*, int const*, int, int) [clone .kd]",2,8,2748,1263855,1263855,8000,64,0,0,116,4,64,64,"0x0","0x7f02bb551140",4181245315715805,4181245315852207,4181245316085514,4181245316093767,233307
2447,"void transformer_engine::fused_attn_rocm::softmax_backward_kernel<hip_bfloat16, transformer_engine::fused_attn_rocm::SmallSeqConfig<6, 128, 256, false, (transformer_engine::fused_attn_rocm::CausalMaskType)0> >(hip_bfloat16 const*, hip_bfloat16 const*, hip_bfloat16*, float, int const*, int, int) [clone .kd]",2,8,2749,1263855,1263855,390144,256,1024,0,16,0,16,64,"0x0","0x7f02bb551180",4181245315723967,4181245316085514,4181245316091563,4181245316101929,6049
2448,"void transformer_engine::fused_attn_rocm::compute_grad_qk_kernel<hip_bfloat16, transformer_engine::fused_attn_rocm::SmallSeqConfig<6, 128, 256, false, (transformer_engine::fused_attn_rocm::CausalMaskType)0>, 4, 16>(hip_bfloat16 const*, hip_bfloat16 const*, hip_bfloat16 const*, hip_bfloat16*, hip_bfloat16*, float, int const*, int const*, int, int) [clone .kd]",2,8,2750,1263855,1263855,1024000,64,12288,0,36,4,48,64,"0x0","0x7f02bb5511c0",4181245315731699,4181245316091563,4181245316254926,4181245316256379,163363
2449,"input_reduce_fusion.kd",2,8,2751,1263855,1263855,524288,256,512,0,16,0,16,64,"0x0","0x7f0abb6c9a80",4181245315739861,4181245316254926,4181245316264260,4181245316270760,9334
2450,"input_reduce_fusion_3.kd",2,8,2752,1263855,1263855,128,128,512,0,24,0,16,64,"0x0","0x7f0abb6c9ac0",4181245315746791,4181245316264260,4181245316269708,4181245316276709,5448
2451,"loop_convert_fusion.kd",2,8,2753,1263855,1263855,1,1,0,0,4,4,16,64,"0x0","0x7f0abb6c9b00",4181245315753431,4181245316269708,4181245316273874,4181245316282838,4166
2452,"input_reduce_reduce_window_fusion_3.kd",2,8,2756,1263855,1263855,9728,256,0,0,28,4,48,64,"0x0","0x7f0abb6c9000",4181245315869844,4181245316286493,4181245316296869,4181245316296859,10376
2453,"loop_reduce_window_fusion_11.kd",2,8,2757,1263855,1263855,1536,256,0,0,8,0,16,64,"0x0","0x7f0abb6c9040",4181245315879398,4181245316296869,4181245316304400,4181245316311341,7531
2454,"loop_slice_fusion_5.kd",2,8,2758,1263855,1263855,6,6,0,0,20,4,16,64,"0x0","0x7f0abb6c9080",4181245315886138,4181245316304400,4181245316309447,4181245316316879,5047
2455,"loop_broadcast_fusion_2.kd",2,8,2759,1263855,1263855,24064,256,0,0,4,4,16,64,"0x0","0x7f0abb6c90c0",4181245315892598,4181245316309447,4181245316315096,4181245316324250,5649
2456,"input_scatter_fusion_2.kd",2,8,2760,1263855,1263855,24064,256,0,0,12,4,32,64,"0x0","0x7f0abb6c9100",4181245315900840,4181245316315096,4181245316321265,4181245316330830,6169
2457,"loop_reduce_window_fusion_10.kd",2,8,2761,1263855,1263855,24064,256,0,0,8,0,16,64,"0x0","0x7f0abb6c9140",4181245315907290,4181245316321265,4181245316326192,4181245316336909,4927
2458,"loop_reduce_window_fusion_11.kd",2,8,2762,1263855,1263855,1536,256,0,0,8,0,16,64,"0x0","0x7f0abb6c9040",4181245315914350,4181245316326192,4181245316331280,4181245316342928,5088
2459,"loop_slice_fusion_4.kd",2,8,2763,1263855,1263855,94,94,0,0,24,0,16,64,"0x0","0x7f0abb6c9180",4181245315921701,4181245316331280,4181245316336768,4181245316349237,5488
2460,"input_reduce_fusion_1.kd",2,8,2764,1263855,1263855,64,64,0,0,8,0,16,64,"0x0","0x7f0abb6c91c0",4181245315929192,4181245316336768,4181245316341535,4181245316355296,4767
2461,"loop_select_fusion_5.kd",2,8,2765,1263855,1263855,24064,256,0,0,8,0,32,64,"0x0","0x7f0abb6c9200",4181245315936894,4181245316341535,4181245316346582,4181245316361085,5047
2462,"loop_select_fusion_2.kd",2,8,2766,1263855,1263855,24064,256,0,0,4,4,16,64,"0x0","0x7f0abb6c9240",4181245315944675,4181245316346582,4181245316351430,4181245316366833,4848
2463,"loop_reduce_window_fusion_10.kd",2,8,2767,1263855,1263855,24064,256,0,0,8,0,16,64,"0x0","0x7f0abb6c9140",4181245315951455,4181245316351430,4181245316356197,4181245316372682,4767
2464,"loop_reduce_window_fusion_11.kd",2,8,2768,1263855,1263855,1536,256,0,0,8,0,16,64,"0x0","0x7f0abb6c9040",4181245315959307,4181245316356197,4181245316361004,4181245316378541,4807
2465,"loop_slice_fusion_5.kd",2,8,2769,1263855,1263855,6,6,0,0,20,4,16,64,"0x0","0x7f0abb6c9080",4181245315966548,4181245316361004,4181245316365731,4181245316384239,4727
2466,"input_concatenate_fusion.kd",2,8,2770,1263855,1263855,24064,256,0,0,12,4,32,64,"0x0","0x7f0abb6c9280",4181245315973418,4181245316365731,4181245316371339,4181245316390358,5608
2467,"input_reduce_reduce_window_fusion.kd",2,8,2771,1263855,1263855,11264,256,0,0,36,4,48,64,"0x0","0x7f0abb6c92c0",4181245315980058,4181245316371339,4181245316381554,4181245316396127,10215
2468,"loop_reduce_window_fusion_2.kd",2,8,2772,1263855,1263855,1792,256,0,0,8,0,16,64,"0x0","0x7f0abb6c9300",4181245315986468,4181245316381554,4181245316386682,4181245316404519,5128
2469,"loop_slice_fusion_7.kd",2,8,2773,1263855,1263855,7,7,0,0,20,4,16,64,"0x0","0x7f0abb6c9340",4181245315993097,4181245316386682,4181245316391409,4181245316410909,4727
2470,"loop_broadcast_fusion.kd",2,8,2774,1263855,1263855,28160,256,0,0,4,4,16,64,"0x0","0x7f0abb6c9380",4181245316000348,4181245316391409,4181245316396497,4181245316416627,5088
2471,"input_scatter_fusion.kd",2,8,2775,1263855,1263855,28160,256,0,0,12,4,32,64,"0x0","0x7f0abb6c93c0",4181245316007349,4181245316396497,4181245316403667,4181245316422316,7170
2472,"loop_reduce_window_fusion_1.kd",2,8,2776,1263855,1263855,28160,256,0,0,8,0,16,64,"0x0","0x7f0abb6c9400",4181245316014790,4181245316403667,4181245316408555,4181245316451008,4888
2473,"loop_reduce_window_fusion_2.kd",2,8,2777,1263855,1263855,1792,256,0,0,8,0,16,64,"0x0","0x7f0abb6c9300",4181245316021590,4181245316408555,4181245316413722,4181245316445290,5167
2474,"loop_slice_fusion_7.kd",2,8,2778,1263855,1263855,7,7,0,0,20,4,16,64,"0x0","0x7f0abb6c9340",4181245316028660,4181245316413722,4181245316418409,4181245316439541,4687
2475,"loop_slice_fusion_3.kd",2,8,2779,1263855,1263855,110,110,0,0,8,0,16,64,"0x0","0x7f0abb6c9440",4181245316036051,4181245316418409,4181245316423096,4181245316433803,4687
2476,"input_reduce_fusion_2.kd",2,8,2780,1263855,1263855,64,64,0,0,8,0,16,64,"0x0","0x7f0abb6c9480",4181245316043032,4181245316423096,4181245316427783,4181245316428375,4687
2477,"loop_select_fusion_4.kd",2,8,2781,1263855,1263855,28160,256,0,0,8,0,32,64,"0x0","0x7f0abb6c94c0",4181245316050323,4181245316427783,4181245316432791,4181245316465019,5008
2478,"loop_select_fusion.kd",2,8,2782,1263855,1263855,28160,256,0,0,8,0,16,64,"0x0","0x7f0abb6c9500",4181245316057073,4181245316432791,4181245316437718,4181245316479090,4927
2479,"loop_compare_fusion_1.kd",2,8,2783,1263855,1263855,4096,256,0,0,4,4,16,64,"0x0","0x7f0abb6c9540",4181245316063773,4181245316437718,4181245316442565,4181245316570216,4847
2480,"input_reduce_reduce_window_fusion_2.kd",2,8,2784,1263855,1263855,256,256,512,0,20,4,32,64,"0x0","0x7f0abb6c9580",4181245316071264,4181245316442565,4181245316458309,4181245316460162,15744
2481,"loop_slice_fusion_1.kd",2,8,2785,1263855,1263855,16,16,0,0,20,4,16,64,"0x0","0x7f0abb6c95c0",4181245316078274,4181245316458309,4181245316463116,4181245316487142,4807
2482,"loop_broadcast_fusion_3.kd",2,8,2786,1263855,1263855,4096,256,0,0,4,4,16,64,"0x0","0x7f0abb6c9600",4181245316085315,4181245316463116,4181245316468043,4181245316493141,4927
2483,"input_scatter_fusion_3.kd",2,8,2787,1263855,1263855,4096,256,0,0,8,0,32,64,"0x0","0x7f0abb6c9640",4181245316091804,4181245316468043,4181245316474132,4181245316498950,6089
2484,"loop_reduce_window_fusion_13.kd",2,8,2788,1263855,1263855,4096,256,0,0,8,0,16,64,"0x0","0x7f0abb6c9680",4181245316116541,4181245316474132,4181245316478939,4181245316504348,4807
2485,"loop_slice_fusion_1.kd",2,8,2789,1263855,1263855,16,16,0,0,20,4,16,64,"0x0","0x7f0abb6c95c0",4181245316123601,4181245316478939,4181245316483626,4181245316509175,4687
2486,"loop_remainder_fusion.kd",2,8,2790,1263855,1263855,4096,256,0,0,12,4,16,64,"0x0","0x7f0abb6c96c0",4181245316130962,4181245316483626,4181245316489435,4181245316513642,5809
2487,"loop_select_fusion_3.kd",2,8,2791,1263855,1263855,4096,256,0,0,8,0,32,64,"0x0","0x7f0abb6c9700",4181245316138564,4181245316489435,4181245316494242,4181245316518138,4807
2488,"loop_reduce_window_fusion_13.kd",2,8,2792,1263855,1263855,4096,256,0,0,8,0,16,64,"0x0","0x7f0abb6c9680",4181245316145534,4181245316494242,4181245316499009,4181245316522485,4767
2489,"loop_slice_fusion_1.kd",2,8,2793,1263855,1263855,16,16,0,0,20,4,16,64,"0x0","0x7f0abb6c95c0",4181245316152635,4181245316499009,4181245316503696,4181245316527562,4687
2490,"input_concatenate_fusion_1.kd",2,8,2794,1263855,1263855,4096,256,0,0,8,0,32,64,"0x0","0x7f0abb6c9740",4181245316160146,4181245316503696,4181245316509585,4181245316532039,5889
2491,"loop_compare_fusion.kd",2,8,2795,1263855,1263855,8192,256,0,0,4,4,16,64,"0x0","0x7f0abb6c9780",4181245316166435,4181245316509585,4181245316514512,4181245316536756,4927
2492,"input_reduce_reduce_window_fusion_1.kd",2,8,2796,1263855,1263855,512,512,512,0,20,4,48,64,"0x0","0x7f0abb6c97c0",4181245316173736,4181245316514512,4181245316532018,4181245316541132,17506
2493,"loop_reduce_window_fusion_6.kd",2,8,2797,1263855,1263855,32,32,0,0,32,0,16,64,"0x0","0x7f0abb6c9800",4181245316180907,4181245316532018,4181245316540511,4181245316545910,8493
2494,"loop_broadcast_fusion_1.kd",2,8,2798,1263855,1263855,8192,256,0,0,4,4,16,64,"0x0","0x7f0abb6c9840",4181245316187897,4181245316540511,4181245316545598,4181245316552239,5087
2495,"input_scatter_fusion_1.kd",2,8,2799,1263855,1263855,8192,256,0,0,8,0,32,64,"0x0","0x7f0abb6c9880",4181245316194447,4181245316545598,4181245316551087,4181245316556746,5489
2496,"loop_reduce_window_fusion_5.kd",2,8,2800,1263855,1263855,8192,256,0,0,8,0,16,64,"0x0","0x7f0abb6c98c0",4181245316202148,4181245316551087,4181245316556134,4181245316561192,5047
2497,"loop_reduce_window_fusion_4.kd",2,8,2801,1263855,1263855,512,256,0,0,8,0,16,64,"0x0","0x7f0abb6c9900",4181245316218553,4181245316556134,4181245316561382,4181245316565869,5248
2498,"loop_reduce_window_fusion_3.kd",2,8,2802,1263855,1263855,32,32,0,0,8,0,16,64,"0x0","0x7f0abb6c9940",4181245316228568,4181245316561382,4181245316566189,4181245316578949,4807
2499,"loop_select_fusion_6.kd",2,8,2803,1263855,1263855,8192,256,0,0,8,0,32,64,"0x0","0x7f0abb6c9980",4181245316235878,4181245316566189,4181245316571237,4181245316574773,5048
2500,"loop_select_fusion_1.kd",2,8,2804,1263855,1263855,8192,256,0,0,8,0,16,64,"0x0","0x7f0abb6c99c0",4181245316243660,4181245316571237,4181245316576164,4181245316590716,4927
2501,"loop_broadcast_fusion_4.kd",2,8,2805,1263855,1263855,16,16,0,0,4,4,16,64,"0x0","0x7f0abb6c9a00",4181245316250240,4181245316576164,4181245316581211,4181245316586240,5047
2502,"__amd_rocclr_fillBufferAligned.kd",2,8,2806,1263855,1263855,77824,256,0,0,12,4,48,64,"0x0","0x7f2abbf33580",4181245316262328,4181245316581211,4181245316595352,4181245316597146,14141
2503,"__amd_rocclr_fillBufferAligned.kd",2,8,2807,1263855,1263855,16128,256,0,0,12,4,48,64,"0x0","0x7f2abbf33580",4181245316296989,4181245316595352,4181245316600560,4181245316603555,5208
2504,"transformer_engine::fused_attn_rocm::populate_rng_state_kernel(long*, long const*, long) [clone .kd]",2,8,2808,1263855,1263855,1,1,0,0,8,0,16,64,"0x0","0x7f1abba31380",4181245316314405,4181245316600560,4181245316605487,4181245316610045,4927
2505,"__amd_rocclr_fillBufferAligned.kd",2,8,2809,1263855,1263855,256,256,0,0,12,4,48,64,"0x0","0x7f2abbf33580",4181245316476336,4181245316605487,4181245316610174,4181245316621041,4687
2506,"ck_fused_attn::get_runtime_max_seqlen_kernel(unsigned long, int const*, int const*, unsigned long*) [clone .kd]",2,8,2810,1263855,1263855,4096,128,0,0,4,4,32,64,"0x0","0x7f1abba20940",4181245316484488,4181245316610174,4181245316616063,4181245316616424,5889
2507,"__amd_rocclr_copyBuffer.kd",2,8,2811,1263855,1263855,512,512,0,0,16,0,32,64,"0x7f32cae72e80","0x7f2abbf33600",4181245316494012,4181245316616063,4181245316621471,4181245316627431,5408
2508,"__amd_rocclr_fillBufferAligned.kd",2,8,2813,1263855,1263855,256,256,0,0,12,4,48,64,"0x0","0x7f2abbf33580",4181245316645408,4181245316653839,4181245316655642,4181245316696964,1803
2509,"ck_fused_attn::get_runtime_max_seqlen_kernel(unsigned long, int const*, int const*, unsigned long*) [clone .kd]",2,8,2814,1263855,1263855,4096,128,0,0,4,4,32,64,"0x0","0x7f1abba20940",4181245316668051,4181245316676673,4181245316685767,4181245316706889,9094
2510,"__amd_rocclr_copyBuffer.kd",2,8,2815,1263855,1263855,512,512,0,0,16,0,32,64,"0x7f32cafe9c00","0x7f2abbf33600",4181245316675893,4181245316685767,4181245316691135,4181245316702332,5368
2511,"void transformer_engine::fused_attn_rocm::compute_scores_kernel<hip_bfloat16, transformer_engine::fused_attn_rocm::SmallSeqConfig<6, 128, 256, false, (transformer_engine::fused_attn_rocm::CausalMaskType)0>, 1>(hip_bfloat16 const*, hip_bfloat16 const*, hip_bfloat16*, float, int const*, int const*, int, int) [clone .kd]",2,8,2817,1263855,1263855,64000,64,0,0,112,0,48,64,"0x0","0x7f02bb54f5c0",4181245316718867,4181245316728230,4181245316757273,4181245316757444,29043
2512,"void transformer_engine::fused_attn_rocm::apply_mask_and_softmax_kernel<hip_bfloat16, transformer_engine::fused_attn_rocm::SmallSeqConfig<6, 128, 256, false, (transformer_engine::fused_attn_rocm::CausalMaskType)0> >(hip_bfloat16*, hip_bfloat16 const*, float, int const*, int, int) [clone .kd]",2,8,2818,1263855,1263855,390144,256,1024,0,12,4,16,64,"0x0","0x7f02bb54f600",4181245316727019,4181245316757273,4181245316762361,4181245316769292,5088
2513,"void transformer_engine::fused_attn_rocm::compute_output_kernel<hip_bfloat16, transformer_engine::fused_attn_rocm::SmallSeqConfig<6, 128, 256, false, (transformer_engine::fused_attn_rocm::CausalMaskType)0>, 2, 8>(hip_bfloat16 const*, hip_bfloat16 const*, hip_bfloat16*, int const*, int const*, int, int) [clone .kd]",2,8,2819,1263855,1263855,512000,64,12288,0,28,4,48,64,"0x0","0x7f02bb54f640",4181245316742592,4181245316762361,4181245316825655,4181245316829391,63294
2514,"loop_broadcast_fusion_5.kd",2,8,2820,1263855,1263855,2048000,256,0,0,4,4,16,64,"0x0","0x7f0abb6c9a40",4181245316751075,4181245316825655,4181245316833787,4181245316837403,8132
2515,"__amd_rocclr_fillBufferAligned.kd",2,8,2821,1263855,1263855,77824,256,0,0,12,4,48,64,"0x0","0x7f2abbf33580",4181245316768200,4181245316833787,4181245316840597,4181245316841760,6810
2516,"__amd_rocclr_fillBufferAligned.kd",2,8,2822,1263855,1263855,77824,256,0,0,12,4,48,64,"0x0","0x7f2abbf33580",4181245316781370,4181245316840597,4181245316858223,4181245316865966,17626
2517,"__amd_rocclr_fillBufferAligned.kd",2,8,2823,1263855,1263855,77824,256,0,0,12,4,48,64,"0x0","0x7f2abbf33580",4181245316789011,4181245316858223,4181245316875489,4181245316886967,17266
2518,"__amd_rocclr_fillBufferAligned.kd",2,8,2824,1263855,1263855,256,256,0,0,12,4,48,64,"0x0","0x7f2abbf33580",4181245316796592,4181245316875489,4181245316880136,4181245316882100,4647
2519,"ck_fused_attn::get_runtime_max_seqlen_kernel(unsigned long, int const*, int const*, unsigned long*) [clone .kd]",2,8,2825,1263855,1263855,4096,128,0,0,4,4,32,64,"0x0","0x7f1abba20940",4181245316802912,4181245316880136,4181245316886105,4181245316898584,5969
2520,"__amd_rocclr_copyBuffer.kd",2,8,2826,1263855,1263855,512,512,0,0,16,0,32,64,"0x7f32cafe9b00","0x7f2abbf33600",4181245316809952,4181245316886105,4181245316891873,4181245316893627,5768
2521,"__amd_rocclr_fillBufferAligned.kd",2,8,2828,1263855,1263855,256,256,0,0,12,4,48,64,"0x0","0x7f2abbf33580",4181245316911864,4181245316920196,4181245316922239,4181245316932094,2043
2522,"ck_fused_attn::get_runtime_max_seqlen_kernel(unsigned long, int const*, int const*, unsigned long*) [clone .kd]",2,8,2829,1263855,1263855,4096,128,0,0,4,4,32,64,"0x0","0x7f1abba20940",4181245316919806,4181245316932093,4181245316938102,4181245316941798,6009
2523,"__amd_rocclr_copyBuffer.kd",2,8,2830,1263855,1263855,512,512,0,0,16,0,32,64,"0x7f32cafe9300","0x7f2abbf33600",4181245316930832,4181245316946595,4181245316953365,4181245316957482,6770
2524,"void transformer_engine::fused_attn_rocm::compute_grad_v_kernel<hip_bfloat16, transformer_engine::fused_attn_rocm::SmallSeqConfig<6, 128, 256, false, (transformer_engine::fused_attn_rocm::CausalMaskType)0>, 16, 16>(hip_bfloat16 const*, hip_bfloat16 const*, hip_bfloat16*, int const*, int const*, int, int) [clone .kd]",2,8,2832,1263855,1263855,256000,64,12288,0,32,0,48,64,"0x0","0x7f02bb551100",4181245316972825,4181245316985493,4181245317124019,4181245317124480,138526
2525,"void transformer_engine::fused_attn_rocm::compute_grad_attn_kernel<hip_bfloat16, transformer_engine::fused_attn_rocm::SmallSeqConfig<6, 128, 256, false, (transformer_engine::fused_attn_rocm::CausalMaskType)0>, 16>(hip_bfloat16 const*, hip_bfloat16 const*, hip_bfloat16*, int const*, int const*, int, int) [clone .kd]",2,8,2833,1263855,1263855,8000,64,0,0,116,4,64,64,"0x0","0x7f02bb551140",4181245316983801,4181245317124019,4181245317354642,4181245317367421,230623
2526,"void transformer_engine::fused_attn_rocm::softmax_backward_kernel<hip_bfloat16, transformer_engine::fused_attn_rocm::SmallSeqConfig<6, 128, 256, false, (transformer_engine::fused_attn_rocm::CausalMaskType)0> >(hip_bfloat16 const*, hip_bfloat16 const*, hip_bfloat16*, float, int const*, int, int) [clone .kd]",2,8,2834,1263855,1263855,390144,256,1024,0,16,0,16,64,"0x0","0x7f02bb551180",4181245316990911,4181245317354642,4181245317360530,4181245317375824,5888
2527,"void transformer_engine::fused_attn_rocm::compute_grad_qk_kernel<hip_bfloat16, transformer_engine::fused_attn_rocm::SmallSeqConfig<6, 128, 256, false, (transformer_engine::fused_attn_rocm::CausalMaskType)0>, 4, 16>(hip_bfloat16 const*, hip_bfloat16 const*, hip_bfloat16 const*, hip_bfloat16*, hip_bfloat16*, float, int const*, int const*, int, int) [clone .kd]",2,8,2835,1263855,1263855,1024000,64,12288,0,36,4,48,64,"0x0","0x7f02bb5511c0",4181245316999124,4181245317360530,4181245317518285,4181245317523614,157755
2528,"input_reduce_fusion.kd",2,8,2836,1263855,1263855,524288,256,512,0,16,0,16,64,"0x0","0x7f0abb6c9a80",4181245317006665,4181245317518285,4181245317529381,4181245317530834,11096
2529,"input_reduce_fusion_3.kd",2,8,2837,1263855,1263855,128,128,512,0,24,0,16,64,"0x0","0x7f0abb6c9ac0",4181245317013285,4181245317529381,4181245317533988,4181245317537014,4607
2530,"loop_convert_fusion.kd",2,8,2838,1263855,1263855,1,1,0,0,4,4,16,64,"0x0","0x7f0abb6c9b00",4181245317019544,4181245317533988,4181245317538114,4181245317542832,4126
2531,"input_reduce_reduce_window_fusion_3.kd",2,8,2841,1263855,1263855,9728,256,0,0,28,4,48,64,"0x0","0x7f0abb6c9000",4181245317145001,4181245317549852,4181245317560388,4181245317577955,10536
2532,"loop_reduce_window_fusion_11.kd",2,8,2842,1263855,1263855,1536,256,0,0,8,0,16,64,"0x0","0x7f0abb6c9040",4181245317154224,4181245317560388,4181245317568039,4181245317584364,7651
2533,"loop_slice_fusion_5.kd",2,8,2843,1263855,1263855,6,6,0,0,20,4,16,64,"0x0","0x7f0abb6c9080",4181245317161265,4181245317568039,4181245317572926,4181245317590153,4887
2534,"loop_broadcast_fusion_2.kd",2,8,2844,1263855,1263855,24064,256,0,0,4,4,16,64,"0x0","0x7f0abb6c90c0",4181245317168045,4181245317572926,4181245317578535,4181245317596312,5609
2535,"input_scatter_fusion_2.kd",2,8,2845,1263855,1263855,24064,256,0,0,12,4,32,64,"0x0","0x7f0abb6c9100",4181245317176197,4181245317578535,4181245317585225,4181245317603503,6690
2536,"loop_reduce_window_fusion_10.kd",2,8,2846,1263855,1263855,24064,256,0,0,8,0,16,64,"0x0","0x7f0abb6c9140",4181245317183418,4181245317585225,4181245317591874,4181245317609491,6649
2537,"loop_reduce_window_fusion_11.kd",2,8,2847,1263855,1263855,1536,256,0,0,8,0,16,64,"0x0","0x7f0abb6c9040",4181245317190759,4181245317591874,4181245317596561,4181245317615480,4687
2538,"loop_slice_fusion_4.kd",2,8,2848,1263855,1263855,94,94,0,0,24,0,16,64,"0x0","0x7f0abb6c9180",4181245317197429,4181245317596561,4181245317602210,4181245317621169,5649
2539,"input_reduce_fusion_1.kd",2,8,2849,1263855,1263855,64,64,0,0,8,0,16,64,"0x0","0x7f0abb6c91c0",4181245317204990,4181245317602210,4181245317606937,4181245317627178,4727
2540,"loop_select_fusion_5.kd",2,8,2850,1263855,1263855,24064,256,0,0,8,0,32,64,"0x0","0x7f0abb6c9200",4181245317211810,4181245317606937,4181245317612024,4181245317633036,5087
2541,"loop_select_fusion_2.kd",2,8,2851,1263855,1263855,24064,256,0,0,4,4,16,64,"0x0","0x7f0abb6c9240",4181245317218880,4181245317612024,4181245317616872,4181245317638825,4848
2542,"loop_reduce_window_fusion_10.kd",2,8,2852,1263855,1263855,24064,256,0,0,8,0,16,64,"0x0","0x7f0abb6c9140",4181245317225300,4181245317616872,4181245317621639,4181245317644654,4767
2543,"loop_reduce_window_fusion_11.kd",2,8,2853,1263855,1263855,1536,256,0,0,8,0,16,64,"0x0","0x7f0abb6c9040",4181245317232961,4181245317621639,4181245317626526,4181245317650703,4887
2544,"loop_slice_fusion_5.kd",2,8,2854,1263855,1263855,6,6,0,0,20,4,16,64,"0x0","0x7f0abb6c9080",4181245317239902,4181245317626526,4181245317631253,4181245317656431,4727
2545,"input_concatenate_fusion.kd",2,8,2855,1263855,1263855,24064,256,0,0,12,4,32,64,"0x0","0x7f0abb6c9280",4181245317247112,4181245317631253,4181245317637142,4181245317662350,5889
2546,"input_reduce_reduce_window_fusion.kd",2,8,2856,1263855,1263855,11264,256,0,0,36,4,48,64,"0x0","0x7f0abb6c92c0",4181245317253792,4181245317637142,4181245317647998,4181245317668439,10856
2547,"loop_reduce_window_fusion_2.kd",2,8,2857,1263855,1263855,1792,256,0,0,8,0,16,64,"0x0","0x7f0abb6c9300",4181245317260863,4181245317647998,4181245317652965,4181245317675940,4967
2548,"loop_slice_fusion_7.kd",2,8,2858,1263855,1263855,7,7,0,0,20,4,16,64,"0x0","0x7f0abb6c9340",4181245317267252,4181245317652965,4181245317657652,4181245317681829,4687
2549,"loop_broadcast_fusion.kd",2,8,2859,1263855,1263855,28160,256,0,0,4,4,16,64,"0x0","0x7f0abb6c9380",4181245317274673,4181245317657652,4181245317662780,4181245317687678,5128
2550,"input_scatter_fusion.kd",2,8,2860,1263855,1263855,28160,256,0,0,12,4,32,64,"0x0","0x7f0abb6c93c0",4181245317281303,4181245317662780,4181245317669951,4181245317693406,7171
2551,"loop_reduce_window_fusion_1.kd",2,8,2861,1263855,1263855,28160,256,0,0,8,0,16,64,"0x0","0x7f0abb6c9400",4181245317289225,4181245317669951,4181245317674918,4181245317716531,4967
2552,"loop_reduce_window_fusion_2.kd",2,8,2862,1263855,1263855,1792,256,0,0,8,0,16,64,"0x0","0x7f0abb6c9300",4181245317295655,4181245317674918,4181245317679925,4181245317711012,5007
2553,"loop_slice_fusion_7.kd",2,8,2863,1263855,1263855,7,7,0,0,20,4,16,64,"0x0","0x7f0abb6c9340",4181245317303637,4181245317679925,4181245317684652,4181245317705214,4727
2554,"loop_slice_fusion_3.kd",2,8,2864,1263855,1263855,110,110,0,0,8,0,16,64,"0x0","0x7f0abb6c9440",4181245317310757,4181245317684652,4181245317689379,4181245317699295,4727
2555,"input_reduce_fusion_2.kd",2,8,2865,1263855,1263855,64,64,0,0,8,0,16,64,"0x0","0x7f0abb6c9480",4181245317318278,4181245317689379,4181245317694066,4181245317756109,4687
2556,"loop_select_fusion_4.kd",2,8,2866,1263855,1263855,28160,256,0,0,8,0,32,64,"0x0","0x7f0abb6c94c0",4181245317325329,4181245317694066,4181245317699114,4181245317760917,5048
2557,"loop_select_fusion.kd",2,8,2867,1263855,1263855,28160,256,0,0,8,0,16,64,"0x0","0x7f0abb6c9500",4181245317332269,4181245317699114,4181245317704041,4181245317766775,4927
2558,"loop_compare_fusion_1.kd",2,8,2868,1263855,1263855,4096,256,0,0,4,4,16,64,"0x0","0x7f0abb6c9540",4181245317339450,4181245317704041,4181245317708848,4181245317742329,4807
2559,"input_reduce_reduce_window_fusion_2.kd",2,8,2869,1263855,1263855,256,256,512,0,20,4,32,64,"0x0","0x7f0abb6c9580",4181245317346530,4181245317708848,4181245317724311,4181245317726255,15463
2560,"loop_slice_fusion_1.kd",2,8,2870,1263855,1263855,16,16,0,0,20,4,16,64,"0x0","0x7f0abb6c95c0",4181245317353300,4181245317724311,4181245317728998,4181245317771212,4687
2561,"loop_broadcast_fusion_3.kd",2,8,2871,1263855,1263855,4096,256,0,0,4,4,16,64,"0x0","0x7f0abb6c9600",4181245317360651,4181245317728998,4181245317733926,4181245317775619,4928
2562,"input_scatter_fusion_3.kd",2,8,2872,1263855,1263855,4096,256,0,0,8,0,32,64,"0x0","0x7f0abb6c9640",4181245317367341,4181245317733926,4181245317740255,4181245317780025,6329
2563,"loop_reduce_window_fusion_13.kd",2,8,2873,1263855,1263855,4096,256,0,0,8,0,16,64,"0x0","0x7f0abb6c9680",4181245317390776,4181245317740255,4181245317745142,4181245317749279,4887
2564,"loop_slice_fusion_1.kd",2,8,2874,1263855,1263855,16,16,0,0,20,4,16,64,"0x0","0x7f0abb6c95c0",4181245317398738,4181245317745142,4181245317749829,4181245317801717,4687
2565,"loop_remainder_fusion.kd",2,8,2875,1263855,1263855,4096,256,0,0,12,4,16,64,"0x0","0x7f0abb6c96c0",4181245317405718,4181245317749829,4181245317755878,4181245317806004,6049
2566,"loop_select_fusion_3.kd",2,8,2876,1263855,1263855,4096,256,0,0,8,0,32,64,"0x0","0x7f0abb6c9700",4181245317413300,4181245317755878,4181245317760766,4181245317810611,4888
2567,"loop_reduce_window_fusion_13.kd",2,8,2877,1263855,1263855,4096,256,0,0,8,0,16,64,"0x0","0x7f0abb6c9680",4181245317420811,4181245317760766,4181245317765573,4181245317815017,4807
2568,"loop_slice_fusion_1.kd",2,8,2878,1263855,1263855,16,16,0,0,20,4,16,64,"0x0","0x7f0abb6c95c0",4181245317427320,4181245317765573,4181245317770300,4181245317797161,4727
2569,"input_concatenate_fusion_1.kd",2,8,2879,1263855,1263855,4096,256,0,0,8,0,32,64,"0x0","0x7f0abb6c9740",4181245317435082,4181245317770300,4181245317775868,4181245317792584,5568
2570,"loop_compare_fusion.kd",2,8,2880,1263855,1263855,8192,256,0,0,4,4,16,64,"0x0","0x7f0abb6c9780",4181245317441832,4181245317775868,4181245317780795,4181245317787456,4927
2571,"input_reduce_reduce_window_fusion_1.kd",2,8,2881,1263855,1263855,512,512,512,0,20,4,48,64,"0x0","0x7f0abb6c97c0",4181245317449644,4181245317780795,4181245317798622,4181245317836920,17827
2572,"loop_reduce_window_fusion_6.kd",2,8,2882,1263855,1263855,32,32,0,0,32,0,16,64,"0x0","0x7f0abb6c9800",4181245317457355,4181245317798622,4181245317808276,4181245317832423,9654
2573,"loop_broadcast_fusion_1.kd",2,8,2883,1263855,1263855,8192,256,0,0,4,4,16,64,"0x0","0x7f0abb6c9840",4181245317464155,4181245317808276,4181245317813364,4181245317826244,5088
2574,"input_scatter_fusion_1.kd",2,8,2884,1263855,1263855,8192,256,0,0,8,0,32,64,"0x0","0x7f0abb6c9880",4181245317472448,4181245317813364,4181245317818812,4181245317821707,5448
2575,"loop_reduce_window_fusion_5.kd",2,8,2885,1263855,1263855,8192,256,0,0,8,0,16,64,"0x0","0x7f0abb6c98c0",4181245317479538,4181245317818812,4181245317823859,4181245317869859,5047
2576,"loop_reduce_window_fusion_4.kd",2,8,2886,1263855,1263855,512,256,0,0,8,0,16,64,"0x0","0x7f0abb6c9900",4181245317486579,4181245317823859,4181245317829067,4181245317852523,5208
2577,"loop_reduce_window_fusion_3.kd",2,8,2887,1263855,1263855,32,32,0,0,8,0,16,64,"0x0","0x7f0abb6c9940",4181245317494881,4181245317829067,4181245317833834,4181245317847856,4767
2578,"loop_select_fusion_6.kd",2,8,2888,1263855,1263855,8192,256,0,0,8,0,32,64,"0x0","0x7f0abb6c9980",4181245317502202,4181245317833834,4181245317838882,4181245317843389,5048
2579,"loop_select_fusion_1.kd",2,8,2889,1263855,1263855,8192,256,0,0,8,0,16,64,"0x0","0x7f0abb6c99c0",4181245317509363,4181245317838882,4181245317843769,4181245317856649,4887
2580,"loop_broadcast_fusion_4.kd",2,8,2890,1263855,1263855,16,16,0,0,4,4,16,64,"0x0","0x7f0abb6c9a00",4181245317517034,4181245317843769,4181245317848817,4181245317861046,5048
2581,"__amd_rocclr_fillBufferAligned.kd",2,8,2891,1263855,1263855,77824,256,0,0,12,4,48,64,"0x0","0x7f2abbf33580",4181245317528591,4181245317848817,4181245317861515,4181245317865422,12698
2582,"__amd_rocclr_fillBufferAligned.kd",2,8,2892,1263855,1263855,16128,256,0,0,12,4,48,64,"0x0","0x7f2abbf33580",4181245317555671,4181245317861515,4181245317866643,4181245317880935,5128
2583,"transformer_engine::fused_attn_rocm::populate_rng_state_kernel(long*, long const*, long) [clone .kd]",2,8,2893,1263855,1263855,1,1,0,0,8,0,16,64,"0x0","0x7f1abba31380",4181245317566968,4181245317866643,4181245317871530,4181245317876138,4887
2584,"__amd_rocclr_fillBufferAligned.kd",2,8,2894,1263855,1263855,256,256,0,0,12,4,48,64,"0x0","0x7f2abbf33580",4181245317576312,4181245317871530,4181245317876257,4181245317887635,4727
2585,"ck_fused_attn::get_runtime_max_seqlen_kernel(unsigned long, int const*, int const*, unsigned long*) [clone .kd]",2,8,2895,1263855,1263855,4096,128,0,0,4,4,32,64,"0x0","0x7f1abba20940",4181245317739435,4181245317876257,4181245317882106,4181245317899282,5849
2586,"__amd_rocclr_copyBuffer.kd",2,8,2896,1263855,1263855,512,512,0,0,16,0,32,64,"0x7f32cafe9800","0x7f2abbf33600",4181245317750922,4181245317882106,4181245317887754,4181245317894115,5648
2587,"__amd_rocclr_fillBufferAligned.kd",2,8,2898,1263855,1263855,256,256,0,0,12,4,48,64,"0x0","0x7f2abbf33580",4181245317915517,4181245317923688,4181245317925731,4181245317959522,2043
2588,"ck_fused_attn::get_runtime_max_seqlen_kernel(unsigned long, int const*, int const*, unsigned long*) [clone .kd]",2,8,2899,1263855,1263855,4096,128,0,0,4,4,32,64,"0x0","0x7f1abba20940",4181245317932362,4181245317940873,4181245317950087,4181245317969347,9214
2589,"__amd_rocclr_copyBuffer.kd",2,8,2900,1263855,1263855,512,512,0,0,16,0,32,64,"0x7f32cafe9780","0x7f2abbf33600",4181245317940083,4181245317950087,4181245317955055,4181245317964469,4968
2590,"void transformer_engine::fused_attn_rocm::compute_scores_kernel<hip_bfloat16, transformer_engine::fused_attn_rocm::SmallSeqConfig<6, 128, 256, false, (transformer_engine::fused_attn_rocm::CausalMaskType)0>, 1>(hip_bfloat16 const*, hip_bfloat16 const*, hip_bfloat16*, float, int const*, int const*, int, int) [clone .kd]",2,8,2902,1263855,1263855,64000,64,0,0,112,0,48,64,"0x0","0x7f02bb54f5c0",4181245317980754,4181245317989866,4181245318018749,4181245318020152,28883
2591,"void transformer_engine::fused_attn_rocm::apply_mask_and_softmax_kernel<hip_bfloat16, transformer_engine::fused_attn_rocm::SmallSeqConfig<6, 128, 256, false, (transformer_engine::fused_attn_rocm::CausalMaskType)0> >(hip_bfloat16*, hip_bfloat16 const*, float, int const*, int, int) [clone .kd]",2,8,2903,1263855,1263855,390144,256,1024,0,12,4,16,64,"0x0","0x7f02bb54f600",4181245317989336,4181245318018749,4181245318023837,4181245318029686,5088
2592,"void transformer_engine::fused_attn_rocm::compute_output_kernel<hip_bfloat16, transformer_engine::fused_attn_rocm::SmallSeqConfig<6, 128, 256, false, (transformer_engine::fused_attn_rocm::CausalMaskType)0>, 2, 8>(hip_bfloat16 const*, hip_bfloat16 const*, hip_bfloat16*, int const*, int const*, int, int) [clone .kd]",2,8,2904,1263855,1263855,512000,64,12288,0,28,4,48,64,"0x0","0x7f02bb54f640",4181245318004309,4181245318023837,4181245318085969,4181245318091729,62132
2593,"loop_broadcast_fusion_5.kd",2,8,2905,1263855,1263855,2048000,256,0,0,4,4,16,64,"0x0","0x7f0abb6c9a40",4181245318013492,4181245318085969,4181245318094262,4181245318098469,8293
2594,"__amd_rocclr_fillBufferAligned.kd",2,8,2906,1263855,1263855,77824,256,0,0,12,4,48,64,"0x0","0x7f2abbf33580",4181245318029917,4181245318094262,4181245318101152,4181245318105099,6890
2595,"__amd_rocclr_fillBufferAligned.kd",2,8,2907,1263855,1263855,77824,256,0,0,12,4,48,64,"0x0","0x7f2abbf33580",4181245318042856,4181245318101152,4181245318118898,4181245318120922,17746
2596,"__amd_rocclr_fillBufferAligned.kd",2,8,2908,1263855,1263855,77824,256,0,0,12,4,48,64,"0x0","0x7f2abbf33580",4181245318050117,4181245318118898,4181245318136605,4181245318149805,17707
2597,"__amd_rocclr_fillBufferAligned.kd",2,8,2909,1263855,1263855,256,256,0,0,12,4,48,64,"0x0","0x7f2abbf33580",4181245318057468,4181245318136605,4181245318141291,4181245318144828,4686
2598,"ck_fused_attn::get_runtime_max_seqlen_kernel(unsigned long, int const*, int const*, unsigned long*) [clone .kd]",2,8,2910,1263855,1263855,4096,128,0,0,4,4,32,64,"0x0","0x7f1abba20940",4181245318063627,4181245318141291,4181245318147180,4181245318161382,5889
2599,"__amd_rocclr_copyBuffer.kd",2,8,2911,1263855,1263855,512,512,0,0,16,0,32,64,"0x7f32cafe9600","0x7f2abbf33600",4181245318071268,4181245318147180,4181245318152668,4181245318156295,5488
2600,"__amd_rocclr_fillBufferAligned.kd",2,8,2913,1263855,1263855,256,256,0,0,12,4,48,64,"0x0","0x7f2abbf33580",4181245318174301,4181245318182993,4181245318185037,4181245318192549,2044
2601,"ck_fused_attn::get_runtime_max_seqlen_kernel(unsigned long, int const*, int const*, unsigned long*) [clone .kd]",2,8,2914,1263855,1263855,4096,128,0,0,4,4,32,64,"0x0","0x7f1abba20940",4181245318183125,4181245318196333,4181245318204706,4181245318211577,8373
2602,"__amd_rocclr_copyBuffer.kd",2,8,2915,1263855,1263855,512,512,0,0,16,0,32,64,"0x7f32cae72b00","0x7f2abbf33600",4181245318195253,4181245318204706,4181245318210955,4181245318216715,6249
2603,"void transformer_engine::fused_attn_rocm::compute_grad_v_kernel<hip_bfloat16, transformer_engine::fused_attn_rocm::SmallSeqConfig<6, 128, 256, false, (transformer_engine::fused_attn_rocm::CausalMaskType)0>, 16, 16>(hip_bfloat16 const*, hip_bfloat16 const*, hip_bfloat16*, int const*, int const*, int, int) [clone .kd]",2,8,2917,1263855,1263855,256000,64,12288,0,32,0,48,64,"0x0","0x7f02bb551100",4181245318232348,4181245318245406,4181245318384213,4181245318390132,138807
2604,"void transformer_engine::fused_attn_rocm::compute_grad_attn_kernel<hip_bfloat16, transformer_engine::fused_attn_rocm::SmallSeqConfig<6, 128, 256, false, (transformer_engine::fused_attn_rocm::CausalMaskType)0>, 16>(hip_bfloat16 const*, hip_bfloat16 const*, hip_bfloat16*, int const*, int const*, int, int) [clone .kd]",2,8,2918,1263855,1263855,8000,64,0,0,116,4,64,64,"0x0","0x7f02bb551140",4181245318243735,4181245318384213,4181245318616759,4181245318622839,232546
2605,"void transformer_engine::fused_attn_rocm::softmax_backward_kernel<hip_bfloat16, transformer_engine::fused_attn_rocm::SmallSeqConfig<6, 128, 256, false, (transformer_engine::fused_attn_rocm::CausalMaskType)0> >(hip_bfloat16 const*, hip_bfloat16 const*, hip_bfloat16*, float, int const*, int, int) [clone .kd]",2,8,2919,1263855,1263855,390144,256,1024,0,16,0,16,64,"0x0","0x7f02bb551180",4181245318251126,4181245318616759,4181245318622567,4181245318632673,5808
2606,"void transformer_engine::fused_attn_rocm::compute_grad_qk_kernel<hip_bfloat16, transformer_engine::fused_attn_rocm::SmallSeqConfig<6, 128, 256, false, (transformer_engine::fused_attn_rocm::CausalMaskType)0>, 4, 16>(hip_bfloat16 const*, hip_bfloat16 const*, hip_bfloat16 const*, hip_bfloat16*, hip_bfloat16*, float, int const*, int const*, int, int) [clone .kd]",2,8,2920,1263855,1263855,1024000,64,12288,0,36,4,48,64,"0x0","0x7f02bb5511c0",4181245318258937,4181245318622567,4181245318782685,4181245318783878,160118
2607,"input_reduce_fusion.kd",2,8,2921,1263855,1263855,524288,256,512,0,16,0,16,64,"0x0","0x7f0abb6c9a80",4181245318266449,4181245318782685,4181245318792220,4181245318798139,9535
2608,"input_reduce_fusion_3.kd",2,8,2922,1263855,1263855,128,128,512,0,24,0,16,64,"0x0","0x7f0abb6c9ac0",4181245318273429,4181245318792220,4181245318797988,4181245318804268,5768
2609,"loop_convert_fusion.kd",2,8,2923,1263855,1263855,1,1,0,0,4,4,16,64,"0x0","0x7f0abb6c9b00",4181245318280109,4181245318797988,4181245318802315,4181245318810277,4327
2610,"input_reduce_reduce_window_fusion_3.kd",2,8,2926,1263855,1263855,9728,256,0,0,28,4,48,64,"0x0","0x7f0abb6c9000",4181245318400438,4181245318813972,4181245318824908,4181245318827092,10936
2611,"loop_reduce_window_fusion_11.kd",2,8,2927,1263855,1263855,1536,256,0,0,8,0,16,64,"0x0","0x7f0abb6c9040",4181245318409501,4181245318824908,4181245318832119,4181245318833322,7211
2612,"loop_slice_fusion_5.kd",2,8,2928,1263855,1263855,6,6,0,0,20,4,16,64,"0x0","0x7f0abb6c9080",4181245318416472,4181245318832119,4181245318837166,4181245318839250,5047
2613,"loop_broadcast_fusion_2.kd",2,8,2929,1263855,1263855,24064,256,0,0,4,4,16,64,"0x0","0x7f0abb6c90c0",4181245318424023,4181245318837166,4181245318842775,4181245318844999,5609
2614,"input_scatter_fusion_2.kd",2,8,2930,1263855,1263855,24064,256,0,0,12,4,32,64,"0x0","0x7f0abb6c9100",4181245318432215,4181245318842775,4181245318851027,4181245318850948,8252
2615,"loop_reduce_window_fusion_10.kd",2,8,2931,1263855,1263855,24064,256,0,0,8,0,16,64,"0x0","0x7f0abb6c9140",4181245318439526,4181245318851027,4181245318856595,4181245318857878,5568
2616,"loop_reduce_window_fusion_11.kd",2,8,2932,1263855,1263855,1536,256,0,0,8,0,16,64,"0x0","0x7f0abb6c9040",4181245318446336,4181245318856595,4181245318862444,4181245318863557,5849
2617,"loop_slice_fusion_4.kd",2,8,2933,1263855,1263855,94,94,0,0,24,0,16,64,"0x0","0x7f0abb6c9180",4181245318453557,4181245318862444,4181245318869094,4181245318869095,6650
2618,"input_reduce_fusion_1.kd",2,8,2934,1263855,1263855,64,64,0,0,8,0,16,64,"0x0","0x7f0abb6c91c0",4181245318460467,4181245318869094,4181245318874622,4181245318874833,5528
2619,"loop_select_fusion_5.kd",2,8,2935,1263855,1263855,24064,256,0,0,8,0,32,64,"0x0","0x7f0abb6c9200",4181245318468509,4181245318874622,4181245318880511,4181245318880512,5889
2620,"loop_select_fusion_2.kd",2,8,2936,1263855,1263855,24064,256,0,0,4,4,16,64,"0x0","0x7f0abb6c9240",4181245318476311,4181245318880511,4181245318886319,4181245318886340,5808
2621,"loop_reduce_window_fusion_10.kd",2,8,2937,1263855,1263855,24064,256,0,0,8,0,16,64,"0x0","0x7f0abb6c9140",4181245318483932,4181245318886319,4181245318891928,4181245318892329,5609
2622,"loop_reduce_window_fusion_11.kd",2,8,2938,1263855,1263855,1536,256,0,0,8,0,16,64,"0x0","0x7f0abb6c9040",4181245318491263,4181245318891928,4181245318897456,4181245318897968,5528
2623,"loop_slice_fusion_5.kd",2,8,2939,1263855,1263855,6,6,0,0,20,4,16,64,"0x0","0x7f0abb6c9080",4181245318498243,4181245318897456,4181245318902984,4181245318903556,5528
2624,"input_concatenate_fusion.kd",2,8,2940,1263855,1263855,24064,256,0,0,12,4,32,64,"0x0","0x7f0abb6c9280",4181245318505284,4181245318902984,4181245318909674,4181245318917327,6690
2625,"input_reduce_reduce_window_fusion.kd",2,8,2941,1263855,1263855,11264,256,0,0,36,4,48,64,"0x0","0x7f0abb6c92c0",4181245318512254,4181245318909674,4181245318920610,4181245318926801,10936
2626,"loop_reduce_window_fusion_2.kd",2,8,2942,1263855,1263855,1792,256,0,0,8,0,16,64,"0x0","0x7f0abb6c9300",4181245318518964,4181245318920610,4181245318926419,4181245318933901,5809
2627,"loop_slice_fusion_7.kd",2,8,2943,1263855,1263855,7,7,0,0,20,4,16,64,"0x0","0x7f0abb6c9340",4181245318525854,4181245318926419,4181245318931146,4181245318940842,4727
2628,"loop_broadcast_fusion.kd",2,8,2944,1263855,1263855,28160,256,0,0,4,4,16,64,"0x0","0x7f0abb6c9380",4181245318532895,4181245318931146,4181245318936194,4181245318946500,5048
2629,"input_scatter_fusion.kd",2,8,2945,1263855,1263855,28160,256,0,0,12,4,32,64,"0x0","0x7f0abb6c93c0",4181245318540446,4181245318936194,4181245318943244,4181245318951958,7050
2630,"loop_reduce_window_fusion_1.kd",2,8,2946,1263855,1263855,28160,256,0,0,8,0,16,64,"0x0","0x7f0abb6c9400",4181245318547887,4181245318943244,4181245318948091,4181245318957877,4847
2631,"loop_reduce_window_fusion_2.kd",2,8,2947,1263855,1263855,1792,256,0,0,8,0,16,64,"0x0","0x7f0abb6c9300",4181245318554677,4181245318948091,4181245318953219,4181245318975743,5128
2632,"loop_slice_fusion_7.kd",2,8,2948,1263855,1263855,7,7,0,0,20,4,16,64,"0x0","0x7f0abb6c9340",4181245318561427,4181245318953219,4181245318957906,4181245318969684,4687
2633,"loop_slice_fusion_3.kd",2,8,2949,1263855,1263855,110,110,0,0,8,0,16,64,"0x0","0x7f0abb6c9440",4181245318567747,4181245318957906,4181245318962633,4181245318963776,4727
2634,"input_reduce_fusion_2.kd",2,8,2950,1263855,1263855,64,64,0,0,8,0,16,64,"0x0","0x7f0abb6c9480",4181245318575588,4181245318962633,4181245318967360,4181245318990295,4727
2635,"loop_select_fusion_4.kd",2,8,2951,1263855,1263855,28160,256,0,0,8,0,32,64,"0x0","0x7f0abb6c94c0",4181245318582829,4181245318967360,4181245318972327,4181245318995713,4967
2636,"loop_select_fusion.kd",2,8,2952,1263855,1263855,28160,256,0,0,8,0,16,64,"0x0","0x7f0abb6c9500",4181245318589649,4181245318972327,4181245318977295,4181245319008041,4968
2637,"loop_compare_fusion_1.kd",2,8,2953,1263855,1263855,4096,256,0,0,4,4,16,64,"0x0","0x7f0abb6c9540",4181245318596760,4181245318977295,4181245318982142,4181245318985177,4847
2638,"input_reduce_reduce_window_fusion_2.kd",2,8,2954,1263855,1263855,256,256,512,0,20,4,32,64,"0x0","0x7f0abb6c9580",4181245318602759,4181245318982142,4181245318998246,4181245319072838,16104
2639,"loop_slice_fusion_1.kd",2,8,2955,1263855,1263855,16,16,0,0,20,4,16,64,"0x0","0x7f0abb6c95c0",4181245318610490,4181245318998246,4181245319003093,4181245319014371,4847
2640,"loop_broadcast_fusion_3.kd",2,8,2956,1263855,1263855,4096,256,0,0,4,4,16,64,"0x0","0x7f0abb6c9600",4181245318617290,4181245319003093,4181245319007980,4181245319020750,4887
2641,"input_scatter_fusion_3.kd",2,8,2957,1263855,1263855,4096,256,0,0,8,0,32,64,"0x0","0x7f0abb6c9640",4181245318623720,4181245319007980,4181245319014230,4181245319027771,6250
2642,"loop_reduce_window_fusion_13.kd",2,8,2958,1263855,1263855,4096,256,0,0,8,0,16,64,"0x0","0x7f0abb6c9680",4181245318647315,4181245319014230,4181245319019077,4181245319032438,4847
2643,"loop_slice_fusion_1.kd",2,8,2959,1263855,1263855,16,16,0,0,20,4,16,64,"0x0","0x7f0abb6c95c0",4181245318654636,4181245319019077,4181245319023804,4181245319037135,4727
2644,"loop_remainder_fusion.kd",2,8,2960,1263855,1263855,4096,256,0,0,12,4,16,64,"0x0","0x7f0abb6c96c0",4181245318661316,4181245319023804,4181245319029853,4181245319041641,6049
2645,"loop_select_fusion_3.kd",2,8,2961,1263855,1263855,4096,256,0,0,8,0,32,64,"0x0","0x7f0abb6c9700",4181245318669398,4181245319029853,4181245319034660,4181245319046038,4807
2646,"loop_reduce_window_fusion_13.kd",2,8,2962,1263855,1263855,4096,256,0,0,8,0,16,64,"0x0","0x7f0abb6c9680",4181245318677199,4181245319034660,4181245319039427,4181245319050435,4767
2647,"loop_slice_fusion_1.kd",2,8,2963,1263855,1263855,16,16,0,0,20,4,16,64,"0x0","0x7f0abb6c95c0",4181245318684010,4181245319039427,4181245319044114,4181245319055893,4687
2648,"input_concatenate_fusion_1.kd",2,8,2964,1263855,1263855,4096,256,0,0,8,0,32,64,"0x0","0x7f0abb6c9740",4181245318691190,4181245319044114,4181245319049763,4181245319060700,5649
2649,"loop_compare_fusion.kd",2,8,2965,1263855,1263855,8192,256,0,0,4,4,16,64,"0x0","0x7f0abb6c9780",4181245318697440,4181245319049763,4181245319054730,4181245319065477,4967
2650,"input_reduce_reduce_window_fusion_1.kd",2,8,2966,1263855,1263855,512,512,512,0,20,4,48,64,"0x0","0x7f0abb6c97c0",4181245318706082,4181245319054730,4181245319071956,4181245319077184,17226
2651,"loop_reduce_window_fusion_6.kd",2,8,2967,1263855,1263855,32,32,0,0,32,0,16,64,"0x0","0x7f0abb6c9800",4181245318716929,4181245319071956,4181245319080929,4181245319082342,8973
2652,"loop_broadcast_fusion_1.kd",2,8,2968,1263855,1263855,8192,256,0,0,4,4,16,64,"0x0","0x7f0abb6c9840",4181245318724460,4181245319080929,4181245319085976,4181245319088501,5047
2653,"input_scatter_fusion_1.kd",2,8,2969,1263855,1263855,8192,256,0,0,8,0,32,64,"0x0","0x7f0abb6c9880",4181245318732131,4181245319085976,4181245319091465,4181245319101330,5489
2654,"loop_reduce_window_fusion_5.kd",2,8,2970,1263855,1263855,8192,256,0,0,8,0,16,64,"0x0","0x7f0abb6c98c0",4181245318738871,4181245319091465,4181245319096552,4181245319096723,5087
2655,"loop_reduce_window_fusion_4.kd",2,8,2971,1263855,1263855,512,256,0,0,8,0,16,64,"0x0","0x7f0abb6c9900",4181245318746853,4181245319096552,4181245319101800,4181245319112427,5248
2656,"loop_reduce_window_fusion_3.kd",2,8,2972,1263855,1263855,32,32,0,0,8,0,16,64,"0x0","0x7f0abb6c9940",4181245318754875,4181245319101800,4181245319106607,4181245319107790,4807
2657,"loop_select_fusion_6.kd",2,8,2973,1263855,1263855,8192,256,0,0,8,0,32,64,"0x0","0x7f0abb6c9980",4181245318762076,4181245319106607,4181245319111695,4181245319118476,5088
2658,"loop_select_fusion_1.kd",2,8,2974,1263855,1263855,8192,256,0,0,8,0,16,64,"0x0","0x7f0abb6c99c0",4181245318770078,4181245319111695,4181245319116542,4181245319122782,4847
2659,"loop_broadcast_fusion_4.kd",2,8,2975,1263855,1263855,16,16,0,0,4,4,16,64,"0x0","0x7f0abb6c9a00",4181245318777248,4181245319116542,4181245319121549,4181245319127589,5007
2660,"__amd_rocclr_fillBufferAligned.kd",2,8,2976,1263855,1263855,77824,256,0,0,12,4,48,64,"0x0","0x7f2abbf33580",4181245318789286,4181245319121549,4181245319135370,4181245319148801,13821
2661,"__amd_rocclr_fillBufferAligned.kd",2,8,2977,1263855,1263855,16128,256,0,0,12,4,48,64,"0x0","0x7f2abbf33580",4181245318824509,4181245319135370,4181245319140417,4181245319143523,5047
2662,"transformer_engine::fused_attn_rocm::populate_rng_state_kernel(long*, long const*, long) [clone .kd]",2,8,2978,1263855,1263855,1,1,0,0,8,0,16,64,"0x0","0x7f1abba31380",4181245318926751,4181245319140417,4181245319145305,4181245319155331,4888
2663,"__amd_rocclr_fillBufferAligned.kd",2,8,2979,1263855,1263855,256,256,0,0,12,4,48,64,"0x0","0x7f2abbf33580",4181245318991988,4181245319145305,4181245319149992,4181245319159847,4687
2664,"ck_fused_attn::get_runtime_max_seqlen_kernel(unsigned long, int const*, int const*, unsigned long*) [clone .kd]",2,8,2980,1263855,1263855,4096,128,0,0,4,4,32,64,"0x0","0x7f1abba20940",4181245319005438,4181245319149992,4181245319155800,4181245319164304,5808
2665,"__amd_rocclr_copyBuffer.kd",2,8,2981,1263855,1263855,512,512,0,0,16,0,32,64,"0x7f32cafe9a00","0x7f2abbf33600",4181245319015432,4181245319155800,4181245319161208,4181245319170323,5408
2666,"__amd_rocclr_fillBufferAligned.kd",2,8,2983,1263855,1263855,256,256,0,0,12,4,48,64,"0x0","0x7f2abbf33580",4181245319197293,4181245319206155,4181245319207998,4181245319238254,1843
2667,"ck_fused_attn::get_runtime_max_seqlen_kernel(unsigned long, int const*, int const*, unsigned long*) [clone .kd]",2,8,2984,1263855,1263855,4096,128,0,0,4,4,32,64,"0x0","0x7f1abba20940",4181245319206907,4181245319215729,4181245319221298,4181245319248289,5569
2668,"__amd_rocclr_copyBuffer.kd",2,8,2985,1263855,1263855,512,512,0,0,16,0,32,64,"0x7f32cafe9200","0x7f2abbf33600",4181245319215240,4181245319226065,4181245319231633,4181245319243432,5568
2669,"void transformer_engine::fused_attn_rocm::compute_scores_kernel<hip_bfloat16, transformer_engine::fused_attn_rocm::SmallSeqConfig<6, 128, 256, false, (transformer_engine::fused_attn_rocm::CausalMaskType)0>, 1>(hip_bfloat16 const*, hip_bfloat16 const*, hip_bfloat16*, float, int const*, int const*, int, int) [clone .kd]",2,8,2987,1263855,1263855,64000,64,0,0,112,0,48,64,"0x0","0x7f02bb54f5c0",4181245319260287,4181245319270010,4181245319301096,4181245319309219,31086
2670,"void transformer_engine::fused_attn_rocm::apply_mask_and_softmax_kernel<hip_bfloat16, transformer_engine::fused_attn_rocm::SmallSeqConfig<6, 128, 256, false, (transformer_engine::fused_attn_rocm::CausalMaskType)0> >(hip_bfloat16*, hip_bfloat16 const*, float, int const*, int, int) [clone .kd]",2,8,2988,1263855,1263855,390144,256,1024,0,12,4,16,64,"0x0","0x7f02bb54f600",4181245319269540,4181245319301096,4181245319306104,4181245319317281,5008
2671,"void transformer_engine::fused_attn_rocm::compute_output_kernel<hip_bfloat16, transformer_engine::fused_attn_rocm::SmallSeqConfig<6, 128, 256, false, (transformer_engine::fused_attn_rocm::CausalMaskType)0>, 2, 8>(hip_bfloat16 const*, hip_bfloat16 const*, hip_bfloat16*, int const*, int const*, int, int) [clone .kd]",2,8,2989,1263855,1263855,512000,64,12288,0,28,4,48,64,"0x0","0x7f02bb54f640",4181245319284493,4181245319306104,4181245319368436,4181245319369149,62332
2672,"loop_broadcast_fusion_5.kd",2,8,2990,1263855,1263855,2048000,256,0,0,4,4,16,64,"0x0","0x7f0abb6c9a40",4181245319292865,4181245319368436,4181245319376528,4181245319385923,8092
2673,"__amd_rocclr_fillBufferAligned.kd",2,8,2991,1263855,1263855,77824,256,0,0,12,4,48,64,"0x0","0x7f2abbf33580",4181245319309991,4181245319376528,4181245319383539,4181245319390841,7011
2674,"__amd_rocclr_fillBufferAligned.kd",2,8,2992,1263855,1263855,77824,256,0,0,12,4,48,64,"0x0","0x7f2abbf33580",4181245319331623,4181245319383539,4181245319401045,4181245319408407,17506
2675,"__amd_rocclr_fillBufferAligned.kd",2,8,2993,1263855,1263855,77824,256,0,0,12,4,48,64,"0x0","0x7f2abbf33580",4181245319337762,4181245319401045,4181245319418271,4181245319428607,17226
2676,"__amd_rocclr_fillBufferAligned.kd",2,8,2994,1263855,1263855,256,256,0,0,12,4,48,64,"0x0","0x7f2abbf33580",4181245319343981,4181245319418271,4181245319422877,4181245319424010,4606
2677,"ck_fused_attn::get_runtime_max_seqlen_kernel(unsigned long, int const*, int const*, unsigned long*) [clone .kd]",2,8,2995,1263855,1263855,4096,128,0,0,4,4,32,64,"0x0","0x7f1abba20940",4181245319350982,4181245319422877,4181245319428806,4181245319435337,5929
2678,"__amd_rocclr_copyBuffer.kd",2,8,2996,1263855,1263855,512,512,0,0,16,0,32,64,"0x7f32cafe9100","0x7f2abbf33600",4181245319359003,4181245319428806,4181245319434294,4181245319439944,5488
2679,"__amd_rocclr_fillBufferAligned.kd",2,8,2998,1263855,1263855,256,256,0,0,12,4,48,64,"0x0","0x7f2abbf33580",4181245319454826,4181245319463658,4181245319465741,4181245319477990,2083
2680,"ck_fused_attn::get_runtime_max_seqlen_kernel(unsigned long, int const*, int const*, unsigned long*) [clone .kd]",2,8,2999,1263855,1263855,4096,128,0,0,4,4,32,64,"0x0","0x7f1abba20940",4181245319462898,4181245319477639,4181245319486893,4181245319487254,9254
2681,"__amd_rocclr_copyBuffer.kd",2,8,3000,1263855,1263855,512,512,0,0,16,0,32,64,"0x7f32cafe9000","0x7f2abbf33600",4181245319476458,4181245319486893,4181245319492421,4181245319494205,5528
2682,"void transformer_engine::fused_attn_rocm::compute_grad_v_kernel<hip_bfloat16, transformer_engine::fused_attn_rocm::SmallSeqConfig<6, 128, 256, false, (transformer_engine::fused_attn_rocm::CausalMaskType)0>, 16, 16>(hip_bfloat16 const*, hip_bfloat16 const*, hip_bfloat16*, int const*, int const*, int, int) [clone .kd]",2,8,3002,1263855,1263855,256000,64,12288,0,32,0,48,64,"0x0","0x7f02bb551100",4181245319509387,4181245319519782,4181245319660391,4181245319667482,140609
2683,"void transformer_engine::fused_attn_rocm::compute_grad_attn_kernel<hip_bfloat16, transformer_engine::fused_attn_rocm::SmallSeqConfig<6, 128, 256, false, (transformer_engine::fused_attn_rocm::CausalMaskType)0>, 16>(hip_bfloat16 const*, hip_bfloat16 const*, hip_bfloat16*, int const*, int const*, int, int) [clone .kd]",2,8,3003,1263855,1263855,8000,64,0,0,116,4,64,64,"0x0","0x7f02bb551140",4181245319520173,4181245319660391,4181245319892896,4181245319894320,232505
2684,"void transformer_engine::fused_attn_rocm::softmax_backward_kernel<hip_bfloat16, transformer_engine::fused_attn_rocm::SmallSeqConfig<6, 128, 256, false, (transformer_engine::fused_attn_rocm::CausalMaskType)0> >(hip_bfloat16 const*, hip_bfloat16 const*, hip_bfloat16*, float, int const*, int, int) [clone .kd]",2,8,3004,1263855,1263855,390144,256,1024,0,16,0,16,64,"0x0","0x7f02bb551180",4181245319529838,4181245319892896,4181245319898745,4181245319906898,5849
2685,"void transformer_engine::fused_attn_rocm::compute_grad_qk_kernel<hip_bfloat16, transformer_engine::fused_attn_rocm::SmallSeqConfig<6, 128, 256, false, (transformer_engine::fused_attn_rocm::CausalMaskType)0>, 4, 16>(hip_bfloat16 const*, hip_bfloat16 const*, hip_bfloat16 const*, hip_bfloat16*, hip_bfloat16*, float, int const*, int const*, int, int) [clone .kd]",2,8,3005,1263855,1263855,1024000,64,12288,0,36,4,48,64,"0x0","0x7f02bb5511c0",4181245319537479,4181245319898745,4181245320057101,4181245320060417,158356
2686,"input_reduce_fusion.kd",2,8,3006,1263855,1263855,524288,256,512,0,16,0,16,64,"0x0","0x7f0abb6c9a80",4181245319545841,4181245320057101,4181245320066475,4181245320067487,9374
2687,"input_reduce_fusion_3.kd",2,8,3007,1263855,1263855,128,128,512,0,24,0,16,64,"0x0","0x7f0abb6c9ac0",4181245319552772,4181245320066475,4181245320072163,4181245320073436,5688
2688,"loop_convert_fusion.kd",2,8,3008,1263855,1263855,1,1,0,0,4,4,16,64,"0x0","0x7f0abb6c9b00",4181245319559862,4181245320072163,4181245320077851,4181245320078173,5688
2689,"input_reduce_reduce_window_fusion_3.kd",2,8,3011,1263855,1263855,9728,256,0,0,28,4,48,64,"0x0","0x7f0abb6c9000",4181245319677217,4181245320089389,4181245320099844,4181245320101157,10455
2690,"loop_reduce_window_fusion_11.kd",2,8,3012,1263855,1263855,1536,256,0,0,8,0,16,64,"0x0","0x7f0abb6c9040",4181245319686581,4181245320099844,4181245320107095,4181245320114607,7251
2691,"loop_slice_fusion_5.kd",2,8,3013,1263855,1263855,6,6,0,0,20,4,16,64,"0x0","0x7f0abb6c9080",4181245319693781,4181245320107095,4181245320112183,4181245320119775,5088
2692,"loop_broadcast_fusion_2.kd",2,8,3014,1263855,1263855,24064,256,0,0,4,4,16,64,"0x0","0x7f0abb6c90c0",4181245319701543,4181245320112183,4181245320117751,4181245320124672,5568
2693,"input_scatter_fusion_2.kd",2,8,3015,1263855,1263855,24064,256,0,0,12,4,32,64,"0x0","0x7f0abb6c9100",4181245319709685,4181245320117751,4181245320124681,4181245320129580,6930
2694,"loop_reduce_window_fusion_10.kd",2,8,3016,1263855,1263855,24064,256,0,0,8,0,16,64,"0x0","0x7f0abb6c9140",4181245319716155,4181245320124681,4181245320129608,4181245320135338,4927
2695,"loop_reduce_window_fusion_11.kd",2,8,3017,1263855,1263855,1536,256,0,0,8,0,16,64,"0x0","0x7f0abb6c9040",4181245319722394,4181245320129608,4181245320134496,4181245320141637,4888
2696,"loop_slice_fusion_4.kd",2,8,3018,1263855,1263855,94,94,0,0,24,0,16,64,"0x0","0x7f0abb6c9180",4181245319729945,4181245320134496,4181245320139824,4181245320146194,5328
2697,"input_reduce_fusion_1.kd",2,8,3019,1263855,1263855,64,64,0,0,8,0,16,64,"0x0","0x7f0abb6c91c0",4181245319736265,4181245320139824,4181245320144511,4181245320150681,4687
2698,"loop_select_fusion_5.kd",2,8,3020,1263855,1263855,24064,256,0,0,8,0,32,64,"0x0","0x7f0abb6c9200",4181245319744086,4181245320144511,4181245320149558,4181245320155268,5047
2699,"loop_select_fusion_2.kd",2,8,3021,1263855,1263855,24064,256,0,0,4,4,16,64,"0x0","0x7f0abb6c9240",4181245319751477,4181245320149558,4181245320154445,4181245320159764,4887
2700,"loop_reduce_window_fusion_10.kd",2,8,3022,1263855,1263855,24064,256,0,0,8,0,16,64,"0x0","0x7f0abb6c9140",4181245319758748,4181245320154445,4181245320159253,4181245320164451,4808
2701,"loop_reduce_window_fusion_11.kd",2,8,3023,1263855,1263855,1536,256,0,0,8,0,16,64,"0x0","0x7f0abb6c9040",4181245319766029,4181245320159253,4181245320163980,4181245320169098,4727
2702,"loop_slice_fusion_5.kd",2,8,3024,1263855,1263855,6,6,0,0,20,4,16,64,"0x0","0x7f0abb6c9080",4181245319773350,4181245320163980,4181245320168626,4181245320173565,4646
2703,"input_concatenate_fusion.kd",2,8,3025,1263855,1263855,24064,256,0,0,12,4,32,64,"0x0","0x7f0abb6c9280",4181245319779889,4181245320168626,4181245320174195,4181245320178122,5569
2704,"input_reduce_reduce_window_fusion.kd",2,8,3026,1263855,1263855,11264,256,0,0,36,4,48,64,"0x0","0x7f0abb6c92c0",4181245319786930,4181245320174195,4181245320184530,4181245320186644,10335
2705,"loop_reduce_window_fusion_2.kd",2,8,3027,1263855,1263855,1792,256,0,0,8,0,16,64,"0x0","0x7f0abb6c9300",4181245319793440,4181245320184530,4181245320189618,4181245320191111,5088
2706,"loop_slice_fusion_7.kd",2,8,3028,1263855,1263855,7,7,0,0,20,4,16,64,"0x0","0x7f0abb6c9340",4181245319800780,4181245320189618,4181245320194305,4181245320195367,4687
2707,"loop_broadcast_fusion.kd",2,8,3029,1263855,1263855,28160,256,0,0,4,4,16,64,"0x0","0x7f0abb6c9380",4181245319807681,4181245320194305,4181245320199392,4181245320201356,5087
2708,"input_scatter_fusion.kd",2,8,3030,1263855,1263855,28160,256,0,0,12,4,32,64,"0x0","0x7f0abb6c93c0",4181245319815432,4181245320199392,4181245320206643,4181245320214646,7251
2709,"loop_reduce_window_fusion_1.kd",2,8,3031,1263855,1263855,28160,256,0,0,8,0,16,64,"0x0","0x7f0abb6c9400",4181245319822713,4181245320206643,4181245320211530,4181245320219403,4887
2710,"loop_reduce_window_fusion_2.kd",2,8,3032,1263855,1263855,1792,256,0,0,8,0,16,64,"0x0","0x7f0abb6c9300",4181245319830084,4181245320211530,4181245320216618,4181245320223770,5088
2711,"loop_slice_fusion_7.kd",2,8,3033,1263855,1263855,7,7,0,0,20,4,16,64,"0x0","0x7f0abb6c9340",4181245319837054,4181245320216618,4181245320221305,4181245320228547,4687
2712,"loop_slice_fusion_3.kd",2,8,3034,1263855,1263855,110,110,0,0,8,0,16,64,"0x0","0x7f0abb6c9440",4181245319843694,4181245320221305,4181245320226072,4181245320237320,4767
2713,"input_reduce_fusion_2.kd",2,8,3035,1263855,1263855,64,64,0,0,8,0,16,64,"0x0","0x7f0abb6c9480",4181245319851216,4181245320226072,4181245320230759,4181245320233174,4687
2714,"loop_select_fusion_4.kd",2,8,3036,1263855,1263855,28160,256,0,0,8,0,32,64,"0x0","0x7f0abb6c94c0",4181245319857905,4181245320230759,4181245320235806,4181245320248677,5047
2715,"loop_select_fusion.kd",2,8,3037,1263855,1263855,28160,256,0,0,8,0,16,64,"0x0","0x7f0abb6c9500",4181245319864676,4181245320235806,4181245320240734,4181245320244000,4928
2716,"loop_compare_fusion_1.kd",2,8,3038,1263855,1263855,4096,256,0,0,4,4,16,64,"0x0","0x7f0abb6c9540",4181245319872207,4181245320240734,4181245320245501,4181245320255357,4767
2717,"input_reduce_reduce_window_fusion_2.kd",2,8,3039,1263855,1263855,256,256,512,0,20,4,32,64,"0x0","0x7f0abb6c9580",4181245319878937,4181245320245501,4181245320261645,4181245320262627,16144
2718,"loop_slice_fusion_1.kd",2,8,3040,1263855,1263855,16,16,0,0,20,4,16,64,"0x0","0x7f0abb6c95c0",4181245319886758,4181245320261645,4181245320266492,4181245320267014,4847
2719,"loop_broadcast_fusion_3.kd",2,8,3041,1263855,1263855,4096,256,0,0,4,4,16,64,"0x0","0x7f0abb6c9600",4181245319893619,4181245320266492,4181245320271379,4181245320271330,4887
2720,"input_scatter_fusion_3.kd",2,8,3042,1263855,1263855,4096,256,0,0,8,0,32,64,"0x0","0x7f0abb6c9640",4181245319912356,4181245320271379,4181245320277829,4181245320279442,6450
2721,"loop_reduce_window_fusion_13.kd",2,8,3043,1263855,1263855,4096,256,0,0,8,0,16,64,"0x0","0x7f0abb6c9680",4181245319921019,4181245320277829,4181245320282676,4181245320283989,4847
2722,"loop_slice_fusion_1.kd",2,8,3044,1263855,1263855,16,16,0,0,20,4,16,64,"0x0","0x7f0abb6c95c0",4181245319929081,4181245320282676,4181245320287363,4181245320290228,4687
2723,"loop_remainder_fusion.kd",2,8,3045,1263855,1263855,4096,256,0,0,12,4,16,64,"0x0","0x7f0abb6c96c0",4181245319936212,4181245320287363,4181245320293612,4181245320296578,6249
2724,"loop_select_fusion_3.kd",2,8,3046,1263855,1263855,4096,256,0,0,8,0,32,64,"0x0","0x7f0abb6c9700",4181245319943813,4181245320293612,4181245320298500,4181245320301255,4888
2725,"loop_reduce_window_fusion_13.kd",2,8,3047,1263855,1263855,4096,256,0,0,8,0,16,64,"0x0","0x7f0abb6c9680",4181245319951024,4181245320298500,4181245320303347,4181245320307684,4847
2726,"loop_slice_fusion_1.kd",2,8,3048,1263855,1263855,16,16,0,0,20,4,16,64,"0x0","0x7f0abb6c95c0",4181245319958435,4181245320303347,4181245320308074,4181245320314655,4727
2727,"input_concatenate_fusion_1.kd",2,8,3049,1263855,1263855,4096,256,0,0,8,0,32,64,"0x0","0x7f0abb6c9740",4181245319965505,4181245320308074,4181245320313762,4181245320323107,5688
2728,"loop_compare_fusion.kd",2,8,3050,1263855,1263855,8192,256,0,0,4,4,16,64,"0x0","0x7f0abb6c9780",4181245319971905,4181245320313762,4181245320318810,4181245320319222,5048
2729,"input_reduce_reduce_window_fusion_1.kd",2,8,3051,1263855,1263855,512,512,512,0,20,4,48,64,"0x0","0x7f0abb6c97c0",4181245319979056,4181245320318810,4181245320336196,4181245320341705,17386
2730,"loop_reduce_window_fusion_6.kd",2,8,3052,1263855,1263855,32,32,0,0,32,0,16,64,"0x0","0x7f0abb6c9800",4181245319986907,4181245320336196,4181245320344648,4181245320346552,8452
2731,"loop_broadcast_fusion_1.kd",2,8,3053,1263855,1263855,8192,256,0,0,4,4,16,64,"0x0","0x7f0abb6c9840",4181245319993507,4181245320344648,4181245320349776,4181245320351139,5128
2732,"input_scatter_fusion_1.kd",2,8,3054,1263855,1263855,8192,256,0,0,8,0,32,64,"0x0","0x7f0abb6c9880",4181245320000648,4181245320349776,4181245320355304,4181245320358720,5528
2733,"loop_reduce_window_fusion_5.kd",2,8,3055,1263855,1263855,8192,256,0,0,8,0,16,64,"0x0","0x7f0abb6c98c0",4181245320008079,4181245320355304,4181245320360352,4181245320363017,5048
2734,"loop_reduce_window_fusion_4.kd",2,8,3056,1263855,1263855,512,256,0,0,8,0,16,64,"0x0","0x7f0abb6c9900",4181245320014398,4181245320360352,4181245320365639,4181245320367263,5287
2735,"loop_reduce_window_fusion_3.kd",2,8,3057,1263855,1263855,32,32,0,0,8,0,16,64,"0x0","0x7f0abb6c9940",4181245320022320,4181245320365639,4181245320370447,4181245320373673,4808
2736,"loop_select_fusion_6.kd",2,8,3058,1263855,1263855,8192,256,0,0,8,0,32,64,"0x0","0x7f0abb6c9980",4181245320030262,4181245320370447,4181245320375534,4181245320380322,5087
2737,"loop_select_fusion_1.kd",2,8,3059,1263855,1263855,8192,256,0,0,8,0,16,64,"0x0","0x7f0abb6c99c0",4181245320037943,4181245320375534,4181245320380461,4181245320390758,4927
2738,"loop_broadcast_fusion_4.kd",2,8,3060,1263855,1263855,16,16,0,0,4,4,16,64,"0x0","0x7f0abb6c9a00",4181245320045514,4181245320380461,4181245320385709,4181245320386722,5248
2739,"__amd_rocclr_fillBufferAligned.kd",2,8,3061,1263855,1263855,77824,256,0,0,12,4,48,64,"0x0","0x7f2abbf33580",4181245320057823,4181245320385709,4181245320400051,4181245320406541,14342
2740,"__amd_rocclr_fillBufferAligned.kd",2,8,3062,1263855,1263855,16128,256,0,0,12,4,48,64,"0x0","0x7f2abbf33580",4181245320063461,4181245320400051,4181245320405058,4181245320411068,5007
2741,"transformer_engine::fused_attn_rocm::populate_rng_state_kernel(long*, long const*, long) [clone .kd]",2,8,3063,1263855,1263855,1,1,0,0,8,0,16,64,"0x0","0x7f1abba31380",4181245320075279,4181245320405058,4181245320409905,4181245320420302,4847
2742,"__amd_rocclr_fillBufferAligned.kd",2,8,3064,1263855,1263855,256,256,0,0,12,4,48,64,"0x0","0x7f2abbf33580",4181245320087106,4181245320409905,4181245320414552,4181245320415905,4647
2743,"ck_fused_attn::get_runtime_max_seqlen_kernel(unsigned long, int const*, int const*, unsigned long*) [clone .kd]",2,8,3065,1263855,1263855,4096,128,0,0,4,4,32,64,"0x0","0x7f1abba20940",4181245320095048,4181245320414552,4181245320420441,4181245320426832,5889
2744,"__amd_rocclr_copyBuffer.kd",2,8,3066,1263855,1263855,512,512,0,0,16,0,32,64,"0x7f32cafe8e00","0x7f2abbf33600",4181245320104322,4181245320420441,4181245320425889,4181245320431559,5448
2745,"__amd_rocclr_fillBufferAligned.kd",2,8,3068,1263855,1263855,256,256,0,0,12,4,48,64,"0x0","0x7f2abbf33580",4181245320470116,4181245320479649,4181245320481492,4181245320506580,1843
2746,"ck_fused_attn::get_runtime_max_seqlen_kernel(unsigned long, int const*, int const*, unsigned long*) [clone .kd]",2,8,3069,1263855,1263855,4096,128,0,0,4,4,32,64,"0x0","0x7f1abba20940",4181245320480131,4181245320488823,4181245320498517,4181245320516785,9694
2747,"__amd_rocclr_copyBuffer.kd",2,8,3070,1263855,1263855,512,512,0,0,16,0,32,64,"0x7f32cafe8d00","0x7f2abbf33600",4181245320488453,4181245320498517,4181245320503845,4181245320511738,5328
2748,"void transformer_engine::fused_attn_rocm::compute_scores_kernel<hip_bfloat16, transformer_engine::fused_attn_rocm::SmallSeqConfig<6, 128, 256, false, (transformer_engine::fused_attn_rocm::CausalMaskType)0>, 1>(hip_bfloat16 const*, hip_bfloat16 const*, hip_bfloat16*, float, int const*, int const*, int, int) [clone .kd]",2,8,3072,1263855,1263855,64000,64,0,0,112,0,48,64,"0x0","0x7f02bb54f5c0",4181245320528282,4181245320537134,4181245320566979,4181245320569013,29845
2749,"void transformer_engine::fused_attn_rocm::apply_mask_and_softmax_kernel<hip_bfloat16, transformer_engine::fused_attn_rocm::SmallSeqConfig<6, 128, 256, false, (transformer_engine::fused_attn_rocm::CausalMaskType)0> >(hip_bfloat16*, hip_bfloat16 const*, float, int const*, int, int) [clone .kd]",2,8,3073,1263855,1263855,390144,256,1024,0,12,4,16,64,"0x0","0x7f02bb54f600",4181245320535273,4181245320566979,4181245320572026,4181245320576875,5047
2750,"void transformer_engine::fused_attn_rocm::compute_output_kernel<hip_bfloat16, transformer_engine::fused_attn_rocm::SmallSeqConfig<6, 128, 256, false, (transformer_engine::fused_attn_rocm::CausalMaskType)0>, 2, 8>(hip_bfloat16 const*, hip_bfloat16 const*, hip_bfloat16*, int const*, int const*, int, int) [clone .kd]",2,8,3074,1263855,1263855,512000,64,12288,0,28,4,48,64,"0x0","0x7f02bb54f640",4181245320550315,4181245320572026,4181245320635000,4181245320639258,62974
2751,"loop_broadcast_fusion_5.kd",2,8,3075,1263855,1263855,2048000,256,0,0,4,4,16,64,"0x0","0x7f0abb6c9a40",4181245320560691,4181245320635000,4181245320643212,4181245320647870,8212
2752,"__amd_rocclr_fillBufferAligned.kd",2,8,3076,1263855,1263855,77824,256,0,0,12,4,48,64,"0x0","0x7f2abbf33580",4181245320574822,4181245320643212,4181245320650022,4181245320652798,6810
2753,"__amd_rocclr_fillBufferAligned.kd",2,8,3077,1263855,1263855,77824,256,0,0,12,4,48,64,"0x0","0x7f2abbf33580",4181245320589734,4181245320650022,4181245320667528,4181245320668671,17506
2754,"__amd_rocclr_fillBufferAligned.kd",2,8,3078,1263855,1263855,77824,256,0,0,12,4,48,64,"0x0","0x7f2abbf33580",4181245320597025,4181245320667528,4181245320684914,4181245320685236,17386
2755,"__amd_rocclr_fillBufferAligned.kd",2,8,3079,1263855,1263855,256,256,0,0,12,4,48,64,"0x0","0x7f2abbf33580",4181245320604526,4181245320684914,4181245320689601,4181245320691706,4687
2756,"ck_fused_attn::get_runtime_max_seqlen_kernel(unsigned long, int const*, int const*, unsigned long*) [clone .kd]",2,8,3080,1263855,1263855,4096,128,0,0,4,4,32,64,"0x0","0x7f1abba20940",4181245320610375,4181245320689601,4181245320695570,4181245320698325,5969
2757,"__amd_rocclr_copyBuffer.kd",2,8,3081,1263855,1263855,512,512,0,0,16,0,32,64,"0x7f32cafe8c00","0x7f2abbf33600",4181245320619658,4181245320695570,4181245320701379,4181245320702632,5809
2758,"__amd_rocclr_fillBufferAligned.kd",2,8,3083,1263855,1263855,256,256,0,0,12,4,48,64,"0x0","0x7f2abbf33580",4181245320718195,4181245320731303,4181245320733426,4181245320738305,2123
2759,"ck_fused_attn::get_runtime_max_seqlen_kernel(unsigned long, int const*, int const*, unsigned long*) [clone .kd]",2,8,3084,1263855,1263855,4096,128,0,0,4,4,32,64,"0x0","0x7f1abba20940",4181245320732526,4181245320740517,4181245320746526,4181245320747048,6009
2760,"__amd_rocclr_copyBuffer.kd",2,8,3085,1263855,1263855,512,512,0,0,16,0,32,64,"0x7f32cafe8b00","0x7f2abbf33600",4181245320739607,4181245320751373,4181245320755980,4181245320763062,4607
2761,"void transformer_engine::fused_attn_rocm::compute_grad_v_kernel<hip_bfloat16, transformer_engine::fused_attn_rocm::SmallSeqConfig<6, 128, 256, false, (transformer_engine::fused_attn_rocm::CausalMaskType)0>, 16, 16>(hip_bfloat16 const*, hip_bfloat16 const*, hip_bfloat16*, int const*, int const*, int, int) [clone .kd]",2,8,3087,1263855,1263855,256000,64,12288,0,32,0,48,64,"0x0","0x7f02bb551100",4181245320778254,4181245320789430,4181245320927876,4181245320929179,138446
2762,"void transformer_engine::fused_attn_rocm::compute_grad_attn_kernel<hip_bfloat16, transformer_engine::fused_attn_rocm::SmallSeqConfig<6, 128, 256, false, (transformer_engine::fused_attn_rocm::CausalMaskType)0>, 16>(hip_bfloat16 const*, hip_bfloat16 const*, hip_bfloat16*, int const*, int const*, int, int) [clone .kd]",2,8,3088,1263855,1263855,8000,64,0,0,116,4,64,64,"0x0","0x7f02bb551140",4181245320787718,4181245320927876,4181245321161423,4181245321163908,233547
2763,"void transformer_engine::fused_attn_rocm::softmax_backward_kernel<hip_bfloat16, transformer_engine::fused_attn_rocm::SmallSeqConfig<6, 128, 256, false, (transformer_engine::fused_attn_rocm::CausalMaskType)0> >(hip_bfloat16 const*, hip_bfloat16 const*, hip_bfloat16*, float, int const*, int, int) [clone .kd]",2,8,3089,1263855,1263855,390144,256,1024,0,16,0,16,64,"0x0","0x7f02bb551180",4181245320797233,4181245321161423,4181245321167352,4181245321171840,5929
2764,"void transformer_engine::fused_attn_rocm::compute_grad_qk_kernel<hip_bfloat16, transformer_engine::fused_attn_rocm::SmallSeqConfig<6, 128, 256, false, (transformer_engine::fused_attn_rocm::CausalMaskType)0>, 4, 16>(hip_bfloat16 const*, hip_bfloat16 const*, hip_bfloat16 const*, hip_bfloat16*, hip_bfloat16*, float, int const*, int const*, int, int) [clone .kd]",2,8,3090,1263855,1263855,1024000,64,12288,0,36,4,48,64,"0x0","0x7f02bb5511c0",4181245320805525,4181245321167352,4181245321330474,4181245321341522,163122
2765,"input_reduce_fusion.kd",2,8,3091,1263855,1263855,524288,256,512,0,16,0,16,64,"0x0","0x7f0abb6c9a80",4181245320814318,4181245321330474,4181245321340129,4181245321348562,9655
2766,"input_reduce_fusion_3.kd",2,8,3092,1263855,1263855,128,128,512,0,24,0,16,64,"0x0","0x7f0abb6c9ac0",4181245320821589,4181245321340129,4181245321345897,4181245321354291,5768
2767,"loop_convert_fusion.kd",2,8,3093,1263855,1263855,1,1,0,0,4,4,16,64,"0x0","0x7f0abb6c9b00",4181245320828048,4181245321345897,4181245321350184,4181245321359549,4287
2768,"input_reduce_reduce_window_fusion_3.kd",2,8,3096,1263855,1263855,9728,256,0,0,28,4,48,64,"0x0","0x7f0abb6c9000",4181245320948507,4181245321361761,4181245321372136,4181245321373279,10375
2769,"loop_reduce_window_fusion_11.kd",2,8,3097,1263855,1263855,1536,256,0,0,8,0,16,64,"0x0","0x7f0abb6c9040",4181245320958212,4181245321372136,4181245321378946,4181245321379799,6810
2770,"loop_slice_fusion_5.kd",2,8,3098,1263855,1263855,6,6,0,0,20,4,16,64,"0x0","0x7f0abb6c9080",4181245320965763,4181245321378946,4181245321383994,4181245321384706,5048
2771,"loop_broadcast_fusion_2.kd",2,8,3099,1263855,1263855,24064,256,0,0,4,4,16,64,"0x0","0x7f0abb6c90c0",4181245320973044,4181245321383994,4181245321389642,4181245321397015,5648
2772,"input_scatter_fusion_2.kd",2,8,3100,1263855,1263855,24064,256,0,0,12,4,32,64,"0x0","0x7f0abb6c9100",4181245320980725,4181245321389642,4181245321398135,4181245321402022,8493
2773,"loop_reduce_window_fusion_10.kd",2,8,3101,1263855,1263855,24064,256,0,0,8,0,16,64,"0x0","0x7f0abb6c9140",4181245320986975,4181245321398135,4181245321403623,4181245321406198,5488
2774,"loop_reduce_window_fusion_11.kd",2,8,3102,1263855,1263855,1536,256,0,0,8,0,16,64,"0x0","0x7f0abb6c9040",4181245320993494,4181245321403623,4181245321408470,4181245321410675,4847
2775,"loop_slice_fusion_4.kd",2,8,3103,1263855,1263855,94,94,0,0,24,0,16,64,"0x0","0x7f0abb6c9180",4181245321000435,4181245321408470,4181245321413798,4181245321416634,5328
2776,"input_reduce_fusion_1.kd",2,8,3104,1263855,1263855,64,64,0,0,8,0,16,64,"0x0","0x7f0abb6c91c0",4181245321007976,4181245321413798,4181245321418485,4181245321421331,4687
2777,"loop_select_fusion_5.kd",2,8,3105,1263855,1263855,24064,256,0,0,8,0,32,64,"0x0","0x7f0abb6c9200",4181245321015327,4181245321418485,4181245321423533,4181245321425928,5048
2778,"loop_select_fusion_2.kd",2,8,3106,1263855,1263855,24064,256,0,0,4,4,16,64,"0x0","0x7f0abb6c9240",4181245321022678,4181245321423533,4181245321428460,4181245321430444,4927
2779,"loop_reduce_window_fusion_10.kd",2,8,3107,1263855,1263855,24064,256,0,0,8,0,16,64,"0x0","0x7f0abb6c9140",4181245321029448,4181245321428460,4181245321433227,4181245321434901,4767
2780,"loop_reduce_window_fusion_11.kd",2,8,3108,1263855,1263855,1536,256,0,0,8,0,16,64,"0x0","0x7f0abb6c9040",4181245321036478,4181245321433227,4181245321438154,4181245321439618,4927
2781,"loop_slice_fusion_5.kd",2,8,3109,1263855,1263855,6,6,0,0,20,4,16,64,"0x0","0x7f0abb6c9080",4181245321042978,4181245321438154,4181245321442841,4181245321444024,4687
2782,"input_concatenate_fusion.kd",2,8,3110,1263855,1263855,24064,256,0,0,12,4,32,64,"0x0","0x7f0abb6c9280",4181245321049608,4181245321442841,4181245321448810,4181245321452157,5969
2783,"input_reduce_reduce_window_fusion.kd",2,8,3111,1263855,1263855,11264,256,0,0,36,4,48,64,"0x0","0x7f0abb6c92c0",4181245321056258,4181245321448810,4181245321459266,4181245321459538,10456
2784,"loop_reduce_window_fusion_2.kd",2,8,3112,1263855,1263855,1792,256,0,0,8,0,16,64,"0x0","0x7f0abb6c9300",4181245321063318,4181245321459266,4181245321464434,4181245321464385,5168
2785,"loop_slice_fusion_7.kd",2,8,3113,1263855,1263855,7,7,0,0,20,4,16,64,"0x0","0x7f0abb6c9340",4181245321070449,4181245321464434,4181245321469121,4181245321471185,4687
2786,"loop_broadcast_fusion.kd",2,8,3114,1263855,1263855,28160,256,0,0,4,4,16,64,"0x0","0x7f0abb6c9380",4181245321078291,4181245321469121,4181245321474168,4181245321475692,5047
2787,"input_scatter_fusion.kd",2,8,3115,1263855,1263855,28160,256,0,0,12,4,32,64,"0x0","0x7f0abb6c93c0",4181245321085682,4181245321474168,4181245321481419,4181245321481550,7251
2788,"loop_reduce_window_fusion_1.kd",2,8,3116,1263855,1263855,28160,256,0,0,8,0,16,64,"0x0","0x7f0abb6c9400",4181245321092612,4181245321481419,4181245321486266,4181245321488731,4847
2789,"loop_reduce_window_fusion_2.kd",2,8,3117,1263855,1263855,1792,256,0,0,8,0,16,64,"0x0","0x7f0abb6c9300",4181245321099993,4181245321486266,4181245321491273,4181245321492807,5007
2790,"loop_slice_fusion_7.kd",2,8,3118,1263855,1263855,7,7,0,0,20,4,16,64,"0x0","0x7f0abb6c9340",4181245321106182,4181245321491273,4181245321495960,4181245321497414,4687
2791,"loop_slice_fusion_3.kd",2,8,3119,1263855,1263855,110,110,0,0,8,0,16,64,"0x0","0x7f0abb6c9440",4181245321113663,4181245321495960,4181245321500647,4181245321501630,4687
2792,"input_reduce_fusion_2.kd",2,8,3120,1263855,1263855,64,64,0,0,8,0,16,64,"0x0","0x7f0abb6c9480",4181245321120163,4181245321500647,4181245321505374,4181245321508250,4727
2793,"loop_select_fusion_4.kd",2,8,3121,1263855,1263855,28160,256,0,0,8,0,32,64,"0x0","0x7f0abb6c94c0",4181245321127273,4181245321505374,4181245321510382,4181245321514930,5008
2794,"loop_select_fusion.kd",2,8,3122,1263855,1263855,28160,256,0,0,8,0,16,64,"0x0","0x7f0abb6c9500",4181245321134154,4181245321510382,4181245321515309,4181245321526056,4927
2795,"loop_compare_fusion_1.kd",2,8,3123,1263855,1263855,4096,256,0,0,4,4,16,64,"0x0","0x7f0abb6c9540",4181245321140653,4181245321515309,4181245321520156,4181245321521530,4847
2796,"input_reduce_reduce_window_fusion_2.kd",2,8,3124,1263855,1263855,256,256,512,0,20,4,32,64,"0x0","0x7f0abb6c9580",4181245321147874,4181245321520156,4181245321536300,4181245321596742,16144
2797,"loop_slice_fusion_1.kd",2,8,3125,1263855,1263855,16,16,0,0,20,4,16,64,"0x0","0x7f0abb6c95c0",4181245321154844,4181245321536300,4181245321540987,4181245321547138,4687
2798,"loop_broadcast_fusion_3.kd",2,8,3126,1263855,1263855,4096,256,0,0,4,4,16,64,"0x0","0x7f0abb6c9600",4181245321161905,4181245321540987,4181245321545955,4181245321552205,4968
2799,"input_scatter_fusion_3.kd",2,8,3127,1263855,1263855,4096,256,0,0,8,0,32,64,"0x0","0x7f0abb6c9640",4181245321189296,4181245321545955,4181245321552124,4181245321556992,6169
2800,"loop_reduce_window_fusion_13.kd",2,8,3128,1263855,1263855,4096,256,0,0,8,0,16,64,"0x0","0x7f0abb6c9680",4181245321197688,4181245321552124,4181245321556931,4181245321561509,4807
2801,"loop_slice_fusion_1.kd",2,8,3129,1263855,1263855,16,16,0,0,20,4,16,64,"0x0","0x7f0abb6c95c0",4181245321204829,4181245321556931,4181245321561618,4181245321570723,4687
2802,"loop_remainder_fusion.kd",2,8,3130,1263855,1263855,4096,256,0,0,12,4,16,64,"0x0","0x7f0abb6c96c0",4181245321211909,4181245321561618,4181245321567667,4181245321575069,6049
2803,"loop_select_fusion_3.kd",2,8,3131,1263855,1263855,4096,256,0,0,8,0,32,64,"0x0","0x7f0abb6c9700",4181245321219821,4181245321567667,4181245321572474,4181245321603121,4807
2804,"loop_reduce_window_fusion_13.kd",2,8,3132,1263855,1263855,4096,256,0,0,8,0,16,64,"0x0","0x7f0abb6c9680",4181245321227833,4181245321572474,4181245321577281,4181245321579636,4807
2805,"loop_slice_fusion_1.kd",2,8,3133,1263855,1263855,16,16,0,0,20,4,16,64,"0x0","0x7f0abb6c95c0",4181245321234623,4181245321577281,4181245321581968,4181245321583622,4687
2806,"input_concatenate_fusion_1.kd",2,8,3134,1263855,1263855,4096,256,0,0,8,0,32,64,"0x0","0x7f0abb6c9740",4181245321241734,4181245321581968,4181245321587697,4181245321588099,5729
2807,"loop_compare_fusion.kd",2,8,3135,1263855,1263855,8192,256,0,0,4,4,16,64,"0x0","0x7f0abb6c9780",4181245321248734,4181245321587697,4181245321592624,4181245321592585,4927
2808,"input_reduce_reduce_window_fusion_1.kd",2,8,3136,1263855,1263855,512,512,512,0,20,4,48,64,"0x0","0x7f0abb6c97c0",4181245321255935,4181245321592624,4181245321610170,4181245321621088,17546
2809,"loop_reduce_window_fusion_6.kd",2,8,3137,1263855,1263855,32,32,0,0,32,0,16,64,"0x0","0x7f0abb6c9800",4181245321262955,4181245321610170,4181245321619825,4181245321625314,9655
2810,"loop_broadcast_fusion_1.kd",2,8,3138,1263855,1263855,8192,256,0,0,4,4,16,64,"0x0","0x7f0abb6c9840",4181245321270647,4181245321619825,4181245321624912,4181245321632445,5087
2811,"input_scatter_fusion_1.kd",2,8,3139,1263855,1263855,8192,256,0,0,8,0,32,64,"0x0","0x7f0abb6c9880",4181245321277236,4181245321624912,4181245321630360,4181245321636621,5448
2812,"loop_reduce_window_fusion_5.kd",2,8,3140,1263855,1263855,8192,256,0,0,8,0,16,64,"0x0","0x7f0abb6c98c0",4181245321283686,4181245321630360,4181245321635448,4181245321643191,5088
2813,"loop_reduce_window_fusion_4.kd",2,8,3141,1263855,1263855,512,256,0,0,8,0,16,64,"0x0","0x7f0abb6c9900",4181245321290767,4181245321635448,4181245321640696,4181245321654247,5248
2814,"loop_reduce_window_fusion_3.kd",2,8,3142,1263855,1263855,32,32,0,0,8,0,16,64,"0x0","0x7f0abb6c9940",4181245321297917,4181245321640696,4181245321645463,4181245321647858,4767
2815,"loop_select_fusion_6.kd",2,8,3143,1263855,1263855,8192,256,0,0,8,0,32,64,"0x0","0x7f0abb6c9980",4181245321305368,4181245321645463,4181245321650550,4181245321663331,5087
2816,"loop_select_fusion_1.kd",2,8,3144,1263855,1263855,8192,256,0,0,8,0,16,64,"0x0","0x7f0abb6c99c0",4181245321312679,4181245321650550,4181245321655478,4181245321659004,4928
2817,"loop_broadcast_fusion_4.kd",2,8,3145,1263855,1263855,16,16,0,0,4,4,16,64,"0x0","0x7f0abb6c9a00",4181245321319339,4181245321655478,4181245321660525,4181245321669570,5047
2818,"__amd_rocclr_fillBufferAligned.kd",2,8,3146,1263855,1263855,77824,256,0,0,12,4,48,64,"0x0","0x7f2abbf33580",4181245321330546,4181245321660525,4181245321674386,4181245321675989,13861
2819,"__amd_rocclr_fillBufferAligned.kd",2,8,3147,1263855,1263855,16128,256,0,0,12,4,48,64,"0x0","0x7f2abbf33580",4181245321336104,4181245321674386,4181245321679353,4181245321680396,4967
2820,"transformer_engine::fused_attn_rocm::populate_rng_state_kernel(long*, long const*, long) [clone .kd]",2,8,3148,1263855,1263855,1,1,0,0,8,0,16,64,"0x0","0x7f1abba31380",4181245321344547,4181245321679353,4181245321684200,4181245321684642,4847
2821,"__amd_rocclr_fillBufferAligned.kd",2,8,3149,1263855,1263855,256,256,0,0,12,4,48,64,"0x0","0x7f2abbf33580",4181245321357045,4181245321684200,4181245321688927,4181245321691052,4727
2822,"ck_fused_attn::get_runtime_max_seqlen_kernel(unsigned long, int const*, int const*, unsigned long*) [clone .kd]",2,8,3150,1263855,1263855,4096,128,0,0,4,4,32,64,"0x0","0x7f1abba20940",4181245321364506,4181245321688927,4181245321694736,4181245321695488,5809
2823,"__amd_rocclr_copyBuffer.kd",2,8,3151,1263855,1263855,512,512,0,0,16,0,32,64,"0x7f32cafe8900","0x7f2abbf33600",4181245321374281,4181245321694736,4181245321699944,4181245321702429,5208
2824,"__amd_rocclr_fillBufferAligned.kd",2,8,3153,1263855,1263855,256,256,0,0,12,4,48,64,"0x0","0x7f2abbf33580",4181245321736079,4181245321744770,4181245321746773,4181245321781797,2003
2825,"ck_fused_attn::get_runtime_max_seqlen_kernel(unsigned long, int const*, int const*, unsigned long*) [clone .kd]",2,8,3154,1263855,1263855,4096,128,0,0,4,4,32,64,"0x0","0x7f1abba20940",4181245321747476,4181245321757149,4181245321762998,4181245321791521,5849
2826,"__amd_rocclr_copyBuffer.kd",2,8,3155,1263855,1263855,512,512,0,0,16,0,32,64,"0x7f32cafe8800","0x7f2abbf33600",4181245321759534,4181245321767845,4181245321774014,4181245321786764,6169
2827,"void transformer_engine::fused_attn_rocm::compute_scores_kernel<hip_bfloat16, transformer_engine::fused_attn_rocm::SmallSeqConfig<6, 128, 256, false, (transformer_engine::fused_attn_rocm::CausalMaskType)0>, 1>(hip_bfloat16 const*, hip_bfloat16 const*, hip_bfloat16*, float, int const*, int const*, int, int) [clone .kd]",2,8,3157,1263855,1263855,64000,64,0,0,112,0,48,64,"0x0","0x7f02bb54f5c0",4181245321803239,4181245321812631,4181245321841354,4181245321843849,28723
2828,"void transformer_engine::fused_attn_rocm::apply_mask_and_softmax_kernel<hip_bfloat16, transformer_engine::fused_attn_rocm::SmallSeqConfig<6, 128, 256, false, (transformer_engine::fused_attn_rocm::CausalMaskType)0> >(hip_bfloat16*, hip_bfloat16 const*, float, int const*, int, int) [clone .kd]",2,8,3158,1263855,1263855,390144,256,1024,0,12,4,16,64,"0x0","0x7f02bb54f600",4181245321811351,4181245321841354,4181245321846522,4181245321849668,5168
2829,"void transformer_engine::fused_attn_rocm::compute_output_kernel<hip_bfloat16, transformer_engine::fused_attn_rocm::SmallSeqConfig<6, 128, 256, false, (transformer_engine::fused_attn_rocm::CausalMaskType)0>, 2, 8>(hip_bfloat16 const*, hip_bfloat16 const*, hip_bfloat16*, int const*, int const*, int, int) [clone .kd]",2,8,3159,1263855,1263855,512000,64,12288,0,28,4,48,64,"0x0","0x7f02bb54f640",4181245321818441,4181245321846522,4181245321911699,4181245321916848,65177
2830,"loop_broadcast_fusion_5.kd",2,8,3160,1263855,1263855,2048000,256,0,0,4,4,16,64,"0x0","0x7f0abb6c9a40",4181245321835387,4181245321911699,4181245321919831,4181245321925701,8132
2831,"__amd_rocclr_fillBufferAligned.kd",2,8,3161,1263855,1263855,77824,256,0,0,12,4,48,64,"0x0","0x7f2abbf33580",4181245321855436,4181245321919831,4181245321926801,4181245321930338,6970
2832,"__amd_rocclr_fillBufferAligned.kd",2,8,3162,1263855,1263855,77824,256,0,0,12,4,48,64,"0x0","0x7f2abbf33580",4181245321867604,4181245321926801,4181245321944548,4181245321945540,17747
2833,"__amd_rocclr_fillBufferAligned.kd",2,8,3163,1263855,1263855,77824,256,0,0,12,4,48,64,"0x0","0x7f2abbf33580",4181245321874044,4181245321944548,4181245321962134,4181245321976987,17586
2834,"__amd_rocclr_fillBufferAligned.kd",2,8,3164,1263855,1263855,256,256,0,0,12,4,48,64,"0x0","0x7f2abbf33580",4181245321882326,4181245321962134,4181245321966701,4181245321970047,4567
2835,"ck_fused_attn::get_runtime_max_seqlen_kernel(unsigned long, int const*, int const*, unsigned long*) [clone .kd]",2,8,3165,1263855,1263855,4096,128,0,0,4,4,32,64,"0x0","0x7f1abba20940",4181245321889066,4181245321966701,4181245321972669,4181245321983537,5968
2836,"__amd_rocclr_copyBuffer.kd",2,8,3166,1263855,1263855,512,512,0,0,16,0,32,64,"0x7f32cafe8700","0x7f2abbf33600",4181245321897239,4181245321972669,4181245321978198,4181245321987893,5529
2837,"__amd_rocclr_fillBufferAligned.kd",2,8,3168,1263855,1263855,256,256,0,0,12,4,48,64,"0x0","0x7f2abbf33580",4181245322003647,4181245322016214,4181245322018337,4181245322023216,2123
2838,"ck_fused_attn::get_runtime_max_seqlen_kernel(unsigned long, int const*, int const*, unsigned long*) [clone .kd]",2,8,3169,1263855,1263855,4096,128,0,0,4,4,32,64,"0x0","0x7f1abba20940",4181245322016276,4181245322024667,4181245322030515,4181245322032810,5848
2839,"__amd_rocclr_copyBuffer.kd",2,8,3170,1263855,1263855,512,512,0,0,16,0,32,64,"0x7f32cafe8600","0x7f2abbf33600",4181245322023616,4181245322038808,4181245322045458,4181245322047802,6650
2840,"void transformer_engine::fused_attn_rocm::compute_grad_v_kernel<hip_bfloat16, transformer_engine::fused_attn_rocm::SmallSeqConfig<6, 128, 256, false, (transformer_engine::fused_attn_rocm::CausalMaskType)0>, 16, 16>(hip_bfloat16 const*, hip_bfloat16 const*, hip_bfloat16*, int const*, int const*, int, int) [clone .kd]",2,8,3172,1263855,1263855,256000,64,12288,0,32,0,48,64,"0x0","0x7f02bb551100",4181245322063165,4181245322077545,4181245322214229,4181245322223023,136684
2841,"void transformer_engine::fused_attn_rocm::compute_grad_attn_kernel<hip_bfloat16, transformer_engine::fused_attn_rocm::SmallSeqConfig<6, 128, 256, false, (transformer_engine::fused_attn_rocm::CausalMaskType)0>, 16>(hip_bfloat16 const*, hip_bfloat16 const*, hip_bfloat16*, int const*, int const*, int, int) [clone .kd]",2,8,3173,1263855,1263855,8000,64,0,0,116,4,64,64,"0x0","0x7f02bb551140",4181245322076375,4181245322214229,4181245322446534,4181245322451313,232305
2842,"void transformer_engine::fused_attn_rocm::softmax_backward_kernel<hip_bfloat16, transformer_engine::fused_attn_rocm::SmallSeqConfig<6, 128, 256, false, (transformer_engine::fused_attn_rocm::CausalMaskType)0> >(hip_bfloat16 const*, hip_bfloat16 const*, hip_bfloat16*, float, int const*, int, int) [clone .kd]",2,8,3174,1263855,1263855,390144,256,1024,0,16,0,16,64,"0x0","0x7f02bb551180",4181245322084347,4181245322446534,4181245322452463,4181245322458914,5929
2843,"void transformer_engine::fused_attn_rocm::compute_grad_qk_kernel<hip_bfloat16, transformer_engine::fused_attn_rocm::SmallSeqConfig<6, 128, 256, false, (transformer_engine::fused_attn_rocm::CausalMaskType)0>, 4, 16>(hip_bfloat16 const*, hip_bfloat16 const*, hip_bfloat16 const*, hip_bfloat16*, hip_bfloat16*, float, int const*, int const*, int, int) [clone .kd]",2,8,3175,1263855,1263855,1024000,64,12288,0,36,4,48,64,"0x0","0x7f02bb5511c0",4181245322092028,4181245322452463,4181245322614864,4181245322616789,162401
2844,"input_reduce_fusion.kd",2,8,3176,1263855,1263855,524288,256,512,0,16,0,16,64,"0x0","0x7f0abb6c9a80",4181245322099539,4181245322614864,4181245322624118,4181245322625161,9254
2845,"input_reduce_fusion_3.kd",2,8,3177,1263855,1263855,128,128,512,0,24,0,16,64,"0x0","0x7f0abb6c9ac0",4181245322106400,4181245322624118,4181245322629847,4181245322631270,5729
2846,"loop_convert_fusion.kd",2,8,3178,1263855,1263855,1,1,0,0,4,4,16,64,"0x0","0x7f0abb6c9b00",4181245322114121,4181245322629847,4181245322634133,4181245322636879,4286
2847,"input_reduce_reduce_window_fusion_3.kd",2,8,3181,1263855,1263855,9728,256,0,0,28,4,48,64,"0x0","0x7f0abb6c9000",4181245322230144,4181245322647072,4181245322657488,4181245322670529,10416
2848,"loop_reduce_window_fusion_11.kd",2,8,3182,1263855,1263855,1536,256,0,0,8,0,16,64,"0x0","0x7f0abb6c9040",4181245322238256,4181245322657488,4181245322664538,4181245322677299,7050
2849,"loop_slice_fusion_5.kd",2,8,3183,1263855,1263855,6,6,0,0,20,4,16,64,"0x0","0x7f0abb6c9080",4181245322246919,4181245322664538,4181245322669506,4181245322683448,4968
2850,"loop_broadcast_fusion_2.kd",2,8,3184,1263855,1263855,24064,256,0,0,4,4,16,64,"0x0","0x7f0abb6c90c0",4181245322254630,4181245322669506,4181245322674353,4181245322689457,4847
2851,"input_scatter_fusion_2.kd",2,8,3185,1263855,1263855,24064,256,0,0,12,4,32,64,"0x0","0x7f0abb6c9100",4181245322262281,4181245322674353,4181245322681283,4181245322695566,6930
2852,"loop_reduce_window_fusion_10.kd",2,8,3186,1263855,1263855,24064,256,0,0,8,0,16,64,"0x0","0x7f0abb6c9140",4181245322268551,4181245322681283,4181245322686130,4181245322701334,4847
2853,"loop_reduce_window_fusion_11.kd",2,8,3187,1263855,1263855,1536,256,0,0,8,0,16,64,"0x0","0x7f0abb6c9040",4181245322275161,4181245322686130,4181245322691058,4181245322707484,4928
2854,"loop_slice_fusion_4.kd",2,8,3188,1263855,1263855,94,94,0,0,24,0,16,64,"0x0","0x7f0abb6c9180",4181245322282742,4181245322691058,4181245322696546,4181245322713372,5488
2855,"input_reduce_fusion_1.kd",2,8,3189,1263855,1263855,64,64,0,0,8,0,16,64,"0x0","0x7f0abb6c91c0",4181245322289682,4181245322696546,4181245322701273,4181245322720423,4727
2856,"loop_select_fusion_5.kd",2,8,3190,1263855,1263855,24064,256,0,0,8,0,32,64,"0x0","0x7f0abb6c9200",4181245322297384,4181245322701273,4181245322706401,4181245322726031,5128
2857,"loop_select_fusion_2.kd",2,8,3191,1263855,1263855,24064,256,0,0,4,4,16,64,"0x0","0x7f0abb6c9240",4181245322304084,4181245322706401,4181245322711248,4181245322731770,4847
2858,"loop_reduce_window_fusion_10.kd",2,8,3192,1263855,1263855,24064,256,0,0,8,0,16,64,"0x0","0x7f0abb6c9140",4181245322311294,4181245322711248,4181245322716015,4181245322737759,4767
2859,"loop_reduce_window_fusion_11.kd",2,8,3193,1263855,1263855,1536,256,0,0,8,0,16,64,"0x0","0x7f0abb6c9040",4181245322317854,4181245322716015,4181245322720902,4181245322743607,4887
2860,"loop_slice_fusion_5.kd",2,8,3194,1263855,1263855,6,6,0,0,20,4,16,64,"0x0","0x7f0abb6c9080",4181245322325325,4181245322720902,4181245322725589,4181245322749336,4687
2861,"input_concatenate_fusion.kd",2,8,3195,1263855,1263855,24064,256,0,0,12,4,32,64,"0x0","0x7f0abb6c9280",4181245322331705,4181245322725589,4181245322731117,4181245322755034,5528
2862,"input_reduce_reduce_window_fusion.kd",2,8,3196,1263855,1263855,11264,256,0,0,36,4,48,64,"0x0","0x7f0abb6c92c0",4181245322339256,4181245322731117,4181245322742414,4181245322760753,11297
2863,"loop_reduce_window_fusion_2.kd",2,8,3197,1263855,1263855,1792,256,0,0,8,0,16,64,"0x0","0x7f0abb6c9300",4181245322346066,4181245322742414,4181245322747462,4181245322767002,5048
2864,"loop_slice_fusion_7.kd",2,8,3198,1263855,1263855,7,7,0,0,20,4,16,64,"0x0","0x7f0abb6c9340",4181245322353457,4181245322747462,4181245322752109,4181245322773091,4647
2865,"loop_broadcast_fusion.kd",2,8,3199,1263855,1263855,28160,256,0,0,4,4,16,64,"0x0","0x7f0abb6c9380",4181245322360508,4181245322752109,4181245322757196,4181245322779070,5087
2866,"input_scatter_fusion.kd",2,8,3200,1263855,1263855,28160,256,0,0,12,4,32,64,"0x0","0x7f0abb6c93c0",4181245322368149,4181245322757196,4181245322764327,4181245322784789,7131
2867,"loop_reduce_window_fusion_1.kd",2,8,3201,1263855,1263855,28160,256,0,0,8,0,16,64,"0x0","0x7f0abb6c9400",4181245322375420,4181245322764327,4181245322769214,4181245322815294,4887
2868,"loop_reduce_window_fusion_2.kd",2,8,3202,1263855,1263855,1792,256,0,0,8,0,16,64,"0x0","0x7f0abb6c9300",4181245322382010,4181245322769214,4181245322774462,4181245322809345,5248
2869,"loop_slice_fusion_7.kd",2,8,3203,1263855,1263855,7,7,0,0,20,4,16,64,"0x0","0x7f0abb6c9340",4181245322388780,4181245322774462,4181245322779269,4181245322803566,4807
2870,"loop_slice_fusion_3.kd",2,8,3204,1263855,1263855,110,110,0,0,8,0,16,64,"0x0","0x7f0abb6c9440",4181245322395389,4181245322779269,4181245322784036,4181245322798108,4767
2871,"input_reduce_fusion_2.kd",2,8,3205,1263855,1263855,64,64,0,0,8,0,16,64,"0x0","0x7f0abb6c9480",4181245322402680,4181245322784036,4181245322788763,4181245322792129,4727
2872,"loop_select_fusion_4.kd",2,8,3206,1263855,1263855,28160,256,0,0,8,0,32,64,"0x0","0x7f0abb6c94c0",4181245322410141,4181245322788763,4181245322793811,4181245322842224,5048
2873,"loop_select_fusion.kd",2,8,3207,1263855,1263855,28160,256,0,0,8,0,16,64,"0x0","0x7f0abb6c9500",4181245322416801,4181245322793811,4181245322798738,4181245322848523,4927
2874,"loop_compare_fusion_1.kd",2,8,3208,1263855,1263855,4096,256,0,0,4,4,16,64,"0x0","0x7f0abb6c9540",4181245322424172,4181245322798738,4181245322803585,4181245322830487,4847
2875,"input_reduce_reduce_window_fusion_2.kd",2,8,3209,1263855,1263855,256,256,512,0,20,4,32,64,"0x0","0x7f0abb6c9580",4181245322430852,4181245322803585,4181245322819609,4181245322825078,16024
2876,"loop_slice_fusion_1.kd",2,8,3210,1263855,1263855,16,16,0,0,20,4,16,64,"0x0","0x7f0abb6c95c0",4181245322438383,4181245322819609,4181245322824296,4181245322853771,4687
2877,"loop_broadcast_fusion_3.kd",2,8,3211,1263855,1263855,4096,256,0,0,4,4,16,64,"0x0","0x7f0abb6c9600",4181245322445854,4181245322824296,4181245322829303,4181245322859179,5007
2878,"input_scatter_fusion_3.kd",2,8,3212,1263855,1263855,4096,256,0,0,8,0,32,64,"0x0","0x7f0abb6c9640",4181245322452835,4181245322829303,4181245322835473,4181245322836005,6170
2879,"loop_reduce_window_fusion_13.kd",2,8,3213,1263855,1263855,4096,256,0,0,8,0,16,64,"0x0","0x7f0abb6c9680",4181245322475238,4181245322835473,4181245322840280,4181245322879219,4807
2880,"loop_slice_fusion_1.kd",2,8,3214,1263855,1263855,16,16,0,0,20,4,16,64,"0x0","0x7f0abb6c95c0",4181245322483861,4181245322840280,4181245322845007,4181245322883846,4727
2881,"loop_remainder_fusion.kd",2,8,3215,1263855,1263855,4096,256,0,0,12,4,16,64,"0x0","0x7f0abb6c96c0",4181245322490571,4181245322845007,4181245322850936,4181245322888643,5929
2882,"loop_select_fusion_3.kd",2,8,3216,1263855,1263855,4096,256,0,0,8,0,32,64,"0x0","0x7f0abb6c9700",4181245322498533,4181245322850936,4181245322855743,4181245322893010,4807
2883,"loop_reduce_window_fusion_13.kd",2,8,3217,1263855,1263855,4096,256,0,0,8,0,16,64,"0x0","0x7f0abb6c9680",4181245322505814,4181245322855743,4181245322860510,4181245322874712,4767
2884,"loop_slice_fusion_1.kd",2,8,3218,1263855,1263855,16,16,0,0,20,4,16,64,"0x0","0x7f0abb6c95c0",4181245322512554,4181245322860510,4181245322865237,4181245322868112,4727
2885,"input_concatenate_fusion_1.kd",2,8,3219,1263855,1263855,4096,256,0,0,8,0,32,64,"0x0","0x7f0abb6c9740",4181245322519814,4181245322865237,4181245322871286,4181245322908643,6049
2886,"loop_compare_fusion.kd",2,8,3220,1263855,1263855,8192,256,0,0,4,4,16,64,"0x0","0x7f0abb6c9780",4181245322526745,4181245322871286,4181245322876253,4181245322904306,4967
2887,"input_reduce_reduce_window_fusion_1.kd",2,8,3221,1263855,1263855,512,512,512,0,20,4,48,64,"0x0","0x7f0abb6c97c0",4181245322533445,4181245322876253,4181245322893359,4181245322899780,17106
2888,"loop_reduce_window_fusion_6.kd",2,8,3222,1263855,1263855,32,32,0,0,32,0,16,64,"0x0","0x7f0abb6c9800",4181245322540886,4181245322893359,4181245322902853,4181245322923845,9494
2889,"loop_broadcast_fusion_1.kd",2,8,3223,1263855,1263855,8192,256,0,0,4,4,16,64,"0x0","0x7f0abb6c9840",4181245322547666,4181245322902853,4181245322907900,4181245322919569,5047
2890,"input_scatter_fusion_1.kd",2,8,3224,1263855,1263855,8192,256,0,0,8,0,32,64,"0x0","0x7f0abb6c9880",4181245322554827,4181245322907900,4181245322913469,4181245322915233,5569
2891,"loop_reduce_window_fusion_5.kd",2,8,3225,1263855,1263855,8192,256,0,0,8,0,16,64,"0x0","0x7f0abb6c98c0",4181245322562418,4181245322913469,4181245322918516,4181245322940700,5047
2892,"loop_reduce_window_fusion_4.kd",2,8,3226,1263855,1263855,512,256,0,0,8,0,16,64,"0x0","0x7f0abb6c9900",4181245322569128,4181245322918516,4181245322923684,4181245322936084,5168
2893,"loop_reduce_window_fusion_3.kd",2,8,3227,1263855,1263855,32,32,0,0,8,0,16,64,"0x0","0x7f0abb6c9940",4181245322576699,4181245322923684,4181245322928411,4181245322930305,4727
2894,"loop_select_fusion_6.kd",2,8,3228,1263855,1263855,8192,256,0,0,8,0,32,64,"0x0","0x7f0abb6c9980",4181245322584831,4181245322928411,4181245322933498,4181245322955573,5087
2895,"loop_select_fusion_1.kd",2,8,3229,1263855,1263855,8192,256,0,0,8,0,16,64,"0x0","0x7f0abb6c99c0",4181245322591932,4181245322933498,4181245322938426,4181245322951517,4928
2896,"loop_broadcast_fusion_4.kd",2,8,3230,1263855,1263855,16,16,0,0,4,4,16,64,"0x0","0x7f0abb6c9a00",4181245322599523,4181245322938426,4181245322943473,4181245322945097,5047
2897,"__amd_rocclr_fillBufferAligned.kd",2,8,3231,1263855,1263855,77824,256,0,0,12,4,48,64,"0x0","0x7f2abbf33580",4181245322610920,4181245322943473,4181245322956813,4181245322959749,13340
2898,"__amd_rocclr_fillBufferAligned.kd",2,8,3232,1263855,1263855,16128,256,0,0,12,4,48,64,"0x0","0x7f2abbf33580",4181245322617350,4181245322956813,4181245322961740,4181245322966168,4927
2899,"transformer_engine::fused_attn_rocm::populate_rng_state_kernel(long*, long const*, long) [clone .kd]",2,8,3233,1263855,1263855,1,1,0,0,8,0,16,64,"0x0","0x7f1abba31380",4181245322654335,4181245322961740,4181245322966628,4181245322977685,4888
2900,"__amd_rocclr_fillBufferAligned.kd",2,8,3234,1263855,1263855,256,256,0,0,12,4,48,64,"0x0","0x7f2abbf33580",4181245322665151,4181245322966628,4181245322971355,4181245322972808,4727
2901,"ck_fused_attn::get_runtime_max_seqlen_kernel(unsigned long, int const*, int const*, unsigned long*) [clone .kd]",2,8,3235,1263855,1263855,4096,128,0,0,4,4,32,64,"0x0","0x7f1abba20940",4181245322671821,4181245322971355,4181245322977243,4181245322984285,5888
2902,"__amd_rocclr_copyBuffer.kd",2,8,3236,1263855,1263855,512,512,0,0,16,0,32,64,"0x7f32cafe8400","0x7f2abbf33600",4181245322833621,4181245322977243,4181245322982772,4181245322989132,5529
2903,"__amd_rocclr_fillBufferAligned.kd",2,8,3238,1263855,1263855,256,256,0,0,12,4,48,64,"0x0","0x7f2abbf33580",4181245323025366,4181245323034849,4181245323036652,4181245323059207,1803
2904,"ck_fused_attn::get_runtime_max_seqlen_kernel(unsigned long, int const*, int const*, unsigned long*) [clone .kd]",2,8,3239,1263855,1263855,4096,128,0,0,4,4,32,64,"0x0","0x7f1abba20940",4181245323033569,4181245323041499,4181245323047227,4181245323070894,5728
2905,"__amd_rocclr_copyBuffer.kd",2,8,3240,1263855,1263855,512,512,0,0,16,0,32,64,"0x7f32cafe8300","0x7f2abbf33600",4181245323041020,4181245323052235,4181245323056000,4181245323065696,3765
2906,"void transformer_engine::fused_attn_rocm::compute_scores_kernel<hip_bfloat16, transformer_engine::fused_attn_rocm::SmallSeqConfig<6, 128, 256, false, (transformer_engine::fused_attn_rocm::CausalMaskType)0>, 1>(hip_bfloat16 const*, hip_bfloat16 const*, hip_bfloat16*, float, int const*, int const*, int, int) [clone .kd]",2,8,3242,1263855,1263855,64000,64,0,0,112,0,48,64,"0x0","0x7f02bb54f5c0",4181245323082441,4181245323091734,4181245323121858,4181245323124504,30124
2907,"void transformer_engine::fused_attn_rocm::apply_mask_and_softmax_kernel<hip_bfloat16, transformer_engine::fused_attn_rocm::SmallSeqConfig<6, 128, 256, false, (transformer_engine::fused_attn_rocm::CausalMaskType)0> >(hip_bfloat16*, hip_bfloat16 const*, float, int const*, int, int) [clone .kd]",2,8,3243,1263855,1263855,390144,256,1024,0,12,4,16,64,"0x0","0x7f02bb54f600",4181245323091224,4181245323121858,4181245323127026,4181245323131074,5168
2908,"void transformer_engine::fused_attn_rocm::compute_output_kernel<hip_bfloat16, transformer_engine::fused_attn_rocm::SmallSeqConfig<6, 128, 256, false, (transformer_engine::fused_attn_rocm::CausalMaskType)0>, 2, 8>(hip_bfloat16 const*, hip_bfloat16 const*, hip_bfloat16*, int const*, int const*, int, int) [clone .kd]",2,8,3244,1263855,1263855,512000,64,12288,0,28,4,48,64,"0x0","0x7f02bb54f640",4181245323106387,4181245323127026,4181245323190440,4181245323197763,63414
2909,"loop_broadcast_fusion_5.kd",2,8,3245,1263855,1263855,2048000,256,0,0,4,4,16,64,"0x0","0x7f0abb6c9a40",4181245323115210,4181245323190440,4181245323198653,4181245323206336,8213
2910,"__amd_rocclr_fillBufferAligned.kd",2,8,3246,1263855,1263855,77824,256,0,0,12,4,48,64,"0x0","0x7f2abbf33580",4181245323133477,4181245323198653,4181245323205583,4181245323210732,6930
2911,"__amd_rocclr_fillBufferAligned.kd",2,8,3247,1263855,1263855,77824,256,0,0,12,4,48,64,"0x0","0x7f2abbf33580",4181245323140978,4181245323205583,4181245323223249,4181245323226646,17666
2912,"__amd_rocclr_fillBufferAligned.kd",2,8,3248,1263855,1263855,77824,256,0,0,12,4,48,64,"0x0","0x7f2abbf33580",4181245323146887,4181245323223249,4181245323240755,4181245323241588,17506
2913,"__amd_rocclr_fillBufferAligned.kd",2,8,3249,1263855,1263855,256,256,0,0,12,4,48,64,"0x0","0x7f2abbf33580",4181245323155760,4181245323240755,4181245323245442,4181245323248448,4687
2914,"ck_fused_attn::get_runtime_max_seqlen_kernel(unsigned long, int const*, int const*, unsigned long*) [clone .kd]",2,8,3250,1263855,1263855,4096,128,0,0,4,4,32,64,"0x0","0x7f1abba20940",4181245323162470,4181245323245442,4181245323251371,4181245323256650,5929
2915,"__amd_rocclr_copyBuffer.kd",2,8,3251,1263855,1263855,512,512,0,0,16,0,32,64,"0x7f32cafe8200","0x7f2abbf33600",4181245323169180,4181245323251371,4181245323256619,4181245323261297,5248
2916,"__amd_rocclr_fillBufferAligned.kd",2,8,3253,1263855,1263855,256,256,0,0,12,4,48,64,"0x0","0x7f2abbf33580",4181245323280005,4181245323291110,4181245323293233,4181245323295879,2123
2917,"ck_fused_attn::get_runtime_max_seqlen_kernel(unsigned long, int const*, int const*, unsigned long*) [clone .kd]",2,8,3254,1263855,1263855,4096,128,0,0,4,4,32,64,"0x0","0x7f1abba20940",4181245323290050,4181245323298882,4181245323307735,4181245323314406,8853
2918,"__amd_rocclr_copyBuffer.kd",2,8,3255,1263855,1263855,512,512,0,0,16,0,32,64,"0x7f32cae73880","0x7f2abbf33600",4181245323297761,4181245323307735,4181245323314265,4181245323319884,6530
2919,"void transformer_engine::fused_attn_rocm::compute_grad_v_kernel<hip_bfloat16, transformer_engine::fused_attn_rocm::SmallSeqConfig<6, 128, 256, false, (transformer_engine::fused_attn_rocm::CausalMaskType)0>, 16, 16>(hip_bfloat16 const*, hip_bfloat16 const*, hip_bfloat16*, int const*, int const*, int, int) [clone .kd]",2,8,3257,1263855,1263855,256000,64,12288,0,32,0,48,64,"0x0","0x7f02bb551100",4181245323335007,4181245323347634,4181245323486921,4181245323487484,139287
2920,"void transformer_engine::fused_attn_rocm::compute_grad_attn_kernel<hip_bfloat16, transformer_engine::fused_attn_rocm::SmallSeqConfig<6, 128, 256, false, (transformer_engine::fused_attn_rocm::CausalMaskType)0>, 16>(hip_bfloat16 const*, hip_bfloat16 const*, hip_bfloat16*, int const*, int const*, int, int) [clone .kd]",2,8,3258,1263855,1263855,8000,64,0,0,116,4,64,64,"0x0","0x7f02bb551140",4181245323346244,4181245323486921,4181245323719147,4181245323719349,232226
2921,"void transformer_engine::fused_attn_rocm::softmax_backward_kernel<hip_bfloat16, transformer_engine::fused_attn_rocm::SmallSeqConfig<6, 128, 256, false, (transformer_engine::fused_attn_rocm::CausalMaskType)0> >(hip_bfloat16 const*, hip_bfloat16 const*, hip_bfloat16*, float, int const*, int, int) [clone .kd]",2,8,3259,1263855,1263855,390144,256,1024,0,16,0,16,64,"0x0","0x7f02bb551180",4181245323353184,4181245323719147,4181245323724795,4181245323726740,5648
2922,"void transformer_engine::fused_attn_rocm::compute_grad_qk_kernel<hip_bfloat16, transformer_engine::fused_attn_rocm::SmallSeqConfig<6, 128, 256, false, (transformer_engine::fused_attn_rocm::CausalMaskType)0>, 4, 16>(hip_bfloat16 const*, hip_bfloat16 const*, hip_bfloat16 const*, hip_bfloat16*, hip_bfloat16*, float, int const*, int const*, int, int) [clone .kd]",2,8,3260,1263855,1263855,1024000,64,12288,0,36,4,48,64,"0x0","0x7f02bb5511c0",4181245323361306,4181245323724795,4181245323877021,4181245323877994,152226
2923,"input_reduce_fusion.kd",2,8,3261,1263855,1263855,524288,256,512,0,16,0,16,64,"0x0","0x7f0abb6c9a80",4181245323370940,4181245323877021,4181245323886516,4181245323891965,9495
2924,"input_reduce_fusion_3.kd",2,8,3262,1263855,1263855,128,128,512,0,24,0,16,64,"0x0","0x7f0abb6c9ac0",4181245323377781,4181245323886516,4181245323892284,4181245323902281,5768
2925,"loop_convert_fusion.kd",2,8,3263,1263855,1263855,1,1,0,0,4,4,16,64,"0x0","0x7f0abb6c9b00",4181245323384581,4181245323892284,4181245323896330,4181245323907689,4046
2926,"input_reduce_reduce_window_fusion_3.kd",2,8,3266,1263855,1263855,9728,256,0,0,28,4,48,64,"0x0","0x7f0abb6c9000",4181245323505631,4181245323908669,4181245323919685,4181245323920247,11016
2927,"loop_reduce_window_fusion_11.kd",2,8,3267,1263855,1263855,1536,256,0,0,8,0,16,64,"0x0","0x7f0abb6c9040",4181245323514664,4181245323919685,4181245323926976,4181245323935600,7291
2928,"loop_slice_fusion_5.kd",2,8,3268,1263855,1263855,6,6,0,0,20,4,16,64,"0x0","0x7f0abb6c9080",4181245323521404,4181245323926976,4181245323931903,4181245323941148,4927
2929,"loop_broadcast_fusion_2.kd",2,8,3269,1263855,1263855,24064,256,0,0,4,4,16,64,"0x0","0x7f0abb6c90c0",4181245323528124,4181245323931903,4181245323937592,4181245323947858,5689
2930,"input_scatter_fusion_2.kd",2,8,3270,1263855,1263855,24064,256,0,0,12,4,32,64,"0x0","0x7f0abb6c9100",4181245323535215,4181245323937592,4181245323944882,4181245323954238,7290
2931,"loop_reduce_window_fusion_10.kd",2,8,3271,1263855,1263855,24064,256,0,0,8,0,16,64,"0x0","0x7f0abb6c9140",4181245323542175,4181245323944882,4181245323949690,4181245323960046,4808
2932,"loop_reduce_window_fusion_11.kd",2,8,3272,1263855,1263855,1536,256,0,0,8,0,16,64,"0x0","0x7f0abb6c9040",4181245323548855,4181245323949690,4181245323954617,4181245323965985,4927
2933,"loop_slice_fusion_4.kd",2,8,3273,1263855,1263855,94,94,0,0,24,0,16,64,"0x0","0x7f0abb6c9180",4181245323555976,4181245323954617,4181245323959985,4181245323971944,5368
2934,"input_reduce_fusion_1.kd",2,8,3274,1263855,1263855,64,64,0,0,8,0,16,64,"0x0","0x7f0abb6c91c0",4181245323562265,4181245323959985,4181245323964752,4181245323977773,4767
2935,"loop_select_fusion_5.kd",2,8,3275,1263855,1263855,24064,256,0,0,8,0,32,64,"0x0","0x7f0abb6c9200",4181245323570097,4181245323964752,4181245323969799,4181245323986215,5047
2936,"loop_select_fusion_2.kd",2,8,3276,1263855,1263855,24064,256,0,0,4,4,16,64,"0x0","0x7f0abb6c9240",4181245323577457,4181245323969799,4181245323974687,4181245323992104,4888
2937,"loop_reduce_window_fusion_10.kd",2,8,3277,1263855,1263855,24064,256,0,0,8,0,16,64,"0x0","0x7f0abb6c9140",4181245323584658,4181245323974687,4181245323979454,4181245323997873,4767
2938,"loop_reduce_window_fusion_11.kd",2,8,3278,1263855,1263855,1536,256,0,0,8,0,16,64,"0x0","0x7f0abb6c9040",4181245323591248,4181245323979454,4181245323984221,4181245324003912,4767
2939,"loop_slice_fusion_5.kd",2,8,3279,1263855,1263855,6,6,0,0,20,4,16,64,"0x0","0x7f0abb6c9080",4181245323599040,4181245323984221,4181245323988948,4181245324009891,4727
2940,"input_concatenate_fusion.kd",2,8,3280,1263855,1263855,24064,256,0,0,12,4,32,64,"0x0","0x7f0abb6c9280",4181245323606100,4181245323988948,4181245323994717,4181245324015839,5769
2941,"input_reduce_reduce_window_fusion.kd",2,8,3281,1263855,1263855,11264,256,0,0,36,4,48,64,"0x0","0x7f0abb6c92c0",4181245323613341,4181245323994717,4181245324004972,4181245324021698,10255
2942,"loop_reduce_window_fusion_2.kd",2,8,3282,1263855,1263855,1792,256,0,0,8,0,16,64,"0x0","0x7f0abb6c9300",4181245323620041,4181245324004972,4181245324010139,4181245324027677,5167
2943,"loop_slice_fusion_7.kd",2,8,3283,1263855,1263855,7,7,0,0,20,4,16,64,"0x0","0x7f0abb6c9340",4181245323626751,4181245324010139,4181245324014947,4181245324033626,4808
2944,"loop_broadcast_fusion.kd",2,8,3284,1263855,1263855,28160,256,0,0,4,4,16,64,"0x0","0x7f0abb6c9380",4181245323633341,4181245324014947,4181245324019954,4181245324039525,5007
2945,"input_scatter_fusion.kd",2,8,3285,1263855,1263855,28160,256,0,0,12,4,32,64,"0x0","0x7f0abb6c93c0",4181245323640601,4181245324019954,4181245324027125,4181245324045494,7171
2946,"loop_reduce_window_fusion_1.kd",2,8,3286,1263855,1263855,28160,256,0,0,8,0,16,64,"0x0","0x7f0abb6c9400",4181245323647542,4181245324027125,4181245324031972,4181245324051342,4847
2947,"loop_reduce_window_fusion_2.kd",2,8,3287,1263855,1263855,1792,256,0,0,8,0,16,64,"0x0","0x7f0abb6c9300",4181245323654132,4181245324031972,4181245324036979,4181245324082469,5007
2948,"loop_slice_fusion_7.kd",2,8,3288,1263855,1263855,7,7,0,0,20,4,16,64,"0x0","0x7f0abb6c9340",4181245323661092,4181245324036979,4181245324041666,4181245324076580,4687
2949,"loop_slice_fusion_3.kd",2,8,3289,1263855,1263855,110,110,0,0,8,0,16,64,"0x0","0x7f0abb6c9440",4181245323668463,4181245324041666,4181245324046433,4181245324070220,4767
2950,"input_reduce_fusion_2.kd",2,8,3290,1263855,1263855,64,64,0,0,8,0,16,64,"0x0","0x7f0abb6c9480",4181245323676355,4181245324046433,4181245324051120,4181245324064171,4687
2951,"loop_select_fusion_4.kd",2,8,3291,1263855,1263855,28160,256,0,0,8,0,32,64,"0x0","0x7f0abb6c94c0",4181245323683155,4181245324051120,4181245324056168,4181245324058693,5048
2952,"loop_select_fusion.kd",2,8,3292,1263855,1263855,28160,256,0,0,8,0,16,64,"0x0","0x7f0abb6c9500",4181245323690626,4181245324056168,4181245324061135,4181245324107185,4967
2953,"loop_compare_fusion_1.kd",2,8,3293,1263855,1263855,4096,256,0,0,4,4,16,64,"0x0","0x7f0abb6c9540",4181245323698477,4181245324061135,4181245324065942,4181245324092293,4807
2954,"input_reduce_reduce_window_fusion_2.kd",2,8,3294,1263855,1263855,256,256,512,0,20,4,32,64,"0x0","0x7f0abb6c9580",4181245323704967,4181245324065942,4181245324081526,4181245324111662,15584
2955,"loop_slice_fusion_1.kd",2,8,3295,1263855,1263855,16,16,0,0,20,4,16,64,"0x0","0x7f0abb6c95c0",4181245323712008,4181245324081526,4181245324086293,4181245324116199,4767
2956,"loop_broadcast_fusion_3.kd",2,8,3296,1263855,1263855,4096,256,0,0,4,4,16,64,"0x0","0x7f0abb6c9600",4181245323717896,4181245324086293,4181245324091220,4181245324120695,4927
2957,"input_scatter_fusion_3.kd",2,8,3297,1263855,1263855,4096,256,0,0,8,0,32,64,"0x0","0x7f0abb6c9640",4181245323742092,4181245324091220,4181245324097389,4181245324125242,6169
2958,"loop_reduce_window_fusion_13.kd",2,8,3298,1263855,1263855,4096,256,0,0,8,0,16,64,"0x0","0x7f0abb6c9680",4181245323750214,4181245324097389,4181245324102196,4181245324130089,4807
2959,"loop_slice_fusion_1.kd",2,8,3299,1263855,1263855,16,16,0,0,20,4,16,64,"0x0","0x7f0abb6c95c0",4181245323757545,4181245324102196,4181245324106963,4181245324134606,4767
2960,"loop_remainder_fusion.kd",2,8,3300,1263855,1263855,4096,256,0,0,12,4,16,64,"0x0","0x7f0abb6c96c0",4181245323764756,4181245324106963,4181245324112892,4181245324141056,5929
2961,"loop_select_fusion_3.kd",2,8,3301,1263855,1263855,4096,256,0,0,8,0,32,64,"0x0","0x7f0abb6c9700",4181245323771877,4181245324112892,4181245324117699,4181245324145582,4807
2962,"loop_reduce_window_fusion_13.kd",2,8,3302,1263855,1263855,4096,256,0,0,8,0,16,64,"0x0","0x7f0abb6c9680",4181245323779628,4181245324117699,4181245324122426,4181245324150420,4727
2963,"loop_slice_fusion_1.kd",2,8,3303,1263855,1263855,16,16,0,0,20,4,16,64,"0x0","0x7f0abb6c95c0",4181245323786969,4181245324122426,4181245324127113,4181245324154896,4687
2964,"input_concatenate_fusion_1.kd",2,8,3304,1263855,1263855,4096,256,0,0,8,0,32,64,"0x0","0x7f0abb6c9740",4181245323793369,4181245324127113,4181245324132682,4181245324159543,5569
2965,"loop_compare_fusion.kd",2,8,3305,1263855,1263855,8192,256,0,0,4,4,16,64,"0x0","0x7f0abb6c9780",4181245323801100,4181245324132682,4181245324137569,4181245324163910,4887
2966,"input_reduce_reduce_window_fusion_1.kd",2,8,3306,1263855,1263855,512,512,512,0,20,4,48,64,"0x0","0x7f0abb6c97c0",4181245323808111,4181245324137569,4181245324154915,4181245324168256,17346
2967,"loop_reduce_window_fusion_6.kd",2,8,3307,1263855,1263855,32,32,0,0,32,0,16,64,"0x0","0x7f0abb6c9800",4181245323815021,4181245324154915,4181245324163287,4181245324172763,8372
2968,"loop_broadcast_fusion_1.kd",2,8,3308,1263855,1263855,8192,256,0,0,4,4,16,64,"0x0","0x7f0abb6c9840",4181245323822222,4181245324163287,4181245324168375,4181245324177129,5088
2969,"input_scatter_fusion_1.kd",2,8,3309,1263855,1263855,8192,256,0,0,8,0,32,64,"0x0","0x7f0abb6c9880",4181245323829833,4181245324168375,4181245324173743,4181245324181606,5368
2970,"loop_reduce_window_fusion_5.kd",2,8,3310,1263855,1263855,8192,256,0,0,8,0,16,64,"0x0","0x7f0abb6c98c0",4181245323836743,4181245324173743,4181245324178830,4181245324186333,5087
2971,"loop_reduce_window_fusion_4.kd",2,8,3311,1263855,1263855,512,256,0,0,8,0,16,64,"0x0","0x7f0abb6c9900",4181245323843754,4181245324178830,4181245324184078,4181245324190870,5248
2972,"loop_reduce_window_fusion_3.kd",2,8,3312,1263855,1263855,32,32,0,0,8,0,16,64,"0x0","0x7f0abb6c9940",4181245323849572,4181245324184078,4181245324188845,4181245324201385,4767
2973,"loop_select_fusion_6.kd",2,8,3313,1263855,1263855,8192,256,0,0,8,0,32,64,"0x0","0x7f0abb6c9980",4181245323857494,4181245324188845,4181245324193893,4181245324196949,5048
2974,"loop_select_fusion_1.kd",2,8,3314,1263855,1263855,8192,256,0,0,8,0,16,64,"0x0","0x7f0abb6c99c0",4181245323865025,4181245324193893,4181245324198820,4181245324216568,4927
2975,"loop_broadcast_fusion_4.kd",2,8,3315,1263855,1263855,16,16,0,0,4,4,16,64,"0x0","0x7f0abb6c9a00",4181245323872406,4181245324198820,4181245324203908,4181245324212292,5088
2976,"__amd_rocclr_fillBufferAligned.kd",2,8,3316,1263855,1263855,77824,256,0,0,12,4,48,64,"0x0","0x7f2abbf33580",4181245323884013,4181245324203908,4181245324217808,4181245324222998,13900
2977,"__amd_rocclr_fillBufferAligned.kd",2,8,3317,1263855,1263855,16128,256,0,0,12,4,48,64,"0x0","0x7f2abbf33580",4181245323898555,4181245324217808,4181245324222736,4181245324228736,4928
2978,"transformer_engine::fused_attn_rocm::populate_rng_state_kernel(long*, long const*, long) [clone .kd]",2,8,3318,1263855,1263855,1,1,0,0,8,0,16,64,"0x0","0x7f1abba31380",4181245323908390,4181245324222736,4181245324227623,4181245324238100,4887
2979,"__amd_rocclr_fillBufferAligned.kd",2,8,3319,1263855,1263855,256,256,0,0,12,4,48,64,"0x0","0x7f2abbf33580",4181245323924704,4181245324227623,4181245324232270,4181245324233623,4647
2980,"ck_fused_attn::get_runtime_max_seqlen_kernel(unsigned long, int const*, int const*, unsigned long*) [clone .kd]",2,8,3320,1263855,1263855,4096,128,0,0,4,4,32,64,"0x0","0x7f1abba20940",4181245323933006,4181245324232270,4181245324238118,4181245324249517,5848
2981,"__amd_rocclr_copyBuffer.kd",2,8,3321,1263855,1263855,512,512,0,0,16,0,32,64,"0x7f32cafe9f00","0x7f2abbf33600",4181245323941849,4181245324238118,4181245324243567,4181245324244409,5449
2982,"__amd_rocclr_fillBufferAligned.kd",2,8,3323,1263855,1263855,256,256,0,0,12,4,48,64,"0x0","0x7f2abbf33580",4181245324263948,4181245324274973,4181245324276816,4181245324315004,1843
2983,"ck_fused_attn::get_runtime_max_seqlen_kernel(unsigned long, int const*, int const*, unsigned long*) [clone .kd]",2,8,3324,1263855,1263855,4096,128,0,0,4,4,32,64,"0x0","0x7f1abba20940",4181245324282496,4181245324290476,4181245324296125,4181245324327353,5649
2984,"__amd_rocclr_copyBuffer.kd",2,8,3325,1263855,1263855,512,512,0,0,16,0,32,64,"0x7f32cafe9e00","0x7f2abbf33600",4181245324292751,4181245324300932,4181245324306861,4181245324320002,5929
2985,"void transformer_engine::fused_attn_rocm::compute_scores_kernel<hip_bfloat16, transformer_engine::fused_attn_rocm::SmallSeqConfig<6, 128, 256, false, (transformer_engine::fused_attn_rocm::CausalMaskType)0>, 1>(hip_bfloat16 const*, hip_bfloat16 const*, hip_bfloat16*, float, int const*, int const*, int, int) [clone .kd]",2,8,3327,1263855,1263855,64000,64,0,0,112,0,48,64,"0x0","0x7f02bb54f5c0",4181245324335775,4181245324345358,4181245324374041,4181245324378869,28683
2986,"void transformer_engine::fused_attn_rocm::apply_mask_and_softmax_kernel<hip_bfloat16, transformer_engine::fused_attn_rocm::SmallSeqConfig<6, 128, 256, false, (transformer_engine::fused_attn_rocm::CausalMaskType)0> >(hip_bfloat16*, hip_bfloat16 const*, float, int const*, int, int) [clone .kd]",2,8,3328,1263855,1263855,390144,256,1024,0,12,4,16,64,"0x0","0x7f02bb54f600",4181245324343677,4181245324374041,4181245324379008,4181245324385750,4967
2987,"void transformer_engine::fused_attn_rocm::compute_output_kernel<hip_bfloat16, transformer_engine::fused_attn_rocm::SmallSeqConfig<6, 128, 256, false, (transformer_engine::fused_attn_rocm::CausalMaskType)0>, 2, 8>(hip_bfloat16 const*, hip_bfloat16 const*, hip_bfloat16*, int const*, int const*, int, int) [clone .kd]",2,8,3329,1263855,1263855,512000,64,12288,0,28,4,48,64,"0x0","0x7f02bb54f640",4181245324360192,4181245324379008,4181245324443384,4181245324451868,64376
2988,"loop_broadcast_fusion_5.kd",2,8,3330,1263855,1263855,2048000,256,0,0,4,4,16,64,"0x0","0x7f0abb6c9a40",4181245324368554,4181245324443384,4181245324451636,4181245324458428,8252
2989,"__amd_rocclr_fillBufferAligned.kd",2,8,3331,1263855,1263855,77824,256,0,0,12,4,48,64,"0x0","0x7f2abbf33580",4181245324381573,4181245324451636,4181245324458526,4181245324463235,6890
2990,"__amd_rocclr_fillBufferAligned.kd",2,8,3332,1263855,1263855,77824,256,0,0,12,4,48,64,"0x0","0x7f2abbf33580",4181245324389495,4181245324458526,4181245324476313,4181245324479098,17787
2991,"__amd_rocclr_fillBufferAligned.kd",2,8,3333,1263855,1263855,77824,256,0,0,12,4,48,64,"0x0","0x7f2abbf33580",4181245324397557,4181245324476313,4181245324493939,4181245324494441,17626
2992,"__amd_rocclr_fillBufferAligned.kd",2,8,3334,1263855,1263855,256,256,0,0,12,4,48,64,"0x0","0x7f2abbf33580",4181245324405599,4181245324493939,4181245324498546,4181245324501121,4607
2993,"ck_fused_attn::get_runtime_max_seqlen_kernel(unsigned long, int const*, int const*, unsigned long*) [clone .kd]",2,8,3335,1263855,1263855,4096,128,0,0,4,4,32,64,"0x0","0x7f1abba20940",4181245324411498,4181245324498546,4181245324504475,4181245324507521,5929
2994,"__amd_rocclr_copyBuffer.kd",2,8,3336,1263855,1263855,512,512,0,0,16,0,32,64,"0x7f32cae72e80","0x7f2abbf33600",4181245324419830,4181245324504475,4181245324509762,4181245324515673,5287
2995,"__amd_rocclr_fillBufferAligned.kd",2,8,3338,1263855,1263855,256,256,0,0,12,4,48,64,"0x0","0x7f2abbf33580",4181245324531516,4181245324543933,4181245324546056,4181245324547831,2123
2996,"ck_fused_attn::get_runtime_max_seqlen_kernel(unsigned long, int const*, int const*, unsigned long*) [clone .kd]",2,8,3339,1263855,1263855,4096,128,0,0,4,4,32,64,"0x0","0x7f1abba20940",4181245324542182,4181245324550143,4181245324556151,4181245324557735,6008
2997,"__amd_rocclr_copyBuffer.kd",2,8,3340,1263855,1263855,512,512,0,0,16,0,32,64,"0x7f32cafe9c00","0x7f2abbf33600",4181245324549463,4181245324561279,4181245324566166,4181245324572808,4887
2998,"void transformer_engine::fused_attn_rocm::compute_grad_v_kernel<hip_bfloat16, transformer_engine::fused_attn_rocm::SmallSeqConfig<6, 128, 256, false, (transformer_engine::fused_attn_rocm::CausalMaskType)0>, 16, 16>(hip_bfloat16 const*, hip_bfloat16 const*, hip_bfloat16*, int const*, int const*, int, int) [clone .kd]",2,8,3342,1263855,1263855,256000,64,12288,0,32,0,48,64,"0x0","0x7f02bb551100",4181245324588842,4181245324598855,4181245324738022,4181245324741048,139167
2999,"void transformer_engine::fused_attn_rocm::compute_grad_attn_kernel<hip_bfloat16, transformer_engine::fused_attn_rocm::SmallSeqConfig<6, 128, 256, false, (transformer_engine::fused_attn_rocm::CausalMaskType)0>, 16>(hip_bfloat16 const*, hip_bfloat16 const*, hip_bfloat16*, int const*, int const*, int, int) [clone .kd]",2,8,3343,1263855,1263855,8000,64,0,0,116,4,64,64,"0x0","0x7f02bb551140",4181245324597515,4181245324738022,4181245324967804,4181245324969618,229782
3000,"void transformer_engine::fused_attn_rocm::softmax_backward_kernel<hip_bfloat16, transformer_engine::fused_attn_rocm::SmallSeqConfig<6, 128, 256, false, (transformer_engine::fused_attn_rocm::CausalMaskType)0> >(hip_bfloat16 const*, hip_bfloat16 const*, hip_bfloat16*, float, int const*, int, int) [clone .kd]",2,8,3344,1263855,1263855,390144,256,1024,0,16,0,16,64,"0x0","0x7f02bb551180",4181245324607189,4181245324967804,4181245324973732,4181245324977660,5928
3001,"void transformer_engine::fused_attn_rocm::compute_grad_qk_kernel<hip_bfloat16, transformer_engine::fused_attn_rocm::SmallSeqConfig<6, 128, 256, false, (transformer_engine::fused_attn_rocm::CausalMaskType)0>, 4, 16>(hip_bfloat16 const*, hip_bfloat16 const*, hip_bfloat16 const*, hip_bfloat16*, hip_bfloat16*, float, int const*, int const*, int, int) [clone .kd]",2,8,3345,1263855,1263855,1024000,64,12288,0,36,4,48,64,"0x0","0x7f02bb5511c0",4181245324614720,4181245324973732,4181245325134692,4181245325135004,160960
3002,"input_reduce_fusion.kd",2,8,3346,1263855,1263855,524288,256,512,0,16,0,16,64,"0x0","0x7f0abb6c9a80",4181245324622822,4181245325134692,4181245325144506,4181245325144518,9814
3003,"input_reduce_fusion_3.kd",2,8,3347,1263855,1263855,128,128,512,0,24,0,16,64,"0x0","0x7f0abb6c9ac0",4181245324630794,4181245325144506,4181245325150115,4181245325150547,5609
3004,"loop_convert_fusion.kd",2,8,3348,1263855,1263855,1,1,0,0,4,4,16,64,"0x0","0x7f0abb6c9b00",4181245324637654,4181245325150115,4181245325154481,4181245325156075,4366
3005,"input_reduce_reduce_window_fusion_3.kd",2,8,3351,1263855,1263855,9728,256,0,0,28,4,48,64,"0x0","0x7f0abb6c9000",4181245324757683,4181245325166018,4181245325177355,4181245325190116,11337
3006,"loop_reduce_window_fusion_11.kd",2,8,3352,1263855,1263855,1536,256,0,0,8,0,16,64,"0x0","0x7f0abb6c9040",4181245324766756,4181245325177355,4181245325183965,4181245325197156,6610
3007,"loop_slice_fusion_5.kd",2,8,3353,1263855,1263855,6,6,0,0,20,4,16,64,"0x0","0x7f0abb6c9080",4181245324774768,4181245325183965,4181245325189173,4181245325203055,5208
3008,"loop_broadcast_fusion_2.kd",2,8,3354,1263855,1263855,24064,256,0,0,4,4,16,64,"0x0","0x7f0abb6c90c0",4181245324781298,4181245325189173,4181245325194100,4181245325209425,4927
3009,"input_scatter_fusion_2.kd",2,8,3355,1263855,1263855,24064,256,0,0,12,4,32,64,"0x0","0x7f0abb6c9100",4181245324789370,4181245325194100,4181245325201071,4181245325215814,6971
3010,"loop_reduce_window_fusion_10.kd",2,8,3356,1263855,1263855,24064,256,0,0,8,0,16,64,"0x0","0x7f0abb6c9140",4181245324795769,4181245325201071,4181245325205958,4181245325221753,4887
3011,"loop_reduce_window_fusion_11.kd",2,8,3357,1263855,1263855,1536,256,0,0,8,0,16,64,"0x0","0x7f0abb6c9040",4181245324803050,4181245325205958,4181245325210965,4181245325227522,5007
3012,"loop_slice_fusion_4.kd",2,8,3358,1263855,1263855,94,94,0,0,24,0,16,64,"0x0","0x7f0abb6c9180",4181245324809780,4181245325210965,4181245325216293,4181245325233400,5328
3013,"input_reduce_fusion_1.kd",2,8,3359,1263855,1263855,64,64,0,0,8,0,16,64,"0x0","0x7f0abb6c91c0",4181245324817031,4181245325216293,4181245325221020,4181245325239079,4727
3014,"loop_select_fusion_5.kd",2,8,3360,1263855,1263855,24064,256,0,0,8,0,32,64,"0x0","0x7f0abb6c9200",4181245324824472,4181245325221020,4181245325226068,4181245325244797,5048
3015,"loop_select_fusion_2.kd",2,8,3361,1263855,1263855,24064,256,0,0,4,4,16,64,"0x0","0x7f0abb6c9240",4181245324832083,4181245325226068,4181245325230955,4181245325252579,4887
3016,"loop_reduce_window_fusion_10.kd",2,8,3362,1263855,1263855,24064,256,0,0,8,0,16,64,"0x0","0x7f0abb6c9140",4181245324838683,4181245325230955,4181245325235642,4181245325258778,4687
3017,"loop_reduce_window_fusion_11.kd",2,8,3363,1263855,1263855,1536,256,0,0,8,0,16,64,"0x0","0x7f0abb6c9040",4181245324845734,4181245325235642,4181245325240449,4181245325264667,4807
3018,"loop_slice_fusion_5.kd",2,8,3364,1263855,1263855,6,6,0,0,20,4,16,64,"0x0","0x7f0abb6c9080",4181245324851663,4181245325240449,4181245325245136,4181245325270375,4687
3019,"input_concatenate_fusion.kd",2,8,3365,1263855,1263855,24064,256,0,0,12,4,32,64,"0x0","0x7f0abb6c9280",4181245324858763,4181245325245136,4181245325250945,4181245325276524,5809
3020,"input_reduce_reduce_window_fusion.kd",2,8,3366,1263855,1263855,11264,256,0,0,36,4,48,64,"0x0","0x7f0abb6c92c0",4181245324865483,4181245325250945,4181245325261561,4181245325282423,10616
3021,"loop_reduce_window_fusion_2.kd",2,8,3367,1263855,1263855,1792,256,0,0,8,0,16,64,"0x0","0x7f0abb6c9300",4181245324872914,4181245325261561,4181245325266648,4181245325288552,5087
3022,"loop_slice_fusion_7.kd",2,8,3368,1263855,1263855,7,7,0,0,20,4,16,64,"0x0","0x7f0abb6c9340",4181245324879564,4181245325266648,4181245325271375,4181245325294621,4727
3023,"loop_broadcast_fusion.kd",2,8,3369,1263855,1263855,28160,256,0,0,4,4,16,64,"0x0","0x7f0abb6c9380",4181245324886094,4181245325271375,4181245325276463,4181245325300560,5088
3024,"input_scatter_fusion.kd",2,8,3370,1263855,1263855,28160,256,0,0,12,4,32,64,"0x0","0x7f0abb6c93c0",4181245324893114,4181245325276463,4181245325283994,4181245325306729,7531
3025,"loop_reduce_window_fusion_1.kd",2,8,3371,1263855,1263855,28160,256,0,0,8,0,16,64,"0x0","0x7f0abb6c9400",4181245324899814,4181245325283994,4181245325288841,4181245325331797,4847
3026,"loop_reduce_window_fusion_2.kd",2,8,3372,1263855,1263855,1792,256,0,0,8,0,16,64,"0x0","0x7f0abb6c9300",4181245324906484,4181245325288841,4181245325294009,4181245325326489,5168
3027,"loop_slice_fusion_7.kd",2,8,3373,1263855,1263855,7,7,0,0,20,4,16,64,"0x0","0x7f0abb6c9340",4181245324913114,4181245325294009,4181245325298776,4181245325319098,4767
3028,"loop_slice_fusion_3.kd",2,8,3374,1263855,1263855,110,110,0,0,8,0,16,64,"0x0","0x7f0abb6c9440",4181245324920926,4181245325298776,4181245325303503,4181245325313009,4727
3029,"input_reduce_fusion_2.kd",2,8,3375,1263855,1263855,64,64,0,0,8,0,16,64,"0x0","0x7f0abb6c9480",4181245324928367,4181245325303503,4181245325308270,4181245325369232,4767
3030,"loop_select_fusion_4.kd",2,8,3376,1263855,1263855,28160,256,0,0,8,0,32,64,"0x0","0x7f0abb6c94c0",4181245324935327,4181245325308270,4181245325313317,4181245325374751,5047
3031,"loop_select_fusion.kd",2,8,3377,1263855,1263855,28160,256,0,0,8,0,16,64,"0x0","0x7f0abb6c9500",4181245324942658,4181245325313317,4181245325318245,4181245325355732,4928
3032,"loop_compare_fusion_1.kd",2,8,3378,1263855,1263855,4096,256,0,0,4,4,16,64,"0x0","0x7f0abb6c9540",4181245324949548,4181245325318245,4181245325323012,4181245325341882,4767
3033,"input_reduce_reduce_window_fusion_2.kd",2,8,3379,1263855,1263855,256,256,512,0,20,4,32,64,"0x0","0x7f0abb6c9580",4181245324956949,4181245325323012,4181245325339076,4181245325380219,16064
3034,"loop_slice_fusion_1.kd",2,8,3380,1263855,1263855,16,16,0,0,20,4,16,64,"0x0","0x7f0abb6c95c0",4181245324964500,4181245325339076,4181245325343803,4181245325385937,4727
3035,"loop_broadcast_fusion_3.kd",2,8,3381,1263855,1263855,4096,256,0,0,4,4,16,64,"0x0","0x7f0abb6c9600",4181245324970900,4181245325343803,4181245325348770,4181245325391576,4967
3036,"input_scatter_fusion_3.kd",2,8,3382,1263855,1263855,4096,256,0,0,8,0,32,64,"0x0","0x7f0abb6c9640",4181245324992873,4181245325348770,4181245325355140,4181245325397605,6370
3037,"loop_reduce_window_fusion_13.kd",2,8,3383,1263855,1263855,4096,256,0,0,8,0,16,64,"0x0","0x7f0abb6c9680",4181245325000874,4181245325355140,4181245325359987,4181245325362763,4847
3038,"loop_slice_fusion_1.kd",2,8,3384,1263855,1263855,16,16,0,0,20,4,16,64,"0x0","0x7f0abb6c95c0",4181245325007635,4181245325359987,4181245325364754,4181245325419798,4767
3039,"loop_remainder_fusion.kd",2,8,3385,1263855,1263855,4096,256,0,0,12,4,16,64,"0x0","0x7f0abb6c96c0",4181245325015466,4181245325364754,4181245325370963,4181245325426007,6209
3040,"loop_select_fusion_3.kd",2,8,3386,1263855,1263855,4096,256,0,0,8,0,32,64,"0x0","0x7f0abb6c9700",4181245325022997,4181245325370963,4181245325375810,4181245325431946,4847
3041,"loop_reduce_window_fusion_13.kd",2,8,3387,1263855,1263855,4096,256,0,0,8,0,16,64,"0x0","0x7f0abb6c9680",4181245325030699,4181245325375810,4181245325380618,4181245325437514,4808
3042,"loop_slice_fusion_1.kd",2,8,3388,1263855,1263855,16,16,0,0,20,4,16,64,"0x0","0x7f0abb6c95c0",4181245325037459,4181245325380618,4181245325385305,4181245325442862,4687
3043,"input_concatenate_fusion_1.kd",2,8,3389,1263855,1263855,4096,256,0,0,8,0,32,64,"0x0","0x7f0abb6c9740",4181245325044359,4181245325385305,4181245325391153,4181245325412096,5848
3044,"loop_compare_fusion.kd",2,8,3390,1263855,1263855,8192,256,0,0,4,4,16,64,"0x0","0x7f0abb6c9780",4181245325051580,4181245325391153,4181245325396121,4181245325406778,4968
3045,"input_reduce_reduce_window_fusion_1.kd",2,8,3391,1263855,1263855,512,512,512,0,20,4,48,64,"0x0","0x7f0abb6c97c0",4181245325058891,4181245325396121,4181245325413066,4181245325465946,16945
3046,"loop_reduce_window_fusion_6.kd",2,8,3392,1263855,1263855,32,32,0,0,32,0,16,64,"0x0","0x7f0abb6c9800",4181245325065491,4181245325413066,4181245325423722,4181245325470703,10656
3047,"loop_broadcast_fusion_1.kd",2,8,3393,1263855,1263855,8192,256,0,0,4,4,16,64,"0x0","0x7f0abb6c9840",4181245325071570,4181245325423722,4181245325428809,4181245325475060,5087
3048,"input_scatter_fusion_1.kd",2,8,3394,1263855,1263855,8192,256,0,0,8,0,32,64,"0x0","0x7f0abb6c9880",4181245325079932,4181245325428809,4181245325434177,4181245325479366,5368
3049,"loop_reduce_window_fusion_5.kd",2,8,3395,1263855,1263855,8192,256,0,0,8,0,16,64,"0x0","0x7f0abb6c98c0",4181245325087303,4181245325434177,4181245325439265,4181245325461299,5088
3050,"loop_reduce_window_fusion_4.kd",2,8,3396,1263855,1263855,512,256,0,0,8,0,16,64,"0x0","0x7f0abb6c9900",4181245325095165,4181245325439265,4181245325444473,4181245325457013,5208
3051,"loop_reduce_window_fusion_3.kd",2,8,3397,1263855,1263855,32,32,0,0,8,0,16,64,"0x0","0x7f0abb6c9940",4181245325102826,4181245325444473,4181245325449240,4181245325451254,4767
3052,"loop_select_fusion_6.kd",2,8,3398,1263855,1263855,8192,256,0,0,8,0,32,64,"0x0","0x7f0abb6c9980",4181245325110147,4181245325449240,4181245325454327,4181245325505275,5087
3053,"loop_select_fusion_1.kd",2,8,3399,1263855,1263855,8192,256,0,0,8,0,16,64,"0x0","0x7f0abb6c99c0",4181245325117798,4181245325454327,4181245325459174,4181245325500798,4847
3054,"loop_broadcast_fusion_4.kd",2,8,3400,1263855,1263855,16,16,0,0,4,4,16,64,"0x0","0x7f0abb6c9a00",4181245325125189,4181245325459174,4181245325464182,4181245325491965,5008
3055,"__amd_rocclr_fillBufferAligned.kd",2,8,3401,1263855,1263855,77824,256,0,0,12,4,48,64,"0x0","0x7f2abbf33580",4181245325136176,4181245325464182,4181245325478723,4181245325496191,14541
3056,"__amd_rocclr_fillBufferAligned.kd",2,8,3402,1263855,1263855,16128,256,0,0,12,4,48,64,"0x0","0x7f2abbf33580",4181245325170697,4181245325478723,4181245325483771,4181245325486877,5048
3057,"transformer_engine::fused_attn_rocm::populate_rng_state_kernel(long*, long const*, long) [clone .kd]",2,8,3403,1263855,1263855,1,1,0,0,8,0,16,64,"0x0","0x7f1abba31380",4181245325180632,4181245325483771,4181245325488658,4181245325526626,4887
3058,"__amd_rocclr_fillBufferAligned.kd",2,8,3404,1263855,1263855,256,256,0,0,12,4,48,64,"0x0","0x7f2abbf33580",4181245325189996,4181245325488658,4181245325493345,4181245325511644,4687
3059,"ck_fused_attn::get_runtime_max_seqlen_kernel(unsigned long, int const*, int const*, unsigned long*) [clone .kd]",2,8,3405,1263855,1263855,4096,128,0,0,4,4,32,64,"0x0","0x7f1abba20940",4181245325354280,4181245325493345,4181245325499194,4181245325522020,5849
3060,"__amd_rocclr_copyBuffer.kd",2,8,3406,1263855,1263855,512,512,0,0,16,0,32,64,"0x7f32cafe9300","0x7f2abbf33600",4181245325412857,4181245325499194,4181245325504762,4181245325516852,5568
3061,"__amd_rocclr_fillBufferAligned.kd",2,8,3408,1263855,1263855,256,256,0,0,12,4,48,64,"0x0","0x7f2abbf33580",4181245325537823,4181245325555277,4181245325557240,4181245325583301,1963
3062,"ck_fused_attn::get_runtime_max_seqlen_kernel(unsigned long, int const*, int const*, unsigned long*) [clone .kd]",2,8,3409,1263855,1263855,4096,128,0,0,4,4,32,64,"0x0","0x7f1abba20940",4181245325554217,4181245325562248,4181245325570580,4181245325593175,8332
3063,"__amd_rocclr_copyBuffer.kd",2,8,3410,1263855,1263855,512,512,0,0,16,0,32,64,"0x7f32cae71d80","0x7f2abbf33600",4181245325562289,4181245325570580,4181245325576469,4181245325588328,5889
3064,"void transformer_engine::fused_attn_rocm::compute_scores_kernel<hip_bfloat16, transformer_engine::fused_attn_rocm::SmallSeqConfig<6, 128, 256, false, (transformer_engine::fused_attn_rocm::CausalMaskType)0>, 1>(hip_bfloat16 const*, hip_bfloat16 const*, hip_bfloat16*, float, int const*, int const*, int, int) [clone .kd]",2,8,3412,1263855,1263855,64000,64,0,0,112,0,48,64,"0x0","0x7f02bb54f5c0",4181245325605674,4181245325614606,4181245325643128,4181245325644642,28522
3065,"void transformer_engine::fused_attn_rocm::apply_mask_and_softmax_kernel<hip_bfloat16, transformer_engine::fused_attn_rocm::SmallSeqConfig<6, 128, 256, false, (transformer_engine::fused_attn_rocm::CausalMaskType)0> >(hip_bfloat16*, hip_bfloat16 const*, float, int const*, int, int) [clone .kd]",2,8,3413,1263855,1263855,390144,256,1024,0,12,4,16,64,"0x0","0x7f02bb54f600",4181245325613165,4181245325643128,4181245325648175,4181245325656169,5047
3066,"void transformer_engine::fused_attn_rocm::compute_output_kernel<hip_bfloat16, transformer_engine::fused_attn_rocm::SmallSeqConfig<6, 128, 256, false, (transformer_engine::fused_attn_rocm::CausalMaskType)0>, 2, 8>(hip_bfloat16 const*, hip_bfloat16 const*, hip_bfloat16*, int const*, int const*, int, int) [clone .kd]",2,8,3414,1263855,1263855,512000,64,12288,0,28,4,48,64,"0x0","0x7f02bb54f640",4181245325621287,4181245325648175,4181245325711430,4181245325717430,63255
3067,"loop_broadcast_fusion_5.kd",2,8,3415,1263855,1263855,2048000,256,0,0,4,4,16,64,"0x0","0x7f0abb6c9a40",4181245325639544,4181245325711430,4181245325719602,4181245325723750,8172
3068,"__amd_rocclr_fillBufferAligned.kd",2,8,3416,1263855,1263855,77824,256,0,0,12,4,48,64,"0x0","0x7f2abbf33580",4181245325656099,4181245325719602,4181245325726492,4181245325728577,6890
3069,"__amd_rocclr_fillBufferAligned.kd",2,8,3417,1263855,1263855,77824,256,0,0,12,4,48,64,"0x0","0x7f2abbf33580",4181245325669289,4181245325726492,4181245325744399,4181245325752552,17907
3070,"__amd_rocclr_fillBufferAligned.kd",2,8,3418,1263855,1263855,77824,256,0,0,12,4,48,64,"0x0","0x7f2abbf33580",4181245325676559,4181245325744399,4181245325761824,4181245325772863,17425
3071,"__amd_rocclr_fillBufferAligned.kd",2,8,3419,1263855,1263855,256,256,0,0,12,4,48,64,"0x0","0x7f2abbf33580",4181245325683680,4181245325761824,4181245325766391,4181245325768136,4567
3072,"ck_fused_attn::get_runtime_max_seqlen_kernel(unsigned long, int const*, int const*, unsigned long*) [clone .kd]",2,8,3420,1263855,1263855,4096,128,0,0,4,4,32,64,"0x0","0x7f1abba20940",4181245325690120,4181245325766391,4181245325772400,4181245325784941,6009
3073,"__amd_rocclr_copyBuffer.kd",2,8,3421,1263855,1263855,512,512,0,0,16,0,32,64,"0x7f32cafe9800","0x7f2abbf33600",4181245325697951,4181245325772400,4181245325778169,4181245325779803,5769
3074,"__amd_rocclr_fillBufferAligned.kd",2,8,3423,1263855,1263855,256,256,0,0,12,4,48,64,"0x0","0x7f2abbf33580",4181245325796017,4181245325808614,4181245325810737,4181245325812862,2123
3075,"ck_fused_attn::get_runtime_max_seqlen_kernel(unsigned long, int const*, int const*, unsigned long*) [clone .kd]",2,8,3424,1263855,1263855,4096,128,0,0,4,4,32,64,"0x0","0x7f1abba20940",4181245325808396,4181245325818228,4181245325827763,4181245325832001,9535
3076,"__amd_rocclr_copyBuffer.kd",2,8,3425,1263855,1263855,512,512,0,0,16,0,32,64,"0x7f32cafe9780","0x7f2abbf33600",4181245325816918,4181245325827763,4181245325833211,4181245325837429,5448
3077,"void transformer_engine::fused_attn_rocm::compute_grad_v_kernel<hip_bfloat16, transformer_engine::fused_attn_rocm::SmallSeqConfig<6, 128, 256, false, (transformer_engine::fused_attn_rocm::CausalMaskType)0>, 16, 16>(hip_bfloat16 const*, hip_bfloat16 const*, hip_bfloat16*, int const*, int const*, int, int) [clone .kd]",2,8,3427,1263855,1263855,256000,64,12288,0,32,0,48,64,"0x0","0x7f02bb551100",4181245325852521,4181245325863135,4181245325999458,4181245326000902,136323
3078,"void transformer_engine::fused_attn_rocm::compute_grad_attn_kernel<hip_bfloat16, transformer_engine::fused_attn_rocm::SmallSeqConfig<6, 128, 256, false, (transformer_engine::fused_attn_rocm::CausalMaskType)0>, 16>(hip_bfloat16 const*, hip_bfloat16 const*, hip_bfloat16*, int const*, int const*, int, int) [clone .kd]",2,8,3428,1263855,1263855,8000,64,0,0,116,4,64,64,"0x0","0x7f02bb551140",4181245325861484,4181245325999458,4181245326231042,4181245326233207,231584
3079,"void transformer_engine::fused_attn_rocm::softmax_backward_kernel<hip_bfloat16, transformer_engine::fused_attn_rocm::SmallSeqConfig<6, 128, 256, false, (transformer_engine::fused_attn_rocm::CausalMaskType)0> >(hip_bfloat16 const*, hip_bfloat16 const*, hip_bfloat16*, float, int const*, int, int) [clone .kd]",2,8,3429,1263855,1263855,390144,256,1024,0,16,0,16,64,"0x0","0x7f02bb551180",4181245325870618,4181245326231042,4181245326237332,4181245326241169,6290
3080,"void transformer_engine::fused_attn_rocm::compute_grad_qk_kernel<hip_bfloat16, transformer_engine::fused_attn_rocm::SmallSeqConfig<6, 128, 256, false, (transformer_engine::fused_attn_rocm::CausalMaskType)0>, 4, 16>(hip_bfloat16 const*, hip_bfloat16 const*, hip_bfloat16 const*, hip_bfloat16*, hip_bfloat16*, float, int const*, int const*, int, int) [clone .kd]",2,8,3430,1263855,1263855,1024000,64,12288,0,36,4,48,64,"0x0","0x7f02bb5511c0",4181245325879211,4181245326237332,4181245326402017,4181245326417461,164685
3081,"input_reduce_fusion.kd",2,8,3431,1263855,1263855,524288,256,512,0,16,0,16,64,"0x0","0x7f0abb6c9a80",4181245325887203,4181245326402017,4181245326411471,4181245326428358,9454
3082,"input_reduce_fusion_3.kd",2,8,3432,1263855,1263855,128,128,512,0,24,0,16,64,"0x0","0x7f0abb6c9ac0",4181245325894934,4181245326411471,4181245326417199,4181245326435749,5728
3083,"loop_convert_fusion.kd",2,8,3433,1263855,1263855,1,1,0,0,4,4,16,64,"0x0","0x7f0abb6c9b00",4181245325902265,4181245326417199,4181245326421486,4181245326442138,4287
3084,"input_reduce_reduce_window_fusion_3.kd",2,8,3436,1263855,1263855,9728,256,0,0,28,4,48,64,"0x0","0x7f0abb6c9000",4181245326026219,4181245326433063,4181245326443839,4181245326453685,10776
3085,"loop_reduce_window_fusion_11.kd",2,8,3437,1263855,1263855,1536,256,0,0,8,0,16,64,"0x0","0x7f0abb6c9040",4181245326035433,4181245326443839,4181245326450889,4181245326459594,7050
3086,"loop_slice_fusion_5.kd",2,8,3438,1263855,1263855,6,6,0,0,20,4,16,64,"0x0","0x7f0abb6c9080",4181245326042524,4181245326450889,4181245326456057,4181245326465893,5168
3087,"loop_broadcast_fusion_2.kd",2,8,3439,1263855,1263855,24064,256,0,0,4,4,16,64,"0x0","0x7f0abb6c90c0",4181245326049564,4181245326456057,4181245326461785,4181245326471972,5728
3088,"input_scatter_fusion_2.kd",2,8,3440,1263855,1263855,24064,256,0,0,12,4,32,64,"0x0","0x7f0abb6c9100",4181245326056885,4181245326461785,4181245326467955,4181245326477921,6170
3089,"loop_reduce_window_fusion_10.kd",2,8,3441,1263855,1263855,24064,256,0,0,8,0,16,64,"0x0","0x7f0abb6c9140",4181245326063595,4181245326467955,4181245326472802,4181245326483640,4847
3090,"loop_reduce_window_fusion_11.kd",2,8,3442,1263855,1263855,1536,256,0,0,8,0,16,64,"0x0","0x7f0abb6c9040",4181245326070525,4181245326472802,4181245326477769,4181245326489398,4967
3091,"loop_slice_fusion_4.kd",2,8,3443,1263855,1263855,94,94,0,0,24,0,16,64,"0x0","0x7f0abb6c9180",4181245326077616,4181245326477769,4181245326482977,4181245326495337,5208
3092,"input_reduce_fusion_1.kd",2,8,3444,1263855,1263855,64,64,0,0,8,0,16,64,"0x0","0x7f0abb6c91c0",4181245326085027,4181245326482977,4181245326487744,4181245326501516,4767
3093,"loop_select_fusion_5.kd",2,8,3445,1263855,1263855,24064,256,0,0,8,0,32,64,"0x0","0x7f0abb6c9200",4181245326092999,4181245326487744,4181245326492792,4181245326507585,5048
3094,"loop_select_fusion_2.kd",2,8,3446,1263855,1263855,24064,256,0,0,4,4,16,64,"0x0","0x7f0abb6c9240",4181245326100620,4181245326492792,4181245326497679,4181245326514996,4887
3095,"loop_reduce_window_fusion_10.kd",2,8,3447,1263855,1263855,24064,256,0,0,8,0,16,64,"0x0","0x7f0abb6c9140",4181245326107130,4181245326497679,4181245326502366,4181245326520915,4687
3096,"loop_reduce_window_fusion_11.kd",2,8,3448,1263855,1263855,1536,256,0,0,8,0,16,64,"0x0","0x7f0abb6c9040",4181245326114120,4181245326502366,4181245326507213,4181245326526784,4847
3097,"loop_slice_fusion_5.kd",2,8,3449,1263855,1263855,6,6,0,0,20,4,16,64,"0x0","0x7f0abb6c9080",4181245326121061,4181245326507213,4181245326511980,4181245326532833,4767
3098,"input_concatenate_fusion.kd",2,8,3450,1263855,1263855,24064,256,0,0,12,4,32,64,"0x0","0x7f0abb6c9280",4181245326127921,4181245326511980,4181245326517789,4181245326538481,5809
3099,"input_reduce_reduce_window_fusion.kd",2,8,3451,1263855,1263855,11264,256,0,0,36,4,48,64,"0x0","0x7f0abb6c92c0",4181245326135482,4181245326517789,4181245326528405,4181245326544000,10616
3100,"loop_reduce_window_fusion_2.kd",2,8,3452,1263855,1263855,1792,256,0,0,8,0,16,64,"0x0","0x7f0abb6c9300",4181245326142292,4181245326528405,4181245326533572,4181245326550059,5167
3101,"loop_slice_fusion_7.kd",2,8,3453,1263855,1263855,7,7,0,0,20,4,16,64,"0x0","0x7f0abb6c9340",4181245326149092,4181245326533572,4181245326538259,4181245326555787,4687
3102,"loop_broadcast_fusion.kd",2,8,3454,1263855,1263855,28160,256,0,0,4,4,16,64,"0x0","0x7f0abb6c9380",4181245326155952,4181245326538259,4181245326543307,4181245326561425,5048
3103,"input_scatter_fusion.kd",2,8,3455,1263855,1263855,28160,256,0,0,12,4,32,64,"0x0","0x7f0abb6c93c0",4181245326163103,4181245326543307,4181245326550437,4181245326567304,7130
3104,"loop_reduce_window_fusion_1.kd",2,8,3456,1263855,1263855,28160,256,0,0,8,0,16,64,"0x0","0x7f0abb6c9400",4181245326170925,4181245326550437,4181245326555365,4181245326584970,4928
3105,"loop_reduce_window_fusion_2.kd",2,8,3457,1263855,1263855,1792,256,0,0,8,0,16,64,"0x0","0x7f0abb6c9300",4181245326177114,4181245326555365,4181245326560532,4181245326579302,5167
3106,"loop_slice_fusion_7.kd",2,8,3458,1263855,1263855,7,7,0,0,20,4,16,64,"0x0","0x7f0abb6c9340",4181245326184134,4181245326560532,4181245326565179,4181245326573283,4647
3107,"loop_slice_fusion_3.kd",2,8,3459,1263855,1263855,110,110,0,0,8,0,16,64,"0x0","0x7f0abb6c9440",4181245326190664,4181245326565179,4181245326569946,4181245326620293,4767
3108,"input_reduce_fusion_2.kd",2,8,3460,1263855,1263855,64,64,0,0,8,0,16,64,"0x0","0x7f0abb6c9480",4181245326198175,4181245326569946,4181245326574633,4181245326614434,4687
3109,"loop_select_fusion_4.kd",2,8,3461,1263855,1263855,28160,256,0,0,8,0,32,64,"0x0","0x7f0abb6c94c0",4181245326205176,4181245326574633,4181245326579641,4181245326608786,5008
3110,"loop_select_fusion.kd",2,8,3462,1263855,1263855,28160,256,0,0,8,0,16,64,"0x0","0x7f0abb6c9500",4181245326211946,4181245326579641,4181245326584608,4181245326602436,4967
3111,"loop_compare_fusion_1.kd",2,8,3463,1263855,1263855,4096,256,0,0,4,4,16,64,"0x0","0x7f0abb6c9540",4181245326218846,4181245326584608,4181245326589455,4181245326596087,4847
3112,"input_reduce_reduce_window_fusion_2.kd",2,8,3464,1263855,1263855,256,256,512,0,20,4,32,64,"0x0","0x7f0abb6c9580",4181245326226367,4181245326589455,4181245326604798,4181245326628846,15343
3113,"loop_slice_fusion_1.kd",2,8,3465,1263855,1263855,16,16,0,0,20,4,16,64,"0x0","0x7f0abb6c95c0",4181245326234199,4181245326604798,4181245326609565,4181245326652481,4767
3114,"loop_broadcast_fusion_3.kd",2,8,3466,1263855,1263855,4096,256,0,0,4,4,16,64,"0x0","0x7f0abb6c9600",4181245326256652,4181245326609565,4181245326614533,4181245326648064,4968
3115,"input_scatter_fusion_3.kd",2,8,3467,1263855,1263855,4096,256,0,0,8,0,32,64,"0x0","0x7f0abb6c9640",4181245326264003,4181245326614533,4181245326620622,4181245326643427,6089
3116,"loop_reduce_window_fusion_13.kd",2,8,3468,1263855,1263855,4096,256,0,0,8,0,16,64,"0x0","0x7f0abb6c9680",4181245326271374,4181245326620622,4181245326625469,4181245326639071,4847
3117,"loop_slice_fusion_1.kd",2,8,3469,1263855,1263855,16,16,0,0,20,4,16,64,"0x0","0x7f0abb6c95c0",4181245326278344,4181245326625469,4181245326630196,4181245326634334,4727
3118,"loop_remainder_fusion.kd",2,8,3470,1263855,1263855,4096,256,0,0,12,4,16,64,"0x0","0x7f0abb6c96c0",4181245326285515,4181245326630196,4181245326636205,4181245326679792,6009
3119,"loop_select_fusion_3.kd",2,8,3471,1263855,1263855,4096,256,0,0,8,0,32,64,"0x0","0x7f0abb6c9700",4181245326293397,4181245326636205,4181245326641092,4181245326675095,4887
3120,"loop_reduce_window_fusion_13.kd",2,8,3472,1263855,1263855,4096,256,0,0,8,0,16,64,"0x0","0x7f0abb6c9680",4181245326300908,4181245326641092,4181245326645859,4181245326670888,4767
3121,"loop_slice_fusion_1.kd",2,8,3473,1263855,1263855,16,16,0,0,20,4,16,64,"0x0","0x7f0abb6c95c0",4181245326307438,4181245326645859,4181245326650546,4181245326665230,4687
3122,"input_concatenate_fusion_1.kd",2,8,3474,1263855,1263855,4096,256,0,0,8,0,32,64,"0x0","0x7f0abb6c9740",4181245326314188,4181245326650546,4181245326656275,4181245326660192,5729
3123,"loop_compare_fusion.kd",2,8,3475,1263855,1263855,8192,256,0,0,4,4,16,64,"0x0","0x7f0abb6c9780",4181245326321429,4181245326656275,4181245326661242,4181245326691028,4967
3124,"input_reduce_reduce_window_fusion_1.kd",2,8,3476,1263855,1263855,512,512,512,0,20,4,48,64,"0x0","0x7f0abb6c97c0",4181245326328329,4181245326661242,4181245326678588,4181245326686331,17346
3125,"loop_reduce_window_fusion_6.kd",2,8,3477,1263855,1263855,32,32,0,0,32,0,16,64,"0x0","0x7f0abb6c9800",4181245326336140,4181245326678588,4181245326690446,4181245326701724,11858
3126,"loop_broadcast_fusion_1.kd",2,8,3478,1263855,1263855,8192,256,0,0,4,4,16,64,"0x0","0x7f0abb6c9840",4181245326343882,4181245326690446,4181245326695653,4181245326697388,5207
3127,"input_scatter_fusion_1.kd",2,8,3479,1263855,1263855,8192,256,0,0,8,0,32,64,"0x0","0x7f0abb6c9880",4181245326350612,4181245326695653,4181245326701222,4181245326712590,5569
3128,"loop_reduce_window_fusion_5.kd",2,8,3480,1263855,1263855,8192,256,0,0,8,0,16,64,"0x0","0x7f0abb6c98c0",4181245326358113,4181245326701222,4181245326706309,4181245326708314,5087
3129,"loop_reduce_window_fusion_4.kd",2,8,3481,1263855,1263855,512,256,0,0,8,0,16,64,"0x0","0x7f0abb6c9900",4181245326365274,4181245326706309,4181245326711557,4181245326723106,5248
3130,"loop_reduce_window_fusion_3.kd",2,8,3482,1263855,1263855,32,32,0,0,8,0,16,64,"0x0","0x7f0abb6c9940",4181245326372304,4181245326711557,4181245326716364,4181245326718830,4807
3131,"loop_select_fusion_6.kd",2,8,3483,1263855,1263855,8192,256,0,0,8,0,32,64,"0x0","0x7f0abb6c9980",4181245326379805,4181245326716364,4181245326721452,4181245326735875,5088
3132,"loop_select_fusion_1.kd",2,8,3484,1263855,1263855,8192,256,0,0,8,0,16,64,"0x0","0x7f0abb6c99c0",4181245326387126,4181245326721452,4181245326726339,4181245326729596,4887
3133,"loop_broadcast_fusion_4.kd",2,8,3485,1263855,1263855,16,16,0,0,4,4,16,64,"0x0","0x7f0abb6c9a00",4181245326393736,4181245326726339,4181245326731386,4181245326741664,5047
3134,"__amd_rocclr_fillBufferAligned.kd",2,8,3486,1263855,1263855,77824,256,0,0,12,4,48,64,"0x0","0x7f2abbf33580",4181245326405964,4181245326731386,4181245326745167,4181245326746361,13781
3135,"__amd_rocclr_fillBufferAligned.kd",2,8,3487,1263855,1263855,16128,256,0,0,12,4,48,64,"0x0","0x7f2abbf33580",4181245326412794,4181245326745167,4181245326750295,4181245326750577,5128
3136,"transformer_engine::fused_attn_rocm::populate_rng_state_kernel(long*, long const*, long) [clone .kd]",2,8,3488,1263855,1263855,1,1,0,0,8,0,16,64,"0x0","0x7f1abba31380",4181245326424261,4181245326750295,4181245326755182,4181245326757157,4887
3137,"__amd_rocclr_fillBufferAligned.kd",2,8,3489,1263855,1263855,256,256,0,0,12,4,48,64,"0x0","0x7f2abbf33580",4181245326434657,4181245326755182,4181245326759829,4181245326764387,4647
3138,"ck_fused_attn::get_runtime_max_seqlen_kernel(unsigned long, int const*, int const*, unsigned long*) [clone .kd]",2,8,3490,1263855,1263855,4096,128,0,0,4,4,32,64,"0x0","0x7f1abba20940",4181245326456710,4181245326759829,4181245326765677,4181245326771318,5848
3139,"__amd_rocclr_copyBuffer.kd",2,8,3491,1263855,1263855,512,512,0,0,16,0,32,64,"0x7f32cae72b00","0x7f2abbf33600",4181245326602627,4181245326765677,4181245326771166,4181245326776185,5489
3140,"__amd_rocclr_fillBufferAligned.kd",2,8,3493,1263855,1263855,256,256,0,0,12,4,48,64,"0x0","0x7f2abbf33580",4181245326810967,4181245326820279,4181245326822121,4181245326846540,1842
3141,"ck_fused_attn::get_runtime_max_seqlen_kernel(unsigned long, int const*, int const*, unsigned long*) [clone .kd]",2,8,3494,1263855,1263855,4096,128,0,0,4,4,32,64,"0x0","0x7f1abba20940",4181245326820611,4181245326829532,4181245326838466,4181245326856584,8934
3142,"__amd_rocclr_copyBuffer.kd",2,8,3495,1263855,1263855,512,512,0,0,16,0,32,64,"0x7f32cae73200","0x7f2abbf33600",4181245326828663,4181245326838466,4181245326843794,4181245326851517,5328
3143,"void transformer_engine::fused_attn_rocm::compute_scores_kernel<hip_bfloat16, transformer_engine::fused_attn_rocm::SmallSeqConfig<6, 128, 256, false, (transformer_engine::fused_attn_rocm::CausalMaskType)0>, 1>(hip_bfloat16 const*, hip_bfloat16 const*, hip_bfloat16*, float, int const*, int const*, int, int) [clone .kd]",2,8,3497,1263855,1263855,64000,64,0,0,112,0,48,64,"0x0","0x7f02bb54f5c0",4181245326868362,4181245326886777,4181245326917864,4181245326926749,31087
3144,"void transformer_engine::fused_attn_rocm::apply_mask_and_softmax_kernel<hip_bfloat16, transformer_engine::fused_attn_rocm::SmallSeqConfig<6, 128, 256, false, (transformer_engine::fused_attn_rocm::CausalMaskType)0> >(hip_bfloat16*, hip_bfloat16 const*, float, int const*, int, int) [clone .kd]",2,8,3498,1263855,1263855,390144,256,1024,0,12,4,16,64,"0x0","0x7f02bb54f600",4181245326886319,4181245326917864,4181245326923031,4181245326935973,5167
3145,"void transformer_engine::fused_attn_rocm::compute_output_kernel<hip_bfloat16, transformer_engine::fused_attn_rocm::SmallSeqConfig<6, 128, 256, false, (transformer_engine::fused_attn_rocm::CausalMaskType)0>, 2, 8>(hip_bfloat16 const*, hip_bfloat16 const*, hip_bfloat16*, int const*, int const*, int, int) [clone .kd]",2,8,3499,1263855,1263855,512000,64,12288,0,28,4,48,64,"0x0","0x7f02bb54f640",4181245326894060,4181245326923031,4181245326986726,4181245326991515,63695
3146,"loop_broadcast_fusion_5.kd",2,8,3500,1263855,1263855,2048000,256,0,0,4,4,16,64,"0x0","0x7f0abb6c9a40",4181245326902272,4181245326986726,4181245326994938,4181245326999587,8212
3147,"__amd_rocclr_fillBufferAligned.kd",2,8,3501,1263855,1263855,77824,256,0,0,12,4,48,64,"0x0","0x7f2abbf33580",4181245326914511,4181245326994938,4181245327001748,4181245327004474,6810
3148,"__amd_rocclr_fillBufferAligned.kd",2,8,3502,1263855,1263855,77824,256,0,0,12,4,48,64,"0x0","0x7f2abbf33580",4181245326920860,4181245327001748,4181245327019535,4181245327019887,17787
3149,"__amd_rocclr_fillBufferAligned.kd",2,8,3503,1263855,1263855,77824,256,0,0,12,4,48,64,"0x0","0x7f2abbf33580",4181245326929263,4181245327019535,4181245327036841,4181245327049011,17306
3150,"__amd_rocclr_fillBufferAligned.kd",2,8,3504,1263855,1263855,256,256,0,0,12,4,48,64,"0x0","0x7f2abbf33580",4181245326949212,4181245327036841,4181245327041568,4181245327044284,4727
3151,"ck_fused_attn::get_runtime_max_seqlen_kernel(unsigned long, int const*, int const*, unsigned long*) [clone .kd]",2,8,3505,1263855,1263855,4096,128,0,0,4,4,32,64,"0x0","0x7f1abba20940",4181245326956633,4181245327041568,4181245327047497,4181245327055681,5929
3152,"__amd_rocclr_copyBuffer.kd",2,8,3506,1263855,1263855,512,512,0,0,16,0,32,64,"0x7f32cafe9a00","0x7f2abbf33600",4181245326963433,4181245327047497,4181245327053265,4181245327060327,5768
3153,"__amd_rocclr_fillBufferAligned.kd",2,8,3508,1263855,1263855,256,256,0,0,12,4,48,64,"0x0","0x7f2abbf33580",4181245327076562,4181245327085433,4181245327087556,4181245327101078,2123
3154,"ck_fused_attn::get_runtime_max_seqlen_kernel(unsigned long, int const*, int const*, unsigned long*) [clone .kd]",2,8,3509,1263855,1263855,4096,128,0,0,4,4,32,64,"0x0","0x7f1abba20940",4181245327085926,4181245327098092,4181245327106785,4181245327108489,8693
3155,"__amd_rocclr_copyBuffer.kd",2,8,3510,1263855,1263855,512,512,0,0,16,0,32,64,"0x7f32cafe9200","0x7f2abbf33600",4181245327096882,4181245327106785,4181245327112593,4181245327114959,5808
3156,"void transformer_engine::fused_attn_rocm::compute_grad_v_kernel<hip_bfloat16, transformer_engine::fused_attn_rocm::SmallSeqConfig<6, 128, 256, false, (transformer_engine::fused_attn_rocm::CausalMaskType)0>, 16, 16>(hip_bfloat16 const*, hip_bfloat16 const*, hip_bfloat16*, int const*, int const*, int, int) [clone .kd]",2,8,3512,1263855,1263855,256000,64,12288,0,32,0,48,64,"0x0","0x7f02bb551100",4181245327129470,4181245327143199,4181245327282286,4181245327282578,139087
3157,"void transformer_engine::fused_attn_rocm::compute_grad_attn_kernel<hip_bfloat16, transformer_engine::fused_attn_rocm::SmallSeqConfig<6, 128, 256, false, (transformer_engine::fused_attn_rocm::CausalMaskType)0>, 16>(hip_bfloat16 const*, hip_bfloat16 const*, hip_bfloat16*, int const*, int const*, int, int) [clone .kd]",2,8,3513,1263855,1263855,8000,64,0,0,116,4,64,64,"0x0","0x7f02bb551140",4181245327141839,4181245327282286,4181245327516194,4181245327527943,233908
3158,"void transformer_engine::fused_attn_rocm::softmax_backward_kernel<hip_bfloat16, transformer_engine::fused_attn_rocm::SmallSeqConfig<6, 128, 256, false, (transformer_engine::fused_attn_rocm::CausalMaskType)0> >(hip_bfloat16 const*, hip_bfloat16 const*, hip_bfloat16*, float, int const*, int, int) [clone .kd]",2,8,3514,1263855,1263855,390144,256,1024,0,16,0,16,64,"0x0","0x7f02bb551180",4181245327149270,4181245327516194,4181245327521922,4181245327535434,5728
3159,"void transformer_engine::fused_attn_rocm::compute_grad_qk_kernel<hip_bfloat16, transformer_engine::fused_attn_rocm::SmallSeqConfig<6, 128, 256, false, (transformer_engine::fused_attn_rocm::CausalMaskType)0>, 4, 16>(hip_bfloat16 const*, hip_bfloat16 const*, hip_bfloat16 const*, hip_bfloat16*, hip_bfloat16*, float, int const*, int const*, int, int) [clone .kd]",2,8,3515,1263855,1263855,1024000,64,12288,0,36,4,48,64,"0x0","0x7f02bb5511c0",4181245327158013,4181245327521922,4181245327680718,4181245327689293,158796
3160,"input_reduce_fusion.kd",2,8,3516,1263855,1263855,524288,256,512,0,16,0,16,64,"0x0","0x7f0abb6c9a80",4181245327165574,4181245327680718,4181245327690172,4181245327696994,9454
3161,"input_reduce_fusion_3.kd",2,8,3517,1263855,1263855,128,128,512,0,24,0,16,64,"0x0","0x7f0abb6c9ac0",4181245327172594,4181245327690172,4181245327695901,4181245327703043,5729
3162,"loop_convert_fusion.kd",2,8,3518,1263855,1263855,1,1,0,0,4,4,16,64,"0x0","0x7f0abb6c9b00",4181245327178774,4181245327695901,4181245327700027,4181245327710575,4126
3163,"input_reduce_reduce_window_fusion_3.kd",2,8,3521,1263855,1263855,9728,256,0,0,28,4,48,64,"0x0","0x7f0abb6c9000",4181245327301156,4181245327713727,4181245327724463,4181245327724435,10736
3164,"loop_reduce_window_fusion_11.kd",2,8,3522,1263855,1263855,1536,256,0,0,8,0,16,64,"0x0","0x7f0abb6c9040",4181245327310480,4181245327724463,4181245327731994,4181245327738035,7531
3165,"loop_slice_fusion_5.kd",2,8,3523,1263855,1263855,6,6,0,0,20,4,16,64,"0x0","0x7f0abb6c9080",4181245327318311,4181245327731994,4181245327736962,4181245327744094,4968
3166,"loop_broadcast_fusion_2.kd",2,8,3524,1263855,1263855,24064,256,0,0,4,4,16,64,"0x0","0x7f0abb6c90c0",4181245327325121,4181245327736962,4181245327741849,4181245327749232,4887
3167,"input_scatter_fusion_2.kd",2,8,3525,1263855,1263855,24064,256,0,0,12,4,32,64,"0x0","0x7f0abb6c9100",4181245327333854,4181245327741849,4181245327748779,4181245327755622,6930
3168,"loop_reduce_window_fusion_10.kd",2,8,3526,1263855,1263855,24064,256,0,0,8,0,16,64,"0x0","0x7f0abb6c9140",4181245327340474,4181245327748779,4181245327753667,4181245327761560,4888
3169,"loop_reduce_window_fusion_11.kd",2,8,3527,1263855,1263855,1536,256,0,0,8,0,16,64,"0x0","0x7f0abb6c9040",4181245327347224,4181245327753667,4181245327758594,4181245327768040,4927
3170,"loop_slice_fusion_4.kd",2,8,3528,1263855,1263855,94,94,0,0,24,0,16,64,"0x0","0x7f0abb6c9180",4181245327354936,4181245327758594,4181245327763922,4181245327773829,5328
3171,"input_reduce_fusion_1.kd",2,8,3529,1263855,1263855,64,64,0,0,8,0,16,64,"0x0","0x7f0abb6c91c0",4181245327362867,4181245327763922,4181245327768649,4181245327779767,4727
3172,"loop_select_fusion_5.kd",2,8,3530,1263855,1263855,24064,256,0,0,8,0,32,64,"0x0","0x7f0abb6c9200",4181245327370228,4181245327768649,4181245327773737,4181245327785776,5088
3173,"loop_select_fusion_2.kd",2,8,3531,1263855,1263855,24064,256,0,0,4,4,16,64,"0x0","0x7f0abb6c9240",4181245327377549,4181245327773737,4181245327778584,4181245327792226,4847
3174,"loop_reduce_window_fusion_10.kd",2,8,3532,1263855,1263855,24064,256,0,0,8,0,16,64,"0x0","0x7f0abb6c9140",4181245327384530,4181245327778584,4181245327783311,4181245327799437,4727
3175,"loop_reduce_window_fusion_11.kd",2,8,3533,1263855,1263855,1536,256,0,0,8,0,16,64,"0x0","0x7f0abb6c9040",4181245327392001,4181245327783311,4181245327788198,4181245327805155,4887
3176,"loop_slice_fusion_5.kd",2,8,3534,1263855,1263855,6,6,0,0,20,4,16,64,"0x0","0x7f0abb6c9080",4181245327398911,4181245327788198,4181245327792965,4181245327810954,4767
3177,"input_concatenate_fusion.kd",2,8,3535,1263855,1263855,24064,256,0,0,12,4,32,64,"0x0","0x7f0abb6c9280",4181245327406242,4181245327792965,4181245327798573,4181245327816742,5608
3178,"input_reduce_reduce_window_fusion.kd",2,8,3536,1263855,1263855,11264,256,0,0,36,4,48,64,"0x0","0x7f0abb6c92c0",4181245327412872,4181245327798573,4181245327809390,4181245327822431,10817
3179,"loop_reduce_window_fusion_2.kd",2,8,3537,1263855,1263855,1792,256,0,0,8,0,16,64,"0x0","0x7f0abb6c9300",4181245327420283,4181245327809390,4181245327814437,4181245327828240,5047
3180,"loop_slice_fusion_7.kd",2,8,3538,1263855,1263855,7,7,0,0,20,4,16,64,"0x0","0x7f0abb6c9340",4181245327426973,4181245327814437,4181245327819164,4181245327834499,4727
3181,"loop_broadcast_fusion.kd",2,8,3539,1263855,1263855,28160,256,0,0,4,4,16,64,"0x0","0x7f0abb6c9380",4181245327434214,4181245327819164,4181245327824212,4181245327840708,5048
3182,"input_scatter_fusion.kd",2,8,3540,1263855,1263855,28160,256,0,0,12,4,32,64,"0x0","0x7f0abb6c93c0",4181245327441044,4181245327824212,4181245327831422,4181245327846847,7210
3183,"loop_reduce_window_fusion_1.kd",2,8,3541,1263855,1263855,28160,256,0,0,8,0,16,64,"0x0","0x7f0abb6c9400",4181245327449336,4181245327831422,4181245327836350,4181245327852646,4928
3184,"loop_reduce_window_fusion_2.kd",2,8,3542,1263855,1263855,1792,256,0,0,8,0,16,64,"0x0","0x7f0abb6c9300",4181245327455826,4181245327836350,4181245327841517,4181245327876561,5167
3185,"loop_slice_fusion_7.kd",2,8,3543,1263855,1263855,7,7,0,0,20,4,16,64,"0x0","0x7f0abb6c9340",4181245327463377,4181245327841517,4181245327846204,4181245327869872,4687
3186,"loop_slice_fusion_3.kd",2,8,3544,1263855,1263855,110,110,0,0,8,0,16,64,"0x0","0x7f0abb6c9440",4181245327470638,4181245327846204,4181245327850971,4181245327864544,4767
3187,"input_reduce_fusion_2.kd",2,8,3545,1263855,1263855,64,64,0,0,8,0,16,64,"0x0","0x7f0abb6c9480",4181245327477218,4181245327850971,4181245327855658,4181245327858344,4687
3188,"loop_select_fusion_4.kd",2,8,3546,1263855,1263855,28160,256,0,0,8,0,32,64,"0x0","0x7f0abb6c94c0",4181245327484278,4181245327855658,4181245327860706,4181245327897352,5048
3189,"loop_select_fusion.kd",2,8,3547,1263855,1263855,28160,256,0,0,8,0,16,64,"0x0","0x7f0abb6c9500",4181245327490738,4181245327860706,4181245327865673,4181245327903221,4967
3190,"loop_compare_fusion_1.kd",2,8,3548,1263855,1263855,4096,256,0,0,4,4,16,64,"0x0","0x7f0abb6c9540",4181245327497578,4181245327865673,4181245327870561,4181245327891484,4888
3191,"input_reduce_reduce_window_fusion_2.kd",2,8,3549,1263855,1263855,256,256,512,0,20,4,32,64,"0x0","0x7f0abb6c9580",4181245327504939,4181245327870561,4181245327886384,4181245327886406,15823
3192,"loop_slice_fusion_1.kd",2,8,3550,1263855,1263855,16,16,0,0,20,4,16,64,"0x0","0x7f0abb6c95c0",4181245327511699,4181245327886384,4181245327891071,4181245327908809,4687
3193,"loop_broadcast_fusion_3.kd",2,8,3551,1263855,1263855,4096,256,0,0,4,4,16,64,"0x0","0x7f0abb6c9600",4181245327519010,4181245327891071,4181245327896119,4181245327914378,5048
3194,"input_scatter_fusion_3.kd",2,8,3552,1263855,1263855,4096,256,0,0,8,0,32,64,"0x0","0x7f0abb6c9640",4181245327525860,4181245327896119,4181245327902208,4181245327920206,6089
3195,"loop_reduce_window_fusion_13.kd",2,8,3553,1263855,1263855,4096,256,0,0,8,0,16,64,"0x0","0x7f0abb6c9680",4181245327550747,4181245327902208,4181245327907055,4181245327926055,4847
3196,"loop_slice_fusion_1.kd",2,8,3554,1263855,1263855,16,16,0,0,20,4,16,64,"0x0","0x7f0abb6c95c0",4181245327558188,4181245327907055,4181245327911782,4181245327931814,4727
3197,"loop_remainder_fusion.kd",2,8,3555,1263855,1263855,4096,256,0,0,12,4,16,64,"0x0","0x7f0abb6c96c0",4181245327565699,4181245327911782,4181245327917711,4181245327937752,5929
3198,"loop_select_fusion_3.kd",2,8,3556,1263855,1263855,4096,256,0,0,8,0,32,64,"0x0","0x7f0abb6c9700",4181245327573431,4181245327917711,4181245327922558,4181245327943241,4847
3199,"loop_reduce_window_fusion_13.kd",2,8,3557,1263855,1263855,4096,256,0,0,8,0,16,64,"0x0","0x7f0abb6c9680",4181245327580411,4181245327922558,4181245327927285,4181245327948909,4727
3200,"loop_slice_fusion_1.kd",2,8,3558,1263855,1263855,16,16,0,0,20,4,16,64,"0x0","0x7f0abb6c95c0",4181245327587682,4181245327927285,4181245327932012,4181245327956661,4727
3201,"input_concatenate_fusion_1.kd",2,8,3559,1263855,1263855,4096,256,0,0,8,0,32,64,"0x0","0x7f0abb6c9740",4181245327595123,4181245327932012,4181245327937781,4181245327962199,5769
3202,"loop_compare_fusion.kd",2,8,3560,1263855,1263855,8192,256,0,0,4,4,16,64,"0x0","0x7f0abb6c9780",4181245327601793,4181245327937781,4181245327942708,4181245327967587,4927
3203,"input_reduce_reduce_window_fusion_1.kd",2,8,3561,1263855,1263855,512,512,512,0,20,4,48,64,"0x0","0x7f0abb6c97c0",4181245327609885,4181245327942708,4181245327960134,4181245327973235,17426
3204,"loop_reduce_window_fusion_6.kd",2,8,3562,1263855,1263855,32,32,0,0,32,0,16,64,"0x0","0x7f0abb6c9800",4181245327616565,4181245327960134,4181245327970750,4181245327978974,10616
3205,"loop_broadcast_fusion_1.kd",2,8,3563,1263855,1263855,8192,256,0,0,4,4,16,64,"0x0","0x7f0abb6c9840",4181245327623345,4181245327970750,4181245327975837,4181245327984853,5087
3206,"input_scatter_fusion_1.kd",2,8,3564,1263855,1263855,8192,256,0,0,8,0,32,64,"0x0","0x7f0abb6c9880",4181245327631297,4181245327975837,4181245327981486,4181245327990821,5649
3207,"loop_reduce_window_fusion_5.kd",2,8,3565,1263855,1263855,8192,256,0,0,8,0,16,64,"0x0","0x7f0abb6c98c0",4181245327639349,4181245327981486,4181245327986573,4181245327996981,5087
3208,"loop_reduce_window_fusion_4.kd",2,8,3566,1263855,1263855,512,256,0,0,8,0,16,64,"0x0","0x7f0abb6c9900",4181245327645408,4181245327986573,4181245327991821,4181245328013135,5248
3209,"loop_reduce_window_fusion_3.kd",2,8,3567,1263855,1263855,32,32,0,0,8,0,16,64,"0x0","0x7f0abb6c9940",4181245327652508,4181245327991821,4181245327996588,4181245328007907,4767
3210,"loop_select_fusion_6.kd",2,8,3568,1263855,1263855,8192,256,0,0,8,0,32,64,"0x0","0x7f0abb6c9980",4181245327659649,4181245327996588,4181245328001676,4181245328002539,5088
3211,"loop_select_fusion_1.kd",2,8,3569,1263855,1263855,8192,256,0,0,8,0,16,64,"0x0","0x7f0abb6c99c0",4181245327666269,4181245328001676,4181245328006563,4181245328028087,4887
3212,"loop_broadcast_fusion_4.kd",2,8,3570,1263855,1263855,16,16,0,0,4,4,16,64,"0x0","0x7f0abb6c9a00",4181245327673249,4181245328006563,4181245328011650,4181245328021297,5087
3213,"__amd_rocclr_fillBufferAligned.kd",2,8,3571,1263855,1263855,77824,256,0,0,12,4,48,64,"0x0","0x7f2abbf33580",4181245327685017,4181245328011650,4181245328026593,4181245328042699,14943
3214,"__amd_rocclr_fillBufferAligned.kd",2,8,3572,1263855,1263855,16128,256,0,0,12,4,48,64,"0x0","0x7f2abbf33580",4181245327691256,4181245328026593,4181245328031600,4181245328032694,5007
3215,"transformer_engine::fused_attn_rocm::populate_rng_state_kernel(long*, long const*, long) [clone .kd]",2,8,3573,1263855,1263855,1,1,0,0,8,0,16,64,"0x0","0x7f1abba31380",4181245327727780,4181245328031600,4181245328036487,4181245328037641,4887
3216,"__amd_rocclr_fillBufferAligned.kd",2,8,3574,1263855,1263855,256,256,0,0,12,4,48,64,"0x0","0x7f2abbf33580",4181245327740319,4181245328036487,4181245328041134,4181245328059574,4647
3217,"ck_fused_attn::get_runtime_max_seqlen_kernel(unsigned long, int const*, int const*, unsigned long*) [clone .kd]",2,8,3575,1263855,1263855,4096,128,0,0,4,4,32,64,"0x0","0x7f1abba20940",4181245327750073,4181245328041134,4181245328046983,4181245328049128,5849
3218,"__amd_rocclr_copyBuffer.kd",2,8,3576,1263855,1263855,512,512,0,0,16,0,32,64,"0x7f32cafe9000","0x7f2abbf33600",4181245327891183,4181245328046983,4181245328052431,4181245328054236,5448
3219,"__amd_rocclr_fillBufferAligned.kd",2,8,3578,1263855,1263855,256,256,0,0,12,4,48,64,"0x0","0x7f2abbf33580",4181245328087876,4181245328098940,4181245328100783,4181245328127364,1843
3220,"ck_fused_attn::get_runtime_max_seqlen_kernel(unsigned long, int const*, int const*, unsigned long*) [clone .kd]",2,8,3579,1263855,1263855,4096,128,0,0,4,4,32,64,"0x0","0x7f1abba20940",4181245328098872,4181245328106912,4181245328116086,4181245328137429,9174
3221,"__amd_rocclr_copyBuffer.kd",2,8,3580,1263855,1263855,512,512,0,0,16,0,32,64,"0x7f32cae73980","0x7f2abbf33600",4181245328106043,4181245328116086,4181245328121173,4181245328132442,5087
3222,"void transformer_engine::fused_attn_rocm::compute_scores_kernel<hip_bfloat16, transformer_engine::fused_attn_rocm::SmallSeqConfig<6, 128, 256, false, (transformer_engine::fused_attn_rocm::CausalMaskType)0>, 1>(hip_bfloat16 const*, hip_bfloat16 const*, hip_bfloat16*, float, int const*, int const*, int, int) [clone .kd]",2,8,3582,1263855,1263855,64000,64,0,0,112,0,48,64,"0x0","0x7f02bb54f5c0",4181245328148256,4181245328157788,4181245328187151,4181245328188736,29363
3223,"void transformer_engine::fused_attn_rocm::apply_mask_and_softmax_kernel<hip_bfloat16, transformer_engine::fused_attn_rocm::SmallSeqConfig<6, 128, 256, false, (transformer_engine::fused_attn_rocm::CausalMaskType)0> >(hip_bfloat16*, hip_bfloat16 const*, float, int const*, int, int) [clone .kd]",2,8,3583,1263855,1263855,390144,256,1024,0,12,4,16,64,"0x0","0x7f02bb54f600",4181245328156478,4181245328187151,4181245328192319,4181245328196888,5168
3224,"void transformer_engine::fused_attn_rocm::compute_output_kernel<hip_bfloat16, transformer_engine::fused_attn_rocm::SmallSeqConfig<6, 128, 256, false, (transformer_engine::fused_attn_rocm::CausalMaskType)0>, 2, 8>(hip_bfloat16 const*, hip_bfloat16 const*, hip_bfloat16*, int const*, int const*, int, int) [clone .kd]",2,8,3584,1263855,1263855,512000,64,12288,0,28,4,48,64,"0x0","0x7f02bb54f640",4181245328173884,4181245328192319,4181245328255012,4181245328262005,62693
3225,"loop_broadcast_fusion_5.kd",2,8,3585,1263855,1263855,2048000,256,0,0,4,4,16,64,"0x0","0x7f0abb6c9a40",4181245328182356,4181245328255012,4181245328263104,4181245328269456,8092
3226,"__amd_rocclr_fillBufferAligned.kd",2,8,3586,1263855,1263855,77824,256,0,0,12,4,48,64,"0x0","0x7f2abbf33580",4181245328196107,4181245328263104,4181245328269955,4181245328274093,6851
3227,"__amd_rocclr_fillBufferAligned.kd",2,8,3587,1263855,1263855,77824,256,0,0,12,4,48,64,"0x0","0x7f2abbf33580",4181245328213733,4181245328269955,4181245328288262,4181245328289676,18307
3228,"__amd_rocclr_fillBufferAligned.kd",2,8,3588,1263855,1263855,77824,256,0,0,12,4,48,64,"0x0","0x7f2abbf33580",4181245328220773,4181245328288262,4181245328305487,4181245328318589,17225
3229,"__amd_rocclr_fillBufferAligned.kd",2,8,3589,1263855,1263855,256,256,0,0,12,4,48,64,"0x0","0x7f2abbf33580",4181245328229496,4181245328305487,4181245328310254,4181245328313561,4767
3230,"ck_fused_attn::get_runtime_max_seqlen_kernel(unsigned long, int const*, int const*, unsigned long*) [clone .kd]",2,8,3590,1263855,1263855,4096,128,0,0,4,4,32,64,"0x0","0x7f1abba20940",4181245328235605,4181245328310254,4181245328316223,4181245328329806,5969
3231,"__amd_rocclr_copyBuffer.kd",2,8,3591,1263855,1263855,512,512,0,0,16,0,32,64,"0x7f32cafe8e00","0x7f2abbf33600",4181245328242846,4181245328316223,4181245328321912,4181245328324688,5689
3232,"__amd_rocclr_fillBufferAligned.kd",2,8,3593,1263855,1263855,256,256,0,0,12,4,48,64,"0x0","0x7f2abbf33580",4181245328343326,4181245328352237,4181245328354280,4181245328361112,2043
3233,"ck_fused_attn::get_runtime_max_seqlen_kernel(unsigned long, int const*, int const*, unsigned long*) [clone .kd]",2,8,3594,1263855,1263855,4096,128,0,0,4,4,32,64,"0x0","0x7f1abba20940",4181245328350907,4181245328361851,4181245328367860,4181245328372479,6009
3234,"__amd_rocclr_copyBuffer.kd",2,8,3595,1263855,1263855,512,512,0,0,16,0,32,64,"0x7f32cafe8d00","0x7f2abbf33600",4181245328360782,4181245328377755,4181245328384405,4181245328387832,6650
3235,"void transformer_engine::fused_attn_rocm::compute_grad_v_kernel<hip_bfloat16, transformer_engine::fused_attn_rocm::SmallSeqConfig<6, 128, 256, false, (transformer_engine::fused_attn_rocm::CausalMaskType)0>, 16, 16>(hip_bfloat16 const*, hip_bfloat16 const*, hip_bfloat16*, int const*, int const*, int, int) [clone .kd]",2,8,3597,1263855,1263855,256000,64,12288,0,32,0,48,64,"0x0","0x7f02bb551100",4181245328402864,4181245328415811,4181245328559105,4181245328563904,143294
3236,"void transformer_engine::fused_attn_rocm::compute_grad_attn_kernel<hip_bfloat16, transformer_engine::fused_attn_rocm::SmallSeqConfig<6, 128, 256, false, (transformer_engine::fused_attn_rocm::CausalMaskType)0>, 16>(hip_bfloat16 const*, hip_bfloat16 const*, hip_bfloat16*, int const*, int const*, int, int) [clone .kd]",2,8,3598,1263855,1263855,8000,64,0,0,116,4,64,64,"0x0","0x7f02bb551140",4181245328414241,4181245328559105,4181245328791410,4181245328794457,232305
3237,"void transformer_engine::fused_attn_rocm::softmax_backward_kernel<hip_bfloat16, transformer_engine::fused_attn_rocm::SmallSeqConfig<6, 128, 256, false, (transformer_engine::fused_attn_rocm::CausalMaskType)0> >(hip_bfloat16 const*, hip_bfloat16 const*, hip_bfloat16*, float, int const*, int, int) [clone .kd]",2,8,3599,1263855,1263855,390144,256,1024,0,16,0,16,64,"0x0","0x7f02bb551180",4181245328422243,4181245328791410,4181245328797179,4181245328801026,5769
3238,"void transformer_engine::fused_attn_rocm::compute_grad_qk_kernel<hip_bfloat16, transformer_engine::fused_attn_rocm::SmallSeqConfig<6, 128, 256, false, (transformer_engine::fused_attn_rocm::CausalMaskType)0>, 4, 16>(hip_bfloat16 const*, hip_bfloat16 const*, hip_bfloat16 const*, hip_bfloat16*, hip_bfloat16*, float, int const*, int const*, int, int) [clone .kd]",2,8,3600,1263855,1263855,1024000,64,12288,0,36,4,48,64,"0x0","0x7f02bb5511c0",4181245328429494,4181245328797179,4181245328957858,4181245328964269,160679
3239,"input_reduce_fusion.kd",2,8,3601,1263855,1263855,524288,256,512,0,16,0,16,64,"0x0","0x7f0abb6c9a80",4181245328437446,4181245328957858,4181245328967231,4181245328971380,9373
3240,"input_reduce_fusion_3.kd",2,8,3602,1263855,1263855,128,128,512,0,24,0,16,64,"0x0","0x7f0abb6c9ac0",4181245328444286,4181245328967231,4181245328973080,4181245328977018,5849
3241,"loop_convert_fusion.kd",2,8,3603,1263855,1263855,1,1,0,0,4,4,16,64,"0x0","0x7f0abb6c9b00",4181245328450886,4181245328973080,4181245328977126,4181245328984349,4046
