"Index","KernelName","gpu-id","queue-id","queue-index","pid","tid","grd","wgr","lds","scr","arch_vgpr","accum_vgpr","sgpr","wave_size","sig","obj","DispatchNs","BeginNs","EndNs","CompleteNs","DurationNs"
0,"__amd_rocclr_copyBuffer.kd",2,0,0,1289353,1289353,1024,512,0,0,16,0,32,64,"0x7f9af05fed00","0x7f9af0683600",4181447063890817,4181447064053769,4181447064059178,4181447064147419,5409
1,"__amd_rocclr_copyBuffer.kd",2,0,1,1289353,1289353,1024,512,0,0,16,0,32,64,"0x7f9af05fec80","0x7f9af0683600",4181447064154449,4181447064270450,4181447064274657,4181447064320626,4207
2,"void compute_grad_v_kernel<__half, FmhaKernelConfig<4000, 16, 1, 16, 128, 256, false, (CausalMaskType)0>, 16, 16>(__half const*, __half const*, __half*, int const*, int const*) [clone .kd]",2,0,2,1289353,1289353,256000,64,32768,0,28,4,32,64,"0x0","0x7f92ef12c140",4181447071571640,4181447071590003,4181447071664153,4181447071669816,74150
3,"void compute_grad_attn_kernel<__half, FmhaKernelConfig<4000, 16, 1, 16, 128, 256, false, (CausalMaskType)0>, 16>(__half const*, __half const*, __half*, int const*, int const*) [clone .kd]",2,0,3,1289353,1289353,8000,64,0,0,124,4,32,64,"0x0","0x7f92ef12c180",4181447071586973,4181447071664153,4181447071920173,4181447071923884,256020
4,"void softmax_backward_kernel<__half, FmhaKernelConfig<4000, 16, 1, 16, 128, 256, false, (CausalMaskType)0> >(__half const*, __half const*, __half*, float, int const*) [clone .kd]",2,0,4,1289353,1289353,1024000,256,1024,0,20,4,16,64,"0x0","0x7f92ef12c1c0",4181447071592100,4181447071920173,4181447071925581,4181447071934860,5408
5,"void compute_grad_qk_kernel<__half, FmhaKernelConfig<4000, 16, 1, 16, 128, 256, false, (CausalMaskType)0>, 4, 16>(__half const*, __half const*, __half const*, __half*, __half*, float, int const*, int const*) [clone .kd]",2,0,5,1289353,1289353,1024000,64,32768,0,32,0,64,64,"0x0","0x7f92ef12c200",4181447071600152,4181447071925581,4181447072248862,4181447072294044,323281
6,"void compute_grad_v_kernel<__half, FmhaKernelConfig<4000, 16, 1, 16, 128, 256, false, (CausalMaskType)0>, 16, 16>(__half const*, __half const*, __half*, int const*, int const*) [clone .kd]",2,0,6,1289353,1289353,256000,64,32768,0,28,4,32,64,"0x0","0x7f92ef12c140",4181447071607183,4181447072248862,4181447072307148,4181447072323268,58286
7,"void compute_grad_attn_kernel<__half, FmhaKernelConfig<4000, 16, 1, 16, 128, 256, false, (CausalMaskType)0>, 16>(__half const*, __half const*, __half*, int const*, int const*) [clone .kd]",2,0,7,1289353,1289353,8000,64,0,0,124,4,32,64,"0x0","0x7f92ef12c180",4181447071614393,4181447072307148,4181447072561967,4181447072585768,254819
8,"void softmax_backward_kernel<__half, FmhaKernelConfig<4000, 16, 1, 16, 128, 256, false, (CausalMaskType)0> >(__half const*, __half const*, __half*, float, int const*) [clone .kd]",2,0,8,1289353,1289353,1024000,256,1024,0,20,4,16,64,"0x0","0x7f92ef12c1c0",4181447071620483,4181447072561967,4181447072567375,4181447072597836,5408
9,"void compute_grad_qk_kernel<__half, FmhaKernelConfig<4000, 16, 1, 16, 128, 256, false, (CausalMaskType)0>, 4, 16>(__half const*, __half const*, __half const*, __half*, __half*, float, int const*, int const*) [clone .kd]",2,0,9,1289353,1289353,1024000,64,32768,0,32,0,64,64,"0x0","0x7f92ef12c200",4181447071627433,4181447072567375,4181447072890254,4181447072908528,322879
10,"void compute_grad_v_kernel<__half, FmhaKernelConfig<4000, 16, 1, 16, 128, 256, false, (CausalMaskType)0>, 16, 16>(__half const*, __half const*, __half*, int const*, int const*) [clone .kd]",2,0,10,1289353,1289353,256000,64,32768,0,28,4,32,64,"0x0","0x7f92ef12c140",4181447071635525,4181447072890254,4181447072949863,4181447072967135,59609
11,"void compute_grad_attn_kernel<__half, FmhaKernelConfig<4000, 16, 1, 16, 128, 256, false, (CausalMaskType)0>, 16>(__half const*, __half const*, __half*, int const*, int const*) [clone .kd]",2,0,11,1289353,1289353,8000,64,0,0,124,4,32,64,"0x0","0x7f92ef12c180",4181447071640162,4181447072949863,4181447073204081,4181447073232470,254218
12,"void softmax_backward_kernel<__half, FmhaKernelConfig<4000, 16, 1, 16, 128, 256, false, (CausalMaskType)0> >(__half const*, __half const*, __half*, float, int const*) [clone .kd]",2,0,12,1289353,1289353,1024000,256,1024,0,20,4,16,64,"0x0","0x7f92ef12c1c0",4181447071647533,4181447073204081,4181447073209689,4181447073222515,5608
13,"void compute_grad_qk_kernel<__half, FmhaKernelConfig<4000, 16, 1, 16, 128, 256, false, (CausalMaskType)0>, 4, 16>(__half const*, __half const*, __half const*, __half*, __half*, float, int const*, int const*) [clone .kd]",2,0,13,1289353,1289353,1024000,64,32768,0,32,0,64,64,"0x0","0x7f92ef12c200",4181447071655715,4181447073209689,4181447073534892,4181447073553668,325203
14,"void compute_grad_v_kernel<__half, FmhaKernelConfig<4000, 16, 1, 16, 128, 256, false, (CausalMaskType)0>, 16, 16>(__half const*, __half const*, __half*, int const*, int const*) [clone .kd]",2,0,16,1289353,1289353,256000,64,32768,0,28,4,32,64,"0x0","0x7f92ef12c140",4181447073553638,4181447073578837,4181447073638606,4181447073638604,59769
15,"void compute_grad_attn_kernel<__half, FmhaKernelConfig<4000, 16, 1, 16, 128, 256, false, (CausalMaskType)0>, 16>(__half const*, __half const*, __half*, int const*, int const*) [clone .kd]",2,0,17,1289353,1289353,8000,64,0,0,124,4,32,64,"0x0","0x7f92ef12c180",4181447073577653,4181447073638606,4181447073894827,4181447073904299,256221
16,"void softmax_backward_kernel<__half, FmhaKernelConfig<4000, 16, 1, 16, 128, 256, false, (CausalMaskType)0> >(__half const*, __half const*, __half*, float, int const*) [clone .kd]",2,0,18,1289353,1289353,1024000,256,1024,0,20,4,16,64,"0x0","0x7f92ef12c1c0",4181447073588660,4181447073894827,4181447073900074,4181447073918941,5247
17,"void compute_grad_qk_kernel<__half, FmhaKernelConfig<4000, 16, 1, 16, 128, 256, false, (CausalMaskType)0>, 4, 16>(__half const*, __half const*, __half const*, __half*, __half*, float, int const*, int const*) [clone .kd]",2,0,19,1289353,1289353,1024000,64,32768,0,32,0,64,64,"0x0","0x7f92ef12c200",4181447073596391,4181447073900074,4181447074225318,4181447074225156,325244
18,"void compute_grad_v_kernel<__half, FmhaKernelConfig<4000, 16, 1, 16, 128, 256, false, (CausalMaskType)0>, 16, 16>(__half const*, __half const*, __half*, int const*, int const*) [clone .kd]",2,0,20,1289353,1289353,256000,64,32768,0,28,4,32,64,"0x0","0x7f92ef12c140",4181447073604133,4181447074225318,4181447074283324,4181447074300869,58006
19,"void compute_grad_attn_kernel<__half, FmhaKernelConfig<4000, 16, 1, 16, 128, 256, false, (CausalMaskType)0>, 16>(__half const*, __half const*, __half*, int const*, int const*) [clone .kd]",2,0,21,1289353,1289353,8000,64,0,0,124,4,32,64,"0x0","0x7f92ef12c180",4181447073612495,4181447074283324,4181447074539064,4181447074562238,255740
20,"void softmax_backward_kernel<__half, FmhaKernelConfig<4000, 16, 1, 16, 128, 256, false, (CausalMaskType)0> >(__half const*, __half const*, __half*, float, int const*) [clone .kd]",2,0,22,1289353,1289353,1024000,256,1024,0,20,4,16,64,"0x0","0x7f92ef12c1c0",4181447073619546,4181447074539064,4181447074544351,4181447074576068,5287
21,"void compute_grad_qk_kernel<__half, FmhaKernelConfig<4000, 16, 1, 16, 128, 256, false, (CausalMaskType)0>, 4, 16>(__half const*, __half const*, __half const*, __half*, __half*, float, int const*, int const*) [clone .kd]",2,0,23,1289353,1289353,1024000,64,32768,0,32,0,64,64,"0x0","0x7f92ef12c200",4181447073625264,4181447074544351,4181447074865669,4181447074868553,321318
22,"void compute_grad_v_kernel<__half, FmhaKernelConfig<4000, 16, 1, 16, 128, 256, false, (CausalMaskType)0>, 16, 16>(__half const*, __half const*, __half*, int const*, int const*) [clone .kd]",2,0,24,1289353,1289353,256000,64,32768,0,28,4,32,64,"0x0","0x7f92ef12c140",4181447073630682,4181447074865669,4181447074919989,4181447074926399,54320
23,"void compute_grad_attn_kernel<__half, FmhaKernelConfig<4000, 16, 1, 16, 128, 256, false, (CausalMaskType)0>, 16>(__half const*, __half const*, __half*, int const*, int const*) [clone .kd]",2,0,25,1289353,1289353,8000,64,0,0,124,4,32,64,"0x0","0x7f92ef12c180",4181447073635810,4181447074919989,4181447075177212,4181447075200327,257223
24,"void softmax_backward_kernel<__half, FmhaKernelConfig<4000, 16, 1, 16, 128, 256, false, (CausalMaskType)0> >(__half const*, __half const*, __half*, float, int const*) [clone .kd]",2,0,26,1289353,1289353,1024000,256,1024,0,20,4,16,64,"0x0","0x7f92ef12c1c0",4181447073640527,4181447075177212,4181447075182499,4181447075212515,5287
25,"void compute_grad_qk_kernel<__half, FmhaKernelConfig<4000, 16, 1, 16, 128, 256, false, (CausalMaskType)0>, 4, 16>(__half const*, __half const*, __half const*, __half*, __half*, float, int const*, int const*) [clone .kd]",2,0,27,1289353,1289353,1024000,64,32768,0,32,0,64,64,"0x0","0x7f92ef12c200",4181447073658774,4181447075182499,4181447075507743,4181447075513793,325244
26,"void compute_grad_v_kernel<__half, FmhaKernelConfig<4000, 16, 1, 16, 128, 256, false, (CausalMaskType)0>, 16, 16>(__half const*, __half const*, __half*, int const*, int const*) [clone .kd]",2,0,28,1289353,1289353,256000,64,32768,0,28,4,32,64,"0x0","0x7f92ef12c140",4181447073664883,4181447075507743,4181447075569875,4181447075569766,62132
27,"void compute_grad_attn_kernel<__half, FmhaKernelConfig<4000, 16, 1, 16, 128, 256, false, (CausalMaskType)0>, 16>(__half const*, __half const*, __half*, int const*, int const*) [clone .kd]",2,0,29,1289353,1289353,8000,64,0,0,124,4,32,64,"0x0","0x7f92ef12c180",4181447073669780,4181447075569875,4181447075827538,4181447075829623,257663
28,"void softmax_backward_kernel<__half, FmhaKernelConfig<4000, 16, 1, 16, 128, 256, false, (CausalMaskType)0> >(__half const*, __half const*, __half*, float, int const*) [clone .kd]",2,0,30,1289353,1289353,1024000,256,1024,0,20,4,16,64,"0x0","0x7f92ef12c1c0",4181447073676150,4181447075827538,4181447075832825,4181447075842712,5287
29,"void compute_grad_qk_kernel<__half, FmhaKernelConfig<4000, 16, 1, 16, 128, 256, false, (CausalMaskType)0>, 4, 16>(__half const*, __half const*, __half const*, __half*, __half*, float, int const*, int const*) [clone .kd]",2,0,31,1289353,1289353,1024000,64,32768,0,32,0,64,64,"0x0","0x7f92ef12c200",4181447073682279,4181447075832825,4181447076158069,4181447076158302,325244
30,"void compute_grad_v_kernel<__half, FmhaKernelConfig<4000, 16, 1, 16, 128, 256, false, (CausalMaskType)0>, 16, 16>(__half const*, __half const*, __half*, int const*, int const*) [clone .kd]",2,0,32,1289353,1289353,256000,64,32768,0,28,4,32,64,"0x0","0x7f92ef12c140",4181447073692885,4181447076158069,4181447076214913,4181447076229748,56844
31,"void compute_grad_attn_kernel<__half, FmhaKernelConfig<4000, 16, 1, 16, 128, 256, false, (CausalMaskType)0>, 16>(__half const*, __half const*, __half*, int const*, int const*) [clone .kd]",2,0,33,1289353,1289353,8000,64,0,0,124,4,32,64,"0x0","0x7f92ef12c180",4181447073702820,4181447076214913,4181447076470853,4181447076475583,255940
32,"void softmax_backward_kernel<__half, FmhaKernelConfig<4000, 16, 1, 16, 128, 256, false, (CausalMaskType)0> >(__half const*, __half const*, __half*, float, int const*) [clone .kd]",2,0,34,1289353,1289353,1024000,256,1024,0,20,4,16,64,"0x0","0x7f92ef12c1c0",4181447073709349,4181447076470853,4181447076476141,4181447076487972,5288
33,"void compute_grad_qk_kernel<__half, FmhaKernelConfig<4000, 16, 1, 16, 128, 256, false, (CausalMaskType)0>, 4, 16>(__half const*, __half const*, __half const*, __half*, __half*, float, int const*, int const*) [clone .kd]",2,0,35,1289353,1289353,1024000,64,32768,0,32,0,64,64,"0x0","0x7f92ef12c200",4181447073715969,4181447076476141,4181447076800663,4181447076889118,324522
34,"void compute_grad_v_kernel<__half, FmhaKernelConfig<4000, 16, 1, 16, 128, 256, false, (CausalMaskType)0>, 16, 16>(__half const*, __half const*, __half*, int const*, int const*) [clone .kd]",2,0,36,1289353,1289353,256000,64,32768,0,28,4,32,64,"0x0","0x7f92ef12c140",4181447073728307,4181447076800663,4181447076858870,4181447076904191,58207
35,"void compute_grad_attn_kernel<__half, FmhaKernelConfig<4000, 16, 1, 16, 128, 256, false, (CausalMaskType)0>, 16>(__half const*, __half const*, __half*, int const*, int const*) [clone .kd]",2,0,37,1289353,1289353,8000,64,0,0,124,4,32,64,"0x0","0x7f92ef12c180",4181447073737852,4181447076858870,4181447077116052,4181447077201483,257182
36,"void softmax_backward_kernel<__half, FmhaKernelConfig<4000, 16, 1, 16, 128, 256, false, (CausalMaskType)0> >(__half const*, __half const*, __half*, float, int const*) [clone .kd]",2,0,38,1289353,1289353,1024000,256,1024,0,20,4,16,64,"0x0","0x7f92ef12c1c0",4181447073744151,4181447077116052,4181447077121259,4181447077212089,5207
37,"void compute_grad_qk_kernel<__half, FmhaKernelConfig<4000, 16, 1, 16, 128, 256, false, (CausalMaskType)0>, 4, 16>(__half const*, __half const*, __half const*, __half*, __half*, float, int const*, int const*) [clone .kd]",2,0,39,1289353,1289353,1024000,64,32768,0,32,0,64,64,"0x0","0x7f92ef12c200",4181447073751322,4181447077121259,4181447077450228,4181447077506446,328969
38,"void compute_grad_v_kernel<__half, FmhaKernelConfig<4000, 16, 1, 16, 128, 256, false, (CausalMaskType)0>, 16, 16>(__half const*, __half const*, __half*, int const*, int const*) [clone .kd]",2,0,40,1289353,1289353,256000,64,32768,0,28,4,32,64,"0x0","0x7f92ef12c140",4181447073763239,4181447077450228,4181447077507112,4181447077516822,56884
39,"void compute_grad_attn_kernel<__half, FmhaKernelConfig<4000, 16, 1, 16, 128, 256, false, (CausalMaskType)0>, 16>(__half const*, __half const*, __half*, int const*, int const*) [clone .kd]",2,0,41,1289353,1289353,8000,64,0,0,124,4,32,64,"0x0","0x7f92ef12c180",4181447073771632,4181447077507112,4181447077762732,4181447077811390,255620
40,"void softmax_backward_kernel<__half, FmhaKernelConfig<4000, 16, 1, 16, 128, 256, false, (CausalMaskType)0> >(__half const*, __half const*, __half*, float, int const*) [clone .kd]",2,0,42,1289353,1289353,1024000,256,1024,0,20,4,16,64,"0x0","0x7f92ef12c1c0",4181447073784371,4181447077762732,4181447077768020,4181447077821545,5288
41,"void compute_grad_qk_kernel<__half, FmhaKernelConfig<4000, 16, 1, 16, 128, 256, false, (CausalMaskType)0>, 4, 16>(__half const*, __half const*, __half const*, __half*, __half*, float, int const*, int const*) [clone .kd]",2,0,43,1289353,1289353,1024000,64,32768,0,32,0,64,64,"0x0","0x7f92ef12c200",4181447073793805,4181447077768020,4181447078090018,4181447078112227,321998
42,"void compute_grad_v_kernel<__half, FmhaKernelConfig<4000, 16, 1, 16, 128, 256, false, (CausalMaskType)0>, 16, 16>(__half const*, __half const*, __half*, int const*, int const*) [clone .kd]",2,0,44,1289353,1289353,256000,64,32768,0,28,4,32,64,"0x0","0x7f92ef12c140",4181447073799704,4181447078090018,4181447078147303,4181447078225105,57285
43,"void compute_grad_attn_kernel<__half, FmhaKernelConfig<4000, 16, 1, 16, 128, 256, false, (CausalMaskType)0>, 16>(__half const*, __half const*, __half*, int const*, int const*) [clone .kd]",2,0,45,1289353,1289353,8000,64,0,0,124,4,32,64,"0x0","0x7f92ef12c180",4181447073808006,4181447078147303,4181447078402763,4181447078430601,255460
44,"void softmax_backward_kernel<__half, FmhaKernelConfig<4000, 16, 1, 16, 128, 256, false, (CausalMaskType)0> >(__half const*, __half const*, __half*, float, int const*) [clone .kd]",2,0,46,1289353,1289353,1024000,256,1024,0,20,4,16,64,"0x0","0x7f92ef12c1c0",4181447073814345,4181447078402763,4181447078408091,4181447078440245,5328
45,"void compute_grad_qk_kernel<__half, FmhaKernelConfig<4000, 16, 1, 16, 128, 256, false, (CausalMaskType)0>, 4, 16>(__half const*, __half const*, __half const*, __half*, __half*, float, int const*, int const*) [clone .kd]",2,0,47,1289353,1289353,1024000,64,32768,0,32,0,64,64,"0x0","0x7f92ef12c200",4181447073822678,4181447078408091,4181447078727966,4181447078817336,319875
46,"void compute_grad_v_kernel<__half, FmhaKernelConfig<4000, 16, 1, 16, 128, 256, false, (CausalMaskType)0>, 16, 16>(__half const*, __half const*, __half*, int const*, int const*) [clone .kd]",2,0,48,1289353,1289353,256000,64,32768,0,28,4,32,64,"0x0","0x7f92ef12c140",4181447073828977,4181447078727966,4181447078787494,4181447078827992,59528
47,"void compute_grad_attn_kernel<__half, FmhaKernelConfig<4000, 16, 1, 16, 128, 256, false, (CausalMaskType)0>, 16>(__half const*, __half const*, __half*, int const*, int const*) [clone .kd]",2,0,49,1289353,1289353,8000,64,0,0,124,4,32,64,"0x0","0x7f92ef12c180",4181447073838161,4181447078787494,4181447079044316,4181447079118263,256822
48,"void softmax_backward_kernel<__half, FmhaKernelConfig<4000, 16, 1, 16, 128, 256, false, (CausalMaskType)0> >(__half const*, __half const*, __half*, float, int const*) [clone .kd]",2,0,50,1289353,1289353,1024000,256,1024,0,20,4,16,64,"0x0","0x7f92ef12c1c0",4181447073844711,4181447079044316,4181447079049684,4181447079127898,5368
49,"void compute_grad_qk_kernel<__half, FmhaKernelConfig<4000, 16, 1, 16, 128, 256, false, (CausalMaskType)0>, 4, 16>(__half const*, __half const*, __half const*, __half*, __half*, float, int const*, int const*) [clone .kd]",2,0,51,1289353,1289353,1024000,64,32768,0,32,0,64,64,"0x0","0x7f92ef12c200",4181447073853403,4181447079049684,4181447079375808,4181447079415455,326124
50,"void compute_grad_v_kernel<__half, FmhaKernelConfig<4000, 16, 1, 16, 128, 256, false, (CausalMaskType)0>, 16, 16>(__half const*, __half const*, __half*, int const*, int const*) [clone .kd]",2,0,52,1289353,1289353,256000,64,32768,0,28,4,32,64,"0x0","0x7f92ef12c140",4181447073859312,4181447079375808,4181447079434095,4181447079436667,58287
51,"void compute_grad_attn_kernel<__half, FmhaKernelConfig<4000, 16, 1, 16, 128, 256, false, (CausalMaskType)0>, 16>(__half const*, __half const*, __half*, int const*, int const*) [clone .kd]",2,0,53,1289353,1289353,8000,64,0,0,124,4,32,64,"0x0","0x7f92ef12c180",4181447073869197,4181447079434095,4181447079690436,4181447079737985,256341
52,"void softmax_backward_kernel<__half, FmhaKernelConfig<4000, 16, 1, 16, 128, 256, false, (CausalMaskType)0> >(__half const*, __half const*, __half*, float, int const*) [clone .kd]",2,0,54,1289353,1289353,1024000,256,1024,0,20,4,16,64,"0x0","0x7f92ef12c1c0",4181447073874845,4181447079690436,4181447079695764,4181447079727940,5328
53,"void compute_grad_qk_kernel<__half, FmhaKernelConfig<4000, 16, 1, 16, 128, 256, false, (CausalMaskType)0>, 4, 16>(__half const*, __half const*, __half const*, __half*, __half*, float, int const*, int const*) [clone .kd]",2,0,55,1289353,1289353,1024000,64,32768,0,32,0,64,64,"0x0","0x7f92ef12c200",4181447073888756,4181447079695764,4181447080018884,4181447080021587,323120
54,"void compute_grad_v_kernel<__half, FmhaKernelConfig<4000, 16, 1, 16, 128, 256, false, (CausalMaskType)0>, 16, 16>(__half const*, __half const*, __half*, int const*, int const*) [clone .kd]",2,0,56,1289353,1289353,256000,64,32768,0,28,4,32,64,"0x0","0x7f92ef12c140",4181447073894695,4181447080018884,4181447080077731,4181447080133523,58847
55,"void compute_grad_attn_kernel<__half, FmhaKernelConfig<4000, 16, 1, 16, 128, 256, false, (CausalMaskType)0>, 16>(__half const*, __half const*, __half*, int const*, int const*) [clone .kd]",2,0,57,1289353,1289353,8000,64,0,0,124,4,32,64,"0x0","0x7f92ef12c180",4181447073907193,4181447080077731,4181447080333431,4181447080335063,255700
56,"void softmax_backward_kernel<__half, FmhaKernelConfig<4000, 16, 1, 16, 128, 256, false, (CausalMaskType)0> >(__half const*, __half const*, __half*, float, int const*) [clone .kd]",2,0,58,1289353,1289353,1024000,256,1024,0,20,4,16,64,"0x0","0x7f92ef12c1c0",4181447073938560,4181447080333431,4181447080338719,4181447080346961,5288
57,"void compute_grad_qk_kernel<__half, FmhaKernelConfig<4000, 16, 1, 16, 128, 256, false, (CausalMaskType)0>, 4, 16>(__half const*, __half const*, __half const*, __half*, __half*, float, int const*, int const*) [clone .kd]",2,0,59,1289353,1289353,1024000,64,32768,0,32,0,64,64,"0x0","0x7f92ef12c200",4181447073944659,4181447080338719,4181447080661638,4181447080713856,322919
58,"void compute_grad_v_kernel<__half, FmhaKernelConfig<4000, 16, 1, 16, 128, 256, false, (CausalMaskType)0>, 16, 16>(__half const*, __half const*, __half*, int const*, int const*) [clone .kd]",2,0,60,1289353,1289353,256000,64,32768,0,28,4,32,64,"0x0","0x7f92ef12c140",4181447073948675,4181447080661638,4181447080718483,4181447080723571,56845
59,"void compute_grad_attn_kernel<__half, FmhaKernelConfig<4000, 16, 1, 16, 128, 256, false, (CausalMaskType)0>, 16>(__half const*, __half const*, __half*, int const*, int const*) [clone .kd]",2,0,61,1289353,1289353,8000,64,0,0,124,4,32,64,"0x0","0x7f92ef12c180",4181447073954844,4181447080718483,4181447080974463,4181447081008725,255980
60,"void softmax_backward_kernel<__half, FmhaKernelConfig<4000, 16, 1, 16, 128, 256, false, (CausalMaskType)0> >(__half const*, __half const*, __half*, float, int const*) [clone .kd]",2,0,62,1289353,1289353,1024000,256,1024,0,20,4,16,64,"0x0","0x7f92ef12c1c0",4181447073971409,4181447080974463,4181447080979751,4181447081018289,5288
61,"void compute_grad_qk_kernel<__half, FmhaKernelConfig<4000, 16, 1, 16, 128, 256, false, (CausalMaskType)0>, 4, 16>(__half const*, __half const*, __half const*, __half*, __half*, float, int const*, int const*) [clone .kd]",2,0,63,1289353,1289353,1024000,64,32768,0,32,0,64,64,"0x0","0x7f92ef12c200",4181447073984779,4181447080979751,4181447081302150,4181447081381319,322399
62,"void compute_grad_v_kernel<__half, FmhaKernelConfig<4000, 16, 1, 16, 128, 256, false, (CausalMaskType)0>, 16, 16>(__half const*, __half const*, __half*, int const*, int const*) [clone .kd]",2,0,64,1289353,1289353,256000,64,32768,0,28,4,32,64,"0x0","0x7f92ef12c140",4181447073991118,4181447081302150,4181447081361638,4181447081390963,59488
63,"void compute_grad_attn_kernel<__half, FmhaKernelConfig<4000, 16, 1, 16, 128, 256, false, (CausalMaskType)0>, 16>(__half const*, __half const*, __half*, int const*, int const*) [clone .kd]",2,0,65,1289353,1289353,8000,64,0,0,124,4,32,64,"0x0","0x7f92ef12c180",4181447074003947,4181447081361638,4181447081618379,4181447081667595,256741
64,"void softmax_backward_kernel<__half, FmhaKernelConfig<4000, 16, 1, 16, 128, 256, false, (CausalMaskType)0> >(__half const*, __half const*, __half*, float, int const*) [clone .kd]",2,0,66,1289353,1289353,1024000,256,1024,0,20,4,16,64,"0x0","0x7f92ef12c1c0",4181447074009976,4181447081618379,4181447081623707,4181447081676738,5328
65,"void compute_grad_qk_kernel<__half, FmhaKernelConfig<4000, 16, 1, 16, 128, 256, false, (CausalMaskType)0>, 4, 16>(__half const*, __half const*, __half const*, __half*, __half*, float, int const*, int const*) [clone .kd]",2,0,67,1289353,1289353,1024000,64,32768,0,32,0,64,64,"0x0","0x7f92ef12c200",4181447074023927,4181447081623707,4181447081946667,4181447081949444,322960
66,"void compute_grad_v_kernel<__half, FmhaKernelConfig<4000, 16, 1, 16, 128, 256, false, (CausalMaskType)0>, 16, 16>(__half const*, __half const*, __half*, int const*, int const*) [clone .kd]",2,0,68,1289353,1289353,256000,64,32768,0,28,4,32,64,"0x0","0x7f92ef12c140",4181447074029385,4181447081946667,4181447082002230,4181447082057204,55563
67,"void compute_grad_attn_kernel<__half, FmhaKernelConfig<4000, 16, 1, 16, 128, 256, false, (CausalMaskType)0>, 16>(__half const*, __half const*, __half*, int const*, int const*) [clone .kd]",2,0,69,1289353,1289353,8000,64,0,0,124,4,32,64,"0x0","0x7f92ef12c180",4181447074043526,4181447082002230,4181447082258250,4181447082334827,256020
68,"void softmax_backward_kernel<__half, FmhaKernelConfig<4000, 16, 1, 16, 128, 256, false, (CausalMaskType)0> >(__half const*, __half const*, __half*, float, int const*) [clone .kd]",2,0,70,1289353,1289353,1024000,256,1024,0,20,4,16,64,"0x0","0x7f92ef12c1c0",4181447074048974,4181447082258250,4181447082263578,4181447082345503,5328
69,"void compute_grad_qk_kernel<__half, FmhaKernelConfig<4000, 16, 1, 16, 128, 256, false, (CausalMaskType)0>, 4, 16>(__half const*, __half const*, __half const*, __half*, __half*, float, int const*, int const*) [clone .kd]",2,0,71,1289353,1289353,1024000,64,32768,0,32,0,64,64,"0x0","0x7f92ef12c200",4181447074063786,4181447082263578,4181447082581690,4181447082618870,318112
70,"void compute_grad_v_kernel<__half, FmhaKernelConfig<4000, 16, 1, 16, 128, 256, false, (CausalMaskType)0>, 16, 16>(__half const*, __half const*, __half*, int const*, int const*) [clone .kd]",2,0,72,1289353,1289353,256000,64,32768,0,28,4,32,64,"0x0","0x7f92ef12c140",4181447074068974,4181447082581690,4181447082636291,4181447082639160,54601
71,"void compute_grad_attn_kernel<__half, FmhaKernelConfig<4000, 16, 1, 16, 128, 256, false, (CausalMaskType)0>, 16>(__half const*, __half const*, __half*, int const*, int const*) [clone .kd]",2,0,73,1289353,1289353,8000,64,0,0,124,4,32,64,"0x0","0x7f92ef12c180",4181447074083836,4181447082636291,4181447082890509,4181447082908090,254218
72,"void softmax_backward_kernel<__half, FmhaKernelConfig<4000, 16, 1, 16, 128, 256, false, (CausalMaskType)0> >(__half const*, __half const*, __half*, float, int const*) [clone .kd]",2,0,74,1289353,1289353,1024000,256,1024,0,20,4,16,64,"0x0","0x7f92ef12c1c0",4181447074089374,4181447082890509,4181447082895837,4181447082917984,5328
73,"void compute_grad_qk_kernel<__half, FmhaKernelConfig<4000, 16, 1, 16, 128, 256, false, (CausalMaskType)0>, 4, 16>(__half const*, __half const*, __half const*, __half*, __half*, float, int const*, int const*) [clone .kd]",2,0,75,1289353,1289353,1024000,64,32768,0,32,0,64,64,"0x0","0x7f92ef12c200",4181447074105088,4181447082895837,4181447083218957,4181447083269447,323120
74,"void compute_grad_v_kernel<__half, FmhaKernelConfig<4000, 16, 1, 16, 128, 256, false, (CausalMaskType)0>, 16, 16>(__half const*, __half const*, __half*, int const*, int const*) [clone .kd]",2,0,76,1289353,1289353,256000,64,32768,0,28,4,32,64,"0x0","0x7f92ef12c140",4181447074110626,4181447083218957,4181447083277844,4181447083278421,58887
75,"void compute_grad_attn_kernel<__half, FmhaKernelConfig<4000, 16, 1, 16, 128, 256, false, (CausalMaskType)0>, 16>(__half const*, __half const*, __half*, int const*, int const*) [clone .kd]",2,0,77,1289353,1289353,8000,64,0,0,124,4,32,64,"0x0","0x7f92ef12c180",4181447074126630,4181447083277844,4181447083532102,4181447083544096,254258
76,"void softmax_backward_kernel<__half, FmhaKernelConfig<4000, 16, 1, 16, 128, 256, false, (CausalMaskType)0> >(__half const*, __half const*, __half*, float, int const*) [clone .kd]",2,0,78,1289353,1289353,1024000,256,1024,0,20,4,16,64,"0x0","0x7f92ef12c1c0",4181447074132809,4181447083532102,4181447083537430,4181447083557205,5328
77,"void compute_grad_qk_kernel<__half, FmhaKernelConfig<4000, 16, 1, 16, 128, 256, false, (CausalMaskType)0>, 4, 16>(__half const*, __half const*, __half const*, __half*, __half*, float, int const*, int const*) [clone .kd]",2,0,79,1289353,1289353,1024000,64,32768,0,32,0,64,64,"0x0","0x7f92ef12c200",4181447074149434,4181447083537430,4181447083861632,4181447083905473,324202
78,"void compute_grad_v_kernel<__half, FmhaKernelConfig<4000, 16, 1, 16, 128, 256, false, (CausalMaskType)0>, 16, 16>(__half const*, __half const*, __half*, int const*, int const*) [clone .kd]",2,0,80,1289353,1289353,256000,64,32768,0,28,4,32,64,"0x0","0x7f92ef12c140",4181447074155333,4181447083861632,4181447083916794,4181447083925513,55162
79,"void compute_grad_attn_kernel<__half, FmhaKernelConfig<4000, 16, 1, 16, 128, 256, false, (CausalMaskType)0>, 16>(__half const*, __half const*, __half*, int const*, int const*) [clone .kd]",2,0,81,1289353,1289353,8000,64,0,0,124,4,32,64,"0x0","0x7f92ef12c180",4181447074160110,4181447083916794,4181447084172333,4181447084189425,255539
80,"void softmax_backward_kernel<__half, FmhaKernelConfig<4000, 16, 1, 16, 128, 256, false, (CausalMaskType)0> >(__half const*, __half const*, __half*, float, int const*) [clone .kd]",2,0,82,1289353,1289353,1024000,256,1024,0,20,4,16,64,"0x0","0x7f92ef12c1c0",4181447074178577,4181447084172333,4181447084177701,4181447084198779,5368
81,"void compute_grad_qk_kernel<__half, FmhaKernelConfig<4000, 16, 1, 16, 128, 256, false, (CausalMaskType)0>, 4, 16>(__half const*, __half const*, __half const*, __half*, __half*, float, int const*, int const*) [clone .kd]",2,0,83,1289353,1289353,1024000,64,32768,0,32,0,64,64,"0x0","0x7f92ef12c200",4181447074184386,4181447084177701,4181447084503625,4181447084549171,325924
82,"void compute_grad_v_kernel<__half, FmhaKernelConfig<4000, 16, 1, 16, 128, 256, false, (CausalMaskType)0>, 16, 16>(__half const*, __half const*, __half*, int const*, int const*) [clone .kd]",2,0,84,1289353,1289353,256000,64,32768,0,28,4,32,64,"0x0","0x7f92ef12c140",4181447074200810,4181447084503625,4181447084562152,4181447084570012,58527
83,"void compute_grad_attn_kernel<__half, FmhaKernelConfig<4000, 16, 1, 16, 128, 256, false, (CausalMaskType)0>, 16>(__half const*, __half const*, __half*, int const*, int const*) [clone .kd]",2,0,85,1289353,1289353,8000,64,0,0,124,4,32,64,"0x0","0x7f92ef12c180",4181447074206539,4181447084562152,4181447084819575,4181447084829708,257423
84,"void softmax_backward_kernel<__half, FmhaKernelConfig<4000, 16, 1, 16, 128, 256, false, (CausalMaskType)0> >(__half const*, __half const*, __half*, float, int const*) [clone .kd]",2,0,86,1289353,1289353,1024000,256,1024,0,20,4,16,64,"0x0","0x7f92ef12c1c0",4181447074225026,4181447084819575,4181447084824903,4181447084843919,5328
85,"void compute_grad_qk_kernel<__half, FmhaKernelConfig<4000, 16, 1, 16, 128, 256, false, (CausalMaskType)0>, 4, 16>(__half const*, __half const*, __half const*, __half*, __half*, float, int const*, int const*) [clone .kd]",2,0,87,1289353,1289353,1024000,64,32768,0,32,0,64,64,"0x0","0x7f92ef12c200",4181447074250925,4181447084824903,4181447085147382,4181447085183183,322479
86,"void compute_grad_v_kernel<__half, FmhaKernelConfig<4000, 16, 1, 16, 128, 256, false, (CausalMaskType)0>, 16, 16>(__half const*, __half const*, __half*, int const*, int const*) [clone .kd]",2,0,88,1289353,1289353,256000,64,32768,0,28,4,32,64,"0x0","0x7f92ef12c140",4181447074256653,4181447085147382,4181447085203064,4181447085203724,55682
87,"void compute_grad_attn_kernel<__half, FmhaKernelConfig<4000, 16, 1, 16, 128, 256, false, (CausalMaskType)0>, 16>(__half const*, __half const*, __half*, int const*, int const*) [clone .kd]",2,0,89,1289353,1289353,8000,64,0,0,124,4,32,64,"0x0","0x7f92ef12c180",4181447074273498,4181447085203064,4181447085459645,4181447085460746,256581
88,"void softmax_backward_kernel<__half, FmhaKernelConfig<4000, 16, 1, 16, 128, 256, false, (CausalMaskType)0> >(__half const*, __half const*, __half*, float, int const*) [clone .kd]",2,0,90,1289353,1289353,1024000,256,1024,0,20,4,16,64,"0x0","0x7f92ef12c1c0",4181447074278776,4181447085459645,4181447085465013,4181447085472354,5368
89,"void compute_grad_qk_kernel<__half, FmhaKernelConfig<4000, 16, 1, 16, 128, 256, false, (CausalMaskType)0>, 4, 16>(__half const*, __half const*, __half const*, __half*, __half*, float, int const*, int const*) [clone .kd]",2,0,91,1289353,1289353,1024000,64,32768,0,32,0,64,64,"0x0","0x7f92ef12c200",4181447074284304,4181447085465013,4181447085788053,4181447085807352,323040
90,"void compute_grad_v_kernel<__half, FmhaKernelConfig<4000, 16, 1, 16, 128, 256, false, (CausalMaskType)0>, 16, 16>(__half const*, __half const*, __half*, int const*, int const*) [clone .kd]",2,0,92,1289353,1289353,256000,64,32768,0,28,4,32,64,"0x0","0x7f92ef12c140",4181447074303243,4181447085788053,4181447085845499,4181447085907391,57446
91,"void compute_grad_attn_kernel<__half, FmhaKernelConfig<4000, 16, 1, 16, 128, 256, false, (CausalMaskType)0>, 16>(__half const*, __half const*, __half*, int const*, int const*) [clone .kd]",2,0,93,1289353,1289353,8000,64,0,0,124,4,32,64,"0x0","0x7f92ef12c180",4181447074319086,4181447085845499,4181447086100758,4181447086162610,255259
92,"void softmax_backward_kernel<__half, FmhaKernelConfig<4000, 16, 1, 16, 128, 256, false, (CausalMaskType)0> >(__half const*, __half const*, __half*, float, int const*) [clone .kd]",2,0,94,1289353,1289353,1024000,256,1024,0,20,4,16,64,"0x0","0x7f92ef12c1c0",4181447074324074,4181447086100758,4181447086106086,4181447086175780,5328
93,"void compute_grad_qk_kernel<__half, FmhaKernelConfig<4000, 16, 1, 16, 128, 256, false, (CausalMaskType)0>, 4, 16>(__half const*, __half const*, __half const*, __half*, __half*, float, int const*, int const*) [clone .kd]",2,0,95,1289353,1289353,1024000,64,32768,0,32,0,64,64,"0x0","0x7f92ef12c200",4181447074343492,4181447086106086,4181447086430367,4181447086507313,324281
94,"void compute_grad_v_kernel<__half, FmhaKernelConfig<4000, 16, 1, 16, 128, 256, false, (CausalMaskType)0>, 16, 16>(__half const*, __half const*, __half*, int const*, int const*) [clone .kd]",2,0,96,1289353,1289353,256000,64,32768,0,28,4,32,64,"0x0","0x7f92ef12c140",4181447074348440,4181447086430367,4181447086484728,4181447086516887,54361
95,"void compute_grad_attn_kernel<__half, FmhaKernelConfig<4000, 16, 1, 16, 128, 256, false, (CausalMaskType)0>, 16>(__half const*, __half const*, __half*, int const*, int const*) [clone .kd]",2,0,97,1289353,1289353,8000,64,0,0,124,4,32,64,"0x0","0x7f92ef12c180",4181447074353447,4181447086484728,4181447086741509,4181447086771486,256781
96,"void softmax_backward_kernel<__half, FmhaKernelConfig<4000, 16, 1, 16, 128, 256, false, (CausalMaskType)0> >(__half const*, __half const*, __half*, float, int const*) [clone .kd]",2,0,98,1289353,1289353,1024000,256,1024,0,20,4,16,64,"0x0","0x7f92ef12c1c0",4181447074358104,4181447086741509,4181447086746757,4181447086781030,5248
97,"void compute_grad_qk_kernel<__half, FmhaKernelConfig<4000, 16, 1, 16, 128, 256, false, (CausalMaskType)0>, 4, 16>(__half const*, __half const*, __half const*, __half*, __half*, float, int const*, int const*) [clone .kd]",2,0,99,1289353,1289353,1024000,64,32768,0,32,0,64,64,"0x0","0x7f92ef12c200",4181447074377663,4181447086746757,4181447087067954,4181447087108968,321197
98,"void compute_grad_v_kernel<__half, FmhaKernelConfig<4000, 16, 1, 16, 128, 256, false, (CausalMaskType)0>, 16, 16>(__half const*, __half const*, __half*, int const*, int const*) [clone .kd]",2,0,100,1289353,1289353,256000,64,32768,0,28,4,32,64,"0x0","0x7f92ef12c140",4181447074383141,4181447087067954,4181447087125280,4181447087129208,57326
99,"void compute_grad_attn_kernel<__half, FmhaKernelConfig<4000, 16, 1, 16, 128, 256, false, (CausalMaskType)0>, 16>(__half const*, __half const*, __half*, int const*, int const*) [clone .kd]",2,0,101,1289353,1289353,8000,64,0,0,124,4,32,64,"0x0","0x7f92ef12c180",4181447074402630,4181447087125280,4181447087380499,4181447087455393,255219
100,"void softmax_backward_kernel<__half, FmhaKernelConfig<4000, 16, 1, 16, 128, 256, false, (CausalMaskType)0> >(__half const*, __half const*, __half*, float, int const*) [clone .kd]",2,0,102,1289353,1289353,1024000,256,1024,0,20,4,16,64,"0x0","0x7f92ef12c1c0",4181447074407828,4181447087380499,4181447087385787,4181447087465648,5288
101,"void compute_grad_qk_kernel<__half, FmhaKernelConfig<4000, 16, 1, 16, 128, 256, false, (CausalMaskType)0>, 4, 16>(__half const*, __half const*, __half const*, __half*, __half*, float, int const*, int const*) [clone .kd]",2,0,103,1289353,1289353,1024000,64,32768,0,32,0,64,64,"0x0","0x7f92ef12c200",4181447074413136,4181447087385787,4181447087708906,4181447087716341,323119
102,"void compute_grad_v_kernel<__half, FmhaKernelConfig<4000, 16, 1, 16, 128, 256, false, (CausalMaskType)0>, 16, 16>(__half const*, __half const*, __half*, int const*, int const*) [clone .kd]",2,0,104,1289353,1289353,256000,64,32768,0,28,4,32,64,"0x0","0x7f92ef12c140",4181447074434057,4181447087708906,4181447087766432,4181447087815278,57526
103,"void compute_grad_attn_kernel<__half, FmhaKernelConfig<4000, 16, 1, 16, 128, 256, false, (CausalMaskType)0>, 16>(__half const*, __half const*, __half*, int const*, int const*) [clone .kd]",2,0,105,1289353,1289353,8000,64,0,0,124,4,32,64,"0x0","0x7f92ef12c180",4181447074438974,4181447087766432,4181447088025176,4181447088061995,258744
104,"void softmax_backward_kernel<__half, FmhaKernelConfig<4000, 16, 1, 16, 128, 256, false, (CausalMaskType)0> >(__half const*, __half const*, __half*, float, int const*) [clone .kd]",2,0,106,1289353,1289353,1024000,256,1024,0,20,4,16,64,"0x0","0x7f92ef12c1c0",4181447074460567,4181447088025176,4181447088030504,4181447088071679,5328
105,"void compute_grad_qk_kernel<__half, FmhaKernelConfig<4000, 16, 1, 16, 128, 256, false, (CausalMaskType)0>, 4, 16>(__half const*, __half const*, __half const*, __half*, __half*, float, int const*, int const*) [clone .kd]",2,0,107,1289353,1289353,1024000,64,32768,0,32,0,64,64,"0x0","0x7f92ef12c200",4181447074465374,4181447088030504,4181447088352863,4181447088398556,322359
106,"void compute_grad_v_kernel<__half, FmhaKernelConfig<4000, 16, 1, 16, 128, 256, false, (CausalMaskType)0>, 16, 16>(__half const*, __half const*, __half*, int const*, int const*) [clone .kd]",2,0,108,1289353,1289353,256000,64,32768,0,28,4,32,64,"0x0","0x7f92ef12c140",4181447074470271,4181447088352863,4181447088409347,4181447088410343,56484
107,"void compute_grad_attn_kernel<__half, FmhaKernelConfig<4000, 16, 1, 16, 128, 256, false, (CausalMaskType)0>, 16>(__half const*, __half const*, __half*, int const*, int const*) [clone .kd]",2,0,109,1289353,1289353,8000,64,0,0,124,4,32,64,"0x0","0x7f92ef12c180",4181447074494237,4181447088409347,4181447088665047,4181447088730920,255700
108,"void softmax_backward_kernel<__half, FmhaKernelConfig<4000, 16, 1, 16, 128, 256, false, (CausalMaskType)0> >(__half const*, __half const*, __half*, float, int const*) [clone .kd]",2,0,110,1289353,1289353,1024000,256,1024,0,20,4,16,64,"0x0","0x7f92ef12c1c0",4181447074499254,4181447088665047,4181447088670335,4181447088740334,5288
109,"void compute_grad_qk_kernel<__half, FmhaKernelConfig<4000, 16, 1, 16, 128, 256, false, (CausalMaskType)0>, 4, 16>(__half const*, __half const*, __half const*, __half*, __half*, float, int const*, int const*) [clone .kd]",2,0,111,1289353,1289353,1024000,64,32768,0,32,0,64,64,"0x0","0x7f92ef12c200",4181447074504802,4181447088670335,4181447088994055,4181447089070635,323720
110,"void compute_grad_v_kernel<__half, FmhaKernelConfig<4000, 16, 1, 16, 128, 256, false, (CausalMaskType)0>, 16, 16>(__half const*, __half const*, __half*, int const*, int const*) [clone .kd]",2,0,112,1289353,1289353,256000,64,32768,0,28,4,32,64,"0x0","0x7f92ef12c140",4181447074527887,4181447088994055,4181447089048056,4181447089060570,54001
111,"void compute_grad_attn_kernel<__half, FmhaKernelConfig<4000, 16, 1, 16, 128, 256, false, (CausalMaskType)0>, 16>(__half const*, __half const*, __half*, int const*, int const*) [clone .kd]",2,0,113,1289353,1289353,8000,64,0,0,124,4,32,64,"0x0","0x7f92ef12c180",4181447074533315,4181447089048056,4181447089305718,4181447089310552,257662
112,"void softmax_backward_kernel<__half, FmhaKernelConfig<4000, 16, 1, 16, 128, 256, false, (CausalMaskType)0> >(__half const*, __half const*, __half*, float, int const*) [clone .kd]",2,0,114,1289353,1289353,1024000,256,1024,0,20,4,16,64,"0x0","0x7f92ef12c1c0",4181447074538903,4181447089305718,4181447089311046,4181447089321098,5328
113,"void compute_grad_qk_kernel<__half, FmhaKernelConfig<4000, 16, 1, 16, 128, 256, false, (CausalMaskType)0>, 4, 16>(__half const*, __half const*, __half const*, __half*, __half*, float, int const*, int const*) [clone .kd]",2,0,115,1289353,1289353,1024000,64,32768,0,32,0,64,64,"0x0","0x7f92ef12c200",4181447074564070,4181447089311046,4181447089635568,4181447089706481,324522
114,"void compute_grad_v_kernel<__half, FmhaKernelConfig<4000, 16, 1, 16, 128, 256, false, (CausalMaskType)0>, 16, 16>(__half const*, __half const*, __half*, int const*, int const*) [clone .kd]",2,0,116,1289353,1289353,256000,64,32768,0,28,4,32,64,"0x0","0x7f92ef12c140",4181447074593895,4181447089635568,4181447089694536,4181447089717056,58968
115,"void compute_grad_attn_kernel<__half, FmhaKernelConfig<4000, 16, 1, 16, 128, 256, false, (CausalMaskType)0>, 16>(__half const*, __half const*, __half*, int const*, int const*) [clone .kd]",2,0,117,1289353,1289353,8000,64,0,0,124,4,32,64,"0x0","0x7f92ef12c180",4181447074599493,4181447089694536,4181447089952679,4181447089953218,258143
116,"void softmax_backward_kernel<__half, FmhaKernelConfig<4000, 16, 1, 16, 128, 256, false, (CausalMaskType)0> >(__half const*, __half const*, __half*, float, int const*) [clone .kd]",2,0,118,1289353,1289353,1024000,256,1024,0,20,4,16,64,"0x0","0x7f92ef12c1c0",4181447074603159,4181447089952679,4181447089957967,4181447089962662,5288
117,"void compute_grad_qk_kernel<__half, FmhaKernelConfig<4000, 16, 1, 16, 128, 256, false, (CausalMaskType)0>, 4, 16>(__half const*, __half const*, __half const*, __half*, __half*, float, int const*, int const*) [clone .kd]",2,0,119,1289353,1289353,1024000,64,32768,0,32,0,64,64,"0x0","0x7f92ef12c200",4181447074622577,4181447089957967,4181447090279044,4181447090346883,321077
118,"void compute_grad_v_kernel<__half, FmhaKernelConfig<4000, 16, 1, 16, 128, 256, false, (CausalMaskType)0>, 16, 16>(__half const*, __half const*, __half*, int const*, int const*) [clone .kd]",2,0,120,1289353,1289353,256000,64,32768,0,28,4,32,64,"0x0","0x7f92ef12c140",4181447074627975,4181447090279044,4181447090334807,4181447090357048,55763
119,"void compute_grad_attn_kernel<__half, FmhaKernelConfig<4000, 16, 1, 16, 128, 256, false, (CausalMaskType)0>, 16>(__half const*, __half const*, __half*, int const*, int const*) [clone .kd]",2,0,121,1289353,1289353,8000,64,0,0,124,4,32,64,"0x0","0x7f92ef12c180",4181447074652262,4181447090334807,4181447090589505,4181447090591517,254698
120,"void softmax_backward_kernel<__half, FmhaKernelConfig<4000, 16, 1, 16, 128, 256, false, (CausalMaskType)0> >(__half const*, __half const*, __half*, float, int const*) [clone .kd]",2,0,122,1289353,1289353,1024000,256,1024,0,20,4,16,64,"0x0","0x7f92ef12c1c0",4181447074656788,4181447090589505,4181447090594913,4181447090602473,5408
121,"void compute_grad_qk_kernel<__half, FmhaKernelConfig<4000, 16, 1, 16, 128, 256, false, (CausalMaskType)0>, 4, 16>(__half const*, __half const*, __half const*, __half*, __half*, float, int const*, int const*) [clone .kd]",2,0,123,1289353,1289353,1024000,64,32768,0,32,0,64,64,"0x0","0x7f92ef12c200",4181447074662236,4181447090594913,4181447090919476,4181447090976880,324563
122,"void compute_grad_v_kernel<__half, FmhaKernelConfig<4000, 16, 1, 16, 128, 256, false, (CausalMaskType)0>, 16, 16>(__half const*, __half const*, __half*, int const*, int const*) [clone .kd]",2,0,124,1289353,1289353,256000,64,32768,0,28,4,32,64,"0x0","0x7f92ef12c140",4181447074667184,4181447090919476,4181447090977362,4181447090986524,57886
123,"void compute_grad_attn_kernel<__half, FmhaKernelConfig<4000, 16, 1, 16, 128, 256, false, (CausalMaskType)0>, 16>(__half const*, __half const*, __half*, int const*, int const*) [clone .kd]",2,0,125,1289353,1289353,8000,64,0,0,124,4,32,64,"0x0","0x7f92ef12c180",4181447074694354,4181447090977362,4181447091231739,4181447091289405,254377
124,"void softmax_backward_kernel<__half, FmhaKernelConfig<4000, 16, 1, 16, 128, 256, false, (CausalMaskType)0> >(__half const*, __half const*, __half*, float, int const*) [clone .kd]",2,0,126,1289353,1289353,1024000,256,1024,0,20,4,16,64,"0x0","0x7f92ef12c1c0",4181447074699902,4181447091231739,4181447091237107,4181447091299590,5368
125,"void compute_grad_qk_kernel<__half, FmhaKernelConfig<4000, 16, 1, 16, 128, 256, false, (CausalMaskType)0>, 4, 16>(__half const*, __half const*, __half const*, __half*, __half*, float, int const*, int const*) [clone .kd]",2,0,127,1289353,1289353,1024000,64,32768,0,32,0,64,64,"0x0","0x7f92ef12c200",4181447074705280,4181447091237107,4181447091560908,4181447091604704,323801
126,"void compute_grad_v_kernel<__half, FmhaKernelConfig<4000, 16, 1, 16, 128, 256, false, (CausalMaskType)0>, 16, 16>(__half const*, __half const*, __half*, int const*, int const*) [clone .kd]",2,0,128,1289353,1289353,256000,64,32768,0,28,4,32,64,"0x0","0x7f92ef12c140",4181447074733272,4181447091560908,4181447091617152,4181447091624283,56244
127,"void compute_grad_attn_kernel<__half, FmhaKernelConfig<4000, 16, 1, 16, 128, 256, false, (CausalMaskType)0>, 16>(__half const*, __half const*, __half*, int const*, int const*) [clone .kd]",2,0,129,1289353,1289353,8000,64,0,0,124,4,32,64,"0x0","0x7f92ef12c180",4181447074739261,4181447091617152,4181447091873252,4181447091922126,256100
128,"void softmax_backward_kernel<__half, FmhaKernelConfig<4000, 16, 1, 16, 128, 256, false, (CausalMaskType)0> >(__half const*, __half const*, __half*, float, int const*) [clone .kd]",2,0,130,1289353,1289353,1024000,256,1024,0,20,4,16,64,"0x0","0x7f92ef12c1c0",4181447074764238,4181447091873252,4181447091878620,4181447091932050,5368
129,"void compute_grad_qk_kernel<__half, FmhaKernelConfig<4000, 16, 1, 16, 128, 256, false, (CausalMaskType)0>, 4, 16>(__half const*, __half const*, __half const*, __half*, __half*, float, int const*, int const*) [clone .kd]",2,0,131,1289353,1289353,1024000,64,32768,0,32,0,64,64,"0x0","0x7f92ef12c200",4181447074769766,4181447091878620,4181447092199096,4181447092233098,320476
130,"void compute_grad_v_kernel<__half, FmhaKernelConfig<4000, 16, 1, 16, 128, 256, false, (CausalMaskType)0>, 16, 16>(__half const*, __half const*, __half*, int const*, int const*) [clone .kd]",2,0,132,1289353,1289353,256000,64,32768,0,28,4,32,64,"0x0","0x7f92ef12c140",4181447074798099,4181447092199096,4181447092258384,4181447092321800,59288
131,"void compute_grad_attn_kernel<__half, FmhaKernelConfig<4000, 16, 1, 16, 128, 256, false, (CausalMaskType)0>, 16>(__half const*, __half const*, __half*, int const*, int const*) [clone .kd]",2,0,133,1289353,1289353,8000,64,0,0,124,4,32,64,"0x0","0x7f92ef12c180",4181447074804067,4181447092258384,4181447092513443,4181447092546674,255059
132,"void softmax_backward_kernel<__half, FmhaKernelConfig<4000, 16, 1, 16, 128, 256, false, (CausalMaskType)0> >(__half const*, __half const*, __half*, float, int const*) [clone .kd]",2,0,134,1289353,1289353,1024000,256,1024,0,20,4,16,64,"0x0","0x7f92ef12c1c0",4181447074832049,4181447092513443,4181447092518811,4181447092556489,5368
133,"void compute_grad_qk_kernel<__half, FmhaKernelConfig<4000, 16, 1, 16, 128, 256, false, (CausalMaskType)0>, 4, 16>(__half const*, __half const*, __half const*, __half*, __half*, float, int const*, int const*) [clone .kd]",2,0,135,1289353,1289353,1024000,64,32768,0,32,0,64,64,"0x0","0x7f92ef12c200",4181447074837757,4181447092518811,4181447092842692,4181447092844067,323881
134,"void compute_grad_v_kernel<__half, FmhaKernelConfig<4000, 16, 1, 16, 128, 256, false, (CausalMaskType)0>, 16, 16>(__half const*, __half const*, __half*, int const*, int const*) [clone .kd]",2,0,136,1289353,1289353,256000,64,32768,0,28,4,32,64,"0x0","0x7f92ef12c140",4181447074866620,4181447092842692,4181447092898936,4181447092937556,56244
135,"void compute_grad_attn_kernel<__half, FmhaKernelConfig<4000, 16, 1, 16, 128, 256, false, (CausalMaskType)0>, 16>(__half const*, __half const*, __half*, int const*, int const*) [clone .kd]",2,0,137,1289353,1289353,8000,64,0,0,124,4,32,64,"0x0","0x7f92ef12c180",4181447074887822,4181447092898936,4181447093154355,4181447093155840,255419
136,"void softmax_backward_kernel<__half, FmhaKernelConfig<4000, 16, 1, 16, 128, 256, false, (CausalMaskType)0> >(__half const*, __half const*, __half*, float, int const*) [clone .kd]",2,0,138,1289353,1289353,1024000,256,1024,0,20,4,16,64,"0x0","0x7f92ef12c1c0",4181447074893721,4181447093154355,4181447093159723,4181447093167157,5368
137,"void compute_grad_qk_kernel<__half, FmhaKernelConfig<4000, 16, 1, 16, 128, 256, false, (CausalMaskType)0>, 4, 16>(__half const*, __half const*, __half const*, __half*, __half*, float, int const*, int const*) [clone .kd]",2,0,139,1289353,1289353,1024000,64,32768,0,32,0,64,64,"0x0","0x7f92ef12c200",4181447074899159,4181447093159723,4181447093480800,4181447093523387,321077
138,"void compute_grad_v_kernel<__half, FmhaKernelConfig<4000, 16, 1, 16, 128, 256, false, (CausalMaskType)0>, 16, 16>(__half const*, __half const*, __half*, int const*, int const*) [clone .kd]",2,0,140,1289353,1289353,256000,64,32768,0,28,4,32,64,"0x0","0x7f92ef12c140",4181447074928733,4181447093480800,4181447093539608,4181447093542596,58808
139,"void compute_grad_attn_kernel<__half, FmhaKernelConfig<4000, 16, 1, 16, 128, 256, false, (CausalMaskType)0>, 16>(__half const*, __half const*, __half*, int const*, int const*) [clone .kd]",2,0,141,1289353,1289353,8000,64,0,0,124,4,32,64,"0x0","0x7f92ef12c180",4181447074944176,4181447093539608,4181447093793224,4181447093829552,253616
140,"void softmax_backward_kernel<__half, FmhaKernelConfig<4000, 16, 1, 16, 128, 256, false, (CausalMaskType)0> >(__half const*, __half const*, __half*, float, int const*) [clone .kd]",2,0,142,1289353,1289353,1024000,256,1024,0,20,4,16,64,"0x0","0x7f92ef12c1c0",4181447074950235,4181447093793224,4181447093798592,4181447093839968,5368
141,"void compute_grad_qk_kernel<__half, FmhaKernelConfig<4000, 16, 1, 16, 128, 256, false, (CausalMaskType)0>, 4, 16>(__half const*, __half const*, __half const*, __half*, __half*, float, int const*, int const*) [clone .kd]",2,0,143,1289353,1289353,1024000,64,32768,0,32,0,64,64,"0x0","0x7f92ef12c200",4181447074956224,4181447093798592,4181447094115062,4181447094121857,316470
142,"void compute_grad_v_kernel<__half, FmhaKernelConfig<4000, 16, 1, 16, 128, 256, false, (CausalMaskType)0>, 16, 16>(__half const*, __half const*, __half*, int const*, int const*) [clone .kd]",2,0,144,1289353,1289353,256000,64,32768,0,28,4,32,64,"0x0","0x7f92ef12c140",4181447074986499,4181447094115062,4181447094172708,4181447094212182,57646
143,"void compute_grad_attn_kernel<__half, FmhaKernelConfig<4000, 16, 1, 16, 128, 256, false, (CausalMaskType)0>, 16>(__half const*, __half const*, __half*, int const*, int const*) [clone .kd]",2,0,145,1289353,1289353,8000,64,0,0,124,4,32,64,"0x0","0x7f92ef12c180",4181447074991987,4181447094172708,4181447094427206,4181447094493059,254498
144,"void softmax_backward_kernel<__half, FmhaKernelConfig<4000, 16, 1, 16, 128, 256, false, (CausalMaskType)0> >(__half const*, __half const*, __half*, float, int const*) [clone .kd]",2,0,146,1289353,1289353,1024000,256,1024,0,20,4,16,64,"0x0","0x7f92ef12c1c0",4181447075022763,4181447094427206,4181447094432574,4181447094503335,5368
145,"void compute_grad_qk_kernel<__half, FmhaKernelConfig<4000, 16, 1, 16, 128, 256, false, (CausalMaskType)0>, 4, 16>(__half const*, __half const*, __half const*, __half*, __half*, float, int const*, int const*) [clone .kd]",2,0,147,1289353,1289353,1024000,64,32768,0,32,0,64,64,"0x0","0x7f92ef12c200",4181447075028611,4181447094432574,4181447094754572,4181447094782069,321998
146,"void compute_grad_v_kernel<__half, FmhaKernelConfig<4000, 16, 1, 16, 128, 256, false, (CausalMaskType)0>, 16, 16>(__half const*, __half const*, __half*, int const*, int const*) [clone .kd]",2,0,148,1289353,1289353,256000,64,32768,0,28,4,32,64,"0x0","0x7f92ef12c140",4181447075060519,4181447094754572,4181447094806530,4181447094867126,51958
147,"void compute_grad_attn_kernel<__half, FmhaKernelConfig<4000, 16, 1, 16, 128, 256, false, (CausalMaskType)0>, 16>(__half const*, __half const*, __half*, int const*, int const*) [clone .kd]",2,0,149,1289353,1289353,8000,64,0,0,124,4,32,64,"0x0","0x7f92ef12c180",4181447075070183,4181447094806530,4181447095061949,4181447095080052,255419
148,"void softmax_backward_kernel<__half, FmhaKernelConfig<4000, 16, 1, 16, 128, 256, false, (CausalMaskType)0> >(__half const*, __half const*, __half*, float, int const*) [clone .kd]",2,0,150,1289353,1289353,1024000,256,1024,0,20,4,16,64,"0x0","0x7f92ef12c1c0",4181447075103923,4181447095061949,4181447095067237,4181447095090077,5288
149,"void compute_grad_qk_kernel<__half, FmhaKernelConfig<4000, 16, 1, 16, 128, 256, false, (CausalMaskType)0>, 4, 16>(__half const*, __half const*, __half const*, __half*, __half*, float, int const*, int const*) [clone .kd]",2,0,151,1289353,1289353,1024000,64,32768,0,32,0,64,64,"0x0","0x7f92ef12c200",4181447075109622,4181447095067237,4181447095386271,4181447095432306,319034
150,"void compute_grad_v_kernel<__half, FmhaKernelConfig<4000, 16, 1, 16, 128, 256, false, (CausalMaskType)0>, 16, 16>(__half const*, __half const*, __half*, int const*, int const*) [clone .kd]",2,0,152,1289353,1289353,256000,64,32768,0,28,4,32,64,"0x0","0x7f92ef12c140",4181447075115280,4181447095386271,4181447095441833,4181447095446998,55562
151,"void compute_grad_attn_kernel<__half, FmhaKernelConfig<4000, 16, 1, 16, 128, 256, false, (CausalMaskType)0>, 16>(__half const*, __half const*, __half*, int const*, int const*) [clone .kd]",2,0,153,1289353,1289353,8000,64,0,0,124,4,32,64,"0x0","0x7f92ef12c180",4181447075120208,4181447095441833,4181447095697373,4181447095725032,255540
152,"void softmax_backward_kernel<__half, FmhaKernelConfig<4000, 16, 1, 16, 128, 256, false, (CausalMaskType)0> >(__half const*, __half const*, __half*, float, int const*) [clone .kd]",2,0,154,1289353,1289353,1024000,256,1024,0,20,4,16,64,"0x0","0x7f92ef12c1c0",4181447075125105,4181447095697373,4181447095702701,4181447095734436,5328
153,"void compute_grad_qk_kernel<__half, FmhaKernelConfig<4000, 16, 1, 16, 128, 256, false, (CausalMaskType)0>, 4, 16>(__half const*, __half const*, __half const*, __half*, __half*, float, int const*, int const*) [clone .kd]",2,0,155,1289353,1289353,1024000,64,32768,0,32,0,64,64,"0x0","0x7f92ef12c200",4181447075130042,4181447095702701,4181447096023217,4181447096069544,320516
154,"void compute_grad_v_kernel<__half, FmhaKernelConfig<4000, 16, 1, 16, 128, 256, false, (CausalMaskType)0>, 16, 16>(__half const*, __half const*, __half*, int const*, int const*) [clone .kd]",2,0,156,1289353,1289353,256000,64,32768,0,28,4,32,64,"0x0","0x7f92ef12c140",4181447075135330,4181447096023217,4181447096072170,4181447096079399,48953
155,"void compute_grad_attn_kernel<__half, FmhaKernelConfig<4000, 16, 1, 16, 128, 256, false, (CausalMaskType)0>, 16>(__half const*, __half const*, __half*, int const*, int const*) [clone .kd]",2,0,157,1289353,1289353,8000,64,0,0,124,4,32,64,"0x0","0x7f92ef12c180",4181447075140878,4181447096072170,4181447096328150,4181447096366526,255980
156,"void softmax_backward_kernel<__half, FmhaKernelConfig<4000, 16, 1, 16, 128, 256, false, (CausalMaskType)0> >(__half const*, __half const*, __half*, float, int const*) [clone .kd]",2,0,158,1289353,1289353,1024000,256,1024,0,20,4,16,64,"0x0","0x7f92ef12c1c0",4181447075146206,4181447096328150,4181447096333478,4181447096353947,5328
157,"void compute_grad_qk_kernel<__half, FmhaKernelConfig<4000, 16, 1, 16, 128, 256, false, (CausalMaskType)0>, 4, 16>(__half const*, __half const*, __half const*, __half*, __half*, float, int const*, int const*) [clone .kd]",2,0,159,1289353,1289353,1024000,64,32768,0,32,0,64,64,"0x0","0x7f92ef12c200",4181447075152145,4181447096333478,4181447096648626,4181447096695615,315148
158,"void compute_grad_v_kernel<__half, FmhaKernelConfig<4000, 16, 1, 16, 128, 256, false, (CausalMaskType)0>, 16, 16>(__half const*, __half const*, __half*, int const*, int const*) [clone .kd]",2,0,160,1289353,1289353,256000,64,32768,0,28,4,32,64,"0x0","0x7f92ef12c140",4181447075157733,4181447096648626,4181447096704990,4181447096712140,56364
159,"void compute_grad_attn_kernel<__half, FmhaKernelConfig<4000, 16, 1, 16, 128, 256, false, (CausalMaskType)0>, 16>(__half const*, __half const*, __half*, int const*, int const*) [clone .kd]",2,0,161,1289353,1289353,8000,64,0,0,124,4,32,64,"0x0","0x7f92ef12c180",4181447075163011,4181447096704990,4181447096959688,4181447096976162,254698
160,"void softmax_backward_kernel<__half, FmhaKernelConfig<4000, 16, 1, 16, 128, 256, false, (CausalMaskType)0> >(__half const*, __half const*, __half*, float, int const*) [clone .kd]",2,0,162,1289353,1289353,1024000,256,1024,0,20,4,16,64,"0x0","0x7f92ef12c1c0",4181447075167738,4181447096959688,4181447096965016,4181447096986097,5328
161,"void compute_grad_qk_kernel<__half, FmhaKernelConfig<4000, 16, 1, 16, 128, 256, false, (CausalMaskType)0>, 4, 16>(__half const*, __half const*, __half const*, __half*, __half*, float, int const*, int const*) [clone .kd]",2,0,163,1289353,1289353,1024000,64,32768,0,32,0,64,64,"0x0","0x7f92ef12c200",4181447075202059,4181447096965016,4181447097290780,4181447097311471,325764
162,"void compute_grad_v_kernel<__half, FmhaKernelConfig<4000, 16, 1, 16, 128, 256, false, (CausalMaskType)0>, 16, 16>(__half const*, __half const*, __half*, int const*, int const*) [clone .kd]",2,0,164,1289353,1289353,256000,64,32768,0,28,4,32,64,"0x0","0x7f92ef12c140",4181447075232344,4181447097290780,4181447097340934,4181447097392812,50154
163,"void compute_grad_attn_kernel<__half, FmhaKernelConfig<4000, 16, 1, 16, 128, 256, false, (CausalMaskType)0>, 16>(__half const*, __half const*, __half*, int const*, int const*) [clone .kd]",2,0,165,1289353,1289353,8000,64,0,0,124,4,32,64,"0x0","0x7f92ef12c180",4181447075237883,4181447097340934,4181447097596594,4181447097654581,255660
164,"void softmax_backward_kernel<__half, FmhaKernelConfig<4000, 16, 1, 16, 128, 256, false, (CausalMaskType)0> >(__half const*, __half const*, __half*, float, int const*) [clone .kd]",2,0,166,1289353,1289353,1024000,256,1024,0,20,4,16,64,"0x0","0x7f92ef12c1c0",4181447075242530,4181447097596594,4181447097601922,4181447097664506,5328
165,"void compute_grad_qk_kernel<__half, FmhaKernelConfig<4000, 16, 1, 16, 128, 256, false, (CausalMaskType)0>, 4, 16>(__half const*, __half const*, __half const*, __half*, __half*, float, int const*, int const*) [clone .kd]",2,0,167,1289353,1289353,1024000,64,32768,0,32,0,64,64,"0x0","0x7f92ef12c200",4181447075248288,4181447097601922,4181447097919514,4181447097922880,317592
166,"void compute_grad_v_kernel<__half, FmhaKernelConfig<4000, 16, 1, 16, 128, 256, false, (CausalMaskType)0>, 16, 16>(__half const*, __half const*, __half*, int const*, int const*) [clone .kd]",2,0,168,1289353,1289353,256000,64,32768,0,28,4,32,64,"0x0","0x7f92ef12c140",4181447075254117,4181447097919514,4181447097975637,4181447098002980,56123
167,"void compute_grad_attn_kernel<__half, FmhaKernelConfig<4000, 16, 1, 16, 128, 256, false, (CausalMaskType)0>, 16>(__half const*, __half const*, __half*, int const*, int const*) [clone .kd]",2,0,169,1289353,1289353,8000,64,0,0,124,4,32,64,"0x0","0x7f92ef12c180",4181447075259345,4181447097975637,4181447098232579,4181447098266451,256942
168,"void softmax_backward_kernel<__half, FmhaKernelConfig<4000, 16, 1, 16, 128, 256, false, (CausalMaskType)0> >(__half const*, __half const*, __half*, float, int const*) [clone .kd]",2,0,170,1289353,1289353,1024000,256,1024,0,20,4,16,64,"0x0","0x7f92ef12c1c0",4181447075296530,4181447098232579,4181447098237867,4181447098276176,5288
169,"void compute_grad_qk_kernel<__half, FmhaKernelConfig<4000, 16, 1, 16, 128, 256, false, (CausalMaskType)0>, 4, 16>(__half const*, __half const*, __half const*, __half*, __half*, float, int const*, int const*) [clone .kd]",2,0,171,1289353,1289353,1024000,64,32768,0,32,0,64,64,"0x0","0x7f92ef12c200",4181447075302108,4181447098237867,4181447098559064,4181447098590293,321197
170,"void compute_grad_v_kernel<__half, FmhaKernelConfig<4000, 16, 1, 16, 128, 256, false, (CausalMaskType)0>, 16, 16>(__half const*, __half const*, __half*, int const*, int const*) [clone .kd]",2,0,172,1289353,1289353,256000,64,32768,0,28,4,32,64,"0x0","0x7f92ef12c140",4181447075341597,4181447098559064,4181447098609899,4181447098669521,50835
171,"void compute_grad_attn_kernel<__half, FmhaKernelConfig<4000, 16, 1, 16, 128, 256, false, (CausalMaskType)0>, 16>(__half const*, __half const*, __half*, int const*, int const*) [clone .kd]",2,0,173,1289353,1289353,8000,64,0,0,124,4,32,64,"0x0","0x7f92ef12c180",4181447075346885,4181447098609899,4181447098864077,4181447098922758,254178
172,"void softmax_backward_kernel<__half, FmhaKernelConfig<4000, 16, 1, 16, 128, 256, false, (CausalMaskType)0> >(__half const*, __half const*, __half*, float, int const*) [clone .kd]",2,0,174,1289353,1289353,1024000,256,1024,0,20,4,16,64,"0x0","0x7f92ef12c1c0",4181447075352473,4181447098864077,4181447098869365,4181447098932242,5288
173,"void compute_grad_qk_kernel<__half, FmhaKernelConfig<4000, 16, 1, 16, 128, 256, false, (CausalMaskType)0>, 4, 16>(__half const*, __half const*, __half const*, __half*, __half*, float, int const*, int const*) [clone .kd]",2,0,175,1289353,1289353,1024000,64,32768,0,32,0,64,64,"0x0","0x7f92ef12c200",4181447075386904,4181447098869365,4181447099186796,4181447099240931,317431
174,"void compute_grad_v_kernel<__half, FmhaKernelConfig<4000, 16, 1, 16, 128, 256, false, (CausalMaskType)0>, 16, 16>(__half const*, __half const*, __half*, int const*, int const*) [clone .kd]",2,0,176,1289353,1289353,256000,64,32768,0,28,4,32,64,"0x0","0x7f92ef12c140",4181447075393905,4181447099186796,4181447099244722,4181447099250585,57926
175,"void compute_grad_attn_kernel<__half, FmhaKernelConfig<4000, 16, 1, 16, 128, 256, false, (CausalMaskType)0>, 16>(__half const*, __half const*, __half*, int const*, int const*) [clone .kd]",2,0,177,1289353,1289353,8000,64,0,0,124,4,32,64,"0x0","0x7f92ef12c180",4181447075399643,4181447099244722,4181447099500142,4181447099503902,255420
176,"void softmax_backward_kernel<__half, FmhaKernelConfig<4000, 16, 1, 16, 128, 256, false, (CausalMaskType)0> >(__half const*, __half const*, __half*, float, int const*) [clone .kd]",2,0,178,1289353,1289353,1024000,256,1024,0,20,4,16,64,"0x0","0x7f92ef12c1c0",4181447075438721,4181447099500142,4181447099505389,4181447099513196,5247
177,"void compute_grad_qk_kernel<__half, FmhaKernelConfig<4000, 16, 1, 16, 128, 256, false, (CausalMaskType)0>, 4, 16>(__half const*, __half const*, __half const*, __half*, __half*, float, int const*, int const*) [clone .kd]",2,0,179,1289353,1289353,1024000,64,32768,0,32,0,64,64,"0x0","0x7f92ef12c200",4181447075445341,4181447099505389,4181447099829871,4181447099876726,324482
178,"void compute_grad_v_kernel<__half, FmhaKernelConfig<4000, 16, 1, 16, 128, 256, false, (CausalMaskType)0>, 16, 16>(__half const*, __half const*, __half*, int const*, int const*) [clone .kd]",2,0,180,1289353,1289353,256000,64,32768,0,28,4,32,64,"0x0","0x7f92ef12c140",4181447075450769,4181447099829871,4181447099879064,4181447099886341,49193
179,"void compute_grad_attn_kernel<__half, FmhaKernelConfig<4000, 16, 1, 16, 128, 256, false, (CausalMaskType)0>, 16>(__half const*, __half const*, __half*, int const*, int const*) [clone .kd]",2,0,181,1289353,1289353,8000,64,0,0,124,4,32,64,"0x0","0x7f92ef12c180",4181447075456928,4181447099879064,4181447100134524,4181447100189572,255460
180,"void softmax_backward_kernel<__half, FmhaKernelConfig<4000, 16, 1, 16, 128, 256, false, (CausalMaskType)0> >(__half const*, __half const*, __half*, float, int const*) [clone .kd]",2,0,182,1289353,1289353,1024000,256,1024,0,20,4,16,64,"0x0","0x7f92ef12c1c0",4181447075491179,4181447100134524,4181447100139812,4181447100198936,5288
181,"void compute_grad_qk_kernel<__half, FmhaKernelConfig<4000, 16, 1, 16, 128, 256, false, (CausalMaskType)0>, 4, 16>(__half const*, __half const*, __half const*, __half*, __half*, float, int const*, int const*) [clone .kd]",2,0,183,1289353,1289353,1024000,64,32768,0,32,0,64,64,"0x0","0x7f92ef12c200",4181447075496437,4181447100139812,4181447100456803,4181447100510489,316991
182,"void compute_grad_v_kernel<__half, FmhaKernelConfig<4000, 16, 1, 16, 128, 256, false, (CausalMaskType)0>, 16, 16>(__half const*, __half const*, __half*, int const*, int const*) [clone .kd]",2,0,184,1289353,1289353,256000,64,32768,0,28,4,32,64,"0x0","0x7f92ef12c140",4181447075501725,4181447100456803,4181447100515370,4181447100523308,58567
183,"void compute_grad_attn_kernel<__half, FmhaKernelConfig<4000, 16, 1, 16, 128, 256, false, (CausalMaskType)0>, 16>(__half const*, __half const*, __half*, int const*, int const*) [clone .kd]",2,0,185,1289353,1289353,8000,64,0,0,124,4,32,64,"0x0","0x7f92ef12c180",4181447075506712,4181447100515370,4181447100770869,4181447100823955,255499
184,"void softmax_backward_kernel<__half, FmhaKernelConfig<4000, 16, 1, 16, 128, 256, false, (CausalMaskType)0> >(__half const*, __half const*, __half*, float, int const*) [clone .kd]",2,0,186,1289353,1289353,1024000,256,1024,0,20,4,16,64,"0x0","0x7f92ef12c1c0",4181447075511560,4181447100770869,4181447100776237,4181447100835653,5368
185,"void compute_grad_qk_kernel<__half, FmhaKernelConfig<4000, 16, 1, 16, 128, 256, false, (CausalMaskType)0>, 4, 16>(__half const*, __half const*, __half const*, __half*, __half*, float, int const*, int const*) [clone .kd]",2,0,187,1289353,1289353,1024000,64,32768,0,32,0,64,64,"0x0","0x7f92ef12c200",4181447075517368,4181447100776237,4181447101100879,4181447101132384,324642
186,"void compute_grad_v_kernel<__half, FmhaKernelConfig<4000, 16, 1, 16, 128, 256, false, (CausalMaskType)0>, 16, 16>(__half const*, __half const*, __half*, int const*, int const*) [clone .kd]",2,0,188,1289353,1289353,256000,64,32768,0,28,4,32,64,"0x0","0x7f92ef12c140",4181447075540162,4181447101100879,4181447101149952,4181447101150050,49073
187,"void compute_grad_attn_kernel<__half, FmhaKernelConfig<4000, 16, 1, 16, 128, 256, false, (CausalMaskType)0>, 16>(__half const*, __half const*, __half*, int const*, int const*) [clone .kd]",2,0,189,1289353,1289353,8000,64,0,0,124,4,32,64,"0x0","0x7f92ef12c180",4181447075545300,4181447101149952,4181447101408777,4181447101445269,258825
188,"void softmax_backward_kernel<__half, FmhaKernelConfig<4000, 16, 1, 16, 128, 256, false, (CausalMaskType)0> >(__half const*, __half const*, __half*, float, int const*) [clone .kd]",2,0,190,1289353,1289353,1024000,256,1024,0,20,4,16,64,"0x0","0x7f92ef12c1c0",4181447075550417,4181447101408777,4181447101414145,4181447101454853,5368
189,"void compute_grad_qk_kernel<__half, FmhaKernelConfig<4000, 16, 1, 16, 128, 256, false, (CausalMaskType)0>, 4, 16>(__half const*, __half const*, __half const*, __half*, __half*, float, int const*, int const*) [clone .kd]",2,0,191,1289353,1289353,1024000,64,32768,0,32,0,64,64,"0x0","0x7f92ef12c200",4181447075555365,4181447101414145,4181447101733138,4181447101743292,318993
190,"void compute_grad_v_kernel<__half, FmhaKernelConfig<4000, 16, 1, 16, 128, 256, false, (CausalMaskType)0>, 16, 16>(__half const*, __half const*, __half*, int const*, int const*) [clone .kd]",2,0,192,1289353,1289353,256000,64,32768,0,28,4,32,64,"0x0","0x7f92ef12c140",4181447075560803,4181447101733138,4181447101782732,4181447101814598,49594
191,"void compute_grad_attn_kernel<__half, FmhaKernelConfig<4000, 16, 1, 16, 128, 256, false, (CausalMaskType)0>, 16>(__half const*, __half const*, __half*, int const*, int const*) [clone .kd]",2,0,193,1289353,1289353,8000,64,0,0,124,4,32,64,"0x0","0x7f92ef12c180",4181447075565941,4181447101782732,4181447102039754,4181447102056699,257022
192,"void softmax_backward_kernel<__half, FmhaKernelConfig<4000, 16, 1, 16, 128, 256, false, (CausalMaskType)0> >(__half const*, __half const*, __half*, float, int const*) [clone .kd]",2,0,194,1289353,1289353,1024000,256,1024,0,20,4,16,64,"0x0","0x7f92ef12c1c0",4181447075571108,4181447102039754,4181447102045082,4181447102069127,5328
193,"void compute_grad_qk_kernel<__half, FmhaKernelConfig<4000, 16, 1, 16, 128, 256, false, (CausalMaskType)0>, 4, 16>(__half const*, __half const*, __half const*, __half*, __half*, float, int const*, int const*) [clone .kd]",2,0,195,1289353,1289353,1024000,64,32768,0,32,0,64,64,"0x0","0x7f92ef12c200",4181447075587412,4181447102045082,4181447102365878,4181447102409613,320796
194,"void compute_grad_v_kernel<__half, FmhaKernelConfig<4000, 16, 1, 16, 128, 256, false, (CausalMaskType)0>, 16, 16>(__half const*, __half const*, __half*, int const*, int const*) [clone .kd]",2,0,196,1289353,1289353,256000,64,32768,0,28,4,32,64,"0x0","0x7f92ef12c140",4181447075592981,4181447102365878,4181447102420760,4181447102427720,54882
195,"void compute_grad_attn_kernel<__half, FmhaKernelConfig<4000, 16, 1, 16, 128, 256, false, (CausalMaskType)0>, 16>(__half const*, __half const*, __half*, int const*, int const*) [clone .kd]",2,0,197,1289353,1289353,8000,64,0,0,124,4,32,64,"0x0","0x7f92ef12c180",4181447075598178,4181447102420760,4181447102677101,4181447102713145,256341
196,"void softmax_backward_kernel<__half, FmhaKernelConfig<4000, 16, 1, 16, 128, 256, false, (CausalMaskType)0> >(__half const*, __half const*, __half*, float, int const*) [clone .kd]",2,0,198,1289353,1289353,1024000,256,1024,0,20,4,16,64,"0x0","0x7f92ef12c1c0",4181447075602515,4181447102677101,4181447102682549,4181447102723230,5448
197,"void compute_grad_qk_kernel<__half, FmhaKernelConfig<4000, 16, 1, 16, 128, 256, false, (CausalMaskType)0>, 4, 16>(__half const*, __half const*, __half const*, __half*, __half*, float, int const*, int const*) [clone .kd]",2,0,199,1289353,1289353,1024000,64,32768,0,32,0,64,64,"0x0","0x7f92ef12c200",4181447075607022,4181447102682549,4181447103003546,4181447103004939,320997
198,"void compute_grad_v_kernel<__half, FmhaKernelConfig<4000, 16, 1, 16, 128, 256, false, (CausalMaskType)0>, 16, 16>(__half const*, __half const*, __half*, int const*, int const*) [clone .kd]",2,0,200,1289353,1289353,256000,64,32768,0,28,4,32,64,"0x0","0x7f92ef12c140",4181447075612239,4181447103003546,4181447103052659,4181447103076836,49113
199,"void compute_grad_attn_kernel<__half, FmhaKernelConfig<4000, 16, 1, 16, 128, 256, false, (CausalMaskType)0>, 16>(__half const*, __half const*, __half*, int const*, int const*) [clone .kd]",2,0,201,1289353,1289353,8000,64,0,0,124,4,32,64,"0x0","0x7f92ef12c180",4181447075617157,4181447103052659,4181447103308879,4181447103356772,256220
200,"void softmax_backward_kernel<__half, FmhaKernelConfig<4000, 16, 1, 16, 128, 256, false, (CausalMaskType)0> >(__half const*, __half const*, __half*, float, int const*) [clone .kd]",2,0,202,1289353,1289353,1024000,256,1024,0,20,4,16,64,"0x0","0x7f92ef12c1c0",4181447075622164,4181447103308879,4181447103314207,4181447103370623,5328
201,"void compute_grad_qk_kernel<__half, FmhaKernelConfig<4000, 16, 1, 16, 128, 256, false, (CausalMaskType)0>, 4, 16>(__half const*, __half const*, __half const*, __half*, __half*, float, int const*, int const*) [clone .kd]",2,0,203,1289353,1289353,1024000,64,32768,0,32,0,64,64,"0x0","0x7f92ef12c200",4181447075627392,4181447103314207,4181447103632159,4181447103646803,317952
202,"void compute_grad_v_kernel<__half, FmhaKernelConfig<4000, 16, 1, 16, 128, 256, false, (CausalMaskType)0>, 16, 16>(__half const*, __half const*, __half*, int const*, int const*) [clone .kd]",2,0,204,1289353,1289353,256000,64,32768,0,28,4,32,64,"0x0","0x7f92ef12c140",4181447075632279,4181447103632159,4181447103690927,4181447103717499,58768
203,"void compute_grad_attn_kernel<__half, FmhaKernelConfig<4000, 16, 1, 16, 128, 256, false, (CausalMaskType)0>, 16>(__half const*, __half const*, __half*, int const*, int const*) [clone .kd]",2,0,205,1289353,1289353,8000,64,0,0,124,4,32,64,"0x0","0x7f92ef12c180",4181447075636756,4181447103690927,4181447103946907,4181447103991987,255980
204,"void softmax_backward_kernel<__half, FmhaKernelConfig<4000, 16, 1, 16, 128, 256, false, (CausalMaskType)0> >(__half const*, __half const*, __half*, float, int const*) [clone .kd]",2,0,206,1289353,1289353,1024000,256,1024,0,20,4,16,64,"0x0","0x7f92ef12c1c0",4181447075642234,4181447103946907,4181447103952195,4181447104001511,5288
205,"void compute_grad_qk_kernel<__half, FmhaKernelConfig<4000, 16, 1, 16, 128, 256, false, (CausalMaskType)0>, 4, 16>(__half const*, __half const*, __half const*, __half*, __half*, float, int const*, int const*) [clone .kd]",2,0,207,1289353,1289353,1024000,64,32768,0,32,0,64,64,"0x0","0x7f92ef12c200",4181447075647051,4181447103952195,4181447104274233,4181447104278223,322038
206,"void compute_grad_v_kernel<__half, FmhaKernelConfig<4000, 16, 1, 16, 128, 256, false, (CausalMaskType)0>, 16, 16>(__half const*, __half const*, __half*, int const*, int const*) [clone .kd]",2,0,208,1289353,1289353,256000,64,32768,0,28,4,32,64,"0x0","0x7f92ef12c140",4181447075652069,4181447104274233,4181447104324868,4181447104346684,50635
207,"void compute_grad_attn_kernel<__half, FmhaKernelConfig<4000, 16, 1, 16, 128, 256, false, (CausalMaskType)0>, 16>(__half const*, __half const*, __half*, int const*, int const*) [clone .kd]",2,0,209,1289353,1289353,8000,64,0,0,124,4,32,64,"0x0","0x7f92ef12c180",4181447075656816,4181447104324868,4181447104581289,4181447104618058,256421
208,"void softmax_backward_kernel<__half, FmhaKernelConfig<4000, 16, 1, 16, 128, 256, false, (CausalMaskType)0> >(__half const*, __half const*, __half*, float, int const*) [clone .kd]",2,0,210,1289353,1289353,1024000,256,1024,0,20,4,16,64,"0x0","0x7f92ef12c1c0",4181447075661152,4181447104581289,4181447104586537,4181447104631398,5248
209,"void compute_grad_qk_kernel<__half, FmhaKernelConfig<4000, 16, 1, 16, 128, 256, false, (CausalMaskType)0>, 4, 16>(__half const*, __half const*, __half const*, __half*, __half*, float, int const*, int const*) [clone .kd]",2,0,211,1289353,1289353,1024000,64,32768,0,32,0,64,64,"0x0","0x7f92ef12c200",4181447075666170,4181447104586537,4181447104906452,4181447104949831,319915
210,"void compute_grad_v_kernel<__half, FmhaKernelConfig<4000, 16, 1, 16, 128, 256, false, (CausalMaskType)0>, 16, 16>(__half const*, __half const*, __half*, int const*, int const*) [clone .kd]",2,0,212,1289353,1289353,256000,64,32768,0,28,4,32,64,"0x0","0x7f92ef12c140",4181447075671437,4181447104906452,4181447104961053,4181447104967007,54601
211,"void compute_grad_attn_kernel<__half, FmhaKernelConfig<4000, 16, 1, 16, 128, 256, false, (CausalMaskType)0>, 16>(__half const*, __half const*, __half*, int const*, int const*) [clone .kd]",2,0,213,1289353,1289353,8000,64,0,0,124,4,32,64,"0x0","0x7f92ef12c180",4181447075675714,4181447104961053,4181447105217675,4181447105232742,256622
212,"void softmax_backward_kernel<__half, FmhaKernelConfig<4000, 16, 1, 16, 128, 256, false, (CausalMaskType)0> >(__half const*, __half const*, __half*, float, int const*) [clone .kd]",2,0,214,1289353,1289353,1024000,256,1024,0,20,4,16,64,"0x0","0x7f92ef12c1c0",4181447075680591,4181447105217675,4181447105223042,4181447105243398,5367
213,"void compute_grad_qk_kernel<__half, FmhaKernelConfig<4000, 16, 1, 16, 128, 256, false, (CausalMaskType)0>, 4, 16>(__half const*, __half const*, __half const*, __half*, __half*, float, int const*, int const*) [clone .kd]",2,0,215,1289353,1289353,1024000,64,32768,0,32,0,64,64,"0x0","0x7f92ef12c200",4181447075685158,4181447105223042,4181447105551410,4181447105555442,328368
214,"void compute_grad_v_kernel<__half, FmhaKernelConfig<4000, 16, 1, 16, 128, 256, false, (CausalMaskType)0>, 16, 16>(__half const*, __half const*, __half*, int const*, int const*) [clone .kd]",2,0,216,1289353,1289353,256000,64,32768,0,28,4,32,64,"0x0","0x7f92ef12c140",4181447075689855,4181447105551410,4181447105599402,4181447105624284,47992
215,"void compute_grad_attn_kernel<__half, FmhaKernelConfig<4000, 16, 1, 16, 128, 256, false, (CausalMaskType)0>, 16>(__half const*, __half const*, __half*, int const*, int const*) [clone .kd]",2,0,217,1289353,1289353,8000,64,0,0,124,4,32,64,"0x0","0x7f92ef12c180",4181447075694832,4181447105599402,4181447105855302,4181447105886364,255900
216,"void softmax_backward_kernel<__half, FmhaKernelConfig<4000, 16, 1, 16, 128, 256, false, (CausalMaskType)0> >(__half const*, __half const*, __half*, float, int const*) [clone .kd]",2,0,218,1289353,1289353,1024000,256,1024,0,20,4,16,64,"0x0","0x7f92ef12c1c0",4181447075699319,4181447105855302,4181447105860590,4181447105899934,5288
217,"void compute_grad_qk_kernel<__half, FmhaKernelConfig<4000, 16, 1, 16, 128, 256, false, (CausalMaskType)0>, 4, 16>(__half const*, __half const*, __half const*, __half*, __half*, float, int const*, int const*) [clone .kd]",2,0,219,1289353,1289353,1024000,64,32768,0,32,0,64,64,"0x0","0x7f92ef12c200",4181447075703856,4181447105860590,4181447106179663,4181447106206781,319073
218,"void compute_grad_v_kernel<__half, FmhaKernelConfig<4000, 16, 1, 16, 128, 256, false, (CausalMaskType)0>, 16, 16>(__half const*, __half const*, __half*, int const*, int const*) [clone .kd]",2,0,220,1289353,1289353,256000,64,32768,0,28,4,32,64,"0x0","0x7f92ef12c140",4181447075708723,4181447106179663,4181447106239833,4181447106272498,60170
219,"void compute_grad_attn_kernel<__half, FmhaKernelConfig<4000, 16, 1, 16, 128, 256, false, (CausalMaskType)0>, 16>(__half const*, __half const*, __half*, int const*, int const*) [clone .kd]",2,0,221,1289353,1289353,8000,64,0,0,124,4,32,64,"0x0","0x7f92ef12c180",4181447075713260,4181447106239833,4181447106493890,4181447106529090,254057
220,"void softmax_backward_kernel<__half, FmhaKernelConfig<4000, 16, 1, 16, 128, 256, false, (CausalMaskType)0> >(__half const*, __half const*, __half*, float, int const*) [clone .kd]",2,0,222,1289353,1289353,1024000,256,1024,0,20,4,16,64,"0x0","0x7f92ef12c1c0",4181447075717736,4181447106493890,4181447106499258,4181447106539075,5368
221,"void compute_grad_qk_kernel<__half, FmhaKernelConfig<4000, 16, 1, 16, 128, 256, false, (CausalMaskType)0>, 4, 16>(__half const*, __half const*, __half const*, __half*, __half*, float, int const*, int const*) [clone .kd]",2,0,223,1289353,1289353,1024000,64,32768,0,32,0,64,64,"0x0","0x7f92ef12c200",4181447075722213,4181447106499258,4181447106820656,4181447106840483,321398
222,"void compute_grad_v_kernel<__half, FmhaKernelConfig<4000, 16, 1, 16, 128, 256, false, (CausalMaskType)0>, 16, 16>(__half const*, __half const*, __half*, int const*, int const*) [clone .kd]",2,0,224,1289353,1289353,256000,64,32768,0,28,4,32,64,"0x0","0x7f92ef12c140",4181447075726539,4181447106820656,4181447106869448,4181447106905900,48792
223,"void compute_grad_attn_kernel<__half, FmhaKernelConfig<4000, 16, 1, 16, 128, 256, false, (CausalMaskType)0>, 16>(__half const*, __half const*, __half*, int const*, int const*) [clone .kd]",2,0,225,1289353,1289353,8000,64,0,0,124,4,32,64,"0x0","0x7f92ef12c180",4181447075731417,4181447106869448,4181447107125508,4181447107171255,256060
224,"void softmax_backward_kernel<__half, FmhaKernelConfig<4000, 16, 1, 16, 128, 256, false, (CausalMaskType)0> >(__half const*, __half const*, __half*, float, int const*) [clone .kd]",2,0,226,1289353,1289353,1024000,256,1024,0,20,4,16,64,"0x0","0x7f92ef12c1c0",4181447075736064,4181447107125508,4181447107130876,4181447107157725,5368
225,"void compute_grad_qk_kernel<__half, FmhaKernelConfig<4000, 16, 1, 16, 128, 256, false, (CausalMaskType)0>, 4, 16>(__half const*, __half const*, __half const*, __half*, __half*, float, int const*, int const*) [clone .kd]",2,0,227,1289353,1289353,1024000,64,32768,0,32,0,64,64,"0x0","0x7f92ef12c200",4181447075740590,4181447107130876,4181447107449990,4181447107466804,319114
226,"void compute_grad_v_kernel<__half, FmhaKernelConfig<4000, 16, 1, 16, 128, 256, false, (CausalMaskType)0>, 16, 16>(__half const*, __half const*, __half*, int const*, int const*) [clone .kd]",2,0,228,1289353,1289353,256000,64,32768,0,28,4,32,64,"0x0","0x7f92ef12c140",4181447075745377,4181447107449990,4181447107505473,4181447107531721,55483
227,"void compute_grad_attn_kernel<__half, FmhaKernelConfig<4000, 16, 1, 16, 128, 256, false, (CausalMaskType)0>, 16>(__half const*, __half const*, __half*, int const*, int const*) [clone .kd]",2,0,229,1289353,1289353,8000,64,0,0,124,4,32,64,"0x0","0x7f92ef12c180",4181447075750785,4181447107505473,4181447107762014,4181447107788142,256541
228,"void softmax_backward_kernel<__half, FmhaKernelConfig<4000, 16, 1, 16, 128, 256, false, (CausalMaskType)0> >(__half const*, __half const*, __half*, float, int const*) [clone .kd]",2,0,230,1289353,1289353,1024000,256,1024,0,20,4,16,64,"0x0","0x7f92ef12c1c0",4181447075755452,4181447107762014,4181447107767382,4181447107777837,5368
229,"void compute_grad_qk_kernel<__half, FmhaKernelConfig<4000, 16, 1, 16, 128, 256, false, (CausalMaskType)0>, 4, 16>(__half const*, __half const*, __half const*, __half*, __half*, float, int const*, int const*) [clone .kd]",2,0,231,1289353,1289353,1024000,64,32768,0,32,0,64,64,"0x0","0x7f92ef12c200",4181447075760129,4181447107767382,4181447108092665,4181447108122289,325283
230,"void compute_grad_v_kernel<__half, FmhaKernelConfig<4000, 16, 1, 16, 128, 256, false, (CausalMaskType)0>, 16, 16>(__half const*, __half const*, __half*, int const*, int const*) [clone .kd]",2,0,232,1289353,1289353,256000,64,32768,0,28,4,32,64,"0x0","0x7f92ef12c140",4181447075764376,4181447108092665,4181447108143300,4181447108184612,50635
231,"void compute_grad_attn_kernel<__half, FmhaKernelConfig<4000, 16, 1, 16, 128, 256, false, (CausalMaskType)0>, 16>(__half const*, __half const*, __half*, int const*, int const*) [clone .kd]",2,0,233,1289353,1289353,8000,64,0,0,124,4,32,64,"0x0","0x7f92ef12c180",4181447075769013,4181447108143300,4181447108401243,4181447108444358,257943
232,"void softmax_backward_kernel<__half, FmhaKernelConfig<4000, 16, 1, 16, 128, 256, false, (CausalMaskType)0> >(__half const*, __half const*, __half*, float, int const*) [clone .kd]",2,0,234,1289353,1289353,1024000,256,1024,0,20,4,16,64,"0x0","0x7f92ef12c1c0",4181447075773960,4181447108401243,4181447108406571,4181447108432831,5328
233,"void compute_grad_qk_kernel<__half, FmhaKernelConfig<4000, 16, 1, 16, 128, 256, false, (CausalMaskType)0>, 4, 16>(__half const*, __half const*, __half const*, __half*, __half*, float, int const*, int const*) [clone .kd]",2,0,235,1289353,1289353,1024000,64,32768,0,32,0,64,64,"0x0","0x7f92ef12c200",4181447075778256,4181447108406571,4181447108725525,4181447108744525,318954
234,"void compute_grad_v_kernel<__half, FmhaKernelConfig<4000, 16, 1, 16, 128, 256, false, (CausalMaskType)0>, 16, 16>(__half const*, __half const*, __half*, int const*, int const*) [clone .kd]",2,0,236,1289353,1289353,256000,64,32768,0,28,4,32,64,"0x0","0x7f92ef12c140",4181447075782663,4181447108725525,4181447108784653,4181447108793548,59128
235,"void compute_grad_attn_kernel<__half, FmhaKernelConfig<4000, 16, 1, 16, 128, 256, false, (CausalMaskType)0>, 16>(__half const*, __half const*, __half*, int const*, int const*) [clone .kd]",2,0,237,1289353,1289353,8000,64,0,0,124,4,32,64,"0x0","0x7f92ef12c180",4181447075787029,4181447108784653,4181447109039912,4181447109064571,255259
236,"void softmax_backward_kernel<__half, FmhaKernelConfig<4000, 16, 1, 16, 128, 256, false, (CausalMaskType)0> >(__half const*, __half const*, __half*, float, int const*) [clone .kd]",2,0,238,1289353,1289353,1024000,256,1024,0,20,4,16,64,"0x0","0x7f92ef12c1c0",4181447075791746,4181447109039912,4181447109045200,4181447109056068,5288
237,"void compute_grad_qk_kernel<__half, FmhaKernelConfig<4000, 16, 1, 16, 128, 256, false, (CausalMaskType)0>, 4, 16>(__half const*, __half const*, __half const*, __half*, __half*, float, int const*, int const*) [clone .kd]",2,0,239,1289353,1289353,1024000,64,32768,0,32,0,64,64,"0x0","0x7f92ef12c200",4181447075796564,4181447109045200,4181447109369682,4181447109390836,324482
238,"void compute_grad_v_kernel<__half, FmhaKernelConfig<4000, 16, 1, 16, 128, 256, false, (CausalMaskType)0>, 16, 16>(__half const*, __half const*, __half*, int const*, int const*) [clone .kd]",2,0,240,1289353,1289353,256000,64,32768,0,28,4,32,64,"0x0","0x7f92ef12c140",4181447075801401,4181447109369682,4181447109417633,4181447109439649,47951
239,"void compute_grad_attn_kernel<__half, FmhaKernelConfig<4000, 16, 1, 16, 128, 256, false, (CausalMaskType)0>, 16>(__half const*, __half const*, __half*, int const*, int const*) [clone .kd]",2,0,241,1289353,1289353,8000,64,0,0,124,4,32,64,"0x0","0x7f92ef12c180",4181447075805657,4181447109417633,4181447109674054,4181447109701949,256421
240,"void softmax_backward_kernel<__half, FmhaKernelConfig<4000, 16, 1, 16, 128, 256, false, (CausalMaskType)0> >(__half const*, __half const*, __half*, float, int const*) [clone .kd]",2,0,242,1289353,1289353,1024000,256,1024,0,20,4,16,64,"0x0","0x7f92ef12c1c0",4181447075810214,4181447109674054,4181447109679382,4181447109694377,5328
241,"void compute_grad_qk_kernel<__half, FmhaKernelConfig<4000, 16, 1, 16, 128, 256, false, (CausalMaskType)0>, 4, 16>(__half const*, __half const*, __half const*, __half*, __half*, float, int const*, int const*) [clone .kd]",2,0,243,1289353,1289353,1024000,64,32768,0,32,0,64,64,"0x0","0x7f92ef12c200",4181447075814881,4181447109679382,4181447109996173,4181447110027453,316791
242,"void compute_grad_v_kernel<__half, FmhaKernelConfig<4000, 16, 1, 16, 128, 256, false, (CausalMaskType)0>, 16, 16>(__half const*, __half const*, __half*, int const*, int const*) [clone .kd]",2,0,244,1289353,1289353,256000,64,32768,0,28,4,32,64,"0x0","0x7f92ef12c140",4181447075819317,4181447109996173,4181447110053217,4181447110075955,57044
243,"void compute_grad_attn_kernel<__half, FmhaKernelConfig<4000, 16, 1, 16, 128, 256, false, (CausalMaskType)0>, 16>(__half const*, __half const*, __half*, int const*, int const*) [clone .kd]",2,0,245,1289353,1289353,8000,64,0,0,124,4,32,64,"0x0","0x7f92ef12c180",4181447075823884,4181447110053217,4181447110307996,4181447110323723,254779
244,"void softmax_backward_kernel<__half, FmhaKernelConfig<4000, 16, 1, 16, 128, 256, false, (CausalMaskType)0> >(__half const*, __half const*, __half*, float, int const*) [clone .kd]",2,0,246,1289353,1289353,1024000,256,1024,0,20,4,16,64,"0x0","0x7f92ef12c1c0",4181447075828972,4181447110307996,4181447110313364,4181447110332526,5368
245,"void compute_grad_qk_kernel<__half, FmhaKernelConfig<4000, 16, 1, 16, 128, 256, false, (CausalMaskType)0>, 4, 16>(__half const*, __half const*, __half const*, __half*, __half*, float, int const*, int const*) [clone .kd]",2,0,247,1289353,1289353,1024000,64,32768,0,32,0,64,64,"0x0","0x7f92ef12c200",4181447075849642,4181447110313364,4181447110638166,4181447110645832,324802
246,"void compute_grad_v_kernel<__half, FmhaKernelConfig<4000, 16, 1, 16, 128, 256, false, (CausalMaskType)0>, 16, 16>(__half const*, __half const*, __half*, int const*, int const*) [clone .kd]",2,0,248,1289353,1289353,256000,64,32768,0,28,4,32,64,"0x0","0x7f92ef12c140",4181447075855000,4181447110638166,4181447110686518,4181447110692131,48352
247,"void compute_grad_attn_kernel<__half, FmhaKernelConfig<4000, 16, 1, 16, 128, 256, false, (CausalMaskType)0>, 16>(__half const*, __half const*, __half*, int const*, int const*) [clone .kd]",2,0,249,1289353,1289353,8000,64,0,0,124,4,32,64,"0x0","0x7f92ef12c180",4181447075870814,4181447110686518,4181447110941817,4181447110966770,255299
248,"void softmax_backward_kernel<__half, FmhaKernelConfig<4000, 16, 1, 16, 128, 256, false, (CausalMaskType)0> >(__half const*, __half const*, __half*, float, int const*) [clone .kd]",2,0,250,1289353,1289353,1024000,256,1024,0,20,4,16,64,"0x0","0x7f92ef12c1c0",4181447075876072,4181447110941817,4181447110947105,4181447110975062,5288
249,"void compute_grad_qk_kernel<__half, FmhaKernelConfig<4000, 16, 1, 16, 128, 256, false, (CausalMaskType)0>, 4, 16>(__half const*, __half const*, __half const*, __half*, __half*, float, int const*, int const*) [clone .kd]",2,0,251,1289353,1289353,1024000,64,32768,0,32,0,64,64,"0x0","0x7f92ef12c200",4181447075881069,4181447110947105,4181447111265578,4181447111284502,318473
250,"void compute_grad_v_kernel<__half, FmhaKernelConfig<4000, 16, 1, 16, 128, 256, false, (CausalMaskType)0>, 16, 16>(__half const*, __half const*, __half*, int const*, int const*) [clone .kd]",2,0,252,1289353,1289353,256000,64,32768,0,28,4,32,64,"0x0","0x7f92ef12c140",4181447075885556,4181447111265578,4181447111321982,4181447111329029,56404
251,"void compute_grad_attn_kernel<__half, FmhaKernelConfig<4000, 16, 1, 16, 128, 256, false, (CausalMaskType)0>, 16>(__half const*, __half const*, __half*, int const*, int const*) [clone .kd]",2,0,253,1289353,1289353,8000,64,0,0,124,4,32,64,"0x0","0x7f92ef12c180",4181447075890223,4181447111321982,4181447111577602,4181447111607022,255620
252,"void softmax_backward_kernel<__half, FmhaKernelConfig<4000, 16, 1, 16, 128, 256, false, (CausalMaskType)0> >(__half const*, __half const*, __half*, float, int const*) [clone .kd]",2,0,254,1289353,1289353,1024000,256,1024,0,20,4,16,64,"0x0","0x7f92ef12c1c0",4181447075894639,4181447111577602,4181447111582970,4181447111598690,5368
253,"void compute_grad_qk_kernel<__half, FmhaKernelConfig<4000, 16, 1, 16, 128, 256, false, (CausalMaskType)0>, 4, 16>(__half const*, __half const*, __half const*, __half*, __half*, float, int const*, int const*) [clone .kd]",2,0,255,1289353,1289353,1024000,64,32768,0,32,0,64,64,"0x0","0x7f92ef12c200",4181447075899176,4181447111582970,4181447111907572,4181447111938635,324602
254,"void compute_grad_v_kernel<__half, FmhaKernelConfig<4000, 16, 1, 16, 128, 256, false, (CausalMaskType)0>, 16, 16>(__half const*, __half const*, __half*, int const*, int const*) [clone .kd]",2,0,256,1289353,1289353,256000,64,32768,0,28,4,32,64,"0x0","0x7f92ef12c140",4181447075904154,4181447111907572,4181447111964096,4181447111983412,56524
255,"void compute_grad_attn_kernel<__half, FmhaKernelConfig<4000, 16, 1, 16, 128, 256, false, (CausalMaskType)0>, 16>(__half const*, __half const*, __half*, int const*, int const*) [clone .kd]",2,0,257,1289353,1289353,8000,64,0,0,124,4,32,64,"0x0","0x7f92ef12c180",4181447075909481,4181447111964096,4181447112220236,4181447112252242,256140
256,"void softmax_backward_kernel<__half, FmhaKernelConfig<4000, 16, 1, 16, 128, 256, false, (CausalMaskType)0> >(__half const*, __half const*, __half*, float, int const*) [clone .kd]",2,0,258,1289353,1289353,1024000,256,1024,0,20,4,16,64,"0x0","0x7f92ef12c1c0",4181447075914539,4181447112220236,4181447112225604,4181447112260173,5368
257,"void compute_grad_qk_kernel<__half, FmhaKernelConfig<4000, 16, 1, 16, 128, 256, false, (CausalMaskType)0>, 4, 16>(__half const*, __half const*, __half const*, __half*, __half*, float, int const*, int const*) [clone .kd]",2,0,259,1289353,1289353,1024000,64,32768,0,32,0,64,64,"0x0","0x7f92ef12c200",4181447075919416,4181447112225604,4181447112548925,4181447112580440,323321
258,"void compute_grad_v_kernel<__half, FmhaKernelConfig<4000, 16, 1, 16, 128, 256, false, (CausalMaskType)0>, 16, 16>(__half const*, __half const*, __half*, int const*, int const*) [clone .kd]",2,0,260,1289353,1289353,256000,64,32768,0,28,4,32,64,"0x0","0x7f92ef12c140",4181447075924534,4181447112548925,4181447112607532,4181447113019583,58607
259,"void compute_grad_attn_kernel<__half, FmhaKernelConfig<4000, 16, 1, 16, 128, 256, false, (CausalMaskType)0>, 16>(__half const*, __half const*, __half*, int const*, int const*) [clone .kd]",2,0,261,1289353,1289353,8000,64,0,0,124,4,32,64,"0x0","0x7f92ef12c180",4181447075929241,4181447112607532,4181447112863672,4181447113039853,256140
260,"void softmax_backward_kernel<__half, FmhaKernelConfig<4000, 16, 1, 16, 128, 256, false, (CausalMaskType)0> >(__half const*, __half const*, __half*, float, int const*) [clone .kd]",2,0,262,1289353,1289353,1024000,256,1024,0,20,4,16,64,"0x0","0x7f92ef12c1c0",4181447075934779,4181447112863672,4181447112869000,4181447113028326,5328
261,"void compute_grad_qk_kernel<__half, FmhaKernelConfig<4000, 16, 1, 16, 128, 256, false, (CausalMaskType)0>, 4, 16>(__half const*, __half const*, __half const*, __half*, __half*, float, int const*, int const*) [clone .kd]",2,0,263,1289353,1289353,1024000,64,32768,0,32,0,64,64,"0x0","0x7f92ef12c200",4181447075939656,4181447112869000,4181447113195645,4181447113204919,326645
262,"void compute_grad_v_kernel<__half, FmhaKernelConfig<4000, 16, 1, 16, 128, 256, false, (CausalMaskType)0>, 16, 16>(__half const*, __half const*, __half*, int const*, int const*) [clone .kd]",2,0,264,1289353,1289353,256000,64,32768,0,28,4,32,64,"0x0","0x7f92ef12c140",4181447075944453,4181447113195645,4181447113250887,4181447113278157,55242
263,"void compute_grad_attn_kernel<__half, FmhaKernelConfig<4000, 16, 1, 16, 128, 256, false, (CausalMaskType)0>, 16>(__half const*, __half const*, __half*, int const*, int const*) [clone .kd]",2,0,265,1289353,1289353,8000,64,0,0,124,4,32,64,"0x0","0x7f92ef12c180",4181447075949421,4181447113250887,4181447113506587,4181447113536872,255700
264,"void softmax_backward_kernel<__half, FmhaKernelConfig<4000, 16, 1, 16, 128, 256, false, (CausalMaskType)0> >(__half const*, __half const*, __half*, float, int const*) [clone .kd]",2,0,266,1289353,1289353,1024000,256,1024,0,20,4,16,64,"0x0","0x7f92ef12c1c0",4181447075954408,4181447113506587,4181447113511875,4181447113528550,5288
265,"void compute_grad_qk_kernel<__half, FmhaKernelConfig<4000, 16, 1, 16, 128, 256, false, (CausalMaskType)0>, 4, 16>(__half const*, __half const*, __half const*, __half*, __half*, float, int const*, int const*) [clone .kd]",2,0,267,1289353,1289353,1024000,64,32768,0,32,0,64,64,"0x0","0x7f92ef12c200",4181447075959896,4181447113511875,4181447113834474,4181447113840794,322599
266,"void compute_grad_v_kernel<__half, FmhaKernelConfig<4000, 16, 1, 16, 128, 256, false, (CausalMaskType)0>, 16, 16>(__half const*, __half const*, __half*, int const*, int const*) [clone .kd]",2,0,268,1289353,1289353,256000,64,32768,0,28,4,32,64,"0x0","0x7f92ef12c140",4181447075965064,4181447113834474,4181447113892280,4181447113916236,57806
267,"void compute_grad_attn_kernel<__half, FmhaKernelConfig<4000, 16, 1, 16, 128, 256, false, (CausalMaskType)0>, 16>(__half const*, __half const*, __half*, int const*, int const*) [clone .kd]",2,0,269,1289353,1289353,8000,64,0,0,124,4,32,64,"0x0","0x7f92ef12c180",4181447075970072,4181447113892280,4181447114149061,4181447114159068,256781
268,"void softmax_backward_kernel<__half, FmhaKernelConfig<4000, 16, 1, 16, 128, 256, false, (CausalMaskType)0> >(__half const*, __half const*, __half*, float, int const*) [clone .kd]",2,0,270,1289353,1289353,1024000,256,1024,0,20,4,16,64,"0x0","0x7f92ef12c1c0",4181447075974899,4181447114149061,4181447114154389,4181447114167230,5328
269,"void compute_grad_qk_kernel<__half, FmhaKernelConfig<4000, 16, 1, 16, 128, 256, false, (CausalMaskType)0>, 4, 16>(__half const*, __half const*, __half const*, __half*, __half*, float, int const*, int const*) [clone .kd]",2,0,271,1289353,1289353,1024000,64,32768,0,32,0,64,64,"0x0","0x7f92ef12c200",4181447075979656,4181447114154389,4181447114475346,4181447114494286,320957
270,"void compute_grad_v_kernel<__half, FmhaKernelConfig<4000, 16, 1, 16, 128, 256, false, (CausalMaskType)0>, 16, 16>(__half const*, __half const*, __half*, int const*, int const*) [clone .kd]",2,0,272,1289353,1289353,256000,64,32768,0,28,4,32,64,"0x0","0x7f92ef12c140",4181447075985124,4181447114475346,4181447114532912,4181447114534766,57566
271,"void compute_grad_attn_kernel<__half, FmhaKernelConfig<4000, 16, 1, 16, 128, 256, false, (CausalMaskType)0>, 16>(__half const*, __half const*, __half*, int const*, int const*) [clone .kd]",2,0,273,1289353,1289353,8000,64,0,0,124,4,32,64,"0x0","0x7f92ef12c180",4181447075989741,4181447114532912,4181447114789373,4181447114796756,256461
272,"void softmax_backward_kernel<__half, FmhaKernelConfig<4000, 16, 1, 16, 128, 256, false, (CausalMaskType)0> >(__half const*, __half const*, __half*, float, int const*) [clone .kd]",2,0,274,1289353,1289353,1024000,256,1024,0,20,4,16,64,"0x0","0x7f92ef12c1c0",4181447075995379,4181447114789373,4181447114794700,4181447114805199,5327
273,"void compute_grad_qk_kernel<__half, FmhaKernelConfig<4000, 16, 1, 16, 128, 256, false, (CausalMaskType)0>, 4, 16>(__half const*, __half const*, __half const*, __half*, __half*, float, int const*, int const*) [clone .kd]",2,0,275,1289353,1289353,1024000,64,32768,0,32,0,64,64,"0x0","0x7f92ef12c200",4181447075999986,4181447114794700,4181447115121386,4181447115146817,326686
274,"void compute_grad_v_kernel<__half, FmhaKernelConfig<4000, 16, 1, 16, 128, 256, false, (CausalMaskType)0>, 16, 16>(__half const*, __half const*, __half*, int const*, int const*) [clone .kd]",2,0,276,1289353,1289353,256000,64,32768,0,28,4,32,64,"0x0","0x7f92ef12c140",4181447076005014,4181447115121386,4181447115177990,4181447115188529,56604
275,"void compute_grad_attn_kernel<__half, FmhaKernelConfig<4000, 16, 1, 16, 128, 256, false, (CausalMaskType)0>, 16>(__half const*, __half const*, __half*, int const*, int const*) [clone .kd]",2,0,277,1289353,1289353,8000,64,0,0,124,4,32,64,"0x0","0x7f92ef12c180",4181447076009620,4181447115177990,4181447115433850,4181447115441755,255860
276,"void softmax_backward_kernel<__half, FmhaKernelConfig<4000, 16, 1, 16, 128, 256, false, (CausalMaskType)0> >(__half const*, __half const*, __half*, float, int const*) [clone .kd]",2,0,278,1289353,1289353,1024000,256,1024,0,20,4,16,64,"0x0","0x7f92ef12c1c0",4181447076014668,4181447115433850,4181447115439218,4181447115449727,5368
277,"void compute_grad_qk_kernel<__half, FmhaKernelConfig<4000, 16, 1, 16, 128, 256, false, (CausalMaskType)0>, 4, 16>(__half const*, __half const*, __half const*, __half*, __half*, float, int const*, int const*) [clone .kd]",2,0,279,1289353,1289353,1024000,64,32768,0,32,0,64,64,"0x0","0x7f92ef12c200",4181447076019165,4181447115439218,4181447115762017,4181447115782442,322799
278,"void compute_grad_v_kernel<__half, FmhaKernelConfig<4000, 16, 1, 16, 128, 256, false, (CausalMaskType)0>, 16, 16>(__half const*, __half const*, __half*, int const*, int const*) [clone .kd]",2,0,280,1289353,1289353,256000,64,32768,0,28,4,32,64,"0x0","0x7f92ef12c140",4181447076023591,4181447115762017,4181447115819903,4181447115820599,57886
279,"void compute_grad_attn_kernel<__half, FmhaKernelConfig<4000, 16, 1, 16, 128, 256, false, (CausalMaskType)0>, 16>(__half const*, __half const*, __half*, int const*, int const*) [clone .kd]",2,0,281,1289353,1289353,8000,64,0,0,124,4,32,64,"0x0","0x7f92ef12c180",4181447076028539,4181447115819903,4181447116074161,4181447116095748,254258
280,"void softmax_backward_kernel<__half, FmhaKernelConfig<4000, 16, 1, 16, 128, 256, false, (CausalMaskType)0> >(__half const*, __half const*, __half*, float, int const*) [clone .kd]",2,0,282,1289353,1289353,1024000,256,1024,0,20,4,16,64,"0x0","0x7f92ef12c1c0",4181447076033065,4181447116074161,4181447116079489,4181447116103339,5328
281,"void compute_grad_qk_kernel<__half, FmhaKernelConfig<4000, 16, 1, 16, 128, 256, false, (CausalMaskType)0>, 4, 16>(__half const*, __half const*, __half const*, __half*, __half*, float, int const*, int const*) [clone .kd]",2,0,283,1289353,1289353,1024000,64,32768,0,32,0,64,64,"0x0","0x7f92ef12c200",4181447076047797,4181447116079489,4181447116401808,4181447116405399,322319
282,"void compute_grad_v_kernel<__half, FmhaKernelConfig<4000, 16, 1, 16, 128, 256, false, (CausalMaskType)0>, 16, 16>(__half const*, __half const*, __half*, int const*, int const*) [clone .kd]",2,0,284,1289353,1289353,256000,64,32768,0,28,4,32,64,"0x0","0x7f92ef12c140",4181447076053105,4181447116401808,4181447116459133,4181447116475853,57325
283,"void compute_grad_attn_kernel<__half, FmhaKernelConfig<4000, 16, 1, 16, 128, 256, false, (CausalMaskType)0>, 16>(__half const*, __half const*, __half*, int const*, int const*) [clone .kd]",2,0,285,1289353,1289353,8000,64,0,0,124,4,32,64,"0x0","0x7f92ef12c180",4181447076057672,4181447116459133,4181447116713751,4181447116716621,254618
284,"void softmax_backward_kernel<__half, FmhaKernelConfig<4000, 16, 1, 16, 128, 256, false, (CausalMaskType)0> >(__half const*, __half const*, __half*, float, int const*) [clone .kd]",2,0,286,1289353,1289353,1024000,256,1024,0,20,4,16,64,"0x0","0x7f92ef12c1c0",4181447076062439,4181447116713751,4181447116719119,4181447116724793,5368
285,"void compute_grad_qk_kernel<__half, FmhaKernelConfig<4000, 16, 1, 16, 128, 256, false, (CausalMaskType)0>, 4, 16>(__half const*, __half const*, __half const*, __half*, __half*, float, int const*, int const*) [clone .kd]",2,0,287,1289353,1289353,1024000,64,32768,0,32,0,64,64,"0x0","0x7f92ef12c200",4181447076067346,4181447116719119,4181447117045444,4181447117065510,326325
286,"void compute_grad_v_kernel<__half, FmhaKernelConfig<4000, 16, 1, 16, 128, 256, false, (CausalMaskType)0>, 16, 16>(__half const*, __half const*, __half*, int const*, int const*) [clone .kd]",2,0,288,1289353,1289353,256000,64,32768,0,28,4,32,64,"0x0","0x7f92ef12c140",4181447076072234,4181447117045444,4181447117101247,4181447117101454,55803
287,"void compute_grad_attn_kernel<__half, FmhaKernelConfig<4000, 16, 1, 16, 128, 256, false, (CausalMaskType)0>, 16>(__half const*, __half const*, __half*, int const*, int const*) [clone .kd]",2,0,289,1289353,1289353,8000,64,0,0,124,4,32,64,"0x0","0x7f92ef12c180",4181447076076620,4181447117101247,4181447117356225,4181447117361520,254978
288,"void softmax_backward_kernel<__half, FmhaKernelConfig<4000, 16, 1, 16, 128, 256, false, (CausalMaskType)0> >(__half const*, __half const*, __half*, float, int const*) [clone .kd]",2,0,290,1289353,1289353,1024000,256,1024,0,20,4,16,64,"0x0","0x7f92ef12c1c0",4181447076081387,4181447117356225,4181447117361593,4181447117369332,5368
289,"void compute_grad_qk_kernel<__half, FmhaKernelConfig<4000, 16, 1, 16, 128, 256, false, (CausalMaskType)0>, 4, 16>(__half const*, __half const*, __half const*, __half*, __half*, float, int const*, int const*) [clone .kd]",2,0,291,1289353,1289353,1024000,64,32768,0,32,0,64,64,"0x0","0x7f92ef12c200",4181447076085944,4181447117361593,4181447117683031,4181447117699793,321438
290,"void compute_grad_v_kernel<__half, FmhaKernelConfig<4000, 16, 1, 16, 128, 256, false, (CausalMaskType)0>, 16, 16>(__half const*, __half const*, __half*, int const*, int const*) [clone .kd]",2,0,292,1289353,1289353,256000,64,32768,0,28,4,32,64,"0x0","0x7f92ef12c140",4181447076091442,4181447117683031,4181447117739795,4181447117765171,56764
291,"void compute_grad_attn_kernel<__half, FmhaKernelConfig<4000, 16, 1, 16, 128, 256, false, (CausalMaskType)0>, 16>(__half const*, __half const*, __half*, int const*, int const*) [clone .kd]",2,0,293,1289353,1289353,8000,64,0,0,124,4,32,64,"0x0","0x7f92ef12c180",4181447076096249,4181447117739795,4181447117995695,4181447118019389,255900
292,"void softmax_backward_kernel<__half, FmhaKernelConfig<4000, 16, 1, 16, 128, 256, false, (CausalMaskType)0> >(__half const*, __half const*, __half*, float, int const*) [clone .kd]",2,0,294,1289353,1289353,1024000,256,1024,0,20,4,16,64,"0x0","0x7f92ef12c1c0",4181447076100976,4181447117995695,4181447118001023,4181447118027731,5328
293,"void compute_grad_qk_kernel<__half, FmhaKernelConfig<4000, 16, 1, 16, 128, 256, false, (CausalMaskType)0>, 4, 16>(__half const*, __half const*, __half const*, __half*, __half*, float, int const*, int const*) [clone .kd]",2,0,295,1289353,1289353,1024000,64,32768,0,32,0,64,64,"0x0","0x7f92ef12c200",4181447076105643,4181447118001023,4181447118325946,4181447118348148,324923
294,"void compute_grad_v_kernel<__half, FmhaKernelConfig<4000, 16, 1, 16, 128, 256, false, (CausalMaskType)0>, 16, 16>(__half const*, __half const*, __half*, int const*, int const*) [clone .kd]",2,0,296,1289353,1289353,256000,64,32768,0,28,4,32,64,"0x0","0x7f92ef12c140",4181447076110420,4181447118325946,4181447118381468,4181447118383110,55522
295,"void compute_grad_attn_kernel<__half, FmhaKernelConfig<4000, 16, 1, 16, 128, 256, false, (CausalMaskType)0>, 16>(__half const*, __half const*, __half*, int const*, int const*) [clone .kd]",2,0,297,1289353,1289353,8000,64,0,0,124,4,32,64,"0x0","0x7f92ef12c180",4181447076115127,4181447118381468,4181447118638050,4181447118650387,256582
296,"void softmax_backward_kernel<__half, FmhaKernelConfig<4000, 16, 1, 16, 128, 256, false, (CausalMaskType)0> >(__half const*, __half const*, __half*, float, int const*) [clone .kd]",2,0,298,1289353,1289353,1024000,256,1024,0,20,4,16,64,"0x0","0x7f92ef12c1c0",4181447076119914,4181447118638050,4181447118643377,4181447118658119,5327
297,"void compute_grad_qk_kernel<__half, FmhaKernelConfig<4000, 16, 1, 16, 128, 256, false, (CausalMaskType)0>, 4, 16>(__half const*, __half const*, __half const*, __half*, __half*, float, int const*, int const*) [clone .kd]",2,0,299,1289353,1289353,1024000,64,32768,0,32,0,64,64,"0x0","0x7f92ef12c200",4181447076124431,4181447118643377,4181447118965536,4181447118989852,322159
298,"void compute_grad_v_kernel<__half, FmhaKernelConfig<4000, 16, 1, 16, 128, 256, false, (CausalMaskType)0>, 16, 16>(__half const*, __half const*, __half*, int const*, int const*) [clone .kd]",2,0,300,1289353,1289353,256000,64,32768,0,28,4,32,64,"0x0","0x7f92ef12c140",4181447076129989,4181447118965536,4181447119024744,4181447119047658,59208
299,"void compute_grad_attn_kernel<__half, FmhaKernelConfig<4000, 16, 1, 16, 128, 256, false, (CausalMaskType)0>, 16>(__half const*, __half const*, __half*, int const*, int const*) [clone .kd]",2,0,301,1289353,1289353,8000,64,0,0,124,4,32,64,"0x0","0x7f92ef12c180",4181447076134326,4181447119024744,4181447119280564,4181447119287665,255820
300,"void softmax_backward_kernel<__half, FmhaKernelConfig<4000, 16, 1, 16, 128, 256, false, (CausalMaskType)0> >(__half const*, __half const*, __half*, float, int const*) [clone .kd]",2,0,302,1289353,1289353,1024000,256,1024,0,20,4,16,64,"0x0","0x7f92ef12c1c0",4181447076139834,4181447119280564,4181447119285852,4181447119295517,5288
301,"void compute_grad_qk_kernel<__half, FmhaKernelConfig<4000, 16, 1, 16, 128, 256, false, (CausalMaskType)0>, 4, 16>(__half const*, __half const*, __half const*, __half*, __half*, float, int const*, int const*) [clone .kd]",2,0,303,1289353,1289353,1024000,64,32768,0,32,0,64,64,"0x0","0x7f92ef12c200",4181447076144831,4181447119285852,4181447119608371,4181447119614301,322519
302,"void compute_grad_v_kernel<__half, FmhaKernelConfig<4000, 16, 1, 16, 128, 256, false, (CausalMaskType)0>, 16, 16>(__half const*, __half const*, __half*, int const*, int const*) [clone .kd]",2,0,304,1289353,1289353,256000,64,32768,0,28,4,32,64,"0x0","0x7f92ef12c140",4181447076150560,4181447119608371,4181447119668500,4181447119668952,60129
303,"void compute_grad_attn_kernel<__half, FmhaKernelConfig<4000, 16, 1, 16, 128, 256, false, (CausalMaskType)0>, 16>(__half const*, __half const*, __half*, int const*, int const*) [clone .kd]",2,0,305,1289353,1289353,8000,64,0,0,124,4,32,64,"0x0","0x7f92ef12c180",4181447076155237,4181447119668500,4181447119925081,4181447119951622,256581
304,"void softmax_backward_kernel<__half, FmhaKernelConfig<4000, 16, 1, 16, 128, 256, false, (CausalMaskType)0> >(__half const*, __half const*, __half*, float, int const*) [clone .kd]",2,0,306,1289353,1289353,1024000,256,1024,0,20,4,16,64,"0x0","0x7f92ef12c1c0",4181447076163579,4181447119925081,4181447119930409,4181447119942719,5328
305,"void compute_grad_qk_kernel<__half, FmhaKernelConfig<4000, 16, 1, 16, 128, 256, false, (CausalMaskType)0>, 4, 16>(__half const*, __half const*, __half const*, __half*, __half*, float, int const*, int const*) [clone .kd]",2,0,307,1289353,1289353,1024000,64,32768,0,32,0,64,64,"0x0","0x7f92ef12c200",4181447076183659,4181447119930409,4181447120259698,4181447120265930,329289
306,"void compute_grad_v_kernel<__half, FmhaKernelConfig<4000, 16, 1, 16, 128, 256, false, (CausalMaskType)0>, 16, 16>(__half const*, __half const*, __half*, int const*, int const*) [clone .kd]",2,0,308,1289353,1289353,256000,64,32768,0,28,4,32,64,"0x0","0x7f92ef12c140",4181447076189388,4181447120259698,4181447120316703,4181447120319589,57005
307,"void compute_grad_attn_kernel<__half, FmhaKernelConfig<4000, 16, 1, 16, 128, 256, false, (CausalMaskType)0>, 16>(__half const*, __half const*, __half*, int const*, int const*) [clone .kd]",2,0,309,1289353,1289353,8000,64,0,0,124,4,32,64,"0x0","0x7f92ef12c180",4181447076194385,4181447120316703,4181447120572844,4181447120594288,256141
308,"void softmax_backward_kernel<__half, FmhaKernelConfig<4000, 16, 1, 16, 128, 256, false, (CausalMaskType)0> >(__half const*, __half const*, __half*, float, int const*) [clone .kd]",2,0,310,1289353,1289353,1024000,256,1024,0,20,4,16,64,"0x0","0x7f92ef12c1c0",4181447076198882,4181447120572844,4181447120578171,4181447120585855,5327
309,"void compute_grad_qk_kernel<__half, FmhaKernelConfig<4000, 16, 1, 16, 128, 256, false, (CausalMaskType)0>, 4, 16>(__half const*, __half const*, __half const*, __half*, __half*, float, int const*, int const*) [clone .kd]",2,0,311,1289353,1289353,1024000,64,32768,0,32,0,64,64,"0x0","0x7f92ef12c200",4181447076203338,4181447120578171,4181447120902373,4181447120911430,324202
310,"void compute_grad_v_kernel<__half, FmhaKernelConfig<4000, 16, 1, 16, 128, 256, false, (CausalMaskType)0>, 16, 16>(__half const*, __half const*, __half*, int const*, int const*) [clone .kd]",2,0,312,1289353,1289353,256000,64,32768,0,28,4,32,64,"0x0","0x7f92ef12c140",4181447076212592,4181447120902373,4181447120952407,4181447120957939,50034
311,"void compute_grad_attn_kernel<__half, FmhaKernelConfig<4000, 16, 1, 16, 128, 256, false, (CausalMaskType)0>, 16>(__half const*, __half const*, __half*, int const*, int const*) [clone .kd]",2,0,313,1289353,1289353,8000,64,0,0,124,4,32,64,"0x0","0x7f92ef12c180",4181447076217770,4181447120952407,4181447121208147,4181447121217084,255740
312,"void softmax_backward_kernel<__half, FmhaKernelConfig<4000, 16, 1, 16, 128, 256, false, (CausalMaskType)0> >(__half const*, __half const*, __half*, float, int const*) [clone .kd]",2,0,314,1289353,1289353,1024000,256,1024,0,20,4,16,64,"0x0","0x7f92ef12c1c0",4181447076222056,4181447121208147,4181447121213475,4181447121221661,5328
313,"void compute_grad_qk_kernel<__half, FmhaKernelConfig<4000, 16, 1, 16, 128, 256, false, (CausalMaskType)0>, 4, 16>(__half const*, __half const*, __half const*, __half*, __half*, float, int const*, int const*) [clone .kd]",2,0,315,1289353,1289353,1024000,64,32768,0,32,0,64,64,"0x0","0x7f92ef12c200",4181447076226523,4181447121213475,4181447121531067,4181447121534837,317592
314,"void compute_grad_v_kernel<__half, FmhaKernelConfig<4000, 16, 1, 16, 128, 256, false, (CausalMaskType)0>, 16, 16>(__half const*, __half const*, __half*, int const*, int const*) [clone .kd]",2,0,316,1289353,1289353,256000,64,32768,0,28,4,32,64,"0x0","0x7f92ef12c140",4181447076231260,4181447121531067,4181447121587471,4181447121589408,56404
315,"void compute_grad_attn_kernel<__half, FmhaKernelConfig<4000, 16, 1, 16, 128, 256, false, (CausalMaskType)0>, 16>(__half const*, __half const*, __half*, int const*, int const*) [clone .kd]",2,0,317,1289353,1289353,8000,64,0,0,124,4,32,64,"0x0","0x7f92ef12c180",4181447076248446,4181447121587471,4181447121842970,4181447121854813,255499
316,"void softmax_backward_kernel<__half, FmhaKernelConfig<4000, 16, 1, 16, 128, 256, false, (CausalMaskType)0> >(__half const*, __half const*, __half*, float, int const*) [clone .kd]",2,0,318,1289353,1289353,1024000,256,1024,0,20,4,16,64,"0x0","0x7f92ef12c1c0",4181447076253663,4181447121842970,4181447121848258,4181447121850066,5288
317,"void compute_grad_qk_kernel<__half, FmhaKernelConfig<4000, 16, 1, 16, 128, 256, false, (CausalMaskType)0>, 4, 16>(__half const*, __half const*, __half const*, __half*, __half*, float, int const*, int const*) [clone .kd]",2,0,319,1289353,1289353,1024000,64,32768,0,32,0,64,64,"0x0","0x7f92ef12c200",4181447076258641,4181447121848258,4181447122171338,4181447122177002,323080
318,"void compute_grad_v_kernel<__half, FmhaKernelConfig<4000, 16, 1, 16, 128, 256, false, (CausalMaskType)0>, 16, 16>(__half const*, __half const*, __half*, int const*, int const*) [clone .kd]",2,0,320,1289353,1289353,256000,64,32768,0,28,4,32,64,"0x0","0x7f92ef12c140",4181447076264149,4181447122171338,4181447122220571,4181447122220717,49233
319,"void compute_grad_attn_kernel<__half, FmhaKernelConfig<4000, 16, 1, 16, 128, 256, false, (CausalMaskType)0>, 16>(__half const*, __half const*, __half*, int const*, int const*) [clone .kd]",2,0,321,1289353,1289353,8000,64,0,0,124,4,32,64,"0x0","0x7f92ef12c180",4181447076269357,4181447122220571,4181447122477833,4181447122480163,257262
320,"void softmax_backward_kernel<__half, FmhaKernelConfig<4000, 16, 1, 16, 128, 256, false, (CausalMaskType)0> >(__half const*, __half const*, __half*, float, int const*) [clone .kd]",2,0,322,1289353,1289353,1024000,256,1024,0,20,4,16,64,"0x0","0x7f92ef12c1c0",4181447076274294,4181447122477833,4181447122483361,4181447122484900,5528
321,"void compute_grad_qk_kernel<__half, FmhaKernelConfig<4000, 16, 1, 16, 128, 256, false, (CausalMaskType)0>, 4, 16>(__half const*, __half const*, __half const*, __half*, __half*, float, int const*, int const*) [clone .kd]",2,0,323,1289353,1289353,1024000,64,32768,0,32,0,64,64,"0x0","0x7f92ef12c200",4181447076279492,4181447122483361,4181447122801875,4181447122803644,318514
322,"void compute_grad_v_kernel<__half, FmhaKernelConfig<4000, 16, 1, 16, 128, 256, false, (CausalMaskType)0>, 16, 16>(__half const*, __half const*, __half*, int const*, int const*) [clone .kd]",2,0,324,1289353,1289353,256000,64,32768,0,28,4,32,64,"0x0","0x7f92ef12c140",4181447076283938,4181447122801875,4181447122850507,4181447122855461,48632
323,"void compute_grad_attn_kernel<__half, FmhaKernelConfig<4000, 16, 1, 16, 128, 256, false, (CausalMaskType)0>, 16>(__half const*, __half const*, __half*, int const*, int const*) [clone .kd]",2,0,325,1289353,1289353,8000,64,0,0,124,4,32,64,"0x0","0x7f92ef12c180",4181447076288886,4181447122850507,4181447123107128,4181447123115858,256621
324,"void softmax_backward_kernel<__half, FmhaKernelConfig<4000, 16, 1, 16, 128, 256, false, (CausalMaskType)0> >(__half const*, __half const*, __half*, float, int const*) [clone .kd]",2,0,326,1289353,1289353,1024000,256,1024,0,20,4,16,64,"0x0","0x7f92ef12c1c0",4181447076293022,4181447123107128,4181447123112496,4181447123120645,5368
325,"void compute_grad_qk_kernel<__half, FmhaKernelConfig<4000, 16, 1, 16, 128, 256, false, (CausalMaskType)0>, 4, 16>(__half const*, __half const*, __half const*, __half*, __half*, float, int const*, int const*) [clone .kd]",2,0,327,1289353,1289353,1024000,64,32768,0,32,0,64,64,"0x0","0x7f92ef12c200",4181447076297689,4181447123112496,4181447123431570,4181447123436876,319074
326,"void compute_grad_v_kernel<__half, FmhaKernelConfig<4000, 16, 1, 16, 128, 256, false, (CausalMaskType)0>, 16, 16>(__half const*, __half const*, __half*, int const*, int const*) [clone .kd]",2,0,328,1289353,1289353,256000,64,32768,0,28,4,32,64,"0x0","0x7f92ef12c140",4181447076302306,4181447123431570,4181447123480362,4181447123486379,48792
327,"void compute_grad_attn_kernel<__half, FmhaKernelConfig<4000, 16, 1, 16, 128, 256, false, (CausalMaskType)0>, 16>(__half const*, __half const*, __half*, int const*, int const*) [clone .kd]",2,0,329,1289353,1289353,8000,64,0,0,124,4,32,64,"0x0","0x7f92ef12c180",4181447076307113,4181447123480362,4181447123734941,4181447123735370,254579
328,"void softmax_backward_kernel<__half, FmhaKernelConfig<4000, 16, 1, 16, 128, 256, false, (CausalMaskType)0> >(__half const*, __half const*, __half*, float, int const*) [clone .kd]",2,0,330,1289353,1289353,1024000,256,1024,0,20,4,16,64,"0x0","0x7f92ef12c1c0",4181447076311359,4181447123734941,4181447123740309,4181447123740227,5368
329,"void compute_grad_qk_kernel<__half, FmhaKernelConfig<4000, 16, 1, 16, 128, 256, false, (CausalMaskType)0>, 4, 16>(__half const*, __half const*, __half const*, __half*, __half*, float, int const*, int const*) [clone .kd]",2,0,331,1289353,1289353,1024000,64,32768,0,32,0,64,64,"0x0","0x7f92ef12c200",4181447076316286,4181447123740309,4181447124060785,4181447124060844,320476
330,"void compute_grad_v_kernel<__half, FmhaKernelConfig<4000, 16, 1, 16, 128, 256, false, (CausalMaskType)0>, 16, 16>(__half const*, __half const*, __half*, int const*, int const*) [clone .kd]",2,0,332,1289353,1289353,256000,64,32768,0,28,4,32,64,"0x0","0x7f92ef12c140",4181447076320793,4181447124060785,4181447124109617,4181447124117137,48832
331,"void compute_grad_attn_kernel<__half, FmhaKernelConfig<4000, 16, 1, 16, 128, 256, false, (CausalMaskType)0>, 16>(__half const*, __half const*, __half*, int const*, int const*) [clone .kd]",2,0,333,1289353,1289353,8000,64,0,0,124,4,32,64,"0x0","0x7f92ef12c180",4181447076325610,4181447124109617,4181447124366599,4181447124367500,256982
332,"void softmax_backward_kernel<__half, FmhaKernelConfig<4000, 16, 1, 16, 128, 256, false, (CausalMaskType)0> >(__half const*, __half const*, __half*, float, int const*) [clone .kd]",2,0,334,1289353,1289353,1024000,256,1024,0,20,4,16,64,"0x0","0x7f92ef12c1c0",4181447076330658,4181447124366599,4181447124371967,4181447124386128,5368
333,"void compute_grad_qk_kernel<__half, FmhaKernelConfig<4000, 16, 1, 16, 128, 256, false, (CausalMaskType)0>, 4, 16>(__half const*, __half const*, __half const*, __half*, __half*, float, int const*, int const*) [clone .kd]",2,0,335,1289353,1289353,1024000,64,32768,0,32,0,64,64,"0x0","0x7f92ef12c200",4181447076335275,4181447124371967,4181447124690640,4181447124693545,318673
334,"void compute_grad_v_kernel<__half, FmhaKernelConfig<4000, 16, 1, 16, 128, 256, false, (CausalMaskType)0>, 16, 16>(__half const*, __half const*, __half*, int const*, int const*) [clone .kd]",2,0,336,1289353,1289353,256000,64,32768,0,28,4,32,64,"0x0","0x7f92ef12c140",4181447076340242,4181447124690640,4181447124739473,4181447124739323,48833
335,"void compute_grad_attn_kernel<__half, FmhaKernelConfig<4000, 16, 1, 16, 128, 256, false, (CausalMaskType)0>, 16>(__half const*, __half const*, __half*, int const*, int const*) [clone .kd]",2,0,337,1289353,1289353,8000,64,0,0,124,4,32,64,"0x0","0x7f92ef12c180",4181447076344548,4181447124739473,4181447124996174,4181447125000251,256701
336,"void softmax_backward_kernel<__half, FmhaKernelConfig<4000, 16, 1, 16, 128, 256, false, (CausalMaskType)0> >(__half const*, __half const*, __half*, float, int const*) [clone .kd]",2,0,338,1289353,1289353,1024000,256,1024,0,20,4,16,64,"0x0","0x7f92ef12c1c0",4181447076348835,4181447124996174,4181447125001542,4181447125004357,5368
337,"void compute_grad_qk_kernel<__half, FmhaKernelConfig<4000, 16, 1, 16, 128, 256, false, (CausalMaskType)0>, 4, 16>(__half const*, __half const*, __half const*, __half*, __half*, float, int const*, int const*) [clone .kd]",2,0,339,1289353,1289353,1024000,64,32768,0,32,0,64,64,"0x0","0x7f92ef12c200",4181447076353952,4181447125001542,4181447125321257,4181447125321759,319715
338,"void compute_grad_v_kernel<__half, FmhaKernelConfig<4000, 16, 1, 16, 128, 256, false, (CausalMaskType)0>, 16, 16>(__half const*, __half const*, __half*, int const*, int const*) [clone .kd]",2,0,340,1289353,1289353,256000,64,32768,0,28,4,32,64,"0x0","0x7f92ef12c140",4181447076358239,4181447125321257,4181447125372012,4181447125373256,50755
339,"void compute_grad_attn_kernel<__half, FmhaKernelConfig<4000, 16, 1, 16, 128, 256, false, (CausalMaskType)0>, 16>(__half const*, __half const*, __half*, int const*, int const*) [clone .kd]",2,0,341,1289353,1289353,8000,64,0,0,124,4,32,64,"0x0","0x7f92ef12c180",4181447076363316,4181447125372012,4181447125628754,4181447125629246,256742
340,"void softmax_backward_kernel<__half, FmhaKernelConfig<4000, 16, 1, 16, 128, 256, false, (CausalMaskType)0> >(__half const*, __half const*, __half*, float, int const*) [clone .kd]",2,0,342,1289353,1289353,1024000,256,1024,0,20,4,16,64,"0x0","0x7f92ef12c1c0",4181447076367232,4181447125628754,4181447125634082,4181447125635265,5328
341,"void compute_grad_qk_kernel<__half, FmhaKernelConfig<4000, 16, 1, 16, 128, 256, false, (CausalMaskType)0>, 4, 16>(__half const*, __half const*, __half const*, __half*, __half*, float, int const*, int const*) [clone .kd]",2,0,343,1289353,1289353,1024000,64,32768,0,32,0,64,64,"0x0","0x7f92ef12c200",4181447076371519,4181447125634082,4181447125953797,4181447125953719,319715
342,"void compute_grad_v_kernel<__half, FmhaKernelConfig<4000, 16, 1, 16, 128, 256, false, (CausalMaskType)0>, 16, 16>(__half const*, __half const*, __half*, int const*, int const*) [clone .kd]",2,0,344,1289353,1289353,256000,64,32768,0,28,4,32,64,"0x0","0x7f92ef12c140",4181447076376426,4181447125953797,4181447126004712,4181447126010864,50915
343,"void compute_grad_attn_kernel<__half, FmhaKernelConfig<4000, 16, 1, 16, 128, 256, false, (CausalMaskType)0>, 16>(__half const*, __half const*, __half*, int const*, int const*) [clone .kd]",2,0,345,1289353,1289353,8000,64,0,0,124,4,32,64,"0x0","0x7f92ef12c180",4181447076380812,4181447126004712,4181447126260652,4181447126264031,255940
344,"void softmax_backward_kernel<__half, FmhaKernelConfig<4000, 16, 1, 16, 128, 256, false, (CausalMaskType)0> >(__half const*, __half const*, __half*, float, int const*) [clone .kd]",2,0,346,1289353,1289353,1024000,256,1024,0,20,4,16,64,"0x0","0x7f92ef12c1c0",4181447076385830,4181447126260652,4181447126265980,4181447126268617,5328
345,"void compute_grad_qk_kernel<__half, FmhaKernelConfig<4000, 16, 1, 16, 128, 256, false, (CausalMaskType)0>, 4, 16>(__half const*, __half const*, __half const*, __half*, __half*, float, int const*, int const*) [clone .kd]",2,0,347,1289353,1289353,1024000,64,32768,0,32,0,64,64,"0x0","0x7f92ef12c200",4181447076389636,4181447126265980,4181447126582851,4181447126582955,316871
346,"void compute_grad_v_kernel<__half, FmhaKernelConfig<4000, 16, 1, 16, 128, 256, false, (CausalMaskType)0>, 16, 16>(__half const*, __half const*, __half*, int const*, int const*) [clone .kd]",2,0,348,1289353,1289353,256000,64,32768,0,28,4,32,64,"0x0","0x7f92ef12c140",4181447076394082,4181447126582851,4181447126631643,4181447126636715,48792
347,"void compute_grad_attn_kernel<__half, FmhaKernelConfig<4000, 16, 1, 16, 128, 256, false, (CausalMaskType)0>, 16>(__half const*, __half const*, __half*, int const*, int const*) [clone .kd]",2,0,349,1289353,1289353,8000,64,0,0,124,4,32,64,"0x0","0x7f92ef12c180",4181447076398679,4181447126631788,4181447126887608,4181447126897533,255820
348,"void softmax_backward_kernel<__half, FmhaKernelConfig<4000, 16, 1, 16, 128, 256, false, (CausalMaskType)0> >(__half const*, __half const*, __half*, float, int const*) [clone .kd]",2,0,350,1289353,1289353,1024000,256,1024,0,20,4,16,64,"0x0","0x7f92ef12c1c0",4181447076403146,4181447126887608,4181447126892936,4181447126903261,5328
349,"void compute_grad_qk_kernel<__half, FmhaKernelConfig<4000, 16, 1, 16, 128, 256, false, (CausalMaskType)0>, 4, 16>(__half const*, __half const*, __half const*, __half*, __half*, float, int const*, int const*) [clone .kd]",2,0,351,1289353,1289353,1024000,64,32768,0,32,0,64,64,"0x0","0x7f92ef12c200",4181447076408003,4181447126892936,4181447127212890,4181447127217038,319954
350,"void compute_grad_v_kernel<__half, FmhaKernelConfig<4000, 16, 1, 16, 128, 256, false, (CausalMaskType)0>, 16, 16>(__half const*, __half const*, __half*, int const*, int const*) [clone .kd]",2,0,352,1289353,1289353,256000,64,32768,0,28,4,32,64,"0x0","0x7f92ef12c140",4181447076412229,4181447127212890,4181447127261723,4181447127261524,48833
351,"void compute_grad_attn_kernel<__half, FmhaKernelConfig<4000, 16, 1, 16, 128, 256, false, (CausalMaskType)0>, 16>(__half const*, __half const*, __half*, int const*, int const*) [clone .kd]",2,0,353,1289353,1289353,8000,64,0,0,124,4,32,64,"0x0","0x7f92ef12c180",4181447076416546,4181447127261723,4181447127519746,4181447127525146,258023
352,"void softmax_backward_kernel<__half, FmhaKernelConfig<4000, 16, 1, 16, 128, 256, false, (CausalMaskType)0> >(__half const*, __half const*, __half*, float, int const*) [clone .kd]",2,0,354,1289353,1289353,1024000,256,1024,0,20,4,16,64,"0x0","0x7f92ef12c1c0",4181447076421303,4181447127519746,4181447127525235,4181447127529162,5489
353,"void compute_grad_qk_kernel<__half, FmhaKernelConfig<4000, 16, 1, 16, 128, 256, false, (CausalMaskType)0>, 4, 16>(__half const*, __half const*, __half const*, __half*, __half*, float, int const*, int const*) [clone .kd]",2,0,355,1289353,1289353,1024000,64,32768,0,32,0,64,64,"0x0","0x7f92ef12c200",4181447076425609,4181447127525235,4181447127844869,4181447127845813,319634
354,"void compute_grad_v_kernel<__half, FmhaKernelConfig<4000, 16, 1, 16, 128, 256, false, (CausalMaskType)0>, 16, 16>(__half const*, __half const*, __half*, int const*, int const*) [clone .kd]",2,0,356,1289353,1289353,256000,64,32768,0,28,4,32,64,"0x0","0x7f92ef12c140",4181447076430056,4181447127844869,4181447127894183,4181447127894495,49314
355,"void compute_grad_attn_kernel<__half, FmhaKernelConfig<4000, 16, 1, 16, 128, 256, false, (CausalMaskType)0>, 16>(__half const*, __half const*, __half*, int const*, int const*) [clone .kd]",2,0,357,1289353,1289353,8000,64,0,0,124,4,32,64,"0x0","0x7f92ef12c180",4181447076435213,4181447127894183,4181447128150604,4181447128155183,256421
356,"void softmax_backward_kernel<__half, FmhaKernelConfig<4000, 16, 1, 16, 128, 256, false, (CausalMaskType)0> >(__half const*, __half const*, __half*, float, int const*) [clone .kd]",2,0,358,1289353,1289353,1024000,256,1024,0,20,4,16,64,"0x0","0x7f92ef12c1c0",4181447076439830,4181447128150604,4181447128155972,4181447128159550,5368
357,"void compute_grad_qk_kernel<__half, FmhaKernelConfig<4000, 16, 1, 16, 128, 256, false, (CausalMaskType)0>, 4, 16>(__half const*, __half const*, __half const*, __half*, __half*, float, int const*, int const*) [clone .kd]",2,0,359,1289353,1289353,1024000,64,32768,0,32,0,64,64,"0x0","0x7f92ef12c200",4181447076444517,4181447128155972,4181447128474245,4181447128475840,318273
358,"void compute_grad_v_kernel<__half, FmhaKernelConfig<4000, 16, 1, 16, 128, 256, false, (CausalMaskType)0>, 16, 16>(__half const*, __half const*, __half*, int const*, int const*) [clone .kd]",2,0,360,1289353,1289353,256000,64,32768,0,28,4,32,64,"0x0","0x7f92ef12c140",4181447076449064,4181447128474245,4181447128522436,4181447128527847,48191
359,"void compute_grad_attn_kernel<__half, FmhaKernelConfig<4000, 16, 1, 16, 128, 256, false, (CausalMaskType)0>, 16>(__half const*, __half const*, __half*, int const*, int const*) [clone .kd]",2,0,361,1289353,1289353,8000,64,0,0,124,4,32,64,"0x0","0x7f92ef12c180",4181447076453871,4181447128522436,4181447128776854,4181447128778480,254418
360,"void softmax_backward_kernel<__half, FmhaKernelConfig<4000, 16, 1, 16, 128, 256, false, (CausalMaskType)0> >(__half const*, __half const*, __half*, float, int const*) [clone .kd]",2,0,362,1289353,1289353,1024000,256,1024,0,20,4,16,64,"0x0","0x7f92ef12c1c0",4181447076458208,4181447128776854,4181447128782262,4181447128783207,5408
361,"void compute_grad_qk_kernel<__half, FmhaKernelConfig<4000, 16, 1, 16, 128, 256, false, (CausalMaskType)0>, 4, 16>(__half const*, __half const*, __half const*, __half*, __half*, float, int const*, int const*) [clone .kd]",2,0,363,1289353,1289353,1024000,64,32768,0,32,0,64,64,"0x0","0x7f92ef12c200",4181447076462834,4181447128782262,4181447129099333,4181447129102452,317071
362,"void compute_grad_v_kernel<__half, FmhaKernelConfig<4000, 16, 1, 16, 128, 256, false, (CausalMaskType)0>, 16, 16>(__half const*, __half const*, __half*, int const*, int const*) [clone .kd]",2,0,364,1289353,1289353,256000,64,32768,0,28,4,32,64,"0x0","0x7f92ef12c140",4181447076467992,4181447129099333,4181447129151010,4181447129151425,51677
363,"void compute_grad_attn_kernel<__half, FmhaKernelConfig<4000, 16, 1, 16, 128, 256, false, (CausalMaskType)0>, 16>(__half const*, __half const*, __half*, int const*, int const*) [clone .kd]",2,0,365,1289353,1289353,8000,64,0,0,124,4,32,64,"0x0","0x7f92ef12c180",4181447076472649,4181447129151010,4181447129405629,4181447129405553,254619
364,"void softmax_backward_kernel<__half, FmhaKernelConfig<4000, 16, 1, 16, 128, 256, false, (CausalMaskType)0> >(__half const*, __half const*, __half*, float, int const*) [clone .kd]",2,0,366,1289353,1289353,1024000,256,1024,0,20,4,16,64,"0x0","0x7f92ef12c1c0",4181447076477466,4181447129405629,4181447129410916,4181447129410851,5287
365,"void compute_grad_qk_kernel<__half, FmhaKernelConfig<4000, 16, 1, 16, 128, 256, false, (CausalMaskType)0>, 4, 16>(__half const*, __half const*, __half const*, __half*, __half*, float, int const*, int const*) [clone .kd]",2,0,367,1289353,1289353,1024000,64,32768,0,32,0,64,64,"0x0","0x7f92ef12c200",4181447076505969,4181447129410916,4181447129725704,4181447129726620,314788
366,"void compute_grad_v_kernel<__half, FmhaKernelConfig<4000, 16, 1, 16, 128, 256, false, (CausalMaskType)0>, 16, 16>(__half const*, __half const*, __half*, int const*, int const*) [clone .kd]",2,0,368,1289353,1289353,256000,64,32768,0,28,4,32,64,"0x0","0x7f92ef12c140",4181447076511937,4181447129725704,4181447129775618,4181447129777836,49914
367,"void compute_grad_attn_kernel<__half, FmhaKernelConfig<4000, 16, 1, 16, 128, 256, false, (CausalMaskType)0>, 16>(__half const*, __half const*, __half*, int const*, int const*) [clone .kd]",2,0,369,1289353,1289353,8000,64,0,0,124,4,32,64,"0x0","0x7f92ef12c180",4181447076517155,4181447129775618,4181447130030277,4181447130072825,254659
368,"void softmax_backward_kernel<__half, FmhaKernelConfig<4000, 16, 1, 16, 128, 256, false, (CausalMaskType)0> >(__half const*, __half const*, __half*, float, int const*) [clone .kd]",2,0,370,1289353,1289353,1024000,256,1024,0,20,4,16,64,"0x0","0x7f92ef12c1c0",4181447076521922,4181447130030277,4181447130035605,4181447130094567,5328
369,"void compute_grad_qk_kernel<__half, FmhaKernelConfig<4000, 16, 1, 16, 128, 256, false, (CausalMaskType)0>, 4, 16>(__half const*, __half const*, __half const*, __half*, __half*, float, int const*, int const*) [clone .kd]",2,0,371,1289353,1289353,1024000,64,32768,0,32,0,64,64,"0x0","0x7f92ef12c200",4181447076526940,4181447130035605,4181447130356481,4181447130386872,320876
370,"void compute_grad_v_kernel<__half, FmhaKernelConfig<4000, 16, 1, 16, 128, 256, false, (CausalMaskType)0>, 16, 16>(__half const*, __half const*, __half*, int const*, int const*) [clone .kd]",2,0,372,1289353,1289353,256000,64,32768,0,28,4,32,64,"0x0","0x7f92ef12c140",4181447076530876,4181447130356481,4181447130407277,4181447130409586,50796
371,"void compute_grad_attn_kernel<__half, FmhaKernelConfig<4000, 16, 1, 16, 128, 256, false, (CausalMaskType)0>, 16>(__half const*, __half const*, __half*, int const*, int const*) [clone .kd]",2,0,373,1289353,1289353,8000,64,0,0,124,4,32,64,"0x0","0x7f92ef12c180",4181447076535322,4181447130407277,4181447130666182,4181447130683994,258905
372,"void softmax_backward_kernel<__half, FmhaKernelConfig<4000, 16, 1, 16, 128, 256, false, (CausalMaskType)0> >(__half const*, __half const*, __half*, float, int const*) [clone .kd]",2,0,374,1289353,1289353,1024000,256,1024,0,20,4,16,64,"0x0","0x7f92ef12c1c0",4181447076540099,4181447130666182,4181447130671550,4181447130689252,5368
373,"void compute_grad_qk_kernel<__half, FmhaKernelConfig<4000, 16, 1, 16, 128, 256, false, (CausalMaskType)0>, 4, 16>(__half const*, __half const*, __half const*, __half*, __half*, float, int const*, int const*) [clone .kd]",2,0,375,1289353,1289353,1024000,64,32768,0,32,0,64,64,"0x0","0x7f92ef12c200",4181447076545978,4181447130671550,4181447130995351,4181447131011621,323801
374,"void compute_grad_v_kernel<__half, FmhaKernelConfig<4000, 16, 1, 16, 128, 256, false, (CausalMaskType)0>, 16, 16>(__half const*, __half const*, __half*, int const*, int const*) [clone .kd]",2,0,376,1289353,1289353,256000,64,32768,0,28,4,32,64,"0x0","0x7f92ef12c140",4181447076551186,4181447130995351,4181447131044584,4181447131059783,49233
375,"void compute_grad_attn_kernel<__half, FmhaKernelConfig<4000, 16, 1, 16, 128, 256, false, (CausalMaskType)0>, 16>(__half const*, __half const*, __half*, int const*, int const*) [clone .kd]",2,0,377,1289353,1289353,8000,64,0,0,124,4,32,64,"0x0","0x7f92ef12c180",4181447076556103,4181447131044584,4181447131300444,4181447131321081,255860
376,"void softmax_backward_kernel<__half, FmhaKernelConfig<4000, 16, 1, 16, 128, 256, false, (CausalMaskType)0> >(__half const*, __half const*, __half*, float, int const*) [clone .kd]",2,0,378,1289353,1289353,1024000,256,1024,0,20,4,16,64,"0x0","0x7f92ef12c1c0",4181447076560540,4181447131300444,4181447131305812,4181447131316715,5368
377,"void compute_grad_qk_kernel<__half, FmhaKernelConfig<4000, 16, 1, 16, 128, 256, false, (CausalMaskType)0>, 4, 16>(__half const*, __half const*, __half const*, __half*, __half*, float, int const*, int const*) [clone .kd]",2,0,379,1289353,1289353,1024000,64,32768,0,32,0,64,64,"0x0","0x7f92ef12c200",4181447076565347,4181447131305812,4181447131624646,4181447131640476,318834
378,"void compute_grad_v_kernel<__half, FmhaKernelConfig<4000, 16, 1, 16, 128, 256, false, (CausalMaskType)0>, 16, 16>(__half const*, __half const*, __half*, int const*, int const*) [clone .kd]",2,0,380,1289353,1289353,256000,64,32768,0,28,4,32,64,"0x0","0x7f92ef12c140",4181447076569633,4181447131624646,4181447131673799,4181447131688688,49153
379,"void compute_grad_attn_kernel<__half, FmhaKernelConfig<4000, 16, 1, 16, 128, 256, false, (CausalMaskType)0>, 16>(__half const*, __half const*, __half*, int const*, int const*) [clone .kd]",2,0,381,1289353,1289353,8000,64,0,0,124,4,32,64,"0x0","0x7f92ef12c180",4181447076573980,4181447131673799,4181447131928858,4181447131944438,255059
380,"void softmax_backward_kernel<__half, FmhaKernelConfig<4000, 16, 1, 16, 128, 256, false, (CausalMaskType)0> >(__half const*, __half const*, __half*, float, int const*) [clone .kd]",2,0,382,1289353,1289353,1024000,256,1024,0,20,4,16,64,"0x0","0x7f92ef12c1c0",4181447076578947,4181447131928858,4181447131934226,4181447131948945,5368
381,"void compute_grad_qk_kernel<__half, FmhaKernelConfig<4000, 16, 1, 16, 128, 256, false, (CausalMaskType)0>, 4, 16>(__half const*, __half const*, __half const*, __half*, __half*, float, int const*, int const*) [clone .kd]",2,0,383,1289353,1289353,1024000,64,32768,0,32,0,64,64,"0x0","0x7f92ef12c200",4181447076584215,4181447131934226,4181447132255864,4181447132275671,321638
382,"void compute_grad_v_kernel<__half, FmhaKernelConfig<4000, 16, 1, 16, 128, 256, false, (CausalMaskType)0>, 16, 16>(__half const*, __half const*, __half*, int const*, int const*) [clone .kd]",2,0,384,1289353,1289353,256000,64,32768,0,28,4,32,64,"0x0","0x7f92ef12c140",4181447076588852,4181447132255864,4181447132313790,4181447132328479,57926
383,"void compute_grad_attn_kernel<__half, FmhaKernelConfig<4000, 16, 1, 16, 128, 256, false, (CausalMaskType)0>, 16>(__half const*, __half const*, __half*, int const*, int const*) [clone .kd]",2,0,385,1289353,1289353,8000,64,0,0,124,4,32,64,"0x0","0x7f92ef12c180",4181447076593569,4181447132313790,4181447132572334,4181447132587675,258544
384,"void softmax_backward_kernel<__half, FmhaKernelConfig<4000, 16, 1, 16, 128, 256, false, (CausalMaskType)0> >(__half const*, __half const*, __half*, float, int const*) [clone .kd]",2,0,386,1289353,1289353,1024000,256,1024,0,20,4,16,64,"0x0","0x7f92ef12c1c0",4181447076598276,4181447132572334,4181447132577702,4181447132591961,5368
385,"void compute_grad_qk_kernel<__half, FmhaKernelConfig<4000, 16, 1, 16, 128, 256, false, (CausalMaskType)0>, 4, 16>(__half const*, __half const*, __half const*, __half*, __half*, float, int const*, int const*) [clone .kd]",2,0,387,1289353,1289353,1024000,64,32768,0,32,0,64,64,"0x0","0x7f92ef12c200",4181447076603544,4181447132577702,4181447132898819,4181447132916264,321117
386,"void compute_grad_v_kernel<__half, FmhaKernelConfig<4000, 16, 1, 16, 128, 256, false, (CausalMaskType)0>, 16, 16>(__half const*, __half const*, __half*, int const*, int const*) [clone .kd]",2,0,388,1289353,1289353,256000,64,32768,0,28,4,32,64,"0x0","0x7f92ef12c140",4181447076607850,4181447132898819,4181447132947612,4181447132962743,48793
387,"void compute_grad_attn_kernel<__half, FmhaKernelConfig<4000, 16, 1, 16, 128, 256, false, (CausalMaskType)0>, 16>(__half const*, __half const*, __half*, int const*, int const*) [clone .kd]",2,0,389,1289353,1289353,8000,64,0,0,124,4,32,64,"0x0","0x7f92ef12c180",4181447076612477,4181447132947612,4181447133204794,4181447133222429,257182
388,"void softmax_backward_kernel<__half, FmhaKernelConfig<4000, 16, 1, 16, 128, 256, false, (CausalMaskType)0> >(__half const*, __half const*, __half*, float, int const*) [clone .kd]",2,0,390,1289353,1289353,1024000,256,1024,0,20,4,16,64,"0x0","0x7f92ef12c1c0",4181447076617534,4181447133204794,4181447133210202,4181447133226525,5408
389,"void compute_grad_qk_kernel<__half, FmhaKernelConfig<4000, 16, 1, 16, 128, 256, false, (CausalMaskType)0>, 4, 16>(__half const*, __half const*, __half const*, __half*, __half*, float, int const*, int const*) [clone .kd]",2,0,391,1289353,1289353,1024000,64,32768,0,32,0,64,64,"0x0","0x7f92ef12c200",4181447076622111,4181447133210202,4181447133526792,4181447133544047,316590
390,"void compute_grad_v_kernel<__half, FmhaKernelConfig<4000, 16, 1, 16, 128, 256, false, (CausalMaskType)0>, 16, 16>(__half const*, __half const*, __half*, int const*, int const*) [clone .kd]",2,0,392,1289353,1289353,256000,64,32768,0,28,4,32,64,"0x0","0x7f92ef12c140",4181447076627579,4181447133526792,4181447133583957,4181447133598759,57165
391,"void compute_grad_attn_kernel<__half, FmhaKernelConfig<4000, 16, 1, 16, 128, 256, false, (CausalMaskType)0>, 16>(__half const*, __half const*, __half*, int const*, int const*) [clone .kd]",2,0,393,1289353,1289353,8000,64,0,0,124,4,32,64,"0x0","0x7f92ef12c180",4181447076632687,4181447133583957,4181447133841340,4181447133857093,257383
392,"void softmax_backward_kernel<__half, FmhaKernelConfig<4000, 16, 1, 16, 128, 256, false, (CausalMaskType)0> >(__half const*, __half const*, __half*, float, int const*) [clone .kd]",2,0,394,1289353,1289353,1024000,256,1024,0,20,4,16,64,"0x0","0x7f92ef12c1c0",4181447076637354,4181447133841340,4181447133846707,4181447133861479,5367
393,"void compute_grad_qk_kernel<__half, FmhaKernelConfig<4000, 16, 1, 16, 128, 256, false, (CausalMaskType)0>, 4, 16>(__half const*, __half const*, __half const*, __half*, __half*, float, int const*, int const*) [clone .kd]",2,0,395,1289353,1289353,1024000,64,32768,0,32,0,64,64,"0x0","0x7f92ef12c200",4181447076642361,4181447133846707,4181447134167063,4181447134181515,320356
394,"void compute_grad_v_kernel<__half, FmhaKernelConfig<4000, 16, 1, 16, 128, 256, false, (CausalMaskType)0>, 16, 16>(__half const*, __half const*, __half*, int const*, int const*) [clone .kd]",2,0,396,1289353,1289353,256000,64,32768,0,28,4,32,64,"0x0","0x7f92ef12c140",4181447076646618,4181447134167063,4181447134216577,4181447134230078,49514
395,"void compute_grad_attn_kernel<__half, FmhaKernelConfig<4000, 16, 1, 16, 128, 256, false, (CausalMaskType)0>, 16>(__half const*, __half const*, __half*, int const*, int const*) [clone .kd]",2,0,397,1289353,1289353,8000,64,0,0,124,4,32,64,"0x0","0x7f92ef12c180",4181447076651235,4181447134216577,4181447134474360,4181447134488823,257783
396,"void softmax_backward_kernel<__half, FmhaKernelConfig<4000, 16, 1, 16, 128, 256, false, (CausalMaskType)0> >(__half const*, __half const*, __half*, float, int const*) [clone .kd]",2,0,398,1289353,1289353,1024000,256,1024,0,20,4,16,64,"0x0","0x7f92ef12c1c0",4181447076656402,4181447134474360,4181447134479688,4181447134494150,5328
397,"void compute_grad_qk_kernel<__half, FmhaKernelConfig<4000, 16, 1, 16, 128, 256, false, (CausalMaskType)0>, 4, 16>(__half const*, __half const*, __half const*, __half*, __half*, float, int const*, int const*) [clone .kd]",2,0,399,1289353,1289353,1024000,64,32768,0,32,0,64,64,"0x0","0x7f92ef12c200",4181447076661280,4181447134479688,4181447134798602,4181447134812404,318914
398,"void compute_grad_v_kernel<__half, FmhaKernelConfig<4000, 16, 1, 16, 128, 256, false, (CausalMaskType)0>, 16, 16>(__half const*, __half const*, __half*, int const*, int const*) [clone .kd]",2,0,400,1289353,1289353,256000,64,32768,0,28,4,32,64,"0x0","0x7f92ef12c140",4181447076666507,4181447134798602,4181447134857690,4181447134871582,59088
399,"void compute_grad_attn_kernel<__half, FmhaKernelConfig<4000, 16, 1, 16, 128, 256, false, (CausalMaskType)0>, 16>(__half const*, __half const*, __half*, int const*, int const*) [clone .kd]",2,0,401,1289353,1289353,8000,64,0,0,124,4,32,64,"0x0","0x7f92ef12c180",4181447076671324,4181447134857690,4181447135113670,4181447135128614,255980
400,"void softmax_backward_kernel<__half, FmhaKernelConfig<4000, 16, 1, 16, 128, 256, false, (CausalMaskType)0> >(__half const*, __half const*, __half*, float, int const*) [clone .kd]",2,0,402,1289353,1289353,1024000,256,1024,0,20,4,16,64,"0x0","0x7f92ef12c1c0",4181447076676011,4181447135113670,4181447135119038,4181447135132840,5368
401,"void compute_grad_qk_kernel<__half, FmhaKernelConfig<4000, 16, 1, 16, 128, 256, false, (CausalMaskType)0>, 4, 16>(__half const*, __half const*, __half const*, __half*, __half*, float, int const*, int const*) [clone .kd]",2,0,403,1289353,1289353,1024000,64,32768,0,32,0,64,64,"0x0","0x7f92ef12c200",4181447076681129,4181447135119038,4181447135442719,4181447135454829,323681
402,"void compute_grad_v_kernel<__half, FmhaKernelConfig<4000, 16, 1, 16, 128, 256, false, (CausalMaskType)0>, 16, 16>(__half const*, __half const*, __half*, int const*, int const*) [clone .kd]",2,0,404,1289353,1289353,256000,64,32768,0,28,4,32,64,"0x0","0x7f92ef12c140",4181447076685415,4181447135442719,4181447135492273,4181447135504243,49554
403,"void compute_grad_attn_kernel<__half, FmhaKernelConfig<4000, 16, 1, 16, 128, 256, false, (CausalMaskType)0>, 16>(__half const*, __half const*, __half*, int const*, int const*) [clone .kd]",2,0,405,1289353,1289353,8000,64,0,0,124,4,32,64,"0x0","0x7f92ef12c180",4181447076689982,4181447135492273,4181447135748013,4181447135765521,255740
404,"void softmax_backward_kernel<__half, FmhaKernelConfig<4000, 16, 1, 16, 128, 256, false, (CausalMaskType)0> >(__half const*, __half const*, __half*, float, int const*) [clone .kd]",2,0,406,1289353,1289353,1024000,256,1024,0,20,4,16,64,"0x0","0x7f92ef12c1c0",4181447076695200,4181447135748013,4181447135753541,4181447135760534,5528
405,"void compute_grad_qk_kernel<__half, FmhaKernelConfig<4000, 16, 1, 16, 128, 256, false, (CausalMaskType)0>, 4, 16>(__half const*, __half const*, __half const*, __half*, __half*, float, int const*, int const*) [clone .kd]",2,0,407,1289353,1289353,1024000,64,32768,0,32,0,64,64,"0x0","0x7f92ef12c200",4181447076699376,4181447135753541,4181447136071533,4181447136085157,317992
406,"void compute_grad_v_kernel<__half, FmhaKernelConfig<4000, 16, 1, 16, 128, 256, false, (CausalMaskType)0>, 16, 16>(__half const*, __half const*, __half*, int const*, int const*) [clone .kd]",2,0,408,1289353,1289353,256000,64,32768,0,28,4,32,64,"0x0","0x7f92ef12c140",4181447076704213,4181447136071533,4181447136128418,4181447136141821,56885
407,"void compute_grad_attn_kernel<__half, FmhaKernelConfig<4000, 16, 1, 16, 128, 256, false, (CausalMaskType)0>, 16>(__half const*, __half const*, __half*, int const*, int const*) [clone .kd]",2,0,409,1289353,1289353,8000,64,0,0,124,4,32,64,"0x0","0x7f92ef12c180",4181447076709071,4181447136128418,4181447136382515,4181447136405593,254097
408,"void softmax_backward_kernel<__half, FmhaKernelConfig<4000, 16, 1, 16, 128, 256, false, (CausalMaskType)0> >(__half const*, __half const*, __half*, float, int const*) [clone .kd]",2,0,410,1289353,1289353,1024000,256,1024,0,20,4,16,64,"0x0","0x7f92ef12c1c0",4181447076714499,4181447136382515,4181447136387843,4181447136400756,5328
409,"void compute_grad_qk_kernel<__half, FmhaKernelConfig<4000, 16, 1, 16, 128, 256, false, (CausalMaskType)0>, 4, 16>(__half const*, __half const*, __half const*, __half*, __half*, float, int const*, int const*) [clone .kd]",2,0,411,1289353,1289353,1024000,64,32768,0,32,0,64,64,"0x0","0x7f92ef12c200",4181447076719386,4181447136387843,4181447136711444,4181447136729816,323601
410,"void compute_grad_v_kernel<__half, FmhaKernelConfig<4000, 16, 1, 16, 128, 256, false, (CausalMaskType)0>, 16, 16>(__half const*, __half const*, __half*, int const*, int const*) [clone .kd]",2,0,412,1289353,1289353,256000,64,32768,0,28,4,32,64,"0x0","0x7f92ef12c140",4181447076724023,4181447136711444,4181447136759796,4181447136774071,48352
411,"void compute_grad_attn_kernel<__half, FmhaKernelConfig<4000, 16, 1, 16, 128, 256, false, (CausalMaskType)0>, 16>(__half const*, __half const*, __half*, int const*, int const*) [clone .kd]",2,0,413,1289353,1289353,8000,64,0,0,124,4,32,64,"0x0","0x7f92ef12c180",4181447076728600,4181447136759796,4181447137016978,4181447137031544,257182
412,"void softmax_backward_kernel<__half, FmhaKernelConfig<4000, 16, 1, 16, 128, 256, false, (CausalMaskType)0> >(__half const*, __half const*, __half*, float, int const*) [clone .kd]",2,0,414,1289353,1289353,1024000,256,1024,0,20,4,16,64,"0x0","0x7f92ef12c1c0",4181447076733757,4181447137016978,4181447137022346,4181447137036171,5368
413,"void compute_grad_qk_kernel<__half, FmhaKernelConfig<4000, 16, 1, 16, 128, 256, false, (CausalMaskType)0>, 4, 16>(__half const*, __half const*, __half const*, __half*, __half*, float, int const*, int const*) [clone .kd]",2,0,415,1289353,1289353,1024000,64,32768,0,32,0,64,64,"0x0","0x7f92ef12c200",4181447076738284,4181447137022346,4181447137341861,4181447137357970,319515
